time_ps,T_K,PE_eV_atom,P_GPa
5.000000000000000278e-02,3.253719170300000201e+02,-4.892192993802082945e+00,-1.658793243666666362e-01
1.000000000000000056e-01,3.606703400200000260e+02,-4.897333685937500292e+00,-1.472479008123333266e-01
1.500000000000000222e-01,3.066187611700000275e+02,-4.892195402968749995e+00,-1.377322637063333188e-01
2.000000000000000111e-01,3.338976355699999772e+02,-4.897700795156249676e+00,-1.712658721020000330e-01
2.500000000000000000e-01,3.047382714199999896e+02,-4.896487717291666542e+00,-1.161588483209999856e-01
3.000000000000000444e-01,3.067403561900000000e+02,-4.898127931249999456e+00,1.043904596653331442e-02
3.500000000000000333e-01,3.223599578600000086e+02,-4.899836968958333649e+00,-1.839462583283333341e-01
4.000000000000000222e-01,3.129886358599999880e+02,-4.897135633906249730e+00,-1.891598948449999817e-01
4.500000000000000111e-01,3.291190627700000277e+02,-4.896566190885416781e+00,-1.145738925313333351e-01
5.000000000000000000e-01,3.219252024900000038e+02,-4.892696378124999690e+00,-2.290041431999999821e-01
5.500000000000000444e-01,3.248296430199999918e+02,-4.891067115520833397e+00,3.138977673900000265e-01
6.000000000000000888e-01,3.275813652699999921e+02,-4.890582148854166533e+00,-5.281764845299999900e-01
6.500000000000000222e-01,3.693842896900000028e+02,-4.895029521718750054e+00,-3.413530615566666704e-01
7.000000000000000666e-01,3.685755488600000263e+02,-4.894396788020833888e+00,1.898510506396666742e-01
7.500000000000000000e-01,3.487999609199999895e+02,-4.891926432968749516e+00,-2.766521867933333101e-01
8.000000000000000444e-01,3.749608269899999868e+02,-4.896737185989583629e+00,-4.470639777999999703e-02
8.500000000000000888e-01,3.386432653599999867e+02,-4.895460078385416303e+00,-5.600962072099999745e-01
9.000000000000000222e-01,3.301652067699999975e+02,-4.896469115624999979e+00,1.467722672566666720e-01
9.500000000000000666e-01,3.140672253600000090e+02,-4.895011748177083177e+00,-1.430203346773333273e-01
1.000000000000000000e+00,3.212736898200000155e+02,-4.895086465260416908e+00,-4.674677314999999833e-01
1.050000000000000044e+00,3.464768015700000205e+02,-4.896212554375000359e+00,-8.380605226399999441e-02
1.100000000000000089e+00,3.492200043199999868e+02,-4.894216628437500383e+00,-4.113882782166666807e-01
1.150000000000000133e+00,3.398496978000000013e+02,-4.891065907395833356e+00,3.206378764999999464e-02
1.200000000000000178e+00,3.756357849999999985e+02,-4.894470066093750127e+00,-4.912455920566665690e-01
1.250000000000000000e+00,3.187640600500000119e+02,-4.888147256302083576e+00,-1.619708698163333238e-01
1.300000000000000044e+00,3.571105033399999797e+02,-4.893803778958333517e+00,-1.931623648773333202e-01
1.350000000000000089e+00,3.341130371099999934e+02,-4.891547229479166425e+00,-2.376614266350000060e-01
1.400000000000000133e+00,3.292015056199999776e+02,-4.891138855781250072e+00,4.779186899599999899e-02
1.450000000000000178e+00,3.348941818999999782e+02,-4.891963422864583855e+00,-3.683386692566666398e-01
1.500000000000000000e+00,3.450390474899999731e+02,-4.893725268749999913e+00,-2.719120184966666298e-01
1.550000000000000044e+00,3.322170998000000282e+02,-4.893933117031250113e+00,-9.695824903966666908e-02
1.600000000000000089e+00,3.096517690399999765e+02,-4.894148408697916786e+00,1.083867676766666621e-01
1.650000000000000133e+00,3.343912823900000149e+02,-4.899060715885416251e+00,-4.679632861333333227e-01
1.700000000000000178e+00,3.161646124200000258e+02,-4.897647792708332837e+00,1.684915700866667088e-01
1.750000000000000000e+00,3.075376920300000165e+02,-4.896388709062500233e+00,-7.820713435966665239e-01
1.800000000000000044e+00,3.182499415799999838e+02,-4.895755058229166679e+00,2.770456851633333328e-01
1.850000000000000089e+00,3.319350775500000168e+02,-4.893443382135417075e+00,-5.510884258700000649e-01
1.900000000000000133e+00,3.623236120299999925e+02,-4.894396749739583719e+00,1.736462666366666296e-01
1.950000000000000178e+00,3.340519604300000083e+02,-4.890179535729166638e+00,-4.916070986933333553e-01
2.000000000000000000e+00,3.569484430300000213e+02,-4.892523083072917167e+00,-1.625428184383333197e-01
2.050000000000000266e+00,3.405654259500000194e+02,-4.890451779479167094e+00,-4.984972729033332883e-01
2.100000000000000089e+00,3.755554668699999752e+02,-4.895317495260417040e+00,-9.342251395666666125e-02
2.149999999999999911e+00,3.445854782700000101e+02,-4.893420337187500024e+00,-1.666921370379999823e-01
2.200000000000000178e+00,3.263278699499999789e+02,-4.893968370000000512e+00,-3.354346013130000137e-01
2.250000000000000000e+00,3.480113019600000257e+02,-4.898993384739583234e+00,-2.479358919033333442e-01
2.300000000000000266e+00,3.110162191300000245e+02,-4.895140775520833820e+00,-2.477247636933333219e-01
2.350000000000000089e+00,3.263543830699999830e+02,-4.896236968177083426e+00,-1.652967166223333340e-01
2.400000000000000355e+00,3.476938234099999931e+02,-4.897831401406249618e+00,-3.620639138966666448e-01
2.450000000000000178e+00,3.320973665299999880e+02,-4.895123424947916746e+00,2.352933523800000426e-01
2.500000000000000000e+00,3.413185775800000101e+02,-4.895590234635416316e+00,-4.195685437900000259e-01
2.550000000000000266e+00,3.318044438499999842e+02,-4.893561423749999584e+00,-2.803027598913333529e-01
2.600000000000000089e+00,3.230857067399999778e+02,-4.891258725104166594e+00,-2.307681107046666569e-01
2.650000000000000355e+00,3.345055084699999952e+02,-4.890204392187500027e+00,-2.330857313546666754e-01
2.700000000000000178e+00,3.545106464400000164e+02,-4.887996090052083353e+00,-1.423068619700000037e-01
2.750000000000000000e+00,3.953331584300000259e+02,-4.890284858124999801e+00,3.114105675830000086e-01
2.800000000000000266e+00,3.821462841800000092e+02,-4.889384318281249975e+00,-2.459390518349999777e-01
2.850000000000000089e+00,3.542247800999999754e+02,-4.887870264635416184e+00,2.859909187733332761e-02
2.900000000000000355e+00,3.630970878699999957e+02,-4.892037137395833568e+00,-1.567071084799999958e-01
2.950000000000000178e+00,3.115534375299999965e+02,-4.887998744843749854e+00,-1.731890265203333279e-01
3.000000000000000000e+00,3.559085209200000008e+02,-4.894709606406249414e+00,-1.818179048633333447e-02
3.050000000000000266e+00,3.247808012799999915e+02,-4.891860103958333816e+00,-2.085932893373333152e-01
3.100000000000000089e+00,3.339579340799999727e+02,-4.893384892499999417e+00,-2.629508694666665702e-02
3.150000000000000355e+00,3.293602335499999754e+02,-4.892060085208333575e+00,-5.279873173566667494e-02
3.200000000000000178e+00,3.609902938199999767e+02,-4.894013284583333068e+00,-5.154967320433333500e-01
3.250000000000000000e+00,3.583986016999999720e+02,-4.891594730729166507e+00,-1.015887970816666819e-01
3.300000000000000266e+00,3.589853909600000179e+02,-4.890315776875000076e+00,-6.181866155899999882e-01
3.350000000000000089e+00,3.627084627400000159e+02,-4.889370138020833423e+00,-6.657396723666667016e-02
3.400000000000000355e+00,3.930210149999999771e+02,-4.891206618750000068e+00,-4.525359677793333035e-01
3.450000000000000178e+00,3.726136104000000273e+02,-4.887912408645832762e+00,-2.168627211633332996e-01
3.500000000000000000e+00,3.527999651299999755e+02,-4.887668520729167021e+00,-1.233069387866666533e-01
3.550000000000000266e+00,3.539621920000000159e+02,-4.891704326510416756e+00,-3.319568372366666353e-01
3.600000000000000089e+00,3.516489416900000151e+02,-4.893765041562500251e+00,-8.491220464700000026e-02
3.650000000000000355e+00,3.197074787299999912e+02,-4.890735500364583821e+00,-1.419698826413333115e-01
3.700000000000000178e+00,3.233723428900000272e+02,-4.891574850208333380e+00,-3.124301002966666796e-01
3.750000000000000000e+00,3.124460067100000060e+02,-4.890383307135416580e+00,-1.747045776629999880e-01
3.800000000000000266e+00,3.569287753400000156e+02,-4.895326615624999711e+00,-7.172741418000000424e-02
3.850000000000000089e+00,3.545417972800000257e+02,-4.894632265208333166e+00,-2.816428662566666241e-01
3.900000000000000355e+00,3.110984139700000242e+02,-4.890175563385416702e+00,1.259992648506665786e-02
3.950000000000000178e+00,3.438642591099999777e+02,-4.896286412031249924e+00,-3.680029008233332566e-01
4.000000000000000000e+00,3.153928584999999885e+02,-4.894866795572916374e+00,-2.241470451923333329e-01
4.049999999999999822e+00,3.080229082500000004e+02,-4.895203525781250065e+00,6.852981633999999378e-02
4.100000000000000533e+00,3.152106665200000180e+02,-4.895500601874999802e+00,-1.891020192913333009e-01
4.150000000000000355e+00,3.484348124100000064e+02,-4.896812046041666200e+00,-2.294818701299999875e-01
4.200000000000000178e+00,3.308456033599999841e+02,-4.891791352447916630e+00,-2.169701916266666697e-01
4.250000000000000000e+00,3.162164225500000043e+02,-4.888163598906250407e+00,-2.574680035899999941e-01
4.299999999999999822e+00,3.402636501900000212e+02,-4.890422605000000367e+00,-1.011200433429999962e-01
4.350000000000000533e+00,3.320078697999999804e+02,-4.889437443697916663e+00,-1.418869982390000006e-01
4.400000000000000355e+00,3.522166948899999852e+02,-4.892402468072917010e+00,-2.381705231336666839e-01
4.450000000000000178e+00,3.466860670500000197e+02,-4.893344987395833456e+00,-2.150353407416666640e-01
4.500000000000000000e+00,3.408359436999999730e+02,-4.894973161822917085e+00,-4.643221194933333518e-01
4.549999999999999822e+00,3.063142465099999754e+02,-4.892445738177083392e+00,-4.793092090066667504e-02
4.600000000000000533e+00,3.024401281099999892e+02,-4.892220608020832806e+00,-2.743748161966666488e-01
4.650000000000000355e+00,3.110784034600000041e+02,-4.891709444218750313e+00,-3.100184650263333452e-01
4.700000000000000178e+00,3.405792376599999898e+02,-4.892402373385416503e+00,-4.424063696299999626e-01
4.750000000000000000e+00,3.433300965999999903e+02,-4.890849290156249474e+00,1.128510636096666658e-01
4.800000000000000711e+00,3.328202605500000004e+02,-4.888439184427083362e+00,-6.498154866066666591e-01
4.850000000000000533e+00,3.616531438399999843e+02,-4.891844377395833554e+00,-2.032077294556666747e-01
4.900000000000000355e+00,3.453886143400000037e+02,-4.890797996093749767e+00,-3.020880311800000495e-01
4.950000000000000178e+00,3.468298536300000023e+02,-4.892463351979166930e+00,1.486612550333333248e-02
5.000000000000000000e+00,3.113615917500000023e+02,-4.889596279583333427e+00,-4.427695707400000624e-01
5.050000000000000711e+00,3.565124407999999789e+02,-4.897031769375000287e+00,2.374599564976666854e-01
5.100000000000000533e+00,3.059171045200000094e+02,-4.893330556145833121e+00,-2.148329778309999993e-01
5.150000000000000355e+00,3.056240312699999890e+02,-4.895100100260417086e+00,-2.349053776536666749e-01
5.200000000000000178e+00,3.148833861300000194e+02,-4.896734390989583297e+00,-2.183256117343333191e-01
5.250000000000000000e+00,3.334201168100000245e+02,-4.897908904166667021e+00,1.487576680126666551e-01
5.300000000000000711e+00,3.333022902199999749e+02,-4.894585184947916723e+00,-2.829098198133333519e-01
5.350000000000000533e+00,3.395459089899999867e+02,-4.891703863437499855e+00,-3.919408849366667336e-01
5.400000000000000355e+00,3.550551283500000181e+02,-4.891991142187499975e+00,-2.067969907433333046e-02
5.450000000000000178e+00,3.444873951899999724e+02,-4.890272037239583369e+00,-3.840256834766666572e-01
5.500000000000000000e+00,3.381276146499999982e+02,-4.889294229791667057e+00,-1.818205395736666452e-01
5.550000000000000711e+00,3.518183796399999892e+02,-4.890815941041666726e+00,-4.558282484933333656e-01
5.600000000000000533e+00,3.444338399499999923e+02,-4.890314457343749588e+00,-1.443001811146666646e-01
5.650000000000000355e+00,3.441399973800000112e+02,-4.891399912916666537e+00,-3.732456445733333683e-01
5.700000000000000178e+00,3.383029105100000038e+02,-4.892971945364583242e+00,-2.114435133736667083e-01
5.750000000000000000e+00,3.229426268600000185e+02,-4.893468172083333734e+00,-4.955361236066666564e-01
5.800000000000000711e+00,3.113362054300000068e+02,-4.892906101458333268e+00,2.030448523500000615e-02
5.850000000000000533e+00,3.264803119300000276e+02,-4.894546833489583193e+00,-4.115943867600000416e-01
5.900000000000000355e+00,3.316601024099999790e+02,-4.894089636562499734e+00,-2.755410251533333410e-01
5.950000000000000178e+00,3.581719588400000021e+02,-4.895243259843749861e+00,-5.777605861300000312e-02
6.000000000000000000e+00,3.667006913499999996e+02,-4.894527638229166477e+00,-2.909834074683333438e-01
6.050000000000000711e+00,3.764742452200000002e+02,-4.895076902135416574e+00,-4.825523942400000016e-02
6.100000000000000533e+00,3.516526342899999804e+02,-4.892387328541667024e+00,-5.939315565166666117e-02
6.150000000000000355e+00,3.418878237100000206e+02,-4.893456623593750443e+00,-2.797421743099999802e-01
6.200000000000000178e+00,3.223648407700000007e+02,-4.894500636458332998e+00,-9.528131715999998974e-02
6.250000000000000000e+00,3.033832049000000097e+02,-4.894033453541666745e+00,-1.388224288819999985e-01
6.300000000000000711e+00,3.327395792899999947e+02,-4.898006053333333831e+00,-2.615576539036666426e-01
6.350000000000000533e+00,3.311928924900000197e+02,-4.897310428958333794e+00,-1.003836711020133499e-01
6.400000000000000355e+00,3.317786482099999716e+02,-4.896076360572917174e+00,7.325168244466666312e-02
6.450000000000000178e+00,3.522263683900000046e+02,-4.897155489739582812e+00,2.255553623033333330e-02
6.500000000000000000e+00,3.217329498999999942e+02,-4.892491737812499686e+00,-1.417122830320000082e-01
6.550000000000000711e+00,3.473015698599999723e+02,-4.894383131718750057e+00,-2.735309036999999943e-01
6.600000000000000533e+00,3.353110530600000061e+02,-4.890991154010416508e+00,2.874509482666666796e-02
6.650000000000000355e+00,4.127092835999999920e+02,-4.898997001093749581e+00,-1.266514944156666711e-01
6.700000000000000178e+00,3.322261015799999768e+02,-4.889163166354166812e+00,-1.675561701733333242e-01
6.750000000000000000e+00,3.580040510300000278e+02,-4.895045952916666998e+00,-5.557195219666681563e-03
6.800000000000000711e+00,3.243950722899999732e+02,-4.894609480468750107e+00,-2.220015947300000292e-01
6.850000000000000533e+00,3.035329756099999940e+02,-4.893872755520833451e+00,-2.346896448433333227e-01
6.900000000000000355e+00,3.393503666400000043e+02,-4.898457466197917221e+00,-2.066149457660000077e-01
6.950000000000000178e+00,3.330498075900000003e+02,-4.897091539791666115e+00,-4.632867516766666083e-01
7.000000000000000000e+00,3.461815375200000062e+02,-4.897237769583333566e+00,-5.594079571333333556e-01
7.050000000000000711e+00,3.150605655400000273e+02,-4.891562574843749900e+00,8.392283108999999686e-02
7.100000000000000533e+00,3.561778672199999960e+02,-4.893860891041666328e+00,-2.396682151026666707e-01
7.150000000000000355e+00,3.706099969599999895e+02,-4.892702429322916657e+00,-1.917656402799999826e-02
7.200000000000000178e+00,3.647689388900000154e+02,-4.891951933958333498e+00,-2.160722903333333333e-01
7.250000000000000000e+00,3.185967770600000222e+02,-4.886999693333333283e+00,1.117087553666668400e-03
7.300000000000000711e+00,3.474288506299999995e+02,-4.891142975885416355e+00,-3.752794165533333004e-01
7.350000000000000533e+00,3.406879068399999824e+02,-4.891553288229166796e+00,-3.083959587623333332e-01
7.400000000000000355e+00,3.369628078800000139e+02,-4.892881456041666688e+00,-2.315872615906666709e-01
7.450000000000000178e+00,3.234756729399999813e+02,-4.892584887552083650e+00,-4.242353290900000018e-01
7.500000000000000000e+00,3.194593725600000198e+02,-4.892628242239583258e+00,-3.970391113866666433e-01
7.550000000000000711e+00,3.367038119100000131e+02,-4.894670967708333542e+00,-2.105362544700000171e-01
7.600000000000000533e+00,3.372519239800000150e+02,-4.894526108489583471e+00,-1.809431342016666333e-01
7.650000000000000355e+00,3.499686284399999749e+02,-4.896177952395833088e+00,-3.738276405233333932e-01
7.700000000000000178e+00,3.456856754099999876e+02,-4.895658085416666694e+00,-3.799071162966666804e-01
7.750000000000000000e+00,3.376896431399999869e+02,-4.894613348645832751e+00,-1.283808417357333032e-01
7.800000000000000711e+00,3.344015470699999923e+02,-4.894036110000000050e+00,-4.534322177553333222e-01
7.850000000000000533e+00,3.678129801000000043e+02,-4.897812632447917203e+00,-3.644001830279999105e-02
7.900000000000000355e+00,3.253279971599999953e+02,-4.892714199739583769e+00,-3.318952519199999673e-01
7.950000000000000178e+00,3.273304906299999857e+02,-4.893577435000000087e+00,4.687327040533333794e-02
8.000000000000000000e+00,3.157737048600000094e+02,-4.893232761510416751e+00,-6.258420384166667183e-02
8.050000000000000711e+00,3.186160436999999774e+02,-4.894680960260417102e+00,-9.536272381166667478e-02
8.099999999999999645e+00,3.296410483799999724e+02,-4.897107595000000480e+00,1.992140402653333198e-01
8.150000000000000355e+00,3.318359780700000101e+02,-4.898288574114583405e+00,-9.687159200066665365e-02
8.200000000000001066e+00,3.185231833099999790e+02,-4.896585201770833784e+00,1.959977702733333230e-02
8.250000000000000000e+00,3.395211437899999964e+02,-4.897714020208333352e+00,8.171347913300000543e-03
8.300000000000000711e+00,3.379054329200000097e+02,-4.895213116979166834e+00,-7.782333947233331661e-02
8.349999999999999645e+00,3.678463582100000053e+02,-4.896231940729166787e+00,-4.201179267799999839e-01
8.400000000000000355e+00,3.475633900600000175e+02,-4.891364919739583428e+00,1.035977444566666544e-01
8.450000000000001066e+00,3.540043665700000020e+02,-4.890603449635416489e+00,6.792376086000000146e-02
8.500000000000000000e+00,3.727703438300000016e+02,-4.892611876822916095e+00,-3.047884039286666291e-01
8.550000000000000711e+00,3.580177507000000219e+02,-4.892097871249999841e+00,-4.351162230966666988e-01
8.599999999999999645e+00,3.428339250600000128e+02,-4.892765834375000011e+00,-3.783553227566667232e-01
8.650000000000000355e+00,3.227336698899999874e+02,-4.892757192864583438e+00,-5.892838557400000843e-01
8.700000000000001066e+00,3.264827574799999752e+02,-4.894118564270833360e+00,2.202970712066667017e-02
8.750000000000000000e+00,3.246820182600000066e+02,-4.894053789114583886e+00,-1.197585361779999885e-01
8.800000000000000711e+00,3.381022799899999995e+02,-4.895769038750000135e+00,-2.935333759600000092e-01
8.849999999999999645e+00,3.188218737000000260e+02,-4.893141064427083187e+00,-1.038328833833333381e-01
8.900000000000000355e+00,3.466392189700000017e+02,-4.895668535416667133e+00,-4.294924214199999923e-01
8.950000000000001066e+00,3.443072137799999837e+02,-4.894083434583333059e+00,-2.951585540899999693e-01
9.000000000000000000e+00,3.370624605200000019e+02,-4.890726204322916715e+00,-7.502134713333330485e-03
9.050000000000000711e+00,3.792272421200000281e+02,-4.892198896302082822e+00,-2.681265973199999930e-01
9.099999999999999645e+00,3.808016694199999961e+02,-4.890495337656250108e+00,1.387878070840000387e-02
9.150000000000000355e+00,3.592684813899999767e+02,-4.888279077187499766e+00,-5.829215822933333513e-01
9.200000000000001066e+00,3.540198127099999965e+02,-4.888888194322916547e+00,2.876663021563333200e-01
9.250000000000000000e+00,3.497188875300000177e+02,-4.890318810104166580e+00,-5.113939243966666437e-01
9.300000000000000711e+00,3.481980980000000159e+02,-4.892313980833333353e+00,-1.108343580863333094e-01
9.349999999999999645e+00,3.412661589499999764e+02,-4.892594132187499945e+00,-1.125056376703333361e-01
9.400000000000000355e+00,3.489453840300000138e+02,-4.894697011718750268e+00,-2.094000751166666952e-01
9.450000000000001066e+00,3.476751047800000265e+02,-4.896142953437499834e+00,-4.561316835266666647e-01
9.500000000000000000e+00,3.335171434000000090e+02,-4.896068205677083007e+00,-5.745236155633333119e-01
9.550000000000000711e+00,3.126645336999999927e+02,-4.894615283750000323e+00,-2.728337088533333010e-01
9.600000000000001421e+00,3.236048416099999940e+02,-4.896105522500000085e+00,-5.045918333933333555e-01
9.650000000000000355e+00,3.252410409299999969e+02,-4.894627292656250184e+00,-1.920281850236666699e-01
9.700000000000001066e+00,3.582704697600000259e+02,-4.895018158125000518e+00,-1.091230039626666648e-01
9.750000000000000000e+00,3.647296796300000210e+02,-4.893509594635417237e+00,-3.484396604633333006e-01
9.800000000000000711e+00,3.424035159200000180e+02,-4.890403193281249727e+00,-3.871255211799999874e-01
9.850000000000001421e+00,3.555916305599999987e+02,-4.892802883906250067e+00,-9.908805136533332947e-02
9.900000000000000355e+00,3.432800792099999967e+02,-4.893334175520833718e+00,-5.816683320399998469e-02
9.950000000000001066e+00,3.210600092199999835e+02,-4.892449710312500422e+00,-3.207763178766666612e-01
1.000000000000000000e+01,3.281155687099999909e+02,-4.894170856406249825e+00,1.870071302633333488e-01
1.005000000000000071e+01,3.294644376499999794e+02,-4.894334333854167163e+00,-8.675118837666666305e-02
1.010000000000000142e+01,3.659931321199999843e+02,-4.898309488072916551e+00,-2.192826291033333208e-01
1.015000000000000036e+01,3.550958992600000101e+02,-4.896097106927083331e+00,-1.099643002866666636e-01
1.020000000000000107e+01,3.677538554899999781e+02,-4.896357949166666224e+00,-2.630048111383333498e-01
1.025000000000000000e+01,3.638257145599999944e+02,-4.893883310208333448e+00,-3.235144283333333398e-02
1.030000000000000071e+01,3.582704922099999862e+02,-4.890913136718750387e+00,-4.574011959600000066e-01
1.035000000000000142e+01,3.572037706799999910e+02,-4.888161493229167043e+00,-6.953343816333330818e-02
1.040000000000000036e+01,3.779885544699999969e+02,-4.889725442916666331e+00,-2.825744876123333360e-01
1.045000000000000107e+01,3.572792861099999868e+02,-4.889064921874999747e+00,-1.170725714224666730e-01
1.050000000000000000e+01,3.606889768500000173e+02,-4.894009604895833476e+00,7.263242763333325851e-03
1.055000000000000071e+01,3.143319540400000278e+02,-4.890979855000000320e+00,-5.978283851133333604e-01
1.060000000000000142e+01,3.159197694299999739e+02,-4.891461640624999774e+00,-1.809922996033333786e-01
1.065000000000000036e+01,3.354805994299999838e+02,-4.892987455104166550e+00,-1.003563164840000077e-01
1.070000000000000107e+01,3.551493362300000172e+02,-4.894132753072916842e+00,-3.871113393750000298e-01
1.075000000000000000e+01,3.576495698800000014e+02,-4.893856674218750591e+00,-3.229480141378333058e-01
1.080000000000000071e+01,3.575771331199999850e+02,-4.894751102499999895e+00,1.778032461916666807e-01
1.085000000000000142e+01,3.318674480199999834e+02,-4.894443790312499765e+00,-4.926481614700000122e-01
1.090000000000000036e+01,3.248543266400000107e+02,-4.896984957604166411e+00,-7.169007976056666898e-02
1.095000000000000107e+01,3.234014666300000158e+02,-4.898054182916666832e+00,-4.259567068866665918e-01
1.100000000000000000e+01,3.109972991399999955e+02,-4.895860073281250280e+00,-4.997317366333333122e-01
1.105000000000000071e+01,3.229840948699999785e+02,-4.896294924895832956e+00,-2.352923883999998370e-02
1.110000000000000142e+01,3.383353580400000169e+02,-4.897580632552083202e+00,-3.738796182633333243e-01
1.115000000000000036e+01,3.163795910700000036e+02,-4.893587153072917140e+00,-2.195951690500000109e-01
1.120000000000000107e+01,3.303709057199999961e+02,-4.892996234635416108e+00,1.422799527613333170e-01
1.125000000000000000e+01,3.395059876099999769e+02,-4.892110287500000432e+00,-7.542119632999999546e-01
1.130000000000000071e+01,3.845959655099999850e+02,-4.896276849114583385e+00,-5.455621676666666531e-02
1.135000000000000142e+01,3.540135369800000262e+02,-4.891974258541666565e+00,-1.445460712936666725e-01
1.140000000000000036e+01,3.407187989199999834e+02,-4.890295018854167175e+00,-5.895117681999998555e-02
1.145000000000000107e+01,3.316933316700000205e+02,-4.889668914635416641e+00,3.979607805996667191e-01
1.150000000000000000e+01,3.251437850199999957e+02,-4.891303681979166207e+00,-1.982311982226666602e-01
1.155000000000000071e+01,3.323177122999999824e+02,-4.895683602968749604e+00,-1.675500243966666636e-01
1.160000000000000142e+01,3.206171792800000162e+02,-4.896157899739583819e+00,-4.446640135733332944e-01
1.165000000000000036e+01,3.231920091800000137e+02,-4.896436936458333555e+00,-1.485234752986666906e-01
1.170000000000000107e+01,3.444547300300000074e+02,-4.897783469166666848e+00,-4.675596765166667446e-02
1.175000000000000000e+01,3.173591369900000245e+02,-4.892376585520833210e+00,-3.840527833783333733e-01
1.180000000000000071e+01,3.270711060099999941e+02,-4.891056205520833089e+00,-3.397853183139999955e-01
1.185000000000000142e+01,3.312291235199999733e+02,-4.889836645833333328e+00,5.706602774566667952e-02
1.190000000000000036e+01,3.679128264500000114e+02,-4.894360450052083422e+00,-4.644449319866666426e-01
1.195000000000000107e+01,3.282807557300000099e+02,-4.890361059479166883e+00,-3.512608973100000281e-02
1.200000000000000000e+01,3.206631969499999855e+02,-4.890235778593750027e+00,1.654523854686666684e-01
1.205000000000000071e+01,3.494263361499999974e+02,-4.894557078437499875e+00,-4.609400872900000223e-01
1.210000000000000142e+01,3.347379894399999785e+02,-4.893974610468750264e+00,9.715280605600000452e-02
1.215000000000000036e+01,3.132930701899999804e+02,-4.892813441093750271e+00,-3.908319654929999776e-01
1.220000000000000107e+01,3.290313147400000275e+02,-4.897172992864583740e+00,-1.089716113126666802e-01
1.225000000000000000e+01,2.881793456899999910e+02,-4.896888255885416541e+00,-1.398125508876666701e-01
1.230000000000000071e+01,3.050759436100000244e+02,-4.900975866145833137e+00,-2.657161312566666544e-01
1.235000000000000142e+01,2.991286794800000166e+02,-4.899447706562500393e+00,-2.896216020066666452e-01
1.240000000000000036e+01,3.139511299000000122e+02,-4.898624417447916990e+00,-2.628703046263333176e-01
1.245000000000000107e+01,3.125699424800000088e+02,-4.895533685312499550e+00,-2.598163502166666583e-01
1.250000000000000000e+01,3.412562379799999803e+02,-4.896588859322917209e+00,-4.374820502266666550e-02
1.255000000000000071e+01,3.544701602399999842e+02,-4.896469263072916966e+00,-2.088941950499999811e-01
1.260000000000000142e+01,3.441010780999999952e+02,-4.894379812447916756e+00,-4.263169650700000535e-01
1.265000000000000036e+01,3.428395643200000222e+02,-4.893676283020833573e+00,-5.852875070799999913e-01
1.270000000000000107e+01,3.560012021200000163e+02,-4.894343307395833342e+00,-2.867929256566666418e-01
1.275000000000000000e+01,3.341772108499999945e+02,-4.889977174166666885e+00,-3.449440426666666171e-01
1.280000000000000071e+01,3.607250383200000101e+02,-4.891333353177083509e+00,-3.797302430133333434e-02
1.285000000000000142e+01,3.656876415400000155e+02,-4.890459900208333544e+00,9.176505989999994908e-03
1.290000000000000036e+01,3.399199167699999862e+02,-4.886648810885416694e+00,-2.321297075833333168e-01
1.295000000000000107e+01,3.586585156400000187e+02,-4.889661493906250378e+00,-5.293351892033332923e-02
1.300000000000000000e+01,3.591030306200000268e+02,-4.892251806718749485e+00,-1.156140610983333455e-01
1.305000000000000071e+01,3.509610160500000120e+02,-4.894475823489583100e+00,-4.804016055000000923e-02
1.310000000000000142e+01,3.489564448799999923e+02,-4.896187594322916503e+00,-3.263609294300000019e-01
1.315000000000000036e+01,3.330686341399999719e+02,-4.894717749062500012e+00,-2.712376616433333498e-01
1.320000000000000107e+01,3.503444142600000077e+02,-4.896783892864583265e+00,-1.802036955916666849e-01
1.325000000000000000e+01,3.213990825000000200e+02,-4.893351023125000587e+00,-3.936366261600000027e-01
1.330000000000000071e+01,3.407687832199999889e+02,-4.895779973072916569e+00,-3.293872268699999939e-01
1.335000000000000142e+01,3.338233505499999865e+02,-4.895006207135416787e+00,-1.340855588216666727e-01
1.340000000000000036e+01,3.477480082000000152e+02,-4.896801079322917083e+00,-3.680168152533333514e-01
1.345000000000000107e+01,3.180635978000000250e+02,-4.892597474062499785e+00,-5.289220290399999636e-01
1.350000000000000000e+01,3.803729553200000169e+02,-4.898502073177083638e+00,4.594011477633332813e-02
1.355000000000000071e+01,3.328997459400000025e+02,-4.890806919947916498e+00,-7.054260614833331999e-01
1.360000000000000142e+01,3.763362616100000082e+02,-4.894774487239582861e+00,-5.444235858533334055e-02
1.365000000000000036e+01,3.668591446500000188e+02,-4.893121128437500467e+00,-1.755991692830000117e-01
1.370000000000000107e+01,3.394828677300000095e+02,-4.891803111927083059e+00,-6.051322002333332506e-01
1.375000000000000000e+01,3.410749999899999807e+02,-4.895552447239583493e+00,-2.500252383288333324e-01
1.380000000000000071e+01,3.323144691499999794e+02,-4.897139798385416576e+00,-4.925310468666665997e-02
1.385000000000000142e+01,3.223556906800000093e+02,-4.896935786354166709e+00,-6.421801839733333184e-01
1.390000000000000036e+01,3.120030530500000054e+02,-4.895445149583333766e+00,5.997785734366665317e-02
1.395000000000000107e+01,3.112391695000000027e+02,-4.894241296718750078e+00,-4.439248710433332801e-01
1.400000000000000000e+01,3.369911156100000085e+02,-4.896018169791666708e+00,-1.011343867566666527e-01
1.405000000000000071e+01,3.479083861500000125e+02,-4.896101775885417062e+00,-4.083967833600000152e-01
1.410000000000000142e+01,3.517614103500000056e+02,-4.895298090729166773e+00,8.672969497766665203e-02
1.415000000000000036e+01,3.317371356300000116e+02,-4.891671398125000181e+00,-2.311034753856666679e-01
1.420000000000000107e+01,3.106478840899999909e+02,-4.887844653802082995e+00,-2.572346105100000169e-01
1.425000000000000000e+01,3.685989333100000067e+02,-4.893662238750000171e+00,-3.423138881000000189e-01
1.430000000000000071e+01,3.469150740900000187e+02,-4.890794027552083811e+00,-1.802641388433333380e-01
1.435000000000000142e+01,3.258118541900000196e+02,-4.889023666458332862e+00,-1.701745290076666917e-01
1.440000000000000036e+01,3.190899160100000245e+02,-4.890527366510416307e+00,-2.843685399333333308e-01
1.445000000000000107e+01,3.301831580300000155e+02,-4.894610950052083354e+00,-1.340616272363333306e-01
1.450000000000000000e+01,3.360935859499999765e+02,-4.897299711562499880e+00,-3.704135015566666911e-01
1.455000000000000071e+01,3.302069168799999943e+02,-4.897774231979166615e+00,-2.761336836066666800e-01
1.460000000000000142e+01,3.073529945000000225e+02,-4.894894195989583530e+00,-3.295264849005666852e-01
1.465000000000000036e+01,3.356798823099999822e+02,-4.896884582031249877e+00,-5.985827065533333435e-01
1.470000000000000107e+01,3.554948316800000043e+02,-4.896580900052083685e+00,-2.331208298866666861e-01
1.475000000000000000e+01,3.598804138599999760e+02,-4.894607053697916932e+00,-4.572450711900000186e-01
1.480000000000000071e+01,3.574939307299999882e+02,-4.892987986041666737e+00,-6.490953157999999890e-02
1.485000000000000142e+01,3.598512517600000251e+02,-4.893136662760416478e+00,-5.357344517333334499e-02
1.490000000000000036e+01,3.625164193300000193e+02,-4.894140586249999814e+00,-1.797429669803333185e-01
1.495000000000000107e+01,3.489665801400000191e+02,-4.893551199583333400e+00,-5.195339462233333760e-01
1.500000000000000000e+01,3.452701967799999920e+02,-4.894824849374999509e+00,-1.192301098746666871e-01
1.505000000000000071e+01,3.326653635900000268e+02,-4.895707353177082943e+00,-1.234788163919999793e-01
1.510000000000000142e+01,3.410409179999999765e+02,-4.899027509947916137e+00,-2.354524420433332932e-01
1.515000000000000036e+01,3.242589889299999868e+02,-4.898406543593750051e+00,-3.715767430833333829e-01
1.520000000000000107e+01,3.171146469999999908e+02,-4.897654555156250034e+00,-3.414578187636667095e-01
1.525000000000000000e+01,3.356845674900000063e+02,-4.898073673906250036e+00,-2.951216235323333437e-01
1.530000000000000071e+01,3.265759641099999726e+02,-4.893328729218749729e+00,-4.522961477933333252e-01
1.535000000000000142e+01,3.268311107700000093e+02,-4.890543517187500022e+00,-4.425476987166667153e-01
1.540000000000000036e+01,3.565191870300000119e+02,-4.893172497447916491e+00,-4.495017940166666226e-01
1.545000000000000107e+01,3.457102252899999826e+02,-4.892070487760416420e+00,-1.528568991049999992e-01
1.550000000000000000e+01,3.641091700599999967e+02,-4.895381134166666648e+00,-1.692268909853333059e-01
1.555000000000000071e+01,3.310290594800000008e+02,-4.892815772395833207e+00,-3.874610025766666577e-01
1.560000000000000142e+01,3.421936243000000104e+02,-4.895586466614583188e+00,-3.058743873266666635e-01
1.565000000000000036e+01,3.300048468599999865e+02,-4.895605201510416116e+00,-2.895790654040000245e-01
1.570000000000000107e+01,3.110702421099999810e+02,-4.895207249114583270e+00,-2.117912827333333359e-01
1.575000000000000000e+01,3.174723969400000101e+02,-4.898205002708333033e+00,-2.220725195469999969e-01
1.580000000000000071e+01,3.102111772700000074e+02,-4.899608764947916306e+00,-3.286211849260000095e-01
1.585000000000000142e+01,3.080410662699999875e+02,-4.901074432499999745e+00,-2.849164497700000243e-01
1.590000000000000036e+01,2.967847969100000114e+02,-4.899630700364583369e+00,-3.315284427066666484e-01
1.595000000000000107e+01,3.018468487100000175e+02,-4.897703979374999683e+00,-1.322583904440000069e-01
1.600000000000000000e+01,2.958006022000000144e+02,-4.893015041875000470e+00,-2.433440954566666592e-01
1.605000000000000071e+01,3.269740274299999783e+02,-4.893909070208333212e+00,2.649690853333333540e-02
1.610000000000000142e+01,3.401635499399999958e+02,-4.893274544062499842e+00,-2.298274210580000254e-01
1.615000000000000213e+01,3.653586808300000257e+02,-4.894820236927083457e+00,-1.107843645420000245e-01
1.619999999999999929e+01,3.633615502399999855e+02,-4.894101106249999944e+00,-3.372937577966666489e-01
1.625000000000000000e+01,3.534791804800000250e+02,-4.893647109270832907e+00,7.140528480666662008e-03
1.630000000000000071e+01,3.372084997800000110e+02,-4.893290945364583422e+00,-5.821128631833333289e-01
1.635000000000000142e+01,3.382493958399999769e+02,-4.894939303802083863e+00,-4.562827380000060158e-04
1.640000000000000213e+01,3.305653932600000076e+02,-4.895841316614583327e+00,-2.324946825733333056e-01
1.644999999999999929e+01,3.295686953499999845e+02,-4.898456492864583289e+00,-3.925710566233333587e-01
1.650000000000000000e+01,2.876561905600000273e+02,-4.895527385260416864e+00,-2.383590638163333442e-01
1.655000000000000071e+01,3.035396302899999910e+02,-4.897829792291666706e+00,-4.583704026100000051e-01
1.660000000000000142e+01,3.312188252700000248e+02,-4.899323771979166686e+00,-1.473895335883333158e-01
1.665000000000000213e+01,3.372597724299999982e+02,-4.895546040104166607e+00,-4.025450476300000413e-01
1.669999999999999929e+01,3.364849419000000239e+02,-4.892810389479167021e+00,-2.748477705363333023e-01
1.675000000000000000e+01,3.505136307199999806e+02,-4.893509961145833920e+00,-2.562473176563333510e-01
1.680000000000000071e+01,3.466505159999999819e+02,-4.892433259843749660e+00,-4.149095942766666822e-01
1.685000000000000142e+01,3.375266518999999903e+02,-4.890774093333333461e+00,-7.361557981333333167e-02
1.690000000000000213e+01,3.620923852999999895e+02,-4.893507146406250286e+00,-2.353874760766666852e-01
1.694999999999999929e+01,3.270086005399999749e+02,-4.890190784479166553e+00,4.499232367666657247e-03
1.700000000000000000e+01,3.273058574099999873e+02,-4.892757227916666452e+00,-3.783017951733333439e-01
1.705000000000000071e+01,3.326899573499999860e+02,-4.896775041458333533e+00,-2.003557215759999843e-01
1.710000000000000142e+01,3.134560197000000130e+02,-4.897114544791667079e+00,7.325327772966666595e-02
1.715000000000000213e+01,3.197389856300000019e+02,-4.898304411249999823e+00,-4.967481615466666778e-01
1.719999999999999929e+01,2.858887334099999862e+02,-4.893113593645833426e+00,-5.973644508333333936e-02
1.725000000000000000e+01,3.012766254699999990e+02,-4.893085706874999552e+00,-7.461329857000000010e-02
1.730000000000000071e+01,3.243674910999999952e+02,-4.893465925416666806e+00,-5.107700658233332858e-01
1.735000000000000142e+01,3.535639709899999730e+02,-4.894979505260416808e+00,-1.233240281196666538e-01
1.740000000000000213e+01,3.402621933400000103e+02,-4.891992011927083439e+00,-2.471789780370000356e-01
1.744999999999999929e+01,3.351619978900000092e+02,-4.890625689010416721e+00,-4.695344430266666369e-01
1.750000000000000000e+01,3.487262880000000109e+02,-4.892109501041666419e+00,-9.430469472199999592e-02
1.755000000000000071e+01,3.259720641800000180e+02,-4.889578086250000233e+00,-2.357543566633333310e-01
1.760000000000000142e+01,3.142579349100000172e+02,-4.888018875677083486e+00,5.423129302666665486e-02
1.765000000000000213e+01,3.427696187099999747e+02,-4.889969869635416799e+00,-3.875933453176667043e-01
1.769999999999999929e+01,3.471049961499999768e+02,-4.887835565729166554e+00,-8.091393962000009710e-03
1.775000000000000000e+01,3.698187235899999905e+02,-4.888391077552083352e+00,-4.573406190900000112e-01
1.780000000000000071e+01,3.635633997200000067e+02,-4.887094125312500204e+00,1.776821157433333409e-01
1.785000000000000142e+01,3.791274418500000252e+02,-4.890635833750000216e+00,-2.017476420350000355e-01
1.790000000000000213e+01,3.522424222700000200e+02,-4.891125848802083453e+00,-1.654795465240000152e-01
1.794999999999999929e+01,3.502878121300000203e+02,-4.894317758958333542e+00,-2.027349121400000287e-01
1.800000000000000000e+01,3.439584646999999791e+02,-4.895087634843750202e+00,-1.440831680996666753e-01
1.805000000000000071e+01,3.323237549799999897e+02,-4.894574962760416703e+00,-2.996083323833333423e-01
1.810000000000000142e+01,3.332388870300000008e+02,-4.895102070937499938e+00,-2.198297387633333377e-01
1.815000000000000213e+01,3.405071202799999810e+02,-4.896007436406249802e+00,-2.858806700776666543e-01
1.819999999999999929e+01,3.339130771299999765e+02,-4.894697391093750127e+00,-1.838432111009999925e-01
1.825000000000000000e+01,3.548261300400000096e+02,-4.896207468750000125e+00,-1.963867637273333244e-01
1.830000000000000071e+01,3.224985268199999950e+02,-4.890455773072916124e+00,-1.619678996099999935e-01
1.835000000000000142e+01,3.562070296100000064e+02,-4.891989075312499935e+00,-2.695364287326666441e-01
1.840000000000000213e+01,3.389277904499999750e+02,-4.886879837864583465e+00,-2.888494930100000135e-01
1.844999999999999929e+01,4.058877365000000168e+02,-4.893941163750000101e+00,-3.079573481100000287e-01
1.850000000000000000e+01,3.693824371399999791e+02,-4.891270897916666804e+00,-1.792701172133333298e-01
1.855000000000000071e+01,3.418531338399999981e+02,-4.890634545937500022e+00,-4.102875195799999819e-01
1.860000000000000142e+01,3.403875595499999918e+02,-4.892329085781249809e+00,-1.631839870833333428e-01
1.865000000000000213e+01,3.400537681299999804e+02,-4.893434916406250501e+00,-2.018648091159999935e-01
1.869999999999999929e+01,3.268622023899999931e+02,-4.892743416562500336e+00,-4.585956577066667150e-01
1.875000000000000000e+01,3.377105139899999813e+02,-4.895001031406249759e+00,-7.356445741700000374e-02
1.880000000000000071e+01,3.251735358600000154e+02,-4.894344695312500271e+00,-4.668875251766666512e-01
1.885000000000000142e+01,3.322108109499999955e+02,-4.897289438958333463e+00,-2.457077610166666648e-01
1.890000000000000213e+01,3.035818885699999896e+02,-4.898495598906250414e+00,-4.179301119433333489e-01
1.894999999999999929e+01,3.038334735500000079e+02,-4.900443701354166848e+00,-7.654088460299998675e-02
1.900000000000000000e+01,3.151852345300000025e+02,-4.901307831510416158e+00,-2.633538944999998591e-02
1.905000000000000071e+01,3.055733959099999879e+02,-4.898049832656250047e+00,-4.531940032166666410e-01
1.910000000000000142e+01,3.273798796500000208e+02,-4.898108976197916853e+00,2.001695933653333537e-01
1.915000000000000213e+01,3.352451285600000119e+02,-4.897199774479166656e+00,-5.546812456063333618e-01
1.920000000000000284e+01,3.275362589800000137e+02,-4.895048222604166277e+00,1.889038403466666502e-02
1.925000000000000000e+01,3.196402026499999920e+02,-4.892386384739583427e+00,-3.690097881033333471e-01
1.930000000000000071e+01,3.488127138199999990e+02,-4.893433125937499462e+00,2.809561917700000300e-01
1.935000000000000142e+01,3.583133996199999842e+02,-4.892911182239583212e+00,-3.145793712266666819e-01
1.940000000000000213e+01,3.598628690499999720e+02,-4.892839998802083201e+00,-1.443633022466666270e-02
1.945000000000000284e+01,3.727187940599999934e+02,-4.895397070052083244e+00,-2.489865272966666765e-01
1.950000000000000000e+01,3.341093983200000253e+02,-4.892789667916666474e+00,-1.931002627479999900e-01
1.955000000000000071e+01,3.436469045499999879e+02,-4.896300717760416532e+00,-1.785593304743666454e-01
1.960000000000000142e+01,3.177106591500000263e+02,-4.894486708281250209e+00,3.787720746666648711e-03
1.965000000000000213e+01,3.384660598699999809e+02,-4.897166151718749916e+00,3.056193783500000052e-02
1.970000000000000284e+01,3.340099227300000280e+02,-4.895772593489582825e+00,-4.321878610333334397e-02
1.975000000000000000e+01,3.587378845299999739e+02,-4.895948944218750043e+00,-3.223686201333333945e-02
1.980000000000000071e+01,3.364465852899999732e+02,-4.888389651718750173e+00,-4.478704789400000386e-01
1.985000000000000142e+01,3.692593393399999968e+02,-4.890454536041667133e+00,1.389004241429999953e-01
1.990000000000000213e+01,3.512476511699999833e+02,-4.888362870520833070e+00,-4.127798382866667004e-01
1.995000000000000284e+01,3.795870993799999837e+02,-4.893030857500000330e+00,-4.547849361199999413e-02
2.000000000000000000e+01,3.585203951799999800e+02,-4.892434591406249922e+00,-1.842315379366666894e-01
2.005000000000000071e+01,3.312376753699999767e+02,-4.891061526666666381e+00,-1.451137976930000073e-01
2.010000000000000142e+01,3.278427923300000089e+02,-4.891936300520833392e+00,-3.450835422999999902e-01
2.015000000000000213e+01,3.326654672899999809e+02,-4.892934538125000010e+00,-3.110203454999999617e-01
2.020000000000000284e+01,3.356318100099999810e+02,-4.893236908437500254e+00,-2.701704536766666442e-01
2.025000000000000000e+01,3.650966328700000076e+02,-4.897111648489583580e+00,-1.001467774860000243e-01
2.030000000000000071e+01,3.507926472600000238e+02,-4.896111694427083272e+00,-4.499036110366667063e-01
2.035000000000000142e+01,3.269850248500000021e+02,-4.894057169166666554e+00,-2.046596301566666609e-01
2.040000000000000213e+01,3.306374281799999721e+02,-4.894925329583332818e+00,-3.971808668366667017e-01
2.045000000000000284e+01,3.263707128300000022e+02,-4.894261875364583680e+00,-1.116388596219999862e-01
2.050000000000000000e+01,3.195933004699999742e+02,-4.893131398906249707e+00,-1.772730777599999807e-01
2.055000000000000071e+01,3.097259625500000197e+02,-4.891203015156249556e+00,1.120797344599999829e-01
2.060000000000000142e+01,3.397500879199999986e+02,-4.892898667239583332e+00,-5.102757172933333196e-01
2.065000000000000213e+01,3.591314591400000040e+02,-4.891510207395833199e+00,1.892824878433333191e-01
2.070000000000000284e+01,3.582798051299999997e+02,-4.888861601302083137e+00,-4.423939508466667170e-01
2.075000000000000000e+01,3.481413009699999748e+02,-4.887439580572916498e+00,-1.673449186233333386e-01
2.080000000000000071e+01,3.352537650799999938e+02,-4.886762937968749831e+00,6.826851630099999013e-02
2.085000000000000142e+01,3.505452942300000245e+02,-4.890851665208333365e+00,-5.519749612399998950e-01
2.090000000000000213e+01,3.462269513200000119e+02,-4.892380847708333924e+00,-9.153081579333333453e-03
2.095000000000000284e+01,3.511387933400000065e+02,-4.894442424479167109e+00,-4.146983546399999887e-01
2.100000000000000000e+01,3.616927016899999785e+02,-4.897253061979166766e+00,-1.757188738221666657e-01
2.105000000000000071e+01,2.983881576200000154e+02,-4.890607078020833498e+00,-2.117237473533333247e-01
2.110000000000000142e+01,3.259081230200000050e+02,-4.894250825885416489e+00,-6.408145311333335314e-02
2.115000000000000213e+01,3.650127530199999910e+02,-4.898981805468749506e+00,-4.503760662200000375e-01
2.120000000000000284e+01,3.483696862900000042e+02,-4.896763856614582799e+00,-1.273668488826666667e-02
2.125000000000000000e+01,3.463874253100000260e+02,-4.896402987395833684e+00,-2.265185548899999526e-02
2.130000000000000071e+01,3.264710111200000142e+02,-4.893233622968749863e+00,8.030649099333332652e-02
2.135000000000000142e+01,3.701282532700000161e+02,-4.896542495208333179e+00,-5.580897365000000443e-01
2.140000000000000213e+01,3.258348709200000144e+02,-4.887991872135416749e+00,2.305984297533333338e-01
2.145000000000000284e+01,3.624033566800000017e+02,-4.890404802812500229e+00,-4.424648934499999520e-01
2.150000000000000000e+01,3.654502173100000277e+02,-4.890206499270833618e+00,-1.495008227243333487e-01
2.155000000000000071e+01,3.418826702700000055e+02,-4.888721466145833361e+00,-2.349028868933333569e-01
2.160000000000000142e+01,3.570245288500000242e+02,-4.894298283802083205e+00,-1.340857707100000067e-02
2.165000000000000213e+01,3.506057749600000193e+02,-4.897827769739583559e+00,-1.593356873013333508e-01
2.170000000000000284e+01,2.946920470000000023e+02,-4.892292043697916704e+00,-5.368669024000000123e-01
2.175000000000000000e+01,3.480575258599999984e+02,-4.898873444114583364e+00,-5.796884182666667273e-02
2.180000000000000071e+01,3.089389632900000038e+02,-4.893468696718749733e+00,-2.775063282996666492e-01
2.185000000000000142e+01,3.468030552100000250e+02,-4.896492048645833428e+00,-2.176970913957999854e-01
2.190000000000000213e+01,3.276795435199999815e+02,-4.891504104947916431e+00,-3.747563509333333154e-01
2.195000000000000284e+01,3.326487310100000059e+02,-4.890129392083333748e+00,-1.448821072866666726e-01
2.200000000000000000e+01,3.591484126700000274e+02,-4.892683775572916893e+00,-4.534857958399999833e-01
2.205000000000000071e+01,3.479068570000000022e+02,-4.891139272395833792e+00,-3.704532489000000317e-01
2.210000000000000142e+01,3.613331402399999774e+02,-4.893393262656250187e+00,1.947879968716666743e-01
2.215000000000000213e+01,3.464072373299999867e+02,-4.893034892708333139e+00,-3.682330909500000082e-01
2.220000000000000284e+01,3.560660379899999839e+02,-4.895713560781250528e+00,-1.635245398124000049e-01
2.225000000000000000e+01,3.483434319599999753e+02,-4.895991907291667111e+00,-3.551374597833333868e-01
2.230000000000000071e+01,3.397915302900000256e+02,-4.895885143281249796e+00,-4.559530486066666888e-01
2.235000000000000142e+01,3.483589171799999917e+02,-4.897336947500000370e+00,-1.727805873463333086e-01
2.240000000000000213e+01,3.389755305900000053e+02,-4.896150484322916441e+00,-3.613258706399999909e-01
2.245000000000000284e+01,3.331125065400000267e+02,-4.895530594947916647e+00,-1.923268097156666523e-01
2.250000000000000000e+01,3.252432390399999917e+02,-4.894665433229167029e+00,-3.496018323300000286e-01
2.255000000000000071e+01,3.467905539899999781e+02,-4.896493106510416915e+00,1.045269674683333289e-01
2.260000000000000142e+01,3.715448368300000084e+02,-4.898054831406249754e+00,-2.897865744799999477e-01
2.265000000000000213e+01,3.541135655699999916e+02,-4.894898633489582984e+00,-3.090447590436666281e-01
2.270000000000000284e+01,3.492870175099999983e+02,-4.894416139062499838e+00,-3.078311554233333358e-01
2.275000000000000000e+01,3.346744024000000195e+02,-4.893366594427082994e+00,6.875780501066668104e-02
2.280000000000000071e+01,3.324170354400000065e+02,-4.894561143645833390e+00,-3.549229706633332815e-01
2.285000000000000142e+01,3.240802593799999727e+02,-4.895021335208332935e+00,-2.908995924086666962e-01
2.290000000000000213e+01,3.413477010199999881e+02,-4.898246737187499811e+00,2.228536039279999936e-01
2.295000000000000284e+01,3.236381740499999751e+02,-4.896854975520833264e+00,-3.800308266716665995e-01
2.300000000000000000e+01,3.159917668499999763e+02,-4.895764880781249495e+00,3.922983124666666599e-02
2.305000000000000071e+01,3.551076254700000163e+02,-4.899258291875000282e+00,-5.138871292233332388e-01
2.310000000000000142e+01,3.371179200600000172e+02,-4.895495138645833855e+00,-7.805437470766667107e-02
2.315000000000000213e+01,3.447388384999999857e+02,-4.895355573229166701e+00,-4.657819994233333705e-01
2.320000000000000284e+01,3.196417110099999945e+02,-4.891150071145832889e+00,-3.268981205299999887e-02
2.325000000000000000e+01,3.239368259999999964e+02,-4.889702441614583783e+00,-3.731818313994000325e-01
2.330000000000000071e+01,3.507956352200000083e+02,-4.890399811093749882e+00,-1.770578925966666620e-02
2.335000000000000142e+01,3.695474452600000177e+02,-4.891186957395833090e+00,-2.039582716699999965e-01
2.340000000000000213e+01,3.336650205000000255e+02,-4.887242403385417155e+00,-4.762265007699998526e-02
2.345000000000000284e+01,3.765360076299999719e+02,-4.895415200468749894e+00,-1.586591429199999959e-01
2.350000000000000000e+01,3.330606065800000124e+02,-4.893371699635416405e+00,1.072077495980000017e-01
2.355000000000000071e+01,3.491937960800000269e+02,-4.896694724375000085e+00,-2.504405122683333595e-01
2.360000000000000142e+01,3.232284509099999923e+02,-4.893908674322916319e+00,-2.532182294293333080e-01
2.365000000000000213e+01,3.433358227200000101e+02,-4.896520639999999425e+00,1.898618816356666406e-01
2.370000000000000284e+01,3.292946088599999825e+02,-4.895018313333333815e+00,-2.856834915466666680e-01
2.375000000000000000e+01,3.449635725300000217e+02,-4.897452289114583301e+00,-1.146706387266666766e-01
2.380000000000000071e+01,3.216411010300000157e+02,-4.894612789635416128e+00,-5.810528277656666907e-01
2.385000000000000142e+01,3.277123662500000023e+02,-4.893683594843749596e+00,-1.021874432976666719e-01
2.390000000000000213e+01,3.508678284000000076e+02,-4.892949699635416927e+00,-2.572961688700000082e-01
2.395000000000000284e+01,3.758954769499999884e+02,-4.893823166562500049e+00,-7.354214924166667389e-02
2.400000000000000000e+01,3.735471819900000128e+02,-4.894101245572916703e+00,-1.393364746966666567e-01
2.405000000000000071e+01,3.380478415399999790e+02,-4.892215786406249656e+00,5.703396640233333176e-02
2.410000000000000142e+01,3.328961273499999720e+02,-4.893594356666667089e+00,-3.943299024149999887e-01
2.415000000000000213e+01,3.209488586900000087e+02,-4.893011391927083231e+00,4.382538685236666426e-02
2.420000000000000284e+01,3.287033125400000131e+02,-4.893913553854166487e+00,-5.595565716486666785e-01
2.425000000000000000e+01,3.499206286799999930e+02,-4.896447129374999818e+00,-8.567577276366666883e-02
2.430000000000000071e+01,3.266198694999999930e+02,-4.893768325260416496e+00,1.713803070790000105e-01
2.435000000000000142e+01,3.505483567100000073e+02,-4.896948017760416327e+00,-8.547083648233333442e-02
2.440000000000000213e+01,3.470926513900000145e+02,-4.896743538593749889e+00,-3.230385692500000183e-01
2.445000000000000284e+01,3.264107469200000082e+02,-4.894229385781249775e+00,-1.133461277773333276e-01
2.450000000000000000e+01,3.515821870699999749e+02,-4.896906652604166688e+00,-2.531647789283333339e-01
2.455000000000000071e+01,3.352550320899999861e+02,-4.894323242499999616e+00,-3.951096169733332997e-01
2.460000000000000142e+01,3.205559697499999743e+02,-4.891942561250000487e+00,1.683439601902999849e-01
2.465000000000000213e+01,3.408577500200000259e+02,-4.893592926145832855e+00,-2.681813472366666451e-01
2.470000000000000284e+01,3.222818921900000078e+02,-4.890538537552083120e+00,-2.855661969966666880e-01
2.475000000000000000e+01,3.297522460999999794e+02,-4.891124391562500229e+00,-4.552080064899999973e-02
2.480000000000000071e+01,3.415142784000000233e+02,-4.891598339635416792e+00,-1.664082539946666606e-01
2.485000000000000142e+01,3.603697115200000098e+02,-4.891757715677083063e+00,-7.013473695266667085e-02
2.490000000000000213e+01,3.884723776499999985e+02,-4.893334727760416669e+00,-4.175868659499999969e-01
2.495000000000000284e+01,3.748939735399999904e+02,-4.891636459583333263e+00,-3.980998912766666731e-01
2.500000000000000000e+01,3.599147143299999811e+02,-4.892007947239583210e+00,9.623407698666668064e-02
2.505000000000000071e+01,3.282150437399999987e+02,-4.891374199687500202e+00,-4.763053579200000054e-01
2.510000000000000142e+01,3.479671812600000180e+02,-4.895742694843749909e+00,1.057695959643333433e-01
2.515000000000000213e+01,3.485161189199999967e+02,-4.896354393750000256e+00,-4.474657476666667466e-01
2.520000000000000284e+01,3.514683838999999921e+02,-4.896808438697916266e+00,-3.337885117233332227e-02
2.525000000000000000e+01,3.289258740299999886e+02,-4.894171162916666873e+00,-3.490305530533333034e-01
2.530000000000000071e+01,3.229432959499999924e+02,-4.893208277552083096e+00,-7.626924809036667030e-02
2.535000000000000142e+01,3.196329271800000242e+02,-4.891634193749999859e+00,-3.578989219500000041e-01
2.540000000000000213e+01,3.372298970400000258e+02,-4.891635850208333913e+00,-1.502070476600000093e-01
2.545000000000000284e+01,3.598553935499999739e+02,-4.892111223749999738e+00,-3.180511884499999664e-01
2.550000000000000000e+01,3.655471410399999854e+02,-4.891708501562500366e+00,1.419336960300000006e-01
2.555000000000000071e+01,3.995421274799999765e+02,-4.897268434843749851e+00,-4.552158202466666803e-01
2.560000000000000142e+01,3.428143775099999857e+02,-4.894124246614583562e+00,-1.130494595516666756e-01
2.565000000000000213e+01,3.319521732700000030e+02,-4.895328107447916466e+00,-5.908691435876666648e-02
2.570000000000000284e+01,3.179742440800000054e+02,-4.893947031718750118e+00,-3.431153357966666984e-01
2.575000000000000000e+01,3.456787384099999940e+02,-4.897259797083333588e+00,-3.189634805866666256e-01
2.580000000000000071e+01,3.235290183299999853e+02,-4.894304259635416265e+00,-5.168404556066666933e-01
2.585000000000000142e+01,3.466646602000000144e+02,-4.896210919270833628e+00,-5.209474724333334333e-02
2.590000000000000213e+01,3.293604889599999979e+02,-4.892451152604166076e+00,-5.223109852533333042e-01
2.595000000000000284e+01,3.388689624900000013e+02,-4.890803450677083219e+00,-1.206210809349999719e-01
2.600000000000000000e+01,3.998846950600000127e+02,-4.895521684635416371e+00,-1.964839624633333282e-01
2.605000000000000071e+01,3.586404253300000278e+02,-4.890462512395833627e+00,-4.243188922866666934e-01
2.610000000000000142e+01,3.760485854400000107e+02,-4.893347321197916600e+00,-3.589489883200000508e-01
2.615000000000000213e+01,3.773728950400000031e+02,-4.894866373072916943e+00,-2.955291065451666754e-01
2.620000000000000284e+01,3.161068893199999934e+02,-4.889203291249999417e+00,-2.589938445469999739e-01
2.625000000000000000e+01,3.425136266200000250e+02,-4.893666735729166994e+00,-2.244767206713333130e-01
2.630000000000000071e+01,3.554605917100000170e+02,-4.896179280572916959e+00,-2.546862341366666893e-01
2.635000000000000142e+01,3.457666676100000132e+02,-4.896613921874999775e+00,1.242628736633333286e-02
2.640000000000000213e+01,3.242679713599999900e+02,-4.895913642291666257e+00,-2.038279587833333462e-01
2.645000000000000284e+01,3.262220735399999967e+02,-4.897406479114583711e+00,-1.886467158526666799e-01
2.650000000000000000e+01,2.938431984900000202e+02,-4.893316994270833220e+00,-1.976349428103333639e-01
2.655000000000000071e+01,3.133525787099999889e+02,-4.893851137552083230e+00,-4.243417168100000469e-01
2.660000000000000142e+01,3.654682163300000184e+02,-4.897224354687500281e+00,1.571489772523333162e-01
2.665000000000000213e+01,3.479061246399999732e+02,-4.893751309479166700e+00,-2.846617861746666978e-01
2.670000000000000284e+01,3.391072083500000076e+02,-4.891968794374999874e+00,-3.130954304633333796e-01
2.675000000000000000e+01,3.379947432700000149e+02,-4.891292832656250589e+00,-2.517952076283333507e-01
2.680000000000000071e+01,3.402147694500000057e+02,-4.891528882552083068e+00,-2.673037815066666156e-01
2.685000000000000142e+01,3.489173697400000265e+02,-4.893322628177083189e+00,1.561544727970000102e-01
2.690000000000000213e+01,3.547980347700000152e+02,-4.896221755156250133e+00,-3.743657117400000511e-01
2.695000000000000284e+01,3.129151028200000155e+02,-4.895152519270832947e+00,-3.237369396866666693e-01
2.700000000000000000e+01,3.150506196800000112e+02,-4.898136909114582771e+00,-3.493729417599999998e-01
2.705000000000000071e+01,3.265706549299999892e+02,-4.899683696302083113e+00,-2.525324780526666535e-01
2.710000000000000142e+01,3.302374975100000256e+02,-4.898971696458333192e+00,-3.126325810339999900e-01
2.715000000000000213e+01,3.094920360699999833e+02,-4.894313322395833055e+00,1.054990004566666584e-02
2.720000000000000284e+01,3.526315305300000205e+02,-4.897038272031250195e+00,1.901511863033333583e-01
2.725000000000000000e+01,3.382754290199999900e+02,-4.893286203958333580e+00,-2.576245706363333166e-01
2.730000000000000071e+01,3.410719823900000165e+02,-4.892429077656250236e+00,9.255890452333333240e-02
2.735000000000000142e+01,3.352990095100000190e+02,-4.891019609635416820e+00,-2.965790303033333242e-01
2.740000000000000213e+01,3.665473185399999920e+02,-4.894435624062499990e+00,-4.819859091333331819e-02
2.745000000000000284e+01,3.710111304700000119e+02,-4.895975551979167228e+00,-1.482568038896666662e-01
2.750000000000000000e+01,3.355071193499999822e+02,-4.894948263697917135e+00,-2.075988928846666803e-01
2.755000000000000071e+01,3.221805732000000262e+02,-4.896119425677083470e+00,-2.413791813233333305e-01
2.760000000000000142e+01,3.261770687900000212e+02,-4.897340523593750383e+00,-4.793779302466666947e-01
2.765000000000000213e+01,3.249072673699999996e+02,-4.896725806718749574e+00,-3.131003793000000091e-01
2.770000000000000284e+01,3.279453353999999763e+02,-4.896345176458333448e+00,-3.257593234933333637e-01
2.775000000000000000e+01,3.539308272399999851e+02,-4.899231457552082780e+00,-5.603536223866666388e-01
2.780000000000000071e+01,3.287880346900000177e+02,-4.896019864687500167e+00,-3.729351531566666433e-01
2.785000000000000142e+01,3.403406507400000010e+02,-4.896622908906249627e+00,-2.399426143109999743e-01
2.790000000000000213e+01,3.271858892199999786e+02,-4.893061952500000089e+00,-3.063367613146666391e-01
2.795000000000000284e+01,3.614505003699999861e+02,-4.895028469479166588e+00,1.873059447566666480e-01
2.800000000000000000e+01,3.523835803800000122e+02,-4.892186281770833922e+00,-5.366859159600000373e-01
2.805000000000000071e+01,3.502523376999999982e+02,-4.891585788177082783e+00,-3.717226047903333108e-01
2.810000000000000142e+01,3.686217969499999754e+02,-4.894447184270833695e+00,-2.002785765466666978e-01
2.815000000000000213e+01,3.566283230899999808e+02,-4.895199275156250529e+00,-4.493672980500000302e-01
2.820000000000000284e+01,3.166086563800000135e+02,-4.893316485677083882e+00,-1.684680198283332875e-01
2.825000000000000000e+01,3.573385346900000172e+02,-4.901041222760416538e+00,-4.304593019166666479e-01
2.830000000000000071e+01,3.307111381999999935e+02,-4.898927158072916122e+00,-5.125683138233333436e-01
2.835000000000000142e+01,3.264461465300000214e+02,-4.898186863020833393e+00,-3.345504498966666573e-01
2.840000000000000213e+01,3.253391462100000240e+02,-4.897171409739583758e+00,-2.013935383403333279e-01
2.845000000000000284e+01,3.385466772999999989e+02,-4.897611536145833888e+00,4.136763844113333644e-02
2.850000000000000000e+01,3.176394107599999757e+02,-4.893508170104166943e+00,-5.179362575866667262e-01
2.855000000000000071e+01,3.244510427199999754e+02,-4.892771801614583360e+00,-6.580568003466666371e-02
2.860000000000000142e+01,3.656512623899999994e+02,-4.897280133489583243e+00,-2.785731071940000247e-01
2.865000000000000213e+01,3.382606956399999945e+02,-4.894096000000000224e+00,-4.330683029966666542e-01
2.870000000000000284e+01,3.391639568499999768e+02,-4.894137113020833318e+00,1.416260364559999985e-01
2.875000000000000000e+01,3.462565502799999990e+02,-4.895144872187500162e+00,-4.001842777500000392e-01
2.880000000000000071e+01,3.113220331100000067e+02,-4.891452807499999444e+00,-2.049868950130999956e-01
2.885000000000000142e+01,3.400710182299999929e+02,-4.895514207708333565e+00,-3.695880866000000320e-01
2.890000000000000213e+01,3.269440162299999884e+02,-4.894437331979166750e+00,-4.864543829066667047e-01
2.895000000000000284e+01,3.274617266399999949e+02,-4.894176550781249802e+00,-7.557546607800001703e-02
2.900000000000000000e+01,3.431782856699999797e+02,-4.894118937916666745e+00,-2.223496617060000125e-01
2.905000000000000071e+01,3.444324235000000272e+02,-4.891284623437500478e+00,-2.798293909583333128e-01
2.910000000000000142e+01,3.741890842700000235e+02,-4.892518394218750011e+00,-1.301694253533333401e-01
2.915000000000000213e+01,3.671516850200000022e+02,-4.891373521197916574e+00,-3.651248231766666685e-01
2.920000000000000284e+01,3.894457902600000239e+02,-4.895560467343750055e+00,-1.021828043966666599e-01
2.925000000000000000e+01,3.432958562300000267e+02,-4.892866500312499589e+00,-3.610401962206666315e-01
2.930000000000000071e+01,3.275462820600000100e+02,-4.892657372031250063e+00,-2.981165737853333497e-01
2.935000000000000142e+01,3.229687217100000112e+02,-4.892627355781249854e+00,-3.486393130583333999e-01
2.940000000000000213e+01,3.663902229899999838e+02,-4.897954864687499743e+00,-1.840326849913333229e-01
2.945000000000000284e+01,3.367653584099999762e+02,-4.894843204739583342e+00,-4.460895004833333455e-01
2.950000000000000000e+01,3.461587179599999899e+02,-4.897107349895833295e+00,-6.827643846633332791e-02
2.955000000000000071e+01,3.037149718800000073e+02,-4.892832782135417169e+00,2.812098526400000353e-01
2.960000000000000142e+01,3.191717185800000038e+02,-4.894505132916666668e+00,-3.441757260700000209e-01
2.965000000000000213e+01,3.399575987499999883e+02,-4.894187385989583028e+00,-1.592635685593333239e-01
2.970000000000000284e+01,3.656527998999999909e+02,-4.893415849062500378e+00,-2.943442682299999835e-01
2.975000000000000000e+01,3.866810173499999905e+02,-4.894491643281249971e+00,-1.114199910563333368e-01
2.980000000000000071e+01,3.355932498099999748e+02,-4.889016302916666667e+00,-1.333785731363333060e-01
2.985000000000000142e+01,3.643265343599999824e+02,-4.894353589010417060e+00,8.882307566666663989e-03
2.990000000000000213e+01,3.497058061199999770e+02,-4.895176690677083720e+00,-1.988364765366666329e-02
2.995000000000000284e+01,3.175151698099999749e+02,-4.893651627968750084e+00,-1.693372224333332954e-01
3.000000000000000000e+01,3.235804001700000185e+02,-4.895780701458333439e+00,1.156868790800000130e-01
3.005000000000000071e+01,3.528299022100000002e+02,-4.899947525989583497e+00,-4.684349511833333923e-01
3.010000000000000142e+01,3.345376963300000170e+02,-4.897711705052083531e+00,-2.901773498560000220e-01
3.015000000000000213e+01,2.990879249199999776e+02,-4.892537193854166411e+00,-7.991349051333331011e-02
3.020000000000000284e+01,3.203592617099999984e+02,-4.894382152552083198e+00,-2.369334448723333375e-01
3.025000000000000000e+01,3.117887310799999909e+02,-4.892486947812499487e+00,-2.554748679843333314e-01
3.030000000000000071e+01,3.544975105999999982e+02,-4.896347521718749540e+00,-4.226904341833332968e-01
3.035000000000000142e+01,3.499942539599999805e+02,-4.894439173072917093e+00,1.712298162100000035e-02
3.040000000000000213e+01,3.475277657299999987e+02,-4.893755308333333609e+00,-1.881189921933333065e-01
3.045000000000000284e+01,3.232435432799999830e+02,-4.891145987031250364e+00,-6.711953928600000729e-02
3.050000000000000000e+01,3.171210718699999802e+02,-4.891345398177083581e+00,-1.499015324339999788e-01
3.055000000000000071e+01,3.315386706099999969e+02,-4.895244827552082789e+00,-5.042357262166666798e-01
3.060000000000000142e+01,2.957181681899999717e+02,-4.893297187395833525e+00,-3.798340351000000226e-01
3.065000000000000213e+01,3.204769245400000273e+02,-4.897889398958333196e+00,-2.571567987566666935e-01
3.070000000000000284e+01,3.285519666899999720e+02,-4.899456227604166436e+00,-1.505099136370000035e-01
3.075000000000000000e+01,3.459882602600000041e+02,-4.901329660989583559e+00,1.618074086306666715e-01
3.080000000000000071e+01,3.143333263299999771e+02,-4.895704919270833066e+00,-2.847321474566666399e-01
3.085000000000000142e+01,3.693120038800000202e+02,-4.898859905104166579e+00,-2.374385117233333287e-01
3.090000000000000213e+01,3.448471411200000034e+02,-4.893877203593750558e+00,-2.807224703633333096e-01
3.095000000000000284e+01,3.533685996500000215e+02,-4.894358211041667239e+00,-3.886822615566666861e-01
3.100000000000000000e+01,3.263620163599999842e+02,-4.890748953229166140e+00,-3.456377858149999871e-01
3.105000000000000071e+01,3.678935039899999992e+02,-4.896181197760416381e+00,-2.218644799466666928e-01
3.110000000000000142e+01,3.318165223299999980e+02,-4.892104947656250147e+00,-3.791211912499999337e-01
3.115000000000000213e+01,3.163127633500000115e+02,-4.889913483177083187e+00,-2.346534474200000220e-01
3.120000000000000284e+01,3.376978133200000229e+02,-4.892091865104166715e+00,-3.070230133209999601e-01
3.125000000000000000e+01,3.683801146900000276e+02,-4.896393379270833179e+00,-1.170566883640000028e-01
3.130000000000000071e+01,3.174356405699999755e+02,-4.891674176562499810e+00,-2.458896248673333451e-01
3.135000000000000142e+01,3.213942409399999747e+02,-4.893608125468749570e+00,-3.937150430866667161e-01
3.140000000000000213e+01,3.011215275800000200e+02,-4.891905904531250293e+00,-4.339493988333332358e-02
3.145000000000000284e+01,3.566252922499999727e+02,-4.898692631770833472e+00,-4.833251529413333247e-01
3.150000000000000000e+01,3.512903446799999756e+02,-4.896530362500000066e+00,-1.154653052776666716e-01
3.155000000000000071e+01,3.573309353999999871e+02,-4.894645298177083603e+00,-4.937426295899999817e-01
3.160000000000000142e+01,3.486082896199999936e+02,-4.891132241406249470e+00,-3.474715701466666862e-01
3.165000000000000213e+01,3.689510610400000132e+02,-4.892446056614583760e+00,-2.442687959356666660e-01
3.170000000000000284e+01,3.672464380399999868e+02,-4.892496292916666434e+00,-3.944384196499999828e-01
3.175000000000000000e+01,3.585082409600000233e+02,-4.893288351145833381e+00,-2.384326243766666797e-01
3.180000000000000071e+01,3.332507432900000026e+02,-4.893407582343749951e+00,4.663931657666666591e-02
3.185000000000000142e+01,3.202950713600000086e+02,-4.894649499531250392e+00,-5.124689009499999726e-01
3.190000000000000213e+01,3.054717327800000248e+02,-4.893324174583333352e+00,-1.964347162103333433e-01
3.195000000000000284e+01,3.271390531499999952e+02,-4.895379936354166794e+00,-2.713551579956666737e-01
3.200000000000000000e+01,3.442260746100000119e+02,-4.896598533802083431e+00,-3.643083983766666756e-01
3.205000000000000426e+01,3.291921191999999792e+02,-4.893366662916666776e+00,-1.578415492300000167e-01
3.210000000000000142e+01,3.723181302099999925e+02,-4.896771645729166345e+00,-3.896105977473333648e-01
3.214999999999999858e+01,3.499028077599999733e+02,-4.893340159531249789e+00,-9.200693047566665950e-02
3.220000000000000284e+01,3.476863497400000256e+02,-4.893794189739582912e+00,-3.436194327999999437e-02
3.225000000000000000e+01,3.641688440300000025e+02,-4.897974198489583486e+00,-1.570272227210000038e-01
3.230000000000000426e+01,3.125868230300000050e+02,-4.895205416718749980e+00,3.901772174666658707e-03
3.235000000000000142e+01,3.100432491199999845e+02,-4.896954816406250188e+00,-2.187464458986666804e-01
3.239999999999999858e+01,3.117232094899999879e+02,-4.897051604739583119e+00,-1.627452539936666831e-01
3.245000000000000284e+01,3.321132743100000084e+02,-4.898546290208333431e+00,3.063569901173333054e-01
3.250000000000000000e+01,3.431470487600000183e+02,-4.898615630208333904e+00,-3.987270688903333249e-01
3.255000000000000426e+01,3.388239252899999769e+02,-4.896590553802083079e+00,4.881059406666647497e-03
3.260000000000000142e+01,3.428243754100000160e+02,-4.895802790989583819e+00,-2.359865141235667207e-01
3.264999999999999858e+01,3.326197785200000112e+02,-4.893743486770833151e+00,-1.458104603833333159e-02
3.270000000000000284e+01,3.244572481399999901e+02,-4.891768596406250502e+00,-3.511049566569999780e-01
3.275000000000000000e+01,3.356732740799999988e+02,-4.892248754895833329e+00,2.935378228600000194e-01
3.280000000000000426e+01,3.337257117300000004e+02,-4.891576083072917136e+00,-2.216108337066666767e-01
3.285000000000000142e+01,3.740543819499999927e+02,-4.896940933958332742e+00,-3.559243883899999156e-02
3.289999999999999858e+01,3.421530793700000004e+02,-4.894140062604166452e+00,7.078946362999999353e-02
3.295000000000000284e+01,3.330519154899999990e+02,-4.893997806979166754e+00,-4.075470796986666033e-01
3.300000000000000000e+01,3.436262277299999823e+02,-4.895603111145833353e+00,-1.530653700973333420e-01
3.305000000000000426e+01,3.514248891899999876e+02,-4.896675496770833469e+00,-5.375982037166667782e-01
3.310000000000000142e+01,3.577296351400000276e+02,-4.897298822447916145e+00,1.028251920933333508e-01
3.314999999999999858e+01,3.485264426800000024e+02,-4.896190134322917054e+00,-2.885382196399999821e-01
3.320000000000000284e+01,3.608472029999999791e+02,-4.897994559479166732e+00,-1.413134185433333190e-01
3.325000000000000000e+01,3.065997732800000222e+02,-4.891444067083333458e+00,6.966260337000022666e-03
3.330000000000000426e+01,3.552383102800000074e+02,-4.896634439635416669e+00,-2.506961185886666388e-01
3.335000000000000142e+01,3.571455904900000178e+02,-4.893834897604166123e+00,-4.704799507900000316e-02
3.339999999999999858e+01,3.691399613599999725e+02,-4.891607831197917200e+00,-3.972285350333333298e-01
3.345000000000000284e+01,3.321460319099999765e+02,-4.885245878645833706e+00,-3.208971132666667975e-02
3.350000000000000000e+01,3.461084275399999797e+02,-4.886589954010417181e+00,-1.328138950833333276e-01
3.355000000000000426e+01,3.694686696200000142e+02,-4.890286365416666392e+00,-1.622819380593333305e-01
3.360000000000000142e+01,3.181623686899999939e+02,-4.887114606822916762e+00,-2.083505147166666571e-01
3.364999999999999858e+01,3.161590075700000284e+02,-4.889313211145833726e+00,1.091024900466666669e-01
3.370000000000000284e+01,3.435170624300000100e+02,-4.893898855416666471e+00,-4.156137474620000272e-01
3.375000000000000000e+01,3.552420590899999979e+02,-4.896122458385416820e+00,-2.051473607966667057e-01
3.380000000000000426e+01,3.184961296399999924e+02,-4.892186780520833445e+00,-2.448249694466666515e-01
3.385000000000000142e+01,3.336025320900000111e+02,-4.894189648750000288e+00,-3.791967689700000838e-02
3.389999999999999858e+01,3.538705655200000137e+02,-4.896062459062499705e+00,-2.803257358206666661e-01
3.395000000000000284e+01,3.480915205499999843e+02,-4.892751069322916813e+00,-1.052491820316666660e-01
3.400000000000000000e+01,3.788523042699999905e+02,-4.892063416979167023e+00,-3.180199843466666176e-01
3.405000000000000426e+01,3.754847455600000217e+02,-4.889692698385416314e+00,3.161194444333332437e-02
3.410000000000000142e+01,3.997999884600000087e+02,-4.893664116354166538e+00,-1.326803812183333375e-01
3.414999999999999858e+01,3.579827608699999928e+02,-4.891512488385417079e+00,4.133034179133334152e-01
3.420000000000000284e+01,3.402391541900000220e+02,-4.892728228541666446e+00,-8.134709074399998352e-02
3.425000000000000000e+01,3.284451883500000235e+02,-4.893217453333333467e+00,1.581074230133333314e-01
3.430000000000000426e+01,3.072612443400000188e+02,-4.891289185625000258e+00,-3.446166327783333760e-01
3.435000000000000142e+01,3.537354952399999775e+02,-4.896852709583333407e+00,-1.279811776299999981e-01
3.439999999999999858e+01,3.247015241799999785e+02,-4.892641265833333364e+00,-3.147325135676666830e-01
3.445000000000000284e+01,3.287078850999999986e+02,-4.892073036562499588e+00,-1.576546308079999903e-01
3.450000000000000000e+01,3.440391134000000193e+02,-4.892531388541667248e+00,-2.359760111199999955e-01
3.455000000000000426e+01,3.462970438199999990e+02,-4.890828759010417137e+00,-4.390280458699999944e-01
3.460000000000000142e+01,3.598824277699999925e+02,-4.889664692291666448e+00,-1.617422580113333230e-01
3.464999999999999858e+01,3.807288323299999888e+02,-4.889281906979166870e+00,2.113853817133333202e-01
3.470000000000000284e+01,4.003734711600000082e+02,-4.891183612656250013e+00,-1.428128283129999898e-01
3.475000000000000000e+01,3.361354203700000198e+02,-4.886030369062500434e+00,-4.446083614400000439e-01
3.480000000000000426e+01,3.650801206099999945e+02,-4.893263201093749792e+00,-5.287292208666666271e-01
3.485000000000000142e+01,3.513474065899999914e+02,-4.894148950677083221e+00,-1.644268629379999902e-01
3.489999999999999858e+01,3.311765582099999961e+02,-4.893675367760416783e+00,2.634004665500000106e-02
3.495000000000000284e+01,3.180913355499999966e+02,-4.893049451510417036e+00,-3.789880401666667065e-01
3.500000000000000000e+01,3.168658103099999721e+02,-4.892912376458332879e+00,-1.305753346099999823e-01
3.505000000000000426e+01,3.243872336499999847e+02,-4.893620544010416573e+00,-6.048814171333333212e-01
3.510000000000000142e+01,3.584314705300000128e+02,-4.897841140572916530e+00,-2.707939100193333393e-01
3.514999999999999858e+01,3.509894732500000032e+02,-4.897902457135416832e+00,-1.672623658373333377e-01
3.520000000000000284e+01,3.088392477300000110e+02,-4.894715722760416554e+00,-2.954732775466666905e-01
3.525000000000000000e+01,3.137154128999999898e+02,-4.896620470468749708e+00,-8.182179804666667167e-02
3.530000000000000426e+01,3.230967800399999987e+02,-4.897896498229166617e+00,-4.301680293806666722e-01
3.535000000000000142e+01,3.184350704400000041e+02,-4.896556666197916741e+00,-1.098072775833333209e-01
3.539999999999999858e+01,3.433614905399999770e+02,-4.897721189999999503e+00,-2.609370302933333718e-02
3.545000000000000284e+01,3.282707392699999787e+02,-4.892960162239583077e+00,-2.528318518866666254e-01
3.550000000000000000e+01,3.404187479899999857e+02,-4.891474370677083350e+00,7.862342361766666565e-02
3.555000000000000426e+01,3.660430827100000215e+02,-4.893332707239583357e+00,-4.847531265033333536e-01
3.560000000000000142e+01,3.616016269699999839e+02,-4.893010866406250159e+00,-8.660692652566666372e-02
3.564999999999999858e+01,3.514100004100000092e+02,-4.892704405833333325e+00,-2.102634351359999876e-01
3.570000000000000284e+01,3.428656443400000171e+02,-4.893463864583333489e+00,-2.237110971966666806e-01
3.575000000000000000e+01,3.483873951200000079e+02,-4.896587410781250149e+00,-4.540162052100000234e-01
3.580000000000000426e+01,3.318929895399999737e+02,-4.896440582708333267e+00,-3.222245875033333817e-01
3.585000000000000142e+01,3.304017959399999995e+02,-4.897294059739583538e+00,-3.596355545533334030e-01
3.589999999999999858e+01,3.248443735500000003e+02,-4.896827471249999952e+00,-4.740726357699999727e-01
3.595000000000000284e+01,3.256579859000000283e+02,-4.896222862343750037e+00,2.565701838100000187e-01
3.600000000000000000e+01,3.301197028000000273e+02,-4.894963888854166889e+00,-4.624349401766666978e-01
3.605000000000000426e+01,3.415750796400000127e+02,-4.893091448541666999e+00,-2.296184735733333357e-02
3.610000000000000142e+01,3.542125190400000179e+02,-4.891930076718749909e+00,-2.789243002430000229e-01
3.614999999999999858e+01,3.792895618100000092e+02,-4.894489400104166776e+00,-1.240150387323333409e-01
3.620000000000000284e+01,3.498781707399999732e+02,-4.891538570260416385e+00,-9.574517743333332831e-02
3.625000000000000000e+01,3.843440851899999871e+02,-4.897133898489583359e+00,-5.245182265733333571e-01
3.630000000000000426e+01,3.445274118500000213e+02,-4.894291460885416889e+00,-5.822900079166667270e-02
3.635000000000000142e+01,3.353018491600000175e+02,-4.895120693854166483e+00,-4.439764984739999476e-01
3.639999999999999858e+01,3.350282402899999852e+02,-4.896110509895833296e+00,-1.094441306503333156e-01
3.645000000000000284e+01,3.185142196799999965e+02,-4.894176222916667207e+00,-3.486898258893333935e-01
3.650000000000000000e+01,3.398135872799999788e+02,-4.896009217604166075e+00,-2.268740715633333627e-01
3.655000000000000426e+01,3.405221986199999833e+02,-4.894334743124999498e+00,-7.168417340633332913e-01
3.660000000000000142e+01,3.448509254900000087e+02,-4.891917068749999764e+00,-1.620232233526666676e-01
3.664999999999999858e+01,3.550054190199999766e+02,-4.889968112708333869e+00,-7.105912214500000879e-01
3.670000000000000284e+01,4.066468435699999873e+02,-4.895444553749999983e+00,3.282040407269999904e-01
3.675000000000000000e+01,3.758380386000000044e+02,-4.894149869687500320e+00,-3.173572232003999960e-01
3.680000000000000426e+01,3.398394906500000161e+02,-4.891540469895833354e+00,-8.458741443066665477e-02
3.685000000000000142e+01,3.363850986699999908e+02,-4.891471093906250012e+00,-2.354597644639999932e-01
3.689999999999999858e+01,3.681026656099999741e+02,-4.895512280416666862e+00,1.493682399403333250e-01
3.695000000000000284e+01,3.389163250299999959e+02,-4.892680306354166397e+00,-8.479461628733335476e-02
3.700000000000000000e+01,3.191332152699999938e+02,-4.891534002447916585e+00,-3.974986948773333584e-01
3.705000000000000426e+01,3.425773883100000035e+02,-4.896135023489583737e+00,-3.245064429133333594e-01
3.710000000000000142e+01,3.280415189600000190e+02,-4.896934707083333116e+00,1.014445329306666727e-01
3.714999999999999858e+01,3.066015422099999910e+02,-4.896988831927083119e+00,-3.394865173299999594e-01
3.720000000000000284e+01,2.911346753700000249e+02,-4.896014827552083837e+00,-2.628350470933333294e-01
3.725000000000000000e+01,3.212473295199999939e+02,-4.898539638072916702e+00,-4.384419728200000255e-01
3.730000000000000426e+01,3.303154579100000205e+02,-4.896724421822916895e+00,-3.165533161899999892e-01
3.735000000000000142e+01,3.497267460599999822e+02,-4.896547205260416646e+00,-2.596097067199999373e-02
3.739999999999999858e+01,3.218647034699999949e+02,-4.891659827552083506e+00,-4.281997084933333308e-01
3.745000000000000284e+01,3.289857954899999868e+02,-4.891373618802083101e+00,-2.539463721306666755e-01
3.750000000000000000e+01,3.693328891500000282e+02,-4.895537611458332883e+00,-5.044144357466666673e-01
3.755000000000000426e+01,3.482099489299999959e+02,-4.892529640572916172e+00,-3.908512018033333812e-01
3.760000000000000142e+01,3.493547618800000123e+02,-4.892636431718750067e+00,-1.708153685386666620e-01
3.764999999999999858e+01,3.569440534099999809e+02,-4.894729480364583551e+00,-1.666866004623333286e-01
3.770000000000000284e+01,3.133166176299999961e+02,-4.893438792604166920e+00,-1.976731746130000189e-01
3.775000000000000000e+01,3.053288069299999847e+02,-4.895433999375000234e+00,-3.283630544933333617e-01
3.780000000000000426e+01,3.224181377599999792e+02,-4.898144415104166427e+00,-5.636598997966665164e-02
3.785000000000000142e+01,3.448130067199999758e+02,-4.900318606979166880e+00,-4.507544863209999586e-01
3.789999999999999858e+01,3.158742666599999893e+02,-4.895289295989583067e+00,1.454250032333333220e-01
3.795000000000000284e+01,3.550904636500000038e+02,-4.898470026718750425e+00,-2.192327617613333279e-01
3.800000000000000000e+01,3.280830318899999725e+02,-4.893390012447916604e+00,-2.427538386850000007e-01
3.805000000000000426e+01,3.690491148899999985e+02,-4.896741247239583039e+00,-9.149130151800000110e-02
3.810000000000000142e+01,3.606677297100000033e+02,-4.894890979218749827e+00,-1.771092320201666792e-01
3.814999999999999858e+01,3.384839806200000112e+02,-4.892003453385416201e+00,-5.255840644133332740e-01
3.820000000000000284e+01,3.298580248399999846e+02,-4.891363760781250569e+00,-2.630166129866666758e-01
3.825000000000000000e+01,3.468033491900000058e+02,-4.893870867864583474e+00,-2.514158783593333224e-01
3.830000000000000426e+01,3.293412822999999889e+02,-4.891987774374999987e+00,-3.743725353466667016e-01
3.835000000000000142e+01,3.661780354300000226e+02,-4.897781321718750469e+00,-2.357777126483333319e-01
3.840000000000000568e+01,3.121504167499999767e+02,-4.893502567447916896e+00,-3.139192284046666837e-01
3.845000000000000284e+01,3.365988382099999967e+02,-4.898974604270833311e+00,-6.051155867499999896e-01
3.850000000000000000e+01,2.927723247299999798e+02,-4.895273475937499619e+00,4.161746955399997505e-02
3.855000000000000426e+01,2.869921963400000209e+02,-4.895076184531250263e+00,-4.873399738866666109e-01
3.860000000000000142e+01,3.167030897800000275e+02,-4.897399895781250123e+00,4.750699493763334974e-02
3.865000000000000568e+01,3.519610364900000263e+02,-4.898273615104167256e+00,-4.052307335766666685e-01
3.870000000000000284e+01,3.486303772300000219e+02,-4.895148100468749597e+00,1.795836591763333434e-01
3.875000000000000000e+01,3.204799192199999993e+02,-4.890536396927083196e+00,-3.888815868980000090e-01
3.880000000000000426e+01,3.508428570099999888e+02,-4.893548414479166553e+00,-3.519144700866667086e-01
3.885000000000000142e+01,3.629457140800000161e+02,-4.894605464843750475e+00,-3.820290686500000255e-01
3.890000000000000568e+01,3.393261393299999895e+02,-4.891882451718750247e+00,-2.547341687389999554e-01
3.895000000000000284e+01,3.383284037399999988e+02,-4.892233717552083583e+00,-1.176203511883333191e-01
3.900000000000000000e+01,3.382342605399999798e+02,-4.892690660520833568e+00,-3.928160564666666743e-01
3.905000000000000426e+01,3.487646508999999924e+02,-4.894745204687500184e+00,-2.115689070733333399e-01
3.910000000000000142e+01,3.355618544399999905e+02,-4.895382913802083458e+00,-4.030700285566666263e-01
3.915000000000000568e+01,3.311284142999999744e+02,-4.897205434479166897e+00,-3.645546851833333935e-01
3.920000000000000284e+01,3.151002458699999806e+02,-4.896868148541666521e+00,-6.336861980039999731e-02
3.925000000000000000e+01,3.005210562299999992e+02,-4.895160583177083247e+00,-2.866242799300000033e-01
3.930000000000000426e+01,3.285426220800000010e+02,-4.896878434427082816e+00,-1.023657893033334300e-02
3.935000000000000142e+01,3.527150622500000168e+02,-4.897736868645833574e+00,-3.376506126433333477e-01
3.940000000000000568e+01,3.519076039199999855e+02,-4.896314271562499876e+00,7.825568472999999692e-02
3.945000000000000284e+01,3.564317424999999844e+02,-4.896009634427083590e+00,-9.618534224166667979e-02
3.950000000000000000e+01,3.227997055800000226e+02,-4.891209194843749941e+00,-2.480040610003333423e-01
3.955000000000000426e+01,3.454073726899999883e+02,-4.892447092239582851e+00,-4.250633491186666668e-01
3.960000000000000142e+01,3.898185773499999982e+02,-4.895266879270833371e+00,-2.604327798586666964e-01
3.965000000000000568e+01,3.556389237399999956e+02,-4.889380118697916444e+00,-2.596875761833333240e-01
3.970000000000000284e+01,3.642398509999999874e+02,-4.890583943229166231e+00,-3.779627391933333413e-01
3.975000000000000000e+01,3.465090680199999724e+02,-4.889763781562499467e+00,-1.102714996133333375e-01
3.980000000000000426e+01,3.551964918300000136e+02,-4.893882316979166980e+00,-9.486436606799998617e-02
3.985000000000000142e+01,3.520422680899999932e+02,-4.897068263229166440e+00,-3.924970318136666303e-01
3.990000000000000568e+01,3.663374052500000175e+02,-4.900562150937500583e+00,-2.884900744000000183e-01
3.995000000000000284e+01,3.229409334900000204e+02,-4.895816545677083020e+00,-2.771334719153333292e-01
4.000000000000000000e+01,3.285933896299999901e+02,-4.896046529322917173e+00,-2.003577094633333111e-01
4.005000000000000426e+01,3.302828344499999957e+02,-4.894748352760417198e+00,-4.986451689366666606e-01
4.010000000000000142e+01,3.466565609799999947e+02,-4.895138992499999731e+00,-1.825115055899999839e-01
4.015000000000000568e+01,3.416498025299999881e+02,-4.893066482656250216e+00,-3.324725582116667133e-01
4.020000000000000284e+01,3.639919747899999720e+02,-4.894121330468750308e+00,-3.998841907266666440e-01
4.025000000000000000e+01,3.321552690799999823e+02,-4.888538854218750451e+00,-1.188049799299999987e-01
4.030000000000000426e+01,3.522630210400000124e+02,-4.890379018020833080e+00,-1.938554108600000214e-01
4.035000000000000142e+01,3.605299425200000201e+02,-4.892639122447916655e+00,1.120773742639999959e-01
4.040000000000000568e+01,3.666671646699999769e+02,-4.897674039427083237e+00,-2.513064255466666563e-01
4.045000000000000284e+01,3.038284230099999945e+02,-4.892949213854167034e+00,2.948546897699998517e-02
4.050000000000000000e+01,3.193738432900000248e+02,-4.895589955104166613e+00,-4.553766214699999648e-01
4.055000000000000426e+01,3.298213347299999896e+02,-4.896378685364583205e+00,7.897700936533331995e-02
4.060000000000000142e+01,3.517023813900000277e+02,-4.897728059687500135e+00,-2.517156586466666734e-01
4.065000000000000568e+01,3.448207312200000274e+02,-4.895124330052083472e+00,-1.292436304366666698e-02
4.070000000000000284e+01,3.491637150799999745e+02,-4.893823508697916935e+00,-1.620372188133334043e-02
4.075000000000000000e+01,3.520003764799999999e+02,-4.891889893333333461e+00,5.930165496433333766e-02
4.080000000000000426e+01,3.666392910999999799e+02,-4.891062714583333637e+00,-4.727631389366666187e-02
4.085000000000000142e+01,3.815465732800000183e+02,-4.890989142812499857e+00,-1.179705401660000041e-01
4.090000000000000568e+01,3.695234089599999834e+02,-4.889331737135417022e+00,7.480489630999999362e-02
4.095000000000000284e+01,3.504161917700000117e+02,-4.889745202656249567e+00,-3.170682314400000146e-01
4.100000000000000000e+01,3.505511219499999811e+02,-4.894528948645833211e+00,-1.810503091999999814e-01
4.105000000000000426e+01,3.338298627400000100e+02,-4.895275642135416660e+00,-3.699348772799999630e-01
4.110000000000000142e+01,3.360161926399999857e+02,-4.897020895364582849e+00,-2.435251183240000061e-01
4.115000000000000568e+01,3.381315105599999811e+02,-4.897516623697916849e+00,-1.058690574530000011e-01
4.120000000000000284e+01,3.552147964399999864e+02,-4.898976771718749568e+00,-3.857051479199999910e-01
4.125000000000000000e+01,3.271257909999999924e+02,-4.894871679739583037e+00,-1.342203505850000089e-01
4.130000000000000426e+01,3.177606570799999872e+02,-4.892402260677083170e+00,-4.774975977900000057e-01
4.135000000000000142e+01,3.490821150500000272e+02,-4.893072706354167245e+00,2.306422028600000063e-01
4.140000000000000568e+01,3.780961742599999980e+02,-4.893704282968750263e+00,-7.002639578599999526e-01
4.145000000000000284e+01,3.353116972199999850e+02,-4.887577498125000197e+00,-1.986512017633333682e-01
4.150000000000000000e+01,3.498477575300000240e+02,-4.889644822812500458e+00,-5.281945972233333952e-01
4.155000000000000426e+01,3.630837190199999895e+02,-4.892177918333333153e+00,-1.653675390400000111e-02
4.160000000000000142e+01,3.322065026000000216e+02,-4.889751984583333488e+00,-2.602851726533332924e-02
4.165000000000000568e+01,3.425746457899999768e+02,-4.892278296927083048e+00,-2.685336656466666416e-01
4.170000000000000284e+01,3.558318075899999826e+02,-4.895148376458332784e+00,-1.887905496079999787e-02
4.175000000000000000e+01,3.594832080300000143e+02,-4.897544119374999561e+00,-3.576309798533333084e-01
4.180000000000000426e+01,3.038329007599999727e+02,-4.893028906666667233e+00,-3.445913541946666325e-01
4.185000000000000142e+01,2.996253532100000143e+02,-4.893405525156249603e+00,-5.628350606178333937e-02
4.190000000000000568e+01,3.382658521199999768e+02,-4.897680278020833278e+00,-2.353846271266666623e-01
4.195000000000000284e+01,3.405499042399999894e+02,-4.897162032760416395e+00,-1.029523268216666620e-01
4.200000000000000000e+01,3.206852145299999961e+02,-4.894304392187500241e+00,1.555451745033333277e-01
4.205000000000000426e+01,3.215772488100000146e+02,-4.893755745833333393e+00,-2.733483656593333477e-01
4.210000000000000142e+01,3.485297428900000227e+02,-4.896025377968750369e+00,-3.047336129400000093e-01
4.215000000000000568e+01,3.492506102099999907e+02,-4.895145850625000072e+00,2.416504016913333386e-01
4.220000000000000284e+01,3.452451656900000216e+02,-4.894595300104167102e+00,-1.468486626275333495e-01
4.225000000000000000e+01,3.479785671299999876e+02,-4.895368491770833330e+00,-2.120872979299999808e-02
4.230000000000000426e+01,3.295118336300000124e+02,-4.894687556666666772e+00,-3.129239218613333318e-01
4.235000000000000142e+01,3.177603872199999842e+02,-4.896865605052083126e+00,-1.853380008666666579e-01
4.240000000000000568e+01,3.041011415899999974e+02,-4.897471240781249513e+00,-1.017575545100000006e-01
4.245000000000000284e+01,3.208711485300000277e+02,-4.899840097291666474e+00,-1.219167630993333168e-01
4.250000000000000000e+01,3.281422339200000238e+02,-4.899701835572916941e+00,-3.271403824133333749e-01
4.255000000000000426e+01,3.393099536899999862e+02,-4.898753203645832777e+00,-3.195182113799999724e-01
4.260000000000000142e+01,3.365935044199999879e+02,-4.895433317708333121e+00,-8.815033015489999457e-02
4.265000000000000568e+01,3.255689460799999893e+02,-4.892182201354166260e+00,-4.870493065500000607e-01
4.270000000000000284e+01,3.426273549300000241e+02,-4.893517276458333676e+00,7.078439262333334481e-02
4.275000000000000000e+01,3.546341897300000028e+02,-4.894479616666666644e+00,-5.948003095533332951e-01
4.280000000000000426e+01,3.642018088799999873e+02,-4.895668010520833668e+00,-2.102447500799999869e-01
4.285000000000000142e+01,3.332880861200000027e+02,-4.892840080625000532e+00,-1.332317996513333325e-01
4.290000000000000568e+01,3.716025407600000108e+02,-4.899012076458332920e+00,-4.991101675666666515e-01
4.295000000000000284e+01,3.300106468600000085e+02,-4.895068362031250508e+00,-4.570332990933332895e-01
4.300000000000000000e+01,3.249513642800000071e+02,-4.894656064166666987e+00,-9.242014402333326162e-03
4.305000000000000426e+01,3.314070301200000017e+02,-4.894088506510416714e+00,4.490733714966665957e-02
4.310000000000000142e+01,3.667095521800000029e+02,-4.895677753854166703e+00,-5.251879981199999436e-01
4.315000000000000568e+01,3.739001999199999773e+02,-4.893965115677083588e+00,-3.031400041766666997e-01
4.320000000000000284e+01,3.702422936500000219e+02,-4.892721202135416725e+00,-1.009063735666652526e-03
4.325000000000000000e+01,3.650046847699999830e+02,-4.893033396875000385e+00,-6.615821540366667586e-02
4.330000000000000426e+01,3.420749558800000045e+02,-4.891633140468750085e+00,-5.354287638900000479e-01
4.335000000000000142e+01,3.202418607500000007e+02,-4.890233925468749909e+00,1.635634588900000130e-01
4.340000000000000568e+01,2.962775182199999904e+02,-4.887772958333333584e+00,-3.443580224466666340e-01
4.345000000000000284e+01,3.468529387400000132e+02,-4.893787095416667121e+00,1.285731500516666681e-01
4.350000000000000000e+01,3.413212965600000075e+02,-4.892651317916667075e+00,-4.267469136100000004e-01
4.355000000000000426e+01,3.325953118300000142e+02,-4.891229291822916103e+00,-2.621244550399999818e-01
4.360000000000000142e+01,3.580740164000000050e+02,-4.894357953645832815e+00,-1.464569502833333071e-02
4.365000000000000568e+01,3.269052494700000011e+02,-4.891991803385416837e+00,-1.064405582466666639e-01
4.370000000000000284e+01,3.304160939399999961e+02,-4.895677184427083439e+00,-5.743219759866666774e-01
4.375000000000000000e+01,3.310695669699999826e+02,-4.898750158541666622e+00,-3.233424346999999588e-01
4.380000000000000426e+01,3.206523955200000273e+02,-4.898603508749999946e+00,-1.517106420599999839e-01
4.385000000000000142e+01,3.152781662099999949e+02,-4.897578410312499742e+00,-2.135138381463333734e-01
4.390000000000000568e+01,3.358848115299999790e+02,-4.898702186666667124e+00,-3.205301854500000047e-01
4.395000000000000284e+01,3.391395257400000105e+02,-4.896822487656249834e+00,-4.871426601833332981e-01
4.400000000000000000e+01,3.377513711099999796e+02,-4.893796196145832944e+00,-5.386300867366666800e-01
4.405000000000000426e+01,3.391259720799999968e+02,-4.892394266093750055e+00,1.888456393966666744e-02
4.410000000000000142e+01,3.357498127900000213e+02,-4.891473119166666272e+00,-3.018061726140000012e-01
4.415000000000000568e+01,3.445799116100000106e+02,-4.892056436145833409e+00,-3.211755214433333339e-01
4.420000000000000284e+01,3.706368731800000091e+02,-4.895198323020832909e+00,-3.605864309789999500e-01
4.425000000000000000e+01,3.736294405699999857e+02,-4.897392753854166614e+00,-2.755227207500000053e-01
4.430000000000000426e+01,3.275108835799999838e+02,-4.894487891249999834e+00,-1.175702691733333388e-01
4.435000000000000142e+01,3.400309150400000249e+02,-4.897476281666667042e+00,-4.548581010666666313e-01
4.440000000000000568e+01,3.258857568399999991e+02,-4.896367218229166873e+00,-2.245556484233333094e-01
4.445000000000000284e+01,3.330982080800000062e+02,-4.897025656458333209e+00,-3.921685493533333400e-01
4.450000000000000000e+01,3.074836717300000259e+02,-4.892728746979166488e+00,-2.551325614000010678e-03
4.455000000000000426e+01,3.311699428699999999e+02,-4.894266221666666361e+00,-3.541633505999999820e-01
4.460000000000000142e+01,3.153281787199999826e+02,-4.891026079375000002e+00,-1.007106424466666789e-01
4.465000000000000568e+01,3.435480073599999855e+02,-4.893522367343750012e+00,-2.930009724966666784e-01
4.470000000000000284e+01,3.551552785200000244e+02,-4.894376833541666194e+00,-3.717507526699999620e-01
4.475000000000000000e+01,3.551381098499999780e+02,-4.894657354895833201e+00,7.444637974720001716e-02
4.480000000000000426e+01,3.235336955399999965e+02,-4.891929426718749419e+00,-4.462596314266666364e-01
4.485000000000000142e+01,3.309071963900000242e+02,-4.893742842031250539e+00,-3.565377018616666116e-01
4.490000000000000568e+01,3.264106059200000232e+02,-4.893470521354166713e+00,-4.706699259699999999e-02
4.495000000000000284e+01,3.367243497800000114e+02,-4.894012133437500189e+00,-3.417178594199999364e-01
4.500000000000000000e+01,3.557252881499999830e+02,-4.894330439947916389e+00,1.042344159723333358e-01
4.505000000000000426e+01,3.938623779900000272e+02,-4.896487004531249632e+00,-2.899099425266666308e-01
4.510000000000000142e+01,3.496926992100000007e+02,-4.890366869739582789e+00,-3.729012161899999955e-01
4.515000000000000568e+01,3.520951742799999806e+02,-4.891128669375000015e+00,-4.863216354866666674e-02
4.520000000000000284e+01,3.436098209599999791e+02,-4.891484886770833818e+00,1.554215167619999727e-01
4.525000000000000000e+01,3.308393214800000237e+02,-4.893245710416667116e+00,3.777490722233333709e-01
4.530000000000000426e+01,3.449007576600000107e+02,-4.898092596406249832e+00,-3.321688055366666670e-01
4.535000000000000142e+01,3.176254279899999915e+02,-4.895976972656249870e+00,-4.656257754653332914e-01
4.540000000000000568e+01,3.274122660699999869e+02,-4.897200028593750254e+00,-2.575414182133333174e-01
4.545000000000000284e+01,3.390378233999999793e+02,-4.897961156718749542e+00,6.663141252366666656e-02
4.550000000000000000e+01,3.372439590199999770e+02,-4.896420705312499955e+00,-3.365075389156667041e-01
4.555000000000000426e+01,3.087886727700000051e+02,-4.891000076197916435e+00,-3.210877784388333489e-01
4.560000000000000142e+01,3.375090294099999824e+02,-4.891870534947917015e+00,-4.991852293566665932e-01
4.565000000000000568e+01,3.788298454200000265e+02,-4.894817297239582921e+00,1.283150508499999488e-02
4.570000000000000284e+01,3.416439679399999818e+02,-4.889979093385416142e+00,-3.974519912946666289e-01
4.575000000000000000e+01,3.397675080399999956e+02,-4.889743473385416372e+00,-1.670072936600000557e-02
4.580000000000000426e+01,3.382279881200000204e+02,-4.889418457031250220e+00,-4.038631807199999924e-01
4.585000000000000142e+01,3.461705329299999789e+02,-4.890488719479166413e+00,5.169098160999999886e-02
4.590000000000000568e+01,3.503547546500000180e+02,-4.891865243489583293e+00,-4.343500477100000201e-01
4.595000000000000284e+01,3.225846183400000200e+02,-4.890457739531250070e+00,-3.928666892073334055e-02
4.600000000000000000e+01,3.267617046299999970e+02,-4.893970952760416715e+00,-3.419225091900000013e-01
4.605000000000000426e+01,3.377655847600000243e+02,-4.897563606302083095e+00,-5.654427216166667547e-01
4.610000000000000142e+01,3.304032059099999969e+02,-4.897682829270833871e+00,-1.801239587246666884e-01
4.615000000000000568e+01,3.317428862599999775e+02,-4.898072282239582798e+00,2.864412947833333556e-02
4.620000000000000284e+01,3.310476070199999867e+02,-4.897384716927082771e+00,-2.304172016503333031e-01
4.625000000000000000e+01,3.439989706599999977e+02,-4.897417729895833460e+00,-2.687594836899999673e-01
4.630000000000000426e+01,3.614088038400000187e+02,-4.897612372083333554e+00,-1.896917635600000318e-01
4.635000000000000142e+01,3.388601374899999996e+02,-4.893329605729166865e+00,-3.318067255259999904e-01
4.640000000000000568e+01,3.438968832400000224e+02,-4.892675873489583438e+00,-6.832930166466666400e-02
4.645000000000000284e+01,3.538406733900000063e+02,-4.892530662343749448e+00,-6.480689488366664364e-02
4.650000000000000000e+01,3.267050020899999936e+02,-4.888187767499999836e+00,-2.503696067466666952e-01
4.655000000000000426e+01,3.488736818300000095e+02,-4.889769923906249538e+00,-1.796351353300000009e-01
4.660000000000000142e+01,3.670552118499999779e+02,-4.890614457968750273e+00,2.025259772000000125e-01
4.665000000000000568e+01,3.553417775300000017e+02,-4.888116007083333159e+00,-5.143841150633333692e-01
4.670000000000000284e+01,3.433363448999999719e+02,-4.886384625833333217e+00,-1.076048074186333192e-01
4.675000000000000000e+01,3.723304861299999970e+02,-4.891048137083333636e+00,-6.264372194333331367e-02
4.680000000000000426e+01,3.823729560599999786e+02,-4.895946594062499990e+00,-1.741086351530000131e-01
4.685000000000000142e+01,3.358210382699999741e+02,-4.894036221822916310e+00,-2.866392660776667101e-01
4.690000000000000568e+01,3.298871535800000174e+02,-4.894629084062500191e+00,-2.557809932899999805e-01
4.695000000000000284e+01,3.356793762600000264e+02,-4.895520307187499753e+00,-1.130376686266666847e-01
4.700000000000000000e+01,3.440673078899999950e+02,-4.896583175416666656e+00,-1.003725443796666533e-01
4.705000000000000426e+01,3.506079226200000107e+02,-4.897801272760417213e+00,-1.093824918499999993e-01
4.710000000000000142e+01,3.206366835900000183e+02,-4.894586495885416610e+00,-1.481089146643333188e-01
4.715000000000000568e+01,3.155041269199999761e+02,-4.893537536250000208e+00,-3.737418921366666424e-01
4.720000000000000284e+01,3.583352125200000273e+02,-4.896665497864582939e+00,-1.136603373760000091e-01
4.725000000000000000e+01,3.699415396200000146e+02,-4.895433171041666753e+00,-3.617229761446666969e-01
4.730000000000000426e+01,3.507618188399999895e+02,-4.891877788333332866e+00,-5.748183492499999714e-01
4.735000000000000142e+01,3.524122680699999819e+02,-4.891371943593750160e+00,1.596296453200000617e-02
4.740000000000000568e+01,3.437931638599999928e+02,-4.890133328281249803e+00,-4.233616847333332989e-01
4.745000000000000284e+01,3.269482498099999930e+02,-4.888761004114583919e+00,-4.605046260833333682e-01
4.750000000000000000e+01,3.416408553800000050e+02,-4.892597727864583135e+00,-1.497094519333333207e-01
4.755000000000000426e+01,3.183485895800000094e+02,-4.892377253802083104e+00,-3.753167028669999739e-01
4.760000000000000142e+01,3.180332032200000185e+02,-4.894212462760417104e+00,-1.046918237849999850e-01
4.765000000000000568e+01,3.224013351099999909e+02,-4.895610591354166097e+00,-5.299157104730000123e-01
4.770000000000000284e+01,3.205698235099999920e+02,-4.895206640312499857e+00,-2.124424642366666838e-01
4.775000000000000000e+01,3.490472230500000137e+02,-4.897594577760416179e+00,-3.448309745866666720e-01
4.780000000000000426e+01,3.377774769900000251e+02,-4.894398814427083799e+00,-3.439740323043332659e-01
4.785000000000000142e+01,3.768154265900000155e+02,-4.896861454999999808e+00,-2.013030219033332957e-01
4.790000000000000568e+01,3.321569802800000275e+02,-4.889752464999999937e+00,-2.160059579789999906e-01
4.795000000000000284e+01,3.558863390600000116e+02,-4.891370175885416671e+00,-4.032970039833332909e-01
4.800000000000000000e+01,3.582553407099999845e+02,-4.890324984791666552e+00,-2.126974599433333335e-01
4.805000000000000426e+01,3.723361975999999913e+02,-4.890888022083333730e+00,-2.221323269446666693e-01
4.810000000000000142e+01,4.015837787599999729e+02,-4.892349419114583320e+00,-2.280184767466666707e-01
4.815000000000000568e+01,3.546367664200000149e+02,-4.885994421041666591e+00,1.531237378666666649e-02
4.820000000000000284e+01,3.522766546899999867e+02,-4.887480397135417043e+00,-2.216400894089999574e-01
4.825000000000000000e+01,3.573315312600000198e+02,-4.892204703802083721e+00,-8.833431939566666058e-02
4.830000000000000426e+01,3.207348654699999884e+02,-4.890936155416667042e+00,4.553177365333332949e-02
4.835000000000000142e+01,3.370028791099999808e+02,-4.894234959114583283e+00,-4.373661763233333555e-01
4.840000000000000568e+01,3.312864489599999729e+02,-4.893955386822916864e+00,-2.023797948766666577e-01
4.845000000000000284e+01,3.211839153099999749e+02,-4.893009584010417079e+00,-5.061666921099999827e-01
4.850000000000000000e+01,3.309591840400000251e+02,-4.894188174322916751e+00,-6.316029702566666737e-02
4.855000000000000426e+01,3.243855660599999737e+02,-4.891850855572916323e+00,-3.708845369866666242e-01
4.860000000000000142e+01,3.575389768900000149e+02,-4.892749179739583454e+00,1.386708192870000078e-01
4.865000000000000568e+01,3.621702137199999925e+02,-4.890705018697916628e+00,-2.436799426616666764e-01
4.870000000000000284e+01,3.649054466100000127e+02,-4.890355795677083783e+00,2.051847916466666699e-01
4.875000000000000000e+01,3.596562933899999734e+02,-4.890816385156250057e+00,-3.502907944596666545e-01
4.880000000000000426e+01,3.334893008600000144e+02,-4.889088916718749900e+00,-2.976738218073333164e-01
4.885000000000000142e+01,3.564243316600000071e+02,-4.893335474114583583e+00,-3.957412730500000086e-01
4.890000000000000568e+01,3.355136920799999984e+02,-4.892287678645833360e+00,-1.994471919733333543e-01
4.895000000000000284e+01,3.311988463299999808e+02,-4.892830098020833240e+00,-2.568904654393333042e-01
4.900000000000000000e+01,3.484398095899999817e+02,-4.895683748802083457e+00,-9.273746858533334081e-02
4.905000000000000426e+01,3.267016005599999744e+02,-4.893517199427082964e+00,-3.244062124383332857e-01
4.910000000000000142e+01,3.174579918499999849e+02,-4.892074552239583873e+00,-3.369502498566667170e-01
4.915000000000000568e+01,3.579139849499999855e+02,-4.894998699479166326e+00,1.503748429800000064e-01
4.920000000000000284e+01,3.743454432899999915e+02,-4.893272815468749926e+00,-2.231999343549999903e-01
4.925000000000000000e+01,3.740103433099999961e+02,-4.890759518593750244e+00,-3.499406575133333364e-02
4.930000000000000426e+01,3.542338844999999878e+02,-4.887679028072916765e+00,-1.579575965030000084e-01
4.935000000000000142e+01,3.576489664800000128e+02,-4.888940794739583318e+00,-1.940477386733333309e-01
4.940000000000000568e+01,3.654099196299999903e+02,-4.892660207864583555e+00,-2.556053219166666834e-01
4.945000000000000284e+01,3.216935331600000154e+02,-4.892049800989583197e+00,2.698590798366666821e-01
4.950000000000000000e+01,3.265795575500000041e+02,-4.895332641562499809e+00,-1.704315473503333067e-01
4.955000000000000426e+01,3.250967116799999985e+02,-4.896159662291666770e+00,-2.142145847866666619e-01
4.960000000000000142e+01,3.187649486000000252e+02,-4.895330863385416897e+00,-3.259703861043333206e-01
4.965000000000000568e+01,3.218112953400000151e+02,-4.894506760416667213e+00,-4.371889539700000160e-01
4.970000000000000284e+01,3.475605198299999756e+02,-4.895372411302083115e+00,-4.654435585566667893e-02
4.975000000000000000e+01,3.409277020399999856e+02,-4.892090154843749872e+00,-4.556711215266665699e-02
4.980000000000000426e+01,3.533559440500000051e+02,-4.892024510729166664e+00,-2.316950071416666868e-01
4.985000000000000142e+01,4.030858812800000237e+02,-4.897894551718749767e+00,-1.157959338389999981e-01
4.990000000000000568e+01,3.486136277900000096e+02,-4.892346933906249973e+00,1.272288025299999903e-01
4.995000000000000284e+01,3.365496442300000126e+02,-4.892191329843750047e+00,-7.727852170000003122e-03
5.000000000000000000e+01,3.396923847699999897e+02,-4.893549740677083371e+00,-2.485804640723333347e-01
5.005000000000000426e+01,3.206066716400000018e+02,-4.892063333229166311e+00,-1.751830443666665960e-02
5.010000000000000142e+01,3.317780655999999908e+02,-4.893693118177083079e+00,-6.149493114733333154e-01
5.015000000000000568e+01,3.297145492399999966e+02,-4.893086580833332810e+00,-1.287539744763333271e-01
5.020000000000000284e+01,3.356709039599999755e+02,-4.893216579427083879e+00,-1.904493766413333233e-01
5.025000000000000000e+01,3.305775771300000088e+02,-4.891795124479166645e+00,-1.968537975583333210e-01
5.030000000000000426e+01,3.235225709399999801e+02,-4.889435757135417226e+00,-3.531972118569999819e-01
5.035000000000000142e+01,3.770273076299999957e+02,-4.893859765781249926e+00,-4.371342412466667215e-01
5.040000000000000568e+01,3.413296571600000107e+02,-4.887630710468750195e+00,-3.540171422333333595e-01
5.045000000000000284e+01,3.650547942200000193e+02,-4.889945843125000025e+00,-3.694647906366666512e-01
5.050000000000000000e+01,3.531821959900000252e+02,-4.889626148333333866e+00,-3.380484397333332613e-01
5.055000000000000426e+01,3.553607358699999850e+02,-4.893899484479166340e+00,-3.652258727333332899e-01
5.060000000000000142e+01,3.367050647799999865e+02,-4.895146743854167148e+00,-8.800737253666664206e-02
5.065000000000000568e+01,3.224366339499999867e+02,-4.894639100885416205e+00,-3.024066747103333341e-01
5.070000000000000284e+01,3.275670907800000009e+02,-4.895632413958333373e+00,-3.940817196433332725e-02
5.075000000000000000e+01,3.160546741100000077e+02,-4.894066358124999461e+00,-6.060641537166666648e-01
5.080000000000000426e+01,3.437214713800000254e+02,-4.896760683229167022e+00,-1.825572268466666911e-02
5.085000000000000142e+01,3.397887648099999751e+02,-4.894603119166666794e+00,-2.458864626533333320e-01
5.090000000000000568e+01,3.593704002700000046e+02,-4.894363925677082783e+00,5.192137724556666889e-02
5.095000000000000284e+01,3.631224726099999884e+02,-4.892167309895833149e+00,-4.910720626900000330e-01
5.100000000000000000e+01,3.836045402899999885e+02,-4.893150149999999421e+00,-3.471039291999999943e-01
5.105000000000000426e+01,3.637613041000000180e+02,-4.890560349322917055e+00,-2.947602423666666471e-01
5.110000000000000142e+01,3.768115266300000030e+02,-4.892698476093749527e+00,-1.757540466846666538e-01
5.115000000000000568e+01,3.440302014200000258e+02,-4.889900471770833867e+00,-3.785472746599999883e-01
5.120000000000000284e+01,3.624890703099999882e+02,-4.893511799010416219e+00,-1.331494522639999900e-01
5.125000000000000000e+01,3.253602141700000061e+02,-4.889668154583333148e+00,-4.410430647700000484e-01
5.130000000000000426e+01,3.274337044800000172e+02,-4.890310853697916293e+00,-4.272697892899999794e-01
5.135000000000000142e+01,3.528699139999999943e+02,-4.894247532447916882e+00,-3.861565993000000141e-01
5.140000000000000568e+01,3.294818495700000085e+02,-4.893153616510416803e+00,-7.963178341133333449e-01
5.145000000000000284e+01,3.260915308300000106e+02,-4.894944675833333925e+00,-4.080521921500000482e-01
5.150000000000000000e+01,3.109684694300000274e+02,-4.895700345624999450e+00,-3.677365102233333682e-01
5.155000000000000426e+01,3.058088242700000023e+02,-4.897321447187500176e+00,-1.947212871476667051e-01
5.160000000000000142e+01,2.928971707800000104e+02,-4.896193720468749788e+00,-2.402149386676666609e-01
5.165000000000000568e+01,3.335332601700000055e+02,-4.899238686562499723e+00,1.352723508833333921e-02
5.170000000000000284e+01,3.214812003299999787e+02,-4.893276587708332848e+00,-2.000501271403333226e-01
5.175000000000000000e+01,3.533628563999999983e+02,-4.894051556562500238e+00,-3.573397953899999924e-01
5.180000000000000426e+01,3.605208016899999848e+02,-4.894227914427083270e+00,-6.946249905833333516e-02
5.185000000000000142e+01,3.449407912500000180e+02,-4.892679679479166488e+00,1.165231043000000688e-02
5.190000000000000568e+01,3.404605120699999929e+02,-4.892570496093750165e+00,-2.696279718733333719e-01
5.195000000000000284e+01,3.313787098799999740e+02,-4.891831810572916162e+00,2.735844146333331686e-02
5.200000000000000000e+01,3.536087440800000081e+02,-4.895109950260416731e+00,-2.770720498500000573e-01
5.205000000000000426e+01,3.364553782799999908e+02,-4.894158535364582896e+00,-2.337760820033333020e-01
5.210000000000000142e+01,3.144071741800000268e+02,-4.892885457708333163e+00,-8.341447413666666991e-03
5.215000000000000568e+01,3.089065094200000203e+02,-4.893430243125000523e+00,-3.894426776499999576e-01
5.220000000000000284e+01,3.394219168100000275e+02,-4.897878791197916470e+00,-3.529036713719999607e-01
5.225000000000000000e+01,3.067961723500000062e+02,-4.893552099322916682e+00,-1.644493762133333037e-01
5.230000000000000426e+01,3.055491821400000276e+02,-4.891291418749999842e+00,-1.273434678049999713e-01
5.235000000000000142e+01,3.741128198299999781e+02,-4.896294491562500184e+00,-3.095522878699999980e-01
5.240000000000000568e+01,3.552127994200000103e+02,-4.891872065052083052e+00,-5.542394989466666866e-01
5.245000000000000284e+01,4.075988159600000245e+02,-4.897541850468750013e+00,-4.664609717566666203e-01
5.250000000000000000e+01,3.517074124700000084e+02,-4.891701145989583388e+00,-1.308494031500000154e-01
5.255000000000000426e+01,3.137138266700000031e+02,-4.888614982812500287e+00,-3.019140955426666828e-01
5.260000000000000142e+01,3.548638929699999949e+02,-4.894749364270833070e+00,-3.470576792266666377e-01
5.265000000000000568e+01,3.346721105799999805e+02,-4.893829150468749667e+00,-1.914722430899999939e-01
5.270000000000000284e+01,3.182944589100000030e+02,-4.893851362447916742e+00,-4.613700509199999966e-01
5.275000000000000000e+01,3.423887315900000203e+02,-4.900045207395833380e+00,-2.110657590033333530e-01
5.280000000000000426e+01,2.974650302000000011e+02,-4.898344746979167219e+00,-5.806435319866666278e-01
5.285000000000000142e+01,2.928676655599999776e+02,-4.898609092968750467e+00,-1.815439640926666820e-01
5.290000000000000568e+01,2.948864558500000044e+02,-4.897477322916667042e+00,-6.165973253866666726e-01
5.295000000000000284e+01,3.306321849199999861e+02,-4.899651351770833330e+00,-1.122024988693333253e-01
5.300000000000000000e+01,3.261438293499999759e+02,-4.896936162083333599e+00,-9.275913423233335398e-02
5.305000000000000426e+01,3.471204346700000087e+02,-4.897537587656249691e+00,-3.349775446830000614e-01
5.310000000000000142e+01,3.437001280599999973e+02,-4.894870816093749966e+00,-2.483603091766667104e-01
5.315000000000000568e+01,3.419283558700000185e+02,-4.892935005156250128e+00,-3.002081340100000162e-01
5.320000000000000284e+01,3.431595075000000179e+02,-4.891880964895833905e+00,-6.618439274233333114e-01
5.325000000000000000e+01,3.554439296099999979e+02,-4.892113206197916675e+00,-9.362770188199998067e-02
5.330000000000000426e+01,3.761020242399999916e+02,-4.894045215052083897e+00,-4.616566065266667351e-01
5.335000000000000142e+01,3.516194346099999848e+02,-4.891999701354166952e+00,-2.252794466799999673e-01
5.340000000000000568e+01,3.314993956899999716e+02,-4.892789942552083104e+00,-3.004616170576666634e-01
5.345000000000000284e+01,3.332351494100000195e+02,-4.896551725572916958e+00,-2.442936727056666812e-01
5.350000000000000000e+01,2.977217180999999755e+02,-4.893382357343750044e+00,-3.239191464573333290e-01
5.355000000000000426e+01,3.257169985200000042e+02,-4.896476163437499807e+00,-3.157745659966666452e-01
5.360000000000000142e+01,3.172816431100000045e+02,-4.894197610364583007e+00,-3.690041536466666661e-01
5.365000000000000568e+01,3.230402531899999872e+02,-4.893320208020833562e+00,6.654776805333328937e-03
5.370000000000000284e+01,3.389153030900000090e+02,-4.894027246510416873e+00,-5.159138046200000272e-01
5.375000000000000000e+01,3.757506112199999961e+02,-4.898246137812500400e+00,-1.265025666250000069e-01
5.380000000000000426e+01,3.219071483199999761e+02,-4.891479682916666683e+00,-2.101711934823333461e-01
5.385000000000000142e+01,3.436956686999999988e+02,-4.894067689375000363e+00,-2.112166188106666675e-01
5.390000000000000568e+01,3.356017086900000095e+02,-4.893134953541666832e+00,-2.813622172200000437e-01
5.395000000000000284e+01,3.536773149399999738e+02,-4.895455714062499908e+00,-3.036461051993333271e-01
5.400000000000000000e+01,3.551992251799999849e+02,-4.896060377916666262e+00,-1.550113915000000120e-01
5.405000000000000426e+01,3.176308964300000071e+02,-4.892170058489583084e+00,-3.437019563833332847e-01
5.410000000000000142e+01,3.573293969599999969e+02,-4.897908350260416377e+00,-1.795421356039999805e-01
5.415000000000000568e+01,3.054845617199999879e+02,-4.892708045104166459e+00,-3.112633445266666521e-01
5.420000000000000284e+01,3.389742058100000008e+02,-4.898024505364583447e+00,-3.879139994699999927e-01
5.425000000000000000e+01,3.519873003499999982e+02,-4.900185097760416220e+00,-1.914681576143333341e-01
5.430000000000000426e+01,3.058019806899999935e+02,-4.895016800156249737e+00,-1.409422852766666623e-01
5.435000000000000142e+01,3.137445921199999930e+02,-4.895166205520832925e+00,-1.920297438574999627e-01
5.440000000000000568e+01,3.335411304599999767e+02,-4.894652228229166901e+00,-8.035383706766666134e-02
5.445000000000000284e+01,3.674278361600000267e+02,-4.896156641666666864e+00,-2.421731940953333329e-01
5.450000000000000000e+01,3.383065586999999823e+02,-4.891404301354167039e+00,-1.628935676190000070e-01
5.455000000000000426e+01,3.590423166900000069e+02,-4.893489416875000053e+00,-1.749183389921332987e-01
5.460000000000000142e+01,3.494828144400000269e+02,-4.892346870729166852e+00,-2.447977680909999842e-01
5.465000000000000568e+01,3.674737346800000068e+02,-4.895236650156250313e+00,-3.397027695659999846e-01
5.470000000000000284e+01,3.558830406999999809e+02,-4.894770916510416292e+00,-2.095767932700000336e-01
5.475000000000000000e+01,3.640183818699999847e+02,-4.896645648020833796e+00,-3.450459562333333952e-01
5.480000000000000426e+01,3.346279686199999901e+02,-4.893727749635416124e+00,-2.981569955280000128e-01
5.485000000000000142e+01,3.308167009000000007e+02,-4.893486468072916651e+00,-7.088998853066665051e-02
5.490000000000000568e+01,3.370575264700000275e+02,-4.894379472447917045e+00,-4.753416698966666520e-01
5.495000000000000284e+01,3.337249513799999932e+02,-4.894522066197916743e+00,1.160175670073333443e-01
5.500000000000000000e+01,3.457432228800000189e+02,-4.897049622760416554e+00,-4.579349445766666693e-01
5.505000000000000426e+01,3.330856816099999946e+02,-4.896781755989583651e+00,-5.666587046700000130e-01
5.510000000000000142e+01,3.047649108599999863e+02,-4.894214159218750027e+00,-6.449435528133333484e-02
5.515000000000000568e+01,3.207844789600000013e+02,-4.896014787135416491e+00,-4.037578161466666704e-01
5.520000000000000284e+01,3.331277077799999802e+02,-4.895399512656250174e+00,-1.745468926666666337e-02
5.525000000000000000e+01,3.778947293499999773e+02,-4.897852479062500208e+00,-1.976304227153333481e-01
5.530000000000000426e+01,3.298606763799999726e+02,-4.890035106718749525e+00,-4.260508487666667121e-01
5.535000000000000142e+01,3.498258652499999926e+02,-4.891390084687500028e+00,-2.121697769300000258e-01
5.540000000000000568e+01,3.594996466000000055e+02,-4.891962208177083049e+00,-3.323596823733333538e-01
5.545000000000000284e+01,3.365766122300000234e+02,-4.889522708333333689e+00,1.344650066066666906e-02
5.550000000000000000e+01,3.753971010000000206e+02,-4.895502947760416390e+00,-8.174705157200000405e-02
5.555000000000000426e+01,3.264280572200000279e+02,-4.892384314062500295e+00,-7.328568499399999991e-01
5.560000000000000142e+01,3.518580077400000050e+02,-4.898976479010416440e+00,1.030591337826666648e-01
5.565000000000000568e+01,2.992036285400000111e+02,-4.894171056718749746e+00,-6.456731679499999599e-01
5.570000000000000284e+01,3.134438828099999910e+02,-4.895508629427083314e+00,-6.619320343366665027e-02
5.575000000000000000e+01,3.202083659799999964e+02,-4.894550020208333407e+00,-5.445449784299999374e-01
5.580000000000000426e+01,3.251970870900000250e+02,-4.893104236458333922e+00,-1.793038702566666920e-01
5.585000000000000142e+01,3.442008839100000159e+02,-4.893897080468749827e+00,-1.065399553906666436e-01
5.590000000000000568e+01,3.469874388200000226e+02,-4.893385937968750099e+00,-3.174299512433333414e-01
5.595000000000000284e+01,3.541602782200000092e+02,-4.893948037291666608e+00,-3.495465365246666067e-01
5.600000000000000000e+01,3.363213542199999893e+02,-4.891631336666666385e+00,-7.172712699199999820e-02
5.605000000000000426e+01,3.494230512699999736e+02,-4.893759237239582838e+00,-1.254159889366666669e-01
5.610000000000000142e+01,3.364338821800000119e+02,-4.892999591666666426e+00,-3.513906091066666959e-01
5.615000000000000568e+01,3.367571589500000186e+02,-4.893873986718749514e+00,-2.358868395970999954e-01
5.620000000000000284e+01,3.265064537399999836e+02,-4.893214655520833567e+00,-4.852548948333335055e-02
5.625000000000000000e+01,3.349377266800000257e+02,-4.894915669739583031e+00,1.148508808666668908e-03
5.630000000000000426e+01,3.285267828400000099e+02,-4.895046022031249500e+00,-3.149516507266666987e-01
5.635000000000000142e+01,3.552363244300000247e+02,-4.899727862447917026e+00,6.635601208666665196e-02
5.640000000000000568e+01,3.142915410499999780e+02,-4.896758181354166517e+00,-4.040631154066667285e-01
5.645000000000000284e+01,2.992994524800000136e+02,-4.896556951666666713e+00,-1.630100113489999780e-01
5.650000000000000000e+01,2.997347015199999873e+02,-4.896845820416666939e+00,-1.193240374000000131e-01
5.655000000000000426e+01,3.168946436699999936e+02,-4.897271713020833417e+00,-8.715853732200000425e-02
5.660000000000000142e+01,3.287371684199999891e+02,-4.895359555260417217e+00,-2.115752724900000492e-01
5.665000000000000568e+01,3.354123053499999969e+02,-4.893118054166666120e+00,-4.172365922333332589e-01
5.670000000000000284e+01,3.620922288599999774e+02,-4.894569637083333369e+00,-6.012755074333333560e-01
5.675000000000000000e+01,3.247122861500000113e+02,-4.888795164791666537e+00,4.199028651200000656e-02
5.680000000000000426e+01,3.317546774499999742e+02,-4.888364965885416247e+00,-1.478649709766666487e-01
5.685000000000000142e+01,3.740765805300000011e+02,-4.892077349374999606e+00,-3.287302755400000054e-01
5.690000000000000568e+01,3.639414701100000116e+02,-4.889812730312500300e+00,-3.196096942700000221e-01
5.695000000000000284e+01,3.458533411600000136e+02,-4.887789854635416376e+00,-3.776193729303333746e-01
5.700000000000000000e+01,3.661908921799999916e+02,-4.892596350260416393e+00,-5.018135646566665997e-01
5.705000000000000426e+01,3.350877966200000060e+02,-4.893211244583333119e+00,-4.500137207033332865e-01
5.710000000000000142e+01,3.306203648599999951e+02,-4.895135473072916632e+00,-1.168506978039999950e-01
5.715000000000000568e+01,3.178649042499999950e+02,-4.894140890520833231e+00,-4.612648537466666060e-02
5.720000000000000284e+01,3.238644323699999745e+02,-4.894403084739583853e+00,-2.404606964893333254e-01
5.725000000000000000e+01,3.637450068100000067e+02,-4.898004827968749808e+00,-4.656983603866666765e-01
5.730000000000000426e+01,3.314771033200000261e+02,-4.892612313333333240e+00,7.993524588500000583e-02
5.735000000000000142e+01,3.242282509500000174e+02,-4.889698967812500463e+00,-5.475368844066667018e-01
5.740000000000000568e+01,4.016325152900000148e+02,-4.896812990937499777e+00,-3.666678190500000656e-01
5.745000000000000284e+01,3.642691051200000061e+02,-4.891201586614583263e+00,5.184313871266665874e-03
5.750000000000000000e+01,3.532151444799999922e+02,-4.890297985624999733e+00,-4.631448011966666223e-01
5.755000000000000426e+01,3.310895489800000178e+02,-4.889839396354166645e+00,-1.481180626446666759e-01
5.760000000000000142e+01,3.353818159900000069e+02,-4.893410487656249863e+00,-1.290085680040666538e-01
5.765000000000000568e+01,3.515930035999999745e+02,-4.898707877343750461e+00,-2.712651576633333117e-01
5.770000000000000284e+01,3.095998841200000129e+02,-4.895458616197916335e+00,-2.718376885933333487e-01
5.775000000000000000e+01,3.030769763000000125e+02,-4.894525196718750415e+00,-2.361113498499999366e-02
5.780000000000000426e+01,3.516402883000000088e+02,-4.899322865416666950e+00,-1.364134185149999956e-01
5.785000000000000142e+01,3.160895678100000055e+02,-4.893315898489583482e+00,-2.604399187536666216e-01
5.790000000000000568e+01,3.382425015300000268e+02,-4.894002598020833261e+00,3.378436191096666902e-02
5.795000000000000284e+01,3.316586724900000149e+02,-4.891433087916666089e+00,-2.131118426983333591e-01
5.800000000000000000e+01,3.583319198600000277e+02,-4.894047789322916842e+00,-2.328204344869999887e-01
5.805000000000000426e+01,3.544795176999999740e+02,-4.893681173072916835e+00,-6.601305908466666150e-02
5.810000000000000142e+01,3.351826094400000216e+02,-4.891745446145833398e+00,-1.313959899433333189e-01
5.815000000000000568e+01,3.249849606299999891e+02,-4.890456142343750479e+00,4.279230123200000041e-02
5.820000000000000284e+01,3.457060245800000189e+02,-4.892672445468750020e+00,4.476846628093333891e-02
5.825000000000000000e+01,3.449018950299999915e+02,-4.892975259270833099e+00,-2.498713485833333470e-01
5.830000000000000426e+01,2.976773538699999904e+02,-4.888277981041666997e+00,-3.674367276333332516e-02
5.835000000000000142e+01,3.141444775499999764e+02,-4.891510430677083576e+00,-4.341965710666665507e-02
5.840000000000000568e+01,2.976079904200000215e+02,-4.890281733750000193e+00,1.368912822043333311e-01
5.845000000000000284e+01,3.314735080099999891e+02,-4.895273081927083325e+00,-2.989377779899999865e-01
5.850000000000000000e+01,3.250569256900000141e+02,-4.895238504322916739e+00,3.035373080333332932e-02
5.855000000000000426e+01,3.069926737399999865e+02,-4.893109626614583263e+00,-4.118359668800000151e-01
5.860000000000000142e+01,3.345087659100000224e+02,-4.895661032083332920e+00,-1.515285224523666707e-01
5.865000000000000568e+01,3.193683103899999765e+02,-4.891854138593750179e+00,-6.607371813333333677e-01
5.870000000000000284e+01,3.580041254800000274e+02,-4.893790773125000548e+00,8.750568395233333796e-02
5.875000000000000000e+01,3.695723028500000282e+02,-4.893495500468749704e+00,-3.608278278866666189e-01
5.880000000000000426e+01,3.621476634200000149e+02,-4.892347526354166476e+00,-1.487104038466666722e-01
5.885000000000000142e+01,3.359499451300000032e+02,-4.889433282916666457e+00,2.103974245333332591e-02
5.890000000000000568e+01,3.762748593399999777e+02,-4.895527823124999678e+00,-4.192974579200000051e-01
5.895000000000000284e+01,3.467006117000000245e+02,-4.894933206718749652e+00,3.675491800000096898e-04
5.900000000000000000e+01,3.269269956300000217e+02,-4.896382766406250475e+00,-5.702679385566665760e-01
5.905000000000000426e+01,3.302010872800000243e+02,-4.898284138385416320e+00,-1.314599270229999950e-01
5.910000000000000142e+01,3.232340526899999986e+02,-4.897218222760416850e+00,-4.026692398099999681e-01
5.915000000000000568e+01,3.257060945900000206e+02,-4.896609223750000517e+00,-9.411692830899999473e-02
5.920000000000000284e+01,3.529538166099999899e+02,-4.898436709062500505e+00,-4.564138994133333238e-01
5.925000000000000000e+01,3.341503056999999899e+02,-4.894173946250000462e+00,-1.041353956039999945e-01
5.930000000000000426e+01,3.337096880600000190e+02,-4.892242159322916173e+00,-3.200815499433333211e-01
5.935000000000000142e+01,3.351218950499999778e+02,-4.890879323437499870e+00,-6.469579867466666856e-02
5.940000000000000568e+01,3.658889664199999743e+02,-4.894071028125000389e+00,-1.181382607800000040e-01
5.945000000000000284e+01,3.466099298299999987e+02,-4.892015181875000174e+00,-5.470868933466667139e-01
5.950000000000000000e+01,3.426789289299999837e+02,-4.892522278854166906e+00,-1.951309005666666818e-01
5.955000000000000426e+01,3.617460036900000091e+02,-4.896216695729166624e+00,-1.508217458506666553e-01
5.960000000000000142e+01,3.184753823600000260e+02,-4.892817582916666908e+00,-5.680736426400000427e-01
5.965000000000000568e+01,3.309259560899999997e+02,-4.895572286927083461e+00,-3.056926473506333397e-01
5.970000000000000284e+01,3.348825337900000250e+02,-4.896419703697916681e+00,-2.242925640303333468e-01
5.975000000000000000e+01,3.252274262000000249e+02,-4.895027767239583660e+00,1.700171975133333291e-01
5.980000000000000426e+01,3.600742455999999834e+02,-4.897378272031249757e+00,-3.775763823626666071e-01
5.985000000000000142e+01,3.479992917399999897e+02,-4.892669170937499423e+00,-2.502249556880000170e-01
5.990000000000000568e+01,3.451245213600000170e+02,-4.889403342916666340e+00,-3.533766466923333183e-01
5.995000000000000284e+01,3.576394333800000140e+02,-4.889816972812499607e+00,-1.765307352110000172e-01
6.000000000000000000e+01,3.598731973000000153e+02,-4.890034473541667204e+00,-1.540167252540000087e-01
6.005000000000000426e+01,3.627568840199999727e+02,-4.891641247864582986e+00,-1.706400896440000148e-01
6.010000000000000142e+01,3.429052840499999775e+02,-4.891827981562499872e+00,-2.642426721336666451e-01
6.015000000000000568e+01,3.306587188799999808e+02,-4.892366490677082957e+00,-4.312218630866666569e-01
6.020000000000000284e+01,3.291628374300000246e+02,-4.892755643541666366e+00,-3.320554566200000224e-01
6.025000000000000000e+01,3.166638663200000110e+02,-4.890964368333333034e+00,-3.280115377899999740e-01
6.030000000000000426e+01,3.319279621100000099e+02,-4.891745025260417101e+00,-1.852994313870000020e-01
6.035000000000000142e+01,3.719500501699999973e+02,-4.895217499479167067e+00,-4.615931162596666470e-01
6.040000000000000568e+01,3.521913085400000227e+02,-4.892633479270833696e+00,-5.212455650133333146e-02
6.045000000000000284e+01,3.582921380199999817e+02,-4.894720224062500513e+00,-3.908198253366666486e-01
6.050000000000000000e+01,3.237617251799999849e+02,-4.893004903854166976e+00,-3.789513965199999834e-01
6.055000000000000426e+01,3.245832090000000107e+02,-4.896762692760416869e+00,-4.821502179333332916e-01
6.060000000000000142e+01,2.989155640299999845e+02,-4.896393649635416345e+00,-2.312390279330000242e-01
6.065000000000000568e+01,3.109734074899999996e+02,-4.898141884843750127e+00,-1.509690417693333453e-01
6.070000000000000284e+01,3.354723739699999783e+02,-4.899899888385417235e+00,-3.023804714266666860e-01
6.075000000000000000e+01,3.372780164199999717e+02,-4.898485514999999957e+00,-2.319308565366666811e-02
6.080000000000000426e+01,3.143110034700000028e+02,-4.894131576562499752e+00,-3.599479101333333819e-01
6.085000000000000142e+01,3.417196516899999779e+02,-4.896140798802083083e+00,-1.148781078166666719e-01
6.090000000000000568e+01,3.243027761600000076e+02,-4.892656803749999561e+00,-7.614489279033333224e-02
6.095000000000000284e+01,3.308918147699999963e+02,-4.892143322187499699e+00,-2.238081018199999939e-01
6.100000000000000000e+01,3.493439910000000168e+02,-4.894004632499999730e+00,-3.312610196466666546e-01
6.105000000000000426e+01,3.447683949600000233e+02,-4.893858063281250281e+00,-3.411989357500000430e-01
6.110000000000000142e+01,3.358232523099999867e+02,-4.892964056666666117e+00,2.358183116299999646e-02
6.115000000000000568e+01,3.752148909699999990e+02,-4.897851739375000513e+00,-3.605195720133333448e-01
6.120000000000000284e+01,3.417148711099999900e+02,-4.894297285104166839e+00,-4.260273406833333110e-01
6.125000000000000000e+01,2.954224762900000201e+02,-4.888572451510416528e+00,-1.928342348066666434e-01
6.130000000000000426e+01,3.539557092599999919e+02,-4.894863174947916562e+00,-2.188012098940853301e-01
6.135000000000000142e+01,3.456419599399999925e+02,-4.893658161302083087e+00,-4.607888660599999131e-01
6.140000000000000568e+01,3.337208040200000028e+02,-4.892435625416666767e+00,-8.790808422966667202e-02
6.145000000000000284e+01,3.381290432000000123e+02,-4.892973611041666615e+00,-5.453301569400000881e-01
6.150000000000000000e+01,3.275605403800000204e+02,-4.891937577552083916e+00,3.308715853666666790e-02
6.155000000000000426e+01,3.327187617000000159e+02,-4.892982932395833373e+00,-1.222599242000000225e-01
6.160000000000000142e+01,3.722268999500000177e+02,-4.898655760364583500e+00,-1.923649682246666437e-01
6.165000000000000568e+01,3.023967339999999808e+02,-4.891779910260416919e+00,-1.006214263396666558e-01
6.170000000000000284e+01,3.425367257400000085e+02,-4.898350508906250234e+00,-2.362024011069999707e-01
6.175000000000000000e+01,3.058238443000000188e+02,-4.894976254114583369e+00,-1.705460214466666680e-01
6.180000000000000426e+01,3.113987842199999818e+02,-4.895426770729167210e+00,-1.784923920353333193e-01
6.185000000000000142e+01,3.476572711900000172e+02,-4.897269306458333027e+00,-4.115686974733333003e-01
6.190000000000000568e+01,3.536556588299999930e+02,-4.894585448802083683e+00,-4.254973270099999816e-01
6.195000000000000284e+01,3.560665079999999989e+02,-4.893004413385416917e+00,-3.656546534833333140e-01
6.200000000000000000e+01,3.465092141299999753e+02,-4.890748624739583050e+00,-2.317762594066666293e-02
6.205000000000000426e+01,3.830645656699999790e+02,-4.895135997499999725e+00,-2.214410480050000019e-01
6.210000000000000142e+01,3.661515447699999868e+02,-4.894434941510416692e+00,-3.376951577266666948e-01
6.215000000000000568e+01,3.329068222099999730e+02,-4.892671054062500247e+00,-5.420376086333332788e-01
6.220000000000000284e+01,3.343534666499999730e+02,-4.894955733125000208e+00,-8.857969955333333534e-02
6.225000000000000000e+01,3.025432180299999914e+02,-4.891742427916667246e+00,-3.411633561729999209e-01
6.230000000000000426e+01,3.416059043199999792e+02,-4.895691979999999610e+00,-1.645616289236666863e-01
6.235000000000000142e+01,3.440180706099999952e+02,-4.894248793645833651e+00,-1.379234995037666722e-01
6.240000000000000568e+01,3.683334827599999812e+02,-4.894947279166666831e+00,-1.228933006173333342e-01
6.245000000000000284e+01,3.728634078100000124e+02,-4.893516508854166780e+00,-2.710648354433333185e-01
6.250000000000000000e+01,3.567932702800000015e+02,-4.890255661510416907e+00,-3.946232162600000204e-01
6.255000000000000426e+01,3.362098817500000223e+02,-4.885767909062500358e+00,-2.860721143466666283e-01
6.260000000000000142e+01,3.967899826099999814e+02,-4.890697902656250484e+00,2.839834281666667182e-02
6.265000000000000568e+01,3.821532871000000000e+02,-4.888370060312499987e+00,-8.973724742199999660e-02
6.270000000000000284e+01,3.642675006000000053e+02,-4.889214818437499943e+00,1.217562976323333240e-01
6.275000000000000000e+01,3.356671666299999970e+02,-4.889835152708333688e+00,-1.055725992963333359e-01
6.280000000000000426e+01,3.576938478600000053e+02,-4.894776907291666923e+00,-4.140358433886666689e-01
6.285000000000000142e+01,3.367321091599999932e+02,-4.893773549218749963e+00,-3.703539104766666590e-01
6.290000000000000568e+01,3.446301658200000020e+02,-4.895568210572917245e+00,-1.911579144433333266e-01
6.295000000000000284e+01,3.272852563499999974e+02,-4.893867777395833230e+00,-2.035099445366666746e-02
6.300000000000000000e+01,3.248675716199999783e+02,-4.893889205052083469e+00,-5.678162177666665894e-02
6.305000000000000426e+01,3.251519684400000187e+02,-4.893879028177082979e+00,1.727697442203333100e-01
6.310000000000000142e+01,3.245459463700000242e+02,-4.892708855885416597e+00,-4.863512170333333384e-01
6.315000000000000568e+01,3.570420210999999995e+02,-4.893721752500000299e+00,2.894129594200000113e-02
6.320000000000000284e+01,3.583059046000000194e+02,-4.891342109895833623e+00,-9.643164500833334429e-02
6.325000000000000000e+01,3.682690928800000165e+02,-4.892163277395833454e+00,-1.934199935033333040e-01
6.330000000000000426e+01,3.411910468500000206e+02,-4.890126325989583300e+00,-5.159398463999999990e-02
6.335000000000000142e+01,3.355551299900000117e+02,-4.891782813125000295e+00,-2.362624688799999928e-01
6.340000000000000568e+01,3.392316678000000252e+02,-4.895049767864583679e+00,8.778487294666672755e-03
6.345000000000000284e+01,3.321556706100000156e+02,-4.896124459322916955e+00,-3.942810617833332754e-01
6.350000000000000000e+01,3.144579317800000240e+02,-4.893994184791666591e+00,-1.313762878356666552e-01
6.355000000000000426e+01,3.382687985599999934e+02,-4.896427506614583258e+00,-3.139731992899999491e-01
6.360000000000000142e+01,3.363736535300000128e+02,-4.895052338281249860e+00,-1.630015954333333406e-01
6.365000000000000568e+01,3.306686389600000098e+02,-4.892477671302082776e+00,-3.992717614010000138e-01
6.370000000000000284e+01,3.540477724200000011e+02,-4.893318827760416490e+00,-1.568433314133333423e-01
6.375000000000000000e+01,3.481135823299999856e+02,-4.891137005625000533e+00,6.122474622666665423e-02
6.380000000000000426e+01,3.784262064600000031e+02,-4.894674829374999980e+00,-1.029360932006666701e-01
6.385000000000000142e+01,3.543102363200000013e+02,-4.892565584427083003e+00,-1.450246938200000224e-01
6.390000000000000568e+01,3.234542526100000259e+02,-4.890427420156250093e+00,2.580534866966667160e-02
6.395000000000000284e+01,3.130539742199999864e+02,-4.891268642031250558e+00,-6.306619332100001085e-02
6.400000000000000000e+01,3.338810671100000036e+02,-4.896108773385416946e+00,-4.782546963133332274e-01
6.404999999999999716e+01,3.166413023499999895e+02,-4.895968999895833562e+00,-4.067848528836666699e-01
6.410000000000000853e+01,3.033037062999999876e+02,-4.895298015677083114e+00,-2.563370884933332053e-02
6.415000000000000568e+01,3.244962547700000073e+02,-4.897277003750000191e+00,-3.669380592214666614e-01
6.420000000000000284e+01,3.747854505099999756e+02,-4.899969411666666552e+00,-1.890480035970000250e-01
6.425000000000000000e+01,3.616331425199999785e+02,-4.894947351770833066e+00,-5.039245842766666428e-01
6.429999999999999716e+01,3.434499883400000044e+02,-4.891495514895833452e+00,-2.373461098566666816e-01
6.435000000000000853e+01,3.581579822499999750e+02,-4.893380079895833568e+00,-3.421081662833333481e-01
6.440000000000000568e+01,3.453629687100000183e+02,-4.892686288854166676e+00,1.304144920093333326e-01
6.445000000000000284e+01,3.105575340299999993e+02,-4.889977263802083307e+00,-4.844111738999999361e-01
6.450000000000000000e+01,3.257511814200000231e+02,-4.893016816406249525e+00,-2.274322290133333480e-01
6.454999999999999716e+01,3.429036461499999859e+02,-4.895636520052083718e+00,-4.187968423912000193e-01
6.460000000000000853e+01,3.427587651399999800e+02,-4.896572948802083047e+00,1.048798704793333370e-01
6.465000000000000568e+01,3.178027340900000013e+02,-4.894818309999999784e+00,-3.476178843700000187e-01
6.470000000000000284e+01,3.404187622200000192e+02,-4.897994997604166123e+00,-4.118649750233332463e-01
6.475000000000000000e+01,3.245600779499999931e+02,-4.895143294114583377e+00,-1.803104825933333488e-01
6.479999999999999716e+01,3.356955171299999847e+02,-4.894680709270833319e+00,-2.565211342410000372e-01
6.485000000000000853e+01,3.457465430899999888e+02,-4.893708506197916641e+00,-1.197715598266666653e-01
6.490000000000000568e+01,3.723574464600000056e+02,-4.895177549895833202e+00,-9.487917419100000416e-02
6.495000000000000284e+01,3.414021370500000216e+02,-4.890633690364583508e+00,-3.140271828900000339e-01
6.500000000000000000e+01,3.412317322000000104e+02,-4.890532930104166454e+00,1.021611730796666700e-01
6.504999999999999716e+01,3.784215133100000230e+02,-4.896296205781250244e+00,-2.719587338186666980e-01
6.510000000000000853e+01,3.164228034999999863e+02,-4.893168965520833247e+00,2.812764405443333726e-01
6.515000000000000568e+01,3.182376190699999938e+02,-4.896498052552083813e+00,-3.820188956699999694e-01
6.520000000000000284e+01,3.377753743700000086e+02,-4.899445336041666543e+00,1.049827360766666801e-01
6.525000000000000000e+01,3.070350071400000047e+02,-4.895225806718749517e+00,-4.951490931999999456e-01
6.529999999999999716e+01,3.369106957199999783e+02,-4.896991366197917195e+00,-2.156907631400000191e-01
6.535000000000000853e+01,3.322349744399999736e+02,-4.893548889010416403e+00,1.049509303737333338e-01
6.540000000000000568e+01,3.403698971399999778e+02,-4.892759958802083808e+00,-2.649039100333333008e-01
6.545000000000000284e+01,3.571118781700000113e+02,-4.894021907031249619e+00,6.467350771333334192e-02
6.550000000000000000e+01,3.598490429999999947e+02,-4.895393239427083820e+00,-2.119828396630000222e-01
6.554999999999999716e+01,3.442339577299999860e+02,-4.895056884791666896e+00,-4.334104797299999645e-01
6.560000000000000853e+01,3.452667269199999964e+02,-4.896374849687499697e+00,-1.379810994509999833e-01
6.565000000000000568e+01,3.181468694499999970e+02,-4.893372030312499454e+00,-5.489782944033333445e-01
6.570000000000000284e+01,3.425537272899999834e+02,-4.895915214999999598e+00,6.698126435200001116e-02
6.575000000000000000e+01,3.415478909400000020e+02,-4.895125990624999979e+00,-5.268734269266667214e-01
6.579999999999999716e+01,3.464866105199999993e+02,-4.895277879322916803e+00,-1.430939607333333308e-01
6.585000000000000853e+01,3.311983331600000042e+02,-4.893534928385416372e+00,-6.244996521833332676e-02
6.590000000000000568e+01,3.258617489100000171e+02,-4.893275962916666444e+00,-1.353824351150000049e-01
6.595000000000000284e+01,3.329150970900000175e+02,-4.894368423072916308e+00,-2.822231818000000073e-02
6.600000000000000000e+01,3.176716376800000035e+02,-4.892598879479166385e+00,-1.046414622469999944e-01
6.604999999999999716e+01,3.484761714699999970e+02,-4.895365975104167156e+00,-1.209548121581999897e-01
6.610000000000000853e+01,3.482779978300000039e+02,-4.893684590468749818e+00,-2.084308707879667100e-01
6.615000000000000568e+01,3.753340352600000074e+02,-4.895788120625000239e+00,-3.850860332166666095e-02
6.620000000000000284e+01,3.469944886900000256e+02,-4.892210394843750088e+00,-1.930152892433333323e-01
6.625000000000000000e+01,3.576721255300000166e+02,-4.895851178750000088e+00,4.753726596800000176e-02
6.629999999999999716e+01,3.205310184499999764e+02,-4.895302288906250077e+00,-5.684300235199999385e-01
6.635000000000000853e+01,2.954871405700000082e+02,-4.893868975885417250e+00,1.014677313599000041e-01
6.640000000000000568e+01,3.419591469900000220e+02,-4.899800492135416796e+00,-2.257757986210000289e-01
6.645000000000000284e+01,3.390157337900000130e+02,-4.898916633020832911e+00,-1.652109696933333483e-01
6.650000000000000000e+01,3.243416870899999935e+02,-4.895592868854167001e+00,-2.789647473633333763e-01
6.654999999999999716e+01,3.224137210600000003e+02,-4.892716462552082923e+00,-1.092932139590000046e-01
6.660000000000000853e+01,3.100029255599999942e+02,-4.888825305468750493e+00,1.376855510990000198e-01
6.665000000000000568e+01,3.564305191199999854e+02,-4.893443481145832941e+00,-2.102151222233333561e-01
6.670000000000000284e+01,3.715471290599999747e+02,-4.895157349895833399e+00,1.804521499333337385e-03
6.675000000000000000e+01,3.424213396999999759e+02,-4.892234432656249687e+00,-3.720720108066666310e-01
6.679999999999999716e+01,3.543099321000000259e+02,-4.895200424114583448e+00,-2.184024113006667045e-01
6.685000000000000853e+01,3.430272337000000107e+02,-4.896506582552083486e+00,-2.966542356933333235e-01
6.690000000000000568e+01,3.384147452099999782e+02,-4.898054285885416803e+00,-1.709116196919999719e-01
6.695000000000000284e+01,3.347979232600000046e+02,-4.898777061718750048e+00,-8.509019808566666010e-02
6.700000000000000000e+01,3.124066123999999718e+02,-4.896412444218749549e+00,2.236921184133333282e-02
6.704999999999999716e+01,3.089348006700000155e+02,-4.895641251302083496e+00,-2.964308802299999712e-01
6.710000000000000853e+01,3.072757480600000122e+02,-4.894200588281250042e+00,-1.340532634066666784e-01
6.715000000000000568e+01,3.091591838599999846e+02,-4.892459183541666867e+00,-4.702895790933332987e-01
6.720000000000000284e+01,3.420551499399999784e+02,-4.894294775364583572e+00,7.323511114333332295e-02
6.725000000000000000e+01,3.760575617900000225e+02,-4.896941616145833898e+00,-2.444095342800000140e-02
6.729999999999999716e+01,3.516072205199999985e+02,-4.894168742968750152e+00,-3.085143378866666564e-01
6.735000000000000853e+01,3.358970456999999783e+02,-4.893115183281250502e+00,-4.473984153333336773e-03
6.740000000000000568e+01,3.330675527299999885e+02,-4.893340531614582822e+00,-2.983819510550000387e-01
6.745000000000000284e+01,3.556146153600000162e+02,-4.896655962812499929e+00,-1.661334132698333299e-01
6.750000000000000000e+01,3.485177134300000148e+02,-4.898174112031250083e+00,-1.120590313009999922e-01
6.754999999999999716e+01,3.394638752199999772e+02,-4.900654354687500103e+00,-4.193407252666666030e-01
6.760000000000000853e+01,3.272988766400000031e+02,-4.901014163385416289e+00,-3.203371385699999574e-01
6.765000000000000568e+01,2.957100258899999972e+02,-4.897028716718749841e+00,-1.054164363096666696e-01
6.770000000000000284e+01,2.961636398900000131e+02,-4.894929011250000350e+00,-3.400627699766666789e-01
6.775000000000000000e+01,3.411342074500000194e+02,-4.897282267291666713e+00,-3.087903889060000240e-01
6.779999999999999716e+01,3.377776146499999754e+02,-4.894443008229166558e+00,-1.129510075333332343e-02
6.785000000000000853e+01,3.441304336000000035e+02,-4.893430543229166929e+00,-2.986316833633333445e-01
6.790000000000000568e+01,3.358229074700000183e+02,-4.891787885468749764e+00,-2.043252733866666448e-01
6.795000000000000284e+01,3.241739464400000088e+02,-4.889978964166666664e+00,-6.737228700900001199e-02
6.800000000000000000e+01,3.642109464900000262e+02,-4.894263176510416535e+00,-1.687318864136666541e-01
6.804999999999999716e+01,3.468609250999999745e+02,-4.892264799531250041e+00,-1.568254811729999920e-01
6.810000000000000853e+01,3.793181199300000230e+02,-4.898305371718749690e+00,-3.785831733433333568e-01
6.815000000000000568e+01,3.614274723999999992e+02,-4.900453074166667200e+00,-5.859516795966667191e-01
6.820000000000000284e+01,3.165710062399999742e+02,-4.897672964895833481e+00,-3.322866521166666920e-01
6.825000000000000000e+01,2.871893243299999767e+02,-4.894604845312500174e+00,-1.579731510032666708e-01
6.829999999999999716e+01,3.104656782999999791e+02,-4.896155916562499932e+00,-3.388637883610000068e-01
6.835000000000000853e+01,3.412695631899999853e+02,-4.897103007291666366e+00,-1.097245678009999975e-01
6.840000000000000568e+01,3.272999664600000074e+02,-4.892963592031249753e+00,3.854859324166667184e-02
6.845000000000000284e+01,3.570541682699999910e+02,-4.895733684427082899e+00,-2.207811394433333296e-01
6.850000000000000000e+01,3.343130467199999885e+02,-4.892634437916666634e+00,-1.190530498633333156e-01
6.854999999999999716e+01,3.365408340899999757e+02,-4.892356144687499686e+00,-2.294223247266666821e-01
6.860000000000000853e+01,3.531626981100000080e+02,-4.893096063281249464e+00,2.473189361999995287e-03
6.865000000000000568e+01,3.682720655200000124e+02,-4.893847827083333435e+00,-2.550362843816667002e-01
6.870000000000000284e+01,3.768799880799999755e+02,-4.894529895572916622e+00,-2.977826364499999712e-02
6.875000000000000000e+01,3.371030840700000226e+02,-4.890766043958333142e+00,-3.402740389800000265e-01
6.879999999999999716e+01,3.338100988499999744e+02,-4.893835470937499821e+00,-6.003466351666664202e-02
6.885000000000000853e+01,3.013930839600000127e+02,-4.892183227916667043e+00,-3.144055403199999543e-01
6.890000000000000568e+01,3.314689349700000207e+02,-4.896466754947916833e+00,-1.407220670066666734e-01
6.895000000000000284e+01,3.161961565199999882e+02,-4.894560062187499838e+00,-4.792550604900000510e-01
6.900000000000000000e+01,3.312914198700000270e+02,-4.895695108958332931e+00,-3.981576669196666973e-01
6.904999999999999716e+01,3.371259680100000082e+02,-4.894859994687499771e+00,-6.652020467000001325e-02
6.910000000000000853e+01,3.123653947600000151e+02,-4.889390308749999470e+00,-1.524387338236666556e-01
6.915000000000000568e+01,4.034900421799999890e+02,-4.897146802135416088e+00,-3.734736608299999983e-01
6.920000000000000284e+01,3.667543902799999955e+02,-4.891414694322916645e+00,-3.790109374899999772e-01
6.925000000000000000e+01,3.792019557300000088e+02,-4.893491822552083370e+00,-2.558734175666663949e-03
6.929999999999999716e+01,3.470861062600000082e+02,-4.890631565625000121e+00,-1.414347765403333179e-01
6.935000000000000853e+01,3.373189740299999926e+02,-4.890688106197916163e+00,-6.950710774133334047e-02
6.940000000000000568e+01,3.112423963900000103e+02,-4.887893889374999468e+00,-1.502581895310000082e-01
6.945000000000000284e+01,3.592651501700000267e+02,-4.893647620624999917e+00,-4.623275860033333462e-01
6.950000000000000000e+01,3.336998049800000103e+02,-4.890398013802083277e+00,-4.726570662766667041e-01
6.954999999999999716e+01,3.853421165400000064e+02,-4.897282742343749717e+00,-1.640521462466666691e-01
6.960000000000000853e+01,3.581732632299999750e+02,-4.896470393020833534e+00,-1.435820277723333371e-01
6.965000000000000568e+01,3.046663929700000040e+02,-4.892462275572916575e+00,1.724624062266666424e-01
6.970000000000000284e+01,3.274111257000000137e+02,-4.896001471927083237e+00,-3.821912142933333034e-01
6.975000000000000000e+01,3.211719528799999921e+02,-4.894723211458333445e+00,1.154401160736666654e-01
6.979999999999999716e+01,3.475111035400000219e+02,-4.897126147656249984e+00,-2.371630189966666691e-01
6.985000000000000853e+01,3.653698222200000032e+02,-4.899126104114583491e+00,-2.450117287633333252e-01
6.990000000000000568e+01,3.426485170600000174e+02,-4.896765651093749838e+00,-1.646153646999000131e-01
6.995000000000000284e+01,3.371774048899999912e+02,-4.896462660520833232e+00,-4.015609295333333328e-01
7.000000000000000000e+01,3.355884788500000013e+02,-4.896146036770833376e+00,1.794543679010000004e-01
7.004999999999999716e+01,3.385804035300000123e+02,-4.895840082552083139e+00,-6.561020426566667174e-01
7.010000000000000853e+01,3.282125063099999807e+02,-4.892486697656249994e+00,1.471532019596666629e-01
7.015000000000000568e+01,3.464508323700000005e+02,-4.891933017708333331e+00,-1.936644688066666564e-01
7.020000000000000284e+01,3.746065765100000249e+02,-4.893508296406250402e+00,-2.648991411716666855e-01
7.025000000000000000e+01,3.576670616900000255e+02,-4.890975115677083096e+00,-3.170222673599999985e-01
7.029999999999999716e+01,3.747674005399999828e+02,-4.894044989270833312e+00,-3.702154643399999667e-01
7.035000000000000853e+01,3.297351639899999896e+02,-4.889840462968749968e+00,-1.028644104599999998e-01
7.040000000000000568e+01,3.518132154200000059e+02,-4.893694193177083207e+00,-3.035883660566666697e-01
7.045000000000000284e+01,3.247889887800000110e+02,-4.893176030624999839e+00,1.010383648199999901e-01
7.050000000000000000e+01,3.286711414299999774e+02,-4.897311639895833402e+00,4.118773614933333299e-02
7.054999999999999716e+01,3.275886801799999830e+02,-4.899477815625000510e+00,-1.381135475566666604e-02
7.060000000000000853e+01,3.072934827999999925e+02,-4.897767264218749972e+00,5.670857173666666445e-02
7.065000000000000568e+01,3.404957689999999957e+02,-4.901298790833332752e+00,2.027536382983333163e-02
7.070000000000000284e+01,3.290919872800000121e+02,-4.898148666614583924e+00,-4.118889443566666753e-01
7.075000000000000000e+01,3.020138655700000072e+02,-4.891917585416666547e+00,7.129859914800000531e-02
7.079999999999999716e+01,3.479091349500000092e+02,-4.894869594843750171e+00,-1.837768278320000004e-01
7.085000000000000853e+01,3.176805748599999788e+02,-4.889733074218749920e+00,1.529883120766666570e-02
7.090000000000000568e+01,3.328599818499999969e+02,-4.890300304687499988e+00,-1.988577325476666713e-01
7.095000000000000284e+01,3.591808655099999896e+02,-4.892169428906250062e+00,-1.388192136820000089e-01
7.100000000000000000e+01,3.780847966100000122e+02,-4.893887132864583656e+00,-3.174830490099999625e-01
7.104999999999999716e+01,3.487369013499999824e+02,-4.891002009062499489e+00,-4.303025279533332498e-02
7.110000000000000853e+01,3.491141467499999749e+02,-4.894261358697916897e+00,-3.150517547000001532e-03
7.115000000000000568e+01,3.235411393499999804e+02,-4.895958229114583560e+00,-1.235416171583333389e-01
7.120000000000000284e+01,3.059744808199999966e+02,-4.895072715833333810e+00,-7.330611323666667845e-02
7.125000000000000000e+01,3.139659560200000215e+02,-4.895172076302083397e+00,-4.199613365366666184e-01
7.129999999999999716e+01,3.333504886000000056e+02,-4.895261792083332786e+00,8.794620460533335293e-02
7.135000000000000853e+01,3.279982226600000104e+02,-4.892190877447917252e+00,1.060462497815333610e-01
7.140000000000000568e+01,3.760433804099999975e+02,-4.896933757968749745e+00,-4.946176365466666280e-01
7.145000000000000284e+01,3.434077767399999743e+02,-4.893269124270832826e+00,-2.206428843443333510e-01
7.150000000000000000e+01,3.269256656100000100e+02,-4.891757444635416618e+00,-2.072848183966666813e-01
7.154999999999999716e+01,3.398773341699999833e+02,-4.893891536041667045e+00,-2.702739860633333602e-01
7.160000000000000853e+01,3.360273872099999721e+02,-4.894364077239583111e+00,-2.390828416000000123e-01
7.165000000000000568e+01,3.364941620800000237e+02,-4.895969134531250155e+00,-1.272833050233333485e-01
7.170000000000000284e+01,3.037379065499999911e+02,-4.894404457708333211e+00,-5.191230483366666704e-01
7.175000000000000000e+01,2.986711124099999779e+02,-4.895134434843749993e+00,-6.174535557333332703e-02
7.179999999999999716e+01,3.321420352800000160e+02,-4.899027470520833205e+00,-2.589036113900000102e-01
7.185000000000000853e+01,3.113147625999999946e+02,-4.894690170468749990e+00,-1.624049691530000117e-01
7.190000000000000568e+01,3.366043819000000212e+02,-4.894021983020833133e+00,-5.148005921699999599e-02
7.195000000000000284e+01,3.455298223699999767e+02,-4.892651601614583790e+00,-2.184713700576666751e-01
7.200000000000000000e+01,3.423676162900000008e+02,-4.891486233541666451e+00,-2.204409973563333514e-01
7.204999999999999716e+01,3.403434214999999767e+02,-4.891021992708333599e+00,-2.405422567733334072e-02
7.210000000000000853e+01,3.403381740199999967e+02,-4.891038597708333491e+00,-3.958889940999999468e-01
7.215000000000000568e+01,3.417890585000000101e+02,-4.891843038437500013e+00,6.707425566066667344e-02
7.220000000000000284e+01,3.464187835299999847e+02,-4.894206922447916774e+00,-1.525646673633333228e-01
7.225000000000000000e+01,3.274316788500000257e+02,-4.895602903645833059e+00,1.627967793430000198e-01
7.229999999999999716e+01,3.402297641100000192e+02,-4.900139733697916888e+00,-3.079528801899999446e-01
7.235000000000000853e+01,2.976429995899999881e+02,-4.895314140468749464e+00,-3.391208985766667183e-01
7.240000000000000568e+01,3.195413724399999751e+02,-4.896667968541666305e+00,5.662384899999909358e-04
7.245000000000000284e+01,3.569064525900000149e+02,-4.898895391249999953e+00,-1.465301625873333402e-01
7.250000000000000000e+01,3.279652974399999721e+02,-4.893291676927083778e+00,2.012889659800000119e-01
7.254999999999999716e+01,3.311252656699999761e+02,-4.891644042604166742e+00,-5.023982946999999699e-02
7.260000000000000853e+01,3.307373807499999998e+02,-4.889853052656250476e+00,-2.765807909299999867e-02
7.265000000000000568e+01,3.592112360500000250e+02,-4.892341596093749523e+00,-3.843122466173333751e-01
7.270000000000000284e+01,3.429918066500000009e+02,-4.889828635520832911e+00,-3.714609659066666070e-01
7.275000000000000000e+01,3.611688615099999993e+02,-4.892449567291666135e+00,1.179705214656666667e-01
7.279999999999999716e+01,3.340398758599999951e+02,-4.890903271197916347e+00,1.394740655876666457e-01
7.285000000000000853e+01,3.288615267600000038e+02,-4.893982103333333278e+00,-5.623181686833333970e-01
7.290000000000000568e+01,3.181297622700000147e+02,-4.895422171979166848e+00,-2.468204067633335622e-02
7.295000000000000284e+01,3.311961287600000219e+02,-4.897995484895833584e+00,-4.276693842099999476e-01
7.300000000000000000e+01,3.146875436700000250e+02,-4.895420155364583081e+00,-1.594618801699999866e-01
7.304999999999999716e+01,3.278376630500000033e+02,-4.895052652812499794e+00,-1.200992877973333511e-01
7.310000000000000853e+01,3.523518836399999827e+02,-4.895488979895833204e+00,-1.691777337106666612e-01
7.315000000000000568e+01,3.612819507400000134e+02,-4.894983721562500278e+00,-3.506968766533333226e-01
7.320000000000000284e+01,3.475722243100000242e+02,-4.892794188124999444e+00,-2.102694281803333398e-01
7.325000000000000000e+01,3.638262211300000217e+02,-4.894578089531250065e+00,-5.507235192999998530e-02
7.329999999999999716e+01,3.391488633199999754e+02,-4.891879401093750523e+00,-1.123939154483999947e-01
7.335000000000000853e+01,3.540671378700000105e+02,-4.894149336562500174e+00,-5.663154503999999756e-01
7.340000000000000568e+01,3.703945814300000166e+02,-4.897009265416666146e+00,-2.283748706700000353e-01
7.345000000000000284e+01,3.307979706699999838e+02,-4.893489375052083368e+00,-4.561075635333333711e-02
7.350000000000000000e+01,3.314616985299999783e+02,-4.894707419270833526e+00,-3.588868489066667222e-01
7.354999999999999716e+01,3.110174118599999815e+02,-4.892942287187500128e+00,1.116797795273333366e-01
7.360000000000000853e+01,3.446761115499999732e+02,-4.897058318593749959e+00,-2.826394740200000033e-01
7.365000000000000568e+01,3.100116519399999788e+02,-4.891144706927083696e+00,-5.557355746166666721e-01
7.370000000000000284e+01,3.427363079300000095e+02,-4.892112059218749920e+00,-4.451484777333333809e-01
7.375000000000000000e+01,3.687401045199999885e+02,-4.892890214739582966e+00,6.295889130000000174e-03
7.379999999999999716e+01,3.532801213299999858e+02,-4.890348034479166550e+00,-3.769741629113333992e-01
7.385000000000000853e+01,3.544885097999999743e+02,-4.890929537499999924e+00,-3.692004574956666563e-01
7.390000000000000568e+01,3.372967581300000006e+02,-4.890123739322916663e+00,1.163090386106666596e-01
7.395000000000000284e+01,3.446982433700000001e+02,-4.892521107291666560e+00,-3.495749692800000363e-01
7.400000000000000000e+01,3.689855070400000159e+02,-4.897803989531250402e+00,6.085088136433333683e-02
7.404999999999999716e+01,3.221761573499999827e+02,-4.896816382708332860e+00,-4.815947272266666856e-01
7.410000000000000853e+01,3.314776171899999895e+02,-4.900443626666667107e+00,-1.699740534860000041e-01
7.415000000000000568e+01,3.132162592000000245e+02,-4.897970419583333346e+00,-6.416226155066667713e-01
7.420000000000000284e+01,3.038137259000000086e+02,-4.895173874479167075e+00,-1.948502415776666441e-01
7.425000000000000000e+01,3.251850659799999903e+02,-4.895064057604166408e+00,-1.610247117133333239e-01
7.429999999999999716e+01,3.330522105399999759e+02,-4.893692162604167173e+00,-2.527784452257332837e-01
7.435000000000000853e+01,3.233263200399999846e+02,-4.890793025052083465e+00,-6.246562067000000634e-02
7.440000000000000568e+01,3.181660642699999926e+02,-4.888610787239582756e+00,-1.715339328866666568e-01
7.445000000000000284e+01,3.588207264100000202e+02,-4.891907429479166680e+00,-3.702290790400000198e-01
7.450000000000000000e+01,3.670469817000000035e+02,-4.892270414479166440e+00,-5.879170307699999737e-02
7.454999999999999716e+01,3.522286328800000206e+02,-4.891021386927083547e+00,-3.206906502633333211e-01
7.460000000000000853e+01,3.100701180799999861e+02,-4.887081329531249629e+00,-4.419316215800000447e-01
7.465000000000000568e+01,3.382002794300000232e+02,-4.893382857968750166e+00,-1.554981034499999804e-01
7.470000000000000284e+01,3.099536144900000068e+02,-4.894342586093750391e+00,-4.569415024533333702e-01
7.475000000000000000e+01,3.184249315600000045e+02,-4.897423887031250089e+00,-3.306004167296666685e-01
7.479999999999999716e+01,3.322396227099999919e+02,-4.898817291562500564e+00,-1.129433209069999888e-01
7.485000000000000853e+01,3.213930591700000150e+02,-4.896011619583332752e+00,-4.507899698100000241e-01
7.490000000000000568e+01,3.367820183399999792e+02,-4.896395216770833336e+00,-9.028013504960001601e-02
7.495000000000000284e+01,3.277835443000000168e+02,-4.893175789687499666e+00,-2.183901984099999860e-01
7.500000000000000000e+01,3.191606966900000089e+02,-4.889889504583333490e+00,-2.133007052066666631e-01
7.504999999999999716e+01,3.604699600700000133e+02,-4.893987010052083697e+00,-1.861401477734666576e-01
7.510000000000000853e+01,3.377248216500000240e+02,-4.891295308437499934e+00,-1.312748611773333351e-01
7.515000000000000568e+01,3.432524362300000007e+02,-4.892368535052082912e+00,-8.685064928133333362e-02
7.520000000000000284e+01,3.512763997100000211e+02,-4.894138687083333217e+00,-4.708512797333329336e-03
7.525000000000000000e+01,3.090942105400000059e+02,-4.889706994791667150e+00,-9.447169594700001449e-02
7.529999999999999716e+01,3.331811437499999897e+02,-4.892539100052083256e+00,-9.342780453766665050e-02
7.535000000000000853e+01,3.549857582199999797e+02,-4.894498870625000109e+00,1.691428657500000307e-02
7.540000000000000568e+01,3.338142051199999969e+02,-4.890738350416666158e+00,-7.983505828133333204e-02
7.545000000000000284e+01,3.567212435100000221e+02,-4.891014408750000264e+00,8.827309358000001716e-02
7.550000000000000000e+01,3.815619273199999952e+02,-4.891608809791667234e+00,2.317797682966666883e-01
7.554999999999999716e+01,3.461325044499999990e+02,-4.887017528281250023e+00,-4.371498710066666349e-01
7.560000000000000853e+01,3.617565303999999742e+02,-4.889897915937500450e+00,-7.114558585199998175e-02
7.565000000000000568e+01,3.607841381100000149e+02,-4.892101353645833761e+00,-3.757814649666668672e-02
7.570000000000000284e+01,3.321900590500000021e+02,-4.891809594218750057e+00,-2.942504730733333518e-01
7.575000000000000000e+01,3.112137097699999799e+02,-4.890706111093749975e+00,1.924471596626666642e-02
7.579999999999999716e+01,3.294479413600000157e+02,-4.893258391927083117e+00,-1.144955330099999974e-01
7.585000000000000853e+01,3.196029763899999807e+02,-4.892120256302082915e+00,-2.858668063850000052e-01
7.590000000000000568e+01,3.144558797700000241e+02,-4.891431319843749570e+00,-4.943399472566666897e-01
7.595000000000000284e+01,3.330808789299999830e+02,-4.892935216458333514e+00,-4.447465481333332665e-02
7.600000000000000000e+01,3.356942246400000158e+02,-4.891378479687499947e+00,9.895684487720000921e-02
7.604999999999999716e+01,3.384454448600000092e+02,-4.888681059166667175e+00,5.536737130533333356e-02
7.610000000000000853e+01,3.829715319599999930e+02,-4.892198514062499726e+00,-3.091679049580000060e-01
7.615000000000000568e+01,3.471507723600000190e+02,-4.887842806406250240e+00,-1.394792564359999820e-01
7.620000000000000284e+01,3.503020061999999939e+02,-4.889127904270833547e+00,5.659183256000000634e-02
7.625000000000000000e+01,3.605913770099999738e+02,-4.893324371302083087e+00,3.826766632186666683e-01
7.629999999999999716e+01,3.145391015999999809e+02,-4.892092303124999653e+00,-2.307265487700000117e-01
7.635000000000000853e+01,3.103392750900000010e+02,-4.892884058072916709e+00,-1.375573056119999971e-01
7.640000000000000568e+01,3.097664553000000183e+02,-4.892497370416666769e+00,-5.812200465433333685e-01
7.645000000000000284e+01,3.250532697599999779e+02,-4.893175864427083077e+00,-7.610166764233333714e-02
7.650000000000000000e+01,3.378920558899999946e+02,-4.893099503854166699e+00,-5.380448399133334059e-01
7.654999999999999716e+01,3.175901005900000200e+02,-4.888836944791666639e+00,3.906543663216666684e-01
7.660000000000000853e+01,3.641327835600000071e+02,-4.892435304531249862e+00,-3.899601854249999389e-01
7.665000000000000568e+01,3.363206915200000253e+02,-4.888190767135417225e+00,-9.197259858500000940e-02
7.670000000000000284e+01,3.647543926499999998e+02,-4.892070571093749543e+00,-4.539409754033332800e-01
7.675000000000000000e+01,3.547853501000000165e+02,-4.891485838489583848e+00,-3.140641368800000111e-01
7.680000000000001137e+01,3.232988358599999970e+02,-4.888305583177083413e+00,-2.231263267366666858e-01
7.685000000000000853e+01,3.145462828899999863e+02,-4.887407062552083126e+00,-5.398873521233332751e-01
7.690000000000000568e+01,3.324521726799999897e+02,-4.889047285572917012e+00,5.985420498999999284e-02
7.695000000000000284e+01,3.620957496799999831e+02,-4.892192977812499954e+00,-3.742306430933336255e-03
7.700000000000000000e+01,3.371857703800000081e+02,-4.889580196354166297e+00,-4.504806107999999587e-01
7.705000000000001137e+01,3.435217187700000068e+02,-4.892245613385417080e+00,-1.445591950566666728e-01
7.710000000000000853e+01,3.176670115200000168e+02,-4.892475066302083064e+00,-1.412186411693333310e-01
7.715000000000000568e+01,3.526814196099999776e+02,-4.899319215000000227e+00,-3.324742570973333589e-01
7.720000000000000284e+01,3.029636788500000080e+02,-4.894632302031250326e+00,-6.873033486666605416e-04
7.725000000000000000e+01,3.061324888199999918e+02,-4.894987520052083596e+00,-4.693200505599998823e-02
7.730000000000001137e+01,3.101181422000000225e+02,-4.893336022395833318e+00,-3.336919618659999753e-01
7.735000000000000853e+01,3.371022779300000138e+02,-4.893661920052083225e+00,4.577629177000001187e-02
7.740000000000000568e+01,3.539575097300000266e+02,-4.894065580520833514e+00,-3.955088713399999567e-01
7.745000000000000284e+01,3.292238227099999790e+02,-4.890525257031249851e+00,1.059665675193333240e-01
7.750000000000000000e+01,3.480076788999999735e+02,-4.892671240520833464e+00,-3.020461596566666462e-01
7.755000000000001137e+01,3.339820558399999868e+02,-4.891138468645833903e+00,-1.854897935973333356e-01
7.760000000000000853e+01,3.158408969500000012e+02,-4.889197315677082933e+00,7.499293623300000433e-02
7.765000000000000568e+01,3.514525366999999960e+02,-4.893146556354166954e+00,-1.777489198466666587e-01
7.770000000000000284e+01,3.688287969300000100e+02,-4.892798660729166471e+00,-5.875227809433333226e-01
7.775000000000000000e+01,3.953777141200000074e+02,-4.893334591354166818e+00,7.378872529166667638e-02
7.780000000000001137e+01,3.513959595499999864e+02,-4.887804270208333079e+00,-3.870074938843333090e-01
7.785000000000000853e+01,3.666729727000000025e+02,-4.891902265260417160e+00,-8.453203738999998107e-02
7.790000000000000568e+01,3.233985965499999793e+02,-4.889341811354166900e+00,-1.978741766740000074e-01
7.795000000000000284e+01,3.460991609100000233e+02,-4.893948429114582943e+00,-2.461878833333333225e-02
7.800000000000000000e+01,3.404016665600000238e+02,-4.894224878020833280e+00,-1.024928090126666635e-01
7.805000000000001137e+01,3.064427161699999829e+02,-4.890102055520833879e+00,-2.249020895516666840e-01
7.810000000000000853e+01,3.105774632299999780e+02,-4.890093857708333047e+00,1.105321985213333393e-02
7.815000000000000568e+01,3.516770915600000080e+02,-4.894785222343750242e+00,-3.594332358800000349e-01
7.820000000000000284e+01,3.442325942300000179e+02,-4.893924199947917053e+00,1.748745588066666634e-01
7.825000000000000000e+01,3.472631148500000222e+02,-4.894337304218749907e+00,-4.407528965133333254e-01
7.830000000000001137e+01,3.301727400999999986e+02,-4.892295824375000102e+00,1.165965361100000236e-01
7.835000000000000853e+01,3.329207420700000171e+02,-4.892625625885416163e+00,-4.412614523800000299e-01
7.840000000000000568e+01,3.293523192399999857e+02,-4.891527364322916682e+00,-1.116206933899999837e-01
7.845000000000000284e+01,3.341274880600000188e+02,-4.890800414374999683e+00,-1.826238111093333449e-01
7.850000000000000000e+01,3.422517406499999879e+02,-4.890223901614583646e+00,-1.410977266969999921e-01
7.855000000000001137e+01,3.348026741400000219e+02,-4.887848235156249999e+00,-5.771379219566666885e-01
7.860000000000000853e+01,3.457576512699999967e+02,-4.888021956458333150e+00,5.857658052666666476e-02
7.865000000000000568e+01,3.798060381000000234e+02,-4.891511600104166746e+00,-3.668708986766666680e-01
7.870000000000000284e+01,3.391158810300000255e+02,-4.887297567656250230e+00,-1.300616405543333354e-01
7.875000000000000000e+01,3.495878735699999993e+02,-4.891621232864583391e+00,-8.507123752666667649e-02
7.880000000000001137e+01,3.321202291000000173e+02,-4.892757439583333756e+00,1.707395511333333407e-02
7.885000000000000853e+01,3.166402320000000259e+02,-4.892448555052083314e+00,-5.117121279400000944e-01
7.890000000000000568e+01,3.404939213000000109e+02,-4.896062154531249710e+00,-7.503592156066667129e-02
7.895000000000000284e+01,3.107781047799999783e+02,-4.892625703437500029e+00,-2.686912986066666842e-01
7.900000000000000000e+01,3.501024106500000244e+02,-4.896634723854166538e+00,-1.222253454200000061e-01
7.905000000000001137e+01,3.292091984900000057e+02,-4.892019418645833007e+00,-1.007496794830000097e-01
7.910000000000000853e+01,3.595605148000000213e+02,-4.892462321979166084e+00,-2.623643018549999817e-01
7.915000000000000568e+01,3.482581966800000259e+02,-4.887732487447916441e+00,-2.908054579609999912e-01
7.920000000000000284e+01,4.037757050899999740e+02,-4.893570592812499953e+00,-5.978763990966666775e-01
7.925000000000000000e+01,3.620319651799999860e+02,-4.889121074739583683e+00,-3.594887187933333283e-01
7.930000000000001137e+01,3.776789579100000083e+02,-4.892778744062499463e+00,-3.568722323666666529e-01
7.935000000000000853e+01,3.620027926000000207e+02,-4.893222522187500090e+00,1.128987053266666679e-01
7.940000000000000568e+01,3.236869253200000003e+02,-4.890762243697916567e+00,-2.911311119323333751e-01
7.945000000000000284e+01,3.461268056000000115e+02,-4.895216789947916425e+00,-2.409112333640333128e-02
7.950000000000000000e+01,3.161821086900000068e+02,-4.893289093593749861e+00,-7.789131353333386123e-04
7.955000000000001137e+01,3.368485263399999781e+02,-4.897402387500000565e+00,-8.064057588666666276e-02
7.960000000000000853e+01,3.177961469599999873e+02,-4.895682915104166533e+00,-2.247468262123333282e-01
7.965000000000000568e+01,3.324460713500000111e+02,-4.896547612447917253e+00,-1.237243608453333366e-01
7.970000000000000284e+01,3.477695421700000225e+02,-4.895383963541666716e+00,-2.085192168333333262e-01
7.975000000000000000e+01,3.859361241400000040e+02,-4.896874556041666438e+00,1.265495133563333263e-01
7.980000000000001137e+01,3.649534446200000275e+02,-4.893907317656250200e+00,-7.561938932433333038e-01
7.985000000000000853e+01,3.613948349899999926e+02,-4.894196718593749829e+00,1.571479842533332616e-02
7.990000000000000568e+01,3.156504962000000205e+02,-4.889160148906250392e+00,-3.716131736266666263e-01
7.995000000000000284e+01,3.344327229900000020e+02,-4.891359530468750272e+00,-1.869918829999992925e-03
8.000000000000000000e+01,3.586376499099999933e+02,-4.894218145781249696e+00,-3.633617277666666978e-01
8.005000000000001137e+01,3.283420727999999826e+02,-4.890321352187499748e+00,-4.329903556033333767e-01
8.010000000000000853e+01,3.564075946199999976e+02,-4.892296151406250182e+00,-1.738950817679999761e-01
8.015000000000000568e+01,3.572826903700000116e+02,-4.889982506302083642e+00,5.309098988333332825e-02
8.020000000000000284e+01,3.694253958699999885e+02,-4.889641638281250202e+00,-1.419535053273333347e-01
8.025000000000000000e+01,3.721285328000000163e+02,-4.889916667864583566e+00,-4.389321144233333527e-01
8.030000000000001137e+01,3.565771309200000019e+02,-4.889240654947916376e+00,-2.800518482266666775e-01
8.035000000000000853e+01,3.558384083299999929e+02,-4.891485353697916594e+00,1.873277564033333509e-02
8.040000000000000568e+01,3.275037187400000107e+02,-4.891759257864583432e+00,-4.411881646966666626e-01
8.045000000000000284e+01,3.428705079399999818e+02,-4.895952843541667043e+00,2.113697081059999761e-01
8.050000000000000000e+01,3.417464177800000016e+02,-4.896491514427083303e+00,-1.107082082976666576e-01
8.055000000000001137e+01,3.183701080399999910e+02,-4.893329138229166375e+00,-1.484395200799999981e-01
8.060000000000000853e+01,3.487815278300000159e+02,-4.895834983385416450e+00,-2.398176688033333281e-01
8.065000000000000568e+01,3.328319974600000251e+02,-4.891854666927083706e+00,-3.447160849166666097e-01
8.070000000000000284e+01,3.377923071000000164e+02,-4.890407153541667107e+00,9.442843688000002178e-02
8.075000000000000000e+01,3.789224032999999849e+02,-4.894259305468749766e+00,-1.248311009800000121e-01
8.080000000000001137e+01,3.422709760199999778e+02,-4.889601784322916700e+00,1.117326416466665751e-02
8.085000000000000853e+01,3.530799950200000126e+02,-4.892128021510417035e+00,1.958141129300000338e-01
8.090000000000000568e+01,3.369419914000000063e+02,-4.892692500364582919e+00,-1.416701596733333235e-01
8.095000000000000284e+01,3.426866453600000000e+02,-4.897245240312499526e+00,3.399919273733333774e-02
8.100000000000000000e+01,3.037780675899999778e+02,-4.894665071718749871e+00,-4.510645788700000103e-01
8.105000000000001137e+01,3.104676367600000049e+02,-4.895275302447916310e+00,-4.544716100866666442e-01
8.110000000000000853e+01,3.118649457399999960e+02,-4.893954799166666980e+00,-5.794402720266665918e-01
8.115000000000000568e+01,3.386362251300000139e+02,-4.895494516041666522e+00,8.987053611666667718e-02
8.120000000000000284e+01,3.176834852499999897e+02,-4.891364508697916946e+00,-3.782642421589999526e-01
8.125000000000000000e+01,3.306925389200000041e+02,-4.891538225312499932e+00,-3.326434247336666483e-01
8.130000000000001137e+01,3.429421332900000152e+02,-4.891431296041666599e+00,-2.004106573563333438e-01
8.135000000000000853e+01,3.509833092599999986e+02,-4.890853247031249573e+00,-3.016666014850666877e-01
8.140000000000000568e+01,3.369560228799999777e+02,-4.888204914687499958e+00,-1.279800012666666709e-01
8.145000000000000284e+01,3.596054540599999996e+02,-4.891190906197916632e+00,-3.526946939200000242e-01
8.150000000000000000e+01,3.545134700400000156e+02,-4.891631215416667011e+00,-4.931416957100000914e-02
8.155000000000001137e+01,3.271953221100000064e+02,-4.889447242239583602e+00,-4.649496656700000119e-01
8.160000000000000853e+01,3.583584765800000014e+02,-4.894541136770833134e+00,1.012034316566665960e-02
8.165000000000000568e+01,3.202050206999999773e+02,-4.891371665208333219e+00,-2.538310882046666550e-01
8.170000000000000284e+01,3.251153244700000187e+02,-4.893230250000000225e+00,-4.885296228366665244e-02
8.175000000000000000e+01,3.331788830099999927e+02,-4.894840382864583894e+00,1.294579222330000112e-01
8.180000000000001137e+01,3.372255239500000243e+02,-4.895490107760417153e+00,-9.771125672733332879e-02
8.185000000000000853e+01,3.266999232300000244e+02,-4.894511680677083199e+00,-1.002419740173333268e-01
8.190000000000000568e+01,3.168807381299999975e+02,-4.893434513489583360e+00,-3.351278631333332730e-02
8.195000000000000284e+01,3.262123858200000086e+02,-4.893466711041666528e+00,-2.306893479166666483e-01
8.200000000000000000e+01,3.585699465199999736e+02,-4.894768163072916956e+00,-1.931281562236666638e-01
8.205000000000001137e+01,3.683908846300000164e+02,-4.893425245156250547e+00,-9.700890200033333854e-02
8.210000000000000853e+01,3.685002818300000058e+02,-4.892034504166666409e+00,-2.639669740223333227e-01
8.215000000000000568e+01,3.737118962100000203e+02,-4.892989457812499943e+00,-2.980724272943333641e-01
8.220000000000000284e+01,3.340179442099999960e+02,-4.889619997187500289e+00,-9.534257353300000515e-02
8.225000000000000000e+01,3.238995726900000136e+02,-4.890273056770833016e+00,-1.527798206746666387e-01
8.230000000000001137e+01,3.607543715499999735e+02,-4.896630055000000148e+00,-3.174844709999999903e-01
8.235000000000000853e+01,3.308837725199999795e+02,-4.894476501197916996e+00,-7.828829256199999753e-02
8.240000000000000568e+01,3.361401601700000015e+02,-4.895482214687500111e+00,-2.868612003300000102e-01
8.245000000000000284e+01,3.173053313199999934e+02,-4.892355475989583091e+00,3.027395183776667165e-01
8.250000000000000000e+01,3.393985583099999985e+02,-4.893594035000000453e+00,-3.152168199233333357e-01
8.255000000000001137e+01,3.408211946399999874e+02,-4.892191371562500279e+00,-7.169302186033332802e-02
8.260000000000000853e+01,3.511701752399999918e+02,-4.892731738177083400e+00,1.292062596250000139e-01
8.265000000000000568e+01,3.626761621900000137e+02,-4.894649663229166947e+00,-1.879082125566666761e-01
8.270000000000000284e+01,3.340665648899999951e+02,-4.891849423385417062e+00,-4.217136518933333189e-01
8.275000000000000000e+01,3.578742108800000210e+02,-4.895961715312499685e+00,-2.275058223373333244e-01
8.280000000000001137e+01,3.543454831799999738e+02,-4.896557288958333309e+00,-1.617836088918666870e-01
8.285000000000000853e+01,3.390782434299999863e+02,-4.895643792187500232e+00,1.878922653333333151e-02
8.290000000000000568e+01,3.288842877600000065e+02,-4.895226501979166756e+00,-2.040644260733333049e-01
8.295000000000000284e+01,2.953032522600000220e+02,-4.890897451458333656e+00,-4.938132601366668206e-02
8.300000000000000000e+01,3.258303292400000259e+02,-4.893268545052083418e+00,-3.258428547966666922e-01
8.305000000000001137e+01,3.226758507700000109e+02,-4.891550477447916379e+00,8.143882018333332973e-02
8.310000000000000853e+01,3.521101249100000246e+02,-4.894346319531249989e+00,-8.533884173833333753e-02
8.315000000000000568e+01,3.273070469599999797e+02,-4.890824950989583364e+00,-3.778704174733333865e-01
8.320000000000000284e+01,3.169947178400000212e+02,-4.889152406145833574e+00,2.047331151693333184e-01
8.325000000000000000e+01,3.453940235800000096e+02,-4.892105976197917094e+00,-1.970542066630000255e-01
8.330000000000001137e+01,3.405023461800000177e+02,-4.890917144322917132e+00,1.973499065569999933e-01
8.335000000000000853e+01,3.515064449999999852e+02,-4.892107806145832960e+00,-2.821322284510000000e-01
8.340000000000000568e+01,3.523547387799999910e+02,-4.892163294791666672e+00,-1.965211469200000005e-01
8.345000000000000284e+01,3.719314002300000084e+02,-4.894916093229166876e+00,-2.128537805776666847e-01
8.350000000000000000e+01,3.421166599399999768e+02,-4.892808656875000217e+00,-1.130196181156666452e-01
8.355000000000001137e+01,3.374328840000000014e+02,-4.893629922135416699e+00,-6.360246549533334071e-02
8.360000000000000853e+01,3.423971986299999912e+02,-4.894655936979166455e+00,-5.297639189266666326e-01
8.365000000000000568e+01,3.648996169000000123e+02,-4.897651719166666417e+00,8.409590890133332441e-02
8.370000000000000284e+01,3.015053215899999941e+02,-4.889995973020833553e+00,-5.539913333499999482e-01
8.375000000000000000e+01,3.471592996499999799e+02,-4.894863277708333626e+00,-3.646206750333329250e-03
8.380000000000001137e+01,3.299770407500000147e+02,-4.891601733749999958e+00,-6.108975825999999471e-02
8.385000000000000853e+01,3.544819431799999734e+02,-4.893624223749999835e+00,-7.189243796666670676e-03
8.390000000000000568e+01,3.343313991699999974e+02,-4.890319894374999699e+00,-4.842984867966667051e-01
8.395000000000000284e+01,3.413628895699999930e+02,-4.890681209531249962e+00,1.009203815100000040e-01
8.400000000000000000e+01,3.447695054299999811e+02,-4.891373964583332956e+00,1.349774706974333494e-01
8.405000000000001137e+01,3.824896689500000093e+02,-4.898163154114583584e+00,-3.393661951183334080e-02
8.410000000000000853e+01,3.380112427099999763e+02,-4.896278820833333434e+00,-2.606702090466666566e-01
8.415000000000000568e+01,2.988130416500000024e+02,-4.893447616249999577e+00,-7.204161882433333941e-02
8.420000000000000284e+01,3.521873261800000137e+02,-4.900004824479166743e+00,-1.905838192873333392e-01
8.425000000000000000e+01,3.253664894199999935e+02,-4.895452305625000555e+00,7.870252959192333697e-02
8.430000000000001137e+01,3.670861859999999979e+02,-4.898939838020833548e+00,-7.313369792099999600e-02
8.435000000000000853e+01,3.334173496399999976e+02,-4.893543302968749842e+00,4.167791495333333235e-02
8.440000000000000568e+01,3.528181097799999861e+02,-4.894824476354166620e+00,-6.351074565333333921e-03
8.445000000000000284e+01,3.328590574899999979e+02,-4.891398739531250150e+00,-1.968601918076666735e-01
8.450000000000000000e+01,3.337103063100000213e+02,-4.890766326927082908e+00,1.752710280943333421e-01
8.455000000000001137e+01,3.657838408999999729e+02,-4.894433179531250566e+00,6.713363573199999934e-02
8.460000000000000853e+01,3.350040512400000239e+02,-4.891207846458333286e+00,-9.989800062666669145e-02
8.465000000000000568e+01,3.409101632200000154e+02,-4.893612062031249543e+00,-5.901988330353333950e-02
8.470000000000000284e+01,3.639437062100000162e+02,-4.899820709218750459e+00,-4.979665227266666938e-01
8.475000000000000000e+01,3.329145681800000034e+02,-4.899172007499999815e+00,-3.463574479000000039e-01
8.480000000000001137e+01,2.855299600899999746e+02,-4.893863635937500511e+00,1.192177539000000008e-03
8.485000000000000853e+01,3.141694077199999811e+02,-4.895986134270833290e+00,-1.075647726273333271e-01
8.490000000000000568e+01,3.237131091800000036e+02,-4.894925817916666588e+00,-2.246783767653333375e-01
8.495000000000000284e+01,3.217588691700000254e+02,-4.892986752604167044e+00,-2.140096191998666908e-01
8.500000000000000000e+01,3.369243142400000011e+02,-4.893497015260416916e+00,-2.645502303351333073e-01
8.505000000000001137e+01,3.294401693500000192e+02,-4.891368811302083230e+00,-1.060509584615333262e-01
8.510000000000000853e+01,3.435343025099999750e+02,-4.892281173385416793e+00,-1.084792970283333241e-01
8.515000000000000568e+01,3.653006395200000043e+02,-4.895001332864583610e+00,-2.208378284266666602e-01
8.520000000000000284e+01,3.350016383399999995e+02,-4.892765866510417005e+00,-1.651471378773333165e-01
8.525000000000000000e+01,3.288469934999999964e+02,-4.893986093177082886e+00,-7.047066945533332627e-02
8.530000000000001137e+01,3.105181482799999912e+02,-4.893370339479166553e+00,-3.761555436566666466e-01
8.535000000000000853e+01,3.148500043199999823e+02,-4.894632739322916315e+00,-3.649307275900000036e-01
8.540000000000000568e+01,3.357790592399999809e+02,-4.896591094895833329e+00,-4.367358496086666819e-01
8.545000000000000284e+01,3.157600941300000272e+02,-4.891560867447917182e+00,1.233838539470000079e-01
8.550000000000000000e+01,3.617365580399999772e+02,-4.893494755677083141e+00,-7.039646246333335078e-02
8.555000000000001137e+01,3.751056377699999871e+02,-4.893165029583333769e+00,-4.351169082066667637e-01
8.560000000000000853e+01,3.429991730300000086e+02,-4.889221194687499938e+00,3.176652133699999769e-01
8.565000000000000568e+01,3.729590951100000211e+02,-4.894387227291666420e+00,-4.453300228066666144e-01
8.570000000000000284e+01,3.324712092799999823e+02,-4.892058385104166796e+00,2.579118002970000045e-01
8.575000000000000000e+01,3.077103836399999750e+02,-4.890702689166666950e+00,-5.684712730100000000e-01
8.580000000000001137e+01,3.455792857600000048e+02,-4.895046047916666865e+00,3.463160300000001079e-02
8.585000000000000853e+01,3.552322466599999871e+02,-4.895724279166667081e+00,-3.223047175079999938e-01
8.590000000000000568e+01,3.451818139900000233e+02,-4.894596335364583162e+00,2.188268651109999963e-01
8.595000000000000284e+01,3.343560224899999866e+02,-4.893295499947917016e+00,-2.786023432099999919e-01
8.600000000000000000e+01,3.340934613300000251e+02,-4.892648572291666831e+00,-3.313656762433333514e-01
8.605000000000001137e+01,3.359115223900000160e+02,-4.891905960312500135e+00,-2.248170939243333277e-01
8.610000000000000853e+01,3.494542238399999974e+02,-4.893077286197916820e+00,-3.613566208643332889e-01
8.615000000000000568e+01,3.410276221299999975e+02,-4.891996070208333158e+00,1.018107112466666714e-01
8.620000000000000284e+01,3.648733088000000180e+02,-4.895867090677083588e+00,-3.006289109433333273e-01
8.625000000000000000e+01,3.055212187399999948e+02,-4.889324984322916734e+00,-1.407093893266666840e-01
8.630000000000001137e+01,3.492468651699999782e+02,-4.894626323229166687e+00,-3.028251778699999619e-01
8.635000000000000853e+01,3.330134858200000281e+02,-4.891939891875000335e+00,-1.735382914799999954e-01
8.640000000000000568e+01,3.818310510000000022e+02,-4.897409224218749912e+00,-1.848058020133333257e-01
8.645000000000000284e+01,3.557546988299999953e+02,-4.895174430052082748e+00,-1.437345043066666495e-01
8.650000000000000000e+01,3.403724498899999844e+02,-4.896631816145833760e+00,-3.382920641866666855e-01
8.655000000000001137e+01,3.639484953400000222e+02,-4.903104424947916762e+00,-1.672575794186666742e-01
8.660000000000000853e+01,3.046366795100000218e+02,-4.897756465260417080e+00,1.747563320803333375e-01
8.665000000000000568e+01,3.037016955099999791e+02,-4.897766299114583610e+00,-1.455698568233333434e-01
8.670000000000000284e+01,3.137823385799999869e+02,-4.897469485989582871e+00,2.605231372333333822e-03
8.675000000000000000e+01,3.261986666000000241e+02,-4.896216921197916960e+00,-1.485217947900000224e-01
8.680000000000001137e+01,3.111024425100000030e+02,-4.891954447812500106e+00,1.795874552889999975e-01
8.685000000000000853e+01,3.589305903700000044e+02,-4.896660283489583598e+00,-3.541999924600000571e-01
8.690000000000000568e+01,3.536911815600000182e+02,-4.895769310104166827e+00,1.879835039866666613e-01
8.695000000000000284e+01,3.389532652699999744e+02,-4.894010388281249568e+00,-2.532076144766666759e-01
8.700000000000000000e+01,3.272361483700000235e+02,-4.892477606197917162e+00,-9.686029122999999241e-02
8.705000000000001137e+01,3.424259400799999753e+02,-4.894427613437500213e+00,-1.567847270999999931e-01
8.710000000000000853e+01,3.687389408299999900e+02,-4.898060534010416411e+00,-2.708263592833333178e-01
8.715000000000000568e+01,3.163445691900000156e+02,-4.892505522916667182e+00,1.331286423893333348e-01
8.720000000000000284e+01,3.002931313999999929e+02,-4.890795825625000148e+00,-4.417596495166666304e-01
8.725000000000000000e+01,3.532488299799999822e+02,-4.895818497187500284e+00,-4.466424989700000237e-01
8.730000000000001137e+01,3.513341663599999833e+02,-4.893426880624999420e+00,2.206665307299999768e-01
8.735000000000000853e+01,3.709939368700000273e+02,-4.894136385364583397e+00,-3.163813061533333193e-01
8.740000000000000568e+01,3.673937160099999915e+02,-4.893193041302082769e+00,1.702184678166666909e-01
8.745000000000000284e+01,3.304126033399999756e+02,-4.889696251041666386e+00,-2.933575225733333069e-01
8.750000000000000000e+01,3.235447994599999788e+02,-4.892044180937499931e+00,1.634374019107666942e-01
8.755000000000001137e+01,3.303874382500000024e+02,-4.896927021614582820e+00,-2.276941443483333494e-01
8.760000000000000853e+01,3.236320499000000268e+02,-4.897626792239583082e+00,-2.104852850188000113e-01
8.765000000000000568e+01,3.101780691999999817e+02,-4.895887626979166463e+00,3.213641687333332886e-01
8.770000000000000284e+01,3.132429037699999981e+02,-4.894868639687500078e+00,6.587389612533334216e-02
8.775000000000000000e+01,3.201973217099999829e+02,-4.893400486770833169e+00,9.891807518600000126e-02
8.780000000000001137e+01,3.478674920199999860e+02,-4.894946135625000139e+00,-3.876130872600000443e-01
8.785000000000000853e+01,3.726125277699999856e+02,-4.897294338124999591e+00,-1.780888287100000078e-01
8.790000000000000568e+01,3.131950040199999989e+02,-4.890833420624999484e+00,-5.826440871699999774e-02
8.795000000000000284e+01,3.115661380399999985e+02,-4.891220650416666871e+00,-1.608928998083333228e-01
8.800000000000000000e+01,3.459949260999999865e+02,-4.895662506562500127e+00,-4.333630491243332244e-02
8.805000000000001137e+01,3.445832005999999978e+02,-4.895773082031250389e+00,3.010091640053333406e-02
8.810000000000000853e+01,3.327203573400000209e+02,-4.894619453281250365e+00,-4.946914069833334149e-01
8.815000000000000568e+01,3.357402163200000018e+02,-4.895211087135416861e+00,-4.267585298099999674e-02
8.820000000000000284e+01,3.163430527799999936e+02,-4.892971065781249962e+00,-2.995403637599999835e-01
8.825000000000000000e+01,3.357796481699999731e+02,-4.894998786041666605e+00,-4.261539039333333001e-01
8.830000000000001137e+01,3.322105537799999979e+02,-4.893020655833333343e+00,1.151205348833333336e-01
8.835000000000000853e+01,3.321539601599999969e+02,-4.890213187916666371e+00,-4.852821391333333456e-01
8.840000000000000568e+01,3.627674942799999940e+02,-4.890783176614583283e+00,5.169183126833332836e-02
8.845000000000000284e+01,3.624703583599999774e+02,-4.889254452500000347e+00,3.476821922366667150e-02
8.850000000000000000e+01,3.543267234499999745e+02,-4.888637844999999871e+00,-5.090058780999998783e-02
8.855000000000001137e+01,3.745042207299999859e+02,-4.893392913333333816e+00,-9.058864757666668099e-02
8.860000000000000853e+01,3.586715188699999999e+02,-4.894133543697916089e+00,-1.710787723456666798e-01
8.865000000000000568e+01,3.402849772100000223e+02,-4.892976524010416384e+00,-2.467615108717333416e-01
8.870000000000000284e+01,3.667928865599999995e+02,-4.896860164687500294e+00,5.685826745806665805e-02
8.875000000000000000e+01,3.433622306799999819e+02,-4.895322459218749422e+00,-2.060834887059999898e-01
8.880000000000001137e+01,3.105438584500000161e+02,-4.892994224999999808e+00,-2.775473042520000266e-01
8.885000000000000853e+01,3.095449049900000205e+02,-4.893800764895833488e+00,-5.019021464733333104e-01
8.890000000000000568e+01,3.261006983500000160e+02,-4.895101251302083512e+00,1.152967821669999976e-01
8.895000000000000284e+01,3.510129793400000153e+02,-4.895398495000000239e+00,-1.395086551666666619e-01
8.900000000000000000e+01,3.179972220199999811e+02,-4.887819731406250590e+00,3.327685629036666870e-01
8.905000000000001137e+01,3.594921586799999886e+02,-4.891097425312500135e+00,-1.478386214570000246e-01
8.910000000000000853e+01,3.849792395000000056e+02,-4.894428760104166720e+00,-3.665023860733333111e-02
8.915000000000000568e+01,3.273598100500000214e+02,-4.888590499895832941e+00,-4.617865345900000196e-01
8.920000000000000284e+01,3.417215278499999727e+02,-4.891287569947916580e+00,1.535467544056666744e-01
8.925000000000000000e+01,3.468641991100000155e+02,-4.892747332760416512e+00,-3.409087462566666726e-01
8.930000000000001137e+01,3.397994485400000144e+02,-4.892438361979166928e+00,-4.879424747700000092e-02
8.935000000000000853e+01,3.654224729000000025e+02,-4.896474039843750070e+00,1.954345007216666819e-01
8.940000000000000568e+01,3.424098798300000226e+02,-4.896608413333333409e+00,-3.680761838700000177e-02
8.945000000000000284e+01,3.275569745099999750e+02,-4.899833172500000167e+00,-3.916490606300000454e-01
8.950000000000000000e+01,3.124887402800000018e+02,-4.899263215468749877e+00,-1.994987879156666644e-01
8.955000000000001137e+01,2.963384742900000219e+02,-4.896583540885417030e+00,-1.490427221670000135e-01
8.960000000000000853e+01,3.190105707499999994e+02,-4.897575373437500268e+00,8.041099659066666683e-02
8.965000000000000568e+01,3.188244251400000167e+02,-4.895333101822916255e+00,-5.019737971399999138e-02
8.970000000000000284e+01,3.335027810400000021e+02,-4.895049659895833294e+00,-2.267093287066665463e-02
8.975000000000000000e+01,3.473576715500000205e+02,-4.894860270989583206e+00,-2.220485467693333603e-01
8.980000000000001137e+01,3.515048839199999975e+02,-4.894339974687500039e+00,-2.459152415219999777e-01
8.985000000000000853e+01,3.291251285199999757e+02,-4.890919135989583388e+00,9.425590802133332335e-02
8.990000000000000568e+01,3.336909912400000167e+02,-4.891123155937500577e+00,-3.838189170833333219e-01
8.995000000000000284e+01,3.895896490100000165e+02,-4.898071722604166567e+00,1.981759438029999931e-01
9.000000000000000000e+01,3.374042510900000025e+02,-4.893191215624999479e+00,-2.346582326099999893e-01
9.005000000000001137e+01,3.268206984099999772e+02,-4.895287988177083882e+00,1.684930160303333146e-01
9.010000000000000853e+01,3.172948199799999998e+02,-4.896549982083333141e+00,-5.028029761100000217e-01
9.015000000000000568e+01,3.398837131600000134e+02,-4.899860170052083852e+00,3.174907939433332937e-02
9.020000000000000284e+01,3.385905440299999896e+02,-4.899019248124999670e+00,-3.909288611633333077e-01
9.025000000000000000e+01,3.336163692299999752e+02,-4.897242281093750371e+00,-1.698568458533333547e-01
9.030000000000001137e+01,3.120010172199999943e+02,-4.892875495937500041e+00,-2.436416473380000058e-01
9.035000000000000853e+01,3.551877776700000027e+02,-4.895682549427083252e+00,9.205298416000000372e-02
9.040000000000000568e+01,3.544656769599999961e+02,-4.893934996927083780e+00,-2.123868477006666533e-01
9.045000000000000284e+01,3.602995660700000258e+02,-4.893962787291666672e+00,6.065718429866667066e-02
9.050000000000000000e+01,3.611356946500000049e+02,-4.894529095781249950e+00,-6.792443555433334834e-02
9.055000000000001137e+01,3.060031289500000184e+02,-4.888807177395833925e+00,-4.116416787066666250e-01
9.060000000000000853e+01,3.438447264999999788e+02,-4.893757559062500206e+00,-1.058508686839999963e-01
9.065000000000000568e+01,3.573631778700000154e+02,-4.895908088749999720e+00,-2.881849128200000276e-01
9.070000000000000284e+01,3.391517699400000083e+02,-4.893965433593749914e+00,-1.015354920860000038e-01
9.075000000000000000e+01,3.540367329700000028e+02,-4.895661240416666615e+00,-1.390811930630000137e-01
9.080000000000001137e+01,3.462735289099999818e+02,-4.894977169270833706e+00,-2.907049167393333522e-01
9.085000000000000853e+01,3.216496295399999781e+02,-4.892140102135416946e+00,-6.011772014466667535e-01
9.090000000000000568e+01,3.518099578100000144e+02,-4.895261021614583541e+00,-3.010448889856666699e-01
9.095000000000000284e+01,3.446560570400000074e+02,-4.894048738333332871e+00,-2.058357756736667044e-01
9.100000000000000000e+01,3.182784833900000194e+02,-4.890659010677083529e+00,-4.564371988333332936e-02
9.105000000000001137e+01,3.655373619599999984e+02,-4.896018698541666936e+00,-1.943694125056999733e-01
9.110000000000000853e+01,3.402378699899999788e+02,-4.892120932604166583e+00,-2.059666175066666716e-01
9.115000000000000568e+01,3.500453794100000096e+02,-4.892464152604167005e+00,1.443499077546666898e-01
9.120000000000000284e+01,3.418591247699999940e+02,-4.890557567291666352e+00,1.918650400000000145e-01
9.125000000000000000e+01,3.379719767600000182e+02,-4.889251141822916757e+00,2.181161409933333184e-01
9.130000000000001137e+01,3.429357132399999841e+02,-4.890251991510417007e+00,3.814337596366666472e-01
9.135000000000000853e+01,3.617985670900000059e+02,-4.894739689687500395e+00,-3.014477468053333165e-01
9.140000000000000568e+01,3.393878701699999851e+02,-4.894391403854166711e+00,4.847298231666667505e-03
9.145000000000000284e+01,3.285221787500000232e+02,-4.895295259479166994e+00,-2.668414305763333050e-01
9.150000000000000000e+01,3.279850600799999825e+02,-4.897029460312499971e+00,1.231397289906666637e-01
9.155000000000001137e+01,3.445245773899999904e+02,-4.899803994374999583e+00,-3.917813591233333947e-01
9.160000000000000853e+01,3.273514463399999954e+02,-4.897207321666666502e+00,-3.888421521600000236e-02
9.165000000000000568e+01,3.423711334399999942e+02,-4.897786331302083518e+00,-3.765637292599999797e-01
9.170000000000000284e+01,3.442045081499999810e+02,-4.895656141875000422e+00,-1.833441827633333354e-01
9.175000000000000000e+01,3.339960707700000171e+02,-4.891260211666666358e+00,-1.874880795766666886e-01
9.180000000000001137e+01,3.797716267399999879e+02,-4.893969602812499708e+00,-3.110429999799999359e-02
9.185000000000000853e+01,3.468934974800000077e+02,-4.889186779374999681e+00,5.892674970833333692e-02
9.190000000000000568e+01,3.695074599100000228e+02,-4.892657935208332809e+00,-3.683525521733333474e-01
9.195000000000000284e+01,3.577645485099999973e+02,-4.892755799322916488e+00,-5.496016403400000305e-01
9.200000000000000000e+01,3.620913006600000017e+02,-4.895056159739582746e+00,3.049581325933333961e-02
9.205000000000001137e+01,3.381575440600000206e+02,-4.894244153906250006e+00,-2.596288100043332991e-01
9.210000000000000853e+01,3.408338138199999889e+02,-4.895895040416666788e+00,-2.834309480999999686e-01
9.215000000000000568e+01,3.139746666899999923e+02,-4.892931194635417036e+00,-2.383444106263333806e-01
9.220000000000000284e+01,3.168333659499999726e+02,-4.892860728697916883e+00,-4.770067159933333301e-01
9.225000000000000000e+01,3.193793162499999880e+02,-4.891777132708333475e+00,1.930643149150000071e-01
9.230000000000001137e+01,3.263043803599999819e+02,-4.890727294895833133e+00,-4.604570525960000604e-01
9.235000000000000853e+01,3.411944835599999806e+02,-4.890985233645833041e+00,4.186785051966666615e-01
9.240000000000000568e+01,3.060170677300000079e+02,-4.885486642083333386e+00,-7.205958724300000062e-01
9.245000000000000284e+01,3.974926855599999840e+02,-4.896085162812499725e+00,3.736124904299999994e-01
9.250000000000000000e+01,3.492825245899999800e+02,-4.892121523281249829e+00,-1.319374092883333349e-01
9.255000000000001137e+01,3.282517347900000004e+02,-4.893152829479166854e+00,-3.472013396699999976e-01
9.260000000000000853e+01,3.372629112800000257e+02,-4.897151856666666525e+00,-1.123818490666666503e-01
9.265000000000000568e+01,3.211454854799999907e+02,-4.896487383281249883e+00,-2.247989291126666622e-01
9.270000000000000284e+01,3.072377146200000197e+02,-4.894778779479167063e+00,-1.689399572599999955e-01
9.275000000000000000e+01,3.451839600199999722e+02,-4.898574166875000024e+00,-1.229314137773333399e-01
9.280000000000001137e+01,3.550290623299999879e+02,-4.898625969583333628e+00,1.425084552833333351e-02
9.285000000000000853e+01,3.588939307100000065e+02,-4.898104866406249869e+00,-3.815893315500000216e-01
9.290000000000000568e+01,3.455502987400000166e+02,-4.895743305416666580e+00,3.099592616000000286e-02
9.295000000000000284e+01,3.257904754799999978e+02,-4.892672510677082975e+00,-7.376585312700000008e-02
9.300000000000000000e+01,3.642477907400000277e+02,-4.896271006250000113e+00,-2.115801969933333027e-01
9.305000000000001137e+01,3.431987206000000015e+02,-4.891529542499999827e+00,-1.073945269733333520e-02
9.310000000000000853e+01,3.771194909100000245e+02,-4.893392555156250268e+00,5.667246125000000717e-02
9.315000000000000568e+01,3.719534292299999834e+02,-4.891090974947917225e+00,-3.693567021899999969e-01
9.320000000000000284e+01,3.750502231300000062e+02,-4.891940851145833768e+00,1.999102262466666557e-01
9.325000000000000000e+01,3.508556993799999759e+02,-4.891008012031250018e+00,-4.758067031666666780e-01
9.330000000000001137e+01,3.370735046199999942e+02,-4.892795500885417148e+00,-1.492034265856666542e-01
9.335000000000000853e+01,3.246522516300000234e+02,-4.893556475364583491e+00,-1.230872865189999860e-01
9.340000000000000568e+01,3.440680826999999908e+02,-4.896541286927083014e+00,3.298280486666665956e-02
9.345000000000000284e+01,3.576748121599999877e+02,-4.898212459791666085e+00,-4.466671400899999700e-01
9.350000000000000000e+01,3.189114572799999792e+02,-4.893326077135417229e+00,-1.660197642846666655e-01
9.355000000000001137e+01,3.514438410600000111e+02,-4.897247274791666882e+00,-1.770786734500000292e-01
9.360000000000000853e+01,3.375333882099999983e+02,-4.895514499687499743e+00,-2.985587042136666480e-01
9.365000000000000568e+01,3.318449532800000270e+02,-4.894137545364583453e+00,-8.232824489866666373e-02
9.370000000000000284e+01,3.239318018299999835e+02,-4.890856628281249563e+00,-3.793349062299999908e-01
9.375000000000000000e+01,3.488508548400000109e+02,-4.890757001562500150e+00,1.122991416316666546e-01
9.380000000000001137e+01,3.561724444100000255e+02,-4.890290740729166252e+00,-1.573921305369999912e-01
9.385000000000000853e+01,3.894252214300000219e+02,-4.895192783177082951e+00,1.122354065600000145e-01
9.390000000000000568e+01,3.336362693699999795e+02,-4.890582969791666734e+00,-4.299688638166667132e-01
9.395000000000000284e+01,3.621879213999999934e+02,-4.895628302031250101e+00,3.702304628199999947e-01
9.400000000000000000e+01,3.556028770899999927e+02,-4.895966130468750066e+00,-4.264853732933333585e-01
9.405000000000001137e+01,3.469531636199999980e+02,-4.895574052135416743e+00,2.749347218659999870e-01
9.410000000000000853e+01,3.240103231499999765e+02,-4.893555768906249881e+00,-1.831866759713333126e-01
9.415000000000000568e+01,3.478949985799999922e+02,-4.897400652604166460e+00,-7.161194189999839929e-04
9.420000000000000284e+01,3.481279308599999922e+02,-4.898460675781250551e+00,-2.773907828900000205e-01
9.425000000000000000e+01,3.255183186900000010e+02,-4.897074292708333054e+00,-1.997838160636666860e-01
9.430000000000001137e+01,2.912969353899999874e+02,-4.894217958020833592e+00,-2.946908525866666628e-01
9.435000000000000853e+01,3.155343319300000076e+02,-4.897818997604166391e+00,-4.350989999666667329e-01
9.440000000000000568e+01,3.140533452399999987e+02,-4.895933787291666839e+00,-1.707021647173333490e-01
9.445000000000000284e+01,3.261985824600000115e+02,-4.893698068020833070e+00,-4.607662237000000327e-01
9.450000000000000000e+01,3.616277258000000074e+02,-4.895451604739583296e+00,8.319005576966666260e-02
9.455000000000001137e+01,3.417095920900000010e+02,-4.891993351354166464e+00,-4.537409540933333152e-01
9.460000000000000853e+01,3.554406292300000132e+02,-4.893877730416666516e+00,-1.767840291329999813e-01
9.465000000000000568e+01,3.315413037600000052e+02,-4.891539820937500060e+00,-3.929864859976666680e-01
9.470000000000000284e+01,3.350613317699999811e+02,-4.893027566145833340e+00,-9.479423592266666976e-02
9.475000000000000000e+01,3.602618417400000226e+02,-4.897440286354166616e+00,-3.734633416233333336e-01
9.480000000000001137e+01,3.312239296899999772e+02,-4.896230273541666733e+00,-2.461742207633333124e-01
9.485000000000000853e+01,3.138731859700000086e+02,-4.897448311458333592e+00,1.712698412333335139e-03
9.490000000000000568e+01,3.445945184600000175e+02,-4.903545875937500576e+00,-4.348986672233333128e-01
9.495000000000000284e+01,3.172174828199999865e+02,-4.900920088854166856e+00,1.423900286123333248e-01
9.500000000000000000e+01,3.189333439000000112e+02,-4.900381764999999668e+00,-2.418688520579999890e-01
9.505000000000001137e+01,3.141527574500000242e+02,-4.897447689531250425e+00,3.809929001600000364e-01
9.510000000000000853e+01,3.124734417099999746e+02,-4.893893663281249751e+00,-2.853371660690000033e-01
9.515000000000000568e+01,2.969184193699999810e+02,-4.890068326302083435e+00,-2.815107853800000171e-02
9.520000000000000284e+01,3.374677144600000247e+02,-4.893511696562500290e+00,-2.159550042393333646e-02
9.525000000000000000e+01,3.416149865400000181e+02,-4.893166949583332759e+00,1.352820460866666907e-01
9.530000000000001137e+01,3.552371886099999756e+02,-4.894932644583333214e+00,-1.686238079233333409e-01
9.535000000000000853e+01,3.243744119699999828e+02,-4.891294220677083082e+00,-9.580964704666665444e-02
9.540000000000000568e+01,3.551267412299999933e+02,-4.895120128124999859e+00,-1.272197325373333465e-01
9.545000000000000284e+01,3.504703565799999865e+02,-4.895285144375000286e+00,-1.959020307366666769e-01
9.550000000000000000e+01,3.468312414999999760e+02,-4.896708968802083284e+00,-1.485567910479333453e-01
9.555000000000001137e+01,3.351145590900000002e+02,-4.897961596197916379e+00,-8.494014875966666989e-02
9.560000000000000853e+01,3.141812769599999910e+02,-4.897763010677083528e+00,-4.238347454233333256e-01
9.565000000000000568e+01,3.105869591300000252e+02,-4.898643391562500504e+00,1.675038441109999721e-01
9.570000000000000284e+01,3.008747388500000284e+02,-4.897096896927083165e+00,-1.171147495206666805e-01
9.575000000000000000e+01,3.023680607399999758e+02,-4.894737248541666474e+00,-3.596098121299999839e-01
9.580000000000001137e+01,3.273301611499999808e+02,-4.893651964791666309e+00,1.445286524376666604e-01
9.585000000000000853e+01,3.230159004299999879e+02,-4.890867225729166101e+00,-3.159849931933333411e-01
9.590000000000000568e+01,3.295402879800000164e+02,-4.890522719270832930e+00,-1.550110242736666699e-01
9.595000000000000284e+01,3.667480432799999903e+02,-4.894441125572916995e+00,-3.468372836133333248e-01
9.600000000000000000e+01,3.693871155900000076e+02,-4.894656399114583500e+00,-3.620459096340000182e-01
9.605000000000001137e+01,3.679336022200000116e+02,-4.895224529895833676e+00,-5.021557293466666350e-02
9.610000000000000853e+01,3.560016547999999830e+02,-4.896159948385416349e+00,-2.741319346023333159e-01
9.615000000000000568e+01,3.287810589800000116e+02,-4.895788828645833313e+00,-2.700418267180000331e-01
9.620000000000000284e+01,3.222735339500000009e+02,-4.896087972708333069e+00,-2.454842106993333495e-01
9.625000000000000000e+01,3.271177507699999865e+02,-4.896433321875000466e+00,-3.204251003299999900e-01
9.630000000000001137e+01,3.268454830700000002e+02,-4.895770417187500279e+00,-2.075500693176666467e-01
9.635000000000000853e+01,3.465590089300000045e+02,-4.897144301249999998e+00,-4.466075846066667326e-02
9.640000000000000568e+01,3.547123692600000027e+02,-4.897485100468750296e+00,-4.067237566066665977e-01
9.645000000000000284e+01,3.381696508200000153e+02,-4.895243073072916395e+00,1.160878616043333339e-01
9.650000000000000000e+01,3.256323274700000070e+02,-4.893332667604166630e+00,7.086735394199999982e-02
9.655000000000001137e+01,3.316700951099999770e+02,-4.894137862812500295e+00,-2.118749291866666440e-01
9.660000000000000853e+01,3.512908546400000205e+02,-4.896913147760416862e+00,8.536297007533333314e-02
9.665000000000000568e+01,3.395370632799999839e+02,-4.895273369635416927e+00,-2.061928123999999807e-01
9.670000000000000284e+01,3.391929336499999863e+02,-4.894569709166666449e+00,-9.179339680533334100e-02
9.675000000000000000e+01,3.221414130699999987e+02,-4.890787298593750165e+00,-1.050586761383333484e-01
9.680000000000001137e+01,3.565441703600000096e+02,-4.892187024010416607e+00,5.727863645000001898e-03
9.685000000000000853e+01,3.994680115400000204e+02,-4.895701081093750240e+00,-4.480229925140000180e-02
9.690000000000000568e+01,3.359881297599999925e+02,-4.888607949166666522e+00,-3.562038925936666378e-01
9.695000000000000284e+01,3.422750095000000101e+02,-4.891535960312499931e+00,8.494529152000000749e-02
9.700000000000000000e+01,3.548081100200000151e+02,-4.896098690729166591e+00,-3.596594575633333402e-01
9.705000000000001137e+01,3.433976942599999802e+02,-4.897211128229166377e+00,-3.690034971566666933e-01
9.710000000000000853e+01,3.256698162700000125e+02,-4.895554766979166139e+00,-6.005177127833333239e-02
9.715000000000000568e+01,3.129564626000000089e+02,-4.893320095312500229e+00,-3.233134867849999927e-01
9.720000000000000284e+01,3.506630594599999995e+02,-4.896837131562500112e+00,-7.565358699999996661e-03
9.725000000000000000e+01,3.535258797600000094e+02,-4.896240967968750191e+00,-6.734759878433332903e-02
9.730000000000001137e+01,3.472861907100000280e+02,-4.894922377760416943e+00,-2.361095303809999935e-01
9.735000000000000853e+01,3.178371639299999742e+02,-4.890699884427083255e+00,-7.405977674366666375e-02
9.740000000000000568e+01,3.740490883400000257e+02,-4.895962834791666829e+00,-7.821246197266666644e-02
9.745000000000000284e+01,3.743186601300000120e+02,-4.891062948124999643e+00,-6.114419077999999619e-02
9.750000000000000000e+01,3.909996610700000019e+02,-4.890068947187500292e+00,-5.349062412963333929e-02
9.755000000000001137e+01,3.740151262900000120e+02,-4.888569895989583358e+00,-2.906725427603333300e-01
9.760000000000000853e+01,3.757558430999999928e+02,-4.891181229843749811e+00,-1.373676435633333359e-01
9.765000000000000568e+01,3.553502066500000183e+02,-4.891577094479166554e+00,-2.431253165133333560e-01
9.770000000000000284e+01,3.510392519800000173e+02,-4.894358635781249411e+00,1.252403626933333569e-01
9.775000000000000000e+01,3.574709399000000190e+02,-4.897682214635416642e+00,-1.660768342100000031e-02
9.780000000000001137e+01,3.095294799399999874e+02,-4.893277157916666731e+00,-2.379619409166666699e-01
9.785000000000000853e+01,3.294795942499999910e+02,-4.896528431406250270e+00,-3.302870985766666601e-01
9.790000000000000568e+01,3.043136061399999903e+02,-4.893120447760416880e+00,-4.202327039866666780e-01
9.795000000000000284e+01,3.365479836399999840e+02,-4.894994079687499777e+00,-1.160183238166666575e-01
9.800000000000000000e+01,3.286823132100000180e+02,-4.891065200624999498e+00,-1.897093407256666697e-01
9.805000000000001137e+01,3.521795655000000238e+02,-4.892373979374999848e+00,8.326008430999999599e-02
9.810000000000000853e+01,3.544134632799999736e+02,-4.892499665885416960e+00,-2.362290340199999783e-01
9.815000000000000568e+01,3.361252545300000065e+02,-4.890498675208333701e+00,1.100070589678666666e-01
9.820000000000000284e+01,3.554561256999999728e+02,-4.893664620156250145e+00,4.602640282699999724e-02
9.825000000000000000e+01,3.416378012800000192e+02,-4.893765805156250259e+00,-3.425021244833333367e-01
9.830000000000001137e+01,3.063155000900000005e+02,-4.891163662604166795e+00,-7.767994643000000754e-03
9.835000000000000853e+01,3.386168784899999764e+02,-4.896280418333333273e+00,-1.627102800659999959e-01
9.840000000000000568e+01,3.301539544699999738e+02,-4.896323999635416868e+00,-3.800712110766666929e-01
9.845000000000000284e+01,3.287801626699999815e+02,-4.896845971979166379e+00,-4.914424614299999772e-01
9.850000000000000000e+01,3.189124026100000151e+02,-4.895405322031249895e+00,-3.829786937833333238e-01
9.855000000000001137e+01,3.187140517099999784e+02,-4.893160650625000052e+00,-5.585599337066666364e-02
9.860000000000000853e+01,3.365141657400000099e+02,-4.891071752447916587e+00,-3.037039776666666802e-01
9.865000000000000568e+01,3.793644522399999914e+02,-4.894092940260416746e+00,-3.294907611613333565e-01
9.870000000000000284e+01,3.561601256199999739e+02,-4.890882223802083040e+00,-2.614793252083333353e-01
9.875000000000000000e+01,3.572645246999999813e+02,-4.891498056927082949e+00,-1.942401053233333563e-01
9.880000000000001137e+01,3.395366870799999788e+02,-4.891566321718749499e+00,3.838503828566666720e-03
9.885000000000000853e+01,3.050438857899999903e+02,-4.890287726562499770e+00,-2.196292343133333380e-01
9.890000000000000568e+01,3.331668493299999909e+02,-4.895560101041666279e+00,-1.828617664066666537e-01
9.895000000000000284e+01,3.191030782999999929e+02,-4.894238437395833863e+00,-3.337767153989999458e-01
9.900000000000000000e+01,3.466368387300000222e+02,-4.897447527343749663e+00,-1.041653600969999899e-01
9.905000000000001137e+01,3.206475651999999741e+02,-4.893782301510416488e+00,-5.827969582666667203e-03
9.910000000000000853e+01,3.569570554900000161e+02,-4.897323893489583746e+00,-1.537600878699999785e-01
9.915000000000000568e+01,3.478847774999999842e+02,-4.895511396041666963e+00,-5.756030083166666089e-02
9.920000000000000284e+01,3.384657671800000003e+02,-4.893894947239583182e+00,-2.347209788100000083e-01
9.925000000000000000e+01,3.541897868699999776e+02,-4.895232180885416895e+00,-2.092645667289999845e-01
9.930000000000001137e+01,3.486425945799999795e+02,-4.893128801041666698e+00,-2.919163416706666569e-01
9.935000000000000853e+01,3.584266080699999861e+02,-4.892550863124999871e+00,4.772573400333332549e-02
9.940000000000000568e+01,3.635450837800000272e+02,-4.891175388281250314e+00,-2.094498122100000026e-01
9.945000000000000284e+01,3.631066255700000056e+02,-4.890110716041666805e+00,-2.004288533081666490e-01
9.950000000000000000e+01,3.666528481000000284e+02,-4.891484877187500580e+00,-3.797972977433333036e-02
9.955000000000001137e+01,3.393423178099999973e+02,-4.891467289166667065e+00,-4.717326852299999485e-01
9.960000000000000853e+01,3.556894372599999770e+02,-4.896523370260417174e+00,-6.988507078233333614e-01
9.965000000000000568e+01,3.285755877500000111e+02,-4.894654847864583047e+00,-3.927241756300000053e-01
9.970000000000000284e+01,3.447559476600000039e+02,-4.897052204531250119e+00,-1.442086208966666672e-01
9.975000000000000000e+01,3.302593494999999848e+02,-4.895214190312500158e+00,-2.550573936700000210e-01
9.980000000000001137e+01,3.415055272899999750e+02,-4.895646629218750157e+00,-5.358134719366666188e-01
9.985000000000000853e+01,3.448463290099999767e+02,-4.894345617135416937e+00,1.283347781103333363e-01
9.990000000000000568e+01,3.282727815599999985e+02,-4.890861160520833195e+00,-4.524145664496999619e-01
9.995000000000000284e+01,3.692964471299999900e+02,-4.895080906979166535e+00,-3.055146330966667101e-01
1.000000000000000000e+02,3.258246320800000149e+02,-4.889781605468749959e+00,-1.992742913066666566e-01
1.000500000000000114e+02,3.353421979199999896e+02,-4.890992274999999445e+00,-5.325333208333334761e-02
1.001000000000000085e+02,3.730754405100000213e+02,-4.895275096041666885e+00,-2.251654528166666669e-01
1.001500000000000057e+02,3.529533990400000221e+02,-4.893346180520833144e+00,2.472686792033333136e-01
1.002000000000000028e+02,3.427233767600000078e+02,-4.894907785416666712e+00,-4.864600949899999804e-01
1.002500000000000000e+02,3.170145959600000083e+02,-4.894878723229166617e+00,-1.736769903333333295e-02
1.003000000000000114e+02,3.365551509699999997e+02,-4.898752419583333406e+00,-2.849746935933333281e-01
1.003500000000000085e+02,2.943360427700000059e+02,-4.893546802447916733e+00,7.336839222333332855e-02
1.004000000000000057e+02,3.433563827500000230e+02,-4.899106820260416661e+00,-4.152906528933333341e-01
1.004500000000000028e+02,3.536058001600000011e+02,-4.899728626041667034e+00,-5.719412104566667238e-02
1.005000000000000000e+02,3.403166235900000061e+02,-4.896857597552083163e+00,-2.211370508966666593e-01
1.005500000000000114e+02,3.617250101600000107e+02,-4.897475963541666921e+00,-1.151845366409999932e-01
1.006000000000000085e+02,3.256388166500000239e+02,-4.890764896822916263e+00,-1.882624770866666852e-01
1.006500000000000057e+02,3.579415594499999997e+02,-4.893011371614583105e+00,2.517504165499999738e-02
1.007000000000000028e+02,3.421740427600000203e+02,-4.890296459687499819e+00,-3.334861012133333857e-01
1.007500000000000000e+02,3.486362142300000073e+02,-4.891934134583332927e+00,-6.279594358033332990e-02
1.008000000000000114e+02,3.384299881000000028e+02,-4.892619027291666534e+00,-2.608719709799999786e-01
1.008500000000000085e+02,3.565936838399999829e+02,-4.898347056875000050e+00,-1.959729039266666639e-01
1.009000000000000057e+02,3.156135306599999808e+02,-4.896658527291666729e+00,-1.506173026546666627e-01
1.009500000000000028e+02,3.253750777000000198e+02,-4.898885050312499878e+00,-9.961186101066667187e-02
1.010000000000000000e+02,3.315376653499999975e+02,-4.899369289687499851e+00,-1.410516235126666462e-01
1.010500000000000114e+02,3.145856803199999945e+02,-4.895797249635417181e+00,-2.317152416766666834e-01
1.011000000000000085e+02,3.444765326300000083e+02,-4.896877478750000456e+00,-2.970225791193333298e-01
1.011500000000000057e+02,3.273154391499999747e+02,-4.892243526406249821e+00,-1.651907030303333412e-01
1.012000000000000028e+02,3.174745522599999958e+02,-4.888761864010416680e+00,-1.035849279700000042e-01
1.012500000000000000e+02,3.822040701799999738e+02,-4.895202768802083604e+00,-3.762336750066666569e-01
1.013000000000000114e+02,3.675746643400000266e+02,-4.893855238229166460e+00,-4.423519807466667203e-02
1.013500000000000085e+02,3.531485959899999898e+02,-4.894572375989583612e+00,-4.086448980199999803e-01
1.014000000000000057e+02,3.180962029400000119e+02,-4.892872822239582753e+00,-2.460334970063333404e-01
1.014500000000000028e+02,3.447991563599999836e+02,-4.896913975833332877e+00,-2.522897115499999621e-01
1.015000000000000000e+02,3.473541408799999886e+02,-4.896943363281249795e+00,-3.328180100783333373e-01
1.015500000000000114e+02,3.450649449499999832e+02,-4.896499941302082881e+00,-9.579162209766667324e-02
1.016000000000000085e+02,3.465997207500000172e+02,-4.896575711458333480e+00,-4.930820901233332609e-01
1.016500000000000057e+02,3.325910103800000002e+02,-4.894950739635416603e+00,-5.941191250666665730e-02
1.017000000000000028e+02,3.214954147999999918e+02,-4.893664683854166420e+00,-1.648846600633333270e-01
1.017500000000000000e+02,3.201086404299999799e+02,-4.893392399999999753e+00,-2.663003523533333250e-01
1.018000000000000114e+02,3.114912969700000076e+02,-4.891643938541666792e+00,-6.764007871900000468e-02
1.018500000000000085e+02,3.618342997099999820e+02,-4.896634030104166868e+00,2.060388419966666662e-01
1.019000000000000057e+02,3.507589851600000088e+02,-4.894714861875000267e+00,-6.451346454499999883e-01
1.019500000000000028e+02,3.464743295299999772e+02,-4.894261189687500568e+00,-2.644557291666664242e-02
1.020000000000000000e+02,3.490295247999999901e+02,-4.894571317812499878e+00,-2.608257819466666683e-01
1.020500000000000114e+02,3.512906072399999857e+02,-4.894960718906250285e+00,-1.925671025623333366e-01
1.021000000000000085e+02,3.278523315400000229e+02,-4.892742085624999682e+00,-1.741563685800000261e-01
1.021500000000000057e+02,3.492066308000000276e+02,-4.896211655572916932e+00,-1.549783218447666755e-01
1.022000000000000028e+02,3.484647974999999747e+02,-4.897507906458333338e+00,-8.636474957999999702e-02
1.022500000000000000e+02,3.390295942299999865e+02,-4.898680406093750328e+00,-4.307224829713332537e-01
1.023000000000000114e+02,3.112291077900000005e+02,-4.896936864375000198e+00,-2.489517065433333176e-01
1.023500000000000085e+02,3.241371923199999969e+02,-4.898696588177083200e+00,-1.468006586586666773e-01
1.024000000000000057e+02,3.291230286300000216e+02,-4.897352649114583123e+00,-3.110280301600000241e-01
1.024500000000000028e+02,3.568264420900000005e+02,-4.896838233697916820e+00,-2.426958032733332951e-02
1.025000000000000000e+02,3.417668967000000180e+02,-4.892802532447916519e+00,-4.496020040200000012e-01
1.025500000000000114e+02,3.178487266700000191e+02,-4.888932923333332958e+00,-4.227747193333333264e-01
1.026000000000000085e+02,3.587739506899999924e+02,-4.893001331302083479e+00,-3.739218110853333443e-01
1.026500000000000057e+02,3.746272934300000088e+02,-4.894401008697916389e+00,-4.019222329533333471e-01
1.027000000000000028e+02,3.252265185499999802e+02,-4.888360412343749850e+00,-3.480624844333331941e-02
1.027500000000000000e+02,3.551984138999999914e+02,-4.892830537083333375e+00,2.597319223333330405e-03
1.028000000000000114e+02,3.438515781400000151e+02,-4.893235840572916828e+00,-3.589404841666666290e-01
1.028500000000000085e+02,3.250118425200000161e+02,-4.893809926406249566e+00,-1.594488197290000187e-01
1.029000000000000057e+02,2.988819427299999916e+02,-4.892677443072916965e+00,5.307966690333334320e-02
1.029500000000000028e+02,3.256445683499999859e+02,-4.896635104427082830e+00,-1.982733371716666471e-01
1.030000000000000000e+02,3.243693817600000102e+02,-4.896043201406249601e+00,-1.291768074943333566e-01
1.030500000000000114e+02,3.536189058400000249e+02,-4.899146864010416103e+00,-2.011904676400000092e-01
1.031000000000000085e+02,3.308539922300000171e+02,-4.895895980364583622e+00,-1.375330347533333109e-01
1.031500000000000057e+02,3.314751389699999891e+02,-4.895609442604166084e+00,1.782042544521000027e-01
1.032000000000000028e+02,3.085323949900000002e+02,-4.892436802239583216e+00,-2.977594737406666914e-01
1.032500000000000000e+02,3.412188817200000130e+02,-4.895807387812499911e+00,1.150738046066666388e-02
1.033000000000000114e+02,3.433415997899999752e+02,-4.894549484739583178e+00,5.861888944766666804e-02
1.033500000000000085e+02,3.582310256800000161e+02,-4.894245836093749524e+00,-2.770336553099999599e-01
1.034000000000000057e+02,3.455706397399999901e+02,-4.890296207864583522e+00,1.529624031193333178e-01
1.034500000000000028e+02,3.818445502199999737e+02,-4.892731047812500123e+00,-5.402774146733333449e-01
1.035000000000000000e+02,3.920955441300000075e+02,-4.892709436354166108e+00,-1.638796350229999865e-01
1.035500000000000114e+02,3.829467156700000032e+02,-4.892236402916666727e+00,-3.322859878233332953e-01
1.036000000000000085e+02,3.549990627999999901e+02,-4.892574384375000029e+00,-1.961269980249999989e-01
1.036500000000000057e+02,3.271158364500000175e+02,-4.892975598749999655e+00,7.071208126866666832e-02
1.037000000000000028e+02,3.419240044599999919e+02,-4.896766059843749908e+00,-1.109296163710000033e-01
1.037500000000000000e+02,3.471494744099999821e+02,-4.898995545677083285e+00,-1.854522008750000284e-01
1.038000000000000114e+02,3.190280079300000011e+02,-4.896827855520833772e+00,-3.306408152633333319e-01
1.038500000000000085e+02,2.885205174199999760e+02,-4.892968287604166910e+00,2.692379864666667386e-02
1.039000000000000057e+02,3.348719073099999832e+02,-4.896736054999999865e+00,-9.678872147099999712e-02
1.039500000000000028e+02,3.543516979400000082e+02,-4.896643560520833383e+00,6.392251899100000190e-02
1.040000000000000000e+02,3.611141389300000242e+02,-4.895795599583332880e+00,-3.088148642666667387e-02
1.040500000000000114e+02,3.173406246100000203e+02,-4.889798635677083283e+00,-1.680585795000001312e-02
1.041000000000000085e+02,3.325940605000000119e+02,-4.890997778072916802e+00,-1.978548694026666943e-01
1.041500000000000057e+02,3.713529096899999900e+02,-4.895529752135416857e+00,-7.408471076666667265e-02
1.042000000000000028e+02,3.523484713700000270e+02,-4.893892651770832991e+00,-6.364190283000000781e-01
1.042500000000000000e+02,3.798664875399999801e+02,-4.899072280624999998e+00,2.244444363283333299e-01
1.043000000000000114e+02,3.032150312699999972e+02,-4.891413525729166878e+00,-2.966445169233333234e-01
1.043500000000000085e+02,3.322012975200000255e+02,-4.895834372500000420e+00,1.534578823082499988e-01
1.044000000000000057e+02,3.231857183899999768e+02,-4.894963631822916383e+00,-4.106556963633333779e-01
1.044500000000000028e+02,3.269034507000000076e+02,-4.895056004062499966e+00,6.147300127433333317e-02
1.045000000000000000e+02,3.170588403799999924e+02,-4.892707472968750082e+00,-1.986594282493333308e-01
1.045500000000000114e+02,3.516013692799999717e+02,-4.895463967916666270e+00,-1.155864537966666550e-02
1.046000000000000085e+02,3.750689740000000256e+02,-4.897108363385416219e+00,-1.554694814226666721e-01
1.046500000000000057e+02,3.609641826800000217e+02,-4.894857648958333307e+00,-2.974773582133333760e-01
1.047000000000000028e+02,3.246434876299999814e+02,-4.890806738645832930e+00,3.685100217666666816e-02
1.047500000000000000e+02,3.584706289999999740e+02,-4.896112329635417204e+00,8.360275900000010627e-03
1.048000000000000114e+02,3.581699724399999809e+02,-4.897833994739583474e+00,-1.964291325899999718e-01
1.048500000000000085e+02,3.263146084499999802e+02,-4.896411246354166913e+00,-3.643319758966667155e-01
1.049000000000000057e+02,3.269528413200000045e+02,-4.898158645937500388e+00,-2.740943195833333568e-01
1.049500000000000028e+02,3.285485286499999802e+02,-4.898359287864583855e+00,-2.293484812433333186e-01
1.050000000000000000e+02,3.055397323400000005e+02,-4.893868887343749918e+00,-2.333567343993333265e-01
1.050500000000000114e+02,3.351502659099999732e+02,-4.894028602708333509e+00,9.643486752000000883e-02
1.051000000000000085e+02,3.272798349400000006e+02,-4.890424509062500036e+00,-2.988949863986666289e-01
1.051500000000000057e+02,3.520546986400000264e+02,-4.892727935937499772e+00,-2.374573382217433914e-01
1.052000000000000028e+02,3.325554242900000190e+02,-4.890207553177083888e+00,-4.114903437166666511e-01
1.052500000000000000e+02,3.252610630899999933e+02,-4.889664793697916956e+00,-1.092719323933666747e-01
1.053000000000000114e+02,3.382346304199999736e+02,-4.891577510104166748e+00,1.073805046133333302e-01
1.053500000000000085e+02,3.326147153599999911e+02,-4.891112663958333329e+00,-2.070860378669999724e-01
1.054000000000000057e+02,3.498566824299999780e+02,-4.893794512968749899e+00,-1.481082593893666699e-01
1.054500000000000028e+02,3.206824984099999938e+02,-4.891425115677082935e+00,-2.146438505793333285e-01
1.055000000000000000e+02,3.518444293300000254e+02,-4.896780653541666695e+00,-3.421978587283333595e-01
1.055500000000000114e+02,3.371860532599999942e+02,-4.896931490208333848e+00,-4.885397790966667375e-01
1.056000000000000085e+02,3.101375092600000016e+02,-4.895552458802083784e+00,-1.749401843840000248e-01
1.056500000000000057e+02,3.081038085700000124e+02,-4.895924591614583044e+00,-2.630241940500000486e-01
1.057000000000000028e+02,3.126161949899999968e+02,-4.895819284583333264e+00,-3.207025217753333712e-01
1.057500000000000000e+02,3.197905408400000056e+02,-4.894337438229166892e+00,-3.704576969099999673e-01
1.058000000000000114e+02,3.487337964399999919e+02,-4.894102209114583601e+00,-3.146673823033333539e-01
1.058500000000000085e+02,3.170776560400000221e+02,-4.888187232656250103e+00,-5.443763168150000942e-01
1.059000000000000057e+02,3.471094219099999805e+02,-4.891054421614582814e+00,4.255177961682333337e-02
1.059500000000000028e+02,3.492906130100000155e+02,-4.891171514531250430e+00,-3.950609268466666602e-01
1.060000000000000000e+02,3.573115124400000013e+02,-4.893182845937499970e+00,-1.818999487766666256e-02
1.060500000000000114e+02,3.446194324900000083e+02,-4.893232579791666481e+00,-7.065465477933334515e-02
1.061000000000000085e+02,3.190289885799999752e+02,-4.891984769791666743e+00,-2.556492548333333392e-01
1.061500000000000057e+02,3.542960350299999845e+02,-4.897719544010416648e+00,-2.038761756333332953e-01
1.062000000000000028e+02,3.511655193199999871e+02,-4.898714848854166526e+00,-1.857889512666666132e-02
1.062500000000000000e+02,3.143151772900000083e+02,-4.896665835364583330e+00,-3.230100483633333575e-01
1.063000000000000114e+02,2.811545782800000097e+02,-4.895880725729166549e+00,-1.933327899460000054e-01
1.063500000000000085e+02,3.096279661199999964e+02,-4.900887353385416922e+00,-2.692575966093333495e-01
1.064000000000000057e+02,3.090641609799999969e+02,-4.900163877604167162e+00,-3.056628560243333514e-01
1.064500000000000028e+02,3.085945778199999836e+02,-4.896711830520833253e+00,-9.925211969733332973e-02
1.065000000000000000e+02,3.411569332400000008e+02,-4.897333143177083237e+00,-8.070021920033332297e-02
1.065500000000000114e+02,3.148501002599999765e+02,-4.892559507187500323e+00,-1.522826101366666629e-01
1.066000000000000085e+02,3.483502505399999905e+02,-4.895457853229166822e+00,5.208378258800002575e-02
1.066500000000000057e+02,3.402343970300000251e+02,-4.893624867187500449e+00,-1.911805273296666996e-01
1.067000000000000028e+02,3.588521926999999891e+02,-4.895699558854166078e+00,-5.070407784333332696e-02
1.067500000000000000e+02,3.250602494299999989e+02,-4.891812287343749510e+00,-5.174753206166666786e-01
1.068000000000000114e+02,3.521756749300000138e+02,-4.894806142864583265e+00,-1.877626419400000024e-01
1.068500000000000085e+02,3.578807427099999927e+02,-4.894650080052083574e+00,-1.454863539266666207e-02
1.069000000000000057e+02,3.808359563700000194e+02,-4.897591352395832764e+00,-3.935204130400000166e-01
1.069500000000000028e+02,3.680044696699999918e+02,-4.896851296093750250e+00,-6.365089354399999788e-02
1.070000000000000000e+02,3.260338575999999762e+02,-4.892922781197916571e+00,-4.352074778599999694e-01
1.070500000000000114e+02,3.198113933299999871e+02,-4.893447632083333332e+00,4.746687963033335150e-02
1.071000000000000085e+02,3.613222414699999945e+02,-4.899982040624999868e+00,-3.415593429266666203e-01
1.071500000000000057e+02,3.116354309499999999e+02,-4.895713556145833145e+00,-2.465251222610000126e-01
1.072000000000000028e+02,3.036613776300000040e+02,-4.895938757499999738e+00,-3.948882712133333084e-01
1.072500000000000000e+02,2.975789293899999848e+02,-4.895033953541666705e+00,-3.701767974966666680e-02
1.073000000000000114e+02,3.550265276299999755e+02,-4.899310800312499659e+00,-4.916516157533333264e-01
1.073500000000000085e+02,3.359866647200000216e+02,-4.892962098437499741e+00,-1.708513990066666821e-01
1.074000000000000057e+02,3.228631328999999823e+02,-4.888809588750000046e+00,-3.208140019900000417e-01
1.074500000000000028e+02,3.758541657700000087e+02,-4.893293498281249931e+00,-2.228650225799999884e-01
1.075000000000000000e+02,3.623509292900000105e+02,-4.890963576041666094e+00,-2.391324119900000156e-01
1.075500000000000114e+02,3.511794493699999862e+02,-4.890662865624999966e+00,-2.596922197999998461e-02
1.076000000000000085e+02,3.350989148599999794e+02,-4.890661979270833903e+00,-1.657785341799999923e-01
1.076500000000000057e+02,3.445079391699999860e+02,-4.894292064895833683e+00,-9.062748437666666435e-02
1.077000000000000028e+02,3.508566965100000061e+02,-4.897310966041666269e+00,3.582396337333332986e-02
1.077500000000000000e+02,3.445596430599999849e+02,-4.897989384947917024e+00,-3.392547976733333304e-01
1.078000000000000114e+02,2.952930625399999940e+02,-4.892464216041666702e+00,-8.941003864900000375e-02
1.078500000000000085e+02,3.383916883800000051e+02,-4.897031978697916621e+00,4.364222916333332369e-02
1.079000000000000057e+02,3.567802735099999722e+02,-4.897990123645833194e+00,-3.262248024340000385e-01
1.079500000000000028e+02,3.597124970699999835e+02,-4.897505342708333487e+00,-2.502050082000000231e-01
1.080000000000000000e+02,3.429779327300000205e+02,-4.894980134895833501e+00,-2.477106333980000075e-01
1.080500000000000114e+02,3.454267152200000055e+02,-4.894392342343750535e+00,-2.537219038699999873e-01
1.081000000000000085e+02,3.341618788900000254e+02,-4.891633427187500160e+00,2.216306926323333149e-02
1.081500000000000057e+02,3.582116722999999752e+02,-4.892049131093750169e+00,-2.642454600599999925e-01
1.082000000000000028e+02,3.696995584200000167e+02,-4.890293364010417143e+00,-2.524316105096666707e-01
1.082500000000000000e+02,3.285009056100000180e+02,-4.883643317812500051e+00,-4.958833473633333377e-01
1.083000000000000114e+02,3.488387562300000013e+02,-4.885664419218749721e+00,2.815385515966666863e-01
1.083500000000000085e+02,3.662849542100000235e+02,-4.889500223541666912e+00,-1.422540337533333421e-01
1.084000000000000057e+02,3.346088200699999788e+02,-4.890877434322916884e+00,-2.893291590400000057e-01
1.084500000000000028e+02,3.549983174000000190e+02,-4.896186769427083085e+00,1.618429095939999951e-01
1.085000000000000000e+02,3.276003147000000126e+02,-4.893966008906249776e+00,-6.191561702900000297e-01
1.085500000000000114e+02,3.518794594299999972e+02,-4.897847346770833887e+00,9.615200782999999696e-02
1.086000000000000085e+02,3.211441765899999723e+02,-4.894565173697916549e+00,-5.259895059733333822e-01
1.086500000000000057e+02,3.616579059100000109e+02,-4.899384930000000082e+00,2.281225945999999782e-01
1.087000000000000028e+02,3.370450295300000221e+02,-4.895526678177083646e+00,-2.739530763800000421e-02
1.087500000000000000e+02,3.386543379400000049e+02,-4.893913650885417077e+00,1.129813332566666634e-01
1.088000000000000114e+02,3.626113042499999892e+02,-4.893699052343749578e+00,9.129551604066665771e-02
1.088500000000000085e+02,3.760349106599999800e+02,-4.892832679843750476e+00,-3.024370451380000158e-01
1.089000000000000057e+02,3.632278281299999776e+02,-4.891004643906249783e+00,-2.540315234999999672e-01
1.089500000000000028e+02,3.682370528600000057e+02,-4.893176522395832784e+00,-8.690963314066667278e-02
1.090000000000000000e+02,3.678639239699999735e+02,-4.896100702447916397e+00,-1.230181952713333277e-01
1.090500000000000114e+02,3.544239021700000194e+02,-4.896940486562500361e+00,-3.517271835899999921e-01
1.091000000000000085e+02,3.532655148599999961e+02,-4.897918453802083683e+00,-5.265306463666666881e-01
1.091500000000000057e+02,3.188955780599999912e+02,-4.893825931666666129e+00,-3.086307913426666882e-01
1.092000000000000028e+02,3.245350277900000151e+02,-4.893984760052083161e+00,-2.129342012940000153e-02
1.092500000000000000e+02,3.269972268199999803e+02,-4.893291866197916562e+00,-2.554433708666666303e-01
1.093000000000000114e+02,3.643391663699999867e+02,-4.896634929531249902e+00,-3.312788797166666410e-01
1.093500000000000085e+02,3.301661546000000271e+02,-4.891837930052083117e+00,-3.523082219066666632e-01
1.094000000000000057e+02,3.516069356599999765e+02,-4.893878227239583545e+00,-2.195553368906666691e-01
1.094500000000000028e+02,3.738878785499999822e+02,-4.894381840729166377e+00,1.024240702300000111e-01
1.095000000000000000e+02,3.409205858700000249e+02,-4.887852368125000346e+00,7.851507612986667606e-02
1.095500000000000114e+02,3.622980239199999914e+02,-4.889782289843750185e+00,-5.733495104499999329e-01
1.096000000000000085e+02,3.489392982499999789e+02,-4.889276438802083291e+00,-2.604896566363333332e-01
1.096500000000000057e+02,3.594088528600000245e+02,-4.893512862395833274e+00,-1.897793255583333227e-01
1.097000000000000028e+02,3.280890489799999727e+02,-4.892763576250000135e+00,-3.740597616143333526e-01
1.097500000000000000e+02,3.412816455799999744e+02,-4.896102166562499747e+00,-1.313712855333333540e-01
1.098000000000000114e+02,3.416292332900000019e+02,-4.896777053020833215e+00,-1.291785191230000185e-01
1.098500000000000085e+02,3.443728608700000109e+02,-4.897121245156250247e+00,-4.626435587733333521e-01
1.099000000000000057e+02,3.107018033499999774e+02,-4.892446029010416808e+00,7.738886968333334726e-02
1.099500000000000028e+02,3.553487521499999957e+02,-4.896915118072916684e+00,-4.706944973733333537e-01
1.100000000000000000e+02,3.531951140699999883e+02,-4.894216847083333377e+00,-1.485676186966666534e-01
1.100500000000000114e+02,3.861934561900000062e+02,-4.891440029166666648e+00,1.820692555666665949e-02
1.101000000000000085e+02,3.930562285999999972e+02,-4.889991460052082850e+00,-5.393558845333333851e-01
1.101500000000000057e+02,3.682495083800000089e+02,-4.888399178385416377e+00,2.340591842600000735e-02
1.102000000000000028e+02,3.571286145000000261e+02,-4.890221807916666386e+00,-1.809706113066666677e-01
1.102500000000000000e+02,3.393885402299999896e+02,-4.890714667239583591e+00,1.071157259033333337e-01
1.103000000000000114e+02,3.521340146100000084e+02,-4.894066317864583127e+00,4.624020539666667123e-02
1.103500000000000085e+02,3.428933262900000045e+02,-4.894045610989583572e+00,-2.452367204036666470e-01
1.104000000000000057e+02,3.111102103900000202e+02,-4.891206155937499744e+00,9.894193444666665727e-02
1.104500000000000028e+02,3.252820729000000028e+02,-4.893664446562500103e+00,1.020961822523333423e-01
1.105000000000000000e+02,3.583961322800000175e+02,-4.897599367187500441e+00,-9.915981673537334340e-02
1.105500000000000114e+02,3.203930153499999847e+02,-4.892889392604167220e+00,-2.137496917299999966e-01
1.106000000000000085e+02,3.435446354700000029e+02,-4.895470042187500148e+00,-1.622628678666666602e-01
1.106500000000000057e+02,3.382281602599999815e+02,-4.893446996614582822e+00,-2.653491564746666698e-01
1.107000000000000028e+02,3.470250223499999720e+02,-4.892319159374999948e+00,-2.894809007366666576e-01
1.107500000000000000e+02,3.765033068100000264e+02,-4.894738242916666593e+00,-1.905247150523333433e-01
1.108000000000000114e+02,3.312175798100000179e+02,-4.889903282395833273e+00,-2.460873283096666475e-01
1.108500000000000085e+02,3.420178851000000009e+02,-4.893703040937499971e+00,-2.888841989766666729e-01
1.109000000000000057e+02,3.138560055099999886e+02,-4.893037957864582843e+00,-9.670290556400000515e-02
1.109500000000000028e+02,3.174957139100000063e+02,-4.895096894479166849e+00,-2.859878342133333473e-01
1.110000000000000000e+02,3.227018515299999990e+02,-4.896399070156250311e+00,-2.642693715533333543e-01
1.110500000000000114e+02,3.157466941800000200e+02,-4.895418033697916727e+00,-3.626906307366666304e-01
1.111000000000000085e+02,3.416914403999999763e+02,-4.897533409270833360e+00,-2.916294181333333735e-01
1.111500000000000057e+02,3.209245856300000241e+02,-4.893736046666666617e+00,-3.203837877499999820e-01
1.112000000000000028e+02,3.321517195000000129e+02,-4.894079717760416948e+00,6.201666768633334881e-02
1.112500000000000000e+02,3.282472384899999724e+02,-4.893061803124999720e+00,-2.732743501066666192e-01
1.113000000000000114e+02,3.364078118200000063e+02,-4.893793341614583348e+00,3.995091542666665690e-02
1.113500000000000085e+02,3.328268236999999772e+02,-4.892725241979166917e+00,-1.667049048731333583e-01
1.114000000000000057e+02,3.581231665299999918e+02,-4.895439480312499647e+00,4.737638293833334319e-02
1.114500000000000028e+02,3.387872168299999771e+02,-4.894014288593750095e+00,2.356811045300000185e-01
1.115000000000000000e+02,3.538068051600000103e+02,-4.898600562239583844e+00,-6.898549032999999608e-02
1.115500000000000114e+02,3.259089207800000167e+02,-4.898556254427083090e+00,-4.173835342933332471e-02
1.116000000000000085e+02,3.042054193999999825e+02,-4.897652942760417183e+00,-4.189686732199999764e-01
1.116500000000000057e+02,3.150937463999999864e+02,-4.898676904895833850e+00,1.894359917266666693e-01
1.117000000000000028e+02,3.361871613299999808e+02,-4.899549292135416678e+00,-5.564949059833333989e-01
1.117500000000000000e+02,3.362547823099999960e+02,-4.897631109010416317e+00,-1.858360467599999843e-01
1.118000000000000114e+02,3.467920602099999883e+02,-4.897704632499999988e+00,-2.635110529799999934e-01
1.118500000000000085e+02,3.259818758299999786e+02,-4.894383530572916641e+00,-8.756305010586666604e-02
1.119000000000000057e+02,3.381659637899999780e+02,-4.895252296979166751e+00,3.173887476333334123e-02
1.119500000000000028e+02,3.280713092699999720e+02,-4.893255604895833777e+00,-5.528943139333331036e-03
1.120000000000000000e+02,3.466558850100000200e+02,-4.894670093697916613e+00,6.005209593000001428e-02
1.120500000000000114e+02,3.465184796300000016e+02,-4.893482888437500122e+00,-2.929008404300000312e-01
1.121000000000000085e+02,3.716362992300000201e+02,-4.895393195833332989e+00,-5.830157795166667212e-01
1.121500000000000057e+02,3.837674494400000071e+02,-4.896411644791666795e+00,1.089625331976666750e-01
1.122000000000000028e+02,3.536101157100000023e+02,-4.893478864583333809e+00,-1.268379609149999920e-01
1.122500000000000000e+02,3.425826905499999953e+02,-4.893807451510416406e+00,2.638716776666660824e-03
1.123000000000000114e+02,3.272596501699999862e+02,-4.894105678645833457e+00,-2.860177331396666633e-01
1.123500000000000085e+02,3.106062993300000130e+02,-4.893905485260416910e+00,-1.617527879769999899e-01
1.124000000000000057e+02,2.825991006699999843e+02,-4.890958111197917013e+00,-5.163705592833333080e-01
1.124500000000000028e+02,3.355862125699999865e+02,-4.896028510104167175e+00,-1.013457768120000074e-01
1.125000000000000000e+02,3.344272619700000178e+02,-4.892972328645833535e+00,-5.656613434966666354e-01
1.125500000000000114e+02,3.603513164899999879e+02,-4.894015456093749883e+00,-3.177281746889999980e-01
1.126000000000000085e+02,3.372543659699999807e+02,-4.890196875260416576e+00,-4.204859165066666127e-01
1.126500000000000057e+02,3.526045782599999825e+02,-4.891924683750000113e+00,-8.016477788566667151e-02
1.127000000000000028e+02,3.607341190399999959e+02,-4.893866798854166866e+00,4.884607020393333388e-02
1.127500000000000000e+02,3.429058197499999778e+02,-4.893317851927083240e+00,3.258963882899999082e-02
1.128000000000000114e+02,3.196244495400000005e+02,-4.891457487499999424e+00,-4.342729513233333782e-01
1.128500000000000085e+02,3.328309485799999834e+02,-4.893336004218750368e+00,9.249834622633333614e-02
1.129000000000000057e+02,3.559422192000000109e+02,-4.896437109166666524e+00,-3.108784492566666890e-01
1.129500000000000028e+02,3.505837942900000144e+02,-4.896025973177082768e+00,-1.920224387766666652e-01
1.130000000000000000e+02,3.510149283700000069e+02,-4.896379090729166883e+00,-3.739862580566667011e-02
1.130500000000000114e+02,3.433690995399999792e+02,-4.896558726197916656e+00,4.474409217283333712e-02
1.131000000000000085e+02,3.133043938199999729e+02,-4.894786086249999890e+00,-4.480199347333333471e-01
1.131500000000000057e+02,3.140304565399999888e+02,-4.896491608854167232e+00,-3.062639831533333148e-02
1.132000000000000028e+02,3.094271790600000145e+02,-4.896416447187499799e+00,-8.947823520933334551e-02
1.132500000000000000e+02,3.587924660200000062e+02,-4.901548915364583259e+00,-4.912491060133333254e-01
1.133000000000000114e+02,3.151061275299999807e+02,-4.893484495000000045e+00,-9.456905649100000311e-02
1.133500000000000085e+02,3.465187419900000236e+02,-4.893922818281249754e+00,-3.318398887833333699e-01
1.134000000000000057e+02,3.443144827699999837e+02,-4.891496879270833098e+00,1.488229080466666604e-02
1.134500000000000028e+02,3.569265423499999770e+02,-4.892755368229166457e+00,-3.966892562466666772e-01
1.135000000000000000e+02,3.369260413200000244e+02,-4.891124591562499901e+00,-1.785923727699999797e-01
1.135500000000000114e+02,3.516332715600000256e+02,-4.894006753645833818e+00,-8.982540122666660479e-03
1.136000000000000085e+02,3.393765086799999722e+02,-4.893661662187500205e+00,-2.201700752066666489e-01
1.136500000000000057e+02,3.171137837599999898e+02,-4.892052088541666954e+00,-6.548509321233332570e-02
1.137000000000000028e+02,3.210877697199999830e+02,-4.892996621093749887e+00,3.748499434966667127e-02
1.137500000000000000e+02,3.149013853800000220e+02,-4.891854625885416752e+00,-3.650186695066666709e-01
1.138000000000000114e+02,3.603241258799999969e+02,-4.895337005989583545e+00,-1.339633955613332983e-01
1.138500000000000085e+02,3.652029311800000073e+02,-4.893018102083333432e+00,-1.926433618366666864e-02
1.139000000000000057e+02,3.928241364400000180e+02,-4.895272729583333593e+00,-2.061167718703333096e-01
1.139500000000000028e+02,3.426879803599999832e+02,-4.890156718437499883e+00,-2.088518195466666783e-01
1.140000000000000000e+02,3.517065703900000244e+02,-4.893074569479166414e+00,-1.596975891826666605e-01
1.140500000000000114e+02,3.340722240100000135e+02,-4.893217748749999707e+00,-3.921996330699999977e-01
1.141000000000000085e+02,3.131676003900000183e+02,-4.892357455937499822e+00,-1.259986963806666582e-01
1.141500000000000057e+02,3.331709905800000229e+02,-4.895084545677083732e+00,-4.109938266499999493e-01
1.142000000000000028e+02,3.293151856499999894e+02,-4.893984864947916513e+00,-6.403853042599999545e-02
1.142500000000000000e+02,3.569355486100000121e+02,-4.896740183854166872e+00,-3.280074712566666828e-01
1.143000000000000114e+02,3.422305617200000256e+02,-4.894738390937500405e+00,-3.714632296566666714e-01
1.143500000000000085e+02,3.426105801200000087e+02,-4.895008743124999562e+00,3.583319506316667152e-02
1.144000000000000057e+02,3.392954475600000137e+02,-4.894753634322916547e+00,-2.087078979036666448e-01
1.144500000000000028e+02,3.456980170599999838e+02,-4.895949279218750227e+00,-7.489584241333333003e-02
1.145000000000000000e+02,3.211277364599999942e+02,-4.893503805677083207e+00,-5.233609817233333406e-01
1.145500000000000114e+02,3.340142437000000086e+02,-4.895122461666666425e+00,-1.943884180846666698e-01
1.146000000000000085e+02,3.345512367399999789e+02,-4.894627277343750471e+00,-2.369262635566666830e-01
1.146500000000000057e+02,3.423528533799999991e+02,-4.894358881406249751e+00,-1.971063389400000768e-02
1.147000000000000028e+02,3.393942610999999943e+02,-4.892165108020833486e+00,-2.136586742079999990e-01
1.147500000000000000e+02,3.429577445499999726e+02,-4.890088028072916870e+00,-3.643458834666666313e-01
1.148000000000000114e+02,3.522690916000000243e+02,-4.889448650624999892e+00,2.788921742100000309e-02
1.148500000000000085e+02,3.576008179899999959e+02,-4.889961837343750339e+00,-3.817561709333333053e-01
1.149000000000000057e+02,3.572764504200000033e+02,-4.891311307760417115e+00,-2.563446249493333551e-01
1.149500000000000028e+02,3.267722769599999992e+02,-4.892000990625000156e+00,-7.481042804500000198e-02
1.150000000000000000e+02,3.434164969400000018e+02,-4.897807381562500062e+00,-4.294403200433332679e-01
1.150500000000000114e+02,3.256123290400000201e+02,-4.896131413281250566e+00,-2.678391418999999732e-02
1.151000000000000085e+02,3.458438272099999722e+02,-4.898356450729166589e+00,-3.481476053133333859e-01
1.151500000000000057e+02,3.250296205399999963e+02,-4.895230116614583515e+00,-2.080254040233333324e-01
1.152000000000000028e+02,3.327999982900000191e+02,-4.895022634114583049e+00,-1.233327652433333227e-01
1.152500000000000000e+02,3.423520305900000267e+02,-4.894539661822916443e+00,-2.846614919533332899e-01
1.153000000000000114e+02,3.518240264799999863e+02,-4.893550925729166501e+00,-6.952364221633333674e-02
1.153500000000000085e+02,3.254610427499999901e+02,-4.888441634895833054e+00,-2.874920088610000146e-01
1.154000000000000057e+02,3.670156921199999829e+02,-4.890843866302083676e+00,-1.137481851993333293e-01
1.154500000000000028e+02,3.847814236899999969e+02,-4.890183258697916813e+00,4.465640086433333988e-02
1.155000000000000000e+02,3.965380535799999961e+02,-4.890936876614583539e+00,-2.456289962033333385e-01
1.155500000000000114e+02,3.203433668200000284e+02,-4.884165410104166938e+00,-4.376573976400000010e-01
1.156000000000000085e+02,3.370135756500000070e+02,-4.891233837812499985e+00,-6.873514321433334961e-01
1.156500000000000057e+02,3.329840396800000235e+02,-4.893012966093750471e+00,-2.656541628599999871e-01
1.157000000000000028e+02,3.631882911399999898e+02,-4.898048065208333135e+00,-2.858512793090000059e-01
1.157500000000000000e+02,3.175901448000000187e+02,-4.894183212968750141e+00,-3.671529481999999955e-01
1.158000000000000114e+02,3.393665085900000236e+02,-4.897997391614583584e+00,-4.022082866500000242e-01
1.158500000000000085e+02,2.862197715799999855e+02,-4.891558457291666606e+00,-2.944844286633333530e-01
1.159000000000000057e+02,3.236597980199999824e+02,-4.894677893437499705e+00,-3.997382891333332577e-01
1.159500000000000028e+02,3.547504167899999743e+02,-4.895406355260417008e+00,-3.172747646499999852e-01
1.160000000000000000e+02,3.457147118299999988e+02,-4.892454177135416415e+00,-5.804477122400000105e-02
1.160500000000000114e+02,3.314079940600000214e+02,-4.889926074427083158e+00,-2.878375208599999735e-01
1.161000000000000085e+02,3.324910639999999944e+02,-4.889496880677083546e+00,-2.342842249386666575e-01
1.161500000000000057e+02,3.821889527899999734e+02,-4.895653988489583774e+00,-1.717132832383333474e-01
1.162000000000000028e+02,3.372303617399999780e+02,-4.890705957499999812e+00,-3.658728908100000177e-01
1.162500000000000000e+02,3.810606766299999890e+02,-4.897039422760416372e+00,-3.433967759300000089e-01
1.163000000000000114e+02,3.222686327399999868e+02,-4.892111354531249567e+00,-2.923313954433333084e-01
1.163500000000000085e+02,3.208544723599999884e+02,-4.895139858437500102e+00,-1.586419969686666542e-01
1.164000000000000057e+02,3.280195368199999848e+02,-4.897775408958333188e+00,-3.852400868266666056e-01
1.164500000000000028e+02,3.333573382899999729e+02,-4.898902335937500574e+00,-1.574492165066666838e-01
1.165000000000000000e+02,3.201034790300000168e+02,-4.896733439010416689e+00,-3.987236736599999998e-01
1.165500000000000114e+02,3.061752979799999821e+02,-4.893686375833333102e+00,-5.093834326799999701e-01
1.166000000000000085e+02,3.274388556499999936e+02,-4.894227037708333228e+00,-2.995823616966666533e-02
1.166500000000000057e+02,3.474082101000000193e+02,-4.894799911302083473e+00,-1.823504675303333489e-01
1.167000000000000028e+02,3.453817649200000233e+02,-4.893975884270832744e+00,-6.138304642999999755e-02
1.167500000000000000e+02,3.372230128499999751e+02,-4.892313636822916756e+00,-3.448287544499999968e-01
1.168000000000000114e+02,3.425796032399999831e+02,-4.891927343593749811e+00,-1.716752323473333675e-01
1.168500000000000085e+02,3.749073966500000097e+02,-4.895077751041666758e+00,-2.417105006969666736e-01
1.169000000000000057e+02,3.236954262699999845e+02,-4.888597788177083459e+00,1.568230787910000201e-01
1.169500000000000028e+02,3.558418136799999729e+02,-4.893770109218750441e+00,-2.109552959066665623e-02
1.170000000000000000e+02,3.333439377899999840e+02,-4.895079105781250384e+00,-5.260091614799999871e-01
1.170500000000000114e+02,3.259513157700000079e+02,-4.897358895833333392e+00,-3.663830450233333536e-01
1.171000000000000085e+02,3.252114860500000191e+02,-4.898449906822916589e+00,-2.096463957733333758e-02
1.171500000000000057e+02,3.023649363999999764e+02,-4.895524507604166686e+00,-2.624189652999999733e-01
1.172000000000000028e+02,3.055356364799999938e+02,-4.894103918749999949e+00,-4.127801610799999854e-01
1.172500000000000000e+02,3.238388467699999751e+02,-4.893664990000000437e+00,-4.253774010966666630e-01
1.173000000000000114e+02,3.182490725700000098e+02,-4.890869793177083480e+00,-3.955273458466666558e-01
1.173500000000000085e+02,3.315752144300000168e+02,-4.891092466197917155e+00,-4.474552347936666674e-01
1.174000000000000057e+02,3.507345846900000197e+02,-4.892593603489583387e+00,-2.149533828566666804e-01
1.174500000000000028e+02,3.302326278300000126e+02,-4.889716774635416208e+00,-3.400561912583000002e-01
1.175000000000000000e+02,3.506123076700000070e+02,-4.892553015364582869e+00,-2.376342228866666628e-01
1.175500000000000114e+02,3.453099171200000228e+02,-4.893539088229166722e+00,-2.067211264966667128e-01
1.176000000000000085e+02,3.139159422700000164e+02,-4.891773608072916169e+00,-3.166627041766666983e-01
1.176500000000000057e+02,3.395164489100000083e+02,-4.896708160989583725e+00,-1.627134721666666783e-01
1.177000000000000028e+02,2.942344028499999808e+02,-4.892262762239583118e+00,-5.528384226296666482e-01
1.177500000000000000e+02,3.353583552200000213e+02,-4.898079210989583210e+00,2.863791775666666983e-01
1.178000000000000114e+02,3.279262334900000155e+02,-4.898797733177083558e+00,-1.350379688243333320e-01
1.178500000000000085e+02,3.140248790699999972e+02,-4.899351166614583697e+00,-1.572896380333333247e-02
1.179000000000000057e+02,2.961785108999999920e+02,-4.898376822552083176e+00,-3.902660380266665535e-02
1.179500000000000028e+02,2.890286454600000070e+02,-4.896451918750000409e+00,-3.088464072616666778e-01
1.180000000000000000e+02,3.262551270499999987e+02,-4.897447122187499779e+00,-3.630591380499999521e-01
1.180500000000000114e+02,3.372621789799999874e+02,-4.896028598385416153e+00,-2.699316951799999864e-01
1.181000000000000085e+02,3.354911081299999864e+02,-4.894065926197916916e+00,-2.603609864533333318e-01
1.181500000000000057e+02,3.671593284499999754e+02,-4.896466571406249635e+00,-4.271720289200000020e-01
1.182000000000000028e+02,3.425821508799999719e+02,-4.892541264635416276e+00,-2.558954461983333206e-01
1.182500000000000000e+02,3.520959760299999743e+02,-4.892922480312500433e+00,-5.479137525700000788e-01
1.183000000000000114e+02,3.667809021200000075e+02,-4.894622733229167189e+00,-3.857241709799999474e-01
1.183500000000000085e+02,3.293951662399999805e+02,-4.891900087083333126e+00,-5.454694108933333396e-02
1.184000000000000057e+02,3.250344116200000144e+02,-4.894781400885416467e+00,-8.233888786333333487e-02
1.184500000000000028e+02,3.354226327499999911e+02,-4.898596675468749773e+00,-3.977712760679999460e-01
1.185000000000000000e+02,3.258657213000000183e+02,-4.898166473020833855e+00,-5.499870198266666455e-01
1.185500000000000114e+02,3.191280346699999768e+02,-4.896507307812499654e+00,-3.758786363400000163e-01
1.186000000000000085e+02,3.203739365000000134e+02,-4.895316261718750006e+00,-9.047040278366665078e-02
1.186500000000000057e+02,3.243365870800000152e+02,-4.894211385104166645e+00,-3.568474244020000685e-01
1.187000000000000028e+02,3.687892025799999942e+02,-4.898011512447916438e+00,-2.871735710800000230e-01
1.187500000000000000e+02,3.759507527000000096e+02,-4.897711698645832890e+00,4.380799276666652586e-03
1.188000000000000114e+02,3.441195083999999724e+02,-4.893376357708333124e+00,-2.190802235346666904e-01
1.188500000000000085e+02,3.365475483600000075e+02,-4.891954727395833480e+00,-2.261373036229999967e-01
1.189000000000000057e+02,3.349041351899999768e+02,-4.890500597552082773e+00,-3.969390533033332891e-01
1.189500000000000028e+02,3.766866117299999814e+02,-4.893211132187500034e+00,-3.803009586933333019e-01
1.190000000000000000e+02,3.798288505400000190e+02,-4.890237448437500412e+00,3.033816039800000738e-02
1.190500000000000114e+02,4.052597670900000253e+02,-4.891965739322916562e+00,-3.587796168299999811e-01
1.191000000000000085e+02,3.649831340800000135e+02,-4.889647793072916748e+00,-2.601030639766666597e-01
1.191500000000000057e+02,3.291633618199999773e+02,-4.891436306302083814e+00,-2.845169849433333287e-01
1.192000000000000028e+02,3.337836623399999780e+02,-4.894706050989583446e+00,-2.096831429133333424e-01
1.192500000000000000e+02,3.265903731199999811e+02,-4.894991909479166736e+00,-2.234915155523333752e-01
1.193000000000000114e+02,3.210606056500000136e+02,-4.894279969843750244e+00,-3.394999601099999570e-02
1.193500000000000085e+02,3.602972960000000171e+02,-4.898323900208333193e+00,-2.738301009793333018e-01
1.194000000000000057e+02,3.310576191100000187e+02,-4.893747863385416785e+00,-2.094406769126666568e-01
1.194500000000000028e+02,3.769840716699999916e+02,-4.897601067656250251e+00,-1.175749765023333393e-01
1.195000000000000000e+02,3.563028845100000126e+02,-4.892428823854166886e+00,-4.262171666266665881e-01
1.195500000000000114e+02,3.607470889100000022e+02,-4.890473847447917244e+00,1.830052913593333275e-01
1.196000000000000085e+02,3.683757197699999892e+02,-4.890522244635416627e+00,-4.571412666733333796e-01
1.196500000000000057e+02,3.499214092700000265e+02,-4.889090978385416619e+00,2.132276597333333523e-01
1.197000000000000028e+02,3.447395238899999867e+02,-4.891854952395832790e+00,-2.706472714000000002e-01
1.197500000000000000e+02,3.287684598299999834e+02,-4.893407905416666814e+00,-2.734990325976666484e-02
1.198000000000000114e+02,3.280575845399999935e+02,-4.894801617083333056e+00,-2.905388764029999682e-01
1.198500000000000085e+02,3.159276952100000244e+02,-4.893617580260416489e+00,-2.196422597999999893e-01
1.199000000000000057e+02,3.107956812499999728e+02,-4.892530119999999982e+00,-2.725568547266666863e-01
1.199500000000000028e+02,3.116670945899999765e+02,-4.891765476249999800e+00,3.263468990633332928e-02
1.200000000000000000e+02,3.540686054500000068e+02,-4.895803871041667144e+00,-3.172994954633333031e-01
1.200500000000000114e+02,3.412785354600000005e+02,-4.893095825052083292e+00,-3.112917243699999670e-01
1.201000000000000085e+02,3.449476878099999908e+02,-4.892544090468749829e+00,-1.520664302733333306e-01
1.201500000000000057e+02,3.391439809500000138e+02,-4.891368253541666711e+00,7.565493171333333156e-02
1.202000000000000028e+02,3.340930298700000094e+02,-4.890833861874999577e+00,-3.994871787666666729e-01
1.202500000000000000e+02,3.588756966299999931e+02,-4.894115130104166767e+00,-1.447485502733333318e-01
1.203000000000000114e+02,3.576419427999999812e+02,-4.895127902499999628e+00,-3.433200691400000171e-01
1.203500000000000085e+02,3.471969791899999791e+02,-4.896260329895833152e+00,-5.632074200666666863e-01
1.204000000000000057e+02,3.121263826900000140e+02,-4.893977430468750001e+00,1.027830263366666802e-01
1.204500000000000028e+02,3.361463170000000105e+02,-4.897409315781249717e+00,-2.889869368692999929e-01
1.205000000000000000e+02,3.564811880999999971e+02,-4.899522301718749695e+00,-2.009011597920000447e-01
1.205500000000000114e+02,3.279848119100000190e+02,-4.895728061979166768e+00,-2.409679727000000049e-01
1.206000000000000085e+02,3.333918530899999837e+02,-4.895639547135416159e+00,-2.526215631869999645e-01
1.206500000000000057e+02,3.447811113199999795e+02,-4.894523236875000016e+00,-1.293083365333334324e-02
1.207000000000000028e+02,3.493616943299999775e+02,-4.892329511458333613e+00,-4.652944355736666204e-01
1.207500000000000000e+02,3.506368501100000117e+02,-4.890923878229166633e+00,2.079467143300000043e-01
1.208000000000000114e+02,3.572482377000000042e+02,-4.891452824479166850e+00,-2.445223235166666953e-01
1.208500000000000085e+02,3.539832287599999745e+02,-4.892225068385417153e+00,-4.359072977266666982e-01
1.209000000000000057e+02,3.391142414299999928e+02,-4.892605197447916332e+00,-3.931002058133333255e-01
1.209500000000000028e+02,3.370400021899999956e+02,-4.894372553385417213e+00,-3.398657861800000179e-01
1.210000000000000000e+02,3.255070961299999794e+02,-4.894419455625000026e+00,-2.276204461033333182e-01
1.210500000000000114e+02,3.096209717599999749e+02,-4.893293667708333849e+00,-3.965287436900000184e-01
1.211000000000000085e+02,3.213299348200000054e+02,-4.895236798125000455e+00,3.652194167566666372e-02
1.211500000000000057e+02,3.299934890900000255e+02,-4.896362998020832968e+00,-4.586742404733333278e-01
1.212000000000000028e+02,3.278097691500000224e+02,-4.895440904479166910e+00,-3.806914314433333391e-01
1.212500000000000000e+02,3.482764666799999986e+02,-4.896468529999999930e+00,9.646389340333332008e-02
1.213000000000000114e+02,3.220390784200000098e+02,-4.890846316666666915e+00,-6.054509626499999797e-01
1.213500000000000085e+02,3.640879547800000182e+02,-4.892938355624999680e+00,-1.917435303670000091e-01
1.214000000000000057e+02,3.436721100899999897e+02,-4.888613081770833091e+00,-9.479721359433335159e-02
1.214500000000000028e+02,3.764352715800000055e+02,-4.892503378541666947e+00,-1.643972190190000071e-01
1.215000000000000000e+02,3.454941462599999795e+02,-4.889554610624999853e+00,6.855841983303333220e-02
1.215500000000000114e+02,3.686224865899999941e+02,-4.893799995833333583e+00,-1.007696098700000022e-02
1.216000000000000085e+02,3.573121342200000186e+02,-4.894416390624999558e+00,1.106978235366666702e-01
1.216500000000000057e+02,3.355142082599999753e+02,-4.893250075572916913e+00,-2.112167044533333760e-01
1.217000000000000028e+02,3.242581181499999730e+02,-4.892332751718750039e+00,-3.621833165666666354e-01
1.217500000000000000e+02,3.400164976600000273e+02,-4.894186307500000055e+00,-4.555349944966667342e-01
1.218000000000000114e+02,3.353508616199999892e+02,-4.893129849374999729e+00,-2.918619514699999917e-01
1.218500000000000085e+02,3.498523710700000038e+02,-4.893968947031249961e+00,-4.214957225733333424e-01
1.219000000000000057e+02,3.572683480399999780e+02,-4.893475260104167113e+00,-4.956792161200000435e-01
1.219500000000000028e+02,3.507271346100000073e+02,-4.892124638437500117e+00,-3.475619674433332862e-01
1.220000000000000000e+02,3.543719590800000105e+02,-4.893370616718749844e+00,-2.009707805157333327e-01
1.220500000000000114e+02,3.252435356299999967e+02,-4.892347571406250317e+00,-3.252676791783333243e-01
1.221000000000000085e+02,3.134543801199999962e+02,-4.893581811197916132e+00,-8.919604817036665134e-02
1.221500000000000057e+02,3.282985921299999745e+02,-4.897348164947916693e+00,-6.151604089200000125e-01
1.222000000000000028e+02,2.825550826699999902e+02,-4.892444144687499552e+00,-2.484006179299999562e-02
1.222500000000000000e+02,3.090523295699999835e+02,-4.894560504947916613e+00,-4.767934894866667217e-01
1.223000000000000114e+02,3.546051631199999861e+02,-4.897855970937500025e+00,-2.648225861596666952e-01
1.223500000000000085e+02,3.373747465600000055e+02,-4.894097413697916288e+00,-2.880713714359999789e-01
1.224000000000000057e+02,3.615346021400000041e+02,-4.896581072291666281e+00,-3.903422991600000169e-01
1.224500000000000028e+02,3.037958540600000106e+02,-4.888989372864583238e+00,-1.207107627266666566e-01
1.225000000000000000e+02,3.103066219500000216e+02,-4.888736165156250202e+00,-3.804522389200000188e-01
1.225500000000000114e+02,3.764262625800000137e+02,-4.896056536458333497e+00,-1.120945121699999936e-01
1.226000000000000085e+02,3.304594085100000029e+02,-4.890547305989582760e+00,-7.429368771533333138e-02
1.226500000000000057e+02,3.393562066800000139e+02,-4.891809636770832803e+00,-4.113518584866666661e-01
1.227000000000000028e+02,3.308726771299999996e+02,-4.890921928906250216e+00,-2.693865677613000442e-01
1.227500000000000000e+02,3.325554212299999790e+02,-4.891219126145833762e+00,-1.774143669433333459e-01
1.228000000000000114e+02,3.607353171400000065e+02,-4.894681424479166765e+00,-4.445430642300000207e-02
1.228500000000000085e+02,3.413749025100000267e+02,-4.892635146927083234e+00,-2.023895545503333337e-01
1.229000000000000057e+02,3.646521971299999905e+02,-4.896742804375000091e+00,-3.483778366833333862e-01
1.229500000000000028e+02,3.532162739299999998e+02,-4.897739816562499904e+00,-1.453835343853333295e-01
1.230000000000000000e+02,3.185482442399999741e+02,-4.896532649427083328e+00,-1.617563615790000020e-01
1.230500000000000114e+02,3.022889687699999968e+02,-4.896111893750000554e+00,-4.248556541033333134e-01
1.231000000000000085e+02,3.420623531300000195e+02,-4.900852089947917101e+00,-1.315901181323333446e-01
1.231500000000000057e+02,3.037357590600000208e+02,-4.894648555260416423e+00,-1.208994242556666737e-01
1.232000000000000028e+02,3.352778814299999794e+02,-4.895998427187500113e+00,-6.654466706766666573e-02
1.232500000000000000e+02,3.243418355200000178e+02,-4.892831863072916398e+00,-1.365236448123333390e-01
1.233000000000000114e+02,3.388414068100000236e+02,-4.893458069427083501e+00,-4.667744660333333351e-01
1.233500000000000085e+02,3.225471396699999787e+02,-4.890355041354166765e+00,-2.316752582759999957e-01
1.234000000000000057e+02,3.233424344300000257e+02,-4.889367148958332798e+00,-3.086398012033333416e-01
1.234500000000000028e+02,3.343704143400000248e+02,-4.889554047708332796e+00,9.231936571966666005e-02
1.235000000000000000e+02,3.489379099399999973e+02,-4.890885851041666399e+00,-8.361743911566666965e-01
1.235500000000000114e+02,3.480169860799999810e+02,-4.891090399166666991e+00,3.492937404666667661e-02
1.236000000000000085e+02,3.371039164499999856e+02,-4.891734892031250226e+00,-7.132615591999998950e-01
1.236500000000000057e+02,3.386157048499999860e+02,-4.895883611614583408e+00,-3.530937605966666948e-01
1.237000000000000028e+02,3.511524048499999822e+02,-4.900258864947916848e+00,-2.417487377580333219e-01
1.237500000000000000e+02,3.066449886400000082e+02,-4.895629320781250016e+00,-2.709291825233333117e-01
1.238000000000000114e+02,3.207732149600000184e+02,-4.896452903124999700e+00,-1.031989209790000056e-01
1.238500000000000085e+02,3.326331104899999787e+02,-4.895796682031249958e+00,-2.572016025280000062e-01
1.239000000000000057e+02,3.377269185600000014e+02,-4.894152864062499830e+00,-1.139928375233333346e-01
1.239500000000000028e+02,3.416361233299999753e+02,-4.892550845625000200e+00,-5.460408939766666636e-01
1.240000000000000000e+02,3.304562056099999836e+02,-4.890005912291666590e+00,1.321351645520000007e-01
1.240500000000000114e+02,3.668000621599999818e+02,-4.893943502031249615e+00,-3.383475741966666672e-01
1.241000000000000085e+02,3.652384050200000161e+02,-4.894000295052083338e+00,-2.021021559236666487e-01
1.241500000000000057e+02,3.406681603100000189e+02,-4.891496161145833632e+00,-4.450994887499999386e-01
1.242000000000000028e+02,3.520011331599999949e+02,-4.893652169895832849e+00,-1.284227462566666644e-01
1.242500000000000000e+02,3.206205123799999797e+02,-4.890721434062499817e+00,-4.470201347033333494e-01
1.243000000000000114e+02,3.182807869999999753e+02,-4.891132058020833284e+00,-3.320168620433333051e-01
1.243500000000000085e+02,3.596482322800000020e+02,-4.896751675364583001e+00,-2.290300360178999795e-01
1.244000000000000057e+02,3.232327242599999977e+02,-4.892907509999999682e+00,-1.734216132106666530e-01
1.244500000000000028e+02,3.231808200799999895e+02,-4.894377417864583357e+00,-5.313393938499999525e-01
1.245000000000000000e+02,3.077823743899999727e+02,-4.894413077291666525e+00,-3.260216572347333641e-01
1.245500000000000114e+02,2.840562468100000046e+02,-4.892306001927082981e+00,-3.210916607023333036e-01
1.246000000000000085e+02,3.365540440600000238e+02,-4.897619515885416774e+00,-2.231887249299999987e-01
1.246500000000000057e+02,3.425615523399999915e+02,-4.895972425052083743e+00,-2.782518016533333527e-01
1.247000000000000028e+02,3.718145441699999765e+02,-4.897817772916666534e+00,-4.127100243566666493e-01
1.247500000000000000e+02,3.368489567400000055e+02,-4.892304529895833198e+00,1.078531688500000175e-02
1.248000000000000114e+02,3.254030074699999773e+02,-4.889278750416666597e+00,-2.602000745833333295e-01
1.248500000000000085e+02,3.551489263400000027e+02,-4.889562305468749592e+00,-2.468147003530000161e-01
1.249000000000000057e+02,3.945836422400000174e+02,-4.890902533593750157e+00,-1.419999117733333482e-01
1.249500000000000028e+02,3.877608765499999777e+02,-4.890234672447916431e+00,-2.314607992299999861e-01
1.250000000000000000e+02,3.532773816900000270e+02,-4.888849260104167094e+00,-2.445004555120000311e-01
1.250500000000000114e+02,3.574146150400000010e+02,-4.891626492447916696e+00,-3.975616722670000658e-01
1.251000000000000085e+02,3.430399189799999817e+02,-4.891412303854166588e+00,-3.034128130733333428e-01
1.251500000000000057e+02,3.137687925899999755e+02,-4.888973750989583422e+00,-1.351271301833333327e-01
1.252000000000000028e+02,3.581711700999999834e+02,-4.895108431562499973e+00,-2.884220687913333081e-01
1.252500000000000000e+02,3.251982615900000155e+02,-4.891451570000000082e+00,-4.423487049533333937e-01
1.253000000000000114e+02,3.662120864699999743e+02,-4.896944020937500142e+00,-4.091852644500000302e-01
1.253500000000000085e+02,3.505986449999999763e+02,-4.896790126874999594e+00,-4.687963830900000045e-02
1.254000000000000057e+02,3.317231399500000180e+02,-4.898456519843749746e+00,-3.944139304800000079e-01
1.254500000000000028e+02,3.041164179400000194e+02,-4.897410379583333473e+00,-4.965309363299999501e-01
1.255000000000000000e+02,3.254959877599999913e+02,-4.900073586822916383e+00,-2.998151514899999870e-01
1.255500000000000114e+02,3.214260993999999982e+02,-4.898457980104166332e+00,-2.742630258409999855e-01
1.256000000000000085e+02,3.182605734699999971e+02,-4.896704000052083394e+00,-1.923980710016666984e-01
1.256500000000000057e+02,3.400196218899999963e+02,-4.897901602604166627e+00,-1.643730854709999911e-01
1.257000000000000028e+02,3.385008161299999756e+02,-4.896047763697916722e+00,-3.590455975966666546e-01
1.257500000000000000e+02,3.294037027900000112e+02,-4.892817823333333038e+00,-5.493741761733333950e-01
1.258000000000000114e+02,3.426432059300000219e+02,-4.892045259999999729e+00,-1.019153207653333282e-01
1.258500000000000085e+02,3.438865453199999820e+02,-4.890728389010416954e+00,-1.063755964023333361e-01
1.259000000000000057e+02,3.418165370899999971e+02,-4.890126251093749765e+00,-3.443495365400000008e-01
1.259500000000000028e+02,3.412154585299999781e+02,-4.890088509427083174e+00,2.548376402933333687e-02
1.260000000000000000e+02,3.333056773900000280e+02,-4.889202577968750241e+00,-4.950142732566666925e-01
1.260500000000000114e+02,3.521327790799999775e+02,-4.891526514687499549e+00,-2.017827386899999909e-01
1.261000000000000085e+02,3.152432708900000193e+02,-4.887843256718750418e+00,-3.956012134666666569e-01
1.261500000000000057e+02,3.404845136900000284e+02,-4.893291625416666513e+00,8.020406257999999899e-02
1.262000000000000028e+02,3.364806552900000156e+02,-4.896084324687500100e+00,-3.888855577766667238e-01
1.262500000000000000e+02,3.038697165099999893e+02,-4.894107351562499986e+00,-2.554074117356666673e-01
1.263000000000000114e+02,3.184390413300000091e+02,-4.896160644322916866e+00,-1.399874436400000144e-01
1.263500000000000085e+02,3.275045086299999753e+02,-4.896024704322916143e+00,-3.666867042116666586e-01
1.264000000000000057e+02,3.019838751300000013e+02,-4.890528355833333229e+00,-3.881848255866666708e-01
1.264500000000000028e+02,3.328395724100000166e+02,-4.892229182812499744e+00,-4.792717041399999905e-02
1.265000000000000000e+02,3.412359072200000014e+02,-4.892315980312500479e+00,-2.605872036379999757e-01
1.265500000000000114e+02,3.505709622200000126e+02,-4.893138531406250102e+00,-1.685199096939999919e-01
1.266000000000000085e+02,3.485227835900000173e+02,-4.893115355468750316e+00,-1.176426397366666654e-01
1.266500000000000057e+02,3.450751610500000197e+02,-4.893710791093750068e+00,-7.665845871699999980e-02
1.267000000000000028e+02,3.484452235900000119e+02,-4.895834618593750243e+00,-2.675146789120000368e-01
1.267500000000000000e+02,3.323186332799999718e+02,-4.895852151093749605e+00,-1.177307980887666722e-01
1.268000000000000114e+02,3.109914736100000141e+02,-4.894552454583332768e+00,-8.738997287333333253e-02
1.268500000000000085e+02,3.199104743999999982e+02,-4.895918027083333790e+00,-3.702676938833333598e-01
1.269000000000000057e+02,3.362644341299999837e+02,-4.896389135625000222e+00,-5.407557543933333433e-01
1.269500000000000028e+02,3.514823736700000154e+02,-4.893529615312499637e+00,-6.154950849999999557e-02
1.270000000000000000e+02,3.469804142400000160e+02,-4.890270308385416875e+00,-5.214595742300000003e-01
1.270500000000000114e+02,3.777861679000000095e+02,-4.893817769114582994e+00,9.269451619266667886e-02
1.271000000000000085e+02,3.547490417500000035e+02,-4.892654189427083189e+00,-2.948084344066666529e-01
1.271500000000000057e+02,3.103391972100000089e+02,-4.888981850520833561e+00,-2.572995663379999964e-01
1.272000000000000028e+02,3.497712585599999784e+02,-4.894877522760416433e+00,-1.619289891029999928e-01
1.272500000000000000e+02,3.386735662400000137e+02,-4.894853769166666702e+00,-2.905140805599999987e-01
1.273000000000000114e+02,3.442575828199999819e+02,-4.896571620156250582e+00,-4.268472412133333393e-01
1.273500000000000085e+02,3.301682355699999789e+02,-4.895009682604166912e+00,-3.990488296300000459e-01
1.274000000000000057e+02,3.338401582199999780e+02,-4.895076487395833453e+00,-9.433785629366668590e-02
1.274500000000000028e+02,3.305068415000000073e+02,-4.893666149062499748e+00,-6.731868715366666756e-01
1.275000000000000000e+02,3.496675119899999800e+02,-4.895096316562500327e+00,-2.762978627826666589e-01
1.275500000000000114e+02,3.419656840800000168e+02,-4.894208041302083423e+00,-2.838355438666666508e-01
1.276000000000000085e+02,3.393231785400000149e+02,-4.894086264947916654e+00,-6.528571201666667490e-01
1.276500000000000057e+02,3.339905998799999907e+02,-4.892609299739583584e+00,-5.240735540533333348e-01
1.277000000000000028e+02,3.837357076900000266e+02,-4.896404485989583222e+00,-3.817377189266666360e-01
1.277500000000000000e+02,3.788625888899999836e+02,-4.892946651666666646e+00,1.180357309233333457e-01
1.278000000000000114e+02,3.546105536100000108e+02,-4.888638937031250187e+00,-3.861180768466667135e-01
1.278500000000000085e+02,3.475414939699999763e+02,-4.888523903229166301e+00,1.384821448466666549e-02
1.279000000000000057e+02,3.371418608800000243e+02,-4.890323046302083476e+00,-4.984532061433333827e-01
1.279500000000000028e+02,3.339582077599999934e+02,-4.893260331041666689e+00,-1.423441373040000013e-01
1.280000000000000000e+02,3.464785572999999772e+02,-4.896952154791667233e+00,-4.000084614763332880e-01
1.280500000000000114e+02,3.144450054299999806e+02,-4.894540952864583794e+00,5.743401398699999466e-02
1.280999999999999943e+02,3.144875250700000038e+02,-4.895411456406249862e+00,-2.972732696983333422e-01
1.281500000000000057e+02,3.289654503699999850e+02,-4.896924455937500475e+00,-2.513345731700000196e-01
1.282000000000000171e+02,3.455891736300000048e+02,-4.897573410052083354e+00,-2.996256799933333381e-01
1.282500000000000000e+02,3.510130472000000168e+02,-4.896377025520833648e+00,-5.154488073869999409e-01
1.283000000000000114e+02,3.509200098800000092e+02,-4.894367328489583890e+00,-2.254552831999999951e-01
1.283499999999999943e+02,3.450760514300000068e+02,-4.891935778385416711e+00,-1.074563002933333344e-02
1.284000000000000057e+02,3.540804911999999831e+02,-4.890756493697916873e+00,2.621689887066666613e-02
1.284500000000000171e+02,3.849894052099999726e+02,-4.890976306770833837e+00,-4.848742908099999416e-01
1.285000000000000000e+02,3.783725959899999793e+02,-4.885636555312499851e+00,-3.030207948893333669e-01
1.285500000000000114e+02,3.929232071499999961e+02,-4.885391252812500085e+00,-4.064631168866666422e-01
1.285999999999999943e+02,3.894017470499999831e+02,-4.887255100833333366e+00,-1.075014123059999799e-01
1.286500000000000057e+02,3.750412005200000181e+02,-4.889823745624999773e+00,-4.449438840199999579e-01
1.287000000000000171e+02,3.739050660999999991e+02,-4.892764279166667230e+00,3.899225628933333243e-01
1.287500000000000000e+02,3.540957847299999912e+02,-4.892914005729166682e+00,-2.838641571976666667e-01
1.288000000000000114e+02,3.301014612600000078e+02,-4.891617184218749692e+00,-4.186151727033333159e-01
1.288499999999999943e+02,3.369272847299999967e+02,-4.893046673489583220e+00,-2.835880445466666955e-01
1.289000000000000057e+02,3.594824757700000077e+02,-4.896139241354166671e+00,-6.639353619033333542e-02
1.289500000000000171e+02,3.217162631200000078e+02,-4.892614468020833662e+00,-2.743563510920000170e-01
1.290000000000000000e+02,3.046920957400000134e+02,-4.892100762968749628e+00,-5.436285320433333762e-02
1.290500000000000114e+02,3.156962653900000078e+02,-4.894824061614583499e+00,-1.480194209466666744e-01
1.290999999999999943e+02,3.281867387600000256e+02,-4.897748392447916821e+00,-1.024963597929999803e-01
1.291500000000000057e+02,3.182759766300000024e+02,-4.897802369010416434e+00,-5.499276138466666630e-01
1.292000000000000171e+02,3.235908121800000004e+02,-4.898631122552083106e+00,7.079982142000000589e-02
1.292500000000000000e+02,3.056108701399999745e+02,-4.894235008385416918e+00,-4.550396681899999685e-01
1.293000000000000114e+02,3.453666682699999910e+02,-4.895692237135416569e+00,-3.558741929766666701e-01
1.293499999999999943e+02,3.453493296999999984e+02,-4.893530971875000191e+00,-2.720387300466666769e-01
1.294000000000000057e+02,3.379525814599999762e+02,-4.891266544791666782e+00,1.337301914033333372e-01
1.294500000000000171e+02,3.435498862399999780e+02,-4.891897421197916707e+00,-1.203803522033333323e-01
1.295000000000000000e+02,3.537514604200000008e+02,-4.894085601979166533e+00,-3.454381109010000173e-01
1.295500000000000114e+02,3.401243309199999771e+02,-4.893753830052083309e+00,2.393051621533333062e-01
1.295999999999999943e+02,3.226561912999999890e+02,-4.892915012864583524e+00,-6.815766385333331678e-01
1.296500000000000057e+02,3.456436541499999748e+02,-4.897708513020833543e+00,-1.713696767076666738e-01
1.297000000000000171e+02,3.137393931700000280e+02,-4.897544212916666417e+00,-1.564451551329999746e-01
1.297500000000000000e+02,3.056349810799999887e+02,-4.898874649531250292e+00,-4.928119155766666482e-01
1.298000000000000114e+02,3.185927102499999819e+02,-4.900454436614583464e+00,2.353918104233333405e-02
1.298499999999999943e+02,3.389285944299999755e+02,-4.901347807083333841e+00,-6.597306688033331978e-01
1.299000000000000057e+02,3.108309000300000093e+02,-4.895295489999999639e+00,-3.693225533033333008e-01
1.299500000000000171e+02,3.390803250000000162e+02,-4.895727670989583835e+00,-3.621376689566666585e-01
1.300000000000000000e+02,3.363656445299999973e+02,-4.893361057656250068e+00,5.290897936333333051e-02
1.300500000000000114e+02,3.781443435400000226e+02,-4.897309370260416905e+00,-5.269739325099999094e-01
1.300999999999999943e+02,3.586450170800000024e+02,-4.894870680208333269e+00,-6.109427460666664450e-02
1.301500000000000057e+02,3.265279246000000057e+02,-4.891828317291666117e+00,-3.592130326856666223e-01
1.302000000000000171e+02,3.247080256699999836e+02,-4.892599659218750396e+00,-4.577511931133334405e-02
1.302500000000000000e+02,2.984276120100000185e+02,-4.889685122187500177e+00,-4.048411379300000390e-01
1.303000000000000114e+02,3.412000862400000187e+02,-4.893683980260417066e+00,-2.096455285799999901e-01
1.303499999999999943e+02,3.630496490200000039e+02,-4.893076937343749933e+00,-1.953071513946666726e-01
1.304000000000000057e+02,3.851148709400000030e+02,-4.893489454895832758e+00,-2.905863523400000203e-01
1.304500000000000171e+02,3.394050596299999825e+02,-4.887431766979166703e+00,4.791287386666667064e-02
1.305000000000000000e+02,3.928123336099999960e+02,-4.895468463750000332e+00,-4.772367632633333634e-01
1.305500000000000114e+02,3.676499118599999747e+02,-4.895374904791666815e+00,9.285463099933333186e-02
1.305999999999999943e+02,3.491574594400000251e+02,-4.896466776927083764e+00,-2.988213889610000229e-01
1.306500000000000057e+02,3.023722838099999990e+02,-4.892008393177083470e+00,-3.207873950066666424e-01
1.307000000000000171e+02,2.854743985999999722e+02,-4.889250399322916607e+00,-1.695454013853333330e-01
1.307500000000000000e+02,3.404845538700000134e+02,-4.894405232083333779e+00,-1.863018989283333482e-01
1.308000000000000114e+02,3.468850234500000056e+02,-4.894154949270833832e+00,-2.277554670009666327e-01
1.308499999999999943e+02,3.590811618299999850e+02,-4.895670457812499876e+00,1.848556938333334454e-02
1.309000000000000057e+02,3.032663301299999716e+02,-4.888609966979166721e+00,-3.790685560800000076e-01
1.309500000000000171e+02,3.356853067600000031e+02,-4.890500585208333639e+00,-7.334645594933333901e-02
1.310000000000000000e+02,3.714810191299999929e+02,-4.889841156979167103e+00,-1.968719915723333436e-01
1.310500000000000114e+02,3.427099125299999969e+02,-4.884402073906250585e+00,-4.265726719499999819e-01
1.310999999999999943e+02,3.662897138899999732e+02,-4.887632239843750170e+00,-2.935186945453333585e-01
1.311500000000000057e+02,3.721930348899999785e+02,-4.890399247604166888e+00,-2.600179560700000003e-01
1.312000000000000171e+02,3.691377780799999755e+02,-4.892837475312499684e+00,-2.615702434599999626e-01
1.312500000000000000e+02,3.458152096900000174e+02,-4.892937669843750115e+00,-5.415750731900000753e-02
1.313000000000000114e+02,3.380926384900000130e+02,-4.894352905833333267e+00,-3.893607258666667015e-01
1.313499999999999943e+02,3.423752097999999933e+02,-4.896570409947917035e+00,-2.958040739850000267e-01
1.314000000000000057e+02,3.173039119700000015e+02,-4.894638140000000526e+00,-3.295395748133333469e-01
1.314500000000000171e+02,3.101838579199999799e+02,-4.893980672187500325e+00,-3.212201950679999807e-01
1.315000000000000000e+02,3.358239028400000166e+02,-4.896222200520833567e+00,-1.020190604320000000e-01
1.315500000000000114e+02,3.282125615499999753e+02,-4.892524661249999518e+00,1.508464213066666726e-01
1.315999999999999943e+02,3.398176977200000124e+02,-4.890173292552083772e+00,1.761121184666662384e-02
1.316500000000000057e+02,3.912124255900000094e+02,-4.895124894791666570e+00,-4.219330120433332776e-01
1.317000000000000171e+02,3.398191760500000100e+02,-4.889235315572916463e+00,-3.613320081746667078e-01
1.317500000000000000e+02,3.542620854200000053e+02,-4.892334830000000245e+00,-7.751023187166666828e-02
1.318000000000000114e+02,3.545670486199999800e+02,-4.894894361354166890e+00,2.010321130733333517e-02
1.318499999999999943e+02,3.412718548700000269e+02,-4.896022142083332973e+00,-6.885204609333334114e-02
1.319000000000000057e+02,3.165127969200000280e+02,-4.894588297499999463e+00,-3.411611184783333584e-01
1.319500000000000171e+02,3.227414339599999948e+02,-4.895613725625000079e+00,-2.357216917030000303e-01
1.320000000000000000e+02,3.326309395900000254e+02,-4.896388106822916697e+00,-2.539266777799999986e-01
1.320500000000000114e+02,3.294155736600000068e+02,-4.895099261145833047e+00,-2.381788902633333593e-01
1.320999999999999943e+02,3.287533947000000012e+02,-4.893591099270833134e+00,-1.220489000433333387e-01
1.321500000000000057e+02,3.588850873000000092e+02,-4.892592917864583058e+00,-2.586966717066667143e-01
1.322000000000000171e+02,3.909857616799999960e+02,-4.892500010468750382e+00,1.951136440493333735e-01
1.322500000000000000e+02,3.565228894499999797e+02,-4.888054504062499639e+00,-9.932072249399999386e-02
1.323000000000000114e+02,3.479218176300000209e+02,-4.887990319583333410e+00,-2.589087703566666510e-01
1.323499999999999943e+02,3.097936996099999760e+02,-4.884531951875000111e+00,-6.676116997953333854e-02
1.324000000000000057e+02,3.388552237600000012e+02,-4.889271784895833584e+00,2.312797564633333261e-02
1.324500000000000171e+02,3.508642927700000200e+02,-4.892747884843750228e+00,-1.898588632633333440e-01
1.325000000000000000e+02,3.408305241499999738e+02,-4.894995212447916799e+00,1.110897385869999976e-01
1.325500000000000114e+02,3.396079603800000086e+02,-4.896991219635416392e+00,-1.039902941133333397e-01
1.325999999999999943e+02,3.416317422700000179e+02,-4.897875321093749790e+00,7.423061746633330404e-02
1.326500000000000057e+02,2.996728316499999778e+02,-4.892496204270833537e+00,-4.048411542333332780e-02
1.327000000000000171e+02,3.290856175000000121e+02,-4.894747574739583662e+00,-1.876065255666666542e-01
1.327500000000000000e+02,3.225899033100000111e+02,-4.892037898802083618e+00,-1.462805332092333155e-01
1.328000000000000114e+02,3.709715609300000096e+02,-4.897048469166667140e+00,-4.252887989433332822e-02
1.328499999999999943e+02,3.439467151100000137e+02,-4.893636859947917195e+00,-5.419583182999998527e-02
1.329000000000000057e+02,3.602189805799999931e+02,-4.895939984010416524e+00,7.399497969000000397e-02
1.329500000000000171e+02,3.188304045599999768e+02,-4.891229647083332743e+00,-8.959893328833333503e-02
1.330000000000000000e+02,3.365376937600000247e+02,-4.893121375364583692e+00,-2.139738947566666438e-01
1.330500000000000114e+02,3.309132144800000219e+02,-4.891802794583333558e+00,2.656508718999998128e-03
1.330999999999999943e+02,3.245762335399999756e+02,-4.890225578541666174e+00,2.640702589603333705e-01
1.331500000000000057e+02,3.789200813400000243e+02,-4.895781388958333480e+00,-2.440168357663333454e-01
1.332000000000000171e+02,3.486756802200000038e+02,-4.890934689322916640e+00,-2.427039468456666793e-01
1.332500000000000000e+02,3.649468041299999754e+02,-4.891494275677083614e+00,-3.457813376233333513e-01
1.333000000000000114e+02,3.584583616599999800e+02,-4.888924199114582869e+00,-4.692566736666671685e-03
1.333499999999999943e+02,3.623075390199999788e+02,-4.888022738020833202e+00,6.656789403333333854e-02
1.334000000000000057e+02,3.728912785300000223e+02,-4.889170674895833457e+00,2.340348119076666455e-01
1.334500000000000171e+02,3.421019098400000189e+02,-4.887469811510416484e+00,-1.020466568000000240e-02
1.335000000000000000e+02,3.343913074299999835e+02,-4.889799254062499934e+00,-2.735224287799999932e-01
1.335500000000000114e+02,3.322809478300000023e+02,-4.891977839114583837e+00,1.643727794096666861e-01
1.335999999999999943e+02,3.453595794899999873e+02,-4.895386323437500131e+00,-2.567669705366666388e-01
1.336500000000000057e+02,3.360675295500000175e+02,-4.895576215156249411e+00,5.496047055600001424e-02
1.337000000000000171e+02,3.213406390800000167e+02,-4.894145556041666900e+00,-3.134915439100000034e-01
1.337500000000000000e+02,3.335477463899999861e+02,-4.894990954583333220e+00,-1.122232890370000041e-01
1.338000000000000114e+02,3.652334936899999889e+02,-4.897214462604166485e+00,-5.592912292899999693e-01
1.338499999999999943e+02,3.396893428299999869e+02,-4.891701826250000273e+00,1.729903519996666417e-01
1.339000000000000057e+02,3.526357933599999797e+02,-4.891177552239583726e+00,-3.345637026233332922e-01
1.339500000000000171e+02,3.178806837000000201e+02,-4.885480350052083587e+00,-2.640953892933333713e-01
1.340000000000000000e+02,3.800767750200000137e+02,-4.892601922760416500e+00,-3.114913449266666912e-01
1.340500000000000114e+02,3.755983529599999997e+02,-4.893783103750000585e+00,-3.348232310929999955e-01
1.340999999999999943e+02,3.081483978499999807e+02,-4.892270428385416814e+00,-4.880026570700000121e-01
1.341500000000000057e+02,2.994311651699999857e+02,-4.893075944322916371e+00,-3.310111908533333591e-01
1.342000000000000171e+02,3.229459305299999983e+02,-4.895544099010416872e+00,-1.024504800733333360e-01
1.342500000000000000e+02,3.048608798099999717e+02,-4.892034501354166842e+00,-1.283729094666667160e-02
1.343000000000000114e+02,3.497867410100000143e+02,-4.895404077708333190e+00,-2.359705760867999713e-01
1.343499999999999943e+02,3.595596407300000124e+02,-4.894798667395833469e+00,-2.722006417666666400e-01
1.344000000000000057e+02,3.616525371000000177e+02,-4.894370844479166927e+00,-5.177097577999999478e-01
1.344500000000000171e+02,3.592839927499999817e+02,-4.893813044739583340e+00,-2.620571213909999586e-01
1.345000000000000000e+02,3.446687997000000223e+02,-4.892347553125000026e+00,-2.577950930000002042e-02
1.345500000000000114e+02,3.534230853700000239e+02,-4.893794895520833244e+00,-4.080812520666666221e-01
1.345999999999999943e+02,3.377780739099999892e+02,-4.891623942760416455e+00,-2.714333288999999927e-01
1.346500000000000057e+02,3.866369405199999960e+02,-4.896760535468749787e+00,-5.167672066766666461e-01
1.347000000000000171e+02,3.560959556500000076e+02,-4.891653883541667192e+00,-6.139578588193334019e-02
1.347500000000000000e+02,3.784362677199999894e+02,-4.893153417291666862e+00,-2.551131485579999914e-01
1.348000000000000114e+02,3.729725711799999885e+02,-4.893012907760416752e+00,-2.281146359766666742e-01
1.348499999999999943e+02,3.355316470899999786e+02,-4.891143428177083585e+00,-3.124688404866666214e-01
1.349000000000000057e+02,3.260905445000000213e+02,-4.892548397812499950e+00,-1.312582973036666711e-01
1.349500000000000171e+02,3.587672902900000054e+02,-4.898062753593749541e+00,-2.767309218400000326e-01
1.350000000000000000e+02,3.401247566499999948e+02,-4.896428089687499430e+00,-2.709806933033333531e-01
1.350500000000000114e+02,3.247351207099999897e+02,-4.894639165885416254e+00,1.969538979966666548e-01
1.350999999999999943e+02,3.397624383699999839e+02,-4.896179156510416242e+00,-1.581936063809999959e-01
1.351500000000000057e+02,3.267210964600000125e+02,-4.893635013385416954e+00,-4.735789453333333343e-02
1.352000000000000171e+02,3.282236215799999854e+02,-4.892668776927083130e+00,-2.772882703433333096e-01
1.352500000000000000e+02,3.515667024900000115e+02,-4.894699787291666659e+00,-1.548079219406666984e-01
1.353000000000000114e+02,3.303975378999999748e+02,-4.892119278229166923e+00,-3.380052011500000453e-01
1.353499999999999943e+02,3.503804846699999871e+02,-4.895054808645833866e+00,-3.809198120533333065e-01
1.354000000000000057e+02,3.194682037000000037e+02,-4.891736425729166449e+00,-1.743088828173333382e-01
1.354500000000000171e+02,3.226590553300000010e+02,-4.892178906458332754e+00,-3.238570053433333373e-01
1.355000000000000000e+02,3.429585392500000012e+02,-4.893497364583333287e+00,-3.126588582129666283e-01
1.355500000000000114e+02,3.496381968000000029e+02,-4.891734543645832822e+00,-2.769059074446666990e-01
1.355999999999999943e+02,3.517184719699999960e+02,-4.889496610104166585e+00,-4.346972316766666289e-01
1.356500000000000057e+02,3.439198455800000147e+02,-4.886461932083332904e+00,-4.819840841800000497e-01
1.357000000000000171e+02,3.826910420300000055e+02,-4.890349031770833577e+00,2.717589639166666515e-01
1.357500000000000000e+02,3.704136849199999801e+02,-4.890704316197916235e+00,-3.392679181500000141e-01
1.358000000000000114e+02,3.501460624299999722e+02,-4.891633963177083544e+00,-2.475628993300000025e-01
1.358499999999999943e+02,3.124310562399999753e+02,-4.889075609531249533e+00,-6.402805989266666664e-01
1.359000000000000057e+02,3.405083868599999732e+02,-4.892864718124999790e+00,-3.414612148699999739e-01
1.359500000000000171e+02,3.745680204500000059e+02,-4.897530579218750013e+00,-1.360706108466666897e-01
1.360000000000000000e+02,3.251070364600000175e+02,-4.891999886874999426e+00,-1.423913619133333475e-01
1.360500000000000114e+02,3.408945399199999997e+02,-4.894109874375000224e+00,-4.825868902899999591e-01
1.360999999999999943e+02,3.365296370899999943e+02,-4.893550169218749524e+00,-3.768772847833333217e-01
1.361500000000000057e+02,3.570814277000000061e+02,-4.896644004427083807e+00,-5.169168558133333535e-01
1.362000000000000171e+02,3.528983691500000077e+02,-4.898201011145833839e+00,-1.587952987006666927e-01
1.362500000000000000e+02,3.238514489600000275e+02,-4.897752674270833495e+00,-2.378216381143333225e-01
1.363000000000000114e+02,3.054800922900000160e+02,-4.897149748072917141e+00,-8.727278946666666704e-02
1.363499999999999943e+02,2.996311501499999963e+02,-4.896703759114583221e+00,-4.179377647138000085e-01
1.364000000000000057e+02,3.325463270800000259e+02,-4.899465696718750429e+00,-1.370760100733333375e-01
1.364500000000000171e+02,3.359983233199999972e+02,-4.897032052291666382e+00,-8.884406809766666469e-02
1.365000000000000000e+02,3.139572165499999983e+02,-4.891354343697916995e+00,-4.404698529766666870e-01
1.365500000000000114e+02,3.762000354300000140e+02,-4.897424762343749904e+00,-1.702499542700000035e-01
1.365999999999999943e+02,3.233378213799999799e+02,-4.890717040364583212e+00,-3.043450414133333504e-01
1.366500000000000057e+02,3.454932129399999781e+02,-4.893256736718750055e+00,-1.907913125536666588e-01
1.367000000000000171e+02,3.432024099399999955e+02,-4.892576657604166712e+00,-2.841867708199999898e-01
1.367500000000000000e+02,3.382044374700000162e+02,-4.891950948854167258e+00,-2.569340185450000313e-01
1.368000000000000114e+02,3.434803729700000190e+02,-4.893482370572916906e+00,-1.617779995756666589e-01
1.368499999999999943e+02,2.953154200500000002e+02,-4.888230736666666409e+00,-6.432141798800000698e-01
1.369000000000000057e+02,3.247193617400000107e+02,-4.891180555833333443e+00,-2.974428403800000176e-01
1.369500000000000171e+02,3.607257021600000257e+02,-4.893997950156250276e+00,-4.603610958000000086e-01
1.370000000000000000e+02,3.842302163499999779e+02,-4.895990272656249864e+00,-4.014142397966666276e-01
1.370500000000000114e+02,3.509779673799999955e+02,-4.892110126145833071e+00,-3.664342339846666796e-01
1.370999999999999943e+02,3.360586686400000076e+02,-4.891608394479166400e+00,-4.406916656066666160e-01
1.371500000000000057e+02,3.176709379199999717e+02,-4.890977698541666641e+00,-5.540409575133332654e-01
1.372000000000000171e+02,3.460008805100000018e+02,-4.896184329270833580e+00,-3.138880324066666838e-01
1.372500000000000000e+02,3.275004789500000015e+02,-4.896565163333333359e+00,-2.633593392390000121e-01
1.373000000000000114e+02,3.198664800500000069e+02,-4.898017214583333612e+00,-3.796776685833333498e-01
1.373499999999999943e+02,2.956726092200000267e+02,-4.896193675312500382e+00,-1.098050234653333429e-01
1.374000000000000057e+02,3.206746566300000154e+02,-4.898754201145833598e+00,-1.079819664634666526e-01
1.374500000000000171e+02,3.368909909100000277e+02,-4.899031893593750020e+00,-4.045378142866666304e-01
1.375000000000000000e+02,3.312933914999999843e+02,-4.896044018437500256e+00,-2.434752669033333206e-01
1.375500000000000114e+02,3.469964614900000015e+02,-4.895807559947916943e+00,-4.451671547566666831e-01
1.375999999999999943e+02,3.604049338300000045e+02,-4.896105529635416787e+00,-1.479473232315000053e-01
1.376500000000000057e+02,3.487523534800000107e+02,-4.894429181145833141e+00,-2.834854565800000170e-01
1.377000000000000171e+02,3.386136660799999731e+02,-4.892875955781249786e+00,-3.691020291166666745e-01
1.377500000000000000e+02,3.539643997000000013e+02,-4.894292320833333321e+00,-3.288555821533333257e-01
1.378000000000000114e+02,3.674597262799999839e+02,-4.895958908749999949e+00,-3.187678707266666800e-01
1.378499999999999943e+02,3.439785106200000087e+02,-4.893330871145833427e+00,-2.603980747099999826e-01
1.379000000000000057e+02,3.423494068699999957e+02,-4.894663974479166235e+00,-3.775878617399999748e-01
1.379500000000000171e+02,3.198434283299999947e+02,-4.894304485312500397e+00,-2.325310708233333246e-01
1.380000000000000000e+02,3.005979344699999842e+02,-4.893686206197917166e+00,-6.454654743033332309e-01
1.380500000000000114e+02,3.255686887699999943e+02,-4.896957478593749968e+00,-3.469653079599999690e-01
1.380999999999999943e+02,3.235561620999999946e+02,-4.895392988593750161e+00,-4.190661452233333528e-01
1.381500000000000057e+02,3.131445124300000202e+02,-4.891658841718750317e+00,-5.985458114333332830e-02
1.382000000000000171e+02,3.412276109399999768e+02,-4.892273877343749966e+00,-2.751072142100000062e-01
1.382500000000000000e+02,3.540928436699999793e+02,-4.891952106510417231e+00,-1.005869025990000082e-01
1.383000000000000114e+02,3.361058936399999766e+02,-4.888972107916666587e+00,-3.966496049600000684e-01
1.383499999999999943e+02,3.843364159999999856e+02,-4.895227164010417020e+00,-3.524601199599999846e-01
1.384000000000000057e+02,3.469245760700000005e+02,-4.894182470729166567e+00,-1.634430566033333310e-01
1.384500000000000171e+02,3.110416782699999771e+02,-4.893010494999999516e+00,-1.461289065699999945e-01
1.385000000000000000e+02,3.005132103500000085e+02,-4.892261775677083868e+00,-4.233450966133333604e-01
1.385500000000000114e+02,3.285092792899999949e+02,-4.894966759687499724e+00,-1.323166441800766591e-01
1.385999999999999943e+02,3.271109506700000225e+02,-4.893624037708333319e+00,-3.466893292633333457e-01
1.386500000000000057e+02,3.488114523300000087e+02,-4.894874594583333405e+00,-1.728934878023332955e-01
1.387000000000000171e+02,3.555706053600000018e+02,-4.893754183958333392e+00,-1.302691562309999940e-01
1.387500000000000000e+02,3.527704117800000176e+02,-4.892339501302083171e+00,-4.091038269566666941e-01
1.388000000000000114e+02,3.469839995199999976e+02,-4.891176923958333589e+00,-2.523766128483333482e-01
1.388499999999999943e+02,3.743987717300000213e+02,-4.894192569791666614e+00,-3.932000728189999905e-01
1.389000000000000057e+02,3.696190381200000274e+02,-4.895233390833333864e+00,-6.913347547933333670e-02
1.389500000000000171e+02,3.152874846500000103e+02,-4.892192502916667074e+00,-4.939280136466666082e-01
1.390000000000000000e+02,3.336050285100000110e+02,-4.896969076666667142e+00,-2.915462207303333164e-01
1.390500000000000114e+02,3.493436523799999804e+02,-4.899633544583333666e+00,-3.142860359266666515e-01
1.390999999999999943e+02,2.954490729199999919e+02,-4.892649646041666855e+00,-5.806352680666667515e-02
1.391500000000000057e+02,3.474425034099999721e+02,-4.897907686458332854e+00,-3.967747963666666267e-01
1.392000000000000171e+02,2.984108116300000120e+02,-4.889874204375000311e+00,-5.304557080766666988e-02
1.392500000000000000e+02,3.459833871299999828e+02,-4.893577598854166766e+00,-5.203631720366665991e-01
1.393000000000000114e+02,3.654306542300000160e+02,-4.895360560937500161e+00,-1.233063574651999811e-01
1.393499999999999943e+02,3.108951162299999851e+02,-4.888856011093749565e+00,-1.767409652999999692e-01
1.394000000000000057e+02,3.332431176499999879e+02,-4.891573879895832810e+00,-3.090810829993333453e-01
1.394500000000000171e+02,3.322420055100000127e+02,-4.891373264687500111e+00,-2.590296740999999958e-01
1.395000000000000000e+02,3.199669923800000220e+02,-4.889330148802083720e+00,-1.284494746864666415e-01
1.395500000000000114e+02,3.657596738500000129e+02,-4.894004427343749519e+00,-3.083188380533333217e-01
1.395999999999999943e+02,3.781936521599999992e+02,-4.894922240781250267e+00,-3.571169331560000160e-01
1.396500000000000057e+02,3.602522702800000047e+02,-4.894022023854167180e+00,-2.438792732220000092e-01
1.397000000000000171e+02,3.287650845200000163e+02,-4.893089638281249876e+00,-1.886941725199999809e-01
1.397500000000000000e+02,3.274123493700000154e+02,-4.895217638489583578e+00,-9.732832837000000847e-02
1.398000000000000114e+02,3.365014266900000166e+02,-4.897785699062500164e+00,6.822094719166665877e-02
1.398499999999999943e+02,3.099910507800000232e+02,-4.895164842135416805e+00,-4.747728115266666715e-01
1.399000000000000057e+02,3.326066440600000078e+02,-4.897460326614583082e+00,-1.886470752590000133e-01
1.399500000000000171e+02,3.196868683000000146e+02,-4.893788533072917168e+00,-6.198736596400000048e-02
1.400000000000000000e+02,3.493436520399999949e+02,-4.893507744687499716e+00,-5.704226355366666112e-01
1.400500000000000114e+02,3.635935356499999784e+02,-4.892803814114583538e+00,-3.053562904766667432e-02
1.400999999999999943e+02,3.391244333899999788e+02,-4.889295550833333337e+00,-4.276806812633333066e-01
1.401500000000000057e+02,3.344552669700000251e+02,-4.889054328124999849e+00,-1.857071400309999731e-01
1.402000000000000171e+02,3.380565449800000124e+02,-4.890096486510416618e+00,-7.649714789899998701e-02
1.402500000000000000e+02,3.267937453000000119e+02,-4.889603727656250065e+00,-4.679630878100000113e-01
1.403000000000000114e+02,3.464128418999999894e+02,-4.893293059635416498e+00,-2.488901693066666587e-01
1.403499999999999943e+02,3.210397052199999735e+02,-4.891681243958333702e+00,-2.323899206286666741e-01
1.404000000000000057e+02,3.333145992699999738e+02,-4.895577196562499900e+00,-2.759645509919999573e-01
1.404500000000000171e+02,3.143461765100000207e+02,-4.895913179843749852e+00,-1.777837365733333508e-01
1.405000000000000000e+02,3.201374120199999993e+02,-4.897998061822916860e+00,4.256904344333332230e-02
1.405500000000000114e+02,3.151689907499999777e+02,-4.897953472447916567e+00,-4.429842690066665978e-01
1.405999999999999943e+02,3.145454925899999807e+02,-4.897363177916666643e+00,-3.497385870953333420e-01
1.406500000000000057e+02,3.526958280000000059e+02,-4.896697683385416333e+00,-1.757341473563333312e-01
1.407000000000000171e+02,3.733814588700000172e+02,-4.894769641510416491e+00,-4.096219972399999798e-01
1.407500000000000000e+02,3.723384611500000005e+02,-4.893350720833333334e+00,-3.644416421139999862e-01
1.408000000000000114e+02,3.478861139300000218e+02,-4.890741904322916334e+00,-2.147221782296666603e-01
1.408499999999999943e+02,3.430302530600000068e+02,-4.891098780624999698e+00,-2.775750549289999758e-01
1.409000000000000057e+02,3.467575731599999926e+02,-4.892495180781249786e+00,-9.797881298333332989e-02
1.409500000000000171e+02,3.217210235499999840e+02,-4.890346522968750165e+00,7.092299997333333106e-02
1.410000000000000000e+02,3.519294759200000158e+02,-4.895497527083333189e+00,-2.429121601399999719e-01
1.410500000000000114e+02,3.422867629599999759e+02,-4.897110896406250191e+00,-1.602650219233333340e-01
1.410999999999999943e+02,2.973723495799999910e+02,-4.894348952708333478e+00,-2.770904759836666578e-02
1.411500000000000057e+02,3.235774549600000114e+02,-4.898332366770833168e+00,-4.285616776166666919e-01
1.412000000000000171e+02,3.487502509999999916e+02,-4.900594070052083140e+00,-1.112775460170000036e-01
1.412500000000000000e+02,3.216722906300000204e+02,-4.895769324999999839e+00,-4.392843100299999581e-01
1.413000000000000114e+02,3.455288328999999976e+02,-4.896646287083333604e+00,-1.637821145904666542e-01
1.413499999999999943e+02,3.644918076499999984e+02,-4.897186329427083429e+00,-4.865252660066666235e-01
1.414000000000000057e+02,3.377486893199999827e+02,-4.892462926510416921e+00,5.416613937333333156e-02
1.414500000000000171e+02,3.436760982600000034e+02,-4.891606167968750363e+00,-4.955253843966667127e-01
1.415000000000000000e+02,3.815296393699999840e+02,-4.894172052916666793e+00,-3.114874580803333459e-01
1.415500000000000114e+02,3.317175835599999800e+02,-4.886137970729167002e+00,-4.884848188733333374e-01
1.415999999999999943e+02,3.831360688899999900e+02,-4.890086218072917212e+00,-1.641440952476666826e-01
1.416500000000000057e+02,3.587368366200000196e+02,-4.885733802031249517e+00,-8.362439396266667657e-01
1.417000000000000171e+02,3.690450141700000017e+02,-4.888244274531250433e+00,3.301935135300000379e-01
1.417500000000000000e+02,3.351419398799999954e+02,-4.888082167083333651e+00,-3.188779572033333398e-01
1.418000000000000114e+02,3.468748517600000127e+02,-4.893152204114583625e+00,-1.108240892966666641e-01
1.418499999999999943e+02,3.561371957399999815e+02,-4.896111940677083219e+00,-1.944718675976666866e-01
1.419000000000000057e+02,3.542504684200000042e+02,-4.897452861197916896e+00,-2.695168556266666626e-01
1.419500000000000171e+02,3.186288368599999785e+02,-4.894622166406249697e+00,-1.898426132890000118e-01
1.420000000000000000e+02,3.474526563900000156e+02,-4.899233516510416386e+00,-2.310407442833332936e-02
1.420500000000000114e+02,3.214102077499999837e+02,-4.896416190833333459e+00,-4.020562241723332764e-01
1.420999999999999943e+02,3.177510090999999761e+02,-4.894911655416666285e+00,-1.949119788120000363e-01
1.421500000000000057e+02,3.549755314500000054e+02,-4.896120926197916390e+00,-3.647743988300000129e-01
1.422000000000000171e+02,3.440048485899999946e+02,-4.891650624322916308e+00,-1.509799293896666728e-01
1.422500000000000000e+02,3.633999867699999982e+02,-4.893025023385416894e+00,-5.640695578266666788e-01
1.423000000000000114e+02,3.477427129999999806e+02,-4.891411467343750097e+00,8.100686795666667273e-02
1.423499999999999943e+02,3.516594403999999940e+02,-4.892229713333333230e+00,-6.082619377299999242e-01
1.424000000000000057e+02,3.490798331299999973e+02,-4.892912869010416443e+00,-2.664132246083333322e-01
1.424500000000000171e+02,3.233923889700000132e+02,-4.890876426666666887e+00,-3.519220647993333007e-01
1.425000000000000000e+02,3.506608990999999946e+02,-4.894709745833333514e+00,-2.168254513166666675e-01
1.425500000000000114e+02,3.361812146299999995e+02,-4.893301349687500412e+00,-2.701674930800000429e-01
1.425999999999999943e+02,3.379945517699999868e+02,-4.893646015572916674e+00,6.712014405333333045e-02
1.426500000000000057e+02,3.313315123699999845e+02,-4.893022638697916982e+00,-3.891853659406666055e-01
1.427000000000000171e+02,3.463414896300000123e+02,-4.895144037343750476e+00,-2.060367841483333462e-01
1.427500000000000000e+02,3.439855836599999748e+02,-4.894658234375000028e+00,-2.382072420959999715e-01
1.428000000000000114e+02,3.399015311300000235e+02,-4.893594766927082951e+00,-2.478652811933333699e-01
1.428499999999999943e+02,3.329919391000000246e+02,-4.891641999739583468e+00,-1.564509383266666498e-01
1.429000000000000057e+02,3.558680404199999998e+02,-4.892708748437500255e+00,-5.715569513999999574e-01
1.429500000000000171e+02,3.618605552299999886e+02,-4.891854796302083308e+00,-1.971345531456666633e-01
1.430000000000000000e+02,3.668350477800000249e+02,-4.891434535989582777e+00,-1.584367835723333451e-01
1.430500000000000114e+02,3.718058830200000102e+02,-4.892256725312500443e+00,-1.753035596399999951e-01
1.430999999999999943e+02,3.636469525399999725e+02,-4.893798343697916664e+00,-2.758904713533333886e-01
1.431500000000000057e+02,3.121545797399999742e+02,-4.891130737447916488e+00,-1.649522339199999965e-01
1.432000000000000171e+02,3.364747026200000164e+02,-4.895978231302083650e+00,-2.363711518166666803e-01
1.432500000000000000e+02,3.247280843199999936e+02,-4.894994944010416127e+00,-4.707238959866666406e-01
1.433000000000000114e+02,3.276416680300000053e+02,-4.895099958281249997e+00,-3.383740652666666904e-01
1.433499999999999943e+02,3.127545857700000056e+02,-4.892199733229166903e+00,-3.686812676233333086e-01
1.434000000000000057e+02,3.413138019900000018e+02,-4.893943042500000118e+00,-6.838674322499999070e-02
1.434500000000000171e+02,3.616442992899999922e+02,-4.894926360520833519e+00,-2.891610380892333798e-01
1.435000000000000000e+02,3.182944355000000201e+02,-4.888899176927083090e+00,-3.159757483499999603e-02
1.435500000000000114e+02,3.300018874300000107e+02,-4.889758066770833800e+00,-1.228507995216666787e-01
1.435999999999999943e+02,3.739028511999999864e+02,-4.894012727656249950e+00,-5.077129039200000138e-01
1.436500000000000057e+02,3.688610136400000101e+02,-4.892211793333333780e+00,8.483347398166667108e-02
1.437000000000000171e+02,3.640786625200000231e+02,-4.890864948385416078e+00,-1.769233059449999701e-01
1.437500000000000000e+02,3.584709525399999848e+02,-4.890800361562500420e+00,-2.185335920366666962e-02
1.438000000000000114e+02,3.347756683800000133e+02,-4.889980753072916464e+00,2.833939534266667268e-02
1.438499999999999943e+02,3.457889499199999932e+02,-4.893994979895833097e+00,-3.732268462933333031e-01
1.439000000000000057e+02,3.306579136700000277e+02,-4.894161432135416767e+00,-7.139105716033332383e-02
1.439500000000000171e+02,3.038714384200000040e+02,-4.891816206666666389e+00,-2.022761474433333317e-01
1.440000000000000000e+02,3.564624450800000091e+02,-4.898392554374999541e+00,-3.006697870633333047e-01
1.440500000000000114e+02,3.361349934799999915e+02,-4.895961232604166824e+00,-1.303771132129999955e-01
1.440999999999999943e+02,3.498801156600000013e+02,-4.897418695677083100e+00,-4.033579774973333198e-01
1.441500000000000057e+02,3.476055807800000252e+02,-4.895954967083333109e+00,-4.313764767833332958e-01
1.442000000000000171e+02,3.431027330300000244e+02,-4.893281198385416531e+00,-1.420316532199999704e-01
1.442500000000000000e+02,3.729681818000000249e+02,-4.894628481614582860e+00,-1.803767120066666896e-01
1.443000000000000114e+02,3.355674629900000241e+02,-4.888629956145833511e+00,4.250642433266666603e-02
1.443499999999999943e+02,3.873413113899999871e+02,-4.894666082343749558e+00,3.327161630266665168e-03
1.444000000000000057e+02,3.695587909399999944e+02,-4.893932127135417254e+00,-2.389037477633333684e-02
1.444500000000000171e+02,3.288163442900000177e+02,-4.892228113645833432e+00,-5.213066783083333128e-02
1.445000000000000000e+02,3.256685034299999870e+02,-4.894580054322916318e+00,-3.794061176400000401e-01
1.445500000000000114e+02,3.419114400299999943e+02,-4.897930477916666803e+00,1.412241835976666693e-01
1.445999999999999943e+02,3.195395100399999819e+02,-4.895449205572917073e+00,-1.557882764190000047e-01
1.446500000000000057e+02,3.350311467700000208e+02,-4.897143034114583848e+00,-3.492225505600000113e-01
1.447000000000000171e+02,3.283536892899999771e+02,-4.895601947968749812e+00,-2.340372642033333450e-01
1.447500000000000000e+02,3.091284697599999731e+02,-4.891800733281249869e+00,-5.520666002899999869e-01
1.448000000000000114e+02,3.492340962900000250e+02,-4.894633553020833361e+00,-1.408233862743333564e-01
1.448499999999999943e+02,3.399167274700000121e+02,-4.891506993124999703e+00,-2.084831066846667136e-01
1.449000000000000057e+02,3.355876738200000204e+02,-4.889358073177083597e+00,-1.946563879220000182e-01
1.449500000000000171e+02,3.844057180099999869e+02,-4.894214072968749996e+00,-2.342345983183333757e-01
1.450000000000000000e+02,3.695868954000000031e+02,-4.892369021093750270e+00,-3.977247317000000559e-01
1.450500000000000114e+02,3.427578733799999782e+02,-4.890736498749999939e+00,-1.918137389920000213e-01
1.450999999999999943e+02,3.070861208800000099e+02,-4.889744775104166941e+00,-1.271476988000000141e-01
1.451500000000000057e+02,3.341221312800000192e+02,-4.895504565468749902e+00,1.798844499641600037e-01
1.452000000000000171e+02,3.054609946100000002e+02,-4.892624452447916106e+00,-1.896169531666666852e-01
1.452500000000000000e+02,3.336982659299999909e+02,-4.895922225052083299e+00,-1.904760031596667014e-01
1.453000000000000114e+02,3.281801497000000154e+02,-4.894748135260416966e+00,-2.274475411230000299e-01
1.453499999999999943e+02,3.554685394900000119e+02,-4.897715735312499596e+00,-2.715364129933333093e-01
1.454000000000000057e+02,3.169273391599999741e+02,-4.892813971822916663e+00,4.196543997633333523e-01
1.454500000000000171e+02,3.379946770500000071e+02,-4.895122327604166657e+00,-2.140120159013333134e-01
1.455000000000000000e+02,3.188864222000000268e+02,-4.892410386770833064e+00,-2.362811152390000002e-01
1.455500000000000114e+02,3.482377707499999815e+02,-4.895209873645833376e+00,-3.836316028033333048e-01
1.455999999999999943e+02,3.504841412700000092e+02,-4.893471097083333277e+00,-3.717678474406666544e-01
1.456500000000000057e+02,3.630212074699999789e+02,-4.891931301249999642e+00,-5.549415025133332818e-02
1.457000000000000171e+02,3.756994973199999777e+02,-4.891094222708333383e+00,-6.344507504766666584e-01
1.457500000000000000e+02,3.927493502400000125e+02,-4.892492714635416462e+00,-5.284580573533332465e-02
1.458000000000000114e+02,3.628605479700000274e+02,-4.890644117864582974e+00,-4.005868623699999215e-02
1.458499999999999943e+02,3.320415489399999842e+02,-4.890319993333332782e+00,-4.475647826833333842e-01
1.459000000000000057e+02,3.099384873500000026e+02,-4.889677810937500091e+00,-2.496635122033333543e-01
1.459500000000000171e+02,3.374752636900000198e+02,-4.893412519791666249e+00,-3.188782575566667110e-01
1.460000000000000000e+02,3.276211257100000012e+02,-4.891799850260416527e+00,-2.959172433879667108e-01
1.460500000000000114e+02,3.459470841799999903e+02,-4.893267054479166767e+00,-3.012511555099999794e-01
1.460999999999999943e+02,3.503443938199999934e+02,-4.893301827708333107e+00,-4.131769733599999772e-01
1.461500000000000057e+02,3.385585260600000197e+02,-4.892378031354167156e+00,-9.443411229789999695e-02
1.462000000000000171e+02,3.554391302399999972e+02,-4.895777112656250374e+00,-4.774812160046666420e-01
1.462500000000000000e+02,3.132047957099999849e+02,-4.892967406927083651e+00,-1.895273860149999934e-01
1.463000000000000114e+02,3.259226802499999849e+02,-4.897096551927083041e+00,-6.530024159966666408e-01
1.463499999999999943e+02,3.353345208499999899e+02,-4.900028988593749801e+00,-3.875677790333333927e-01
1.464000000000000057e+02,3.359984214500000235e+02,-4.900914588802083749e+00,-4.125768157040000106e-01
1.464500000000000171e+02,3.208779758300000253e+02,-4.899107164270833259e+00,-4.707573502233333151e-01
1.465000000000000000e+02,3.240660026200000061e+02,-4.898368719583333863e+00,-2.077422430489999916e-01
1.465500000000000114e+02,3.437430782399999885e+02,-4.898446459062499869e+00,-3.780695643633333325e-01
1.465999999999999943e+02,3.233206023199999777e+02,-4.893272529739583376e+00,3.989226158000000466e-02
1.466500000000000057e+02,3.417701441799999884e+02,-4.893186870885416262e+00,-4.334125624533333720e-01
1.467000000000000171e+02,3.322261260399999969e+02,-4.890246855520833158e+00,8.788077343709999045e-02
1.467500000000000000e+02,3.594164643299999966e+02,-4.892483723593749723e+00,-6.369576703000000284e-02
1.468000000000000114e+02,3.489288496899999927e+02,-4.890904452604166508e+00,-2.358840783236666738e-01
1.468499999999999943e+02,3.645623523699999851e+02,-4.893378976666666880e+00,-2.171082516810000085e-01
1.469000000000000057e+02,3.441689868799999772e+02,-4.893504102552083346e+00,-3.824853619233333224e-01
1.469500000000000171e+02,3.060421340799999825e+02,-4.894034645781250248e+00,-2.274154107553333359e-01
1.470000000000000000e+02,3.262536741000000120e+02,-4.898304136562500410e+00,-3.197931514033333644e-01
1.470500000000000114e+02,3.282591322999999761e+02,-4.898559118749999719e+00,2.071839880233333486e-01
1.470999999999999943e+02,3.219615062500000136e+02,-4.896848062760416731e+00,-4.456547641033333229e-01
1.471500000000000057e+02,3.360539811500000269e+02,-4.896730825364583595e+00,-8.707082858666666259e-02
1.472000000000000171e+02,3.174507227299999954e+02,-4.892187159270833696e+00,-2.054942574546666512e-01
1.472500000000000000e+02,3.438601161600000182e+02,-4.893212183750000221e+00,-7.468701833299999648e-02
1.473000000000000114e+02,3.642675093400000037e+02,-4.894628201041666848e+00,-2.433307312433333480e-01
1.473499999999999943e+02,3.320897819699999900e+02,-4.890762930989583701e+00,-6.322898022153333741e-02
1.474000000000000057e+02,3.493271682100000248e+02,-4.893820772968750177e+00,-2.972668640333333556e-01
1.474500000000000171e+02,3.243434534300000109e+02,-4.892131094062500019e+00,-1.851007618103333308e-01
1.475000000000000000e+02,3.309983120599999893e+02,-4.894035707291666704e+00,-3.751013461699999607e-01
1.475500000000000114e+02,3.277491288900000086e+02,-4.894269975052083055e+00,-1.474257773140000005e-01
1.475999999999999943e+02,3.139395766200000253e+02,-4.892751973072916094e+00,-5.776750407133333098e-01
1.476500000000000057e+02,3.277401353199999789e+02,-4.893137746614583783e+00,3.495412834933333546e-01
1.477000000000000171e+02,3.655079343799999947e+02,-4.893057033854167237e+00,-3.615668626699999888e-01
1.477500000000000000e+02,3.518896401499999911e+02,-4.888455630937500018e+00,-7.947628319376666417e-02
1.478000000000000114e+02,3.710357744099999877e+02,-4.890285524322917077e+00,-3.315976831999999930e-01
1.478499999999999943e+02,3.520418676799999957e+02,-4.888914733593749951e+00,-2.338780328536667064e-01
1.479000000000000057e+02,3.595686382000000094e+02,-4.891705985989583283e+00,-1.948260162653333294e-01
1.479500000000000171e+02,3.742002571300000113e+02,-4.896615574895833767e+00,-1.830444167333332983e-01
1.480000000000000000e+02,3.368484620199999995e+02,-4.894349720729166187e+00,-5.183801433600000452e-01
1.480500000000000114e+02,3.319857604300000276e+02,-4.894518449166667118e+00,-1.948311754906666832e-02
1.480999999999999943e+02,3.157081489799999758e+02,-4.892276292656250192e+00,-4.777934434766666905e-01
1.481500000000000057e+02,3.423184128199999918e+02,-4.894637181250000246e+00,-2.455740916893333348e-01
1.482000000000000171e+02,3.522796746899999789e+02,-4.895215723645833350e+00,-1.633476254229999924e-01
1.482500000000000000e+02,3.336910576199999809e+02,-4.892917682187500006e+00,-5.136799090466666051e-01
1.483000000000000114e+02,3.346600011500000278e+02,-4.893081925468750093e+00,-8.406417666063333016e-02
1.483499999999999943e+02,3.446155972000000247e+02,-4.894467990781250499e+00,-2.710975099393332921e-01
1.484000000000000057e+02,3.527543928900000196e+02,-4.896238697135416373e+00,-5.214479719033333627e-01
1.484500000000000171e+02,3.760501594200000000e+02,-4.900114453645833201e+00,-2.451205445413332795e-01
1.485000000000000000e+02,3.104697504200000253e+02,-4.893518001770833514e+00,-2.444155076343333677e-01
1.485500000000000114e+02,3.344077003799999943e+02,-4.897788747031250445e+00,-2.259297372466666509e-01
1.485999999999999943e+02,3.222196247800000037e+02,-4.897148505260417117e+00,-1.361901198966666560e-01
1.486500000000000057e+02,3.317718909199999757e+02,-4.898914413281249658e+00,-1.959085172498999938e-01
1.487000000000000171e+02,3.098458968300000151e+02,-4.895525029583333243e+00,-2.938240628666666798e-01
1.487500000000000000e+02,3.240068550899999877e+02,-4.893924106979166133e+00,-3.168731639333333128e-01
1.488000000000000114e+02,3.316164995299999987e+02,-4.891253265729166522e+00,-3.112436746566666912e-01
1.488499999999999943e+02,3.451039892100000088e+02,-4.891174417447916589e+00,3.968147297616666513e-01
1.489000000000000057e+02,3.627720023900000115e+02,-4.893044816927083041e+00,-8.098345579000000294e-01
1.489500000000000171e+02,3.258725311399999782e+02,-4.889406800416666421e+00,-3.596634916910000368e-01
1.490000000000000000e+02,3.411157029899999884e+02,-4.892925193072916734e+00,-2.226536963056666707e-01
1.490500000000000114e+02,3.269125889100000109e+02,-4.893273246354167050e+00,-1.126840639463333460e-01
1.490999999999999943e+02,3.271798638199999800e+02,-4.895324928489583449e+00,-4.503864127766667447e-01
1.491500000000000057e+02,3.184039802799999848e+02,-4.896370359427083763e+00,-7.545571467333334059e-02
1.492000000000000171e+02,3.131660839599999804e+02,-4.897596522708333566e+00,-2.768971417966666904e-01
1.492500000000000000e+02,3.122513158099999941e+02,-4.899504829270832751e+00,-3.510826099499666508e-01
1.493000000000000114e+02,3.063846911499999806e+02,-4.900712054895833170e+00,-2.781583410819999935e-01
1.493499999999999943e+02,2.845748303600000213e+02,-4.898406248906249871e+00,-1.572116607366666474e-01
1.494000000000000057e+02,3.027585292399999730e+02,-4.898649481927082938e+00,-2.310338498566666676e-01
1.494500000000000171e+02,3.235184597800000006e+02,-4.897082509114583537e+00,7.884076595633332518e-02
1.495000000000000000e+02,3.385880735900000218e+02,-4.896229202552083493e+00,-2.232355001933333527e-01
1.495500000000000114e+02,3.469034148200000232e+02,-4.896107977083333118e+00,-3.437436458800000039e-02
1.495999999999999943e+02,3.338008926800000040e+02,-4.893891678854166649e+00,-5.209268227500000181e-01
1.496500000000000057e+02,3.086537909599999807e+02,-4.889548969218750152e+00,-2.703085380849999941e-01
1.497000000000000171e+02,3.705775879700000246e+02,-4.894760660885416392e+00,-2.099347779215333595e-02
1.497500000000000000e+02,3.535902673499999764e+02,-4.890546919791666447e+00,-7.501434849466666333e-02
1.498000000000000114e+02,3.576477985800000283e+02,-4.890181196458333268e+00,-3.755677120733333374e-01
1.498499999999999943e+02,3.475350142899999923e+02,-4.889872510468749489e+00,-1.225249199510000109e-01
1.499000000000000057e+02,3.465005771300000106e+02,-4.892226683541666787e+00,2.054994966366665080e-02
1.499500000000000171e+02,3.345682020500000249e+02,-4.894066478802083786e+00,-5.305642834366666172e-01
1.500000000000000000e+02,3.439179531099999849e+02,-4.897424330104166224e+00,-6.442172546959998303e-02
1.500500000000000114e+02,3.408522165399999722e+02,-4.897978520989583195e+00,-7.989561133649999980e-02
1.500999999999999943e+02,3.129434012799999891e+02,-4.894460054479166544e+00,-4.527226674700000064e-01
1.501500000000000057e+02,3.307212346900000171e+02,-4.895686190729166221e+00,-6.285753054166666465e-02
1.502000000000000171e+02,3.078198102000000063e+02,-4.891289551406249991e+00,-2.767213596299999967e-01
1.502500000000000000e+02,3.405969357800000239e+02,-4.893908015312500304e+00,-3.047070208250000078e-01
1.503000000000000114e+02,3.432263756699999817e+02,-4.893310297031249867e+00,-1.083161102406666743e-01
1.503499999999999943e+02,3.478603600600000050e+02,-4.893629347291667209e+00,-1.938704569999999683e-01
1.504000000000000057e+02,3.616159131900000148e+02,-4.895227102864583735e+00,-5.920937727666666373e-01
1.504500000000000171e+02,3.499513893600000074e+02,-4.894193009739583822e+00,-2.555238735099999992e-01
1.505000000000000000e+02,3.431295309500000030e+02,-4.894424177395833020e+00,-4.303139671833333124e-01
1.505500000000000114e+02,3.174178799000000026e+02,-4.891889291822916874e+00,-2.630455312633333056e-02
1.505999999999999943e+02,3.413805227099999797e+02,-4.894300491614583137e+00,-3.610089148466666398e-01
1.506500000000000057e+02,3.531974983499999894e+02,-4.894585654166666799e+00,-4.561028775293333309e-02
1.507000000000000171e+02,3.716920982999999978e+02,-4.896082792395833216e+00,-2.437841024466666784e-01
1.507500000000000000e+02,3.362048303999999916e+02,-4.891460101614582889e+00,-3.531831655073333631e-01
1.508000000000000114e+02,3.548615937000000145e+02,-4.893605469010416265e+00,-4.649122040633333480e-02
1.508499999999999943e+02,3.583744153499999925e+02,-4.894063569218750409e+00,-2.329396513973333305e-01
1.509000000000000057e+02,3.420088692200000082e+02,-4.893358558229166100e+00,5.052757808766666914e-02
1.509500000000000171e+02,3.543634810600000264e+02,-4.897324600416666840e+00,-3.119366896433333203e-01
1.510000000000000000e+02,3.383296864100000221e+02,-4.897715068593750054e+00,-3.207872072766666527e-01
1.510500000000000114e+02,3.230703724699999952e+02,-4.897395252604166416e+00,-5.846161122299999846e-01
1.510999999999999943e+02,3.235793976200000088e+02,-4.897824721927083402e+00,-2.469283443483333285e-01
1.511500000000000057e+02,3.245341248199999882e+02,-4.896673446249999451e+00,-1.958609498673333504e-01
1.512000000000000171e+02,3.436545225799999912e+02,-4.895147298281250059e+00,-4.329233162699999693e-01
1.512500000000000000e+02,3.668242773800000123e+02,-4.894454945312499916e+00,5.393182863433333002e-02
1.513000000000000114e+02,3.609514962900000228e+02,-4.892620254531250268e+00,-4.127868594793333012e-01
1.513499999999999943e+02,3.447339063699999997e+02,-4.890681085885416834e+00,3.933558222799999893e-01
1.514000000000000057e+02,3.562788117599999964e+02,-4.892502839687499439e+00,-5.709264888566666363e-01
1.514500000000000171e+02,3.438860056500000155e+02,-4.891320565572916834e+00,2.118226100433333314e-02
1.515000000000000000e+02,3.491410797699999762e+02,-4.893069782083332875e+00,2.017344260033329412e-03
1.515500000000000114e+02,3.269310890799999925e+02,-4.893177134843750054e+00,-3.565190226833332976e-01
1.515999999999999943e+02,3.178098556400000234e+02,-4.895067345468750553e+00,5.273701308966666224e-02
1.516500000000000057e+02,3.293543111000000181e+02,-4.897731953333333443e+00,-2.866490545216666685e-01
1.517000000000000171e+02,3.293820414799999980e+02,-4.897689901354167041e+00,-1.974763739243333427e-01
1.517500000000000000e+02,3.158373789199999919e+02,-4.895342181354166655e+00,1.146883777109999891e-01
1.518000000000000114e+02,3.175530435599999919e+02,-4.894427127447916526e+00,-2.130907986933333609e-01
1.518499999999999943e+02,3.353274625500000070e+02,-4.895114150364583416e+00,-7.395794137400001078e-02
1.519000000000000057e+02,3.603117742000000021e+02,-4.896323639114583237e+00,-2.684180255933333314e-01
1.519500000000000171e+02,3.643231829000000062e+02,-4.895350300989583125e+00,-3.436043846323333373e-01
1.520000000000000000e+02,3.789370998100000065e+02,-4.897319178750000113e+00,-2.710285782206666716e-01
1.520500000000000114e+02,3.435811199999999985e+02,-4.893502202656249800e+00,-3.277043136125666334e-01
1.520999999999999943e+02,3.416160288799999876e+02,-4.893547384895833297e+00,-4.601776959833333014e-01
1.521500000000000057e+02,3.605587742800000228e+02,-4.896119491510416921e+00,5.604220553666666715e-02
1.522000000000000171e+02,3.057023164799999790e+02,-4.889791563489583659e+00,-2.451328808046666641e-01
1.522500000000000000e+02,3.612241347600000267e+02,-4.896318519947916670e+00,-5.850551261266667691e-02
1.523000000000000114e+02,3.559902674800000000e+02,-4.895707406510417137e+00,-3.164293348666666894e-01
1.523499999999999943e+02,3.225911449199999765e+02,-4.892144451458332988e+00,1.730675942966666825e-02
1.524000000000000057e+02,3.453593884000000003e+02,-4.895271387864583268e+00,-9.850398698279999588e-02
1.524500000000000171e+02,3.549675832600000263e+02,-4.896641657604166475e+00,-3.447574932819999494e-01
1.525000000000000000e+02,3.420183102400000053e+02,-4.895257195416666818e+00,-4.073073764833333166e-01
1.525500000000000114e+02,3.138803707600000052e+02,-4.891998333802082932e+00,-2.569576984999999980e-01
1.525999999999999943e+02,3.324791350400000169e+02,-4.893667284635417225e+00,-6.488332967666665674e-02
1.526500000000000057e+02,3.525949536300000204e+02,-4.894416029999999473e+00,-1.497685128642666508e-01
1.527000000000000171e+02,3.714206746199999998e+02,-4.893154667083333464e+00,-4.954250433166666467e-01
1.527500000000000000e+02,3.624561299599999984e+02,-4.887340613697916503e+00,-8.782074684933331710e-02
1.528000000000000114e+02,3.881007905100000244e+02,-4.888944514895833038e+00,-5.167819009299999822e-01
1.528499999999999943e+02,4.019850287599999774e+02,-4.892268119635416745e+00,7.759748590333333251e-02
1.529000000000000057e+02,3.879170490299999869e+02,-4.893033575572916405e+00,-6.084190871000000334e-02
1.529500000000000171e+02,3.781994521299999974e+02,-4.894448954166667143e+00,-1.990829418739999968e-01
1.530000000000000000e+02,3.521886053000000061e+02,-4.894289578854166933e+00,-1.718151720299999907e-01
1.530500000000000114e+02,3.279640950900000007e+02,-4.893168738020833075e+00,-4.060553567666667085e-01
1.530999999999999943e+02,3.224622722899999872e+02,-4.893022091406249885e+00,7.528751650000008004e-03
1.531500000000000057e+02,3.176591758299999810e+02,-4.892304629531250448e+00,2.918439531866665829e-03
1.532000000000000171e+02,3.353087339200000088e+02,-4.894093773697917094e+00,-4.282566829350000215e-01
1.532500000000000000e+02,3.522413362899999925e+02,-4.895161031979166744e+00,-4.345159994133333536e-01
1.533000000000000114e+02,3.536927878999999848e+02,-4.893604615677083380e+00,2.371012129299999993e-01
1.533499999999999943e+02,3.406275302000000238e+02,-4.889491214322917223e+00,-3.428746237799999985e-01
1.534000000000000057e+02,3.843586661900000081e+02,-4.892378022604166432e+00,-2.394914426366666349e-01
1.534500000000000171e+02,3.792759822099999951e+02,-4.890983478385416916e+00,-3.217214392866665773e-03
1.535000000000000000e+02,3.679005539699999758e+02,-4.891105877343750130e+00,-1.502090502186666787e-01
1.535500000000000114e+02,3.282286461099999997e+02,-4.889786152916666850e+00,1.995867843666671807e-03
1.536000000000000227e+02,3.403131986199999801e+02,-4.893868135989583479e+00,1.280610466529999991e-01
1.536500000000000057e+02,3.276751765700000192e+02,-4.893820841927083443e+00,-1.220843703930000052e-01
1.537000000000000171e+02,3.336255624600000260e+02,-4.895545735312500035e+00,-5.140667871533333849e-02
1.537500000000000000e+02,3.595725075199999878e+02,-4.899739281770833621e+00,-2.679826561366666637e-01
1.538000000000000114e+02,3.259740549300000225e+02,-4.896650986979167008e+00,-1.385368214653333319e-01
1.538500000000000227e+02,3.331603025499999831e+02,-4.898471983593750245e+00,-3.998113633600000050e-01
1.539000000000000057e+02,3.121767221100000143e+02,-4.896255525468750314e+00,-2.823835148959999986e-01
1.539500000000000171e+02,3.316865769300000011e+02,-4.897806374739583468e+00,-2.967374458866666731e-01
1.540000000000000000e+02,3.521514967300000194e+02,-4.898015806250000104e+00,-4.062782476999999837e-01
1.540500000000000114e+02,3.289138310600000068e+02,-4.891967729687499933e+00,-4.795828807266666605e-01
1.541000000000000227e+02,3.401808437199999844e+02,-4.890855783281249813e+00,-4.976404945599999796e-01
1.541500000000000057e+02,3.417462110000000166e+02,-4.889504131666666531e+00,-2.155346246866667037e-01
1.542000000000000171e+02,3.602725069300000200e+02,-4.891250503697916585e+00,-1.926831899436666495e-01
1.542500000000000000e+02,3.565805708400000071e+02,-4.890999295312499662e+00,-2.946538762803332934e-01
1.543000000000000114e+02,3.372924651999999810e+02,-4.889604944427083488e+00,-2.773401444016667106e-01
1.543500000000000227e+02,3.443865065599999866e+02,-4.893047079895833207e+00,-1.589667351816666796e-01
1.544000000000000057e+02,3.445771040000000198e+02,-4.898086422083333780e+00,-1.579016162533333489e-01
1.544500000000000171e+02,2.970717480999999793e+02,-4.893936123489583068e+00,-2.886394240129999678e-01
1.545000000000000000e+02,3.350969737899999927e+02,-4.897908309218750311e+00,-1.338037739126666514e-01
1.545500000000000114e+02,3.236559298799999738e+02,-4.894830465468749559e+00,-2.664436938113333153e-01
1.546000000000000227e+02,3.420733229100000017e+02,-4.895660028697916388e+00,-1.630802053736666868e-01
1.546500000000000057e+02,3.453297291900000232e+02,-4.895037041666666866e+00,-1.490774514433333142e-01
1.547000000000000171e+02,3.395052701100000263e+02,-4.893556180364583064e+00,-3.402841104933333471e-01
1.547500000000000000e+02,3.408690675000000283e+02,-4.893350336562499514e+00,-1.405895227033333306e-01
1.548000000000000114e+02,3.491616643899999985e+02,-4.894516504687500102e+00,6.732580553333329838e-03
1.548500000000000227e+02,3.383996458500000131e+02,-4.893950590000000211e+00,-4.057579742171666393e-01
1.549000000000000057e+02,3.345538183200000049e+02,-4.894823990833333305e+00,-2.129075366693333471e-01
1.549500000000000171e+02,3.494059384299999920e+02,-4.898126813385416334e+00,-2.308955990023333626e-01
1.550000000000000000e+02,3.291844919700000105e+02,-4.897310431354166660e+00,-5.661791481833333695e-01
1.550500000000000114e+02,3.228853460500000097e+02,-4.898135716458333455e+00,-2.029195240199999431e-02
1.551000000000000227e+02,3.041461967100000265e+02,-4.896464175260416773e+00,-1.223291490199999859e-01
1.551500000000000057e+02,3.239173423899999875e+02,-4.897907905677083562e+00,-4.616616334399999411e-01
1.552000000000000171e+02,3.480166489900000215e+02,-4.897502940572916685e+00,-1.564870818893333293e-01
1.552500000000000000e+02,3.516180411999999933e+02,-4.894538463906250136e+00,-7.847035467800000941e-02
1.553000000000000114e+02,3.560505153199999882e+02,-4.892901778020832815e+00,-4.816183810666666704e-02
1.553500000000000227e+02,3.474983664599999997e+02,-4.890877373697916752e+00,1.284637196126666714e-01
1.554000000000000057e+02,3.578965503100000092e+02,-4.893144907916666675e+00,-4.089210180533333627e-01
1.554500000000000171e+02,3.436119057700000212e+02,-4.893508702812499500e+00,-4.707685963066667728e-02
1.555000000000000000e+02,3.198683634600000119e+02,-4.892541894479166764e+00,-5.680380973966666636e-01
1.555500000000000114e+02,3.311619588099999874e+02,-4.894751486510416250e+00,1.677288698833333258e-02
1.556000000000000227e+02,3.561045548899999744e+02,-4.898290931770833190e+00,-2.253451194796666709e-02
1.556500000000000057e+02,3.224985637400000087e+02,-4.894691979270833215e+00,-4.888182092999999728e-01
1.557000000000000171e+02,3.624153107399999953e+02,-4.899404343020833608e+00,-1.671483326999999297e-02
1.557500000000000000e+02,3.482216102699999851e+02,-4.896917551197916829e+00,1.346482828186666703e-01
1.558000000000000114e+02,3.112264559500000018e+02,-4.891914831041666467e+00,-1.920644161033333366e-02
1.558500000000000227e+02,3.322165486700000088e+02,-4.893373526562499798e+00,-5.584310473533333347e-02
1.559000000000000057e+02,3.537276603299999920e+02,-4.894930419635416641e+00,-4.578788232199999531e-01
1.559500000000000171e+02,3.473147935299999745e+02,-4.893888457760416699e+00,-1.202368234806666658e-01
1.560000000000000000e+02,3.335566686000000232e+02,-4.892193053229166644e+00,-1.775762555233333095e-01
1.560500000000000114e+02,3.443105714399999897e+02,-4.892953567760416789e+00,-3.312375393533333323e-01
1.561000000000000227e+02,3.488722022499999866e+02,-4.892822700260416546e+00,5.449151382433333607e-02
1.561500000000000057e+02,3.561368234500000085e+02,-4.894171916874999972e+00,-5.630032377533332744e-01
1.562000000000000171e+02,3.350706797400000028e+02,-4.893326431458333126e+00,-1.051977945299999995e-01
1.562500000000000000e+02,3.287639631299999792e+02,-4.894651334999999825e+00,-1.807511493936666547e-01
1.563000000000000114e+02,3.260239919399999735e+02,-4.895963838072916907e+00,-4.134849389833333277e-01
1.563500000000000227e+02,2.936392857700000150e+02,-4.892954462447916875e+00,1.612479247996666532e-01
1.564000000000000057e+02,3.066585383799999818e+02,-4.894291484635416190e+00,-3.584165065533332917e-01
1.564500000000000171e+02,3.562885937899999931e+02,-4.897186184062499947e+00,-2.401828490855666687e-01
1.565000000000000000e+02,3.292574986000000195e+02,-4.889130410624999534e+00,5.706953643333304016e-04
1.565500000000000114e+02,3.816900794700000006e+02,-4.894405017812499814e+00,-2.848793365866666427e-01
1.566000000000000227e+02,3.499298086300000250e+02,-4.891325950104167042e+00,5.564584659800000249e-02
1.566500000000000057e+02,3.383591426200000001e+02,-4.892097562500000052e+00,9.489607022000004846e-03
1.567000000000000171e+02,3.302523386699999719e+02,-4.893226979270833610e+00,1.369731824193333447e-01
1.567500000000000000e+02,3.556522385399999848e+02,-4.898108454010416501e+00,1.688401069129999987e-01
1.568000000000000114e+02,3.012702830999999719e+02,-4.892901075468750527e+00,1.872711237933333273e-01
1.568500000000000227e+02,3.151158510800000272e+02,-4.894469478697916820e+00,6.214178850999999525e-03
1.569000000000000057e+02,3.534504199099999937e+02,-4.897948710104166103e+00,-1.186650590790000043e-01
1.569500000000000171e+02,3.562982013399999914e+02,-4.897254562031250202e+00,-4.297354426700000229e-01
1.570000000000000000e+02,3.657907846300000188e+02,-4.897695362291666576e+00,-1.365520240003333385e-01
1.570500000000000114e+02,3.218957497100000182e+02,-4.891749025989583721e+00,-1.596281385666666608e-01
1.571000000000000227e+02,3.490608361000000173e+02,-4.894065103645833581e+00,8.307806240566678602e-03
1.571500000000000057e+02,3.384153580000000261e+02,-4.890935553854166784e+00,-2.813861207520000352e-01
1.572000000000000171e+02,3.490058983600000033e+02,-4.889868895364583246e+00,3.176153028166666531e-02
1.572500000000000000e+02,3.634484586300000046e+02,-4.889494592760416758e+00,-1.235603033826666586e-01
1.573000000000000114e+02,3.770944200199999727e+02,-4.891196222968750007e+00,-1.664438450183333418e-01
1.573500000000000227e+02,3.495353087799999798e+02,-4.890310656822916435e+00,3.798309612600000301e-02
1.574000000000000057e+02,3.501028248599999984e+02,-4.894280881406250394e+00,3.362194106933334009e-02
1.574500000000000171e+02,3.078212684399999830e+02,-4.890836315937499457e+00,-5.788037780600000515e-01
1.575000000000000000e+02,3.576230692799999815e+02,-4.897183781822916693e+00,-1.859705600416666771e-01
1.575500000000000114e+02,3.153577081700000235e+02,-4.891980202187499849e+00,3.012950783666666285e-02
1.576000000000000227e+02,3.401646332799999755e+02,-4.894919184427083181e+00,-3.157224638466666344e-01
1.576500000000000057e+02,3.415372620800000050e+02,-4.895392032656249448e+00,-2.601842870899999660e-01
1.577000000000000171e+02,2.878181430999999861e+02,-4.889083412239583204e+00,-5.325877826133333937e-01
1.577500000000000000e+02,3.223936289100000181e+02,-4.891716602760416421e+00,-1.469180471374000041e-01
1.578000000000000114e+02,3.487976952299999880e+02,-4.891126720520833082e+00,-1.417134942616666560e-01
1.578500000000000227e+02,3.677420009699999923e+02,-4.891236141197916609e+00,3.114649577566667646e-02
1.579000000000000057e+02,3.584921138700000256e+02,-4.890160902656250030e+00,-4.078972312299999903e-01
1.579500000000000171e+02,3.601172478299999966e+02,-4.892429682395833090e+00,-2.633027745170000156e-01
1.580000000000000000e+02,3.490078612500000190e+02,-4.894046091197917114e+00,-3.674936752399999840e-01
1.580500000000000114e+02,3.303278376499999922e+02,-4.894018775781249886e+00,5.731569269999999688e-02
1.581000000000000227e+02,3.482803602600000090e+02,-4.897859897187499811e+00,-8.547081255266665567e-02
1.581500000000000057e+02,3.252186755000000176e+02,-4.895990902708333259e+00,-2.101731615123333397e-01
1.582000000000000171e+02,3.268617711100000065e+02,-4.895982899635416885e+00,4.373019914560000165e-02
1.582500000000000000e+02,3.386566878300000099e+02,-4.895827615885417039e+00,-5.561307931633333035e-02
1.583000000000000114e+02,3.440540597199999979e+02,-4.893956711458333331e+00,-2.330514099526666827e-01
1.583500000000000227e+02,3.273113751899999784e+02,-4.888418882916666597e+00,-4.322720372033333341e-02
1.584000000000000057e+02,3.581103451899999754e+02,-4.889940256770833216e+00,-9.238940021866669239e-02
1.584500000000000171e+02,3.565158244500000251e+02,-4.889482340156249940e+00,8.559220027730000957e-02
1.585000000000000000e+02,3.715159128299999907e+02,-4.892786861718749769e+00,-3.175193275579999974e-01
1.585500000000000114e+02,3.378234743599999774e+02,-4.890943585729166543e+00,3.103225177873332741e-01
1.586000000000000227e+02,3.287994169599999736e+02,-4.891284472083333057e+00,-2.918880705583333235e-01
1.586500000000000057e+02,3.677639313099999754e+02,-4.896902153750000153e+00,-4.858433232266666235e-01
1.587000000000000171e+02,3.095718195599999945e+02,-4.890432533489582845e+00,-2.276101999733333159e-01
1.587500000000000000e+02,3.516429627100000062e+02,-4.896065810833333920e+00,-2.087351191266666739e-01
1.588000000000000114e+02,3.332651727300000175e+02,-4.893835409010416804e+00,-1.718481448419999780e-01
1.588500000000000227e+02,3.495136771599999861e+02,-4.895137733177083561e+00,-3.876540248369999553e-01
1.589000000000000057e+02,3.544487688400000138e+02,-4.893674982239583748e+00,-1.984605281969999968e-01
1.589500000000000171e+02,3.868737392900000032e+02,-4.894177944427083204e+00,-3.888193364866667223e-01
1.590000000000000000e+02,3.545196655899999882e+02,-4.887847215989583383e+00,-3.326681089629999755e-01
1.590500000000000114e+02,3.577985183800000186e+02,-4.887871160520833591e+00,-4.981087025856667516e-02
1.591000000000000227e+02,3.567155701400000112e+02,-4.888972803854167104e+00,1.361266775949999952e-01
1.591500000000000057e+02,3.419239968699999963e+02,-4.889688829843749751e+00,-2.597595595156666493e-01
1.592000000000000171e+02,3.402796119800000270e+02,-4.892274573020833905e+00,-4.988085808033334428e-02
1.592500000000000000e+02,3.534627606799999739e+02,-4.895854218541666469e+00,-1.707765566976666705e-01
1.593000000000000114e+02,3.184418329900000231e+02,-4.892015279531249483e+00,-6.179329750066666488e-02
1.593500000000000227e+02,3.442862482300000124e+02,-4.894968925677082972e+00,-1.936997844533333291e-01
1.594000000000000057e+02,3.564856106999999952e+02,-4.896199337291666787e+00,-3.235664734152333133e-01
1.594500000000000171e+02,3.545970001300000263e+02,-4.895726991302082887e+00,-2.889763187639999842e-01
1.595000000000000000e+02,3.658102923399999895e+02,-4.897461570677083209e+00,-1.258755600593333412e-01
1.595500000000000114e+02,3.320894844200000193e+02,-4.895189026562499990e+00,-6.432700101200000686e-01
1.596000000000000227e+02,2.948082008900000233e+02,-4.894946734374999942e+00,8.708339616466666266e-02
1.596500000000000057e+02,2.945735131399999887e+02,-4.897499359270833352e+00,-2.873699725766666324e-01
1.597000000000000171e+02,3.160462568099999885e+02,-4.899948777760417151e+00,-2.011603053599999857e-01
1.597500000000000000e+02,3.243255394700000238e+02,-4.899504389531250226e+00,-5.137059542600000972e-01
1.598000000000000114e+02,3.381422914199999923e+02,-4.899095882916666866e+00,2.507331721500000166e-02
1.598500000000000227e+02,3.160208236400000033e+02,-4.893880536197916520e+00,-1.139824743546666852e-01
1.599000000000000057e+02,3.090302792200000113e+02,-4.890406656249999706e+00,1.815058877476666555e-01
1.599500000000000171e+02,3.526091381100000035e+02,-4.893528473854166450e+00,4.460065738333342418e-03
1.600000000000000000e+02,3.336796042500000112e+02,-4.890062920312499450e+00,-1.462293771460000114e-01
1.600500000000000114e+02,3.482276884799999834e+02,-4.891237916614583625e+00,-2.266959683106666568e-01
1.601000000000000227e+02,3.380599574899999880e+02,-4.889508051770833141e+00,-1.566465694166666589e-01
1.601500000000000057e+02,3.512185106000000019e+02,-4.891367349114583263e+00,5.805638004066667607e-02
1.602000000000000171e+02,3.537473937400000068e+02,-4.893645887760416535e+00,1.017981742589999933e-01
1.602500000000000000e+02,3.387548838600000067e+02,-4.895866376510416451e+00,-5.028140383233332678e-01
1.603000000000000114e+02,3.135504569600000195e+02,-4.894894251666666918e+00,-6.967992905833332584e-02
1.603500000000000227e+02,3.493101583600000026e+02,-4.899933823437500280e+00,-2.769663802796666907e-01
1.604000000000000057e+02,3.021657970599999885e+02,-4.893857655104166149e+00,-1.169134797783333291e-01
1.604500000000000171e+02,3.339280036200000268e+02,-4.896322932031250019e+00,-1.121501037493333186e-01
1.605000000000000000e+02,3.395597225600000115e+02,-4.894725819843750436e+00,-9.074133450833334058e-02
1.605500000000000114e+02,3.464896753900000022e+02,-4.893480092031249562e+00,-2.213512723103333302e-01
1.606000000000000227e+02,3.452118967299999781e+02,-4.891272633489583299e+00,-1.687171426136666874e-01
1.606500000000000057e+02,3.546091564899999753e+02,-4.890864680781249696e+00,-5.327868617799999540e-02
1.607000000000000171e+02,3.264402430200000254e+02,-4.886703296666666141e+00,7.637494312800000018e-02
1.607500000000000000e+02,3.437733772799999770e+02,-4.889085775052083527e+00,-6.235536891166666429e-01
1.608000000000000114e+02,3.231724114900000018e+02,-4.888280633697916322e+00,2.948084766206666707e-01
1.608500000000000227e+02,3.435343152500000201e+02,-4.893743348385416247e+00,-4.011106578333333839e-01
1.609000000000000057e+02,3.129540284400000019e+02,-4.892141199531249818e+00,-3.594032462150000273e-01
1.609500000000000171e+02,3.205601800700000013e+02,-4.893609170052083179e+00,-2.575558965066666595e-01
1.610000000000000000e+02,3.197552218600000060e+02,-4.892533394895833609e+00,-6.965094295899999510e-01
1.610500000000000114e+02,3.321573022300000275e+02,-4.891517188229166813e+00,-1.958832688570000258e-01
1.611000000000000227e+02,3.455120789100000138e+02,-4.890285887916666852e+00,1.751669631666666338e-02
1.611500000000000057e+02,3.557531740300000251e+02,-4.890424549166666246e+00,-9.375522805866669251e-02
1.612000000000000171e+02,3.514451690899999790e+02,-4.889863175208333246e+00,-3.911958272033332906e-01
1.612500000000000000e+02,3.615770154300000172e+02,-4.891687082499999839e+00,-9.120368907333331610e-02
1.613000000000000114e+02,3.346609829600000126e+02,-4.889262570677083808e+00,-3.972833450276666567e-01
1.613500000000000227e+02,3.473743751499999917e+02,-4.891625722343749594e+00,-5.954550483599999611e-01
1.614000000000000057e+02,3.677068747899999721e+02,-4.895284859270833344e+00,8.777312872666664934e-02
1.614500000000000171e+02,3.142901995600000191e+02,-4.890882785572916447e+00,-6.085721049433333585e-01
1.615000000000000000e+02,3.349856435500000202e+02,-4.896272570572916649e+00,-1.887711988333336645e-03
1.615500000000000114e+02,3.173307651900000224e+02,-4.896909707604167217e+00,-5.199382260666666200e-01
1.616000000000000227e+02,2.947141167099999848e+02,-4.895311816041666653e+00,1.205577130119999812e-01
1.616500000000000057e+02,3.234682015600000113e+02,-4.897953211354166392e+00,-5.324928018200000279e-01
1.617000000000000171e+02,3.099012559600000145e+02,-4.893399287760416883e+00,-3.271899112189999848e-01
1.617500000000000000e+02,3.331083953799999904e+02,-4.893467973749999977e+00,-4.607665991133333416e-01
1.618000000000000114e+02,3.322082343999999807e+02,-4.891968361093749884e+00,3.409798962000001182e-02
1.618500000000000227e+02,3.508212546099999827e+02,-4.893304368020833017e+00,-4.657721377666661049e-03
1.619000000000000057e+02,3.614327786000000060e+02,-4.894782486041666658e+00,3.394428405600000836e-02
1.619500000000000171e+02,3.127438821599999983e+02,-4.889463908281249438e+00,-3.636532459399999806e-01
1.620000000000000000e+02,3.500096058999999968e+02,-4.894388308802082754e+00,6.314530319133333791e-02
1.620500000000000114e+02,3.661153633299999797e+02,-4.896416905520832863e+00,2.073475523966666623e-01
1.621000000000000227e+02,3.564502932500000156e+02,-4.896552319895833172e+00,-1.412598647166666554e-01
1.621500000000000057e+02,3.036588420900000074e+02,-4.892983448854166362e+00,5.783912492000000544e-02
1.622000000000000171e+02,3.305257506699999794e+02,-4.898716847031249877e+00,-5.679060632500000372e-01
1.622500000000000000e+02,3.241107024300000035e+02,-4.898789572552083804e+00,1.653780174540000203e-01
1.623000000000000114e+02,3.167502603199999953e+02,-4.897018011354166589e+00,-2.382528156066666403e-01
1.623500000000000227e+02,3.550794757799999957e+02,-4.899433578750000073e+00,2.792645889833332909e-02
1.624000000000000057e+02,3.365150154699999803e+02,-4.894794380572916381e+00,-8.470215643133333083e-02
1.624500000000000171e+02,3.301074575499999924e+02,-4.891840165364583548e+00,-5.860813987666666641e-02
1.625000000000000000e+02,3.362021043899999881e+02,-4.890909650416666921e+00,-6.822974303166666477e-02
1.625500000000000114e+02,3.653924574700000107e+02,-4.893943431874999916e+00,-1.167324102933333246e-01
1.626000000000000227e+02,3.435736513599999853e+02,-4.891316168489583838e+00,-2.228412563143332970e-01
1.626500000000000057e+02,3.409030177099999719e+02,-4.891102538802083011e+00,-1.443134921866666420e-01
1.627000000000000171e+02,3.412565348100000051e+02,-4.891320427031249807e+00,1.278072546799999265e-02
1.627500000000000000e+02,3.533004575400000249e+02,-4.893365102968750158e+00,-2.232409021266666682e-01
1.628000000000000114e+02,3.282864101800000185e+02,-4.891980345781250072e+00,-2.581285884623333304e-01
1.628500000000000227e+02,3.229504507099999842e+02,-4.894008148697916560e+00,-8.906422245333329990e-02
1.629000000000000057e+02,3.290127849300000094e+02,-4.897442139739583311e+00,-1.872446068793333362e-01
1.629500000000000171e+02,2.880380616099999997e+02,-4.894428412812500184e+00,-4.494556675733332729e-01
1.630000000000000000e+02,2.902511716299999875e+02,-4.895470003906249978e+00,8.782463877200001601e-02
1.630500000000000114e+02,3.142078943899999786e+02,-4.896481970885417034e+00,-3.705734538100000086e-01
1.631000000000000227e+02,3.222123317699999916e+02,-4.892970888072916580e+00,2.713684344799999759e-01
1.631500000000000057e+02,3.731099749900000120e+02,-4.896925080104166383e+00,-3.544321125433333441e-01
1.632000000000000171e+02,3.542799515599999722e+02,-4.894173021302083093e+00,-1.943840374233333224e-01
1.632500000000000000e+02,3.598026680400000146e+02,-4.895562621093749733e+00,-4.871233430999999565e-03
1.633000000000000114e+02,3.503805306500000256e+02,-4.895508688020833610e+00,-1.437427592966666369e-02
1.633500000000000227e+02,3.290531928799999832e+02,-4.894410703437499954e+00,-1.241932955500000130e-01
1.634000000000000057e+02,3.104159118000000035e+02,-4.893413041197916868e+00,-2.220562986796666693e-01
1.634500000000000171e+02,3.190991847299999904e+02,-4.894722428385416713e+00,-3.074152286930000311e-01
1.635000000000000000e+02,3.345929388100000210e+02,-4.894905181614583434e+00,-6.933354248999999692e-02
1.635500000000000114e+02,3.568302461399999856e+02,-4.893552543541666466e+00,-6.229005499699999393e-02
1.636000000000000227e+02,3.506871131999999989e+02,-4.890191827499999810e+00,1.107491887359999955e-01
1.636500000000000057e+02,3.395432903299999907e+02,-4.887946186979166718e+00,-3.118433586866666829e-01
1.637000000000000171e+02,3.659747710699999743e+02,-4.891515854687500386e+00,1.401763220296666501e-01
1.637500000000000000e+02,3.418280497800000148e+02,-4.890779183802083097e+00,-2.011608695043333450e-01
1.638000000000000114e+02,3.424502425000000017e+02,-4.893595477968750274e+00,-1.605640551800000260e-01
1.638500000000000227e+02,3.394486604499999771e+02,-4.895152383437499921e+00,-2.756680437579999698e-01
1.639000000000000057e+02,3.408631850300000110e+02,-4.896846247916666783e+00,-3.013335152333333489e-01
1.639500000000000171e+02,3.372723494200000118e+02,-4.897536991718749455e+00,-1.559794568333333353e-01
1.640000000000000000e+02,3.043213980400000196e+02,-4.893743767187499927e+00,1.608196076823333320e-01
1.640500000000000114e+02,3.183250394199999960e+02,-4.894371418072917201e+00,-1.912739990746666618e-01
1.641000000000000227e+02,3.429416056800000092e+02,-4.894607757031249839e+00,-2.899541448833333201e-01
1.641500000000000057e+02,3.053322424300000080e+02,-4.887284366406249525e+00,-4.299921635180000146e-01
1.642000000000000171e+02,3.317778731899999798e+02,-4.888916735416667159e+00,-6.924521426666755417e-04
1.642500000000000000e+02,3.435722898000000214e+02,-4.889911761562499848e+00,-3.897035987733333262e-01
1.643000000000000114e+02,3.900280243600000176e+02,-4.896021594427083734e+00,-3.417691939233332560e-02
1.643500000000000227e+02,3.113967913500000009e+02,-4.887405476822916484e+00,-2.199290991793333427e-01
1.644000000000000057e+02,3.598131866200000104e+02,-4.894556333072916487e+00,-3.339470532313333351e-01
1.644500000000000171e+02,3.226057889200000091e+02,-4.890174260000000217e+00,-4.435772002666666936e-01
1.645000000000000000e+02,3.282118752599999993e+02,-4.890432090052082792e+00,-2.114274634263333397e-01
1.645500000000000114e+02,3.243008211000000074e+02,-4.889058892343750351e+00,-9.751859736333330642e-02
1.646000000000000227e+02,3.237637644199999727e+02,-4.888041715729166903e+00,-2.588492042533333537e-01
1.646500000000000057e+02,3.655127765600000203e+02,-4.892329049843749722e+00,-2.220790497566666744e-01
1.647000000000000171e+02,3.691399905100000183e+02,-4.893063484375000272e+00,4.130455147166666591e-02
1.647500000000000000e+02,3.425780328999999824e+02,-4.891762887812499905e+00,-7.134673919933333386e-02
1.648000000000000114e+02,3.319765946900000131e+02,-4.894352280156249790e+00,-3.151181518799999748e-01
1.648500000000000227e+02,3.145980821800000058e+02,-4.894966373229166834e+00,-1.798506684456666616e-01
1.649000000000000057e+02,3.224220983499999988e+02,-4.896621962708333164e+00,-2.457942758183333520e-01
1.649500000000000171e+02,3.223191962000000217e+02,-4.896184578385416764e+00,1.284461165287453521e-01
1.650000000000000000e+02,3.289525110100000234e+02,-4.895625270468749513e+00,-1.943580758733333413e-01
1.650500000000000114e+02,3.395858792199999812e+02,-4.894707882604167004e+00,-1.420332350070000194e-01
1.651000000000000227e+02,3.384678152999999838e+02,-4.892740228854166595e+00,-3.608856677151333625e-01
1.651500000000000057e+02,3.383017165200000136e+02,-4.892053714843750178e+00,-2.216271336756666654e-01
1.652000000000000171e+02,3.273714933599999881e+02,-4.890285629687499913e+00,-1.123230875633333264e-01
1.652500000000000000e+02,3.502170818700000154e+02,-4.891538872552083639e+00,-1.159825653581999932e-01
1.653000000000000114e+02,3.575552091499999960e+02,-4.888825837083333070e+00,-1.528204632036666843e-01
1.653500000000000227e+02,3.738106348900000171e+02,-4.888088304687499885e+00,-2.487921395133333435e-01
1.654000000000000057e+02,3.725404463200000009e+02,-4.887563848750000162e+00,-6.826580718333333797e-01
1.654500000000000171e+02,3.703699134799999797e+02,-4.888842051666666855e+00,4.322298848533332599e-02
1.655000000000000000e+02,3.583131027499999846e+02,-4.891059604687499451e+00,-1.324241166646333290e-01
1.655500000000000114e+02,3.658800950199999988e+02,-4.895398939427082929e+00,-2.883292218900000425e-01
1.656000000000000227e+02,3.398497625599999878e+02,-4.893592446093749437e+00,-2.205930956999999915e-01
1.656500000000000057e+02,3.570186300500000129e+02,-4.896262304999999593e+00,-1.676758885736666649e-01
1.657000000000000171e+02,3.441597991599999773e+02,-4.895247936354166107e+00,-3.147657574666666291e-01
1.657500000000000000e+02,3.046859242099999960e+02,-4.890965625520833804e+00,1.153473115599999987e-01
1.658000000000000114e+02,3.315501489100000185e+02,-4.894743144166667115e+00,-2.953639600333333726e-01
1.658500000000000227e+02,3.183615783100000272e+02,-4.893100867083333583e+00,2.173835079266666914e-01
1.659000000000000057e+02,3.622642892499999903e+02,-4.897259237812499499e+00,-2.587411588833333220e-01
1.659500000000000171e+02,3.533372779499999865e+02,-4.894437332187499656e+00,3.820564872500000625e-02
1.660000000000000000e+02,3.361607816000000071e+02,-4.891504905989583207e+00,2.187660118206666837e-01
1.660500000000000114e+02,3.456923046200000158e+02,-4.892611656249999719e+00,-3.952438370543333579e-01
1.661000000000000227e+02,3.552625132200000166e+02,-4.893818703125000447e+00,9.654106724099999204e-02
1.661500000000000057e+02,3.179113791099999844e+02,-4.889802757500000041e+00,-2.908326372676666716e-01
1.662000000000000171e+02,3.461207777299999861e+02,-4.893784628906249878e+00,-3.157864711013333436e-01
1.662500000000000000e+02,3.821992078399999855e+02,-4.898520753958333529e+00,-3.889471399133332952e-01
1.663000000000000114e+02,3.309673526999999922e+02,-4.893937508177082840e+00,-1.709910278606666667e-01
1.663500000000000227e+02,3.156217145499999788e+02,-4.894416887708333164e+00,1.029795899839999890e-01
1.664000000000000057e+02,3.166706910899999912e+02,-4.896082536406249908e+00,-2.620113028516666831e-01
1.664500000000000171e+02,3.309938656400000241e+02,-4.897825116979166893e+00,-1.427507188000001368e-03
1.665000000000000000e+02,3.239840966300000105e+02,-4.895014997760417153e+00,-3.281322199933334183e-02
1.665500000000000114e+02,3.437999044700000013e+02,-4.893970464010416244e+00,3.164767217699999968e-02
1.666000000000000227e+02,3.259987569699999881e+02,-4.890017828281250090e+00,2.297928334453333277e-01
1.666500000000000057e+02,3.628128277600000047e+02,-4.894294591510417014e+00,-4.529961636033332795e-01
1.667000000000000171e+02,3.612279025600000182e+02,-4.894905757812499481e+00,4.117901225300000384e-02
1.667500000000000000e+02,3.426206444399999782e+02,-4.893910904739583678e+00,-3.130831824570000088e-01
1.668000000000000114e+02,3.333814566099999865e+02,-4.893946836354166940e+00,-1.267276853326666508e-01
1.668500000000000227e+02,3.286593034200000147e+02,-4.894002174531249416e+00,-2.241135736413333301e-01
1.669000000000000057e+02,3.621856382199999871e+02,-4.898188859010416785e+00,-2.199630277443333226e-01
1.669500000000000171e+02,3.098929075699999771e+02,-4.891729267552083371e+00,-2.244907519731333123e-01
1.670000000000000000e+02,3.394075317100000007e+02,-4.894411440416666537e+00,-2.529625613600000045e-01
1.670500000000000114e+02,3.495289686799999913e+02,-4.893255785260416602e+00,-2.619227854003333689e-01
1.671000000000000227e+02,3.560402361700000142e+02,-4.892204498958332870e+00,1.103504874296666743e-01
1.671500000000000057e+02,3.429696321499999954e+02,-4.889838529791666666e+00,6.889431915700000575e-02
1.672000000000000171e+02,3.489277229400000238e+02,-4.890570948333333057e+00,-4.998444188933334059e-02
1.672500000000000000e+02,3.328746418100000142e+02,-4.889540235000000123e+00,-2.902511841733333431e-01
1.673000000000000114e+02,3.607056056999999782e+02,-4.895694128645833310e+00,-3.736611401866666848e-01
1.673500000000000227e+02,3.109317025500000113e+02,-4.893222605104166512e+00,-2.619857339400000207e-01
1.674000000000000057e+02,2.945982765200000131e+02,-4.892551526874999723e+00,-3.000528657199999505e-01
1.674500000000000171e+02,3.238965115400000059e+02,-4.895538606354166156e+00,-2.256835754033333641e-01
1.675000000000000000e+02,3.227146730299999717e+02,-4.893242121614583162e+00,-3.761784144566666654e-01
1.675500000000000114e+02,3.506943353799999841e+02,-4.894072825885416478e+00,-2.795667106593333062e-01
1.676000000000000227e+02,3.434559169699999757e+02,-4.891708638489583372e+00,-3.720094569166667031e-01
1.676500000000000057e+02,3.578230422999999973e+02,-4.892980416874999960e+00,-2.569030967520000153e-01
1.677000000000000171e+02,3.536122323800000231e+02,-4.892379201249999809e+00,-5.014956833609999221e-01
1.677500000000000000e+02,3.664447693500000014e+02,-4.894563790781250034e+00,-7.705641404133332928e-02
1.678000000000000114e+02,3.277021145599999841e+02,-4.892012464947916861e+00,-3.166801146496666108e-01
1.678500000000000227e+02,3.319387647799999854e+02,-4.894666573593750236e+00,-5.127483086566667070e-02
1.679000000000000057e+02,3.314452729100000283e+02,-4.895405721406249633e+00,-4.111916605506666933e-01
1.679500000000000171e+02,3.559883041400000252e+02,-4.898177513802083105e+00,-4.606489253533332939e-01
1.680000000000000000e+02,3.162741502399999831e+02,-4.892408791614583308e+00,-1.871579897546666871e-01
1.680500000000000114e+02,3.483135982700000000e+02,-4.894887211041666575e+00,-6.564525817099999827e-01
1.681000000000000227e+02,3.416949744600000258e+02,-4.891916919322916613e+00,2.490799434706666426e-01
1.681500000000000057e+02,3.393098364900000092e+02,-4.889448582500000029e+00,5.323006335666665562e-02
1.682000000000000171e+02,3.587670754000000102e+02,-4.890900530052083361e+00,-3.053943098933333267e-01
1.682500000000000000e+02,3.428028165100000137e+02,-4.889436081197916728e+00,-3.262813660723666853e-01
1.683000000000000114e+02,3.580613238899999828e+02,-4.894074391927083489e+00,-1.936874626963333013e-01
1.683500000000000227e+02,3.321229294199999913e+02,-4.895717734062499993e+00,-9.811452079866667120e-02
1.684000000000000057e+02,3.268839423499999839e+02,-4.897215116354166398e+00,-2.231013631133333119e-01
1.684500000000000171e+02,3.087055892700000186e+02,-4.895187848229166860e+00,-1.620342802003333083e-01
1.685000000000000000e+02,3.340453442099999961e+02,-4.896941612083333339e+00,-2.441799236743333046e-01
1.685500000000000114e+02,3.261848266200000239e+02,-4.893918681406249860e+00,-2.257726749133333044e-01
1.686000000000000227e+02,3.219965380599999776e+02,-4.891100240885417172e+00,-7.167514333299999929e-02
1.686500000000000057e+02,3.536222249699999907e+02,-4.892959174895833208e+00,-2.365406526900000125e-02
1.687000000000000171e+02,3.517017399900000214e+02,-4.891815550989583095e+00,1.466392386043333385e-01
1.687500000000000000e+02,3.618154521100000238e+02,-4.893158574739583599e+00,-5.283632681333333414e-01
1.688000000000000114e+02,3.475428734500000019e+02,-4.892216601510416929e+00,1.410140339003333465e-01
1.688500000000000227e+02,3.474961407499999950e+02,-4.892883738020833206e+00,-2.572434952600000102e-01
1.689000000000000057e+02,3.174908827599999768e+02,-4.889102129843750255e+00,-2.544643349333000071e-01
1.689500000000000171e+02,3.398048443600000041e+02,-4.891592966614583204e+00,-3.665601657700000016e-01
1.690000000000000000e+02,3.490332383300000174e+02,-4.892733471249999688e+00,-3.822275599033333471e-01
1.690500000000000114e+02,3.484805865600000061e+02,-4.892648743593750460e+00,-4.354006739899999867e-01
1.691000000000000227e+02,3.359546725600000059e+02,-4.891073078906249982e+00,1.692990553999999467e-02
1.691500000000000057e+02,3.632130114899999853e+02,-4.895029578958333794e+00,-1.128690258453333289e-01
1.692000000000000171e+02,3.211048850700000230e+02,-4.891466966145833872e+00,-3.232308276066666597e-01
1.692500000000000000e+02,3.198168586400000208e+02,-4.892521698177083600e+00,-2.158247634133333148e-01
1.693000000000000114e+02,3.229700026900000012e+02,-4.893069481145833066e+00,2.021045372666667103e-02
1.693500000000000227e+02,3.484633276199999727e+02,-4.895385409479167116e+00,-4.704371338133333524e-01
1.694000000000000057e+02,3.313129131399999778e+02,-4.891051851927083582e+00,-2.712763475863333440e-01
1.694500000000000171e+02,3.420694836000000123e+02,-4.888790517083333675e+00,-4.372554611366666344e-01
1.695000000000000000e+02,3.301325675499999761e+02,-4.884979882135416673e+00,-2.671135246986667267e-01
1.695500000000000114e+02,3.466136222900000234e+02,-4.886615088281249797e+00,-9.447226875700000248e-02
1.696000000000000227e+02,3.824243447599999968e+02,-4.892303302447916558e+00,-5.069546717133333047e-01
1.696500000000000057e+02,3.412074861599999736e+02,-4.890354661822916782e+00,-3.481035120900000113e-01
1.697000000000000171e+02,3.109647490699999821e+02,-4.888886556145833673e+00,-6.837900593100000313e-01
1.697500000000000000e+02,3.151709722800000009e+02,-4.889631626718750290e+00,-7.499346293399998531e-02
1.698000000000000114e+02,3.654716546899999798e+02,-4.895370125260416927e+00,-1.941586166066666674e-01
1.698500000000000227e+02,3.530874730699999873e+02,-4.893727827447916567e+00,-2.577548291523333313e-01
1.699000000000000057e+02,3.469513575099999798e+02,-4.893321150260416807e+00,9.995549085700000669e-02
1.699500000000000171e+02,3.540122678199999768e+02,-4.894652090260416699e+00,-2.738727891917999702e-01
1.700000000000000000e+02,3.382406252399999858e+02,-4.893188915833333041e+00,-1.325425970136666631e-01
1.700500000000000114e+02,3.281088926599999809e+02,-4.891992963489583346e+00,-8.146822631066666376e-02
1.701000000000000227e+02,3.375048977000000150e+02,-4.892891537343749597e+00,-1.750652255306666960e-01
1.701500000000000057e+02,3.408658498199999940e+02,-4.892820849583332965e+00,-2.264956521099999731e-01
1.702000000000000171e+02,3.559582968700000265e+02,-4.894555026354166394e+00,3.059955044233333421e-01
1.702500000000000000e+02,3.473384057999999754e+02,-4.894492732760416409e+00,-3.724805173400000391e-01
1.703000000000000114e+02,3.240580603199999814e+02,-4.894057358906249711e+00,-3.177676004400000614e-02
1.703500000000000227e+02,3.275817747199999985e+02,-4.897725447708332958e+00,-1.577646803466666581e-01
1.704000000000000057e+02,3.086927860900000269e+02,-4.897269421822916691e+00,-1.240915772876666767e-01
1.704500000000000171e+02,2.967801929999999970e+02,-4.895470251927083183e+00,-3.190408186573333027e-01
1.705000000000000000e+02,3.264591559099999927e+02,-4.897319591250000492e+00,-5.761205074733332099e-01
1.705500000000000114e+02,3.436800259099999835e+02,-4.898126034322916489e+00,-1.458259098973333223e-01
1.706000000000000227e+02,3.038553552399999944e+02,-4.892084909895833000e+00,-2.630063722933333459e-01
1.706500000000000057e+02,3.535463116999999897e+02,-4.896602044531250364e+00,-4.113169661433333513e-01
1.707000000000000171e+02,3.007876488200000153e+02,-4.888265028177083416e+00,4.786957360000000834e-03
1.707500000000000000e+02,3.688761335199999962e+02,-4.894959251458333327e+00,-9.767931166733333226e-02
1.708000000000000114e+02,3.458370386199999871e+02,-4.891102419166666770e+00,-8.670777358566666981e-02
1.708500000000000227e+02,3.587070307500000013e+02,-4.892718851770832877e+00,-1.426109571443333335e-01
1.709000000000000057e+02,3.657150656499999855e+02,-4.894785554479166301e+00,-3.009611598083333228e-01
1.709500000000000171e+02,3.428321495800000207e+02,-4.895565467239583413e+00,-2.944239059733333441e-02
1.710000000000000000e+02,3.205240413000000217e+02,-4.897396685208333267e+00,-1.297987302433333268e-01
1.710500000000000114e+02,2.893952105899999765e+02,-4.894431077343750047e+00,-9.098469439500000977e-02
1.711000000000000227e+02,3.080250530800000206e+02,-4.895477013958333679e+00,5.112826234066672297e-03
1.711500000000000057e+02,3.272585834100000284e+02,-4.895317961354166414e+00,-4.911975522999998539e-02
1.712000000000000171e+02,3.489721470399999816e+02,-4.895820405000000264e+00,-8.036110056166666238e-02
1.712500000000000000e+02,3.401392141599999945e+02,-4.893567644791667171e+00,-1.095336833233333113e-01
1.713000000000000114e+02,3.305219990800000005e+02,-4.891787036979166281e+00,1.614512621633333589e-01
1.713500000000000227e+02,3.151763946300000043e+02,-4.889027975624999911e+00,-2.979954795766666664e-01
1.714000000000000057e+02,3.712870393200000194e+02,-4.893912068906249857e+00,-3.089140257116666788e-02
1.714500000000000171e+02,3.678213378600000283e+02,-4.891370504791666463e+00,-2.561305641000000133e-02
1.715000000000000000e+02,3.495058103800000140e+02,-4.888657889843750048e+00,1.468815335139999900e-01
1.715500000000000114e+02,3.718305874999999787e+02,-4.892374111718750029e+00,-4.116132842666666430e-02
1.716000000000000227e+02,3.509716900899999814e+02,-4.892743200572916784e+00,-4.457927440933333596e-01
1.716500000000000057e+02,3.387418837800000233e+02,-4.894955639583333351e+00,1.962340188286000042e-01
1.717000000000000171e+02,3.332024857299999780e+02,-4.896133266041666765e+00,1.656751640100000145e-02
1.717500000000000000e+02,3.124073549899999875e+02,-4.893826252395833798e+00,1.658492370333334784e-02
1.718000000000000114e+02,3.244959035699999959e+02,-4.894860262447916277e+00,-2.930878415606666398e-01
1.718500000000000227e+02,3.225719742599999904e+02,-4.893431212760416926e+00,-1.562564484493333405e-01
1.719000000000000057e+02,3.533937644000000091e+02,-4.895176303958333364e+00,-2.236427496399999715e-01
1.719500000000000171e+02,3.412939475200000174e+02,-4.891986336562499815e+00,-3.339175846733334618e-02
1.720000000000000000e+02,3.347929838399999767e+02,-4.889973055625000065e+00,1.400096890233333384e-02
1.720500000000000114e+02,4.076036881200000153e+02,-4.898630325520833217e+00,-2.108405020166666810e-01
1.721000000000000227e+02,3.260642158300000233e+02,-4.890083933281250239e+00,-3.969860373533333764e-01
1.721500000000000057e+02,3.514680046600000196e+02,-4.894597162604166662e+00,-3.514189602833333037e-01
1.722000000000000171e+02,3.389716329199999905e+02,-4.893793829010416374e+00,-5.662234784633333323e-02
1.722500000000000000e+02,3.519091225700000223e+02,-4.895676201510416270e+00,-1.436607762000000933e-02
1.723000000000000114e+02,3.403057217699999910e+02,-4.894329368958333148e+00,-1.936482582133333408e-01
1.723500000000000227e+02,3.504651134000000070e+02,-4.896360050260416763e+00,-9.790849585366667718e-02
1.724000000000000057e+02,3.198297834900000112e+02,-4.894966373906250112e+00,4.551517455166666920e-02
1.724500000000000171e+02,3.298627260499999920e+02,-4.898737654531250207e+00,-4.881903745633333069e-01
1.725000000000000000e+02,3.223104213899999877e+02,-4.899375337499999539e+00,-1.994037892000000145e-01
1.725500000000000114e+02,2.997283381500000132e+02,-4.896818927864583060e+00,4.175820113333329926e-03
1.726000000000000227e+02,3.441812929100000247e+02,-4.900246224531250583e+00,6.149802423200001478e-02
1.726500000000000057e+02,3.373773203700000067e+02,-4.894468867812499902e+00,-1.178091595903333344e-01
1.727000000000000171e+02,3.189650501799999915e+02,-4.889871213072916944e+00,-1.763795910940000045e-01
1.727500000000000000e+02,3.395373768000000041e+02,-4.891154155156249850e+00,-1.016276634400000017e-01
1.728000000000000114e+02,3.555535271200000125e+02,-4.892468946770833327e+00,-4.593000118500000784e-01
1.728500000000000227e+02,3.255699658799999838e+02,-4.889307494843749602e+00,7.632693423399999899e-02
1.729000000000000057e+02,3.489669569499999966e+02,-4.892768328854166349e+00,-1.816894706380000057e-01
1.729500000000000171e+02,3.409622406600000204e+02,-4.892504580572916595e+00,-4.700314482533333726e-01
1.730000000000000000e+02,3.599827120799999989e+02,-4.896816176145833310e+00,-3.863007686166666788e-01
1.730500000000000114e+02,3.095178992400000197e+02,-4.893756565624999944e+00,-2.288393186999999607e-01
1.731000000000000227e+02,3.208677050300000246e+02,-4.896896036510416828e+00,-5.248116562333332569e-02
1.731500000000000057e+02,3.252397554099999866e+02,-4.898050773020833581e+00,-1.277597732666668762e-03
1.732000000000000171e+02,3.258823921800000107e+02,-4.897859380937499729e+00,-1.330766433439333485e-01
1.732500000000000000e+02,3.515751017900000193e+02,-4.898750595781249828e+00,-7.132527437530000736e-02
1.733000000000000114e+02,3.687573141099999816e+02,-4.895824778906249897e+00,-1.628313622533333616e-01
1.733500000000000227e+02,3.583586958399999958e+02,-4.891938750833333849e+00,-2.730631836766667098e-02
1.734000000000000057e+02,3.705215398199999868e+02,-4.893507208697916333e+00,-6.732915439266666524e-02
1.734500000000000171e+02,3.482681625199999758e+02,-4.892062438802082802e+00,1.591581860880000032e-01
1.735000000000000000e+02,3.138652356399999803e+02,-4.889307976249999577e+00,1.531301973116666604e-01
1.735500000000000114e+02,3.607926026200000251e+02,-4.896398934479166520e+00,-1.643242412266666674e-01
1.736000000000000227e+02,3.252618967299999895e+02,-4.893270599947916466e+00,-2.788663871399999494e-01
1.736500000000000057e+02,3.309463107500000092e+02,-4.894905687604166111e+00,-1.137217433316666665e-01
1.737000000000000171e+02,3.326446733099999733e+02,-4.895986636718750340e+00,4.600593796433333910e-02
1.737500000000000000e+02,3.424428697899999747e+02,-4.898819614062499994e+00,3.456528059666667124e-02
1.738000000000000114e+02,2.947784308199999828e+02,-4.895003207916666987e+00,-4.189435080646666809e-01
1.738500000000000227e+02,3.109423613199999750e+02,-4.897603970520833627e+00,-4.551303067133332658e-01
1.739000000000000057e+02,3.294099719399999913e+02,-4.898254635989583328e+00,-1.964118418433333513e-01
1.739500000000000171e+02,3.329191017300000226e+02,-4.895434651197916764e+00,-2.949508817269999583e-01
1.740000000000000000e+02,3.082269257899999957e+02,-4.889781732239582901e+00,-6.286645765699999666e-02
1.740500000000000114e+02,3.453554087100000061e+02,-4.892950097447916313e+00,-5.191253140400000632e-01
1.741000000000000227e+02,3.518643244900000013e+02,-4.893039819635416343e+00,-1.868847814726666556e-01
1.741500000000000057e+02,3.404391769100000147e+02,-4.891483212343749720e+00,5.199756085333333104e-03
1.742000000000000171e+02,3.403546550899999943e+02,-4.892030143333333747e+00,-1.545471493734033308e-01
1.742500000000000000e+02,3.582782530800000131e+02,-4.894799125260417050e+00,-1.973025700967999951e-01
1.743000000000000114e+02,3.396568178300000227e+02,-4.893131114791667180e+00,-3.097245750333333866e-02
1.743500000000000227e+02,3.273923089200000049e+02,-4.892562269895833538e+00,-1.108305907903333470e-01
1.744000000000000057e+02,3.435223523299999897e+02,-4.895596324583332937e+00,-1.077622274966666925e-02
1.744500000000000171e+02,3.553994208699999717e+02,-4.898391737968750270e+00,-2.849679536166666582e-01
1.745000000000000000e+02,3.273901772799999890e+02,-4.897197066562499757e+00,-4.558400950966665782e-02
1.745500000000000114e+02,3.172666985999999838e+02,-4.897844965677083273e+00,-1.192232466636666682e-01
1.746000000000000227e+02,3.285872336499999733e+02,-4.899852227187500020e+00,5.652947618166666993e-02
1.746500000000000057e+02,2.886090502399999878e+02,-4.893960150156249966e+00,-1.725999396929999985e-01
1.747000000000000171e+02,3.781703885200000173e+02,-4.900022838124999502e+00,-1.597817615373333389e-01
1.747500000000000000e+02,3.388262407500000108e+02,-4.891633718125000030e+00,5.819348119000000014e-02
1.748000000000000114e+02,3.586889575700000137e+02,-4.893259338958332982e+00,-1.284967826370000121e-01
1.748500000000000227e+02,3.519641315200000236e+02,-4.892226860677083344e+00,-4.921497156933333367e-02
1.749000000000000057e+02,3.626476756199999727e+02,-4.894267085208332979e+00,-1.727735927066666732e-01
1.749500000000000171e+02,3.285098672099999817e+02,-4.891696434479166911e+00,-1.071351973643333427e-01
1.750000000000000000e+02,3.541910703699999772e+02,-4.897233191562500032e+00,1.930827588200000056e-01
1.750500000000000114e+02,2.988321149399999967e+02,-4.893183279999999691e+00,-1.264906966466666505e-01
1.751000000000000227e+02,3.392248210999999856e+02,-4.899576321927082923e+00,-4.682838993099999042e-02
1.751500000000000057e+02,3.026280685899999980e+02,-4.895174790468749926e+00,-2.211743072333333462e-02
1.752000000000000171e+02,3.158819193300000165e+02,-4.896062410885416938e+00,1.431267100733332742e-02
1.752500000000000000e+02,3.245803112599999736e+02,-4.895660811354166420e+00,-8.178169161610000792e-02
1.753000000000000114e+02,3.312553480000000263e+02,-4.894915279322916923e+00,-3.585133685233333339e-02
1.753500000000000227e+02,3.516900933699999996e+02,-4.896355727968749960e+00,-6.262171098689998938e-02
1.754000000000000057e+02,3.570737937499999930e+02,-4.896653191979166486e+00,-2.915766592776666832e-01
1.754500000000000171e+02,3.367296543799999995e+02,-4.894183327604166855e+00,-2.352121944999999992e-01
1.755000000000000000e+02,3.418167087599999832e+02,-4.894923073229166199e+00,-9.996451835666665675e-02
1.755500000000000114e+02,3.572318421300000182e+02,-4.897301734427083275e+00,-2.854942020333333177e-02
1.756000000000000227e+02,3.471151884399999972e+02,-4.897913157135416640e+00,2.847656338633333117e-01
1.756500000000000057e+02,3.170224436299999979e+02,-4.898781319531249956e+00,-4.470773719100000210e-01
1.757000000000000171e+02,3.317381892199999811e+02,-4.902861360156250292e+00,-1.635664082943333320e-01
1.757500000000000000e+02,2.963119917999999871e+02,-4.898260698541666791e+00,-5.386246062333333029e-01
1.758000000000000114e+02,3.102504343599999856e+02,-4.897430740364582924e+00,4.985781110000008128e-03
1.758500000000000227e+02,3.360305739099999869e+02,-4.897663183281250276e+00,-2.268984903233333406e-01
1.759000000000000057e+02,3.477738474899999801e+02,-4.897464595989583280e+00,-2.673807755166666134e-01
1.759500000000000171e+02,3.382491856600000233e+02,-4.895031253489583456e+00,-4.363579759866667018e-01
1.760000000000000000e+02,3.350432733700000085e+02,-4.893478060781250250e+00,-1.377440673236666746e-01
1.760500000000000114e+02,3.409433296899999846e+02,-4.893167034374999780e+00,-1.677283589776666639e-01
1.761000000000000227e+02,3.568933312799999840e+02,-4.894569072968749879e+00,-2.837089047599998873e-02
1.761500000000000057e+02,3.483479910799999857e+02,-4.894190168802083463e+00,-5.890932146699999761e-01
1.762000000000000171e+02,3.238761446600000227e+02,-4.893724710364582897e+00,-1.893664701809999740e-01
1.762500000000000000e+02,3.479441980799999783e+02,-4.900277082604167056e+00,7.058173727633333672e-02
1.763000000000000114e+02,3.040767909400000235e+02,-4.897134143593750544e+00,-1.574516160803333398e-01
1.763500000000000227e+02,3.219635088300000234e+02,-4.899880814270833440e+00,2.018142267466666376e-02
1.764000000000000057e+02,3.282743438100000049e+02,-4.899767785052083546e+00,-2.579395966549999919e-01
1.764500000000000171e+02,3.011382055000000264e+02,-4.894060444322916759e+00,-1.489128095666666651e-01
1.765000000000000000e+02,3.093169460699999718e+02,-4.891564571354166446e+00,-3.464389827566666802e-01
1.765500000000000114e+02,3.589626049999999964e+02,-4.895591015104166388e+00,3.579650477603332770e-02
1.766000000000000227e+02,3.576873929000000203e+02,-4.895077965781250207e+00,-2.761917744700000399e-01
1.766500000000000057e+02,3.411718702100000087e+02,-4.893437695833333656e+00,2.854992053333329279e-03
1.767000000000000171e+02,3.631452986599999804e+02,-4.896850576822916246e+00,-5.077744251400000408e-01
1.767500000000000000e+02,3.526562937799999986e+02,-4.897525423541666534e+00,2.687032894962333440e-01
1.768000000000000114e+02,3.360983009500000094e+02,-4.898584637343749826e+00,-5.271505959066666858e-01
1.768500000000000227e+02,3.211386443200000258e+02,-4.898620934843750163e+00,3.039001317133333546e-01
1.769000000000000057e+02,3.254471758099999761e+02,-4.899229135625000175e+00,-1.377050507766666432e-01
1.769500000000000171e+02,3.272744890299999838e+02,-4.898381871614582828e+00,-4.661421574266667034e-01
1.770000000000000000e+02,3.240347856500000034e+02,-4.896344592656249439e+00,-1.336372124336666634e-01
1.770500000000000114e+02,3.378050096299999723e+02,-4.896501197031249752e+00,-2.523438179990000196e-01
1.771000000000000227e+02,3.268594267899999863e+02,-4.894110207031249438e+00,-6.643185234333333355e-02
1.771500000000000057e+02,3.443395795800000201e+02,-4.895170165520833727e+00,5.180509856333333912e-02
1.772000000000000171e+02,3.319720769599999812e+02,-4.892299030572917040e+00,5.218393876566666117e-02
1.772500000000000000e+02,3.683803801999999905e+02,-4.895094958385416639e+00,-2.022394153033333364e-01
1.773000000000000114e+02,3.681578657200000180e+02,-4.893247511093750113e+00,-1.939249771729999738e-01
1.773500000000000227e+02,3.583379116500000237e+02,-4.890313955208333674e+00,-1.367790162933333331e-01
1.774000000000000057e+02,3.934299036699999874e+02,-4.891737638072917171e+00,-3.399329284633333809e-02
1.774500000000000171e+02,3.904564999899999975e+02,-4.888203094999999720e+00,-7.339393949866666877e-02
1.775000000000000000e+02,3.735870765899999810e+02,-4.886720403072916774e+00,7.375632314833333036e-02
1.775500000000000114e+02,3.556964511300000140e+02,-4.888644238229166383e+00,-9.467786398930666536e-02
1.776000000000000227e+02,3.553890121300000260e+02,-4.891948709166666909e+00,-1.914311927296666882e-01
1.776500000000000057e+02,3.654857342099999755e+02,-4.895368863958332817e+00,-1.229705118779999967e-01
1.777000000000000171e+02,3.238478066199999716e+02,-4.892272276927083219e+00,-2.255224375433333428e-01
1.777500000000000000e+02,3.171385890299999915e+02,-4.892755410781250092e+00,-5.933891670000032833e-04
1.778000000000000114e+02,3.225065643099999875e+02,-4.893712195833333389e+00,-3.018614486899999783e-01
1.778500000000000227e+02,3.177938819199999898e+02,-4.891812145260416855e+00,-1.997808574373333423e-01
1.779000000000000057e+02,3.894470301200000222e+02,-4.898370067552083817e+00,-1.126217138266666362e-02
1.779500000000000171e+02,3.516773703499999897e+02,-4.892925627395833921e+00,-1.085595955096666648e-01
1.780000000000000000e+02,3.684136824700000261e+02,-4.895650384895833263e+00,-1.496003792926666465e-01
1.780500000000000114e+02,3.168357985600000006e+02,-4.891120615729167120e+00,8.327998121866667103e-02
1.781000000000000227e+02,3.249013490500000216e+02,-4.894364230260416448e+00,-2.457791409033333319e-01
1.781500000000000057e+02,3.279926410799999985e+02,-4.897158106302083702e+00,-9.223490262866666789e-02
1.782000000000000171e+02,2.909463913899999739e+02,-4.894371986822917187e+00,-8.929752845333333022e-02
1.782500000000000000e+02,2.944675537699999950e+02,-4.894468831250000207e+00,-8.480178212866666676e-02
1.783000000000000114e+02,3.382484310099999902e+02,-4.897225653281250146e+00,-4.199685569500000160e-02
1.783500000000000227e+02,3.679006968499999743e+02,-4.898076832083333443e+00,-1.924284381209999950e-01
1.784000000000000057e+02,3.200142505700000015e+02,-4.891316393333332790e+00,-2.740231911166666756e-01
1.784500000000000171e+02,3.498405765699999961e+02,-4.894319060520833098e+00,-3.268788558176666803e-01
1.785000000000000000e+02,3.517106210900000178e+02,-4.894040952552082935e+00,4.581827445406667226e-02
1.785500000000000114e+02,3.539849162500000261e+02,-4.894627655104167196e+00,-1.351812375166666635e-01
1.786000000000000227e+02,3.398031818599999951e+02,-4.894319074947916626e+00,9.838295975666666582e-02
1.786500000000000057e+02,3.294628465299999789e+02,-4.895155455156250390e+00,-3.219802435066667079e-01
1.787000000000000171e+02,3.185170707899999911e+02,-4.894831547031249563e+00,-2.743410716343333555e-01
1.787500000000000000e+02,3.367999632199999951e+02,-4.896889461249999798e+00,-1.858746583946666586e-01
1.788000000000000114e+02,3.500773211800000126e+02,-4.896042179583333542e+00,-1.500424350276666485e-01
1.788500000000000227e+02,3.391342023099999778e+02,-4.890468858124999763e+00,-2.593519707080000347e-01
1.789000000000000057e+02,3.641944616700000097e+02,-4.891198875208333519e+00,-2.931880369000000250e-02
1.789500000000000171e+02,3.525391235800000231e+02,-4.889197480260416562e+00,-3.945511541433333602e-01
1.790000000000000000e+02,3.859155998800000020e+02,-4.894445596927083919e+00,-1.264563975550000163e-01
1.790500000000000114e+02,3.188259138700000221e+02,-4.888517433593750461e+00,-4.907449529733332733e-02
1.791000000000000227e+02,3.351659403799999950e+02,-4.892075991614583508e+00,-9.703859607199999404e-02
1.791500000000000057e+02,3.645022298999999748e+02,-4.896477157656249801e+00,-5.586434746033333565e-02
1.792000000000000171e+02,3.574300113200000055e+02,-4.896323235052083334e+00,1.549601165066666342e-02
1.792500000000000000e+02,3.355997549699999922e+02,-4.894372544114583334e+00,-2.469142330166666788e-01
1.793000000000000114e+02,3.234724849799999902e+02,-4.893160134531250094e+00,6.898295414566667227e-02
1.793500000000000227e+02,3.559550465699999791e+02,-4.897526782708333748e+00,-3.068614819766666835e-01
1.794000000000000057e+02,3.455622907800000121e+02,-4.896999152656250409e+00,-9.564321228533334551e-02
1.794500000000000171e+02,3.199106617599999822e+02,-4.894602254218749948e+00,-3.773764200333336923e-03
1.795000000000000000e+02,3.394002034900000240e+02,-4.897184525468749605e+00,-3.053184689533333107e-01
1.795500000000000114e+02,2.847705113000000097e+02,-4.888898172239582784e+00,-1.730275565526666615e-01
1.796000000000000227e+02,3.591260161000000153e+02,-4.892684470208332748e+00,6.630553111799999955e-02
1.796500000000000057e+02,3.586509267900000282e+02,-4.890152280781250305e+00,-3.916760473299999989e-01
1.797000000000000171e+02,3.733829167100000177e+02,-4.891534347083333678e+00,3.282779395200000061e-01
1.797500000000000000e+02,3.335063031199999841e+02,-4.887887487239583884e+00,-1.501802757400000077e-01
1.798000000000000114e+02,3.370487863999999831e+02,-4.890930864218749896e+00,-1.000277060586666628e-01
1.798500000000000227e+02,3.640484941000000276e+02,-4.896685641614583417e+00,-6.713758104700000284e-02
1.799000000000000057e+02,3.558432747699999936e+02,-4.897432625312499788e+00,-2.624767846886666423e-01
1.799500000000000171e+02,3.176892368599999941e+02,-4.894173651302083705e+00,3.904239861100000097e-01
1.800000000000000000e+02,3.134471096999999986e+02,-4.894232733125000401e+00,-5.176758930533332803e-01
1.800500000000000114e+02,3.287110704599999735e+02,-4.895330945312499793e+00,-1.036913527153333209e-01
1.801000000000000227e+02,3.457955537700000264e+02,-4.895710274531249517e+00,1.343188382443333273e-01
1.801500000000000057e+02,3.482790795600000138e+02,-4.894562173437500441e+00,-2.609678400261000175e-01
1.802000000000000171e+02,3.433649037000000135e+02,-4.893237763333333490e+00,1.412781128646666551e-01
1.802500000000000000e+02,3.419434014700000262e+02,-4.892845740572917101e+00,-2.068180933943333244e-01
1.803000000000000114e+02,3.248511910099999795e+02,-4.890678702239583231e+00,-2.438447383879999986e-01
1.803500000000000227e+02,3.424447264799999857e+02,-4.892810045520833206e+00,-4.772450459133333739e-02
1.804000000000000057e+02,3.320485129099999995e+02,-4.891643261510416174e+00,3.091484865633333246e-01
1.804500000000000171e+02,3.842154322700000080e+02,-4.898677857656250190e+00,-1.620978499099999803e-01
1.805000000000000000e+02,3.332255183699999748e+02,-4.894045825208332978e+00,-1.502343749833333353e-01
1.805500000000000114e+02,3.266278659800000241e+02,-4.895569885208333361e+00,-3.080833271933333672e-01
1.806000000000000227e+02,3.478337533900000267e+02,-4.900257215104166342e+00,1.764318055666666551e-02
1.806500000000000057e+02,3.264350116499999785e+02,-4.899040840104166961e+00,-2.306475662999999624e-03
1.807000000000000171e+02,3.059576426699999843e+02,-4.896844096666666424e+00,2.741640390804333527e-01
1.807500000000000000e+02,3.101148741299999756e+02,-4.895634926302083301e+00,-4.152330473116666032e-01
1.808000000000000114e+02,3.687738855800000124e+02,-4.898147508177083331e+00,-1.006970810033333552e-02
1.808500000000000227e+02,3.380795203199999719e+02,-4.892295124791666616e+00,5.106751177033333478e-02
1.809000000000000057e+02,3.607101817899999787e+02,-4.894684854374999894e+00,1.227541151961000082e-01
1.809500000000000171e+02,3.664550976900000023e+02,-4.896785874322916676e+00,-5.903090636999999696e-02
1.810000000000000000e+02,3.362551641599999925e+02,-4.895314708020833017e+00,-3.778246960699999657e-01
1.810500000000000114e+02,3.257629306499999871e+02,-4.895300944322916514e+00,-2.918129378333332927e-02
1.811000000000000227e+02,3.303275944200000254e+02,-4.896236937708333237e+00,-1.111837655142999814e-01
1.811500000000000057e+02,3.470161617800000045e+02,-4.897636891093750222e+00,-1.688609306636666696e-01
1.812000000000000171e+02,3.347327203099999906e+02,-4.894362460937499826e+00,-1.566778249333333761e-02
1.812500000000000000e+02,3.574435518799999727e+02,-4.893044112916666855e+00,-5.448602990466666629e-01
1.813000000000000114e+02,3.638869743500000027e+02,-4.890159451458333528e+00,4.185063457033333378e-01
1.813500000000000227e+02,3.728503598600000259e+02,-4.891220409583333151e+00,-3.712535185899999424e-01
1.814000000000000057e+02,3.535537572700000055e+02,-4.890222916510416518e+00,-1.287830796333333527e-01
1.814500000000000171e+02,3.709847593900000220e+02,-4.894108401458333368e+00,-7.503223968933332710e-02
1.815000000000000000e+02,3.576333315900000116e+02,-4.895030287083333320e+00,-4.984544488666666634e-02
1.815500000000000114e+02,3.245250603800000135e+02,-4.893371901614583130e+00,4.659070731000001381e-03
1.816000000000000227e+02,3.271677447899999720e+02,-4.895458635677083059e+00,5.456002380700000071e-02
1.816500000000000057e+02,3.141233606600000030e+02,-4.895069698020833471e+00,-3.630551106866666822e-01
1.817000000000000171e+02,3.302628060499999947e+02,-4.897238913541666960e+00,1.662727944163333305e-01
1.817500000000000000e+02,3.242508656200000132e+02,-4.895523642291666810e+00,-2.489580228289999531e-01
1.818000000000000114e+02,3.307660721099999819e+02,-4.893747764635416608e+00,-5.701468967966666357e-02
1.818500000000000227e+02,3.529067141599999786e+02,-4.893452239010416704e+00,-1.018028355503333288e-01
1.819000000000000057e+02,3.331205550099999755e+02,-4.888913496562500072e+00,-1.895306853499999777e-01
1.819500000000000171e+02,3.394005581900000266e+02,-4.888626458958333920e+00,-4.716570047333332877e-02
1.820000000000000000e+02,3.408894319999999993e+02,-4.888525470416666963e+00,-3.471671737700000038e-01
1.820500000000000114e+02,3.772374025199999892e+02,-4.893534015052083852e+00,-1.056529156626600102e-01
1.821000000000000227e+02,3.419392574299999978e+02,-4.890170580572916315e+00,-2.686963161556666368e-01
1.821500000000000057e+02,3.468756454800000029e+02,-4.892299449791666532e+00,-2.439690321820000285e-01
1.822000000000000171e+02,3.425742402600000105e+02,-4.893713746458333347e+00,-3.497615277533333011e-01
1.822500000000000000e+02,3.325071803700000146e+02,-4.894382234687499889e+00,-2.566781849233333301e-01
1.823000000000000114e+02,3.237778509600000234e+02,-4.894671352291666722e+00,-3.411300519133333292e-02
1.823500000000000227e+02,3.134372146000000043e+02,-4.894351697760416897e+00,-1.816723765616666819e-01
1.824000000000000057e+02,3.071563507399999935e+02,-4.893026966874999495e+00,5.664754896633333869e-02
1.824500000000000171e+02,3.415542720600000166e+02,-4.894133897708333514e+00,-1.591296269899999559e-03
1.825000000000000000e+02,3.712358338899999808e+02,-4.894797927656250103e+00,3.414499590033332616e-02
1.825500000000000114e+02,3.264268938299999832e+02,-4.888720549583333685e+00,1.178506628466666623e-01
1.826000000000000227e+02,3.576412436800000023e+02,-4.892655582604166220e+00,-6.366101181366666528e-02
1.826500000000000057e+02,3.234977342899999826e+02,-4.889081737343750511e+00,-1.488290272390000168e-01
1.827000000000000171e+02,3.486967234699999949e+02,-4.893357771302083492e+00,-1.968261123456666872e-01
1.827500000000000000e+02,3.293679063199999746e+02,-4.891751089583332934e+00,1.079549262000000474e-02
1.828000000000000114e+02,3.546948595800000135e+02,-4.895864208072916668e+00,-4.545544976300000539e-02
1.828500000000000227e+02,3.169013344599999868e+02,-4.893164091197916399e+00,-1.727546679400000229e-01
1.829000000000000057e+02,3.121387244900000155e+02,-4.895785172552083786e+00,-5.720842683666668010e-02
1.829500000000000171e+02,3.315310613899999908e+02,-4.901034642864583013e+00,-3.082252167033333046e-01
1.830000000000000000e+02,3.009020966599999838e+02,-4.898237483125000402e+00,-3.180007270099999839e-01
1.830500000000000114e+02,3.066317311500000073e+02,-4.898498461093749867e+00,-2.087250668319999836e-01
1.831000000000000227e+02,3.141700057699999888e+02,-4.898085901093749861e+00,2.177584743666666212e-02
1.831500000000000057e+02,3.277932476099999803e+02,-4.898417570937500187e+00,-4.165213929866666831e-01
1.832000000000000171e+02,3.150439740099999995e+02,-4.895174499166667026e+00,-1.806008422753333231e-01
1.832500000000000000e+02,3.371040631700000176e+02,-4.895847829062500267e+00,-2.666221001466666518e-01
1.833000000000000114e+02,3.162143594300000018e+02,-4.891925723645833557e+00,-1.767907516366666876e-01
1.833500000000000227e+02,3.496804005700000175e+02,-4.894839474114583311e+00,-3.458785239433333492e-01
1.834000000000000057e+02,3.551909532999999897e+02,-4.894388303489583869e+00,7.323469637999999171e-02
1.834500000000000171e+02,3.469637724400000138e+02,-4.892667420989583071e+00,3.867993115733333459e-02
1.835000000000000000e+02,3.409902287699999874e+02,-4.891834327343750566e+00,1.266633001269999725e-01
1.835500000000000114e+02,3.318758627700000261e+02,-4.891036640937500124e+00,-5.537222909799999204e-02
1.836000000000000227e+02,3.513643734899999913e+02,-4.893855540416666372e+00,1.710726043633333526e-01
1.836500000000000057e+02,3.424724041299999726e+02,-4.893661049427083576e+00,-2.666721027633333629e-01
1.837000000000000171e+02,3.503367400299999872e+02,-4.895670269739583524e+00,1.626469453276666588e-01
1.837500000000000000e+02,3.410608381399999871e+02,-4.895687671770833305e+00,-3.513940374466666405e-01
1.838000000000000114e+02,3.220667766600000164e+02,-4.893986248854166554e+00,-1.442024137576666809e-01
1.838500000000000227e+02,3.400704658700000209e+02,-4.896720726354167219e+00,-6.611963403600000511e-02
1.839000000000000057e+02,3.234615058200000135e+02,-4.895836968437500047e+00,-1.221275590673333439e-01
1.839500000000000171e+02,3.334445707500000253e+02,-4.898509443385417050e+00,-5.669882879363333239e-02
1.840000000000000000e+02,3.051254888400000027e+02,-4.895203279322916323e+00,-1.067798847426666836e-01
1.840500000000000114e+02,3.387200000000000273e+02,-4.898215214322916289e+00,-1.269204206533333101e-01
1.841000000000000227e+02,3.507363919599999917e+02,-4.897430575260416141e+00,-8.217917836333332726e-02
1.841500000000000057e+02,3.407729931000000079e+02,-4.893294650468750007e+00,-1.489378594450000148e-01
1.842000000000000171e+02,3.676209159900000145e+02,-4.894588102656249440e+00,-6.802208446433333222e-02
1.842500000000000000e+02,3.625434299199999941e+02,-4.893875632395833897e+00,-1.783680832539999705e-01
1.843000000000000114e+02,3.270729573500000242e+02,-4.890364290364582978e+00,-4.620808765633332982e-02
1.843500000000000227e+02,3.382352336700000137e+02,-4.892691463958333209e+00,-4.717199358833332745e-01
1.844000000000000057e+02,3.616939610499999844e+02,-4.896420160885416983e+00,-5.965421748833334842e-02
1.844500000000000171e+02,3.325937189399999738e+02,-4.893826292447916337e+00,-8.095494725666662131e-03
1.845000000000000000e+02,3.361977489199999809e+02,-4.894981257135416541e+00,-1.757066526833333253e-01
1.845500000000000114e+02,3.448878893699999821e+02,-4.896262286041666911e+00,-3.553810130899999753e-01
1.846000000000000227e+02,3.331540446700000189e+02,-4.894685172656250138e+00,1.101087155820000135e-01
1.846500000000000057e+02,3.422875229699999977e+02,-4.895542214635416833e+00,-5.221617724553332535e-02
1.847000000000000171e+02,3.384660537400000067e+02,-4.894287116927083403e+00,1.193248829899999121e-02
1.847500000000000000e+02,3.776850238000000104e+02,-4.896902952812499876e+00,-8.291280327599999389e-02
1.848000000000000114e+02,3.786603478499999937e+02,-4.895111365416666693e+00,1.331651133610000093e-01
1.848500000000000227e+02,3.570535339400000225e+02,-4.891563863333333373e+00,-3.071670423496666857e-01
1.849000000000000057e+02,3.518464574999999854e+02,-4.891426860885416339e+00,5.993860702933332535e-02
1.849500000000000171e+02,3.560947275899999909e+02,-4.894552934479166950e+00,-4.935667742166668231e-02
1.850000000000000000e+02,3.233808743700000150e+02,-4.894053349687499832e+00,1.667693594996666473e-01
1.850500000000000114e+02,3.585480249500000127e+02,-4.900113027656249898e+00,5.509823134766667074e-02
1.851000000000000227e+02,3.370061524800000257e+02,-4.898179776614583147e+00,1.344719006976666797e-01
1.851500000000000057e+02,2.992537969599999883e+02,-4.893598111614583246e+00,2.390687195703333490e-01
1.852000000000000171e+02,3.140389564600000085e+02,-4.894452625729166506e+00,-2.027222852813333198e-01
1.852500000000000000e+02,3.152727051599999868e+02,-4.892850276458333703e+00,1.605615986129666981e-02
1.853000000000000114e+02,3.308596806799999968e+02,-4.893684464218750030e+00,-1.556573871333333525e-01
1.853500000000000227e+02,3.672363953400000014e+02,-4.897600233958333327e+00,-1.339491524776666442e-01
1.854000000000000057e+02,3.145232291199999963e+02,-4.890634469114583105e+00,-9.466518989500000147e-02
1.854500000000000171e+02,3.592093864299999950e+02,-4.895655284427083309e+00,1.382769161436666616e-01
1.855000000000000000e+02,3.426988520799999947e+02,-4.893867507447916765e+00,-4.133323365200000654e-02
1.855500000000000114e+02,2.986515656000000263e+02,-4.889268861927082988e+00,2.719435863133333117e-02
1.856000000000000227e+02,3.573161256500000036e+02,-4.897120432447916727e+00,-1.095832069416666638e-01
1.856500000000000057e+02,3.533222776800000133e+02,-4.896337661718749956e+00,-7.674490991200000334e-02
1.857000000000000171e+02,3.425393715899999734e+02,-4.894098006458333039e+00,4.318000394999997778e-03
1.857500000000000000e+02,3.519917404199999851e+02,-4.894383926718750111e+00,-1.788259281713333315e-01
1.858000000000000114e+02,3.267373994700000139e+02,-4.890493686614583169e+00,1.577206443361333366e-01
1.858500000000000227e+02,3.656840093900000284e+02,-4.894801635677083596e+00,2.075255182193333214e-01
1.859000000000000057e+02,3.202800392400000078e+02,-4.889493281458332952e+00,-1.140472254593333651e-01
1.859500000000000171e+02,3.421037700200000131e+02,-4.893397789010417220e+00,-7.033146048033334097e-02
1.860000000000000000e+02,3.285536067200000048e+02,-4.893744539010416617e+00,2.201569662633333022e-02
1.860500000000000114e+02,3.459402372100000207e+02,-4.898062639583333322e+00,-4.143140702990000257e-02
1.861000000000000227e+02,3.184812145899999791e+02,-4.895949551874999806e+00,2.673975704200000011e-02
1.861500000000000057e+02,3.509382617900000128e+02,-4.900377158749999573e+00,-4.870791198999999821e-02
1.862000000000000171e+02,3.218258910999999785e+02,-4.896256168333333214e+00,-1.424363239533333603e-01
1.862500000000000000e+02,3.385934784300000047e+02,-4.895593497083333467e+00,-2.199143210206666588e-01
1.863000000000000114e+02,3.446765474300000278e+02,-4.892366249947916579e+00,2.168495955140000431e-01
1.863500000000000227e+02,3.373701735500000041e+02,-4.889326249479166719e+00,2.354640148269999955e-01
1.864000000000000057e+02,3.650146503799999778e+02,-4.892602174479166344e+00,8.942828719666668161e-03
1.864500000000000171e+02,3.687355248399999823e+02,-4.893850489479166121e+00,-1.589839992966667059e-01
1.865000000000000000e+02,3.043893317600000046e+02,-4.886637071406250143e+00,1.298471486803333408e-01
1.865500000000000114e+02,3.452213224500000024e+02,-4.892294015000000051e+00,-2.515910187559999844e-01
1.866000000000000227e+02,3.374377279099999782e+02,-4.892539496510416974e+00,-1.095274755793333304e-01
1.866500000000000057e+02,3.162994550199999821e+02,-4.891259920833333830e+00,4.782557600900000372e-02
1.867000000000000171e+02,3.256298749399999792e+02,-4.893319739843749794e+00,-2.475913053933332872e-02
1.867500000000000000e+02,3.057926621799999793e+02,-4.891898770000000063e+00,5.695151760333333479e-02
1.868000000000000114e+02,3.421098278100000130e+02,-4.897078824062499613e+00,-3.620174580899999661e-01
1.868500000000000227e+02,3.264951891100000125e+02,-4.895515506510416337e+00,-2.531196047785333469e-02
1.869000000000000057e+02,3.261508656400000064e+02,-4.895564394322916790e+00,-3.407233365766665356e-02
1.869500000000000171e+02,3.203724692000000118e+02,-4.894099864427083446e+00,-2.671918651666667713e-02
1.870000000000000000e+02,3.423779010299999754e+02,-4.894971071197916856e+00,1.213015441066666728e-01
1.870500000000000114e+02,3.597459252400000196e+02,-4.894963075260416296e+00,-1.100672822766666642e-01
1.871000000000000227e+02,3.755314796399999864e+02,-4.895589722083333761e+00,-3.012088730766666611e-01
1.871500000000000057e+02,3.544794406999999978e+02,-4.893242510729166383e+00,2.803896337599999788e-01
1.872000000000000171e+02,3.565967005800000038e+02,-4.895303408489582786e+00,-1.721284113596666943e-01
1.872500000000000000e+02,3.261776769400000262e+02,-4.895481297552083610e+00,-1.867810888566666661e-01
1.873000000000000114e+02,3.235425203300000021e+02,-4.897925861093749944e+00,-5.252917702599999711e-02
1.873500000000000227e+02,2.860447462600000108e+02,-4.893454559427083517e+00,-2.505744841479999874e-01
1.874000000000000057e+02,3.328460050400000227e+02,-4.898221015625000341e+00,2.947577723366666680e-01
1.874500000000000171e+02,3.618194053000000281e+02,-4.900639584791666614e+00,1.123913419900000009e-02
1.875000000000000000e+02,3.362324016300000267e+02,-4.896569962135417065e+00,-1.056437692980000120e-01
1.875500000000000114e+02,3.553082928000000038e+02,-4.897711357968749901e+00,-1.565733357066666498e-01
1.876000000000000227e+02,3.447641559699999902e+02,-4.894826091250000566e+00,-8.351974002866667524e-02
1.876500000000000057e+02,3.661213353900000129e+02,-4.895930120677083330e+00,-1.917736055203333179e-01
1.877000000000000171e+02,3.698548146699999961e+02,-4.895012064062499668e+00,-2.278055335170000098e-02
1.877500000000000000e+02,3.642825591600000052e+02,-4.894777010937500172e+00,-1.933491872699999725e-01
1.878000000000000114e+02,3.313946796500000005e+02,-4.893582051302083791e+00,1.709583136933333358e-02
1.878500000000000227e+02,2.976303156100000251e+02,-4.892349625156249715e+00,-4.840861118733332802e-01
1.879000000000000057e+02,3.094312723699999879e+02,-4.894309350208333242e+00,-6.110688381890000409e-02
1.879500000000000171e+02,3.547662904499999854e+02,-4.899280200677083918e+00,-1.895159758126666871e-01
1.880000000000000000e+02,3.365169028099999764e+02,-4.896166344479166987e+00,-2.047933724173333359e-01
1.880500000000000114e+02,3.359971189199999912e+02,-4.894594156302082943e+00,-1.578276003233333447e-01
1.881000000000000227e+02,3.422929941099999951e+02,-4.893283825260416720e+00,9.547908488499999569e-02
1.881500000000000057e+02,3.427682115399999816e+02,-4.891955304114583569e+00,-1.662624415963333269e-01
1.882000000000000171e+02,3.586380488799999853e+02,-4.893391630104166445e+00,-5.443652269266666122e-02
1.882500000000000000e+02,3.857921485699999948e+02,-4.897561379114583779e+00,6.109445745533333832e-02
1.883000000000000114e+02,3.307107702100000211e+02,-4.893546163020833895e+00,-3.097885503166666887e-01
1.883500000000000227e+02,3.275257998100000236e+02,-4.895344854166666870e+00,-2.319816088430000089e-01
1.884000000000000057e+02,3.401848372399999789e+02,-4.897779113281250041e+00,-1.857186206236666470e-01
1.884500000000000171e+02,3.544765999599999873e+02,-4.899768192239583264e+00,-1.521394764510000108e-01
1.885000000000000000e+02,3.369385438300000146e+02,-4.897939523593749733e+00,1.037419543156666846e-01
1.885500000000000114e+02,3.245082054999999741e+02,-4.896647610677082874e+00,-4.025779444899999504e-01
1.886000000000000227e+02,3.027217433600000049e+02,-4.893454615156250576e+00,-8.351662072000000381e-02
1.886500000000000057e+02,3.358737095399999930e+02,-4.894316560989583564e+00,2.035961811499999996e-01
1.887000000000000171e+02,3.737663774399999852e+02,-4.895207387812500421e+00,1.250701887183333361e-01
1.887500000000000000e+02,3.293622085200000242e+02,-4.888737775364583094e+00,-1.480844604176666801e-01
1.888000000000000114e+02,3.798356333400000153e+02,-4.895058211197916620e+00,-1.746279553653333483e-01
1.888500000000000227e+02,3.643509345200000098e+02,-4.894670918906250279e+00,3.073160979433333106e-01
1.889000000000000057e+02,3.410082723599999781e+02,-4.894928634479167151e+00,-9.229485515833335540e-02
1.889500000000000171e+02,3.201802295300000196e+02,-4.894259662083332962e+00,-2.626437464299999913e-01
1.890000000000000000e+02,3.611012842399999840e+02,-4.900064812968749628e+00,1.445062940633333633e-02
1.890500000000000114e+02,3.374740373199999794e+02,-4.897579321250000284e+00,1.035196261036666621e-01
1.891000000000000227e+02,3.117877176000000077e+02,-4.894186255312500400e+00,-1.861473796936666814e-01
1.891500000000000057e+02,3.396605200399999944e+02,-4.896858482395833434e+00,1.090170693603333546e-01
1.892000000000000171e+02,3.575781340600000249e+02,-4.898481299635416342e+00,-3.679766935266666761e-01
1.892500000000000000e+02,3.355609682900000053e+02,-4.895386836093750027e+00,-4.720134542066666689e-02
1.893000000000000114e+02,3.464936195299999895e+02,-4.895369637187499734e+00,-2.983385965866666711e-01
1.893500000000000227e+02,3.817847266599999898e+02,-4.896063408645833448e+00,1.612660992956666817e-01
1.894000000000000057e+02,3.480273262900000191e+02,-4.889218412135416081e+00,-1.966517419533333477e-01
1.894500000000000171e+02,3.880576100000000110e+02,-4.893127093541666639e+00,1.859614400993333250e-01
1.895000000000000000e+02,3.302076963000000092e+02,-4.887017663020833069e+00,-3.041850774366666732e-01
1.895500000000000114e+02,3.222952256400000124e+02,-4.888153037239583831e+00,-2.936046928666667319e-02
1.896000000000000227e+02,3.708235779199999911e+02,-4.896416128124999823e+00,-3.936141005866666820e-01
1.896500000000000057e+02,3.644633764199999746e+02,-4.898053702499999496e+00,8.428053903333333763e-02
1.897000000000000171e+02,3.279404673000000230e+02,-4.895173118333333129e+00,-2.008604261140000125e-01
1.897500000000000000e+02,3.230842655499999978e+02,-4.895067668697916652e+00,2.342983703259999828e-01
1.898000000000000114e+02,3.289449141299999724e+02,-4.895677536302083688e+00,-5.831489953800000903e-01
1.898500000000000227e+02,3.335999516800000038e+02,-4.896003956510416977e+00,-6.615941400333336109e-03
1.899000000000000057e+02,3.454941943100000117e+02,-4.897142532604166654e+00,-3.442264468633333685e-01
1.899500000000000171e+02,3.576855992399999877e+02,-4.898192365260416459e+00,-7.543565628999999995e-02
1.900000000000000000e+02,3.238473911899999962e+02,-4.893265396666666156e+00,-6.325224338366665366e-02
1.900500000000000114e+02,3.536817506699999853e+02,-4.894654455468749887e+00,-1.097741147366666503e-01
1.901000000000000227e+02,3.302026219900000115e+02,-4.888712467343750312e+00,5.821793940300000747e-01
1.901500000000000057e+02,3.841857988400000181e+02,-4.893694753020833232e+00,-1.445293614100000013e-01
1.902000000000000171e+02,3.789060054099999775e+02,-4.893975968281250033e+00,1.028389458780000071e-01
1.902500000000000000e+02,3.309530507200000216e+02,-4.890669991510416814e+00,-3.837537966833333147e-01
1.903000000000000114e+02,3.460878340699999853e+02,-4.894836622343750498e+00,4.026452329999967157e-04
1.903500000000000227e+02,3.388170166599999789e+02,-4.895291298802082913e+00,-1.070902164699999992e-01
1.904000000000000057e+02,3.477927372199999922e+02,-4.896956418385416399e+00,5.797554579499999972e-02
1.904500000000000171e+02,3.356921848000000068e+02,-4.895397830885416468e+00,-7.110202220133333972e-02
1.905000000000000000e+02,3.554962263499999722e+02,-4.897797099531250531e+00,7.723452534000002645e-03
1.905500000000000114e+02,3.363553892400000223e+02,-4.895418661302083585e+00,-5.294685663133333331e-02
1.906000000000000227e+02,3.323679500200000234e+02,-4.895279350312500277e+00,1.170412981106666722e-01
1.906500000000000057e+02,3.016369470099999717e+02,-4.892860305885416317e+00,-4.775325860766666680e-02
1.907000000000000171e+02,3.150701770900000156e+02,-4.895754921041667096e+00,-8.709081373333329990e-03
1.907500000000000000e+02,2.933120298499999876e+02,-4.893540804739583194e+00,-3.793946019860000018e-01
1.908000000000000114e+02,3.318058915199999888e+02,-4.896609418229166621e+00,1.660953367466666553e-01
1.908500000000000227e+02,3.408553986300000247e+02,-4.894126281666666856e+00,-2.170400916566666838e-01
1.909000000000000057e+02,3.423826245500000027e+02,-4.892019083229166121e+00,3.488564446666666541e-01
1.909500000000000171e+02,3.521950648800000181e+02,-4.892722989218749596e+00,7.035743339333332125e-02
1.910000000000000000e+02,3.464908845799999995e+02,-4.893116459999999890e+00,3.398161711899999604e-02
1.910500000000000114e+02,3.319247907999999825e+02,-4.893201721666666337e+00,-1.242337801133333447e-01
1.911000000000000227e+02,3.094411403400000040e+02,-4.892083734375000326e+00,2.269143915866666805e-01
1.911500000000000057e+02,3.220601872500000127e+02,-4.893836103541667093e+00,3.723234711666667529e-02
1.912000000000000171e+02,3.288409029000000032e+02,-4.894423133281249783e+00,-3.275164898100000332e-01
1.912500000000000000e+02,3.593521404400000279e+02,-4.897855548802083625e+00,-1.370418326367666417e-01
1.913000000000000114e+02,3.673270373600000198e+02,-4.898259089062499960e+00,-3.803549240980000357e-01
1.913500000000000227e+02,3.570829983900000002e+02,-4.896548767916666378e+00,2.036003388066666420e-01
1.914000000000000057e+02,3.224580904100000112e+02,-4.892526064010416675e+00,1.085004055526666705e-01
1.914500000000000171e+02,3.335845952600000146e+02,-4.894486300208333418e+00,-7.191575033333267317e-04
1.915000000000000000e+02,3.385740940599999931e+02,-4.895441139218750237e+00,-5.488262610699999877e-01
1.915500000000000114e+02,3.371577149799999802e+02,-4.895627906875000157e+00,4.543876808966666458e-01
1.916000000000000227e+02,3.469769501200000263e+02,-4.897383361145833724e+00,-9.403165347000001784e-02
1.916500000000000057e+02,3.456435658300000000e+02,-4.897505845468749897e+00,-5.041700840166666447e-02
1.917000000000000171e+02,3.155873862400000007e+02,-4.893666596874999719e+00,-9.669419173666667089e-02
1.917500000000000000e+02,3.049675176700000065e+02,-4.890505280364583207e+00,-2.982092495433333323e-01
1.918000000000000114e+02,3.611022598600000038e+02,-4.894389603750000539e+00,1.904779842849999849e-01
1.918500000000000227e+02,3.818057165199999758e+02,-4.895717154218750089e+00,1.346238828870000015e-01
1.919000000000000057e+02,3.579829959499999745e+02,-4.892910705260416826e+00,1.082156496279999963e-01
1.919500000000000171e+02,3.486340597000000230e+02,-4.893051301406249998e+00,2.792975603799999207e-02
1.920000000000000000e+02,3.295042100399999754e+02,-4.893009776406249678e+00,-2.023922536166666564e-01
1.920500000000000114e+02,3.321923918499999786e+02,-4.896831355885416848e+00,1.592124990333333434e-01
1.921000000000000227e+02,3.103830780900000264e+02,-4.897272334270833305e+00,-1.880497044933333584e-01
1.921500000000000057e+02,3.098543356800000197e+02,-4.898096069270833297e+00,1.507489929869999801e-01
1.922000000000000171e+02,3.072704697099999862e+02,-4.896899994947916390e+00,1.799440423599999728e-01
1.922500000000000000e+02,3.341724078500000132e+02,-4.898358060677083792e+00,-2.476365678000000126e-01
1.923000000000000114e+02,3.326628155700000207e+02,-4.896399572864583050e+00,-1.108556960643333200e-01
1.923500000000000227e+02,3.303380259099999989e+02,-4.894806836979166853e+00,2.987349150066666570e-01
1.924000000000000057e+02,3.417528297399999815e+02,-4.895243865677083583e+00,-7.851329040766666378e-02
1.924500000000000171e+02,3.612221690000000081e+02,-4.896828195364583358e+00,-2.404627020953333527e-01
1.925000000000000000e+02,3.080511068700000123e+02,-4.889452522187499817e+00,3.937750226133333586e-01
1.925500000000000114e+02,3.655665196499999752e+02,-4.895966579479166469e+00,1.453963383780000063e-01
1.926000000000000227e+02,3.676339887999999974e+02,-4.896442319062500381e+00,-3.948348742633333575e-01
1.926500000000000057e+02,3.519305337900000268e+02,-4.896073454635416766e+00,2.037000945959999976e-01
1.927000000000000171e+02,3.417493331699999999e+02,-4.897815419427083761e+00,-7.173600943033333621e-01
1.927500000000000000e+02,3.290183863799999813e+02,-4.898153817135416865e+00,1.946603696826666730e-01
1.928000000000000114e+02,3.241816437400000268e+02,-4.897995387135416934e+00,4.039539505333333141e-02
1.928500000000000227e+02,3.200133409499999857e+02,-4.896714593802083293e+00,-1.496050638569999813e-01
1.929000000000000057e+02,3.656388041999999814e+02,-4.900354202604166431e+00,3.601681109833332894e-01
1.929500000000000171e+02,3.603086355199999957e+02,-4.898047585312499841e+00,-6.337209246233332927e-01
1.930000000000000000e+02,3.422512783399999989e+02,-4.895033418437500394e+00,1.726895447923333382e-01
1.930500000000000114e+02,3.543570083399999930e+02,-4.896132064947916085e+00,-3.799225792596667151e-01
1.931000000000000227e+02,3.381189089000000081e+02,-4.894199419114583449e+00,2.218427687963333284e-01
1.931500000000000057e+02,3.270925262100000168e+02,-4.893194641145833579e+00,-3.237443053496666390e-01
1.932000000000000171e+02,3.372131959299999835e+02,-4.894576090885416342e+00,1.413018122491333517e-01
1.932500000000000000e+02,3.279128230599999938e+02,-4.892927709843750250e+00,-3.028440430566666786e-01
1.933000000000000114e+02,3.440610659800000235e+02,-4.893685675416667102e+00,-2.088934922066666700e-01
1.933500000000000227e+02,3.650584092199999873e+02,-4.894821737031249675e+00,-1.488155648873333570e-01
1.934000000000000057e+02,3.681781409399999916e+02,-4.894675413333333225e+00,5.482097509566666305e-02
1.934500000000000171e+02,3.531294886399999768e+02,-4.894918630937500126e+00,-1.409992818996666786e-01
1.935000000000000000e+02,3.323405098999999723e+02,-4.895083108125000138e+00,-3.638362456443333115e-01
1.935500000000000114e+02,3.325673492500000066e+02,-4.896836355989583112e+00,-1.578623349166666523e-01
1.936000000000000227e+02,3.047342940699999758e+02,-4.894852221614583776e+00,-1.077375510633333255e-01
1.936500000000000057e+02,3.248195250599999895e+02,-4.898013319843749436e+00,-3.550040153999999698e-02
1.937000000000000171e+02,3.002536466099999757e+02,-4.894361013489583634e+00,-2.514858499300000050e-01
1.937500000000000000e+02,3.141617934899999796e+02,-4.893071517447916463e+00,-1.199180807663333265e-01
1.938000000000000114e+02,3.462049167800000191e+02,-4.892770374218749829e+00,-1.455719483333332322e-02
1.938500000000000227e+02,3.639411631400000147e+02,-4.893500479531249781e+00,-1.740063206266666551e-01
1.939000000000000057e+02,3.448888471899999786e+02,-4.891502095104166337e+00,4.782947427799999485e-02
1.939500000000000171e+02,3.431148060300000111e+02,-4.893007962135416555e+00,5.703766247000000011e-02
1.940000000000000000e+02,3.332554368799999907e+02,-4.894197437135416884e+00,1.375270079626666753e-01
1.940500000000000114e+02,3.120889424800000143e+02,-4.892908257812499606e+00,5.720794112233334311e-02
1.941000000000000227e+02,3.146937898499999733e+02,-4.893060160885416288e+00,-1.894174011756666609e-01
1.941500000000000057e+02,3.604448964399999795e+02,-4.897953754114583447e+00,-1.827943706666668167e-03
1.942000000000000171e+02,3.483445098400000006e+02,-4.896203346145832747e+00,-1.727042441116666271e-01
1.942500000000000000e+02,3.087461785899999995e+02,-4.891543496822916559e+00,6.926913673333322079e-03
1.943000000000000114e+02,3.450089696300000242e+02,-4.896232513333333536e+00,-9.346462897666667213e-02
1.943500000000000227e+02,3.298869128399999795e+02,-4.895114705520833276e+00,1.251513030246666769e-01
1.944000000000000057e+02,2.978127485900000124e+02,-4.891893057447917137e+00,-1.212702342499999836e-01
1.944500000000000171e+02,3.178906894099999931e+02,-4.893978919010416817e+00,5.718608094666666197e-02
1.945000000000000000e+02,3.605036056000000144e+02,-4.897932336614583271e+00,-2.786058329156666513e-01
1.945500000000000114e+02,3.476592128300000013e+02,-4.894340930260416833e+00,-3.098620207966666928e-01
1.946000000000000227e+02,3.534199839600000246e+02,-4.892363380729166877e+00,-1.161311202073333354e-01
1.946500000000000057e+02,3.609575021599999900e+02,-4.890387770260416822e+00,-1.531382552296666477e-01
1.947000000000000171e+02,3.868363635900000190e+02,-4.891650402916666529e+00,1.236843040266668269e-02
1.947500000000000000e+02,3.576060111900000038e+02,-4.887639660312499856e+00,-2.471926536483333159e-01
1.948000000000000114e+02,3.466427646800000275e+02,-4.888327428020833310e+00,-1.435980518783333271e-01
1.948500000000000227e+02,3.439191603599999780e+02,-4.892888945416666857e+00,1.209062011350000160e-01
1.949000000000000057e+02,3.567590259400000150e+02,-4.897673829479166407e+00,4.702496700083333425e-02
1.949500000000000171e+02,3.122459480200000144e+02,-4.893476354583333077e+00,-5.645374920300000321e-01
1.950000000000000000e+02,3.380003373800000190e+02,-4.896798318802082939e+00,-9.827627711233334618e-02
1.950500000000000114e+02,3.289359415800000193e+02,-4.895278734010417132e+00,-5.712207536666665669e-02
1.951000000000000227e+02,3.465335641899999928e+02,-4.896700971718749962e+00,-1.445893431666659843e-03
1.951500000000000057e+02,3.571447252300000059e+02,-4.896441503697916531e+00,-2.565852717823333129e-01
1.952000000000000171e+02,3.514868213500000138e+02,-4.893633361874999643e+00,-6.294750302700000133e-02
1.952500000000000000e+02,3.534092538799999943e+02,-4.890932727812500325e+00,9.755415081783332110e-02
1.953000000000000114e+02,3.778259267999999906e+02,-4.891048925104166223e+00,1.174388864333334760e-02
1.953500000000000227e+02,3.928157609099999945e+02,-4.892813330937499927e+00,-4.715526818433333350e-02
1.954000000000000057e+02,3.452313231900000119e+02,-4.888303439479166457e+00,-4.050308724499999680e-01
1.954500000000000171e+02,3.662934657100000209e+02,-4.892307060520833417e+00,4.001695890800000543e-01
1.955000000000000000e+02,3.562158265699999902e+02,-4.892857560572916320e+00,-3.941949624666666874e-01
1.955500000000000114e+02,3.534649109000000067e+02,-4.894735595312499576e+00,9.226408385999999850e-02
1.956000000000000227e+02,3.216593067599999927e+02,-4.892594271197916456e+00,-1.092596978866666735e-01
1.956500000000000057e+02,3.346951257900000201e+02,-4.894915473906249481e+00,-5.155761705000001978e-03
1.957000000000000171e+02,3.204471180900000036e+02,-4.892906377395832784e+00,-4.162196337733333196e-01
1.957500000000000000e+02,3.289277842800000258e+02,-4.893081995416666885e+00,1.715620066199999641e-02
1.958000000000000114e+02,3.499567004400000201e+02,-4.894809289531250052e+00,-1.299218412116666388e-01
1.958500000000000227e+02,3.850332209300000272e+02,-4.897814081822916776e+00,-1.855684186899999866e-01
1.959000000000000057e+02,3.504206817599999795e+02,-4.892073054427083179e+00,1.238387264166666696e-01
1.959500000000000171e+02,3.460547181599999931e+02,-4.890602226510416095e+00,-1.841396707136666588e-01
1.960000000000000000e+02,3.796786771299999828e+02,-4.893786977239583003e+00,-1.968711004333333348e-01
1.960500000000000114e+02,3.612031071600000018e+02,-4.892111608333332917e+00,1.857330061499999907e-01
1.961000000000000227e+02,3.439833903699999951e+02,-4.892838156145833395e+00,8.316609306333331078e-03
1.961500000000000057e+02,3.410747812199999771e+02,-4.895586832708333169e+00,-3.306764023566666766e-01
1.962000000000000171e+02,3.186197511099999815e+02,-4.894858897447917023e+00,-4.013199825473334065e-02
1.962500000000000000e+02,3.372165901999999846e+02,-4.897844746197916876e+00,-9.984472296333334052e-02
1.963000000000000114e+02,3.437104201299999886e+02,-4.898560859375000298e+00,-2.360197240466666846e-01
1.963500000000000227e+02,3.281475470299999984e+02,-4.896005831979166167e+00,2.216314380833333264e-01
1.964000000000000057e+02,3.397575357299999723e+02,-4.896601473177082831e+00,-1.100971976443333306e-01
1.964500000000000171e+02,3.228624838800000134e+02,-4.893495091406250275e+00,-5.099973024266666322e-01
1.965000000000000000e+02,3.425006504500000233e+02,-4.894065455937499642e+00,1.136288959933333259e-01
1.965500000000000114e+02,3.543264636800000176e+02,-4.893809094583333241e+00,-1.163117393176666542e-01
1.966000000000000227e+02,3.535317652900000098e+02,-4.893277536822917106e+00,5.924333046333333380e-02
1.966500000000000057e+02,3.436199840300000119e+02,-4.892727988437500564e+00,-1.659607701399999913e-01
1.967000000000000171e+02,3.329744942400000127e+02,-4.892024512291667016e+00,-2.035675307233333342e-01
1.967500000000000000e+02,3.567980170999999814e+02,-4.895658342187499734e+00,-9.189776790700000808e-02
1.968000000000000114e+02,3.094827884200000199e+02,-4.892270567604167120e+00,2.025157931166666481e-01
1.968500000000000227e+02,3.318879675300000258e+02,-4.898516240572916125e+00,-1.578302393933333214e-01
1.969000000000000057e+02,3.229529387900000188e+02,-4.899325619635416906e+00,-1.613165081266666467e-01
1.969500000000000171e+02,3.183502642700000251e+02,-4.898830014999999705e+00,-1.686357348853000093e-01
1.970000000000000000e+02,3.389618663499999798e+02,-4.900272841249999622e+00,-8.081387189900000878e-02
1.970500000000000114e+02,3.303417348400000151e+02,-4.898306805364582850e+00,-2.602129712556666696e-01
1.971000000000000227e+02,3.373120210600000064e+02,-4.898244171666666702e+00,-7.646455186666660346e-03
1.971500000000000057e+02,3.224396898599999872e+02,-4.894987171562499739e+00,-2.315860000493333570e-01
1.972000000000000171e+02,3.492784205300000053e+02,-4.896793344062499997e+00,2.092257524933333335e-01
1.972500000000000000e+02,3.347851410700000088e+02,-4.894004755416666796e+00,1.353101283300000256e-02
1.973000000000000114e+02,3.310427481899999975e+02,-4.892717039687499714e+00,4.457760024999999487e-02
1.973500000000000227e+02,3.556556089700000030e+02,-4.894797589166667073e+00,1.608159804400000059e-02
1.974000000000000057e+02,3.464299877999999921e+02,-4.892745041718749910e+00,-1.071015072936666729e-01
1.974500000000000171e+02,3.533061149800000180e+02,-4.893158870625000212e+00,-1.642109453549999987e-01
1.975000000000000000e+02,3.340041920300000129e+02,-4.890373571197916824e+00,-4.625771367099999476e-01
1.975500000000000114e+02,3.443390089800000169e+02,-4.890415923750000005e+00,8.488551745866786949e-04
1.976000000000000227e+02,4.008662580399999911e+02,-4.895324479374999704e+00,-4.326153290999999040e-02
1.976500000000000057e+02,3.591923670200000061e+02,-4.889922900364583214e+00,-3.115936073033333531e-01
1.977000000000000171e+02,3.763193504600000097e+02,-4.893268802291666830e+00,-3.161181193000000417e-02
1.977500000000000000e+02,3.745974828099999741e+02,-4.896671955312499769e+00,1.974861052366666814e-01
1.978000000000000114e+02,3.310317322399999966e+02,-4.894862274843750249e+00,-3.307217384700000262e-01
1.978500000000000227e+02,3.300885544999999865e+02,-4.896649654062500190e+00,4.374765563256666906e-02
1.979000000000000057e+02,3.328203254200000174e+02,-4.898165553750000178e+00,-8.109009615733334120e-02
1.979500000000000171e+02,3.320844016400000100e+02,-4.898392901354166717e+00,-1.227985679520000040e-01
1.980000000000000000e+02,3.618104562500000156e+02,-4.901735051250000197e+00,-1.555352703666662562e-03
1.980500000000000114e+02,3.266138770200000181e+02,-4.897045992916666535e+00,-2.768449149266666853e-01
1.981000000000000227e+02,3.463096037999999908e+02,-4.898784674791666127e+00,-2.069493648700000132e-01
1.981500000000000057e+02,3.611628712500000233e+02,-4.898268576979166511e+00,-6.407478299333332905e-02
1.982000000000000171e+02,3.196150826900000084e+02,-4.889930586145832869e+00,-4.177733932766999891e-01
1.982500000000000000e+02,3.607682778800000278e+02,-4.892522584062500179e+00,2.422532811199999969e-01
1.983000000000000114e+02,3.648965013100000192e+02,-4.892531041822916649e+00,-8.428561674666666670e-02
1.983500000000000227e+02,3.684094077899999888e+02,-4.894139722708333196e+00,1.188496579083333365e-01
1.984000000000000057e+02,3.357080957800000078e+02,-4.892904213593749496e+00,-1.907301658083333518e-01
1.984500000000000171e+02,3.374696438400000034e+02,-4.895410138541666178e+00,4.542171577366666685e-02
1.985000000000000000e+02,3.222787909499999728e+02,-4.894187277135416458e+00,6.132930285700000095e-02
1.985500000000000114e+02,3.548915433799999732e+02,-4.898422240989583010e+00,-1.090134035590000078e-01
1.986000000000000227e+02,3.250072331299999746e+02,-4.894978560260416778e+00,-5.180070198500000833e-01
1.986500000000000057e+02,3.283684608300000036e+02,-4.895144333437499995e+00,-1.336419128799999911e-01
1.987000000000000171e+02,3.109347369899999762e+02,-4.892187987760416412e+00,4.244118032606999935e-02
1.987500000000000000e+02,3.470852025400000116e+02,-4.895387276406250265e+00,-1.143174137429999876e-01
1.988000000000000114e+02,3.484144052999999985e+02,-4.894218949322916679e+00,-1.002208990580000098e-01
1.988500000000000227e+02,3.564363690399999882e+02,-4.893932469479167047e+00,-1.975957959566665423e-02
1.989000000000000057e+02,3.782128158200000030e+02,-4.895553406093750226e+00,4.777533953499999569e-02
1.989500000000000171e+02,3.420762834000000225e+02,-4.891371999739583920e+00,7.766150284666669019e-03
1.990000000000000000e+02,3.492410672799999816e+02,-4.894221940572916374e+00,4.103725364333332681e-02
1.990500000000000114e+02,3.454781367300000170e+02,-4.897080007500000498e+00,-5.634054977999999325e-01
1.991000000000000227e+02,3.251742018799999983e+02,-4.896863728437500285e+00,-2.109064692406666941e-01
1.991500000000000057e+02,3.266596877000000063e+02,-4.898269333906250189e+00,2.125670538959999745e-01
1.992000000000000171e+02,3.294098603300000150e+02,-4.899194569635416663e+00,-2.063969354548000068e-01
1.992500000000000000e+02,3.246886490599999888e+02,-4.898117406406250041e+00,-3.178388265666668658e-03
1.993000000000000114e+02,3.168846034399999780e+02,-4.894973897343749769e+00,-2.281803714623333590e-01
1.993500000000000227e+02,3.442827164199999856e+02,-4.895134565156250339e+00,-8.057041250666667487e-02
1.994000000000000057e+02,3.481754836700000055e+02,-4.893890608177083656e+00,-6.465795569666661635e-02
1.994500000000000171e+02,3.372853259699999739e+02,-4.892107557239583571e+00,1.243115307199999832e-02
1.995000000000000000e+02,3.566939794699999879e+02,-4.894621219635416409e+00,1.599637657950000180e-01
1.995500000000000114e+02,3.391381824599999959e+02,-4.893318616927083475e+00,-3.097522950999999705e-02
1.996000000000000227e+02,3.456525979699999880e+02,-4.895074122083333812e+00,2.166050303453332937e-01
1.996500000000000057e+02,3.210623085099999798e+02,-4.892990417916666779e+00,5.935643095666665731e-02
1.997000000000000171e+02,3.438111472200000094e+02,-4.896666303645833551e+00,1.827186580359999868e-01
1.997500000000000000e+02,3.539353115800000182e+02,-4.898939324791666827e+00,1.274137507439999928e-01
1.998000000000000114e+02,3.130329734700000017e+02,-4.894910535520833328e+00,-1.143567072029999937e-01
1.998500000000000227e+02,3.154239814499999852e+02,-4.895911857864583716e+00,2.409980817666666428e-02
1.999000000000000057e+02,3.561454966599999921e+02,-4.901312868125000222e+00,-1.722764950690000019e-01
1.999500000000000171e+02,3.365377242199999728e+02,-4.898730459739582876e+00,-5.857931142999997509e-03
2.000000000000000000e+02,2.879465289999999982e+02,-4.891769169739583312e+00,-1.098086486361233294e-01
