lag_ps,Li_A2,Zr_A2,O_A2,Cl_A2
0.000000000000000000e+00,0.000000000000000000e+00,0.000000000000000000e+00,0.000000000000000000e+00,0.000000000000000000e+00
1.000000000000000056e-01,1.048097863809693386e+00,1.242143328711002442e-01,1.833393053403124251e-01,3.482130418592377930e-01
2.000000000000000111e-01,1.866138149964058801e+00,2.717939176902172682e-01,3.010235545551567249e-01,7.260898532622959145e-01
2.999999999999999889e-01,2.500567546392758800e+00,4.137846160382161464e-01,3.969696013200564311e-01,1.047875902791585601e+00
4.000000000000000222e-01,3.087442577882347106e+00,5.708425898940896470e-01,4.880701499840804924e-01,1.375382681736076362e+00
5.000000000000000000e-01,3.650024874962034982e+00,7.078944026919586907e-01,5.758404147149506214e-01,1.674809367074167277e+00
5.999999999999999778e-01,4.195660067512039682e+00,8.402827429102186496e-01,6.549575709155420755e-01,1.965516023323524930e+00
6.999999999999999556e-01,4.720395202137960489e+00,9.634665820727140728e-01,7.264822795316505655e-01,2.219876540712577562e+00
8.000000000000000444e-01,5.225408986152967117e+00,1.081320566377729664e+00,7.941770398693647204e-01,2.459035814903424377e+00
9.000000000000000222e-01,5.731471246879171311e+00,1.195904391548878953e+00,8.568762530222755469e-01,2.695201413604039420e+00
1.000000000000000000e+00,6.221851030852312725e+00,1.304497844514966420e+00,9.157396580006842424e-01,2.918732655991341129e+00
1.100000000000000089e+00,6.696677049226768652e+00,1.409181973761395312e+00,9.715712348263538800e-01,3.135671805856839800e+00
1.199999999999999956e+00,7.163567479880455835e+00,1.510336648947732563e+00,1.024550025159734368e+00,3.344141052971041361e+00
1.300000000000000044e+00,7.625871231109674575e+00,1.606980809817684097e+00,1.077103233758640810e+00,3.547623548528554327e+00
1.399999999999999911e+00,8.086884671244607858e+00,1.699059188297895595e+00,1.124143152461803741e+00,3.745597941935824515e+00
1.500000000000000000e+00,8.540069814761677591e+00,1.787685211675432928e+00,1.168613913359532797e+00,3.936437582461554285e+00
1.600000000000000089e+00,8.986477580823114764e+00,1.872448330406333294e+00,1.212830621663498309e+00,4.123841066315979020e+00
1.699999999999999956e+00,9.435853413570569614e+00,1.953415614688378987e+00,1.255582732543756297e+00,4.305728845997276011e+00
1.800000000000000044e+00,9.882084363728283805e+00,2.032317429670122078e+00,1.295135547446378377e+00,4.483477947387664031e+00
1.899999999999999911e+00,1.032033763742575161e+01,2.110986880408484812e+00,1.336858247002508548e+00,4.658452889355701565e+00
2.000000000000000000e+00,1.075083347359924169e+01,2.188082493615203461e+00,1.376039349767729902e+00,4.829976286866028978e+00
2.100000000000000089e+00,1.117812053512982473e+01,2.263377076520734388e+00,1.415253930586703346e+00,4.998413136527378064e+00
2.200000000000000178e+00,1.159933028285021095e+01,2.337992951519513696e+00,1.452330180002947113e+00,5.162990660295628587e+00
2.299999999999999822e+00,1.202540574881648006e+01,2.410994605739383179e+00,1.489384476054857354e+00,5.325467532980352914e+00
2.399999999999999911e+00,1.245215605261232206e+01,2.483216374814026572e+00,1.529146151361349126e+00,5.486561384044798650e+00
2.500000000000000000e+00,1.288261988749048825e+01,2.555564323938926297e+00,1.565579687364482497e+00,5.644138283375604637e+00
2.600000000000000089e+00,1.331341562231893683e+01,2.625822653540524243e+00,1.601990971987765411e+00,5.797849311555177465e+00
2.700000000000000178e+00,1.374100346037656273e+01,2.694421599136837653e+00,1.637498414849719808e+00,5.949998630767242780e+00
2.799999999999999822e+00,1.416362523888303215e+01,2.762203003266569201e+00,1.674304524085188595e+00,6.099825024097716764e+00
2.899999999999999911e+00,1.458698113836343779e+01,2.827231581210762457e+00,1.705256025391377994e+00,6.246426617412828897e+00
3.000000000000000000e+00,1.500121543424580217e+01,2.892119722155775730e+00,1.739119044262921632e+00,6.392167049030466508e+00
3.100000000000000089e+00,1.542712481308756445e+01,2.958180540364788058e+00,1.773755195918870209e+00,6.537649553648113177e+00
3.200000000000000178e+00,1.584712257878809538e+01,3.024072524022052733e+00,1.807603290269840679e+00,6.683420017125310864e+00
3.299999999999999822e+00,1.626503331084199289e+01,3.090301185041576471e+00,1.842479054853319420e+00,6.827913743853656570e+00
3.399999999999999911e+00,1.668365372892385423e+01,3.155002216573871809e+00,1.877295903795586529e+00,6.970055825400014449e+00
3.500000000000000000e+00,1.710393682346942512e+01,3.219133853028086634e+00,1.911846084647615296e+00,7.113319442411411231e+00
3.600000000000000089e+00,1.752081453870446026e+01,3.283145569101413752e+00,1.947338018668067994e+00,7.255906431544996593e+00
3.700000000000000178e+00,1.793798214004860725e+01,3.345676890748327192e+00,1.977850201465839008e+00,7.396531019052780209e+00
3.799999999999999822e+00,1.834398170200558198e+01,3.407534956850503782e+00,2.007037344380880217e+00,7.535845680267469149e+00
3.899999999999999911e+00,1.875474443838651695e+01,3.470002413338352465e+00,2.036008062345715519e+00,7.674607672940971348e+00
4.000000000000000000e+00,1.916603281946007087e+01,3.532531830678673934e+00,2.065414282908276444e+00,7.812556069318486784e+00
4.099999999999999645e+00,1.958520344736342267e+01,3.594789039377411566e+00,2.095506447790989046e+00,7.949329745795043145e+00
4.200000000000000178e+00,2.000299941394786529e+01,3.655707034770876884e+00,2.127362685232631723e+00,8.085343149986387701e+00
4.299999999999999822e+00,2.042163572971233876e+01,3.718155099298614541e+00,2.157037420352456714e+00,8.221149819630820588e+00
4.400000000000000355e+00,2.084503289543109261e+01,3.780254059842426351e+00,2.186651523501825345e+00,8.357172591826696362e+00
4.500000000000000000e+00,2.127183800499858179e+01,3.841579664147565687e+00,2.216528395092656645e+00,8.492614018758384731e+00
4.599999999999999645e+00,2.169199167502309678e+01,3.902936512796982171e+00,2.246108059881080088e+00,8.627762544981381510e+00
4.700000000000000178e+00,2.211391603312313237e+01,3.962561899232848628e+00,2.274176141207633339e+00,8.762683634708531955e+00
4.799999999999999822e+00,2.253143753310929398e+01,4.021492334215659881e+00,2.301029432723224577e+00,8.895644665110559401e+00
4.900000000000000355e+00,2.294303615038809596e+01,4.081103333418026224e+00,2.327516063623437326e+00,9.029437151766572356e+00
5.000000000000000000e+00,2.335562593852057844e+01,4.140214311195352437e+00,2.356555788346044178e+00,9.161608582863220107e+00
5.099999999999999645e+00,2.376773080241903813e+01,4.199857695804277924e+00,2.381115866087234689e+00,9.291031244056373595e+00
5.200000000000000178e+00,2.417335795118934172e+01,4.258550479692209123e+00,2.405945559479027995e+00,9.419454493787309701e+00
5.299999999999999822e+00,2.457533923425822309e+01,4.317444099672453461e+00,2.431774374070274636e+00,9.546801860327560618e+00
5.400000000000000355e+00,2.498378912631882187e+01,4.377160211906538478e+00,2.462817532128755094e+00,9.674315078868165330e+00
5.500000000000000000e+00,2.539587210400487294e+01,4.437430474037793893e+00,2.492294272852358272e+00,9.802264548643011111e+00
5.599999999999999645e+00,2.579341924400868535e+01,4.499448774468431722e+00,2.524850181225589907e+00,9.931580903729965826e+00
5.700000000000000178e+00,2.619346837932189231e+01,4.562753736681870009e+00,2.555049361214553283e+00,1.006161769631606973e+01
5.799999999999999822e+00,2.659698849940835075e+01,4.627168799840000624e+00,2.587387783961783594e+00,1.019209878103788647e+01
5.900000000000000355e+00,2.699540069220668670e+01,4.690094843029142702e+00,2.620299401562003805e+00,1.032190751991551458e+01
6.000000000000000000e+00,2.738595899914349019e+01,4.752060098420064271e+00,2.649177070679553214e+00,1.045024887969567828e+01
6.099999999999999645e+00,2.778078274824910210e+01,4.813732684760224423e+00,2.678885950388157244e+00,1.057759860471702140e+01
6.200000000000000178e+00,2.817485893739544878e+01,4.873237495490570836e+00,2.707607261648096841e+00,1.070116900874651655e+01
6.299999999999999822e+00,2.856651843897064680e+01,4.933109617418706350e+00,2.734028542634723724e+00,1.082340030048944435e+01
6.400000000000000355e+00,2.896277224090396629e+01,4.991670287393300320e+00,2.764047229901598790e+00,1.094545649864470960e+01
6.500000000000000000e+00,2.936154415652860195e+01,5.049435268980608349e+00,2.792512661993244993e+00,1.106657523648834740e+01
6.599999999999999645e+00,2.975138011790185999e+01,5.107677170029501390e+00,2.817769600453890355e+00,1.118791488292593961e+01
6.700000000000000178e+00,3.014150956023891581e+01,5.165310414556611995e+00,2.843209313858010123e+00,1.130899895007515710e+01
6.799999999999999822e+00,3.053869894774977567e+01,5.222500367595214854e+00,2.865884552510157057e+00,1.143014095875898661e+01
6.900000000000000355e+00,3.093379233760958869e+01,5.280910023909015649e+00,2.888959379978821129e+00,1.154940207396081497e+01
7.000000000000000000e+00,3.133137119992702324e+01,5.340103651959021924e+00,2.915575414913062602e+00,1.166817966753312596e+01
7.099999999999999645e+00,3.171846517811566457e+01,5.399901727972964416e+00,2.939488188463233342e+00,1.178690631762986740e+01
7.200000000000000178e+00,3.210292646060677413e+01,5.460076748443285055e+00,2.963725022459252845e+00,1.190497165787756906e+01
7.299999999999999822e+00,3.248880595255093340e+01,5.520771323796759944e+00,2.990591788662059880e+00,1.202400173581494514e+01
7.400000000000000355e+00,3.287832335353536450e+01,5.582910155861391388e+00,3.019281338249929281e+00,1.214514820799500860e+01
7.500000000000000000e+00,3.325715368721216691e+01,5.645256974998949850e+00,3.047904744310558911e+00,1.226764284677895667e+01
7.599999999999999645e+00,3.363593031529998711e+01,5.707369314817625217e+00,3.075262452913080313e+00,1.238949548629662267e+01
7.700000000000000178e+00,3.401801317652290635e+01,5.770580072704218466e+00,3.103674158349758461e+00,1.251308706162581785e+01
7.799999999999999822e+00,3.440078646779402760e+01,5.833619488311727608e+00,3.133234135681170596e+00,1.263755619561418442e+01
7.900000000000000355e+00,3.478373542192677803e+01,5.896847146739136569e+00,3.162672609785380118e+00,1.276025779638067092e+01
8.000000000000000000e+00,3.517276307839595972e+01,5.959335188273573891e+00,3.191744417634545528e+00,1.288134400769795285e+01
8.099999999999999645e+00,3.556340992834552139e+01,6.021926769488628928e+00,3.221824302012853636e+00,1.300199298012180726e+01
8.199999999999999289e+00,3.596443077877773220e+01,6.083805059496366852e+00,3.252784237261825862e+00,1.312106489897837314e+01
8.300000000000000711e+00,3.636349654978415202e+01,6.144654443364129470e+00,3.282376261491481539e+00,1.323901116117180621e+01
8.400000000000000355e+00,3.674882168996670373e+01,6.206214080800322108e+00,3.310013603550637562e+00,1.335616389630477840e+01
8.500000000000000000e+00,3.713234300003009736e+01,6.267327305132988968e+00,3.335670813175277249e+00,1.347461221887996885e+01
8.599999999999999645e+00,3.751678520472032119e+01,6.328380443210527950e+00,3.361294129182670787e+00,1.359464176468130425e+01
8.699999999999999289e+00,3.790026145704826632e+01,6.390169596625348447e+00,3.388401600224104193e+00,1.371339059057989473e+01
8.800000000000000711e+00,3.828573141628678655e+01,6.450575799134668387e+00,3.416017265582866891e+00,1.382980661016625845e+01
8.900000000000000355e+00,3.866599897061988145e+01,6.510171739716212436e+00,3.444802509382043798e+00,1.394521490450697421e+01
9.000000000000000000e+00,3.904438455756387327e+01,6.568347085180892719e+00,3.471694449575353669e+00,1.405957732606868582e+01
9.099999999999999645e+00,3.941841626567308765e+01,6.626313163908454484e+00,3.501635369525588182e+00,1.417357425000855642e+01
9.199999999999999289e+00,3.979433156163397456e+01,6.683009710254351532e+00,3.528588862880186028e+00,1.428488010290392829e+01
9.300000000000000711e+00,4.016666292926824156e+01,6.738992621209546563e+00,3.553334106555119831e+00,1.439398035507751494e+01
9.400000000000000355e+00,4.053849997252021353e+01,6.793386811483919985e+00,3.576612955724005616e+00,1.450268475041100835e+01
9.500000000000000000e+00,4.090736890821423799e+01,6.848190544425374782e+00,3.599956563043890334e+00,1.461181684014398208e+01
9.599999999999999645e+00,4.127266302764436290e+01,6.902187544946930764e+00,3.623486656735657174e+00,1.471898664182936578e+01
9.699999999999999289e+00,4.164467305078224513e+01,6.955711661031637405e+00,3.645715492067564956e+00,1.482463547365208356e+01
9.800000000000000711e+00,4.201346609586837388e+01,7.009088821156177929e+00,3.665855795962562169e+00,1.493025507277945785e+01
9.900000000000000355e+00,4.239029143723936954e+01,7.062736040326534237e+00,3.690059900265502346e+00,1.503455433142887010e+01
1.000000000000000000e+01,4.276683313063016811e+01,7.116323395065746737e+00,3.714028293393187852e+00,1.513857109274678159e+01
1.009999999999999964e+01,4.314605759683408337e+01,7.169676719247986441e+00,3.736986981701869492e+00,1.524204465010715026e+01
1.019999999999999929e+01,4.352011326859973650e+01,7.223480112762307392e+00,3.758895932468869105e+00,1.534485217456327355e+01
1.030000000000000071e+01,4.388932856071802746e+01,7.276556426182340331e+00,3.781693515187146470e+00,1.544819995381073063e+01
1.040000000000000036e+01,4.425868879531279987e+01,7.329840696941216649e+00,3.803984127065315413e+00,1.555174996907379636e+01
1.050000000000000000e+01,4.462613405074935002e+01,7.383611665706466098e+00,3.826734278855780325e+00,1.565596613588423658e+01
1.059999999999999964e+01,4.499499834338110560e+01,7.438097240816993860e+00,3.850487749686382966e+00,1.576004331278017290e+01
1.069999999999999929e+01,4.536618336144449160e+01,7.493633251954689101e+00,3.875199273794192933e+00,1.586557542878549754e+01
1.080000000000000071e+01,4.573943694311014951e+01,7.549519970208319108e+00,3.900840958110341816e+00,1.597056073917184449e+01
1.090000000000000036e+01,4.611712459486034277e+01,7.606371519455985997e+00,3.927300956394658371e+00,1.607540552585971128e+01
1.100000000000000000e+01,4.648985515105059108e+01,7.663984440106355933e+00,3.954988511988721811e+00,1.618011142183440754e+01
1.109999999999999964e+01,4.685272972633253374e+01,7.721688336808744779e+00,3.982636089292781900e+00,1.628493251942862585e+01
1.119999999999999929e+01,4.721823241359680168e+01,7.779977880726594464e+00,4.009721918861343326e+00,1.639017344142093435e+01
1.130000000000000071e+01,4.758194885650904382e+01,7.839617554484198614e+00,4.037544431983169702e+00,1.649638033017289374e+01
1.140000000000000036e+01,4.794764152223640252e+01,7.900212523033135703e+00,4.065916568834866851e+00,1.660210374598012351e+01
1.150000000000000000e+01,4.831549001396327014e+01,7.960757418650861617e+00,4.094776936048125648e+00,1.670820867250271036e+01
1.159999999999999964e+01,4.867547942794039528e+01,8.021643855491884523e+00,4.122490354134519919e+00,1.681658968308794755e+01
1.169999999999999929e+01,4.903668400238114344e+01,8.081914398344833828e+00,4.149700552873383685e+00,1.692466341529682694e+01
1.180000000000000071e+01,4.939205512279841770e+01,8.140757340192312341e+00,4.174933416415757215e+00,1.703077761985741390e+01
1.190000000000000036e+01,4.975823326867987362e+01,8.197758486522030097e+00,4.198932099204778723e+00,1.713576452819052065e+01
1.200000000000000000e+01,5.012329902236491108e+01,8.253443228537154397e+00,4.222162469287736641e+00,1.723821272735508003e+01
1.209999999999999964e+01,5.048325920563593172e+01,8.308300509269791689e+00,4.248740666860244097e+00,1.733917759536958769e+01
1.219999999999999929e+01,5.084485304920509208e+01,8.363085291956867451e+00,4.269585453521848706e+00,1.743972312623828813e+01
1.230000000000000071e+01,5.119993676932943316e+01,8.417741821392482393e+00,4.293403750363777860e+00,1.753868061426032909e+01
1.240000000000000036e+01,5.155983782606320887e+01,8.472109751749956175e+00,4.314036472825329760e+00,1.763726396261205664e+01
1.250000000000000000e+01,5.192962897065238081e+01,8.526422536831505639e+00,4.335965164380987780e+00,1.773509867051824074e+01
1.259999999999999964e+01,5.229742628685822581e+01,8.581680875150228260e+00,4.356588273826324631e+00,1.783270140606555287e+01
1.269999999999999929e+01,5.266109960161915637e+01,8.636145416361747706e+00,4.376414149076641280e+00,1.793305539724669728e+01
1.280000000000000071e+01,5.303085208559716790e+01,8.689621110094574163e+00,4.396820186786746021e+00,1.803223663938166155e+01
1.290000000000000036e+01,5.339650533434972601e+01,8.743081653643892892e+00,4.417712581438417274e+00,1.813102115394628555e+01
1.300000000000000000e+01,5.376430723762388197e+01,8.796357205565794146e+00,4.439563537556666439e+00,1.823002562706201957e+01
1.309999999999999964e+01,5.412714018676945216e+01,8.848983435780766627e+00,4.461274895390309858e+00,1.832807797042448428e+01
1.319999999999999929e+01,5.448488378373316010e+01,8.901569119167278998e+00,4.483401082024054851e+00,1.842357343626846244e+01
1.330000000000000071e+01,5.485485643584368631e+01,8.953662217641621623e+00,4.503932677310560351e+00,1.851658836711192180e+01
1.340000000000000036e+01,5.522098410512917610e+01,9.005363699071443406e+00,4.524650238765048016e+00,1.860806962881646243e+01
1.350000000000000000e+01,5.558572516920808937e+01,9.055709195372076081e+00,4.547366287445382405e+00,1.869904007318411132e+01
1.359999999999999964e+01,5.595175381881350063e+01,9.105120903442868396e+00,4.569183632059178102e+00,1.878905422336956121e+01
1.369999999999999929e+01,5.631183887769426377e+01,9.154768996310311380e+00,4.592303069832008866e+00,1.888005935206218666e+01
1.380000000000000071e+01,5.667220259964939544e+01,9.203670727869377899e+00,4.616123664489642842e+00,1.896940968255388427e+01
1.390000000000000036e+01,5.703488394873465950e+01,9.253465059912697299e+00,4.638585874418200028e+00,1.905813116105344918e+01
1.400000000000000000e+01,5.740214571567960178e+01,9.301620748168426545e+00,4.657855661932665647e+00,1.914661127947865182e+01
1.409999999999999964e+01,5.776120205478398617e+01,9.348844777463913402e+00,4.677648126076763724e+00,1.923457886577133991e+01
1.419999999999999929e+01,5.811975941138427970e+01,9.395623412477666747e+00,4.692578672912068427e+00,1.932202969063535392e+01
1.430000000000000071e+01,5.847486474282475655e+01,9.442029584250411389e+00,4.707693519809957650e+00,1.940878820773412272e+01
1.440000000000000036e+01,5.883315036397500108e+01,9.488997818058161116e+00,4.724123179434633890e+00,1.949618309507041403e+01
1.450000000000000000e+01,5.919327401660724064e+01,9.534962219361952762e+00,4.741170806319174424e+00,1.958518767163091923e+01
1.459999999999999964e+01,5.955751348556248814e+01,9.581743575714586569e+00,4.759107161669831498e+00,1.967296986435955120e+01
1.469999999999999929e+01,5.991967655869083131e+01,9.631053756129919208e+00,4.778737577472994325e+00,1.976109436151450183e+01
1.480000000000000071e+01,6.028535240048091026e+01,9.680925828227557872e+00,4.799327484674464905e+00,1.985051086194604153e+01
1.490000000000000036e+01,6.065211284438420591e+01,9.730963872904048628e+00,4.822555468472994100e+00,1.994052716644403134e+01
1.500000000000000000e+01,6.101801129314828387e+01,9.780612822815740515e+00,4.845166901036760621e+00,2.003187920068442907e+01
1.509999999999999964e+01,6.138699424894351608e+01,9.831857259919665637e+00,4.865052627686941911e+00,2.012220315448038832e+01
1.519999999999999929e+01,6.175712271650869667e+01,9.883988805616006346e+00,4.887009737900531725e+00,2.021399030080523929e+01
1.530000000000000071e+01,6.213523168144213571e+01,9.936530723162093182e+00,4.908521098313546993e+00,2.030715609044755254e+01
1.540000000000000036e+01,6.251592977386202676e+01,9.988385043354604420e+00,4.931935280554855083e+00,2.039950857331253076e+01
1.550000000000000000e+01,6.289192842730373911e+01,1.003943693164123907e+01,4.953785188206409451e+00,2.049099500998573831e+01
1.559999999999999964e+01,6.325631705456280685e+01,1.008906962273057850e+01,4.974213627275016592e+00,2.057964030696259883e+01
1.569999999999999929e+01,6.361895041659679606e+01,1.013766065168070618e+01,4.994689547530186680e+00,2.066794198506111258e+01
1.580000000000000071e+01,6.397730221243674720e+01,1.018587499034345889e+01,5.010714372467361066e+00,2.075635411550184273e+01
1.590000000000000036e+01,6.434014956584442757e+01,1.023272476654437568e+01,5.029125391622395469e+00,2.084594495845495743e+01
1.600000000000000000e+01,6.470893712681147747e+01,1.027884224891319853e+01,5.045048284516847836e+00,2.093644889256119512e+01
1.610000000000000142e+01,6.507581154256644140e+01,1.032492744874828539e+01,5.060815320376006454e+00,2.102602880022481102e+01
1.619999999999999929e+01,6.543949013381616453e+01,1.037018446001326311e+01,5.076583338170734372e+00,2.111381397399940241e+01
1.630000000000000071e+01,6.580151905418114211e+01,1.041548723055520931e+01,5.091232974365743402e+00,2.120019434995700536e+01
1.640000000000999947e+01,6.616130323749871422e+01,1.046192243833165136e+01,5.104625605745805927e+00,2.128757451486329089e+01
1.650000000001000089e+01,6.651668888516250888e+01,1.050772371409515848e+01,5.122210457749591050e+00,2.137387330420419218e+01
1.660000000001000231e+01,6.687116495212882228e+01,1.055291568031071492e+01,5.134244630988785474e+00,2.146058796240506794e+01
1.670000000001000018e+01,6.722387605382934339e+01,1.059885346137207840e+01,5.146445754029861597e+00,2.154857946472726837e+01
1.680000000001000160e+01,6.758007725013212053e+01,1.064536963907095313e+01,5.160875522333594922e+00,2.163555247016362060e+01
1.690000000000999947e+01,6.793859283982031627e+01,1.069138157862543359e+01,5.175168035490621321e+00,2.172063278680677456e+01
1.700000000001000089e+01,6.829486705354901233e+01,1.073730238901968548e+01,5.190033076283270930e+00,2.180603417719733628e+01
1.710000000001000231e+01,6.865073444611408604e+01,1.078469967346816283e+01,5.206620017468114092e+00,2.189338433592134692e+01
1.720000000001000018e+01,6.900195614053777149e+01,1.083179142019482022e+01,5.223710495221862260e+00,2.197964684878292374e+01
1.730000000001000160e+01,6.935897831881753461e+01,1.087864847099076648e+01,5.239419527063996718e+00,2.206652974615291640e+01
1.740000000000999947e+01,6.972640131282021514e+01,1.092524358204435053e+01,5.255183801097158103e+00,2.215334911030525689e+01
1.750000000001000089e+01,7.009248862791889678e+01,1.097179838955731412e+01,5.270436887288154182e+00,2.223910777127381166e+01
1.760000000001000231e+01,7.045904562679619687e+01,1.101920516250035220e+01,5.287204819956165203e+00,2.232549244135464050e+01
1.770000000001000018e+01,7.081911330119115178e+01,1.106659605033929594e+01,5.302860805331013339e+00,2.241405349052766383e+01
1.780000000001000160e+01,7.118084735105611571e+01,1.111373523369270622e+01,5.318337238802869571e+00,2.250336336896991085e+01
1.790000000000999947e+01,7.154003830428824529e+01,1.116056075329053066e+01,5.333283858971012314e+00,2.259058244222832457e+01
1.800000000001000089e+01,7.189383015365810081e+01,1.120798979333464906e+01,5.349887165443577786e+00,2.267738390009564498e+01
1.810000000001000231e+01,7.225064928325205926e+01,1.125568129781520810e+01,5.368616277351517141e+00,2.276414239333291789e+01
1.820000000001000018e+01,7.260649688068004082e+01,1.130186415902584685e+01,5.382555554362688177e+00,2.285075955236905543e+01
1.830000000001000160e+01,7.295932293213506625e+01,1.134725238083609256e+01,5.397698771970278031e+00,2.293496022464549711e+01
1.840000000000999947e+01,7.330894586598000728e+01,1.139173914099207785e+01,5.413090988302744933e+00,2.301811949689799874e+01
1.850000000001000089e+01,7.365576536505741956e+01,1.143558881228581647e+01,5.428045453502071460e+00,2.310108710657909370e+01
1.860000000001000231e+01,7.400515021827767725e+01,1.147963460792784751e+01,5.442948374345733420e+00,2.318332713070822493e+01
1.870000000001000018e+01,7.435660348334806713e+01,1.152359087664234849e+01,5.459533351569971771e+00,2.326538810032980109e+01
1.880000000001000160e+01,7.470628695428510468e+01,1.156768665147211195e+01,5.475399233784158604e+00,2.334778222159467376e+01
1.890000000000999947e+01,7.505693115160639195e+01,1.161142838233098828e+01,5.493089228994820772e+00,2.343128111657438950e+01
1.900000000001000089e+01,7.540188700792005250e+01,1.165723741601055963e+01,5.509521790244301442e+00,2.351735280271957862e+01
1.910000000001000231e+01,7.574683763966771721e+01,1.170373416275595702e+01,5.523327369876207094e+00,2.360411964209942326e+01
1.920000000001000018e+01,7.609426235351773471e+01,1.175050722819840843e+01,5.538721160735543769e+00,2.369061046031491458e+01
1.930000000001000160e+01,7.644150949589177912e+01,1.179848046936059980e+01,5.555416329761442285e+00,2.377806816821473390e+01
1.940000000000999947e+01,7.679151036852778134e+01,1.184628260326303462e+01,5.570463566923549159e+00,2.386403961732199264e+01
1.950000000001000089e+01,7.714095478765419500e+01,1.189440306740353037e+01,5.589033768889047238e+00,2.394976065372594576e+01
1.960000000001000231e+01,7.749117670588439921e+01,1.194445742809661759e+01,5.608171954381522717e+00,2.403569649567463529e+01
1.970000000001000018e+01,7.783870379330056721e+01,1.199456972849011116e+01,5.630210155626860669e+00,2.412247829476670802e+01
1.980000000001000160e+01,7.818347726501269790e+01,1.204522731737824515e+01,5.652343385794805997e+00,2.421039792071047003e+01
1.990000000000999947e+01,7.852916262525891966e+01,1.209665550450088922e+01,5.674394987021726955e+00,2.429936123967327433e+01
2.000000000001000089e+01,7.887882363553949006e+01,1.214867902412240497e+01,5.694232953414852361e+00,2.438980615305311517e+01
2.010000000001000231e+01,7.922390043825157591e+01,1.219991651687310785e+01,5.714807992853947916e+00,2.447932225856165545e+01
2.020000000001000018e+01,7.957561702587865682e+01,1.225074273082217502e+01,5.735098160456482574e+00,2.456792339585702223e+01
2.030000000001000160e+01,7.991701440160476011e+01,1.230115853355115618e+01,5.756482789423596813e+00,2.465425710526806569e+01
2.040000000000999947e+01,8.025282505302102720e+01,1.235121483931027342e+01,5.776525414661094260e+00,2.473923515900518666e+01
2.050000000001000089e+01,8.058878161459290368e+01,1.239979640267926442e+01,5.797705717469290754e+00,2.482399044826681944e+01
2.060000000001000231e+01,8.092502070424843907e+01,1.244865930819203648e+01,5.822508877078213629e+00,2.490825039255510731e+01
2.070000000001000018e+01,8.125932621597424088e+01,1.249718587397396341e+01,5.845433987691503575e+00,2.499115599545345034e+01
2.080000000001000160e+01,8.158717098514966892e+01,1.254379448758232840e+01,5.869122119680625360e+00,2.507341862742296001e+01
2.090000000000999947e+01,8.191790086556778760e+01,1.258874932375957023e+01,5.892653009864196711e+00,2.515309434791004861e+01
2.100000000001000089e+01,8.224705130892306215e+01,1.263207087205526769e+01,5.915552243098823659e+00,2.523065573545316198e+01
2.110000000001000231e+01,8.257452250354886303e+01,1.267506981621029460e+01,5.936356573231371669e+00,2.530747824115624667e+01
2.120000000001000018e+01,8.290769614342920590e+01,1.271894167272052556e+01,5.957372995247302683e+00,2.538465955838047350e+01
2.130000000001000160e+01,8.324852484644797812e+01,1.276182367628771530e+01,5.976023592672551565e+00,2.546131835007977529e+01
2.140000000000999947e+01,8.358818806970843696e+01,1.280388980586365655e+01,5.998393388022382311e+00,2.553795038523212924e+01
2.150000000001000089e+01,8.392616274275818000e+01,1.284654367655826235e+01,6.018815947646810827e+00,2.561635401238351761e+01
2.160000000001000231e+01,8.426148295886780204e+01,1.288766220500004600e+01,6.035461530699841148e+00,2.569359280857318240e+01
2.170000000001000018e+01,8.459077463913742179e+01,1.292816985970394050e+01,6.055482328009409443e+00,2.577160570291465547e+01
2.180000000001000160e+01,8.492414379061600016e+01,1.296866768624390254e+01,6.077211779819300830e+00,2.584872394827706898e+01
2.190000000000999947e+01,8.525834715677959252e+01,1.300989771382320548e+01,6.097738443504962191e+00,2.592646164395226194e+01
2.200000000001000089e+01,8.559036257842875273e+01,1.305353649283977902e+01,6.118471496156754341e+00,2.600704622325673299e+01
2.210000000001000231e+01,8.592310197277183192e+01,1.309872701597317857e+01,6.141295864501073787e+00,2.608759946192177992e+01
2.220000000001000018e+01,8.626119391144833060e+01,1.314424788913343534e+01,6.165132720282693768e+00,2.616948222614404074e+01
2.230000000001000160e+01,8.660462046889938392e+01,1.319096173118207815e+01,6.188891528821516275e+00,2.625204900555327114e+01
2.240000000000999947e+01,8.694020772759125748e+01,1.323856006553969422e+01,6.213342064928450093e+00,2.633543533183236462e+01
2.250000000001000089e+01,8.727238237726021453e+01,1.328652288014719041e+01,6.238257242840564487e+00,2.642015548996217689e+01
2.260000000001000231e+01,8.759998656541068840e+01,1.333427335406619640e+01,6.262007861341292170e+00,2.650625743216306418e+01
2.270000000001000018e+01,8.792849029468584376e+01,1.338258222176327195e+01,6.284111413796939161e+00,2.659095939952771559e+01
2.280000000001000160e+01,8.826295534300663803e+01,1.343035648264592119e+01,6.306438981936525856e+00,2.667343526167388390e+01
2.290000000000999947e+01,8.860050196441723358e+01,1.347813179389979332e+01,6.330260219295272606e+00,2.675658417310021520e+01
2.300000000001000089e+01,8.893629315710298044e+01,1.352647201946800948e+01,6.352734781759154181e+00,2.683902066608075287e+01
2.310000000002000320e+01,8.926942881139871133e+01,1.357429743014982471e+01,6.377429725537818506e+00,2.692016071214513673e+01
2.320000000002000107e+01,8.959775838525965241e+01,1.362144835091345207e+01,6.400309557678129480e+00,2.699993128475234627e+01
2.330000000002000249e+01,8.993353634893156823e+01,1.366998220792934937e+01,6.425075821263310338e+00,2.707931804301969692e+01
2.340000000002000036e+01,9.026437841828020225e+01,1.371637729921470594e+01,6.449047523655114134e+00,2.715835959219369045e+01
2.350000000002000178e+01,9.059813145811405377e+01,1.376321483242940324e+01,6.471547923969118266e+00,2.723620608015780675e+01
2.360000000002000320e+01,9.093045390662327065e+01,1.381039470806591396e+01,6.492732073277038829e+00,2.731466435747306676e+01
2.370000000002000107e+01,9.125913766557152940e+01,1.385615163624176205e+01,6.514573532151327839e+00,2.739408853420128409e+01
2.380000000002000249e+01,9.159550655116764517e+01,1.390120641457716921e+01,6.536590800068226237e+00,2.747375603863613236e+01
2.390000000002000036e+01,9.193344993389615638e+01,1.394540552340544615e+01,6.557596093247571645e+00,2.755316743073686325e+01
2.400000000002000178e+01,9.227163731802852453e+01,1.399038106756242605e+01,6.578935173954875815e+00,2.763284801976341853e+01
2.410000000002000320e+01,9.261198945634865254e+01,1.403582105149490111e+01,6.601084420619620197e+00,2.771255974714394199e+01
2.420000000002000107e+01,9.293728924700111804e+01,1.408061973749109974e+01,6.621052665047220565e+00,2.779095588036225450e+01
2.430000000002000249e+01,9.326616685764197712e+01,1.412530812787339585e+01,6.639310740364755326e+00,2.786848029083957456e+01
2.440000000002000036e+01,9.359314200642106130e+01,1.416994514295393870e+01,6.658023781892959292e+00,2.794628294874004482e+01
2.450000000002000178e+01,9.391387831279527632e+01,1.421384703244768843e+01,6.676720842022696445e+00,2.802573305307295470e+01
2.460000000002000320e+01,9.423374889993645809e+01,1.425817154489894456e+01,6.695501106096934940e+00,2.810529618060868273e+01
2.470000000002000107e+01,9.455250980825952922e+01,1.430295086943288929e+01,6.715308947860211930e+00,2.818402542498836993e+01
2.480000000002000249e+01,9.487136891368534464e+01,1.434843791193134166e+01,6.734864474655633870e+00,2.826275881644185972e+01
2.490000000002000036e+01,9.518932539288424266e+01,1.439342521187802149e+01,6.756257505391228158e+00,2.834194412585087264e+01
2.500000000002000178e+01,9.550792767325364707e+01,1.443856506236089210e+01,6.778390837784978196e+00,2.842016304759566481e+01
2.510000000002000320e+01,9.583459255905641783e+01,1.448302743972002027e+01,6.797232186391772402e+00,2.849808883228005385e+01
2.520000000002000107e+01,9.615606104102749896e+01,1.452724014216852133e+01,6.817613428992641111e+00,2.857630664983104296e+01
2.530000000002000249e+01,9.647542795796653081e+01,1.457252405630011616e+01,6.839297406809690116e+00,2.865658753051816277e+01
2.540000000002000036e+01,9.679564411330245832e+01,1.461901563264929393e+01,6.864609059824611670e+00,2.873506861677245539e+01
2.550000000002000178e+01,9.711409547209879634e+01,1.466529008440678084e+01,6.890392152234015022e+00,2.881400621370787363e+01
2.560000000002000320e+01,9.744295250015410659e+01,1.471330316001867367e+01,6.917279553224980226e+00,2.889435784950650543e+01
2.570000000002000107e+01,9.777023536429605599e+01,1.476248270549173291e+01,6.947095524168528158e+00,2.897491810388318711e+01
2.580000000002000249e+01,9.810009406212934380e+01,1.481091405395571314e+01,6.969746170547876041e+00,2.905531189128078751e+01
2.590000000002000036e+01,9.841900725080981260e+01,1.485901680606943032e+01,6.993287262022716000e+00,2.913604462334321710e+01
2.600000000002000178e+01,9.874027810993133869e+01,1.490779158588040509e+01,7.016934346245243148e+00,2.921795473341631677e+01
2.610000000002000320e+01,9.905950958419532526e+01,1.495566914168221473e+01,7.040882310501863195e+00,2.930052074954996399e+01
2.620000000002000107e+01,9.938240720370136216e+01,1.500488442245553955e+01,7.063383736074810848e+00,2.938298757170801778e+01
2.630000000002000249e+01,9.970483756741734283e+01,1.505396072487583936e+01,7.086962412508198028e+00,2.946597660316160017e+01
2.640000000002000036e+01,1.000328392243967102e+02,1.510339348446445307e+01,7.111511622500568564e+00,2.955080988738232151e+01
2.650000000002000178e+01,1.003509966344718691e+02,1.515467352875099394e+01,7.136687942398298290e+00,2.963643940039098368e+01
2.660000000002000320e+01,1.006773628063509136e+02,1.520668738957321864e+01,7.165105141798032484e+00,2.972171939388557860e+01
2.670000000002000107e+01,1.010085260254425776e+02,1.525674423371825483e+01,7.189151758922812441e+00,2.980622169949178257e+01
2.680000000002000249e+01,1.013428853843140587e+02,1.530615618142645040e+01,7.214443948239680715e+00,2.988824719414578368e+01
2.690000000002000036e+01,1.016767578921878368e+02,1.535291532260048086e+01,7.237297009354917599e+00,2.996730059514719358e+01
2.700000000002000178e+01,1.020078190937103386e+02,1.539807346176775305e+01,7.257131400898845008e+00,3.004379033782646857e+01
2.710000000002000320e+01,1.023321181681361907e+02,1.544276334633653747e+01,7.277143534107998413e+00,3.011952369166601429e+01
2.720000000002000107e+01,1.026583277536179821e+02,1.548545426865240948e+01,7.296469646660328934e+00,3.019443232597590310e+01
2.730000000002000249e+01,1.029787336427107931e+02,1.552670393788816483e+01,7.313774215840342485e+00,3.026957377251122949e+01
2.740000000002000036e+01,1.033056855978339428e+02,1.556901828641293228e+01,7.333966925408617499e+00,3.034478513112852127e+01
2.750000000002000178e+01,1.036347620007588404e+02,1.561069731957310758e+01,7.353317639624997071e+00,3.042067429198437267e+01
2.760000000002000320e+01,1.039653663925992078e+02,1.565250959579721446e+01,7.373409408957164679e+00,3.049592976672465383e+01
2.770000000002000107e+01,1.043013378064371466e+02,1.569428244094143210e+01,7.393408896211505876e+00,3.057136191510651813e+01
2.780000000002000249e+01,1.046411181549048166e+02,1.573697060453263319e+01,7.412287329113658174e+00,3.064744799596423164e+01
2.790000000002000036e+01,1.049772133897425732e+02,1.577940034236393352e+01,7.433485299970923776e+00,3.072276274517270167e+01
2.800000000002000178e+01,1.053169233106837055e+02,1.582300718271584827e+01,7.455635141838530267e+00,3.079809098538638779e+01
2.810000000002000320e+01,1.056513992739962049e+02,1.586763338911187660e+01,7.478790040659387905e+00,3.087359085066915654e+01
2.820000000002000107e+01,1.059870401326168690e+02,1.591276038831875717e+01,7.501425720295122446e+00,3.095047729645166967e+01
2.830000000002000249e+01,1.063208040124982148e+02,1.595894459699021795e+01,7.526001068275028238e+00,3.102915231194007006e+01
2.840000000002000036e+01,1.066530802576795196e+02,1.600759362926910612e+01,7.550038153912112193e+00,3.110868852411570984e+01
2.850000000002000178e+01,1.069805318890696668e+02,1.605738689866207025e+01,7.574246220797919982e+00,3.118969719317076539e+01
2.860000000002000320e+01,1.073072929121293271e+02,1.610910837838460807e+01,7.601184747345232751e+00,3.127241738024533291e+01
2.870000000002000107e+01,1.076222516859985490e+02,1.616142748774768023e+01,7.629377639643108111e+00,3.135358424285563572e+01
2.880000000002000249e+01,1.079346376851126905e+02,1.621366426247922021e+01,7.657907337503422340e+00,3.143410355034938775e+01
2.890000000002000036e+01,1.082524309674033134e+02,1.626393902798583113e+01,7.685963211937057338e+00,3.151573021437783240e+01
2.900000000002000178e+01,1.085709303862114297e+02,1.631363291595171106e+01,7.709734842806498456e+00,3.159674173546807552e+01
2.910000000002000320e+01,1.088806449627130775e+02,1.636282524400236227e+01,7.738935331706933596e+00,3.167736796650692099e+01
2.920000000002000107e+01,1.091826430451954337e+02,1.641192807746762483e+01,7.766846040899364922e+00,3.175681948731202198e+01
2.930000000002000249e+01,1.094902356462244626e+02,1.646018981504299816e+01,7.796264450791535516e+00,3.183566113412412335e+01
2.940000000002000036e+01,1.098064268513646056e+02,1.650825967451664056e+01,7.825544573228851775e+00,3.191567001336823850e+01
2.950000000002000178e+01,1.101162190164642567e+02,1.655617324601069029e+01,7.853380128680793604e+00,3.199502532108108355e+01
2.960000000002000320e+01,1.104193081044172544e+02,1.660299762718106109e+01,7.877949447717446319e+00,3.207328048750233762e+01
2.970000000002000107e+01,1.107279481350587105e+02,1.664977703059774328e+01,7.901458320724151108e+00,3.215140276735331781e+01
2.980000000002999982e+01,1.110444604723773097e+02,1.669672322306962187e+01,7.925210318741572557e+00,3.222933558275359900e+01
2.990000000002999769e+01,1.113584996793071156e+02,1.674390214733729465e+01,7.947869157434476861e+00,3.230679944246591617e+01
3.000000000002999911e+01,1.116799164508101825e+02,1.679186958214526015e+01,7.971284724671596322e+00,3.238615999248569466e+01
3.010000000003000054e+01,1.120010067265729106e+02,1.683955423469564039e+01,7.993692369512744200e+00,3.246653637030474471e+01
3.020000000002999840e+01,1.123181452545886003e+02,1.688854325239136145e+01,8.019753951154759974e+00,3.254660480775811493e+01
3.030000000002999982e+01,1.126380217268808508e+02,1.693698052188085157e+01,8.044767987387762886e+00,3.262622780595625471e+01
3.040000000002999769e+01,1.129544715049282502e+02,1.698677684356608353e+01,8.069707843505771194e+00,3.270605646826488311e+01
3.050000000002999911e+01,1.132743412939855006e+02,1.703606081330351785e+01,8.096342086266364646e+00,3.278541365841687849e+01
3.060000000003000054e+01,1.135973950476919470e+02,1.708464247279915327e+01,8.122128144799445337e+00,3.286479004207538424e+01
3.070000000002999840e+01,1.139140375494814919e+02,1.713299813643464020e+01,8.147603571982454440e+00,3.294290662955075533e+01
3.080000000002999982e+01,1.142284461500786534e+02,1.718094211491111167e+01,8.170222789281856635e+00,3.302030839524717720e+01
3.090000000002999769e+01,1.145415581743337015e+02,1.722759808844561036e+01,8.191492484167808286e+00,3.309577379297931543e+01
3.100000000002999911e+01,1.148578238174414139e+02,1.727250466546179553e+01,8.212270604810832708e+00,3.317100154238075049e+01
3.110000000003000054e+01,1.151755673452534694e+02,1.731661305517868499e+01,8.231564868479464891e+00,3.324648805342811642e+01
3.120000000002999840e+01,1.154864994990193736e+02,1.736032386801140603e+01,8.250164635691138670e+00,3.332101744313734315e+01
3.130000000002999982e+01,1.157948273217750739e+02,1.740335475175628943e+01,8.268772685770699127e+00,3.339607856938042119e+01
3.140000000002999769e+01,1.160968871879172895e+02,1.744645445992909316e+01,8.287831894593837845e+00,3.346972591715729095e+01
3.150000000002999911e+01,1.163998298063913808e+02,1.749023407664262919e+01,8.305393552016239411e+00,3.354323050306161491e+01
3.160000000003000054e+01,1.167005816160060760e+02,1.753394291528464066e+01,8.321560506971760418e+00,3.361750647584043605e+01
3.170000000002999840e+01,1.170081357355931715e+02,1.757823276125190404e+01,8.336481109433604431e+00,3.369330747072837795e+01
3.180000000002999982e+01,1.173167537982064061e+02,1.762301042258875938e+01,8.353429185173652627e+00,3.376968605280987390e+01
3.190000000002999769e+01,1.176254801413183628e+02,1.766791134219612758e+01,8.370736412251272185e+00,3.384430508520797076e+01
3.200000000002999911e+01,1.179381088662619987e+02,1.771304762572217228e+01,8.391917987973965154e+00,3.391874251365933191e+01
3.210000000003000054e+01,1.182506631475747696e+02,1.775807083069699388e+01,8.413467919902954506e+00,3.399430252949943565e+01
3.220000000003000196e+01,1.185639181289583206e+02,1.780451755477710307e+01,8.435633520004575558e+00,3.407027997627243110e+01
3.230000000002999627e+01,1.188752287439720732e+02,1.785157059430959592e+01,8.455933023048617159e+00,3.414678493989539732e+01
3.240000000002999769e+01,1.191891082373762174e+02,1.789866716964960247e+01,8.480069139794894184e+00,3.422525263175651133e+01
3.250000000002999911e+01,1.195092022141796519e+02,1.794601340791894017e+01,8.501313865213722565e+00,3.430394577571666304e+01
3.260000000003000054e+01,1.198286765345483076e+02,1.799264154405666716e+01,8.522382196894529471e+00,3.438225936528606752e+01
3.270000000003000196e+01,1.201445815617180131e+02,1.804026229073346244e+01,8.544774594347178009e+00,3.445863554908108739e+01
3.280000000002999627e+01,1.204614318591631843e+02,1.808824464906692597e+01,8.568444950943428395e+00,3.453439583717754857e+01
3.290000000002999769e+01,1.207802425639372359e+02,1.813414657515170347e+01,8.589425510217354898e+00,3.461072158407483812e+01
3.300000000002999911e+01,1.210963243471720148e+02,1.818058308177760196e+01,8.610161828223846570e+00,3.468589566722420869e+01
3.310000000003000054e+01,1.214086928223616866e+02,1.822526283642607581e+01,8.630976091051410393e+00,3.476113033684735143e+01
3.320000000003000196e+01,1.217242187144360628e+02,1.827120975912657386e+01,8.653543623976480248e+00,3.483637497159145369e+01
3.330000000002999627e+01,1.220499145628114803e+02,1.831780707096445227e+01,8.674633565793197221e+00,3.491167474205136756e+01
3.340000000002999769e+01,1.223617233410938354e+02,1.836485473723113770e+01,8.696470322751691739e+00,3.498723964352768689e+01
3.350000000002999911e+01,1.226729245392631924e+02,1.841089124061339888e+01,8.714450213696828484e+00,3.506399094186242849e+01
3.360000000003000054e+01,1.229847423895516982e+02,1.845673996752636725e+01,8.736197771754184771e+00,3.514161715343658443e+01
3.370000000003000196e+01,1.233005775420417081e+02,1.850286582748957542e+01,8.758371601599955980e+00,3.521850533888541435e+01
3.380000000002999627e+01,1.236163445507795302e+02,1.854814301286624811e+01,8.781207916857704632e+00,3.529433063301024731e+01
3.390000000002999769e+01,1.239333230380568125e+02,1.859383358778013928e+01,8.804228514191594357e+00,3.537016527916471631e+01
3.400000000002999911e+01,1.242468565266529907e+02,1.864121864823955832e+01,8.825489876322093252e+00,3.544670853049331782e+01
3.410000000003000054e+01,1.245543121022773363e+02,1.868888235441600898e+01,8.849509710835018694e+00,3.552444548802170488e+01
3.420000000003000196e+01,1.248676142269016935e+02,1.873732758910902518e+01,8.874216789768375691e+00,3.560288465957487603e+01
3.430000000002999627e+01,1.251823182993388883e+02,1.878573749385312297e+01,8.898174474677754020e+00,3.567901789019674652e+01
3.440000000002999769e+01,1.254982148637560897e+02,1.883458612976629354e+01,8.919964396787740668e+00,3.575613142446211157e+01
3.450000000002999911e+01,1.258120044545655674e+02,1.888253998803704903e+01,8.941374735098285953e+00,3.583239810245465407e+01
3.460000000003000054e+01,1.261296177522990121e+02,1.893168096860014060e+01,8.964470276407388027e+00,3.590867040197874616e+01
3.470000000003000196e+01,1.264565927823257425e+02,1.898077577377104319e+01,8.989454502414282899e+00,3.598494730447860235e+01
3.480000000002999627e+01,1.267783794288024950e+02,1.902825705929319966e+01,9.012322479471972514e+00,3.605950935181539307e+01
3.490000000002999769e+01,1.270989733850320391e+02,1.907526677853974206e+01,9.033530654128909987e+00,3.613424943635467201e+01
3.500000000002999911e+01,1.274164014408067089e+02,1.912192969680286225e+01,9.055466500205334057e+00,3.620846728063806097e+01
3.510000000003000054e+01,1.277341059903944540e+02,1.916905094006733634e+01,9.076529197624239487e+00,3.628343313074255150e+01
3.520000000003000196e+01,1.280545146287052489e+02,1.921684890722112016e+01,9.099754197408906009e+00,3.635863424518167619e+01
3.530000000002999627e+01,1.283763289708289790e+02,1.926578166854098839e+01,9.123218674789963956e+00,3.643491658962970803e+01
3.540000000002999769e+01,1.286943185786022639e+02,1.931449893526616890e+01,9.147836252933901235e+00,3.651108292375516129e+01
3.550000000002999911e+01,1.290117282556768714e+02,1.936392127455484413e+01,9.170422372663656674e+00,3.658780469621673603e+01
3.560000000003000054e+01,1.293270866621344339e+02,1.941410036136798567e+01,9.193248330578121852e+00,3.666521521204309408e+01
3.570000000003000196e+01,1.296430325745868686e+02,1.946395401880613818e+01,9.212502450911289387e+00,3.674190869136459980e+01
3.580000000002999627e+01,1.299603524421125087e+02,1.951435039423021323e+01,9.234291041898805119e+00,3.681983341078499450e+01
3.590000000002999769e+01,1.302810374300620708e+02,1.956562005522010139e+01,9.258765861765647642e+00,3.689694379432083338e+01
3.600000000002999911e+01,1.305970907967690948e+02,1.961757463502593879e+01,9.284806603932601377e+00,3.697433150284706471e+01
3.610000000003000054e+01,1.309046427213038442e+02,1.966781894967495248e+01,9.308031262157152597e+00,3.705382113835216984e+01
3.620000000003000196e+01,1.312156400184078109e+02,1.971763744552274744e+01,9.330031156741778631e+00,3.713357626573150583e+01
3.630000000002999627e+01,1.315309234012206900e+02,1.976776002802874999e+01,9.351676607811860720e+00,3.721535994993885765e+01
3.640000000002999769e+01,1.318579581314291147e+02,1.981917010786381184e+01,9.374099852207120165e+00,3.729769562362707092e+01
3.650000000002999911e+01,1.321795461558160980e+02,1.987131599794961900e+01,9.398681203660174788e+00,3.738008282771439639e+01
3.660000000004000498e+01,1.325018120621067510e+02,1.992225300531522691e+01,9.422048683680992909e+00,3.746091478187751989e+01
3.670000000004000640e+01,1.328308658689501840e+02,1.997277745678104566e+01,9.446421250649677859e+00,3.754119886809196061e+01
3.680000000004000071e+01,1.331608438075308527e+02,2.002177731518526826e+01,9.468751096974671100e+00,3.762037176991359644e+01
3.690000000004000213e+01,1.334819830226825843e+02,2.006958069068696915e+01,9.491229411370357028e+00,3.769846410187728480e+01
3.700000000004000356e+01,1.338119328354654840e+02,2.011689513049737599e+01,9.509491339272601707e+00,3.777627155457423669e+01
3.710000000004000498e+01,1.341497957208299567e+02,2.016316169132062086e+01,9.526957208610909333e+00,3.785543005939086925e+01
3.720000000004000640e+01,1.344811547127995084e+02,2.020832705971345078e+01,9.541724186341443925e+00,3.793434775802630554e+01
3.730000000004000071e+01,1.348137824096115196e+02,2.025104080390763173e+01,9.554628538063425935e+00,3.801212609792347052e+01
3.740000000004000213e+01,1.351554789926138085e+02,2.029356648956203557e+01,9.566764104327623031e+00,3.808748247275552501e+01
3.750000000004000356e+01,1.354907230548790835e+02,2.033659582988478576e+01,9.581276143376724619e+00,3.816184114113146109e+01
3.760000000004000498e+01,1.358304215320611945e+02,2.037990599266314362e+01,9.596032957944284902e+00,3.823913105211305208e+01
3.770000000004000640e+01,1.361673598626227317e+02,2.042400861067926598e+01,9.611763928141453306e+00,3.831741369344007353e+01
3.780000000004000071e+01,1.365050676643203076e+02,2.046926536217264214e+01,9.629880737826750803e+00,3.839509171015164668e+01
3.790000000004000213e+01,1.368403418188474348e+02,2.051445696137772146e+01,9.647779985936230318e+00,3.847149471365653284e+01
3.800000000004000356e+01,1.371807969555318607e+02,2.055917973835000367e+01,9.664346127807377229e+00,3.854615061011105581e+01
3.810000000004000498e+01,1.375205506203368770e+02,2.060466137002738307e+01,9.682587206334465790e+00,3.862325489519384547e+01
3.820000000004000640e+01,1.378652527986960479e+02,2.065105707240439159e+01,9.699958337946991804e+00,3.870046498514553690e+01
3.830000000004000071e+01,1.382096806979849930e+02,2.069760757091879455e+01,9.721486139305987706e+00,3.877566377185168989e+01
3.840000000004000213e+01,1.385463037203001022e+02,2.074454003163414484e+01,9.742688674127414572e+00,3.885065150799661637e+01
3.850000000004000356e+01,1.388788564371919563e+02,2.079287552172087317e+01,9.764403171506153001e+00,3.892684835248535791e+01
3.860000000004000498e+01,1.392189818586885508e+02,2.084179400637752266e+01,9.784518864206383171e+00,3.900574371750766289e+01
3.870000000004000640e+01,1.395567175726299922e+02,2.089139132348001127e+01,9.808197252896142970e+00,3.908735408538522904e+01
3.880000000004000071e+01,1.398951452194414173e+02,2.094256531623600637e+01,9.831111038568856486e+00,3.916977428493555635e+01
3.890000000004000213e+01,1.402418718298994520e+02,2.099291621479475722e+01,9.852864786085433479e+00,3.925066453556160440e+01
3.900000000004000356e+01,1.405872219055410994e+02,2.104372972677780496e+01,9.873941223508611031e+00,3.933108934272122781e+01
3.910000000004000498e+01,1.409273821371813824e+02,2.109589202362797167e+01,9.897234342684154029e+00,3.941235620197547007e+01
3.920000000004000640e+01,1.412636475044296844e+02,2.114833620462425046e+01,9.920861666578964844e+00,3.949556523437934885e+01
3.930000000004000071e+01,1.415947862502975738e+02,2.120234896477668229e+01,9.943825418229288005e+00,3.957930391931200376e+01
3.940000000004000213e+01,1.419260204740221525e+02,2.125604359144596955e+01,9.966208025584718300e+00,3.966187207783513458e+01
3.950000000004000356e+01,1.422525310240916099e+02,2.130789706168092579e+01,9.987795485382319427e+00,3.974436940896040937e+01
3.960000000004000498e+01,1.425796645056996113e+02,2.136110494388292835e+01,1.000843751254189762e+01,3.982819158399040305e+01
3.970000000004000640e+01,1.429024046952256128e+02,2.141361332711971954e+01,1.003209669949293570e+01,3.991157279874816055e+01
3.980000000004000071e+01,1.432276000148532944e+02,2.146502740833695100e+01,1.005552705336531716e+01,3.999302753894313867e+01
3.990000000004000213e+01,1.435477372315845059e+02,2.151709800300872288e+01,1.007968829608715566e+01,4.007470094857299614e+01
4.000000000004000356e+01,1.438654248554922503e+02,2.156758673620673505e+01,1.010194694262071202e+01,4.015566269800166310e+01
4.010000000004000498e+01,1.441848497875512578e+02,2.161845846491155143e+01,1.012513218473112175e+01,4.023643479254010913e+01
4.020000000004000640e+01,1.445039243501367139e+02,2.166902911503722606e+01,1.014917807171686270e+01,4.031731867583860662e+01
4.030000000004000071e+01,1.448266590466398043e+02,2.171849323196668635e+01,1.017150966365639064e+01,4.039800933055150267e+01
4.040000000004000213e+01,1.451450142734583437e+02,2.176750299382948484e+01,1.019100432546876611e+01,4.047955370593854241e+01
4.050000000004000356e+01,1.454683393361793833e+02,2.181594175463238017e+01,1.020957778975282260e+01,4.056191885123944019e+01
4.060000000004000498e+01,1.457919606614863994e+02,2.186542237628884777e+01,1.022788003383596234e+01,4.064567316096538718e+01
4.070000000004000640e+01,1.461150775950223135e+02,2.191520444148826385e+01,1.024583096031150120e+01,4.072990630727768036e+01
4.080000000004000071e+01,1.464391117835653517e+02,2.196452255061301884e+01,1.026513244726127638e+01,4.081273297578709958e+01
4.090000000004000213e+01,1.467596623912119469e+02,2.201314426138455715e+01,1.028072281987886960e+01,4.089567813557020770e+01
4.100000000004000356e+01,1.470762011971994809e+02,2.206072715156683373e+01,1.029715188347972443e+01,4.097753945685578714e+01
4.110000000004000498e+01,1.473943630808161629e+02,2.210897232636368059e+01,1.031325465169924627e+01,4.106035877850200677e+01
4.120000000004000640e+01,1.477152907396689159e+02,2.215658080629637539e+01,1.032881500984416689e+01,4.114424053568089334e+01
4.130000000004000071e+01,1.480424823834716790e+02,2.220536752755707255e+01,1.034483816354845587e+01,4.122823620453461757e+01
4.140000000004000213e+01,1.483715752895139985e+02,2.225537885105720548e+01,1.036393122920922494e+01,4.131273418593530522e+01
4.150000000004000356e+01,1.486989588508791655e+02,2.230579339283119822e+01,1.038244196897385763e+01,4.139700029084590227e+01
4.160000000004000498e+01,1.490284659339607742e+02,2.235751982946076311e+01,1.040261473591555053e+01,4.148320078560259105e+01
4.170000000004000640e+01,1.493593342389326608e+02,2.240794538924184209e+01,1.042061932403971092e+01,4.156867167024166321e+01
4.180000000004000071e+01,1.496807903294543962e+02,2.245909592699441859e+01,1.043774998299825185e+01,4.165275790826144231e+01
4.190000000004000213e+01,1.500100126883968130e+02,2.250908306772942780e+01,1.045575459080501446e+01,4.173600858832391935e+01
4.200000000004000356e+01,1.503415649305837292e+02,2.255704888121399421e+01,1.047333778375923430e+01,4.181719390014569626e+01
4.210000000004000498e+01,1.506704658232976328e+02,2.260508199360884518e+01,1.048699266283282761e+01,4.189725203103559892e+01
4.220000000004000640e+01,1.510015885283684440e+02,2.265266419284072796e+01,1.049991136334215369e+01,4.197713208014476294e+01
4.230000000004000071e+01,1.513287337743614955e+02,2.269976161452028762e+01,1.051289222224526831e+01,4.205895677988250014e+01
4.240000000004000213e+01,1.516616529738392387e+02,2.274696989996369112e+01,1.052861060499651025e+01,4.214048583141918414e+01
4.250000000004000356e+01,1.519913178413140713e+02,2.279457707950165002e+01,1.054422695795910059e+01,4.222076875089300074e+01
4.260000000004000498e+01,1.523198052106604052e+02,2.284047637524005481e+01,1.055893130120493062e+01,4.230077878778089939e+01
4.270000000003000196e+01,1.526490786980832866e+02,2.288607972580173922e+01,1.057224265791031392e+01,4.238024874060962333e+01
4.280000000002999627e+01,1.529850135868820473e+02,2.293154790064204107e+01,1.058613284248533581e+01,4.245985524163089053e+01
4.290000000002999769e+01,1.533197934120350965e+02,2.297509637628808576e+01,1.060226714406290149e+01,4.253840494396786198e+01
4.300000000002999911e+01,1.536555238517483986e+02,2.302178258565409052e+01,1.061931984420883701e+01,4.261718906168789545e+01
4.310000000003000054e+01,1.539854964324723596e+02,2.306848063631551327e+01,1.063842167300475872e+01,4.269635478990290522e+01
4.320000000003000196e+01,1.543145272694115420e+02,2.311461088972408007e+01,1.065932498074693591e+01,4.277674304407560157e+01
4.330000000002999627e+01,1.546509044786662344e+02,2.316222314563867357e+01,1.067980209694993654e+01,4.285667932085148379e+01
4.340000000002999769e+01,1.549837595369826033e+02,2.320945623296851679e+01,1.069978831092279492e+01,4.293840660046135582e+01
4.350000000002999911e+01,1.553223375216510931e+02,2.325702234262645618e+01,1.072132173882244111e+01,4.301922038494565470e+01
4.360000000003000054e+01,1.556632898050343385e+02,2.330392511963790625e+01,1.074044429431474690e+01,4.309959487455843430e+01
4.370000000003000196e+01,1.560001776410611001e+02,2.335112601571778512e+01,1.075995414423383245e+01,4.318260572573804268e+01
4.380000000002999627e+01,1.563385388934157731e+02,2.339872033679939989e+01,1.077694819061276910e+01,4.326645799908015277e+01
4.390000000002999769e+01,1.566747143920440521e+02,2.344712570290689868e+01,1.079736419346456877e+01,4.334858083785415062e+01
4.400000000002000178e+01,1.570077453919394088e+02,2.349598307357116767e+01,1.081826848450480405e+01,4.342909487808835678e+01
4.410000000002000320e+01,1.573375525286414245e+02,2.354341739769795083e+01,1.083811835307845506e+01,4.350743841933628175e+01
4.420000000002000462e+01,1.576727472652532640e+02,2.359246116309635610e+01,1.085708925779805867e+01,4.358722915593386915e+01
4.430000000001999894e+01,1.580062976435396820e+02,2.364127538258983918e+01,1.087653680480483764e+01,4.366733559854529290e+01
4.440000000002000036e+01,1.583351331054038553e+02,2.368920038900074587e+01,1.089642125422113672e+01,4.374694125208876017e+01
4.450000000002000178e+01,1.586636153333985249e+02,2.373556818397859658e+01,1.091567331658290563e+01,4.382528027263613524e+01
4.460000000002000320e+01,1.589889108290954880e+02,2.378063960565519253e+01,1.093610520925405538e+01,4.390295191529293106e+01
4.470000000002000462e+01,1.593179352360730263e+02,2.382599911932373971e+01,1.095535004991251427e+01,4.398284985117457069e+01
4.480000000001999894e+01,1.596497068208712733e+02,2.387124279239889191e+01,1.097535241958146557e+01,4.406177059141309371e+01
4.490000000002000036e+01,1.599756649612408239e+02,2.391750374513273769e+01,1.099615505090351597e+01,4.414119499026222115e+01
4.500000000002000178e+01,1.603008307129345269e+02,2.396600535557793421e+01,1.101403261257026323e+01,4.422321471770801082e+01
4.510000000002000320e+01,1.606241362164765860e+02,2.401592151236367556e+01,1.103152330880414844e+01,4.430510272652958292e+01
4.520000000002000462e+01,1.609507642725504866e+02,2.406632388573935089e+01,1.105320097986106376e+01,4.438808967833916341e+01
4.530000000000999449e+01,1.612755307411003400e+02,2.411738231280599720e+01,1.107707114464148113e+01,4.447175229839441357e+01
4.540000000000999592e+01,1.615939159101821190e+02,2.416903193893862323e+01,1.110222456791551338e+01,4.455842260322687309e+01
4.550000000000999734e+01,1.619114141275949521e+02,2.422220911603080395e+01,1.112635819298247419e+01,4.464518453104317786e+01
4.560000000000999876e+01,1.622223206745290440e+02,2.427614132192827512e+01,1.115082764452216146e+01,4.473070648541653327e+01
4.570000000001000018e+01,1.625384764741825165e+02,2.432953814952590221e+01,1.117322393036742234e+01,4.481754977575256049e+01
4.580000000000999449e+01,1.628625408367446425e+02,2.438404119522622793e+01,1.119305879761514966e+01,4.490525212431995783e+01
4.590000000000999592e+01,1.631790511797065335e+02,2.443693366779899279e+01,1.121240853493099543e+01,4.499393165781601311e+01
4.600000000000999734e+01,1.634979727461426080e+02,2.448863565781955387e+01,1.122985625624099626e+01,4.508212571571986160e+01
4.610000000000999876e+01,1.638071646295769028e+02,2.454075859509529778e+01,1.124846549264574413e+01,4.517145386200935775e+01
4.620000000001000018e+01,1.641204242247478078e+02,2.459170969875191659e+01,1.126633204180500236e+01,4.526086662160750507e+01
4.630000000000999449e+01,1.644305181202022368e+02,2.464337558396256611e+01,1.128335481975232568e+01,4.534760843313429035e+01
4.640000000000999592e+01,1.647464541931792610e+02,2.469430751879328056e+01,1.129950436559613891e+01,4.543328848230769523e+01
4.650000000000999734e+01,1.650584535779227622e+02,2.474598007952768697e+01,1.131576338888465116e+01,4.552017009824520954e+01
4.660000000000000142e+01,1.653748904674876599e+02,2.479906860022989079e+01,1.133201894823393019e+01,4.560857896332626638e+01
4.670000000000000284e+01,1.656925747695138398e+02,2.485303768476571662e+01,1.135065198244473450e+01,4.569492290605737139e+01
4.679999999999999716e+01,1.660131835402202967e+02,2.490679132535483831e+01,1.136981373663807737e+01,4.578153949151823809e+01
4.689999999999999858e+01,1.663335466362206034e+02,2.496095364991216670e+01,1.138867576414716609e+01,4.586953533736161148e+01
4.700000000000000000e+01,1.666567578462052666e+02,2.501361839274957433e+01,1.140642901759126282e+01,4.595627033545749640e+01
4.710000000000000142e+01,1.669816808175838219e+02,2.506326911652375600e+01,1.142102967575181616e+01,4.604096838488189292e+01
4.720000000000000284e+01,1.673040496653579510e+02,2.511183465761707367e+01,1.143481866530127533e+01,4.612383547786303239e+01
4.729999999999999716e+01,1.676245146807079038e+02,2.515868687184121555e+01,1.144803153723649736e+01,4.620753632559986812e+01
4.739999999999999858e+01,1.679454663517794870e+02,2.520547998100292375e+01,1.145915817326676844e+01,4.629280505185844419e+01
4.750000000000000000e+01,1.682617445195497510e+02,2.525263860852018993e+01,1.146877988215707056e+01,4.637806279158405687e+01
4.760000000000000142e+01,1.685824174151692318e+02,2.529958560648418953e+01,1.147754525404345571e+01,4.646379943514857302e+01
4.770000000000000284e+01,1.689085934988206930e+02,2.534748624302694253e+01,1.148957949087265895e+01,4.654976097861320028e+01
4.779999999999999716e+01,1.692447795752424611e+02,2.539587370474970385e+01,1.150470427663594108e+01,4.663685504617497912e+01
4.789999999999000124e+01,1.695799023270957662e+02,2.544423080150297523e+01,1.151926548974512166e+01,4.672455710887792435e+01
4.799999999999000266e+01,1.699007117777874214e+02,2.549265337413091004e+01,1.153206971747800402e+01,4.681091053252832523e+01
4.809999999999000408e+01,1.702206540465971045e+02,2.554071655342513125e+01,1.154489907573960217e+01,4.689698012487293255e+01
4.819999999999000551e+01,1.705437443364610033e+02,2.559040791564269668e+01,1.155763170121512218e+01,4.698338316756292699e+01
4.829999999998999982e+01,1.708683869489299525e+02,2.564125098200930353e+01,1.157273791753001291e+01,4.707011670440967066e+01
4.839999999999000124e+01,1.711898966361322891e+02,2.569318424980330207e+01,1.158990597837410697e+01,4.715647680117361062e+01
4.849999999999000266e+01,1.715118308090252697e+02,2.574541425356461488e+01,1.160669901602728338e+01,4.724554953509055366e+01
4.859999999999000408e+01,1.718366310997540438e+02,2.579742838397093863e+01,1.162526371189169794e+01,4.733284420365928469e+01
4.869999999999000551e+01,1.721615933537261753e+02,2.585003068168250451e+01,1.164346972905213917e+01,4.741897292723624702e+01
4.879999999998999982e+01,1.724864909537630808e+02,2.590092014919988728e+01,1.166246039586146566e+01,4.750503562934014923e+01
4.889999999999000124e+01,1.728109732826441984e+02,2.595091173049343425e+01,1.168063070166769890e+01,4.759115051120025441e+01
4.899999999999000266e+01,1.731411468672871479e+02,2.600220156414285455e+01,1.169606966665848979e+01,4.767931131527141986e+01
4.909999999999000408e+01,1.734767683646274747e+02,2.605434339300664703e+01,1.171395862399259435e+01,4.776729338553583659e+01
4.919999999998000106e+01,1.738172385835401599e+02,2.610479978829954106e+01,1.172760983736901608e+01,4.785279539332423582e+01
4.929999999997999538e+01,1.741593443239208909e+02,2.615501212072154757e+01,1.174427215623768994e+01,4.793792764486027380e+01
4.939999999997999680e+01,1.745003565403615653e+02,2.620662914475912686e+01,1.176226534705324056e+01,4.802303860951970194e+01
4.949999999997999822e+01,1.748340971153117493e+02,2.625655461246247668e+01,1.177940085744605803e+01,4.810727803984709539e+01
4.959999999997999964e+01,1.751728211118090712e+02,2.630686617048637999e+01,1.179505014907515026e+01,4.819253960458941322e+01
4.969999999998000106e+01,1.755088030742587364e+02,2.635847635630362618e+01,1.181245793538687927e+01,4.827808619962090120e+01
4.979999999997999538e+01,1.758484125647404710e+02,2.640970241501859306e+01,1.183022607783321511e+01,4.836507623381172039e+01
4.989999999997999680e+01,1.761865551670075263e+02,2.645959679710032830e+01,1.184582606359116319e+01,4.845074282394354981e+01
4.999999999997999822e+01,1.765253765516249302e+02,2.650815033036177581e+01,1.186104561213272746e+01,4.853557938908359404e+01
5.009999999997999964e+01,1.768695203221120948e+02,2.655617751706959595e+01,1.187389424051733400e+01,4.862036737203323611e+01
5.019999999998000106e+01,1.772037846537496648e+02,2.660257938544835099e+01,1.188405674152751246e+01,4.870571418499618233e+01
5.029999999997999538e+01,1.775484443412242967e+02,2.664827348096081749e+01,1.189537714051797224e+01,4.879045071729050420e+01
5.039999999997999680e+01,1.778914579811937244e+02,2.669434870306189111e+01,1.190682124823037746e+01,4.887337337609619681e+01
5.049999999997000089e+01,1.782314589501321507e+02,2.673936677294382491e+01,1.191684540528766334e+01,4.895627563223960266e+01
5.059999999997000231e+01,1.785761631599523582e+02,2.678525732333571696e+01,1.192748936549448224e+01,4.903910084860218177e+01
5.069999999997000373e+01,1.789178874784394395e+02,2.683077500925300285e+01,1.193806548819356728e+01,4.912457978989982621e+01
5.079999999996999804e+01,1.792670811135049860e+02,2.687605972828542278e+01,1.194623696344425667e+01,4.921012501668865013e+01
5.089999999996999946e+01,1.796180703694502085e+02,2.692131250907462103e+01,1.195343716252448729e+01,4.929472364990579081e+01
5.099999999997000089e+01,1.799739695458935955e+02,2.696676057421979067e+01,1.196487113136805114e+01,4.938009486095594980e+01
5.109999999997000231e+01,1.803325570269124967e+02,2.701320698068268200e+01,1.197290239507835174e+01,4.946570346612566027e+01
5.119999999997000373e+01,1.806864230072141879e+02,2.705861775315928597e+01,1.197995564648567068e+01,4.955326454674033698e+01
5.129999999996999804e+01,1.810361403505036151e+02,2.710313523960019566e+01,1.198590479150535515e+01,4.964040875675370756e+01
5.139999999996999946e+01,1.813748745803834481e+02,2.714788465537149520e+01,1.198850711150807768e+01,4.972760061173442381e+01
5.149999999997000089e+01,1.817227034756357682e+02,2.719228143753734628e+01,1.199286111413491973e+01,4.981464783969729382e+01
5.159999999997000231e+01,1.820712290367773107e+02,2.723776371349605796e+01,1.199480006646402863e+01,4.990164015744152692e+01
5.169999999995999929e+01,1.824143674544362739e+02,2.728289813994038582e+01,1.199643456914716211e+01,4.998906847156685984e+01
5.179999999995999360e+01,1.827561796793870599e+02,2.732776752004821219e+01,1.199920851452206882e+01,5.007669324418050394e+01
5.189999999995999502e+01,1.830966242871635359e+02,2.737290221125659428e+01,1.200192468846340432e+01,5.016261938321949998e+01
5.199999999995999644e+01,1.834306210620924560e+02,2.741759802297747584e+01,1.200364501970537212e+01,5.025088155211177821e+01
5.209999999995999787e+01,1.837661121070926242e+02,2.746249238789377500e+01,1.200513553421856905e+01,5.034078091540499145e+01
5.219999999995999929e+01,1.840953582393950114e+02,2.750836669400701950e+01,1.200665619247684468e+01,5.043029636648955005e+01
5.229999999995999360e+01,1.844304442917891436e+02,2.755589556346499336e+01,1.200972975323563396e+01,5.051997107418267063e+01
5.239999999995999502e+01,1.847588017430039145e+02,2.760450194572315752e+01,1.201638518679467182e+01,5.060913140645024555e+01
5.249999999995999644e+01,1.850839320684349616e+02,2.765218824646449036e+01,1.202231254354439649e+01,5.069686883435059599e+01
5.259999999995999787e+01,1.854114167691258501e+02,2.770026899698158829e+01,1.202790224405294062e+01,5.078368173434614619e+01
5.269999999995999929e+01,1.857368591839801866e+02,2.774940760820821950e+01,1.203497609610597330e+01,5.087061773614154703e+01
5.279999999995999360e+01,1.860648657300874618e+02,2.779737832561343325e+01,1.204021474030518313e+01,5.095822299325586613e+01
5.289999999995999502e+01,1.863917190716094012e+02,2.784703342171033569e+01,1.204572590667403986e+01,5.104589545315666044e+01
5.299999999994999911e+01,1.867278283067785196e+02,2.789736942695955690e+01,1.205182667976299982e+01,5.113266362122280384e+01
5.309999999995000053e+01,1.870528929896202612e+02,2.794754488646120549e+01,1.205967354851567919e+01,5.122090168269476607e+01
5.319999999995000195e+01,1.873672991040662907e+02,2.799822129722755548e+01,1.206392756952073242e+01,5.130871026658616785e+01
5.329999999994999627e+01,1.876875441598650127e+02,2.804797505925500190e+01,1.206855536091184611e+01,5.139586919340109006e+01
5.339999999994999769e+01,1.880044206515110830e+02,2.809806088162248372e+01,1.207298912616210451e+01,5.148396696492532953e+01
5.349999999994999911e+01,1.883178085222437232e+02,2.814839764057748184e+01,1.207902849495562769e+01,5.157099236056343727e+01
5.359999999995000053e+01,1.886350205853686077e+02,2.819815909477342686e+01,1.208556018793360209e+01,5.165981174711389912e+01
5.369999999995000195e+01,1.889504748508933858e+02,2.824900079279542098e+01,1.209077124402317693e+01,5.174903999185603709e+01
5.379999999994999627e+01,1.892589099444162741e+02,2.830119775442346608e+01,1.209595397590746302e+01,5.183805105756821519e+01
5.389999999994999769e+01,1.895625111995259147e+02,2.835339482816386436e+01,1.210219559811138978e+01,5.192829686576615700e+01
5.399999999994999911e+01,1.898710874608313190e+02,2.840663240256990818e+01,1.210824535308789862e+01,5.201889929766803533e+01
5.409999999995000053e+01,1.901845051914909277e+02,2.845890887507397338e+01,1.211568703459684393e+01,5.211092717032031629e+01
5.419999999995000195e+01,1.904950417020690736e+02,2.851086245377289075e+01,1.212348138686936494e+01,5.220238128760736629e+01
5.429999999993999893e+01,1.908045223364469507e+02,2.856288175349589764e+01,1.212996248879816363e+01,5.229278435659544044e+01
5.439999999994000035e+01,1.911100812566734533e+02,2.861572263949915040e+01,1.213753605915042755e+01,5.238599607679261538e+01
5.449999999994000177e+01,1.914223979743965742e+02,2.866864387602615238e+01,1.214422785218696710e+01,5.247932815206758050e+01
5.459999999994000319e+01,1.917387791698961053e+02,2.872185715530633132e+01,1.215037854512510584e+01,5.257176380105531877e+01
5.469999999994000461e+01,1.920546083465524703e+02,2.877457886373398566e+01,1.215833180571771521e+01,5.266156663152327155e+01
5.479999999993999893e+01,1.923694218049065228e+02,2.882660736799006784e+01,1.216464697012165175e+01,5.275185351043582926e+01
5.489999999994000035e+01,1.926840339474488530e+02,2.887889489190295222e+01,1.217648850745018940e+01,5.284091951406654886e+01
5.499999999994000177e+01,1.929994946538610634e+02,2.893039691565556382e+01,1.218576777261096566e+01,5.292739632415570128e+01
5.509999999994000319e+01,1.933196895872961250e+02,2.898183766630803504e+01,1.219592486561220746e+01,5.301385479454624772e+01
5.519999999994000461e+01,1.936387577276124148e+02,2.903295274658737313e+01,1.220485898932333058e+01,5.309924138999198817e+01
5.529999999993999893e+01,1.939615891561674914e+02,2.908354784342827415e+01,1.221755367184887753e+01,5.318333767130258138e+01
5.539999999994000035e+01,1.942756435404125455e+02,2.913444506628325925e+01,1.222774895843455667e+01,5.326740016876379968e+01
5.549999999994000177e+01,1.945885213207345998e+02,2.918631292736307259e+01,1.223829196394976826e+01,5.335308738694309483e+01
5.559999999992999875e+01,1.948961717099780628e+02,2.923888048811407714e+01,1.224972205279973281e+01,5.343885320251394688e+01
5.569999999993000017e+01,1.951960271313598980e+02,2.929224683711922950e+01,1.226195728143076025e+01,5.352787215947478927e+01
5.579999999992999449e+01,1.954985041348091102e+02,2.934642289815545269e+01,1.227647203914452234e+01,5.361780661198047682e+01
5.589999999992999591e+01,1.958036012651684814e+02,2.939929115872189413e+01,1.229219269505351342e+01,5.370803638542086134e+01
5.599999999992999733e+01,1.961150292777516597e+02,2.945263234468525937e+01,1.230733504085708319e+01,5.379826615426152614e+01
5.609999999992999875e+01,1.964251561747372250e+02,2.950652048776619552e+01,1.232357803622717185e+01,5.388809623427196271e+01
5.619999999993000017e+01,1.967310387688980882e+02,2.955915273167114776e+01,1.233776357302943083e+01,5.397821540757252734e+01
5.629999999992999449e+01,1.970318502842066550e+02,2.961213463112744648e+01,1.235267613762593619e+01,5.406741932464942124e+01
5.639999999992999591e+01,1.973300923026728242e+02,2.966500479287267211e+01,1.236743985184293848e+01,5.415660028618206212e+01
5.649999999992999733e+01,1.976292464774838606e+02,2.971790836416386128e+01,1.238059573764354226e+01,5.424686623635830074e+01
5.659999999992999875e+01,1.979265413184157865e+02,2.977094317794426814e+01,1.239467328721235262e+01,5.433868179525867248e+01
5.669999999993000017e+01,1.982264511145882864e+02,2.982510218724966222e+01,1.241112360850086560e+01,5.442891168617173747e+01
5.679999999992999449e+01,1.985263788982852873e+02,2.987876406439631438e+01,1.242783663480003220e+01,5.451510239484193221e+01
5.689999999991999857e+01,1.988301433229075883e+02,2.993190553237974427e+01,1.244497679612933894e+01,5.460062143421922087e+01
5.699999999991999999e+01,1.991388028413170161e+02,2.998491308960731061e+01,1.246024675375605639e+01,5.468748379518838476e+01
5.709999999992000141e+01,1.994434474566711231e+02,3.003689561201152713e+01,1.247521104642209622e+01,5.477241760505923907e+01
5.719999999992000284e+01,1.997460065250724313e+02,3.008755705874065356e+01,1.249006483352231633e+01,5.485567199524742676e+01
5.729999999992000426e+01,2.000535297173597655e+02,3.013616830368824040e+01,1.250508159586058987e+01,5.493850546250840949e+01
5.739999999991999857e+01,2.003564396035224036e+02,3.018350757774465976e+01,1.251758915735259592e+01,5.502238944560039613e+01
5.749999999991999999e+01,2.006622776451318941e+02,3.023184479818288040e+01,1.252855602285680625e+01,5.510752749845380549e+01
5.759999999992000141e+01,2.009668687389276158e+02,3.027986256854994096e+01,1.254148702685093930e+01,5.519117536551484449e+01
5.769999999992000284e+01,2.012741829104591602e+02,3.032686331042185657e+01,1.255550013772766604e+01,5.527377387606389192e+01
5.779999999992000426e+01,2.015819206201355485e+02,3.037375568481887456e+01,1.256557279120738357e+01,5.535710251787038771e+01
5.789999999991999857e+01,2.018961508744636717e+02,3.042110741201949153e+01,1.257618857505247156e+01,5.543969670952851203e+01
5.799999999991999999e+01,2.022132609431259311e+02,3.046921990525461510e+01,1.258646315205512067e+01,5.552325940329469489e+01
5.809999999992000141e+01,2.025304157626922574e+02,3.051695784297308478e+01,1.259553394780835589e+01,5.560674951425464485e+01
5.819999999990999839e+01,2.028456411607179746e+02,3.056474347983015960e+01,1.260323640918633892e+01,5.569052291480991101e+01
5.829999999990999981e+01,2.031628730699215453e+02,3.061169514212174647e+01,1.261177396044320531e+01,5.577260183975558050e+01
5.839999999990999413e+01,2.034812000425923770e+02,3.065810736443708961e+01,1.262178076281301209e+01,5.585148363530237248e+01
5.849999999990999555e+01,2.037957637636794743e+02,3.070429771637449434e+01,1.263033052059628680e+01,5.593214684138766302e+01
5.859999999990999697e+01,2.041079784810081037e+02,3.074962821155800086e+01,1.263944069880284182e+01,5.601213224939371571e+01
5.869999999990999839e+01,2.044138814548835796e+02,3.079535970946871259e+01,1.265182550273065765e+01,5.609216189046939149e+01
5.879999999990999981e+01,2.047259825742803798e+02,3.084289159763080690e+01,1.266416341706306525e+01,5.617312313004177327e+01
5.889999999990999413e+01,2.050340277527777459e+02,3.089115189763920455e+01,1.267565665190226554e+01,5.625422928594176852e+01
5.899999999990999555e+01,2.053462002192101465e+02,3.093984492696845123e+01,1.269072615979131236e+01,5.633709302497105398e+01
5.909999999990999697e+01,2.056526239668991423e+02,3.098925717393844437e+01,1.270568134176869535e+01,5.642002024148946049e+01
5.919999999990999839e+01,2.059590743328240308e+02,3.103869167908914406e+01,1.272320254004889861e+01,5.650365120775350647e+01
5.929999999990999981e+01,2.062681645308994121e+02,3.108941905576572751e+01,1.274241231455182621e+01,5.658813787805909357e+01
5.939999999990999413e+01,2.065694787251618152e+02,3.114080338814184756e+01,1.276093264507866643e+01,5.667370356582826929e+01
5.949999999989999822e+01,2.068780729198547021e+02,3.119309026195384504e+01,1.277980490207455944e+01,5.676032005910077771e+01
5.959999999989999964e+01,2.071834797847935192e+02,3.124604323237929648e+01,1.279825814545972662e+01,5.684859056351488249e+01
5.969999999990000106e+01,2.074908225487285449e+02,3.129890684401956591e+01,1.281560072278555396e+01,5.693775746511258262e+01
5.979999999990000248e+01,2.078019854814009761e+02,3.135256371852525348e+01,1.283023899786440936e+01,5.702629301671723283e+01
5.989999999989999679e+01,2.081093466178974722e+02,3.140466037342054761e+01,1.284465428530670117e+01,5.711732029415320966e+01
5.999999999989999822e+01,2.084103945863745935e+02,3.145643980832446118e+01,1.285765635758769676e+01,5.720864418064348911e+01
6.009999999989999964e+01,2.087160417676042243e+02,3.150748937793098747e+01,1.286919911684322848e+01,5.729715219011434613e+01
6.019999999990000106e+01,2.090244872662757416e+02,3.155714855810953168e+01,1.288260187371974830e+01,5.738323684650092105e+01
6.029999999990000248e+01,2.093282536506710869e+02,3.160669463045096350e+01,1.289619778600545530e+01,5.746895977195210747e+01
6.039999999989999679e+01,2.096267816766018655e+02,3.165369164976256400e+01,1.290800199044852370e+01,5.755187969678615900e+01
6.049999999989999822e+01,2.099310631987669638e+02,3.169911414582944076e+01,1.291948699694113678e+01,5.763254966620641540e+01
6.059999999989999964e+01,2.102322051425135214e+02,3.174251480767888012e+01,1.292927017951899593e+01,5.771279333093308850e+01
6.069999999989000372e+01,2.105327767618893233e+02,3.178519975636846695e+01,1.294008591820543508e+01,5.779012273529730948e+01
6.079999999989000514e+01,2.108401348355874063e+02,3.182583096956397384e+01,1.295183053295044040e+01,5.786655092751657037e+01
6.089999999988999946e+01,2.111450065916874337e+02,3.186681010972905881e+01,1.295878858877442852e+01,5.794215753099003763e+01
6.099999999989000088e+01,2.114432731653465964e+02,3.190744373984732363e+01,1.296597296753772710e+01,5.801802761855137192e+01
6.109999999989000230e+01,2.117530965070352806e+02,3.194727655174462555e+01,1.297483534489313328e+01,5.809551489060133633e+01
6.119999999989000372e+01,2.120619687178925972e+02,3.198871557950124611e+01,1.298432750852342821e+01,5.817380610098494742e+01
6.129999999989000514e+01,2.123585898324592165e+02,3.203098710779807590e+01,1.299430050509069190e+01,5.825282565066606111e+01
6.139999999988999946e+01,2.126571805716191648e+02,3.207264179954040628e+01,1.300539428224772820e+01,5.833254043084713913e+01
6.149999999989000088e+01,2.129539359336605457e+02,3.211337431944230048e+01,1.301876251398038775e+01,5.841141531219359706e+01
6.159999999989000230e+01,2.132432381580134404e+02,3.215550210742119930e+01,1.303229379344353767e+01,5.849122471074604590e+01
6.169999999989000372e+01,2.135293651654105247e+02,3.219761080697399791e+01,1.304578336737288247e+01,5.856879773613672313e+01
6.179999999989000514e+01,2.138226157616400371e+02,3.223910031570181189e+01,1.306130713793284670e+01,5.864577389538737151e+01
6.189999999988999946e+01,2.141136271078024720e+02,3.227982974121707116e+01,1.307299266904165158e+01,5.872523644649332653e+01
6.199999999987999644e+01,2.144072424611769918e+02,3.232181355971086134e+01,1.308660604219975276e+01,5.880270954634045921e+01
6.209999999987999786e+01,2.146993193582429740e+02,3.236426745269587002e+01,1.310119937120858147e+01,5.887961405447184404e+01
6.219999999987999928e+01,2.149928637220262431e+02,3.240627052413165643e+01,1.311622972785427876e+01,5.895653488077220317e+01
6.229999999988000070e+01,2.152934833463529003e+02,3.244779925583343072e+01,1.312942949263371517e+01,5.903367612255345875e+01
6.239999999987999502e+01,2.155895221047558721e+02,3.248919529064341560e+01,1.314219297364723005e+01,5.911094190172332929e+01
6.249999999987999644e+01,2.158834315807232258e+02,3.253091091978836857e+01,1.315799385824734991e+01,5.918496107593621502e+01
6.259999999987999786e+01,2.161832028473100138e+02,3.257129924265446164e+01,1.317083880250056360e+01,5.925926473065471356e+01
6.269999999987999928e+01,2.164899536913424640e+02,3.261233774006548458e+01,1.318208543405729749e+01,5.933346141498643789e+01
6.279999999988000070e+01,2.167892730445874747e+02,3.265278082476877586e+01,1.319433909879296962e+01,5.940594249979545083e+01
6.289999999987999502e+01,2.170869858445322791e+02,3.269281268446459876e+01,1.320659914894859455e+01,5.947759016296520684e+01
6.299999999987999644e+01,2.173829144455246194e+02,3.273437328064898821e+01,1.322240773653814827e+01,5.955079826333758319e+01
6.309999999987999786e+01,2.176805134077497144e+02,3.277729186530820016e+01,1.323957242924919164e+01,5.962499807649711414e+01
6.319999999987999928e+01,2.179755538836953690e+02,3.282082061115468719e+01,1.325700172030110480e+01,5.970087601513024822e+01
6.329999999987000336e+01,2.182729838797752677e+02,3.286588101458527689e+01,1.327282606219774230e+01,5.977783682898124340e+01
6.339999999986999768e+01,2.185653917520423875e+02,3.291174248690290227e+01,1.328946670568627830e+01,5.985683398416725254e+01
6.349999999986999910e+01,2.188534530393176851e+02,3.295703424900585787e+01,1.330415661088120771e+01,5.993537790080641514e+01
6.359999999987000052e+01,2.191477902309468391e+02,3.300259889392622625e+01,1.331678218351606979e+01,6.001324280535941114e+01
6.369999999987000194e+01,2.194435149658137334e+02,3.304878244867544623e+01,1.333106304017641719e+01,6.009276487731182925e+01
6.379999999987000336e+01,2.197385872590216422e+02,3.309547259318664203e+01,1.334794143472786132e+01,6.017323481065992041e+01
6.389999999986999768e+01,2.200319783291391786e+02,3.314493775319672153e+01,1.336758667004675694e+01,6.025398568860839532e+01
6.399999999986999910e+01,2.203153373804134390e+02,3.319728292090297828e+01,1.338771137528355126e+01,6.033490349693353494e+01
6.409999999986999342e+01,2.206047534166827404e+02,3.324863896977048938e+01,1.340749698312664684e+01,6.041562014172082939e+01
6.419999999987000194e+01,2.208941095290094836e+02,3.330043626756182107e+01,1.342779472759027470e+01,6.049766179424167944e+01
6.429999999986999626e+01,2.211824516083957519e+02,3.335179244803779142e+01,1.344775032094697131e+01,6.058013894648205167e+01
6.439999999987000479e+01,2.214717940871983330e+02,3.340224305714525599e+01,1.346728265043777562e+01,6.066256493561353125e+01
6.449999999986999910e+01,2.217547173273261194e+02,3.345155028070912095e+01,1.348586806981400343e+01,6.074558244216357394e+01
6.459999999986000319e+01,2.220356514970502246e+02,3.350040729842311293e+01,1.350419094819300447e+01,6.082744120640878549e+01
6.469999999985999750e+01,2.223128648045959324e+02,3.355032227963339153e+01,1.352475306692530843e+01,6.090871318609333684e+01
6.479999999986000603e+01,2.226005766947664597e+02,3.359965283143927195e+01,1.354451840161659604e+01,6.098732488318434974e+01
6.489999999986000034e+01,2.228863119912315085e+02,3.364957653964315654e+01,1.356412058818333044e+01,6.106706935904573186e+01
6.499999999986000887e+01,2.231675878309323480e+02,3.370012983063693923e+01,1.358041238076863877e+01,6.114569357115949799e+01
6.509999999986000319e+01,2.234485553422179294e+02,3.375033843584559889e+01,1.359581664012661228e+01,6.122305875310384948e+01
6.519999999985999750e+01,2.237376834617735710e+02,3.380213929132060713e+01,1.361233236724877926e+01,6.130274927595226586e+01
6.529999999986000603e+01,2.240340399594875578e+02,3.385473169447198671e+01,1.362957017838244234e+01,6.138461784047877501e+01
6.539999999986000034e+01,2.243273193933496259e+02,3.390674429954711400e+01,1.364519684707805958e+01,6.146637808693601102e+01
6.549999999986000887e+01,2.246147626951232894e+02,3.395815821649391353e+01,1.366206067386140077e+01,6.154638428203097078e+01
6.559999999985998898e+01,2.249037276007206003e+02,3.400888712417695814e+01,1.367754101422349855e+01,6.162486829353739637e+01
6.569999999985999750e+01,2.251935308511816913e+02,3.405804824450945034e+01,1.369244408557710813e+01,6.170407565308278919e+01
6.579999999985999182e+01,2.254897496173406637e+02,3.410545320988276785e+01,1.370427076734829619e+01,6.178357296827999079e+01
6.589999999984999590e+01,2.257853359507069513e+02,3.415383633976055933e+01,1.371668630003744305e+01,6.186240690292407862e+01
6.599999999985000443e+01,2.260773219550707438e+02,3.420164680557195425e+01,1.372867437644507227e+01,6.194212628023565514e+01
6.609999999984999874e+01,2.263603997474444327e+02,3.425094207478490915e+01,1.374125261110542873e+01,6.202116765111990304e+01
6.619999999984999306e+01,2.266446614546209162e+02,3.430123453596800687e+01,1.375614178155088396e+01,6.210124365382240796e+01
6.629999999985000159e+01,2.269219724254101891e+02,3.435293294481938631e+01,1.377227930382517762e+01,6.218252305400621793e+01
6.639999999984999590e+01,2.271958446876070923e+02,3.440493214041089232e+01,1.378733583531885287e+01,6.226416117980679843e+01
6.649999999985000443e+01,2.274733659317231513e+02,3.445740103872740434e+01,1.380309461290068995e+01,6.234540510062373642e+01
6.659999999984999874e+01,2.277582599745557275e+02,3.450924745053495002e+01,1.381804545995223776e+01,6.242552475631643460e+01
6.669999999984999306e+01,2.280398229545992592e+02,3.456085479018085493e+01,1.383522024014365925e+01,6.250647613816602188e+01
6.679999999985000159e+01,2.283167572591958958e+02,3.461213381229410402e+01,1.385294871268516559e+01,6.258626414608908561e+01
6.689999999984999590e+01,2.285849780844950487e+02,3.466175241952599606e+01,1.386876712695920055e+01,6.266643419272816828e+01
6.699999999985000443e+01,2.288725215449707662e+02,3.471074699549411235e+01,1.388681527484136780e+01,6.274885534766143991e+01
6.709999999984999874e+01,2.291598334825858672e+02,3.476243523734186169e+01,1.390428705031488654e+01,6.283211286112560856e+01
6.719999999984000283e+01,2.294402898801913580e+02,3.481589655887823653e+01,1.392316277874768993e+01,6.291788531787733518e+01
6.729999999983999714e+01,2.297263586719502086e+02,3.487062816002721632e+01,1.393848009555241241e+01,6.300426406833808102e+01
6.739999999984000567e+01,2.300153377230301714e+02,3.492418082685377811e+01,1.395247411158329598e+01,6.309099466595452554e+01
6.749999999983999999e+01,2.302939311556153825e+02,3.497531903104390949e+01,1.396707955547903879e+01,6.317817149045698244e+01
6.759999999984000851e+01,2.305733474029628098e+02,3.502531183470961906e+01,1.398209355709430746e+01,6.326475785185855472e+01
6.769999999984000283e+01,2.308625976005984342e+02,3.507561303305148215e+01,1.399607028036355061e+01,6.335182018730773024e+01
6.779999999983999714e+01,2.311501905379730886e+02,3.512608063882772313e+01,1.400763286171518907e+01,6.343935320359499741e+01
6.789999999984000567e+01,2.314325145387716987e+02,3.517737028560722479e+01,1.402049807488645428e+01,6.352835730611736409e+01
6.799999999983999999e+01,2.317124337889465551e+02,3.522818961895502099e+01,1.403110099771552299e+01,6.361645242034068559e+01
6.809999999984000851e+01,2.319954702688962982e+02,3.527931584227729900e+01,1.404242801152766695e+01,6.370495187348281974e+01
6.819999999984000283e+01,2.322768347016801727e+02,3.533044322965063344e+01,1.405329896950229873e+01,6.379345329461970948e+01
6.829999999983999714e+01,2.325523218758157498e+02,3.538227846209839100e+01,1.406601594846750736e+01,6.388294083534514556e+01
6.839999999984000567e+01,2.328357671129305402e+02,3.543526022450821245e+01,1.407996392110838890e+01,6.397221791025517490e+01
6.849999999983000976e+01,2.331186770925923497e+02,3.548890126821195423e+01,1.409172700480601037e+01,6.406019915435960854e+01
6.859999999983000407e+01,2.334074031697833504e+02,3.554163774090429229e+01,1.410236469254472880e+01,6.414778334138976845e+01
6.869999999982999839e+01,2.337072717467838174e+02,3.559115734190366709e+01,1.411038675933022013e+01,6.423357794394557629e+01
6.879999999983000691e+01,2.340086480005958833e+02,3.563972286855860006e+01,1.411918986090796757e+01,6.431812872708744067e+01
6.889999999983000123e+01,2.343026251794668156e+02,3.568891027872940924e+01,1.412539565917962925e+01,6.440296541520099538e+01
6.899999999983000976e+01,2.346029416282710542e+02,3.573691262600101481e+01,1.413578117682064850e+01,6.448733314817772566e+01
6.909999999983000407e+01,2.349055256398318079e+02,3.578581359283727892e+01,1.414545869874357642e+01,6.457250530025486057e+01
6.919999999982999839e+01,2.352084221359223193e+02,3.583541018111718301e+01,1.415644090290188295e+01,6.465731781922319499e+01
6.929999999983000691e+01,2.355122785635444700e+02,3.588499561346356614e+01,1.416737055332063377e+01,6.474113942906511454e+01
6.939999999983000123e+01,2.358096973917360231e+02,3.593314444246716022e+01,1.417915316209088772e+01,6.482286309096592447e+01
6.949999999983000976e+01,2.361046461328860175e+02,3.597993184602164263e+01,1.418939365451048573e+01,6.490231412602337002e+01
6.959999999983000407e+01,2.364074540462790139e+02,3.602545225986380473e+01,1.419879883428150791e+01,6.498366486913811002e+01
6.969999999981999395e+01,2.367007954532298584e+02,3.607062266130176909e+01,1.421237603826495643e+01,6.506450201579721693e+01
6.979999999981998826e+01,2.369970141820745368e+02,3.611797454322294243e+01,1.422385561057705772e+01,6.514513325619383011e+01
6.989999999981999679e+01,2.372986646377456452e+02,3.616681420903069011e+01,1.423855593554379695e+01,6.522578429263701594e+01
6.999999999981999110e+01,2.376059415451339021e+02,3.621501669476191410e+01,1.425386072648828595e+01,6.530782301348853025e+01
7.009999999981999963e+01,2.379134139353895137e+02,3.626529483938472254e+01,1.427092073458330468e+01,6.539153920332481107e+01
7.019999999981999395e+01,2.382128843504926863e+02,3.631468362354153356e+01,1.428579755196653700e+01,6.547516241995330688e+01
7.029999999981998826e+01,2.385144622534487837e+02,3.636429389988708749e+01,1.429960073889173522e+01,6.555821782637299577e+01
7.039999999981999679e+01,2.388095360402031986e+02,3.641480494026341574e+01,1.431221589301983599e+01,6.564281366485751334e+01
7.049999999981999110e+01,2.391031195812091141e+02,3.646478261184329028e+01,1.432453515056466919e+01,6.572998430414453708e+01
7.059999999981999963e+01,2.393927851689851138e+02,3.651528066980004184e+01,1.433398611942403100e+01,6.581758482237223973e+01
7.069999999981999395e+01,2.396787272210688684e+02,3.656516041240857362e+01,1.434510799717550533e+01,6.590523059626204372e+01
7.079999999981998826e+01,2.399752732003673259e+02,3.661386459785018133e+01,1.435953380249695321e+01,6.599297448393323862e+01
7.089999999981999679e+01,2.402692674912683799e+02,3.666161209173057500e+01,1.437136735100444085e+01,6.607910683691559939e+01
7.099999999981000087e+01,2.405654424336227919e+02,3.670806706458778734e+01,1.438529901034685743e+01,6.616276106105276256e+01
7.109999999980999519e+01,2.408609760549306600e+02,3.675434434617233848e+01,1.439952983391605201e+01,6.624514000309925166e+01
7.119999999980998950e+01,2.411592177422484156e+02,3.680077319531701363e+01,1.441258765252108276e+01,6.632809881155566245e+01
7.129999999980999803e+01,2.414587895877689618e+02,3.684975888439155511e+01,1.442478495968832064e+01,6.641367891366776632e+01
7.139999999980999235e+01,2.417521162032004440e+02,3.689967065595333651e+01,1.443592119599426304e+01,6.649730355928096515e+01
7.149999999981000087e+01,2.420396863830212340e+02,3.694754817623772425e+01,1.444753617134280610e+01,6.658028704259429276e+01
7.159999999980999519e+01,2.423336682648807141e+02,3.699612126868852613e+01,1.445978753333688260e+01,6.666404599591162139e+01
7.169999999980998950e+01,2.426290604992379372e+02,3.704281388950089138e+01,1.447182374901630020e+01,6.674826412115426422e+01
7.179999999980999803e+01,2.429222298043998194e+02,3.709048589311399269e+01,1.448420500631771546e+01,6.683312192105564975e+01
7.189999999980999235e+01,2.432261093811764283e+02,3.713834012414643126e+01,1.449888437909718242e+01,6.691572350679324188e+01
7.199999999981000087e+01,2.435372884812070993e+02,3.718469433458569284e+01,1.451288429910850297e+01,6.699728412648750009e+01
7.209999999980999519e+01,2.438414479749922350e+02,3.723255945384173060e+01,1.452646335657589560e+01,6.708115474756820618e+01
7.219999999980998950e+01,2.441494969083047977e+02,3.727982384440734620e+01,1.453801294015992163e+01,6.716706440305324577e+01
7.229999999979999359e+01,2.444559554843873741e+02,3.732585128806743313e+01,1.454943195767169151e+01,6.725114130672361057e+01
7.239999999980000212e+01,2.447713475115004655e+02,3.737214075992906004e+01,1.455670324717627295e+01,6.733733274549213377e+01
7.249999999979999643e+01,2.450849245933211478e+02,3.741915321005089368e+01,1.456808546631280521e+01,6.742541213882699935e+01
7.259999999980000496e+01,2.454032073754571002e+02,3.746723199652918623e+01,1.457991195109805993e+01,6.751363344572827430e+01
7.269999999979999927e+01,2.457080850037214645e+02,3.751580042705931817e+01,1.459346115610464523e+01,6.760110641463174375e+01
7.279999999979999359e+01,2.460176684276090100e+02,3.756453597951893641e+01,1.460780627283557109e+01,6.768815678408911651e+01
7.289999999980000212e+01,2.463327197826398560e+02,3.761416612834803885e+01,1.462099741637810268e+01,6.777469423912540947e+01
7.299999999979999643e+01,2.466470305465562660e+02,3.766296155698230308e+01,1.463527834621416979e+01,6.786038301368971304e+01
7.309999999980000496e+01,2.469557850881882928e+02,3.771106359751357928e+01,1.464636663442172093e+01,6.794429898518410482e+01
7.319999999979999927e+01,2.472616363334788616e+02,3.775905397723693113e+01,1.466037026597260962e+01,6.802657621978609370e+01
7.329999999979999359e+01,2.475734893317331284e+02,3.780667275280448081e+01,1.467615682361341989e+01,6.810648515661308977e+01
7.339999999980000212e+01,2.478880516169307384e+02,3.785295684535281424e+01,1.468803245584732409e+01,6.818598036245062133e+01
7.349999999979999643e+01,2.482042278731465217e+02,3.789885798321862609e+01,1.470193659277939702e+01,6.826878611115704132e+01
7.359999999979000052e+01,2.485145700185156556e+02,3.794569326499952666e+01,1.471391663706467767e+01,6.835143804525658595e+01
7.369999999978999483e+01,2.488174864991818254e+02,3.799414362679644341e+01,1.472859388748712028e+01,6.843474272209041942e+01
7.379999999979000336e+01,2.491261590725235919e+02,3.804167664759171430e+01,1.474391256754003443e+01,6.852256436881691570e+01
7.389999999978999767e+01,2.494271310136993804e+02,3.808948840164671168e+01,1.475826533527612838e+01,6.860914331081066564e+01
7.399999999979000620e+01,2.497306594419881094e+02,3.813828581088704794e+01,1.477199347555893638e+01,6.869412930291979080e+01
7.409999999979000052e+01,2.500329231164913040e+02,3.818655253244997283e+01,1.478650336006983679e+01,6.877769115381839526e+01
7.419999999978999483e+01,2.503323628414831319e+02,3.823419311151620548e+01,1.479828795733757296e+01,6.886010347015218258e+01
7.429999999979000336e+01,2.506325473607161030e+02,3.828043896637149857e+01,1.481047394221571167e+01,6.893876195002546581e+01
7.439999999978999767e+01,2.509336549250190558e+02,3.832462924331219511e+01,1.482105178542104085e+01,6.901759887475505195e+01
7.449999999979000620e+01,2.512377969588187341e+02,3.836883783162042505e+01,1.483349004419866723e+01,6.909708760986866594e+01
7.459999999979000052e+01,2.515381766714317564e+02,3.841279935108836696e+01,1.484675286726488963e+01,6.917818303995976237e+01
7.469999999978999483e+01,2.518452284743577536e+02,3.845650600443153166e+01,1.486021619998647481e+01,6.925863365608586264e+01
7.479999999979000336e+01,2.521466859435366814e+02,3.850067491600286473e+01,1.487270945893280150e+01,6.933770868736789339e+01
7.489999999978000744e+01,2.524442060226906790e+02,3.854528219006358114e+01,1.488383784602817173e+01,6.941690806350965204e+01
7.499999999978000176e+01,2.527410306779165126e+02,3.858984694966812867e+01,1.489485813822363269e+01,6.949433268518686191e+01
7.509999999978001028e+01,2.530472645559857199e+02,3.863402078561102826e+01,1.490582404107500736e+01,6.957208667192060147e+01
7.519999999978000460e+01,2.533664318061830443e+02,3.867581626177993570e+01,1.491682945680869743e+01,6.965226797040971007e+01
7.529999999977999892e+01,2.536703670580533867e+02,3.871764381436735647e+01,1.492473711428420202e+01,6.973249323567779356e+01
7.539999999978000744e+01,2.539860892642933550e+02,3.875922060611502218e+01,1.493279137755318331e+01,6.981194732016412274e+01
7.549999999978000176e+01,2.543031758231081767e+02,3.879954638253709476e+01,1.494254885356444440e+01,6.989071016176428941e+01
7.559999999978001028e+01,2.546170275110799253e+02,3.883983725771841478e+01,1.495025898125209984e+01,6.997073878382241219e+01
7.569999999978000460e+01,2.549269348491286848e+02,3.888050365261516816e+01,1.495921497825007407e+01,7.004917484383452120e+01
7.579999999977999892e+01,2.552495276000442459e+02,3.892041547742497443e+01,1.496718729942974058e+01,7.012721484273187400e+01
7.589999999978000744e+01,2.555627356968875290e+02,3.896055322237602070e+01,1.498033584625567904e+01,7.020565440279527536e+01
7.599999999978000176e+01,2.558696261192326915e+02,3.900172850906668032e+01,1.499562715360759668e+01,7.028600275533338504e+01
7.609999999978001028e+01,2.561835985637900990e+02,3.904245169781049896e+01,1.500886476785122525e+01,7.036593019926959869e+01
7.619999999977000016e+01,2.564882931941000379e+02,3.908342360703124996e+01,1.502334721858900934e+01,7.044559379669277632e+01
7.629999999977000869e+01,2.567903122794153319e+02,3.912598594268633434e+01,1.503730995611644694e+01,7.052398621322258521e+01
7.639999999977000300e+01,2.570985967034850432e+02,3.916788663757012046e+01,1.504873652587237487e+01,7.060286188391388862e+01
7.649999999977001153e+01,2.574014071304631557e+02,3.920825195374614935e+01,1.505825385825308160e+01,7.068180355243565316e+01
7.659999999977000584e+01,2.577018380001426294e+02,3.924833893339442881e+01,1.506737411502777668e+01,7.075928759188710160e+01
7.669999999977000016e+01,2.580066418554789607e+02,3.928919882251946660e+01,1.507282625653823160e+01,7.083690931653242728e+01
7.679999999977000869e+01,2.583243245594733821e+02,3.933019458950673197e+01,1.507855840782027101e+01,7.091525865706685750e+01
7.689999999977000300e+01,2.586416389631482389e+02,3.937110961929424491e+01,1.508858260564426246e+01,7.099456704409872998e+01
7.699999999977001153e+01,2.589628530568480755e+02,3.941287091338546134e+01,1.509528945188305471e+01,7.107460709953072353e+01
7.709999999977000584e+01,2.592911569285813584e+02,3.945564803141284216e+01,1.510110363091254548e+01,7.115522432575565404e+01
7.719999999977000016e+01,2.596055869831005225e+02,3.949597029104461399e+01,1.510739378885912387e+01,7.123358247469121807e+01
7.729999999977000869e+01,2.599212763487535653e+02,3.953426078446819503e+01,1.511493018009038636e+01,7.131170168562923095e+01
7.739999999977000300e+01,2.602345149831796789e+02,3.957204912428003496e+01,1.512460292115751592e+01,7.138936478527473639e+01
7.749999999975999287e+01,2.605384875472875024e+02,3.961088462910640828e+01,1.513082616310002138e+01,7.146729122585622918e+01
7.759999999976000140e+01,2.608468720296879724e+02,3.964982352019679723e+01,1.513832727359443808e+01,7.154588284181075153e+01
7.769999999975999572e+01,2.611518165164685570e+02,3.968842651272417754e+01,1.514812547126681253e+01,7.162280728005215735e+01
7.779999999975999003e+01,2.614585014196476891e+02,3.972764168892640413e+01,1.515396457635184468e+01,7.169892592676899312e+01
7.789999999975999856e+01,2.617665792119946104e+02,3.976856207620213013e+01,1.516614352268050148e+01,7.177808383276132531e+01
7.799999999975999287e+01,2.620804892886169455e+02,3.981018577833987138e+01,1.518172594059041991e+01,7.185758263363209153e+01
7.809999999976000140e+01,2.623922865449129631e+02,3.985343297771864712e+01,1.519647302333067351e+01,7.193775417118111193e+01
7.819999999975999572e+01,2.627019034153904613e+02,3.989513472100403391e+01,1.521211346248303009e+01,7.201792283082006918e+01
7.829999999975999003e+01,2.630118969138923148e+02,3.993662660162628697e+01,1.522789145498719421e+01,7.209692812865813494e+01
7.839999999975999856e+01,2.633273868578932024e+02,3.997790523550148833e+01,1.524461499306196366e+01,7.217612344330009932e+01
7.849999999975999287e+01,2.636433024812045574e+02,4.001788789709508620e+01,1.525784324972759265e+01,7.225529712372517110e+01
7.859999999976000140e+01,2.639592524213506408e+02,4.005685447275661915e+01,1.527252375052416866e+01,7.233336781482134370e+01
7.869999999975999572e+01,2.642808966049993273e+02,4.009736131066878784e+01,1.528771604345268109e+01,7.240878983918048561e+01
7.879999999974999980e+01,2.645930842823357807e+02,4.013818520064580753e+01,1.530233413582869950e+01,7.248601817522988711e+01
7.889999999974999412e+01,2.649138842375641048e+02,4.017876821723153569e+01,1.531938503518695782e+01,7.256360451354514396e+01
7.899999999975000264e+01,2.652331492367460442e+02,4.021904116409480423e+01,1.533492193825635574e+01,7.263924894113962694e+01
7.909999999974999696e+01,2.655417093262464618e+02,4.025636388291612633e+01,1.534633739873344105e+01,7.271412400154770239e+01
7.919999999974999128e+01,2.658623662404844481e+02,4.029417499827439997e+01,1.536112883098414983e+01,7.278765549310860195e+01
7.929999999974999980e+01,2.661770227631722037e+02,4.033236827547877823e+01,1.537326065440067957e+01,7.286166925107750103e+01
7.939999999974999412e+01,2.664951064821291880e+02,4.037226854919347829e+01,1.538433551559772106e+01,7.293530961471256546e+01
7.949999999975000264e+01,2.668192218573930745e+02,4.041295302226519937e+01,1.539705700586042703e+01,7.301065297811828714e+01
7.959999999974999696e+01,2.671374604885619988e+02,4.045359490562058369e+01,1.541214872155639881e+01,7.308688886611312796e+01
7.969999999974999128e+01,2.674585121067518116e+02,4.049403936194668319e+01,1.542691003933052762e+01,7.316209950831999720e+01
7.979999999974999980e+01,2.677774524821239766e+02,4.053405774249522864e+01,1.543853446079942593e+01,7.323810735412634187e+01
7.989999999974999412e+01,2.680893065345130140e+02,4.057440221323921747e+01,1.544858202402010150e+01,7.331405641711623389e+01
7.999999999973999820e+01,2.684035921428585993e+02,4.061384205490391963e+01,1.546072001845141664e+01,7.338811759486358710e+01
8.009999999974000673e+01,2.687241465683189858e+02,4.065149892165154455e+01,1.547066949191508023e+01,7.346020521094773414e+01
8.019999999974000104e+01,2.690385775056230955e+02,4.068894196282877118e+01,1.547849536381413138e+01,7.353073889593278523e+01
8.029999999973999536e+01,2.693566893430197524e+02,4.072261996209563506e+01,1.548502203322014026e+01,7.360335384723626362e+01
8.039999999974000389e+01,2.696715498697974454e+02,4.075513189274236225e+01,1.549480061797470398e+01,7.367382415029142351e+01
8.049999999973999820e+01,2.699879356274091720e+02,4.078849564700643526e+01,1.550386077979922028e+01,7.374258493411927873e+01
8.059999999974000673e+01,2.703021555667626217e+02,4.082104748161055596e+01,1.551290387870398746e+01,7.381188134192183270e+01
8.069999999974000104e+01,2.706151548058546723e+02,4.085219321328649045e+01,1.552136232841928987e+01,7.388017668458284959e+01
8.079999999973999536e+01,2.709201189386957367e+02,4.088415721360412647e+01,1.552970605706435592e+01,7.394639902478871818e+01
8.089999999974000389e+01,2.712156120938317372e+02,4.091500271892815732e+01,1.553666942539708806e+01,7.401365844020895679e+01
8.099999999973999820e+01,2.715136075788217909e+02,4.094486463197946335e+01,1.554600013279740800e+01,7.408179037888254470e+01
8.109999999974000673e+01,2.718044681699423109e+02,4.097475137686358693e+01,1.555338528743536486e+01,7.414924326891579653e+01
8.119999999974000104e+01,2.721003527680359753e+02,4.100615884731696070e+01,1.556344800096002956e+01,7.421643397677586051e+01
8.129999999973000513e+01,2.724079535239942516e+02,4.103827600826658539e+01,1.557069898993866097e+01,7.428243614365770497e+01
8.139999999972999944e+01,2.727051194630907389e+02,4.107249538606059502e+01,1.557798380540441130e+01,7.434994241794207426e+01
8.149999999973000797e+01,2.730084509475145182e+02,4.110831496590261480e+01,1.558800914483415667e+01,7.441813130072100080e+01
8.159999999973000229e+01,2.733207714252698111e+02,4.114418201167183753e+01,1.559972729215822618e+01,7.448568233033692820e+01
8.169999999973001081e+01,2.736347161652855675e+02,4.117995578362565823e+01,1.561138122517960269e+01,7.455314655756480136e+01
8.179999999973000513e+01,2.739530402573188326e+02,4.121504316385734512e+01,1.562175017832097801e+01,7.462039360912530128e+01
8.189999999972999944e+01,2.742689927716534157e+02,4.124983066343825300e+01,1.563216751202894272e+01,7.468735895105504596e+01
8.199999999973000797e+01,2.745779643026098711e+02,4.128683178219376515e+01,1.564281160619813349e+01,7.475577538070689343e+01
8.209999999973000229e+01,2.749056204980244047e+02,4.132311503287578347e+01,1.565219278777618150e+01,7.482507032893417431e+01
8.219999999973001081e+01,2.752436454125684691e+02,4.135818219765693726e+01,1.566094929344397002e+01,7.489717295128140506e+01
8.229999999973000513e+01,2.755806963572468362e+02,4.139236326114402686e+01,1.567292325115258578e+01,7.497032368030849625e+01
8.239999999972999944e+01,2.759210910991325250e+02,4.142429559041767106e+01,1.568301618587976876e+01,7.504183150290243987e+01
8.249999999973000797e+01,2.762675949298360365e+02,4.145620361156524325e+01,1.569525160276448439e+01,7.510988186078012063e+01
8.259999999972001206e+01,2.766131488437875987e+02,4.148831483574057444e+01,1.570637597193278445e+01,7.517565808820292261e+01
8.269999999972000637e+01,2.769596289539874761e+02,4.151942106398024634e+01,1.571901698460470342e+01,7.523880746192601521e+01
8.279999999972000069e+01,2.773008076240257083e+02,4.155059650271074645e+01,1.573258814151163953e+01,7.530173966910355432e+01
8.289999999972000921e+01,2.776469717912742112e+02,4.158193731543565974e+01,1.574771411892839801e+01,7.536502339820769691e+01
8.299999999972000353e+01,2.779849264703231597e+02,4.161284565455522255e+01,1.576265413480027888e+01,7.542641414747178885e+01
8.309999999972001206e+01,2.783166078156353933e+02,4.164303900486151377e+01,1.577456302347337491e+01,7.549000876570048035e+01
8.319999999972000637e+01,2.786518790369475482e+02,4.167437788054247250e+01,1.578732679852202558e+01,7.555424689476174649e+01
8.329999999972000069e+01,2.789773203803013644e+02,4.170640131641228976e+01,1.579992060356115147e+01,7.561789324280947255e+01
8.339999999972000921e+01,2.793148257396389340e+02,4.173766451783465925e+01,1.581030915030166994e+01,7.568339128735344445e+01
8.349999999972000353e+01,2.796475995708585174e+02,4.177073333442540104e+01,1.582590119717207600e+01,7.574839338036375125e+01
8.359999999972001206e+01,2.799715876805043422e+02,4.180357011156315394e+01,1.583809907070953926e+01,7.581527158742717631e+01
8.369999999972000637e+01,2.803066693860988039e+02,4.183701765123801408e+01,1.584996355675823665e+01,7.588060947634777165e+01
8.379999999972000069e+01,2.806420311532006053e+02,4.186972632633629132e+01,1.586196080891656202e+01,7.594518626015323548e+01
8.389999999970999056e+01,2.809742966897851488e+02,4.190273281791019144e+01,1.587336291464124649e+01,7.600844110947805632e+01
8.399999999970999909e+01,2.813000819209815972e+02,4.193594020581421233e+01,1.588252745188651005e+01,7.607028137199722551e+01
8.409999999970999340e+01,2.816265389683319995e+02,4.197082295440900879e+01,1.589409107766546292e+01,7.613230997601023375e+01
8.419999999971000193e+01,2.819574908913196509e+02,4.200616511673442943e+01,1.590732036970812224e+01,7.619549365831629473e+01
8.429999999970999625e+01,2.822926292739808787e+02,4.204144465395381758e+01,1.591926392929852518e+01,7.626069403806503999e+01
8.439999999970999056e+01,2.826254702286470888e+02,4.207757075805420754e+01,1.593094471611829199e+01,7.632805133933960917e+01
8.449999999970999909e+01,2.829468001170284310e+02,4.211669064860060274e+01,1.594559830259026434e+01,7.639715777524062901e+01
8.459999999970999340e+01,2.832767815922548493e+02,4.215551226913744642e+01,1.595979510034530691e+01,7.646766254204888469e+01
8.469999999971000193e+01,2.836101750608681300e+02,4.219343187441938881e+01,1.597557862389371941e+01,7.653685103200926676e+01
8.479999999970999625e+01,2.839450598637178018e+02,4.223109311768658358e+01,1.599254728523709979e+01,7.660415191757559228e+01
8.489999999970999056e+01,2.842802758435066721e+02,4.226627250744073905e+01,1.600929430203920489e+01,7.667101180181933273e+01
8.499999999970999909e+01,2.846308647574950896e+02,4.229995385159712384e+01,1.602539192000893209e+01,7.673661629399715878e+01
8.509999999970999340e+01,2.849738575294877592e+02,4.233398697444498282e+01,1.604126452136382497e+01,7.680114042480930436e+01
8.519999999969999749e+01,2.853101284741384234e+02,4.236726888655797296e+01,1.605641596092478807e+01,7.686684505950994151e+01
8.529999999969999180e+01,2.856507401139705848e+02,4.240235991576591346e+01,1.606870663281230804e+01,7.693294302771261073e+01
8.539999999970000033e+01,2.859852854065515544e+02,4.243650595364193379e+01,1.608061238833635542e+01,7.700091327310514089e+01
8.549999999969999465e+01,2.863304873279673757e+02,4.247136401202278222e+01,1.609300519741721303e+01,7.706715140064930836e+01
8.559999999970000317e+01,2.866715126628902226e+02,4.250666786012736509e+01,1.610965905233670270e+01,7.713264548337990334e+01
8.569999999969999749e+01,2.870045747008966259e+02,4.253955062798285525e+01,1.612292042895802879e+01,7.719946807569658631e+01
8.579999999969999180e+01,2.873410536115385980e+02,4.257465971496938550e+01,1.613677246140134613e+01,7.726777264542513990e+01
8.589999999970000033e+01,2.876834873178532348e+02,4.261117005493655086e+01,1.615080797264863222e+01,7.733645214267082224e+01
8.599999999969999465e+01,2.880334581354263150e+02,4.264740238113105875e+01,1.616729810112583721e+01,7.740458537973337627e+01
8.609999999970000317e+01,2.883793514586052993e+02,4.268414864151576893e+01,1.618599996968728760e+01,7.747233879136733492e+01
8.619999999969999749e+01,2.887306382313255995e+02,4.272140545354653796e+01,1.620443536872462076e+01,7.753758798576345157e+01
8.629999999969999180e+01,2.890721644017308449e+02,4.275828301643824148e+01,1.622424820308621207e+01,7.760327518075000341e+01
8.639999999970000033e+01,2.894080701857536155e+02,4.279591471074694908e+01,1.624119434211612401e+01,7.766930923934963005e+01
8.649999999969000442e+01,2.897492183211900851e+02,4.283360702608664639e+01,1.625779283957639976e+01,7.773621961950648540e+01
8.659999999968999873e+01,2.900838671328514238e+02,4.287320952653053041e+01,1.627585589767494767e+01,7.780277363208932684e+01
8.669999999969000726e+01,2.904134170907976227e+02,4.291139579746504751e+01,1.629861417891539332e+01,7.786833759834510715e+01
8.679999999969000157e+01,2.907353911374181621e+02,4.294978685358712767e+01,1.632189428215465554e+01,7.793420681277211770e+01
8.689999999968999589e+01,2.910467469782183798e+02,4.298824536828877285e+01,1.634561318578744959e+01,7.800135908180502042e+01
8.699999999969000442e+01,2.913561559405312096e+02,4.302772007407805432e+01,1.636897466542295732e+01,7.806824473904141826e+01
8.709999999968999873e+01,2.916682162783819194e+02,4.306681761384272988e+01,1.639189653163478155e+01,7.813482956364259735e+01
8.719999999969000726e+01,2.919908050818917786e+02,4.310604512694386869e+01,1.641008863457440370e+01,7.820219806070811330e+01
8.729999999969000157e+01,2.923086720534918754e+02,4.314732284780865967e+01,1.643099784000206753e+01,7.826985793376196909e+01
8.739999999968999589e+01,2.926266277873082799e+02,4.318921971185501718e+01,1.645215105162188607e+01,7.833793624810427048e+01
8.749999999969000442e+01,2.929432345147425849e+02,4.323148525159201228e+01,1.647307262607638734e+01,7.840711135878508742e+01
8.759999999968999873e+01,2.932597984580057187e+02,4.327620261622063680e+01,1.649832013291600674e+01,7.847614221446471561e+01
8.769999999969000726e+01,2.935927878015009469e+02,4.332391440728000731e+01,1.652471360938686828e+01,7.854895189765609587e+01
8.779999999967999713e+01,2.939261389414972427e+02,4.337332773030999533e+01,1.655353557580683699e+01,7.862370879253973044e+01
8.789999999968000566e+01,2.942602536244303337e+02,4.342433679276248881e+01,1.658189674272730585e+01,7.870006552818703938e+01
8.799999999967999997e+01,2.945979266959474785e+02,4.347589281910841663e+01,1.660880770152201436e+01,7.877925616647164020e+01
8.809999999968000850e+01,2.949444155982580469e+02,4.352787695754143726e+01,1.664073365872757293e+01,7.885943302499156005e+01
8.819999999968000282e+01,2.952816002438864871e+02,4.358147776963960496e+01,1.667216567006750338e+01,7.893816867774499713e+01
8.829999999967999713e+01,2.956133092194404526e+02,4.363361259821282090e+01,1.670354834671864808e+01,7.901521783561284451e+01
8.839999999968000566e+01,2.959497567976046071e+02,4.368238500752630671e+01,1.673051818231534327e+01,7.909163589911820225e+01
8.849999999967999997e+01,2.962829516744196781e+02,4.373042352216973683e+01,1.675741787582432352e+01,7.916614402119897420e+01
8.859999999968000850e+01,2.966047355489976667e+02,4.377706842032626611e+01,1.678430366931102213e+01,7.923996440512107142e+01
8.869999999968000282e+01,2.969482942721792256e+02,4.382244147336046325e+01,1.680871227703499571e+01,7.931273397460665819e+01
8.879999999967999713e+01,2.972805557144850468e+02,4.386674950780082582e+01,1.683038287631945806e+01,7.938555561801774729e+01
8.889999999968000566e+01,2.976036519495757489e+02,4.390910596590815373e+01,1.685211767783928138e+01,7.945491171387212148e+01
8.899999999967000974e+01,2.979248754053757580e+02,4.394979940712145350e+01,1.687154271044509812e+01,7.952314797581840367e+01
8.909999999967000406e+01,2.982305543480983374e+02,4.399129872431586108e+01,1.688834186427790840e+01,7.959069021725557036e+01
8.919999999967001258e+01,2.985259116747980102e+02,4.403227933565833752e+01,1.690649506075476083e+01,7.965598598551846976e+01
8.929999999967000690e+01,2.988251963401132798e+02,4.407156073645976591e+01,1.692268613060939231e+01,7.971977938307709621e+01
8.939999999967000122e+01,2.991273228347001805e+02,4.410846646731047116e+01,1.693990616146144745e+01,7.978038384160143437e+01
8.949999999967000974e+01,2.994396216089119775e+02,4.414348680270811087e+01,1.695604792017931572e+01,7.983908464493842416e+01
8.959999999967000406e+01,2.997556746771614939e+02,4.417539925431324832e+01,1.697056891575644144e+01,7.990027618372377560e+01
8.969999999967001258e+01,3.000730393799337321e+02,4.420497253182144703e+01,1.698498299676699119e+01,7.996058239410743340e+01
8.979999999967000690e+01,3.003867722456830052e+02,4.423653953608501865e+01,1.699636862896064216e+01,8.001684331001952444e+01
8.989999999967000122e+01,3.006973139561297899e+02,4.426832261853903816e+01,1.701228760402349849e+01,8.007299509705721619e+01
8.999999999967000974e+01,3.010116345857299507e+02,4.430140637012535620e+01,1.702955018870289550e+01,8.012896799792267188e+01
9.009999999967000406e+01,3.013240695964869929e+02,4.433477483698412414e+01,1.704688325719849118e+01,8.018575007083514095e+01
9.019999999967001258e+01,3.016322223893162118e+02,4.436765211338371984e+01,1.706099512066860058e+01,8.024241814627040981e+01
9.029999999965998825e+01,3.019423468413823457e+02,4.439952524120380417e+01,1.707541514547312644e+01,8.030194188261431520e+01
9.039999999965999677e+01,3.022687068846561260e+02,4.443083237520237816e+01,1.708894508934134038e+01,8.036068823548143314e+01
9.049999999965999109e+01,3.025844227999755276e+02,4.446190292801597366e+01,1.710391301182774981e+01,8.041766841091701679e+01
9.059999999965999962e+01,3.028904778754247218e+02,4.449341124465171049e+01,1.711974711099342983e+01,8.047481062081531888e+01
9.069999999965999393e+01,3.031799953084266122e+02,4.452672723164492652e+01,1.713323406949928795e+01,8.053394700417591423e+01
9.079999999965998825e+01,3.034704700032181677e+02,4.456313217833358920e+01,1.714938254887489322e+01,8.059461274088349114e+01
9.089999999965999677e+01,3.037562714530371863e+02,4.460220311264319548e+01,1.716690215398496733e+01,8.065725555249682088e+01
9.099999999965999109e+01,3.040516325601107610e+02,4.464336692946532992e+01,1.718451804846468889e+01,8.072276944238937801e+01
9.109999999965999962e+01,3.043435631418096250e+02,4.468421168546169042e+01,1.720193926694076580e+01,8.078959121379203623e+01
9.119999999965999393e+01,3.046405477844209599e+02,4.472669036241696006e+01,1.722048470967527578e+01,8.085613548326273303e+01
9.129999999965998825e+01,3.049418199937174450e+02,4.476865226905646722e+01,1.723935411398247197e+01,8.092281372326327471e+01
9.139999999965999677e+01,3.052318973561943380e+02,4.480959591485324012e+01,1.725903098145353454e+01,8.098959105797862890e+01
9.149999999965999109e+01,3.055246143844852327e+02,4.485132022878602243e+01,1.727721727135509511e+01,8.105499466019308841e+01
9.159999999964999517e+01,3.058311128876429734e+02,4.489140388304404183e+01,1.728967039331880784e+01,8.112170220394072828e+01
9.169999999965000370e+01,3.061332082857002774e+02,4.492989210307817416e+01,1.730314369511932426e+01,8.118891678754131647e+01
9.179999999964999802e+01,3.064374403577866701e+02,4.496610974778609915e+01,1.731305691682141301e+01,8.125415537080249351e+01
9.189999999964999233e+01,3.067508890823737602e+02,4.500141766159980250e+01,1.732238113523701273e+01,8.131460934839320487e+01
9.199999999965000086e+01,3.070729106642320971e+02,4.503628361814032388e+01,1.733285042177256585e+01,8.137403140351277386e+01
9.209999999964999517e+01,3.073854639207418700e+02,4.507341963421012565e+01,1.734535005472239888e+01,8.143349433495224332e+01
9.219999999965000370e+01,3.076809182193471770e+02,4.510967653332065908e+01,1.735941460457399543e+01,8.149269293868530895e+01
9.229999999964999802e+01,3.079755151767682264e+02,4.514477659366001916e+01,1.737106323247927619e+01,8.155146324191680662e+01
9.239999999964999233e+01,3.082707794983893450e+02,4.517869624159972375e+01,1.738288072302857401e+01,8.160865756745891986e+01
9.249999999965000086e+01,3.085561327608013471e+02,4.520832382344856626e+01,1.739047674442089431e+01,8.166283258510758003e+01
9.259999999964999517e+01,3.088379361479534850e+02,4.523588707798572983e+01,1.739784712595829319e+01,8.171555599010662263e+01
9.269999999965000370e+01,3.091239607428614704e+02,4.525997587067286787e+01,1.740356507440713685e+01,8.176689451171330347e+01
9.279999999964999802e+01,3.094113767192645241e+02,4.528341399857193750e+01,1.741028848887200553e+01,8.181447678989917449e+01
9.289999999964000210e+01,3.096931192806297304e+02,4.530426536241758129e+01,1.741564190401170009e+01,8.185858113068380248e+01
9.299999999963999642e+01,3.099842369497482650e+02,4.532141281114558495e+01,1.742130494940594332e+01,8.190094790877756736e+01
9.309999999964000494e+01,3.102722445166647844e+02,4.533658235253069080e+01,1.742814186142323507e+01,8.194307054030295490e+01
9.319999999963999926e+01,3.105585568841023019e+02,4.535290450940875928e+01,1.743749518751925009e+01,8.198331569751957204e+01
9.329999999963999358e+01,3.108577386043801880e+02,4.536966932305166722e+01,1.744759233116377573e+01,8.202400448960966628e+01
9.339999999964000210e+01,3.111555809114713043e+02,4.538583412521852267e+01,1.745601567088503003e+01,8.206366446238912715e+01
9.349999999963999642e+01,3.114670672818506887e+02,4.539977355961885053e+01,1.746782449441749208e+01,8.210201801753095197e+01
9.359999999964000494e+01,3.117713087385820359e+02,4.541272418587114146e+01,1.747229280583536237e+01,8.214179705669158693e+01
9.369999999963999926e+01,3.120728695024955641e+02,4.542451204215931426e+01,1.747817945211375346e+01,8.218173111975806933e+01
9.379999999963999358e+01,3.123806775642413527e+02,4.543584285604602258e+01,1.748398797783236702e+01,8.222222698516017658e+01
9.389999999964000210e+01,3.126794226045590221e+02,4.544797748596432996e+01,1.748980717081814618e+01,8.226337162213100385e+01
9.399999999963999642e+01,3.129811392388307354e+02,4.546091353533499557e+01,1.749601884350991554e+01,8.230565640782870673e+01
9.409999999964000494e+01,3.133029660869325426e+02,4.547570888817322299e+01,1.750092561963715099e+01,8.235003750609941164e+01
9.419999999963000903e+01,3.136268547248091636e+02,4.549377022881245125e+01,1.750512204784455506e+01,8.239620989342772361e+01
9.429999999963000334e+01,3.139650590947893534e+02,4.551449923737339276e+01,1.751308286711592643e+01,8.244451775510931668e+01
9.439999999962999766e+01,3.142914292694285336e+02,4.553653625193647514e+01,1.752201377982438046e+01,8.249275078944189943e+01
9.449999999963000619e+01,3.146135135719192704e+02,4.556019700405305173e+01,1.752865960901102937e+01,8.254219302677529413e+01
9.459999999963000050e+01,3.149427281212355183e+02,4.558336316872632210e+01,1.753438291010214556e+01,8.259196746186732696e+01
9.469999999963000903e+01,3.152773045264771099e+02,4.560623633031043767e+01,1.753742675395336548e+01,8.264281843901389379e+01
9.479999999963000334e+01,3.156098003229978417e+02,4.563048871281399954e+01,1.754495253674070554e+01,8.269090636100759184e+01
9.489999999962999766e+01,3.159456651694268317e+02,4.565460651956988869e+01,1.755296830572720879e+01,8.273723872687479286e+01
9.499999999963000619e+01,3.162838256133039181e+02,4.567779601777461096e+01,1.756021861814705076e+01,8.278218883446398024e+01
9.509999999963000050e+01,3.166198167445860463e+02,4.569918707609424047e+01,1.756707760976276234e+01,8.282632168628197178e+01
9.519999999963000903e+01,3.169589395178081759e+02,4.572018600956445766e+01,1.757444500911404361e+01,8.286767287572975249e+01
9.529999999963000334e+01,3.173006534758604857e+02,4.574165755032666425e+01,1.758352816637266258e+01,8.290882169081466202e+01
9.539999999962999766e+01,3.176366858385840146e+02,4.576283599301473970e+01,1.759238595269965444e+01,8.294942914237809362e+01
9.549999999962000174e+01,3.179631630480863578e+02,4.578392150637314018e+01,1.760012906346118911e+01,8.299064107082978126e+01
9.559999999962001027e+01,3.182851352100120721e+02,4.580542660144525513e+01,1.760721953017679198e+01,8.303393597968550921e+01
9.569999999962000459e+01,3.186112947268082962e+02,4.582952269777351262e+01,1.761651460584849360e+01,8.307785350082629350e+01
9.579999999961999890e+01,3.189467199956210379e+02,4.585324606739106201e+01,1.762212838208844445e+01,8.312279466187980859e+01
9.589999999962000743e+01,3.192807091023657335e+02,4.587539794887248945e+01,1.763111719239988062e+01,8.317024919053534404e+01
9.599999999962000174e+01,3.196196535521104352e+02,4.589939523280257561e+01,1.764011655208737039e+01,8.321859681609404902e+01
9.609999999962001027e+01,3.199625604234593652e+02,4.592272763513622635e+01,1.764972327088747761e+01,8.326653471895416203e+01
9.619999999962000459e+01,3.202913329618129410e+02,4.594618479581999537e+01,1.765719112742816321e+01,8.331445268950335503e+01
9.629999999961999890e+01,3.206213389707356782e+02,4.596848739241348625e+01,1.766232386206009153e+01,8.336158939683116387e+01
9.639999999962000743e+01,3.209512975961255279e+02,4.599149857739342906e+01,1.766715129251759819e+01,8.340817616530968337e+01
9.649999999962000174e+01,3.212745711599205833e+02,4.601593374689171156e+01,1.767244079200404627e+01,8.345437253943801181e+01
9.659999999962001027e+01,3.216081325176731980e+02,4.604138897055936042e+01,1.768524036050003190e+01,8.350341524757416778e+01
9.669999999962000459e+01,3.219323659738769834e+02,4.606649754004083519e+01,1.769539747800866181e+01,8.355532147602207260e+01
9.679999999960999446e+01,3.222600659066678759e+02,4.609397194696287414e+01,1.770633667096297970e+01,8.360904160335086033e+01
9.689999999960998878e+01,3.225882563942034267e+02,4.612127548172382063e+01,1.771324932603527458e+01,8.366156563321187889e+01
9.699999999960999730e+01,3.229090498031162610e+02,4.614665657084005090e+01,1.772086396309988743e+01,8.371471207571133277e+01
9.709999999960999162e+01,3.232152973635653552e+02,4.617410613534907071e+01,1.772770601021317560e+01,8.376919322976165461e+01
9.719999999961000015e+01,3.235169905510391573e+02,4.620133853179238770e+01,1.773706149532401710e+01,8.382538552675103460e+01
9.729999999960999446e+01,3.238130855565731281e+02,4.622741455048136316e+01,1.774224169467897383e+01,8.388197005737337975e+01
9.739999999960998878e+01,3.241166188785934423e+02,4.625378360339859540e+01,1.774670320207626872e+01,8.393697302466358678e+01
9.749999999960999730e+01,3.244261219424468550e+02,4.627862405476512464e+01,1.775437366787337723e+01,8.399083193656635160e+01
9.759999999960999162e+01,3.247352530856466615e+02,4.630195060884074820e+01,1.775907544660228865e+01,8.404415356977048646e+01
9.769999999961000015e+01,3.250533447926335953e+02,4.632465845863790577e+01,1.776480465999182812e+01,8.409683840554227174e+01
9.779999999960999446e+01,3.253676814216497633e+02,4.634862762089510824e+01,1.776730123953404217e+01,8.414794335271660941e+01
9.789999999960998878e+01,3.256861555447795240e+02,4.637067789112275307e+01,1.777191087808368053e+01,8.419890846433941078e+01
9.799999999959999286e+01,3.260104308912893316e+02,4.639255864163659027e+01,1.777710855649231192e+01,8.424927045789664248e+01
9.809999999960000139e+01,3.263312609280185939e+02,4.641403060290573990e+01,1.778186891698436867e+01,8.430098358124693902e+01
9.819999999959999570e+01,3.266506710716241173e+02,4.643546396754691585e+01,1.778784384232793769e+01,8.435354557999076519e+01
9.829999999959999002e+01,3.269758826295809513e+02,4.645799890530309995e+01,1.779647251533316066e+01,8.440494756227609230e+01
9.839999999959999855e+01,3.273037691818922781e+02,4.648162828880063557e+01,1.780186999355476729e+01,8.445762335410509536e+01
9.849999999959999286e+01,3.276237244062825198e+02,4.650638058109238671e+01,1.780903038179433295e+01,8.451145246319687487e+01
9.859999999960000139e+01,3.279402033677282020e+02,4.653164889302173890e+01,1.781980615394891387e+01,8.456537172199722363e+01
9.869999999959999570e+01,3.282632540275544670e+02,4.655817681133066799e+01,1.782927772572089253e+01,8.461830666691156466e+01
9.879999999959999002e+01,3.285879358795100416e+02,4.658378173503774633e+01,1.783826407801262093e+01,8.467082592526773510e+01
9.889999999959999855e+01,3.289225341814466788e+02,4.660815469943912603e+01,1.784532803789080901e+01,8.472253210479577490e+01
9.899999999959999286e+01,3.292588729326656676e+02,4.663124806847488202e+01,1.785583834188308572e+01,8.477280707843448226e+01
9.909999999960000139e+01,3.295852888953419892e+02,4.665461373670596856e+01,1.786581437860411725e+01,8.482258530480102365e+01
9.919999999959999570e+01,3.299239150145234589e+02,4.667762115802741363e+01,1.787657521781488157e+01,8.487162694621798664e+01
9.929999999958999979e+01,3.302656873269069138e+02,4.669755424816164435e+01,1.788126161938894043e+01,8.491966595748377244e+01
9.939999999958999410e+01,3.306145037494819121e+02,4.671506092640163388e+01,1.788263511804816730e+01,8.496672174955816104e+01
9.949999999959000263e+01,3.309588505836981653e+02,4.673134360080710792e+01,1.788234005165429252e+01,8.501193629353782910e+01
9.959999999958999695e+01,3.313016274312394671e+02,4.674501022596709987e+01,1.787883660346018999e+01,8.505732767296176178e+01
9.969999999959000547e+01,3.316489757217713645e+02,4.675952756429533963e+01,1.787353822471476050e+01,8.510343565294310508e+01
9.979999999958999979e+01,3.319932409458655229e+02,4.677662108358407522e+01,1.787243027321611066e+01,8.515226503702649552e+01
9.989999999958999410e+01,3.323368714910348558e+02,4.679534537284028772e+01,1.787246678817078660e+01,8.520398719812099841e+01
9.999999999959000263e+01,3.326733164550678907e+02,4.681681183615899045e+01,1.787610520931359304e+01,8.525569172156887987e+01
1.000999999995899969e+02,3.330221134277653618e+02,4.683794880513817560e+01,1.788043643147252126e+01,8.530658798144852994e+01
1.001999999995900055e+02,3.333805775780771796e+02,4.685910489112242772e+01,1.788681488098599814e+01,8.535657308793705056e+01
1.002999999995899998e+02,3.337439428290479668e+02,4.687992690158409914e+01,1.789223069943824385e+01,8.540778844802936476e+01
1.003999999995899941e+02,3.341112497896738205e+02,4.690103911892952482e+01,1.789336439124370415e+01,8.546061236193091304e+01
1.004999999995900026e+02,3.344883877949755515e+02,4.692301159954416789e+01,1.789318349126711993e+01,8.551398581209433303e+01
1.005999999995800067e+02,3.348602758774172798e+02,4.694432552059910790e+01,1.789619161301012085e+01,8.556949279005689846e+01
1.006999999995800010e+02,3.352294526378057071e+02,4.696729665444476609e+01,1.789727238362543815e+01,8.562448932543341584e+01
1.007999999995800096e+02,3.355904854089487230e+02,4.699303221181889967e+01,1.790090468926278788e+01,8.568038057684026398e+01
1.008999999995800039e+02,3.359449527817041599e+02,4.702079065125445823e+01,1.790901182817791693e+01,8.573873082069584939e+01
1.009999999995799982e+02,3.362951652053974385e+02,4.704947943304842539e+01,1.791381760799227507e+01,8.579548016874193195e+01
1.010999999995800067e+02,3.366493500617600603e+02,4.707750473887807630e+01,1.792281033828485093e+01,8.585282999396007142e+01
1.011999999995800010e+02,3.369979243477478121e+02,4.710237326107279898e+01,1.793823601021871994e+01,8.590690318056033448e+01
1.012999999995800096e+02,3.373540566043832882e+02,4.712618130586432841e+01,1.794921482924480571e+01,8.595937525307950011e+01
1.013999999995800039e+02,3.376947495139490343e+02,4.714839442374776013e+01,1.796338081964863420e+01,8.601002344287181245e+01
1.014999999995799982e+02,3.380361934159881230e+02,4.717379724561261156e+01,1.797470036307207764e+01,8.605701912434372503e+01
1.015999999995800067e+02,3.383797357187538637e+02,4.720028529516149263e+01,1.798600112756474800e+01,8.610514563210070094e+01
1.016999999995800010e+02,3.387234602136960575e+02,4.722675834686124574e+01,1.800227387399113255e+01,8.615860938192263063e+01
1.017999999995800096e+02,3.390756087964699077e+02,4.725408350753435371e+01,1.801499394099856133e+01,8.621426385081669252e+01
1.018999999995699994e+02,3.394171148168065315e+02,4.728085207853934691e+01,1.802671419397197994e+01,8.626980246438317579e+01
1.019999999995700080e+02,3.397539781851311318e+02,4.730853629939799276e+01,1.803912699180350643e+01,8.632679940233282423e+01
1.020999999995700023e+02,3.400978124210037663e+02,4.733676903416710502e+01,1.805366817705154858e+01,8.638425993529700975e+01
1.021999999995700108e+02,3.404349336991227801e+02,4.736457205845977114e+01,1.806729352757505325e+01,8.643999518990256092e+01
1.022999999995700051e+02,3.407659417315250607e+02,4.739098099436407807e+01,1.807814062196943539e+01,8.649355730836145995e+01
1.023999999995699994e+02,3.411100410007416031e+02,4.741645591576135388e+01,1.808731465500847335e+01,8.654831507914252597e+01
1.024999999995700080e+02,3.414611589107212808e+02,4.744210516087156293e+01,1.809550722576624437e+01,8.660299279908113590e+01
1.025999999995700023e+02,3.418210497447963121e+02,4.746716278804272804e+01,1.810265015441500225e+01,8.665609675923373345e+01
1.026999999995700108e+02,3.421727294816378162e+02,4.749424169396662165e+01,1.811321797876383144e+01,8.670760585677544441e+01
1.027999999995700051e+02,3.425107999381065724e+02,4.751938852162496829e+01,1.812150393609377730e+01,8.675865334248328509e+01
1.028999999995699994e+02,3.428638282074936114e+02,4.754380730525024035e+01,1.812941382667090551e+01,8.681022072866058181e+01
1.029999999995700080e+02,3.432057352345308914e+02,4.756854158414542155e+01,1.813881975928907409e+01,8.686091984242597164e+01
1.030999999995700023e+02,3.435414116879781545e+02,4.759240190266752535e+01,1.814663086427602323e+01,8.691278816802410745e+01
1.031999999995599921e+02,3.438872266035972984e+02,4.761746605971802637e+01,1.815555225906771852e+01,8.696248888046767433e+01
1.032999999995600007e+02,3.442208791054724202e+02,4.764589054533111323e+01,1.816738711493966463e+01,8.701257287766713944e+01
1.033999999995599950e+02,3.445476697740597274e+02,4.767498944956385287e+01,1.818295240777876032e+01,8.706386826578339821e+01
1.034999999995599893e+02,3.448807099511376464e+02,4.770305873863971158e+01,1.819686966394279182e+01,8.711455991552861633e+01
1.035999999995599978e+02,3.452278223319335666e+02,4.772881859367515034e+01,1.820866134488719723e+01,8.716287615391119914e+01
1.036999999995599921e+02,3.455646427354938055e+02,4.775366367862964978e+01,1.821842055265409499e+01,8.721040492038801517e+01
1.037999999995600007e+02,3.459066236186868082e+02,4.777862294858081782e+01,1.822934844241937924e+01,8.725778012986326360e+01
1.038999999995599950e+02,3.462563273580320242e+02,4.780144763536278418e+01,1.823892073247959900e+01,8.730296042803229284e+01
1.039999999995599893e+02,3.466011015437470064e+02,4.782184065190082833e+01,1.824229758514179522e+01,8.734622631874682952e+01
1.040999999995599978e+02,3.469416785058360233e+02,4.784002364156199860e+01,1.824489000379265491e+01,8.738727861529159213e+01
1.041999999995599921e+02,3.472808717515032981e+02,4.785852297363993557e+01,1.825094768767108988e+01,8.742714355075590049e+01
1.042999999995600007e+02,3.476261623189728311e+02,4.787651081564821709e+01,1.825614601235856327e+01,8.746593790483247233e+01
1.043999999995599950e+02,3.479674583294159902e+02,4.789214214501458144e+01,1.825977746524050005e+01,8.750258374042358867e+01
1.044999999995499991e+02,3.483072425663483500e+02,4.790761594826641812e+01,1.826075102190840482e+01,8.753931944000520105e+01
1.045999999995499934e+02,3.486550876082583272e+02,4.792189798135711243e+01,1.826350646079785278e+01,8.757478503795240954e+01
1.046999999995500019e+02,3.489907985203466865e+02,4.793594968789540900e+01,1.826513742705671461e+01,8.760986069331809745e+01
1.047999999995499962e+02,3.493269747902575659e+02,4.795069510509801347e+01,1.826817317780306382e+01,8.764711698206077983e+01
1.048999999995499905e+02,3.496619404970729761e+02,4.796637819215570175e+01,1.827327872362603500e+01,8.768727013419896821e+01
1.049999999995499991e+02,3.499897539612807122e+02,4.798267996643286892e+01,1.827771978530489250e+01,8.772856883357033553e+01
1.050999999995499934e+02,3.503181470628414900e+02,4.799746739209711421e+01,1.828076855935418621e+01,8.776839790761717097e+01
1.051999999995500019e+02,3.506427374629107021e+02,4.801171995685484717e+01,1.828443445245982701e+01,8.780878020473220147e+01
1.052999999995499962e+02,3.509647543304230339e+02,4.802850768527890324e+01,1.829027966863226240e+01,8.784780043181103792e+01
1.053999999995499905e+02,3.513011680467545261e+02,4.804590166512727478e+01,1.829643558491963873e+01,8.788804070365858934e+01
1.054999999995499991e+02,3.516400592424574256e+02,4.806263850191972153e+01,1.830247907863529377e+01,8.792958487812732926e+01
1.055999999995499934e+02,3.519750496991338764e+02,4.808269781168350931e+01,1.830799246389595680e+01,8.797083433495805593e+01
1.056999999995500019e+02,3.522929335963238486e+02,4.810136032195910616e+01,1.831531989863617937e+01,8.801301734194642279e+01
1.057999999995400060e+02,3.526199170391469124e+02,4.811974701986867586e+01,1.831907267999032385e+01,8.805400782880910526e+01
1.058999999995400003e+02,3.529488496059420299e+02,4.813932659869828967e+01,1.832440622154285492e+01,8.809675975443953178e+01
1.059999999995399946e+02,3.532662554261274295e+02,4.815852730078111676e+01,1.833029351905002713e+01,8.813846735886961881e+01
1.060999999995400032e+02,3.535837856506554431e+02,4.817887653738484488e+01,1.833608260693592484e+01,8.818110641992493015e+01
1.061999999995399975e+02,3.539015167972387985e+02,4.819966974197689780e+01,1.833915600722494688e+01,8.822676887388811906e+01
1.062999999995400060e+02,3.542247785578840080e+02,4.822312003021641402e+01,1.834464137855339061e+01,8.827381253412275441e+01
1.063999999995400003e+02,3.545426175223546466e+02,4.824869229833682738e+01,1.835036433254404997e+01,8.832370228434626824e+01
1.064999999995399946e+02,3.548528601646916059e+02,4.827649472357634153e+01,1.835871766876215361e+01,8.837505381017021477e+01
1.065999999995400032e+02,3.551575802006850608e+02,4.830494536193154431e+01,1.836992867300574872e+01,8.842899981103921903e+01
1.066999999995399975e+02,3.554642006541878345e+02,4.833417652682727805e+01,1.838222230876545638e+01,8.848409331150969592e+01
1.067999999995400060e+02,3.557630936494550724e+02,4.836475002553599722e+01,1.839700049711766283e+01,8.853750808096388880e+01
1.068999999995400003e+02,3.560718316539105217e+02,4.839529481822584955e+01,1.841051612061936638e+01,8.859066009296134325e+01
1.069999999995399946e+02,3.563867667425569152e+02,4.842591950546385959e+01,1.842617206221837378e+01,8.864390167329402459e+01
1.070999999995299987e+02,3.567104007257846661e+02,4.845455971334847334e+01,1.843786305429558325e+01,8.869564777811243061e+01
1.071999999995300072e+02,3.570402779363291756e+02,4.848337616228501190e+01,1.845169485513480723e+01,8.874877263716230402e+01
1.072999999995300016e+02,3.573711754692831732e+02,4.851237579625183827e+01,1.846313116325336523e+01,8.880246377697102389e+01
1.073999999995299959e+02,3.577041996716616268e+02,4.854126149591165529e+01,1.847923859739912089e+01,8.885469629894568300e+01
1.074999999995300044e+02,3.580123714378273121e+02,4.856925515950084815e+01,1.849432728207487031e+01,8.890901957305229075e+01
1.075999999995299987e+02,3.583286974026627263e+02,4.859873563456834944e+01,1.851028626304495006e+01,8.896535229298449110e+01
1.076999999995300072e+02,3.586569692867424237e+02,4.862813460866726700e+01,1.852826280624116251e+01,8.902210130275157951e+01
1.077999999995300016e+02,3.589755634039545384e+02,4.865754985031007607e+01,1.854896779475841839e+01,8.907975380751952343e+01
1.078999999995299959e+02,3.593011934982108073e+02,4.868842657273348351e+01,1.856756439942087056e+01,8.913863223938531632e+01
1.079999999995300044e+02,3.596334812718582725e+02,4.872008471156089371e+01,1.858594987941878784e+01,8.919893633200037186e+01
1.080999999995299987e+02,3.599600646016582459e+02,4.875466329449377412e+01,1.860675330310693099e+01,8.926032944815872838e+01
1.081999999995300072e+02,3.602794691685959378e+02,4.879153034250979459e+01,1.862861290146313209e+01,8.932368338389002815e+01
1.082999999995200113e+02,3.605918330721365805e+02,4.882872920076112422e+01,1.865473678779670053e+01,8.938482315108809928e+01
1.083999999995200056e+02,3.609006378223422189e+02,4.886550851217797486e+01,1.867875713544188798e+01,8.944796723932294924e+01
1.084999999995200000e+02,3.612148552558313099e+02,4.890149960205014423e+01,1.870278286518399113e+01,8.951196697113994105e+01
1.085999999995200085e+02,3.615310611901654738e+02,4.893627336781233339e+01,1.872518338479037325e+01,8.957546841176188934e+01
1.086999999995200028e+02,3.618508201061500813e+02,4.897049613374533550e+01,1.874346618674479004e+01,8.963701100310998982e+01
1.087999999995200113e+02,3.621629229393064975e+02,4.900438917931440130e+01,1.876325983357012817e+01,8.969807544779696684e+01
1.088999999995200056e+02,3.624619945218997259e+02,4.903982437610538625e+01,1.878214481147069748e+01,8.976130923604850409e+01
1.089999999995200000e+02,3.627749824040421345e+02,4.907467661838690276e+01,1.880189891632795707e+01,8.982244949083816721e+01
1.090999999995200085e+02,3.630739437259850888e+02,4.910851670130806923e+01,1.882224009656211550e+01,8.988635975676719170e+01
1.091999999995200028e+02,3.633781665387843418e+02,4.914478455413572533e+01,1.884414660708801392e+01,8.995044381230827923e+01
1.092999999995200113e+02,3.636866003458192722e+02,4.918194649239142535e+01,1.886686586147658673e+01,9.001352282831869900e+01
1.093999999995200056e+02,3.639987656153830926e+02,4.922058656133266652e+01,1.888647968803947208e+01,9.007771526067472223e+01
1.094999999995200000e+02,3.643102528352751506e+02,4.926260556309995309e+01,1.891280826815929927e+01,9.014233410040475292e+01
1.095999999995099898e+02,3.646244826327556439e+02,4.930583016695008780e+01,1.894083712108940531e+01,9.020730669600069973e+01
1.096999999995099984e+02,3.649296305262623150e+02,4.934778711575523857e+01,1.896816840413146821e+01,9.027447783353352406e+01
1.097999999995099927e+02,3.652421859134631177e+02,4.939026809441480736e+01,1.899074797564058414e+01,9.034190720427349675e+01
1.098999999995099870e+02,3.655518297591657984e+02,4.943270985139190543e+01,1.901576164776529509e+01,9.041177282311460317e+01
1.099999999995099955e+02,3.658616505378092825e+02,4.947701117390636227e+01,1.904052346505126891e+01,9.048264351952100526e+01
1.100999999995099898e+02,3.661760339671100155e+02,4.952087453136365269e+01,1.906145995184005315e+01,9.055262539751929296e+01
1.101999999995099984e+02,3.665024365583018948e+02,4.956339293600585449e+01,1.907899692744759079e+01,9.062432462154448842e+01
1.102999999995099927e+02,3.668364596443481105e+02,4.960508915207037006e+01,1.910167309412086212e+01,9.069273844261127238e+01
1.103999999995099870e+02,3.671672668115747342e+02,4.964597501189042106e+01,1.912114481981191005e+01,9.076102087119733142e+01
1.104999999995099955e+02,3.674994453067723725e+02,4.968646484767530325e+01,1.914129384652082422e+01,9.082973860678488620e+01
1.105999999995099898e+02,3.678395254526053009e+02,4.972594737174874524e+01,1.916018715684327134e+01,9.090157802264432974e+01
1.106999999995099984e+02,3.681766924410565593e+02,4.976527795704642898e+01,1.918283578993773375e+01,9.097489764611398755e+01
1.107999999995099927e+02,3.685124906806711351e+02,4.980666258264643886e+01,1.920507432984077667e+01,9.104709073644332307e+01
1.108999999994999968e+02,3.688333143339997378e+02,4.984755651971917700e+01,1.922643048816365408e+01,9.111915308252407897e+01
1.109999999994999911e+02,3.691561583934451392e+02,4.989018620905793711e+01,1.924774102514487950e+01,9.119245491627994227e+01
1.110999999994999996e+02,3.694875722323862988e+02,4.993295616242528467e+01,1.926566496908506565e+01,9.126567453356236115e+01
1.111999999994999939e+02,3.698091495483087101e+02,4.997331613697259201e+01,1.928629766484598562e+01,9.133884968552693806e+01
1.112999999995000024e+02,3.701327248843292637e+02,5.001522221528262691e+01,1.930522632673377004e+01,9.141110772158947384e+01
1.113999999994999968e+02,3.704452926913618853e+02,5.005657591971729659e+01,1.932735267679576552e+01,9.148063458902795730e+01
1.114999999994999911e+02,3.707585248908069389e+02,5.009448226991680286e+01,1.934657715077383244e+01,9.154834530395170589e+01
1.115999999994999996e+02,3.710633099981247938e+02,5.013149002878011373e+01,1.936812421185728539e+01,9.161745443109363407e+01
1.116999999994999939e+02,3.713567818413845316e+02,5.017068439085796427e+01,1.939053602773530471e+01,9.168492289451465638e+01
1.117999999995000024e+02,3.716638795130389781e+02,5.021137714492747506e+01,1.941121227289452023e+01,9.175043124720755827e+01
1.118999999994999968e+02,3.719901405941418489e+02,5.025318147357540965e+01,1.943808565872833682e+01,9.182116062311632732e+01
1.119999999994999911e+02,3.723146676993183632e+02,5.029630583008123779e+01,1.945987464796033706e+01,9.189322961091055220e+01
1.120999999994999996e+02,3.726335105344757039e+02,5.033986073429052510e+01,1.948464630957238697e+01,9.196551579357621620e+01
1.121999999994900037e+02,3.729644974146165737e+02,5.038428340776590630e+01,1.950775201758992239e+01,9.203647409763314613e+01
1.122999999994899980e+02,3.732901953663853192e+02,5.043013306907747761e+01,1.953085662026104785e+01,9.210488983996678769e+01
1.123999999994899923e+02,3.736199701303104916e+02,5.047483320211881619e+01,1.955154144330705535e+01,9.217545592515828901e+01
1.124999999994900008e+02,3.739518296069395547e+02,5.051809356064460843e+01,1.957171258647319689e+01,9.224748786493650243e+01
1.125999999994899952e+02,3.742705028431674350e+02,5.055894831057648986e+01,1.958598680317479790e+01,9.231766205305973472e+01
1.126999999994900037e+02,3.746030837872273196e+02,5.059943867716699373e+01,1.960410101526024107e+01,9.238754070069497004e+01
1.127999999994899980e+02,3.749327846975534726e+02,5.064186839899909387e+01,1.962837019629277080e+01,9.245591193168368704e+01
1.128999999994899923e+02,3.752670501839107260e+02,5.068400912037456152e+01,1.964926248434567313e+01,9.252695270206405098e+01
1.129999999994900008e+02,3.756018860291113128e+02,5.072456700956747966e+01,1.966921674679277388e+01,9.260346787761339726e+01
1.130999999994899952e+02,3.759346448295407299e+02,5.076731273927831012e+01,1.968992657960449222e+01,9.268004729856251345e+01
1.131999999994900037e+02,3.762643443499227942e+02,5.081340171464763955e+01,1.971319623812190613e+01,9.276095376994730657e+01
1.132999999994899980e+02,3.766029218538544683e+02,5.086232529946136793e+01,1.973503112009194638e+01,9.284489583770348986e+01
1.133999999994899923e+02,3.769396690720705010e+02,5.091374725914331378e+01,1.975773008570548583e+01,9.293103343141815742e+01
1.134999999994799964e+02,3.772643832859213262e+02,5.096913160169316370e+01,1.978302747157978558e+01,9.301870221046851839e+01
1.135999999994800049e+02,3.776054724862613057e+02,5.102752401375203561e+01,1.981282166710670722e+01,9.310906364245532529e+01
1.136999999994799992e+02,3.779420391911532420e+02,5.108745879918537014e+01,1.984104557494180909e+01,9.320100898974756376e+01
1.137999999994800078e+02,3.782651371426933338e+02,5.114740735025353757e+01,1.987524425508475190e+01,9.329179820404173995e+01
1.138999999994800021e+02,3.785938927463500363e+02,5.120574978153241830e+01,1.990482069081634720e+01,9.338380403560303478e+01
1.139999999994799964e+02,3.789278736925681983e+02,5.126389947658302049e+01,1.993379852442617306e+01,9.347483619412204803e+01
1.140999999994800049e+02,3.792653533266827708e+02,5.132037339300671164e+01,1.996261101793959369e+01,9.356453894865963150e+01
1.141999999994799992e+02,3.795929180042883786e+02,5.137579367717225409e+01,1.999092706598455749e+01,9.365468945465131867e+01
1.142999999994800078e+02,3.799071505359380581e+02,5.142948332334172079e+01,2.001893728062704270e+01,9.374042336899832151e+01
1.143999999994800021e+02,3.802245296923384785e+02,5.148189006810829937e+01,2.004380166096197868e+01,9.382270467182395635e+01
1.144999999994799964e+02,3.805483697008756394e+02,5.153181343659068148e+01,2.007081544841561893e+01,9.390296228213337315e+01
1.145999999994800049e+02,3.808556060039072122e+02,5.158274034941866404e+01,2.010027813192147050e+01,9.398184760795443538e+01
1.146999999994799992e+02,3.811751059104632873e+02,5.163646802296256055e+01,2.013090762542460865e+01,9.406021039492431157e+01
1.147999999994700033e+02,3.814970564669530972e+02,5.168996492995824354e+01,2.016224623375768843e+01,9.414412384548539592e+01
1.148999999994699976e+02,3.818355993135070889e+02,5.174374262941631031e+01,2.019241988363368989e+01,9.422840577864508305e+01
1.149999999994700062e+02,3.821568637023733572e+02,5.179654492661499887e+01,2.021976404758750334e+01,9.431044257235444661e+01
1.150999999994700005e+02,3.824867466598618648e+02,5.184861390840805484e+01,2.024919404978266613e+01,9.439037096241936808e+01
1.151999999994700090e+02,3.828108105840088911e+02,5.190026421615661434e+01,2.028445287762249194e+01,9.446743140902343328e+01
1.152999999994700033e+02,3.831350858168033824e+02,5.195133347633506560e+01,2.032091122278965400e+01,9.454616153269009260e+01
1.153999999994699976e+02,3.834611276426761037e+02,5.200445941480329992e+01,2.035627010500981982e+01,9.462632414718076745e+01
1.154999999994700062e+02,3.837859446468609690e+02,5.205724105792429413e+01,2.038986708292353001e+01,9.470393874668305045e+01
1.155999999994700005e+02,3.841125654034500485e+02,5.210874847050413194e+01,2.042581874633007999e+01,9.478009496767410269e+01
1.156999999994700090e+02,3.844217069369863680e+02,5.216074344866235180e+01,2.045933993940572648e+01,9.485773980397662797e+01
1.157999999994700033e+02,3.847319542040519877e+02,5.221148234733127680e+01,2.048852370181328553e+01,9.493530414107252113e+01
1.158999999994699976e+02,3.850455460054167247e+02,5.225997931932367635e+01,2.051343467339857440e+01,9.500819301833774944e+01
1.159999999994700062e+02,3.853574099467168139e+02,5.230695601220683955e+01,2.054068310432596434e+01,9.508141414246928491e+01
1.160999999994599960e+02,3.856678158194980597e+02,5.235426740857389660e+01,2.056633911386552072e+01,9.515260924936634979e+01
1.161999999994599904e+02,3.859908763288948421e+02,5.240129194694300452e+01,2.059402696786411369e+01,9.522288761087720843e+01
1.162999999994599989e+02,3.862890690063728698e+02,5.244608154279065815e+01,2.061858116412155795e+01,9.529542607998848780e+01
1.163999999994599932e+02,3.865694089631852535e+02,5.248862966081927794e+01,2.064225030555838103e+01,9.536812255931891968e+01
1.164999999994599875e+02,3.868598392385628131e+02,5.252952665248683672e+01,2.066212720400532632e+01,9.543844747591629130e+01
1.165999999994599960e+02,3.871619852687201728e+02,5.256814888810777120e+01,2.067951041026445580e+01,9.551004955253522155e+01
1.166999999994599904e+02,3.874594835312311147e+02,5.260635905899810183e+01,2.069521402623890083e+01,9.557910904144252129e+01
1.167999999994599989e+02,3.877517260073084913e+02,5.264172773838120634e+01,2.071105165259163527e+01,9.564435334348468132e+01
1.168999999994599932e+02,3.880346296438711988e+02,5.267748689764415815e+01,2.072454293550047311e+01,9.571124063638229984e+01
1.169999999994599875e+02,3.883220547336715640e+02,5.271400558753688159e+01,2.074062864191705557e+01,9.577961624218703207e+01
1.170999999994599960e+02,3.886091096832479366e+02,5.275021800002139116e+01,2.075704079390656887e+01,9.584677536705171974e+01
1.171999999994599904e+02,3.888948230233147569e+02,5.278898794456073063e+01,2.077464578896954350e+01,9.591334200216444117e+01
1.172999999994499944e+02,3.891845812299532668e+02,5.282680121054556110e+01,2.079372591068377574e+01,9.597787362888952600e+01
1.173999999994499888e+02,3.894695700341144970e+02,5.286018221184021115e+01,2.081217459685964499e+01,9.603920678422818469e+01
1.174999999994499973e+02,3.897532444536888647e+02,5.289297761115115293e+01,2.083053658966424493e+01,9.609760895151390514e+01
1.175999999994499916e+02,3.900410558936021630e+02,5.292161988087831048e+01,2.084640093597091948e+01,9.615694241958399857e+01
1.176999999994500001e+02,3.903259913635215526e+02,5.294963649253294591e+01,2.086123017563434701e+01,9.621160844945546842e+01
1.177999999994499944e+02,3.906092827971033898e+02,5.297619880964621331e+01,2.087628538716657900e+01,9.626779126220250760e+01
1.178999999994499888e+02,3.908856344478394362e+02,5.300273202631528591e+01,2.088807614387073031e+01,9.632433387774226219e+01
1.179999999994499973e+02,3.911641212344929386e+02,5.302942825747961564e+01,2.090405468535807643e+01,9.638109271717841864e+01
1.180999999994499916e+02,3.914326567808051323e+02,5.305607385153099642e+01,2.091961427095317205e+01,9.643737098572586319e+01
1.181999999994500001e+02,3.916880365057423319e+02,5.308354640561405091e+01,2.093842991180018842e+01,9.649051163135602849e+01
1.182999999994499944e+02,3.919512326438930359e+02,5.310774042021648711e+01,2.095707347573587853e+01,9.654294765692949909e+01
1.183999999994499888e+02,3.922063950878136325e+02,5.313067308500994557e+01,2.097723363086697645e+01,9.659576431140952479e+01
1.184999999994499973e+02,3.924592755132696311e+02,5.315743958776109679e+01,2.099646668596226462e+01,9.664643503518628620e+01
1.185999999994400014e+02,3.927150571637350822e+02,5.318596760933703393e+01,2.101933685804042184e+01,9.669619688636780097e+01
1.186999999994399957e+02,3.929611902451381980e+02,5.321424696596311321e+01,2.103770785411094835e+01,9.674514397818768430e+01
1.187999999994400042e+02,3.931990719156376599e+02,5.324041092948428400e+01,2.105642015887565321e+01,9.679517241830255614e+01
1.188999999994399985e+02,3.934454393549202678e+02,5.326504876350880124e+01,2.107335730770085291e+01,9.684337811098583870e+01
1.189999999994399928e+02,3.936907152370895915e+02,5.328933206968174119e+01,2.109181633761923180e+01,9.688997177028905128e+01
1.190999999994400014e+02,3.939500587437545960e+02,5.331334500134263976e+01,2.111591585510275948e+01,9.693470079813734230e+01
1.191999999994399957e+02,3.941995049998630520e+02,5.333865138722682531e+01,2.113305833302676007e+01,9.698095256871525294e+01
1.192999999994400042e+02,3.944481410895495515e+02,5.336591215179014824e+01,2.115575857611561261e+01,9.703015759203596247e+01
1.193999999994399985e+02,3.946958075992041586e+02,5.339380700184641171e+01,2.117815498656965900e+01,9.707940023473251756e+01
1.194999999994399928e+02,3.949380121189810779e+02,5.342043946140920241e+01,2.119785109806081635e+01,9.712942672559918833e+01
1.195999999994400014e+02,3.951854974501261495e+02,5.344813131892916402e+01,2.122119467325215680e+01,9.717614181739904211e+01
1.196999999994399957e+02,3.954167139165112985e+02,5.347512799064448075e+01,2.124477395467462060e+01,9.722281630774249095e+01
1.197999999994400042e+02,3.956598738219626625e+02,5.349863556611101956e+01,2.126876552635311057e+01,9.726821742437367391e+01
1.198999999994300083e+02,3.959004693987525343e+02,5.352346418408238549e+01,2.129331967291470562e+01,9.731080123501530466e+01
1.199999999994300026e+02,3.961381932807429394e+02,5.354737364135235822e+01,2.131978311126081493e+01,9.735486997204745307e+01
1.200999999994299969e+02,3.963698083866391357e+02,5.357001332929115023e+01,2.134285838087672005e+01,9.740060541800296789e+01
1.201999999994300055e+02,3.966074148523309759e+02,5.359287327519533051e+01,2.136881364157540020e+01,9.744673030881978093e+01
1.202999999994299998e+02,3.968349532873458543e+02,5.361591997601114201e+01,2.139259292647292909e+01,9.749473732781142132e+01
1.203999999994300083e+02,3.970644510557557965e+02,5.364369653875585442e+01,2.141869177834145788e+01,9.754408935215720078e+01
1.204999999994300026e+02,3.972923083027234838e+02,5.367403280764576579e+01,2.144624533380322973e+01,9.760025451199102520e+01
1.205999999994299969e+02,3.975234869297598834e+02,5.370631137178937564e+01,2.147500547530514226e+01,9.766115959006464209e+01
1.206999999994300055e+02,3.977535791655787989e+02,5.374073144845929306e+01,2.149969897453784640e+01,9.772393206512346353e+01
1.207999999994299998e+02,3.979942409329044040e+02,5.377393726958226949e+01,2.152404194443765917e+01,9.778633531085969821e+01
1.208999999994300083e+02,3.982269363903745329e+02,5.380779384764327489e+01,2.154544812621685423e+01,9.784982693416661448e+01
1.209999999994300026e+02,3.984517561865196171e+02,5.384166363912574127e+01,2.156703549809594023e+01,9.791644542128528883e+01
1.210999999994299969e+02,3.986806072328425330e+02,5.387528338357905966e+01,2.158696237923900085e+01,9.798285894699264986e+01
1.211999999994200010e+02,3.989156046708411623e+02,5.390746295673064026e+01,2.160718216251057555e+01,9.804892441785513313e+01
1.212999999994200095e+02,3.991483984113321526e+02,5.393982833451849501e+01,2.163015038295615255e+01,9.810941592879478890e+01
1.213999999994200039e+02,3.993799743135823519e+02,5.396997823365435210e+01,2.165102509932039965e+01,9.816336683014672815e+01
1.214999999994199982e+02,3.996075700664353576e+02,5.399794239597697754e+01,2.167128320431022814e+01,9.821709121788622099e+01
1.215999999994200067e+02,3.998582390157588407e+02,5.402666879450807613e+01,2.169409050033223707e+01,9.827168084626168820e+01
1.216999999994200010e+02,4.001045013547831104e+02,5.405478580905005970e+01,2.171762586423004393e+01,9.832082671961535425e+01
1.217999999994200095e+02,4.003537014644213627e+02,5.408187697982578612e+01,2.173979691791856084e+01,9.837134853887133090e+01
1.218999999994200039e+02,4.006059093735373153e+02,5.410980601439729298e+01,2.176108283583906555e+01,9.842528987327804657e+01
1.219999999994199982e+02,4.008671688623287537e+02,5.413817307944982105e+01,2.178610278909649978e+01,9.848062948994471810e+01
1.220999999994200067e+02,4.011328322043186745e+02,5.416680675374776399e+01,2.181160164191528850e+01,9.853645416635184517e+01
1.221999999994200010e+02,4.013934006953928133e+02,5.419453506903695228e+01,2.183239769903769911e+01,9.859180408223966197e+01
1.222999999994200095e+02,4.016459222128279407e+02,5.421967037459263850e+01,2.185680584572963170e+01,9.864468898411716680e+01
1.223999999994200039e+02,4.018947080929864910e+02,5.424302717496060211e+01,2.187583020382847465e+01,9.869538284282653251e+01
1.224999999994100079e+02,4.021331629726624897e+02,5.426763025011197783e+01,2.189581947029261499e+01,9.874563066470196304e+01
1.225999999994100023e+02,4.023498587495045058e+02,5.429295719351025440e+01,2.191777676387471629e+01,9.879711843761053558e+01
1.226999999994100108e+02,4.025662263272316750e+02,5.432002756144926536e+01,2.194202347867114256e+01,9.884730207958608617e+01
1.227999999994100051e+02,4.027943444256949306e+02,5.434757692109896254e+01,2.196742461207375641e+01,9.889679069191255678e+01
1.228999999994100136e+02,4.030159090304275082e+02,5.437358933025208074e+01,2.199191751076763524e+01,9.894500182349111128e+01
1.229999999994100079e+02,4.032379437467557750e+02,5.440016155221080396e+01,2.201711190094720294e+01,9.899174183583957642e+01
1.230999999994100023e+02,4.034508022748908047e+02,5.442736001930929035e+01,2.204313638863315816e+01,9.903690674162297114e+01
1.231999999994100108e+02,4.036588693452903271e+02,5.445893395068891607e+01,2.207092245996903657e+01,9.908453569773487857e+01
1.232999999994100051e+02,4.038746641158334114e+02,5.449253630475742227e+01,2.210099184915718595e+01,9.913176137060735016e+01
1.233999999994100136e+02,4.040940868367007397e+02,5.452436335246832044e+01,2.213099996520816504e+01,9.917659777141571453e+01
1.234999999994100079e+02,4.043064159889885900e+02,5.455674556159279120e+01,2.216723905055913235e+01,9.922127265998190637e+01
1.235999999994100023e+02,4.045194371788194303e+02,5.459153548921194954e+01,2.220344954010979066e+01,9.926873981551202064e+01
1.236999999994100108e+02,4.047320428788683557e+02,5.462469296309144084e+01,2.223804282045548320e+01,9.931540507849820187e+01
1.237999999994000007e+02,4.049491273718085154e+02,5.465722420800629067e+01,2.226854888362170470e+01,9.936049665011856291e+01
1.238999999993999950e+02,4.051796708377534060e+02,5.469047546777124325e+01,2.230173755793205714e+01,9.940599835739220680e+01
1.239999999993999893e+02,4.054086943467433457e+02,5.472456615867471186e+01,2.233520348296930180e+01,9.945073161973760989e+01
1.240999999993999978e+02,4.056305811365716067e+02,5.475823369952681219e+01,2.236713521074086941e+01,9.949828578614051366e+01
1.241999999993999921e+02,4.058571812706094875e+02,5.479152903028552402e+01,2.239984109768893816e+01,9.954601404045783397e+01
1.242999999994000007e+02,4.060967448041307648e+02,5.482618469312389209e+01,2.242849258168353899e+01,9.959592015411460864e+01
1.243999999993999950e+02,4.063333486025285310e+02,5.486194399632753971e+01,2.245388422531285855e+01,9.964826633563279756e+01
1.244999999993999893e+02,4.065684066710850288e+02,5.489739448246270825e+01,2.248348937942290959e+01,9.969973256753232249e+01
1.245999999993999978e+02,4.068093718152566680e+02,5.493215125676235999e+01,2.250766646009193295e+01,9.975076518302809347e+01
1.246999999993999921e+02,4.070429294926540820e+02,5.496686674840169218e+01,2.253224831193127997e+01,9.980387734115376475e+01
1.247999999994000007e+02,4.072878433835928718e+02,5.500324119646511178e+01,2.255693283777012681e+01,9.985856246414051895e+01
1.248999999993999950e+02,4.075355138031108027e+02,5.504114323827420918e+01,2.257626668795536773e+01,9.991554026699640190e+01
1.249999999993999893e+02,4.077933865938806548e+02,5.507819614403496900e+01,2.260117597986610249e+01,9.997611153023116515e+01
1.250999999993899934e+02,4.080431800817167982e+02,5.511352742384119807e+01,2.262234317664147554e+01,1.000392521892166826e+02
1.251999999993900019e+02,4.083039822419879670e+02,5.514753757194395689e+01,2.264326027767961591e+01,1.001020895641100878e+02
1.252999999993899962e+02,4.085585453760812129e+02,5.518269440879230814e+01,2.265942279009168203e+01,1.001641391391113842e+02
1.253999999993900047e+02,4.088074919743273199e+02,5.521892317027023012e+01,2.267972148015267564e+01,1.002268944059096896e+02
1.254999999993899991e+02,4.090596537786327644e+02,5.525652593713048333e+01,2.269539083257231837e+01,1.002880922556670384e+02
1.255999999993899934e+02,4.093058467692172826e+02,5.529394329311803347e+01,2.271372931987134081e+01,1.003502321447539742e+02
1.256999999993900019e+02,4.095602506281615547e+02,5.533426874709498122e+01,2.272868785583453999e+01,1.004110013923690019e+02
1.257999999993899962e+02,4.098270986147830968e+02,5.537555020584002108e+01,2.274315282937797633e+01,1.004742137129915704e+02
1.258999999993900047e+02,4.100994796545934378e+02,5.541510950774850386e+01,2.275476273082850653e+01,1.005379043880637937e+02
1.259999999993899991e+02,4.103704302628179903e+02,5.545562091761835433e+01,2.276618896352800903e+01,1.005993208269585466e+02
1.260999999993899934e+02,4.106406719711043252e+02,5.549553639272324546e+01,2.277921345868633196e+01,1.006618164574888539e+02
1.261999999993900019e+02,4.109127192388040726e+02,5.553397760186533816e+01,2.278930557872128304e+01,1.007201023066466234e+02
1.262999999993800060e+02,4.111876123028412735e+02,5.557231573840345362e+01,2.279885935422157672e+01,1.007759554343018635e+02
1.263999999993800003e+02,4.114563673316627046e+02,5.560898893589283176e+01,2.280749679362720528e+01,1.008349608070646894e+02
1.264999999993799946e+02,4.117251699173834822e+02,5.564740398820714518e+01,2.281533536200763379e+01,1.008954696460869798e+02
1.265999999993800031e+02,4.119865433645246640e+02,5.569029854415453684e+01,2.282769389060014475e+01,1.009578883006307564e+02
1.266999999993799975e+02,4.122449503996763269e+02,5.573483504515994724e+01,2.284444230717968338e+01,1.010222574057560934e+02
1.267999999993800060e+02,4.125134920890977241e+02,5.578265147428655268e+01,2.286359516738347253e+01,1.010896214290832660e+02
1.268999999993800003e+02,4.127707145777876576e+02,5.583442503157174741e+01,2.288794007918606255e+01,1.011587993985720288e+02
1.269999999993799946e+02,4.130307739906125448e+02,5.588624186850287856e+01,2.291434548489169032e+01,1.012314684675828715e+02
1.270999999993800031e+02,4.133091198969125344e+02,5.594335915606320953e+01,2.294120980495333484e+01,1.013053766390534634e+02
1.271999999993799975e+02,4.135758928728604928e+02,5.600287034385912932e+01,2.297145107195018454e+01,1.013839189523231710e+02
1.272999999993800060e+02,4.138288892291425896e+02,5.606301223431531611e+01,2.300123792576940218e+01,1.014650581911574960e+02
1.273999999993800003e+02,4.140960835333266914e+02,5.612427599640415110e+01,2.302989671206394817e+01,1.015471877204452653e+02
1.274999999993799946e+02,4.143620973136953012e+02,5.618556480258607877e+01,2.305826651184169762e+01,1.016304480549267026e+02
1.275999999993699987e+02,4.146393017888389636e+02,5.624445146645418703e+01,2.308465148755307794e+01,1.017157334499556498e+02
1.276999999993700072e+02,4.149071515708267839e+02,5.630254069486868929e+01,2.310924599233669952e+01,1.018026072485614577e+02
1.277999999993700015e+02,4.151693034187026683e+02,5.636043720744326890e+01,2.313547037443066401e+01,1.018872253815830078e+02
1.278999999993700101e+02,4.154163528199076154e+02,5.641766849043305854e+01,2.316034039286002510e+01,1.019720339754668004e+02
1.279999999993700044e+02,4.156823258917369230e+02,5.647490662895864943e+01,2.318530961258563394e+01,1.020583409322962183e+02
1.280999999993699987e+02,4.159639561565639951e+02,5.653170325888653736e+01,2.321110373507751845e+01,1.021440154658424717e+02
1.281999999993699930e+02,4.162186305645992093e+02,5.658941389340714778e+01,2.323831821264780473e+01,1.022284032591078073e+02
1.282999999993700158e+02,4.164708011485770953e+02,5.664497434133643594e+01,2.326246931500554638e+01,1.023124946157716124e+02
1.283999999993700101e+02,4.167217659796174871e+02,5.669869890908422150e+01,2.328467988547349776e+01,1.023915983229451001e+02
1.284999999993700044e+02,4.169717114012482284e+02,5.675035059098030388e+01,2.331069446337764006e+01,1.024692011816131441e+02
1.285999999993699987e+02,4.172318634136961464e+02,5.680018770963898334e+01,2.333453392468287291e+01,1.025456881706165433e+02
1.286999999993699930e+02,4.174767250571832733e+02,5.685108972643094916e+01,2.336200212075908311e+01,1.026210049608789205e+02
1.287999999993700158e+02,4.177285273581491651e+02,5.690102654547153094e+01,2.338593071703283144e+01,1.026959491658847838e+02
1.288999999993600056e+02,4.179852275856875963e+02,5.694803224197074343e+01,2.340607506893610079e+01,1.027712140661711260e+02
1.289999999993599999e+02,4.182221225895728480e+02,5.699409575388632732e+01,2.342630373707158142e+01,1.028467940853610685e+02
1.290999999993599943e+02,4.184652483424538900e+02,5.703979762537700537e+01,2.344470482682995893e+01,1.029224601192393465e+02
1.291999999993600170e+02,4.187168800298925930e+02,5.708461013132735218e+01,2.346124243087577099e+01,1.029980924926645827e+02
1.292999999993600113e+02,4.189695175449305111e+02,5.712792142213290703e+01,2.347663381654221837e+01,1.030757780448112015e+02
1.293999999993600056e+02,4.192243091285747028e+02,5.717087792721144979e+01,2.349365901168886950e+01,1.031545432027448896e+02
1.294999999993599999e+02,4.194643832094621416e+02,5.721642559153998064e+01,2.351334419680150134e+01,1.032326806977933984e+02
1.295999999993599943e+02,4.197081274809769411e+02,5.726287452160664060e+01,2.353105270108407154e+01,1.033141018820002586e+02
1.296999999993600170e+02,4.199508550903325954e+02,5.731241209030668671e+01,2.354955383287120085e+01,1.033937245422140592e+02
1.297999999993600113e+02,4.202063058418193577e+02,5.736461954901595561e+01,2.357277965852485124e+01,1.034716119182038341e+02
1.298999999993600056e+02,4.204411348601192913e+02,5.741625660478110404e+01,2.359764361462011450e+01,1.035509344893797419e+02
1.299999999993599999e+02,4.206816949610204119e+02,5.746889051848226160e+01,2.362452063379295808e+01,1.036296636805904257e+02
1.300999999993599943e+02,4.209346973492088750e+02,5.752105828839012958e+01,2.365343796413624489e+01,1.037080504871242823e+02
1.301999999993499841e+02,4.211800501950638704e+02,5.757116749008186929e+01,2.368494920776214485e+01,1.037840860639377354e+02
1.302999999993500069e+02,4.214150447657142990e+02,5.762116888759005207e+01,2.371903575833371391e+01,1.038583709857055197e+02
1.303999999993500012e+02,4.216401873623844381e+02,5.767019519111292425e+01,2.375029202652049420e+01,1.039343659796499253e+02
1.304999999993499955e+02,4.218868060825813586e+02,5.771959872173352579e+01,2.377808457446517210e+01,1.040097762046235630e+02
1.305999999993499898e+02,4.221384031778246708e+02,5.776706900017228463e+01,2.381060263163876201e+01,1.040832442455619002e+02
1.306999999993499841e+02,4.223810194739457415e+02,5.781440656985222404e+01,2.384188543987461273e+01,1.041568601769621125e+02
1.307999999993500069e+02,4.226320937103279789e+02,5.786343315635988915e+01,2.387431768759914519e+01,1.042319635988851729e+02
1.308999999993500012e+02,4.228894764666515016e+02,5.791836826530699511e+01,2.390963168026548047e+01,1.043108332104248319e+02
1.309999999993499955e+02,4.231461938931099098e+02,5.797619092127987273e+01,2.394679798548250815e+01,1.043898054417666259e+02
1.310999999993499898e+02,4.234203996522419402e+02,5.803206307500022376e+01,2.398079937715112209e+01,1.044709805677576355e+02
1.311999999993499841e+02,4.236693970818577100e+02,5.808787548460676220e+01,2.401299021837412440e+01,1.045564898051151488e+02
1.312999999993500069e+02,4.239206881680092920e+02,5.814418300663413675e+01,2.404280305844601173e+01,1.046423562723951761e+02
1.313999999993500012e+02,4.241931697270439940e+02,5.820193844164084851e+01,2.407416032801026518e+01,1.047265947043575665e+02
1.314999999993400195e+02,4.244563310922131336e+02,5.826156396647781577e+01,2.410454724555695805e+01,1.048108639357890155e+02
1.315999999993400138e+02,4.247137033102267765e+02,5.832011216334778680e+01,2.413537201695554302e+01,1.048980697756017406e+02
1.316999999993400081e+02,4.249835462388130054e+02,5.837767121364018408e+01,2.416802772168273705e+01,1.049838038277437846e+02
1.317999999993400024e+02,4.252712651042012908e+02,5.843508299525959870e+01,2.419949434359882900e+01,1.050711941353808214e+02
1.318999999993400252e+02,4.255351598318987385e+02,5.849349610422201096e+01,2.423506578361840624e+01,1.051551431128414578e+02
1.319999999993400195e+02,4.258016968261409261e+02,5.855419085090264275e+01,2.427169904095765318e+01,1.052391784034035140e+02
1.320999999993400138e+02,4.260712891309474912e+02,5.861846323294671635e+01,2.430842159561488813e+01,1.053289520986579788e+02
1.321999999993400081e+02,4.263398448527005371e+02,5.868122396206727132e+01,2.434571039729868858e+01,1.054207667857973547e+02
1.322999999993400024e+02,4.266140803617781785e+02,5.874337604235104493e+01,2.438072478355718076e+01,1.055091579749921635e+02
1.323999999993400252e+02,4.268813678337295414e+02,5.880711648172356121e+01,2.441748115831260080e+01,1.055951713915473391e+02
1.324999999993400195e+02,4.271547825508270648e+02,5.886955565807084412e+01,2.445610907865662043e+01,1.056834219718296595e+02
1.325999999993400138e+02,4.274280398068374893e+02,5.893262779137388208e+01,2.449239904855547678e+01,1.057737666737584021e+02
1.326999999993400081e+02,4.277049249666075639e+02,5.899800389065236317e+01,2.453067114345923372e+01,1.058649337220968505e+02
1.327999999993299980e+02,4.279911615476918882e+02,5.906384562240867808e+01,2.456529760486546010e+01,1.059533010657927434e+02
1.328999999993299923e+02,4.282675657641430007e+02,5.912798223459979852e+01,2.460120215315582826e+01,1.060391109598596415e+02
1.329999999993299866e+02,4.285393080013268445e+02,5.918674494258815599e+01,2.463731746949620316e+01,1.061254287247061541e+02
1.330999999993300094e+02,4.288057583067945302e+02,5.924323298252235048e+01,2.466634521347235065e+01,1.062081131691343074e+02
1.331999999993300037e+02,4.290868508924679077e+02,5.929609125571017358e+01,2.469889064308542714e+01,1.062877454077629835e+02
1.332999999993299980e+02,4.293628000169331926e+02,5.934869056212037464e+01,2.472630602983687709e+01,1.063659786432135377e+02
1.333999999993299923e+02,4.296162307892052468e+02,5.940028086890447412e+01,2.475497966375585079e+01,1.064404021015619151e+02
1.334999999993299866e+02,4.298656084597888025e+02,5.945215085776294472e+01,2.478402918131410360e+01,1.065089647023999788e+02
1.335999999993300094e+02,4.301409784657734576e+02,5.950302595171565656e+01,2.481483243741421418e+01,1.065755824988833496e+02
1.336999999993300037e+02,4.304212647501441324e+02,5.954922091757101299e+01,2.484528055967260585e+01,1.066406680545491810e+02
1.337999999993299980e+02,4.306977509896745460e+02,5.959058695407895101e+01,2.487003630299686208e+01,1.067052557250322451e+02
1.338999999993299923e+02,4.309601311697995243e+02,5.963021543094884436e+01,2.489616294092630966e+01,1.067675344148754704e+02
1.339999999993299866e+02,4.312296892775955257e+02,5.967183563500410770e+01,2.492250709862480207e+01,1.068293305828196935e+02
1.340999999993199765e+02,4.314845088342052009e+02,5.971131362875550508e+01,2.494748992353893513e+01,1.068912131601075401e+02
1.341999999993199992e+02,4.317354267413133471e+02,5.974789437006949555e+01,2.497086253037151593e+01,1.069523382194673786e+02
1.342999999993199935e+02,4.319789562424792848e+02,5.978285079718204287e+01,2.499206542769925576e+01,1.070081186813432339e+02
1.343999999993199879e+02,4.322332100729827289e+02,5.981719954098866765e+01,2.501512830271803978e+01,1.070592330708425948e+02
1.344999999993199822e+02,4.324769097880632103e+02,5.985061528414396292e+01,2.504062214153472610e+01,1.071117015286771448e+02
1.345999999993199765e+02,4.327327934661868767e+02,5.988516779850393590e+01,2.506303437890415964e+01,1.071645570225919926e+02
1.346999999993199992e+02,4.329938971192087251e+02,5.992300136537907917e+01,2.508725036041662904e+01,1.072194131694364927e+02
1.347999999993199935e+02,4.332527965980057729e+02,5.996141343306527460e+01,2.511769372270136458e+01,1.072772375027068108e+02
1.348999999993199879e+02,4.335405036304126725e+02,6.000157924889484917e+01,2.514901873291154999e+01,1.073368827835310952e+02
1.349999999993199822e+02,4.338243327851948834e+02,6.004335171293051587e+01,2.518010573708190947e+01,1.073988757553676976e+02
1.350999999993199765e+02,4.341031225962811959e+02,6.008677034730381905e+01,2.521000064661287965e+01,1.074613155280890169e+02
1.351999999993199992e+02,4.343664922607601966e+02,6.012660871835442578e+01,2.524492098818423713e+01,1.075183237154177647e+02
1.352999999993199935e+02,4.346644893553121278e+02,6.016318597992116679e+01,2.527347581833931045e+01,1.075711565501554077e+02
1.353999999993100118e+02,4.349748874659092621e+02,6.019737680112426403e+01,2.530107270829362420e+01,1.076211878095741241e+02
1.354999999993100062e+02,4.352690371878632050e+02,6.022968805995861885e+01,2.532426287308787138e+01,1.076708375562686513e+02
1.355999999993100005e+02,4.355517543168966768e+02,6.026020835670480125e+01,2.534741829547997582e+01,1.077223390449822631e+02
1.356999999993099948e+02,4.358427912575934897e+02,6.029038388966552020e+01,2.536310246787388323e+01,1.077738856980633102e+02
1.357999999993100175e+02,4.361301027517704938e+02,6.031677768829835173e+01,2.537623904722150314e+01,1.078250528709855303e+02
1.358999999993100118e+02,4.364224816709833021e+02,6.033887196298157818e+01,2.539247408463133482e+01,1.078741007505916372e+02
1.359999999993100062e+02,4.366921001847780417e+02,6.036131752861975031e+01,2.540406607439655673e+01,1.079249953590172737e+02
1.360999999993100005e+02,4.369758968369403078e+02,6.038264356995761517e+01,2.541678922734439183e+01,1.079726297675881170e+02
1.361999999993099948e+02,4.372314464115698911e+02,6.040277967232582768e+01,2.543148765995262295e+01,1.080196463863375840e+02
1.362999999993100175e+02,4.374912938170012922e+02,6.042272477790973539e+01,2.544486878617207282e+01,1.080665998614699959e+02
1.363999999993100118e+02,4.377545868116105225e+02,6.044175318465825342e+01,2.545647513149138064e+01,1.081183154305268346e+02
1.364999999993100062e+02,4.380328592035640440e+02,6.046070190968212188e+01,2.547238607895866735e+01,1.081704446927586929e+02
1.365999999992999960e+02,4.383148482723179882e+02,6.048237150514715665e+01,2.548598497781198091e+01,1.082189787058848935e+02
1.366999999992999903e+02,4.386062278400799528e+02,6.050647407831945657e+01,2.550239706295100106e+01,1.082707188243636551e+02
1.367999999992999847e+02,4.389042633127276645e+02,6.053394121881584056e+01,2.551708200280816285e+01,1.083267698942844959e+02
1.368999999993000074e+02,4.392140262614470316e+02,6.056424159339762525e+01,2.553415346942260555e+01,1.083849931698882614e+02
1.369999999993000017e+02,4.395159724418874703e+02,6.059592310488672240e+01,2.555692510064004352e+01,1.084441151813309432e+02
1.370999999992999960e+02,4.398161098564486338e+02,6.062928599098537319e+01,2.557541429594982318e+01,1.085039124019834844e+02
1.371999999992999903e+02,4.401281082828991771e+02,6.066176129754548896e+01,2.559464628369801531e+01,1.085648749477732338e+02
1.372999999992999847e+02,4.404249855145711763e+02,6.069620198207866935e+01,2.561168791744933415e+01,1.086247714719497992e+02
1.373999999993000074e+02,4.407204196158539844e+02,6.072991200353170171e+01,2.562932627689719922e+01,1.086870098557652256e+02
1.374999999993000017e+02,4.410213646540419745e+02,6.076245270076754679e+01,2.564944209926569485e+01,1.087488791823958536e+02
1.375999999992999960e+02,4.413212753456710971e+02,6.079515114359926997e+01,2.566787605292017815e+01,1.088111436082714505e+02
1.376999999992999903e+02,4.416187670565028043e+02,6.083048685358445340e+01,2.568558980381868295e+01,1.088715301473193904e+02
1.377999999992999847e+02,4.419225378244662465e+02,6.086591553164682011e+01,2.570671229524106494e+01,1.089332660975429832e+02
1.378999999992900030e+02,4.422240256638269216e+02,6.090104138511306076e+01,2.572800393342847158e+01,1.089922948384645167e+02
1.379999999992900257e+02,4.425219750517886155e+02,6.093346679877335959e+01,2.575024491081151368e+01,1.090500061110077183e+02
1.380999999992900200e+02,4.428233469673490958e+02,6.096692608149413672e+01,2.576574542047065464e+01,1.091070838371860248e+02
1.381999999992900143e+02,4.431059700363562683e+02,6.099932517529502718e+01,2.578524421959954793e+01,1.091649195335642588e+02
1.382999999992900086e+02,4.434003318830380636e+02,6.103150712561824776e+01,2.580083983515903867e+01,1.092234354957604126e+02
1.383999999992900030e+02,4.436900742828614170e+02,6.106329054933503642e+01,2.581661720582988551e+01,1.092798068897697874e+02
1.384999999992900257e+02,4.439688495968625830e+02,6.109761279499645781e+01,2.583436745459402317e+01,1.093351333331815169e+02
1.385999999992900200e+02,4.442744764097942038e+02,6.113343508525220216e+01,2.585568744293092536e+01,1.093911347693853031e+02
1.386999999992900143e+02,4.445904782818694798e+02,6.116896342229964745e+01,2.587825825266261859e+01,1.094506850465334367e+02
1.387999999992900086e+02,4.449044157873660765e+02,6.120735475526789315e+01,2.589691046008019271e+01,1.095110582796394425e+02
1.388999999992900030e+02,4.452147146583276367e+02,6.124407790063462187e+01,2.591723814128631531e+01,1.095745687752199728e+02
1.389999999992900257e+02,4.455225909900970009e+02,6.128394685658749808e+01,2.594059260488332086e+01,1.096370269049139381e+02
1.390999999992900200e+02,4.458336205061955297e+02,6.131917674616344982e+01,2.595916329935984024e+01,1.097024208874489375e+02
1.391999999992800099e+02,4.461353990705300703e+02,6.135147292026808685e+01,2.597441748210499668e+01,1.097661432866334223e+02
1.392999999992800042e+02,4.464503346210876771e+02,6.138444725849864625e+01,2.599074402406764150e+01,1.098305753313270969e+02
1.393999999992799985e+02,4.467524849255190702e+02,6.141512356540286532e+01,2.600698602102508872e+01,1.098947099117116153e+02
1.394999999992799928e+02,4.470747688119719214e+02,6.144851056390879762e+01,2.603140372981470563e+01,1.099576968846650544e+02
1.395999999992799872e+02,4.473959978255970213e+02,6.148372097746831599e+01,2.605328823555992557e+01,1.100199510861067864e+02
1.396999999992800099e+02,4.477120968878488725e+02,6.151931897149361816e+01,2.607115970909993052e+01,1.100819217642116428e+02
1.397999999992800042e+02,4.480347812915995291e+02,6.155457861050217616e+01,2.609115350500895758e+01,1.101444057222495587e+02
1.398999999992799985e+02,4.483628544726728364e+02,6.158896051166984620e+01,2.611173084141463718e+01,1.102068770204072621e+02
1.399999999992799928e+02,4.486856703488413132e+02,6.162414792930459129e+01,2.613416526613104907e+01,1.102660893784184282e+02
1.400999999992799872e+02,4.489964556220671739e+02,6.165802077178383911e+01,2.615682078397149724e+01,1.103257167944635597e+02
1.401999999992800099e+02,4.493177252584319490e+02,6.169367112983636048e+01,2.618262162341101984e+01,1.103865274168430375e+02
1.402999999992800042e+02,4.496258916365225105e+02,6.173058352410705396e+01,2.620767347705605488e+01,1.104499152846670285e+02
1.403999999992799985e+02,4.499493328613014569e+02,6.176759104427366509e+01,2.623413286688291990e+01,1.105152253994390605e+02
1.404999999992699884e+02,4.502625206426604905e+02,6.180594982758155709e+01,2.625707359685381803e+01,1.105809058676308609e+02
1.405999999992699827e+02,4.505838297577108733e+02,6.184795835641710227e+01,2.628732604463979783e+01,1.106491787749029072e+02
1.406999999992699770e+02,4.509137247914362661e+02,6.189160122589958490e+01,2.632260939154171808e+01,1.107223900725621206e+02
1.407999999992699998e+02,4.512368828726695256e+02,6.193772250882126684e+01,2.635856340096872685e+01,1.107948930144695083e+02
1.408999999992699941e+02,4.515582137039378381e+02,6.198841752326787002e+01,2.639668545534259181e+01,1.108672295537412253e+02
1.409999999992699884e+02,4.518917288883475294e+02,6.203963733419946180e+01,2.643571535974152553e+01,1.109450635733021358e+02
1.410999999992699827e+02,4.522307750588946647e+02,6.209574955802428775e+01,2.647209567780470962e+01,1.110241688903980588e+02
1.411999999992699770e+02,4.525617973176964597e+02,6.215221337016158287e+01,2.651117873135449443e+01,1.111095155932119098e+02
1.412999999992699998e+02,4.528966679802934436e+02,6.220948757084718039e+01,2.655188552618779241e+01,1.111955773252330175e+02
1.413999999992699941e+02,4.532359126262400650e+02,6.226679287825846387e+01,2.659142968550818154e+01,1.112824843965645698e+02
1.414999999992699884e+02,4.535648510446644082e+02,6.232608513464958833e+01,2.662957822242704609e+01,1.113714668134276877e+02
1.415999999992699827e+02,4.539013541148165132e+02,6.238532176119012718e+01,2.667048692307915303e+01,1.114613409213906863e+02
1.416999999992699770e+02,4.542340125561406694e+02,6.244502086495060666e+01,2.671273784081988723e+01,1.115502157281657958e+02
1.417999999992599953e+02,4.545724282581261946e+02,6.250213550320828659e+01,2.675347549784863688e+01,1.116346015517563188e+02
1.418999999992600181e+02,4.549296990199556490e+02,6.255614295287891480e+01,2.679315196852898140e+01,1.117172816646056361e+02
1.419999999992600124e+02,4.552836672610707751e+02,6.260844308338797504e+01,2.682388799553296721e+01,1.118010277063160771e+02
1.420999999992600067e+02,4.556248819101984964e+02,6.266014428456048080e+01,2.685727932835738585e+01,1.118824112861619824e+02
1.421999999992600010e+02,4.559620047180918618e+02,6.271201324705888425e+01,2.689125967143559137e+01,1.119600646482206940e+02
1.422999999992599953e+02,4.562926219722242536e+02,6.276177855657226701e+01,2.692039703903462211e+01,1.120402378878579412e+02
1.423999999992600181e+02,4.566338882489973798e+02,6.280739522317843182e+01,2.694858266701757898e+01,1.121195754693613935e+02
1.424999999992600124e+02,4.569673350753760133e+02,6.284914900279958516e+01,2.697550958524549003e+01,1.121951820972236504e+02
1.425999999992600067e+02,4.572816665346588820e+02,6.288778061911462203e+01,2.700251338419773006e+01,1.122651716292645574e+02
1.426999999992600010e+02,4.576264128814073615e+02,6.292339416178592160e+01,2.703031329758835000e+01,1.123360234144116134e+02
1.427999999992599953e+02,4.579746397826368707e+02,6.295995604520401656e+01,2.705587751179017530e+01,1.124068051904231140e+02
1.428999999992600181e+02,4.583170283366758326e+02,6.299330939244678973e+01,2.708143699223749223e+01,1.124759568781126404e+02
1.429999999992600124e+02,4.586685608819713593e+02,6.302744890884023476e+01,2.711085855663657540e+01,1.125448953582557721e+02
1.430999999992500022e+02,4.590102942996617230e+02,6.306458435931391904e+01,2.713268604769174175e+01,1.126150981147494150e+02
1.431999999992499966e+02,4.593697286445235477e+02,6.310256039406283435e+01,2.715091006106839799e+01,1.126890903075551478e+02
1.432999999992499909e+02,4.597089031363966569e+02,6.314339009994075269e+01,2.717453584387119392e+01,1.127625631981978955e+02
1.433999999992499852e+02,4.600492815348649742e+02,6.318646423876215579e+01,2.719833809815326475e+01,1.128364246535703330e+02
1.434999999992500079e+02,4.604116506610345141e+02,6.322827273125557923e+01,2.722335665973411167e+01,1.129124333287676620e+02
1.435999999992500022e+02,4.607582798265974020e+02,6.327080635801151942e+01,2.725264618701615049e+01,1.129901230646977837e+02
1.436999999992499966e+02,4.611096545264736051e+02,6.331254725314536103e+01,2.728352797344579983e+01,1.130659133444283100e+02
1.437999999992499909e+02,4.614794349299969554e+02,6.334978699540052105e+01,2.731035561093481689e+01,1.131374945203133677e+02
1.438999999992499852e+02,4.618531613010167121e+02,6.338486053460390224e+01,2.733655239281870664e+01,1.132057864996968277e+02
1.439999999992500079e+02,4.622122228375621376e+02,6.341528490392254014e+01,2.736100328433627382e+01,1.132723083279635858e+02
1.440999999992500022e+02,4.625821068140737680e+02,6.344557651534955056e+01,2.738264839581102805e+01,1.133348997526758808e+02
1.441999999992499966e+02,4.629515877126470400e+02,6.347364237024837053e+01,2.740175654085933843e+01,1.133936562233479179e+02
1.442999999992499909e+02,4.633350622338483618e+02,6.350327848746920267e+01,2.742158831297303934e+01,1.134503975044056148e+02
1.443999999992400092e+02,4.637099574430109215e+02,6.353122450120297771e+01,2.743888800410967477e+01,1.135049629669570521e+02
1.444999999992400035e+02,4.640785889202559815e+02,6.355850885889487500e+01,2.745266077737116461e+01,1.135573704715855285e+02
1.445999999992399978e+02,4.644400026250868905e+02,6.358563482225466856e+01,2.747384539722655106e+01,1.136097439218302299e+02
1.446999999992400205e+02,4.647951041108179879e+02,6.361275863079460180e+01,2.749779024184716647e+01,1.136630118863626251e+02
1.447999999992400149e+02,4.651418993742069006e+02,6.363941592196650987e+01,2.751960816046376124e+01,1.137177661984352000e+02
1.448999999992400092e+02,4.654868732635479773e+02,6.366520344016501554e+01,2.754187514047863772e+01,1.137727191451650270e+02
1.449999999992400035e+02,4.658248006516449209e+02,6.369217341303735225e+01,2.756156595569356327e+01,1.138306524859609397e+02
1.450999999992399978e+02,4.661597228171669371e+02,6.371699901464277360e+01,2.758499887235236514e+01,1.138903882973103805e+02
1.451999999992400205e+02,4.665016672736206260e+02,6.374791729709145471e+01,2.761041229563317501e+01,1.139482091409226427e+02
1.452999999992400149e+02,4.668426137931862172e+02,6.378075425411966393e+01,2.763334767524008129e+01,1.140077108459340280e+02
1.453999999992400092e+02,4.671560677415110376e+02,6.381023257643466451e+01,2.765531810257031253e+01,1.140679594205159617e+02
1.454999999992400035e+02,4.674812797586869237e+02,6.383887742585620373e+01,2.768145145631748960e+01,1.141273559271890292e+02
1.455999999992299934e+02,4.678034809339171716e+02,6.386945361985095104e+01,2.770460356013974845e+01,1.141867211973805212e+02
1.456999999992299877e+02,4.681221851793547444e+02,6.390051546085935996e+01,2.772851663196582450e+01,1.142447806069564820e+02
1.457999999992300104e+02,4.684320649370334877e+02,6.393185747912627193e+01,2.775808231633086365e+01,1.143025571171960735e+02
1.458999999992300047e+02,4.687648185207399933e+02,6.396526521145356980e+01,2.778691538948963569e+01,1.143608031584891762e+02
1.459999999992299990e+02,4.691049339762084855e+02,6.400100891554939153e+01,2.781292309914344330e+01,1.144222460968131685e+02
1.460999999992299934e+02,4.694548431381861064e+02,6.404014755900443845e+01,2.784297245610377658e+01,1.144870987602840273e+02
1.461999999992299877e+02,4.698237487567654398e+02,6.408244029107108020e+01,2.787385557041341144e+01,1.145530612558144981e+02
1.462999999992300104e+02,4.701660363020302498e+02,6.412454601571074875e+01,2.790840625869049774e+01,1.146165267875165625e+02
1.463999999992300047e+02,4.705057679318928763e+02,6.416713681161412808e+01,2.793716462548757917e+01,1.146807174688529045e+02
1.464999999992299990e+02,4.708716021353902192e+02,6.420962065753641923e+01,2.796654341734427973e+01,1.147453344383051785e+02
1.465999999992299934e+02,4.712150170428898264e+02,6.425102784599242511e+01,2.799564768479984878e+01,1.148119167402413865e+02
1.466999999992299877e+02,4.715641684239192841e+02,6.429545698480181670e+01,2.802380513331978307e+01,1.148778438907170028e+02
1.467999999992300104e+02,4.719125168379950424e+02,6.434147157511031878e+01,2.805248354575973124e+01,1.149427171064500186e+02
1.468999999992200003e+02,4.722571081290105326e+02,6.438461523010670362e+01,2.808196391254475088e+01,1.150095719325695427e+02
1.469999999992199946e+02,4.725950905996282359e+02,6.442553580526460166e+01,2.811186522078014249e+01,1.150737728415684842e+02
1.470999999992199889e+02,4.729150717837769662e+02,6.446385762410223208e+01,2.813798336741793094e+01,1.151379051749457005e+02
1.471999999992199832e+02,4.732589272818619293e+02,6.449967066134064453e+01,2.816149765146633399e+01,1.152022437833725377e+02
1.472999999992199776e+02,4.736150211037563622e+02,6.453567185941376749e+01,2.818990514768672284e+01,1.152635697264790906e+02
1.473999999992200003e+02,4.739643874935305234e+02,6.457018174581521919e+01,2.821477666883377822e+01,1.153268661303371232e+02
1.474999999992199946e+02,4.743112222662891213e+02,6.460537150848274734e+01,2.823961152597501822e+01,1.153922209354631434e+02
1.475999999992199889e+02,4.746252543188280697e+02,6.464475802985163000e+01,2.826918081248373582e+01,1.154625936470014267e+02
1.476999999992199832e+02,4.749269786861831903e+02,6.468714758798155628e+01,2.829765434481637598e+01,1.155372447566062135e+02
1.477999999992199776e+02,4.752424881190637507e+02,6.473405364506527349e+01,2.832647529906864747e+01,1.156124756122467119e+02
1.478999999992200003e+02,4.755435200978736248e+02,6.478117064914619050e+01,2.835353387008989756e+01,1.156889929489256872e+02
1.479999999992199946e+02,4.758334206111918547e+02,6.482665042829522406e+01,2.837281365256337651e+01,1.157689165891035117e+02
1.480999999992199889e+02,4.761312854418286520e+02,6.486693350537686342e+01,2.839051334020859585e+01,1.158546442699984880e+02
1.481999999992100072e+02,4.764433606758460655e+02,6.490787083524755019e+01,2.840714804856492393e+01,1.159365524332380346e+02
1.482999999992100015e+02,4.767534985116491839e+02,6.495131936916541804e+01,2.842428667182972291e+01,1.160147402740181946e+02
1.483999999992099958e+02,4.770813851530603529e+02,6.499057545339942976e+01,2.843787847138349534e+01,1.160922859179401456e+02
1.484999999992100186e+02,4.774020877717400140e+02,6.502819669301453587e+01,2.845440570967072347e+01,1.161698613117388845e+02
1.485999999992100129e+02,4.777315655381952979e+02,6.506990476396877909e+01,2.846695223080279291e+01,1.162432335224482642e+02
1.486999999992100072e+02,4.780806354274065484e+02,6.510810166153787293e+01,2.848268354735104779e+01,1.163127264580732714e+02
1.487999999992100015e+02,4.784110559330156889e+02,6.514460856254082444e+01,2.850437124102181841e+01,1.163809890991755793e+02
1.488999999992099958e+02,4.787583226703748096e+02,6.517847719207117052e+01,2.851715294008964108e+01,1.164467226635797914e+02
1.489999999992100186e+02,4.791225637512317235e+02,6.521133930334406159e+01,2.852998472638323335e+01,1.165131502553940663e+02
1.490999999992100129e+02,4.794991184798021209e+02,6.524542163343458867e+01,2.853968415790652458e+01,1.165786342887999893e+02
1.491999999992100072e+02,4.798751528823947297e+02,6.527380873218068302e+01,2.854336721226701812e+01,1.166477778096864455e+02
1.492999999992100015e+02,4.802342288289192993e+02,6.530857177021719906e+01,2.854930230535060787e+01,1.167211642036151886e+02
1.493999999992099958e+02,4.805718200915658826e+02,6.534702264491291146e+01,2.856522675907882913e+01,1.167950890015842305e+02
1.494999999991999857e+02,4.809236529823317028e+02,6.538699682054547679e+01,2.858468278417527841e+01,1.168744811088290874e+02
1.495999999991999800e+02,4.812605093050145797e+02,6.542479388925916339e+01,2.860253220728674606e+01,1.169537595519510376e+02
1.496999999992000028e+02,4.816067838170722553e+02,6.545939205913019521e+01,2.861894226748137982e+01,1.170312102274848201e+02
1.497999999991999971e+02,4.819444686780648794e+02,6.549761290880300635e+01,2.863775501612574104e+01,1.171051427373086966e+02
1.498999999991999914e+02,4.822921997956092923e+02,6.553657802999610738e+01,2.865837125923742690e+01,1.171751902947210624e+02
1.499999999991999857e+02,4.826407372589512192e+02,6.557621235697853024e+01,2.867778606767348748e+01,1.172481214890613330e+02
1.500999999991999800e+02,4.829906862686013937e+02,6.561654268769717646e+01,2.869967147055176682e+01,1.173218110172674784e+02
1.501999999992000028e+02,4.833373155247895170e+02,6.566003850883710413e+01,2.872183323574406799e+01,1.173990129220466088e+02
1.502999999991999971e+02,4.837079653836140665e+02,6.570561749573593602e+01,2.874668351469262717e+01,1.174792495752475361e+02
1.503999999991999914e+02,4.840715978979279157e+02,6.575062895458508194e+01,2.877372836304265036e+01,1.175625224681383401e+02
1.504999999991999857e+02,4.844257461257129194e+02,6.579641102566768041e+01,2.879650006311495858e+01,1.176474203806575787e+02
1.505999999991999800e+02,4.847753446409262779e+02,6.584300316384161533e+01,2.882138270105971500e+01,1.177316112784672413e+02
1.506999999992000028e+02,4.851407650261738809e+02,6.588848693596578698e+01,2.884371935337936321e+01,1.178131329766053881e+02
1.507999999991900211e+02,4.855092671007309377e+02,6.593247968994265307e+01,2.886034262946764528e+01,1.178938709906511946e+02
1.508999999991900154e+02,4.858736760527194747e+02,6.597513842055896305e+01,2.887890519490083108e+01,1.179715611515678120e+02
1.509999999991900097e+02,4.862550038100289953e+02,6.601831435117389901e+01,2.889783042567013638e+01,1.180478538863227698e+02
1.510999999991900040e+02,4.866565976355643102e+02,6.605601378349281561e+01,2.891329667836063422e+01,1.181228469474866216e+02
1.511999999991899983e+02,4.870528235998320383e+02,6.609521118985210819e+01,2.893432397788755139e+01,1.182000692229852064e+02
1.512999999991900211e+02,4.874344113825450791e+02,6.614149322577949874e+01,2.896231612154219448e+01,1.182785227346917338e+02
1.513999999991900154e+02,4.878233060603456579e+02,6.618432297572141465e+01,2.899052594126628790e+01,1.183589832360187870e+02
1.514999999991900097e+02,4.882043242255286373e+02,6.622941069717590779e+01,2.902185280743096385e+01,1.184399364491955282e+02
1.515999999991900040e+02,4.885979720198201335e+02,6.627535249152961683e+01,2.905955144401532309e+01,1.185215548140522230e+02
1.516999999991899983e+02,4.889787533412035714e+02,6.632034343141798161e+01,2.908972059938685817e+01,1.185992268255900939e+02
1.517999999991900211e+02,4.893397325840731469e+02,6.636368709077071060e+01,2.912415939886988880e+01,1.186730317687481318e+02
1.518999999991900154e+02,4.897144664926003657e+02,6.640524186691091302e+01,2.915593498614617474e+01,1.187472725396987983e+02
1.519999999991900097e+02,4.900721819377279758e+02,6.644318431866426522e+01,2.918279626565870899e+01,1.188219076160207663e+02
1.520999999991799996e+02,4.904327519330720975e+02,6.648285640590042078e+01,2.921314344627348802e+01,1.188945909477021132e+02
1.521999999991799939e+02,4.908008630448124450e+02,6.652294184179075387e+01,2.924758488388494371e+01,1.189683921513826022e+02
1.522999999991799882e+02,4.911588311438833898e+02,6.656461345654176398e+01,2.928034296030569905e+01,1.190429112020271134e+02
1.523999999991800109e+02,4.915305296924752270e+02,6.660588684571693818e+01,2.930711632845562420e+01,1.191159900985141604e+02
1.524999999991800053e+02,4.919058747781107286e+02,6.664259948897684183e+01,2.932772904838570227e+01,1.191941888692359299e+02
1.525999999991799996e+02,4.922769170068636413e+02,6.667913968133287028e+01,2.935304933465096511e+01,1.192703219186870598e+02
1.526999999991799939e+02,4.926456781045329762e+02,6.671653352899210176e+01,2.937374303268425280e+01,1.193443722173091288e+02
1.527999999991799882e+02,4.930131769494337277e+02,6.675354536776193015e+01,2.938749139390993648e+01,1.194194501323264461e+02
1.528999999991800109e+02,4.933967251519825368e+02,6.678596787650711519e+01,2.939880163724882678e+01,1.194943782414374454e+02
1.529999999991800053e+02,4.937893080275138118e+02,6.681742232453898112e+01,2.940816110441593523e+01,1.195698584744581012e+02
1.530999999991799996e+02,4.941828498607720235e+02,6.684956278866772550e+01,2.942427128129041591e+01,1.196384115020222367e+02
1.531999999991799939e+02,4.946110965868012386e+02,6.687709570501550616e+01,2.943237502275739814e+01,1.197038874927536796e+02
1.532999999991799882e+02,4.950364563140205405e+02,6.690797761528642695e+01,2.944827234496676738e+01,1.197675875900602165e+02
1.533999999991699781e+02,4.954738164696134959e+02,6.693976635864898128e+01,2.946667852942635690e+01,1.198318110615686862e+02
1.534999999991700008e+02,4.959018580064137609e+02,6.697202498122112502e+01,2.948939755477827163e+01,1.199016414716265473e+02
1.535999999991699951e+02,4.963306600716011872e+02,6.700698698257701835e+01,2.951086610884244266e+01,1.199757190794191217e+02
1.536999999991699895e+02,4.967566102860118349e+02,6.704173400128604499e+01,2.953822826432250537e+01,1.200476196631203578e+02
1.537999999991699838e+02,4.971738969273305884e+02,6.707882149288315077e+01,2.956626838379058952e+01,1.201201454125973100e+02
1.538999999991699781e+02,4.975817995680066019e+02,6.711505278996818902e+01,2.959125238357948007e+01,1.201946931850480240e+02
1.539999999991700008e+02,4.980094582852075860e+02,6.715465766080113497e+01,2.961858060622477140e+01,1.202690747927076274e+02
1.540999999991699951e+02,4.984363098324557768e+02,6.719447924481688972e+01,2.964163520804551055e+01,1.203467156873454655e+02
1.541999999991699895e+02,4.988609379925948133e+02,6.723227642192334486e+01,2.966474394306754192e+01,1.204245149459471520e+02
1.542999999991699838e+02,4.992873713674911187e+02,6.727213188169591263e+01,2.969056450368584521e+01,1.205044131076850533e+02
1.543999999991699781e+02,4.997146814636300292e+02,6.731334308007293998e+01,2.971185752837085303e+01,1.205864635746879259e+02
1.544999999991700008e+02,5.001439857043538950e+02,6.735638571308039957e+01,2.972628801402205312e+01,1.206719650311377166e+02
1.545999999991600191e+02,5.005409323131015640e+02,6.739929724735699779e+01,2.973806361564677658e+01,1.207584433681185629e+02
1.546999999991600134e+02,5.009407007640037364e+02,6.744004792226854761e+01,2.974860114633008834e+01,1.208481273743705628e+02
1.547999999991600077e+02,5.013457240860353750e+02,6.748474510964051376e+01,2.975166483593651279e+01,1.209412317232345515e+02
1.548999999991600021e+02,5.017540233560388288e+02,6.752992484920252991e+01,2.975393044945870358e+01,1.210405536481898849e+02
1.549999999991599964e+02,5.021256047602146850e+02,6.757499988985807704e+01,2.975959981551071465e+01,1.211383906957189538e+02
1.550999999991600191e+02,5.025221465388228239e+02,6.762612312365868661e+01,2.976718436784063471e+01,1.212334960490950095e+02
1.551999999991600134e+02,5.028928628638585110e+02,6.767311308824405103e+01,2.977762707835583100e+01,1.213285557838069195e+02
1.552999999991600077e+02,5.032521401747992513e+02,6.771999366385952612e+01,2.979099613026418680e+01,1.214217161675292971e+02
1.553999999991600021e+02,5.036120161307436547e+02,6.776683275225755665e+01,2.980004702472966471e+01,1.215178886636903712e+02
1.554999999991599964e+02,5.039760496164040546e+02,6.781297077526541273e+01,2.981287126597507608e+01,1.216111563125244572e+02
1.555999999991600191e+02,5.043666303218644771e+02,6.786229746221798109e+01,2.983178084599642688e+01,1.217041216513440247e+02
1.556999999991600134e+02,5.047458092081990912e+02,6.791543801063245667e+01,2.985746050037920440e+01,1.217987751754779708e+02
1.557999999991600077e+02,5.051122456547108186e+02,6.797068361603461994e+01,2.988040867614274276e+01,1.218949594411246267e+02
1.558999999991499976e+02,5.054571397355989575e+02,6.803074732104653322e+01,2.990841999364782922e+01,1.219998330093017955e+02
1.559999999991499919e+02,5.058075862585474169e+02,6.809479406763732356e+01,2.993405143615382258e+01,1.221069388371749938e+02
1.560999999991499863e+02,5.061558503266704179e+02,6.815803240962870291e+01,2.996620860906706696e+01,1.222157430991250493e+02
1.561999999991499806e+02,5.065099333145344644e+02,6.822051829494205322e+01,2.999682461902996167e+01,1.223218934016438055e+02
1.562999999991500033e+02,5.068427309972151988e+02,6.828108634627335505e+01,3.002410892385183772e+01,1.224248656927507142e+02
1.563999999991499976e+02,5.071925719908250016e+02,6.834317899359228932e+01,3.005119475981535615e+01,1.225287470511156727e+02
1.564999999991499919e+02,5.075459980647801217e+02,6.840571024798900623e+01,3.008737049922736162e+01,1.226339034458654424e+02
1.565999999991499863e+02,5.079192443076252061e+02,6.846836009458857575e+01,3.012689719115041953e+01,1.227396043737119840e+02
1.566999999991499806e+02,5.082793949395455115e+02,6.853210917399620428e+01,3.016526337135724134e+01,1.228392313499903139e+02
1.567999999991500033e+02,5.086553512137614916e+02,6.859076090084698762e+01,3.019920982933258813e+01,1.229358497547558073e+02
1.568999999991499976e+02,5.090198582880523759e+02,6.865027556538449005e+01,3.023095123149663976e+01,1.230298550194349332e+02
1.569999999991499919e+02,5.093727397884641164e+02,6.871236633097429092e+01,3.026711227915744828e+01,1.231295096223802972e+02
1.570999999991499863e+02,5.097430158240666742e+02,6.877543219055800705e+01,3.031050561152872191e+01,1.232317691364549717e+02
1.571999999991400045e+02,5.101488037690948545e+02,6.884272846177833571e+01,3.034816325043349750e+01,1.233325033842590557e+02
1.572999999991399989e+02,5.105617473297603510e+02,6.890836932780327118e+01,3.038765169816111467e+01,1.234360379318599144e+02
1.573999999991400216e+02,5.109661188868238924e+02,6.897514710283877548e+01,3.043078665422341444e+01,1.235417528579909998e+02
1.574999999991400159e+02,5.113906101816997420e+02,6.904156199055269383e+01,3.047411115006277171e+01,1.236464416283717611e+02
1.575999999991400102e+02,5.118122196082881601e+02,6.910656680110190564e+01,3.051184777699483419e+01,1.237483258280009863e+02
1.576999999991400045e+02,5.122356490442244876e+02,6.917292968137439857e+01,3.055170371597047563e+01,1.238534314538045038e+02
1.577999999991399989e+02,5.126498415475814454e+02,6.923774030790850986e+01,3.058271962945261890e+01,1.239591626563241533e+02
1.578999999991400216e+02,5.130567399931965156e+02,6.930270475417452758e+01,3.060800606804508917e+01,1.240606153822132853e+02
1.579999999991400159e+02,5.134834709610752270e+02,6.936270907917057116e+01,3.063699515810195351e+01,1.241614989058482905e+02
1.580999999991400102e+02,5.139181126458441895e+02,6.942148418081025341e+01,3.067036524368727868e+01,1.242634643633639087e+02
1.581999999991400045e+02,5.143668705360587410e+02,6.947756135242791231e+01,3.069561265016468354e+01,1.243642933911628745e+02
1.582999999991399989e+02,5.148119381303075670e+02,6.952897694332656897e+01,3.072498267916564529e+01,1.244644509099717027e+02
1.583999999991400216e+02,5.152610003309345075e+02,6.957907848098017212e+01,3.074695566067540042e+01,1.245575335910901771e+02
1.584999999991300115e+02,5.157064876923278689e+02,6.962340290197732884e+01,3.076961449475050614e+01,1.246456021492140422e+02
1.585999999991300058e+02,5.161375836346302322e+02,6.966362902188849660e+01,3.079014718517560922e+01,1.247297878027534352e+02
1.586999999991300001e+02,5.165624949150592329e+02,6.970301997797294291e+01,3.081182215461454987e+01,1.248072548218938778e+02
1.587999999991299944e+02,5.169956588030912599e+02,6.973887457886016250e+01,3.083517722529251159e+01,1.248780942163450476e+02
1.588999999991299887e+02,5.174040421838195698e+02,6.977325493826705838e+01,3.085830329882092826e+01,1.249485942254948725e+02
1.589999999991300115e+02,5.178324974211408289e+02,6.981016109785007018e+01,3.087939806421386635e+01,1.250207734720020483e+02
1.590999999991300058e+02,5.182396604215730349e+02,6.985335894646297561e+01,3.090343391754870694e+01,1.250974110678007349e+02
1.591999999991300001e+02,5.186485187925032960e+02,6.989896259387519706e+01,3.093059990366262113e+01,1.251777521343949644e+02
1.592999999991299944e+02,5.190575842393142239e+02,6.994833344756052895e+01,3.096088934307902463e+01,1.252569493770410958e+02
1.593999999991299887e+02,5.194492305953388041e+02,6.999643643334596277e+01,3.098563043108564230e+01,1.253434348835580039e+02
1.594999999991300115e+02,5.198346484640677545e+02,7.004059352919564674e+01,3.100263720116029731e+01,1.254326369064342401e+02
1.595999999991300058e+02,5.202615593047786433e+02,7.008325968095793712e+01,3.101654947040755417e+01,1.255166642026594559e+02
1.596999999991300001e+02,5.206861272613313076e+02,7.012525662687291117e+01,3.102806046491810577e+01,1.255991354811922918e+02
1.597999999991199900e+02,5.210730693130273039e+02,7.016633879997806389e+01,3.103694307350641424e+01,1.256820481431196583e+02
1.598999999991199843e+02,5.214643314332507771e+02,7.020941202609471077e+01,3.104594661920137000e+01,1.257615689188198047e+02
1.599999999991199786e+02,5.218605754937958636e+02,7.025171415925835561e+01,3.106680896622329513e+01,1.258392512117900850e+02
1.600999999991200013e+02,5.222612908645872949e+02,7.029909212051821044e+01,3.108379473737921828e+01,1.259225784493272045e+02
1.601999999991199957e+02,5.226680611475364913e+02,7.034935571142541733e+01,3.109881597718441526e+01,1.260083869360288986e+02
1.602999999991199900e+02,5.230499732513312665e+02,7.040092185021261173e+01,3.111490673719887567e+01,1.260960886358523965e+02
1.603999999991199843e+02,5.234214776308480168e+02,7.045056160837367543e+01,3.113050720362973678e+01,1.261824360776087559e+02
1.604999999991199786e+02,5.237920416310407745e+02,7.049712900385704017e+01,3.114686947248753768e+01,1.262694131974940603e+02
1.605999999991200013e+02,5.241595655737397692e+02,7.054373465929828058e+01,3.116801488664726705e+01,1.263571695711985967e+02
1.606999999991199957e+02,5.245103388411557717e+02,7.058491562253145446e+01,3.118547599217834332e+01,1.264384530980036061e+02
1.607999999991199900e+02,5.248488365030551677e+02,7.062149855517749586e+01,3.119741335862973841e+01,1.265203453074455524e+02
1.608999999991199843e+02,5.252254278296222765e+02,7.066000199466989784e+01,3.121067539422068648e+01,1.266034126638009667e+02
1.609999999991199786e+02,5.255984559624494068e+02,7.070302310661159595e+01,3.122709029062972874e+01,1.266832055298133781e+02
1.610999999991099969e+02,5.259736546042680629e+02,7.074550494635614939e+01,3.125031101102261744e+01,1.267661404575829067e+02
1.611999999991099912e+02,5.263306490797142487e+02,7.079186373730176740e+01,3.127662599486861339e+01,1.268525691095868382e+02
1.612999999991100140e+02,5.266777922114811190e+02,7.083812717440946471e+01,3.129853392048830329e+01,1.269319214145628933e+02
1.613999999991100083e+02,5.270389513390140337e+02,7.088435530236512250e+01,3.132550384735015214e+01,1.270036572298212008e+02
1.614999999991100026e+02,5.274159921925354411e+02,7.092517532190606744e+01,3.135142431320117851e+01,1.270734000583391605e+02
1.615999999991099969e+02,5.277986406314444139e+02,7.096181167916196841e+01,3.136857260474896236e+01,1.271421819948101728e+02
1.616999999991099912e+02,5.281711463950092593e+02,7.099682225241394917e+01,3.137859448465032131e+01,1.272126236970216127e+02
1.617999999991100140e+02,5.285812490380159261e+02,7.103047834451933795e+01,3.138724045967012088e+01,1.272773840772520657e+02
1.618999999991100083e+02,5.289903011462370159e+02,7.106558449387817689e+01,3.139906123758146705e+01,1.273391261866790245e+02
1.619999999991100026e+02,5.293915234829579504e+02,7.110076383581173332e+01,3.142068380687048190e+01,1.273975260438743220e+02
1.620999999991099969e+02,5.298141449171189379e+02,7.113223240074218268e+01,3.144019816007771695e+01,1.274449829484194368e+02
1.621999999991099912e+02,5.302528389254022159e+02,7.115988830417143163e+01,3.145754143888360588e+01,1.274937100100500800e+02
1.622999999991100140e+02,5.306872423158148422e+02,7.118830138703414434e+01,3.147384312701619180e+01,1.275446949104484702e+02
1.623999999991000038e+02,5.310964912066841634e+02,7.122510365949146660e+01,3.149158002361743058e+01,1.275993957424483796e+02
1.624999999990999981e+02,5.315018284545469669e+02,7.125547931015906045e+01,3.149654979029969937e+01,1.276559715223778539e+02
1.625999999990999925e+02,5.319101133137161241e+02,7.128319416493955885e+01,3.150505527807517936e+01,1.277141383707083548e+02
1.626999999990999868e+02,5.322977580181134272e+02,7.130792733023608321e+01,3.151516344826561777e+01,1.277720703302766623e+02
1.627999999990999811e+02,5.326898524821551746e+02,7.133332996879907739e+01,3.152656475983142670e+01,1.278247878809001037e+02
1.628999999991000038e+02,5.330910923173644278e+02,7.135452063650036791e+01,3.153410727362063781e+01,1.278831755083528776e+02
1.629999999990999981e+02,5.334900885625251021e+02,7.138167443753449959e+01,3.155033346253983595e+01,1.279458570645643078e+02
1.630999999990999925e+02,5.338749234644913031e+02,7.141555536509935109e+01,3.157438832987130084e+01,1.280089411745397001e+02
1.631999999990999868e+02,5.342499087314943154e+02,7.144941406815738105e+01,3.159058771324392367e+01,1.280804643720853164e+02
1.632999999990999811e+02,5.346484950600072352e+02,7.148811690662095941e+01,3.160386053421386165e+01,1.281522536437821884e+02
1.633999999991000038e+02,5.350372537994915092e+02,7.152571551215042689e+01,3.161972525270514112e+01,1.282289366270867390e+02
1.634999999990999981e+02,5.354330265488224541e+02,7.156420613512308648e+01,3.163962187327207332e+01,1.283098260491631208e+02
1.635999999990999925e+02,5.358217605839159887e+02,7.160603502421353994e+01,3.166250314200993898e+01,1.283875208241497887e+02
1.636999999990900108e+02,5.362115358770640796e+02,7.164261621136068925e+01,3.168054404179958894e+01,1.284624891527736281e+02
1.637999999990900051e+02,5.366119102478098739e+02,7.167762569846550491e+01,3.170198904733316425e+01,1.285315050881673358e+02
1.638999999990899994e+02,5.369764167290406931e+02,7.170997883140904605e+01,3.172166300691027985e+01,1.286037877861065795e+02
1.639999999990900221e+02,5.373392467065037863e+02,7.174315470100083303e+01,3.173844121783887218e+01,1.286778136110756918e+02
1.640999999990900164e+02,5.376742626325074070e+02,7.178013357063856859e+01,3.175951301681717354e+01,1.287501233261052391e+02
1.641999999990900108e+02,5.380226694236852154e+02,7.181696225841156433e+01,3.177751923209497065e+01,1.288199015477360945e+02
1.642999999990900051e+02,5.383898886574609151e+02,7.185206245236435052e+01,3.178876473590497653e+01,1.288919754263301627e+02
1.643999999990899994e+02,5.387881006501389720e+02,7.188681654401200660e+01,3.179582990138663590e+01,1.289684452365045217e+02
1.644999999990900221e+02,5.391835478635932759e+02,7.192100280025243819e+01,3.179463892551166637e+01,1.290461488244239092e+02
1.645999999990900164e+02,5.395796211985558557e+02,7.195223093327646779e+01,3.180167191051001652e+01,1.291279110116206255e+02
1.646999999990900108e+02,5.399921849619385057e+02,7.199139336475622031e+01,3.180876675488342542e+01,1.292047922994490534e+02
1.647999999990900051e+02,5.403853159479023134e+02,7.203369120042962948e+01,3.181659543354848552e+01,1.292865665938590212e+02
1.648999999990799950e+02,5.407745357921751292e+02,7.208053608686675773e+01,3.183562520258944772e+01,1.293685550376766003e+02
1.649999999990799893e+02,5.411848164369500864e+02,7.212860383375540607e+01,3.185064053539656470e+01,1.294497401498755096e+02
1.650999999990800120e+02,5.415623575199318793e+02,7.217251469290050636e+01,3.186009452488661609e+01,1.295295287866316301e+02
1.651999999990800063e+02,5.419383848890723812e+02,7.221220389540482643e+01,3.187341861919706432e+01,1.296080141763129632e+02
1.652999999990800006e+02,5.423240974917030144e+02,7.224864275137971958e+01,3.188116555035595923e+01,1.296796836291629802e+02
1.653999999990799950e+02,5.427302998167996293e+02,7.228372405331934658e+01,3.189696597256614652e+01,1.297488938980260400e+02
1.654999999990799893e+02,5.431466143720732589e+02,7.232220596418386549e+01,3.190801832553276185e+01,1.298213503669638555e+02
1.655999999990800120e+02,5.435387428394632252e+02,7.235941720642756536e+01,3.192041095919830695e+01,1.298970331334525383e+02
1.656999999990800063e+02,5.439086396087822095e+02,7.239504618051009288e+01,3.192540908467354654e+01,1.299757149030676544e+02
1.657999999990800006e+02,5.442699480525527633e+02,7.243441183768034364e+01,3.192254842612128485e+01,1.300596591729872387e+02
1.658999999990799950e+02,5.445962118255376936e+02,7.247774269213353193e+01,3.192124384865294218e+01,1.301454007279681662e+02
1.659999999990799893e+02,5.449192496763237159e+02,7.252074411928769848e+01,3.192868716309476440e+01,1.302351398508498903e+02
1.660999999990800120e+02,5.452502421832283517e+02,7.256154602506225615e+01,3.192541325025687726e+01,1.303239953480594693e+02
1.661999999990699735e+02,5.455531873736581474e+02,7.260396331977965190e+01,3.193031709869948642e+01,1.304087576156407522e+02
1.662999999990699962e+02,5.458406874661098982e+02,7.264475879366071354e+01,3.193414715988818386e+01,1.304935991196134353e+02
1.663999999990699905e+02,5.461033557203500095e+02,7.268171045001820119e+01,3.194761043061363637e+01,1.305783809366055550e+02
1.664999999990699848e+02,5.463926420608604531e+02,7.271877965724988258e+01,3.196231622139100992e+01,1.306534920634268531e+02
1.665999999990699791e+02,5.466985446062359415e+02,7.275542590763916451e+01,3.196993379026237747e+01,1.307280583018592779e+02
1.666999999990699735e+02,5.469894970029565684e+02,7.278697170128963023e+01,3.198052389491428116e+01,1.308094171146060773e+02
1.667999999990699962e+02,5.473229564420652196e+02,7.282700702561972150e+01,3.199166664947402694e+01,1.308955428233245186e+02
1.668999999990699905e+02,5.476840112385077646e+02,7.287294556054243344e+01,3.200899016680610742e+01,1.309844099450247654e+02
1.669999999990799893e+02,5.480729717313793117e+02,7.291744970543858528e+01,3.202383548856989393e+01,1.310799076410820021e+02
1.670999999990800120e+02,5.484817214054976375e+02,7.295790422208726511e+01,3.202752067572121319e+01,1.311723436996827843e+02
1.671999999990800063e+02,5.488933287581347713e+02,7.299500868817510479e+01,3.203266802182119477e+01,1.312593365272512926e+02
1.672999999990800006e+02,5.492795726599166528e+02,7.303347652985154070e+01,3.204281802161687409e+01,1.313464424451361481e+02
1.673999999990899994e+02,5.496823202486549462e+02,7.306703564103558790e+01,3.204795716006579198e+01,1.314376429589666770e+02
1.674999999990900221e+02,5.500832259085866554e+02,7.309806493419866058e+01,3.204777008203304689e+01,1.315300377274236894e+02
1.675999999990900164e+02,5.504856301094469018e+02,7.312909534484906260e+01,3.205047491458157793e+01,1.316180592819528385e+02
1.676999999990999868e+02,5.509238595105183549e+02,7.315814433506832870e+01,3.205422513213786573e+01,1.317022989930522385e+02
1.677999999990999811e+02,5.513403179983145037e+02,7.318387805017583503e+01,3.204839680051051687e+01,1.317816194887509482e+02
1.678999999991000038e+02,5.517657212376259395e+02,7.320898744391530499e+01,3.205459221121198965e+01,1.318587777578445355e+02
1.679999999991100026e+02,5.521968499707097635e+02,7.322971522831043956e+01,3.205860992730448089e+01,1.319276983686341964e+02
1.680999999991099969e+02,5.526308075708243450e+02,7.325020616274865404e+01,3.205994226893209031e+01,1.319958937796626515e+02
1.681999999991099912e+02,5.530738428041428278e+02,7.326902565872377693e+01,3.206726468040948674e+01,1.320609886156901212e+02
1.682999999991100140e+02,5.535141777379741370e+02,7.328688766863585613e+01,3.207299231379239757e+01,1.321281660458851377e+02
1.683999999991199843e+02,5.539199800057299399e+02,7.330556759152656809e+01,3.207405705200453383e+01,1.321956210261297429e+02
1.684999999991199786e+02,5.543529749775703976e+02,7.331956693785053858e+01,3.207116332472971010e+01,1.322621296171736844e+02
1.685999999991200013e+02,5.548135886724512602e+02,7.332975230767307551e+01,3.206742056695351550e+01,1.323240012567464134e+02
1.686999999991300001e+02,5.552711090686852913e+02,7.334102621292178981e+01,3.206657074110404437e+01,1.323864571775740160e+02
1.687999999991299944e+02,5.557017944492700963e+02,7.335145183087463749e+01,3.207641109497991749e+01,1.324506888297384819e+02
1.688999999991299887e+02,5.561463456419340901e+02,7.336745856340408523e+01,3.208151406529011496e+01,1.325098703829582973e+02
1.689999999991300115e+02,5.565873285673148985e+02,7.338338480923324880e+01,3.208970401086487101e+01,1.325666729266893924e+02
1.690999999991400102e+02,5.570223197687622587e+02,7.339969804326887015e+01,3.209498620718250805e+01,1.326273336050464877e+02
1.691999999991400045e+02,5.574559629962719782e+02,7.341586817358842154e+01,3.209391684200200245e+01,1.326864155837954513e+02
1.692999999991399989e+02,5.578845471906836337e+02,7.342710076292907218e+01,3.210087522300254648e+01,1.327435714266099751e+02
1.693999999991499976e+02,5.583077527734261594e+02,7.343592813910692030e+01,3.209984560772733886e+01,1.327982523035958593e+02
1.694999999991499919e+02,5.587769915492791597e+02,7.344200358272453855e+01,3.209319286508431901e+01,1.328448733554866976e+02
1.695999999991499863e+02,5.592199872058760093e+02,7.344017201616027535e+01,3.208687469211055543e+01,1.328897780725166911e+02
1.696999999991600134e+02,5.597163394558732534e+02,7.344260132209456060e+01,3.208429565149744889e+01,1.329335547653527954e+02
1.697999999991600077e+02,5.602227090595571326e+02,7.344873499543818696e+01,3.209136039189056788e+01,1.329771761643048080e+02
1.698999999991600021e+02,5.606889120295119255e+02,7.345672370455496036e+01,3.210801483574557835e+01,1.330219729021467003e+02
1.699999999991599964e+02,5.611524844187348435e+02,7.346639384239422554e+01,3.212607921271869316e+01,1.330689377445402215e+02
1.700999999991699951e+02,5.616039450195594327e+02,7.347647642847576321e+01,3.214174315771843027e+01,1.331238807744722976e+02
1.701999999991699895e+02,5.620313821032725627e+02,7.348973385005956516e+01,3.215747241479846252e+01,1.331843079901564977e+02
1.702999999991699838e+02,5.624597616673452194e+02,7.350546941496172337e+01,3.217434800085994340e+01,1.332447808106292371e+02
1.703999999991800109e+02,5.628622887188079176e+02,7.351937303901115683e+01,3.218930602336503455e+01,1.333063071106404607e+02
1.704999999991800053e+02,5.632276474997407831e+02,7.353796093745951623e+01,3.219384619033098005e+01,1.333699643031461335e+02
1.705999999991799996e+02,5.635873818040386141e+02,7.355513218880307136e+01,3.219752731843102111e+01,1.334339569543287496e+02
1.706999999991799939e+02,5.639281305163975730e+02,7.357435449741559808e+01,3.221142603647373193e+01,1.334929377238808286e+02
1.707999999991900211e+02,5.642834992063885693e+02,7.359838789958726579e+01,3.223051322570236010e+01,1.335531371505592517e+02
1.708999999991900154e+02,5.646080569208304496e+02,7.362173707919747301e+01,3.224792001927903584e+01,1.336149787541464775e+02
1.709999999991900097e+02,5.649324332782849751e+02,7.365192809000154739e+01,3.226149502087149301e+01,1.336780998023267273e+02
1.710999999991999800e+02,5.653135868223731677e+02,7.368490492014302617e+01,3.228170256972768470e+01,1.337356486195768923e+02
1.711999999992000028e+02,5.657051539013979209e+02,7.371917433741377579e+01,3.230332731829083315e+01,1.337977847249453873e+02
1.712999999991999971e+02,5.660748772868876131e+02,7.375368999090872535e+01,3.232801299215127244e+01,1.338610090583286762e+02
1.713999999991999914e+02,5.664173668676016860e+02,7.378725727338569129e+01,3.233570510520812746e+01,1.339213283558937349e+02
1.714999999992100186e+02,5.667452382127785313e+02,7.382027472289630055e+01,3.235360110539138390e+01,1.339811952832234851e+02
1.715999999992100129e+02,5.670934986226180854e+02,7.384784336027459517e+01,3.237691753475722578e+01,1.340408424738139388e+02
1.716999999992100072e+02,5.674850267197241465e+02,7.387422652684880120e+01,3.238561216651148555e+01,1.341045744247492451e+02
1.717999999992199776e+02,5.679065775327263736e+02,7.390125567190185052e+01,3.239681309818173105e+01,1.341689940344451486e+02
1.718999999992200003e+02,5.683103900728751796e+02,7.392564174778534891e+01,3.240994415558549946e+01,1.342318301787394716e+02
1.719999999992199946e+02,5.687237162552136169e+02,7.394996479943478107e+01,3.241889829381421606e+01,1.342902982712490143e+02
1.720999999992299934e+02,5.691703788457604105e+02,7.396683571475210783e+01,3.242798727421923388e+01,1.343472206154806372e+02
1.721999999992299877e+02,5.696367398453135138e+02,7.397932021990742157e+01,3.243528068350498472e+01,1.343951004029403578e+02
1.722999999992300104e+02,5.701105771300506149e+02,7.398582519097197974e+01,3.243411930005940036e+01,1.344363475302918971e+02
1.723999999992300047e+02,5.705697031473948755e+02,7.399637035819363007e+01,3.242833454780748781e+01,1.344777042750865519e+02
1.724999999992400035e+02,5.710555174257839326e+02,7.400952700529188633e+01,3.242705641762157143e+01,1.345230872380444396e+02
1.725999999992399978e+02,5.715634250543334929e+02,7.402683158993809798e+01,3.242878279786197027e+01,1.345722420410990878e+02
1.726999999992400205e+02,5.720619803376151822e+02,7.405030062660908641e+01,3.242939815443745033e+01,1.346184383742352111e+02
1.727999999992499909e+02,5.725631754928143664e+02,7.407269044282155335e+01,3.244015246831854427e+01,1.346694503109270045e+02
1.728999999992499852e+02,5.730735755213593166e+02,7.409612562046702067e+01,3.245286054182050606e+01,1.347189886622065842e+02
1.729999999992500079e+02,5.735368020915293528e+02,7.411208019161421134e+01,3.246646081246812798e+01,1.347641610137759187e+02
1.730999999992500022e+02,5.740317343867419595e+02,7.412557230102359540e+01,3.247503188148733244e+01,1.348065995843941209e+02
1.731999999992600010e+02,5.745230165781698588e+02,7.414309966462757018e+01,3.247527556739087373e+01,1.348429049657408427e+02
1.732999999992599953e+02,5.750107033394458540e+02,7.416229326722326221e+01,3.247098887123760846e+01,1.348923285795702895e+02
1.733999999992600181e+02,5.755070887988166533e+02,7.418676699328672441e+01,3.247523997805489415e+01,1.349468963353047570e+02
1.734999999992699884e+02,5.760230994006431047e+02,7.420841331417838660e+01,3.248680058904474066e+01,1.350028970667946453e+02
1.735999999992699827e+02,5.765478374965408648e+02,7.423372386992336658e+01,3.249579268974571278e+01,1.350528063379525179e+02
1.736999999992699770e+02,5.770637444775910581e+02,7.426097981244545565e+01,3.251581829376208788e+01,1.351040263756378295e+02
1.737999999992800042e+02,5.775489857786513994e+02,7.428081290887065791e+01,3.254567768025379593e+01,1.351629738571118367e+02
1.738999999992799985e+02,5.780484145886795204e+02,7.429758155869767222e+01,3.256700369770943126e+01,1.352131911902471586e+02
1.739999999992799928e+02,5.785890991421152876e+02,7.431733222945653949e+01,3.258807504608057570e+01,1.352670315700287631e+02
1.740999999992799872e+02,5.791399541954592678e+02,7.434257870451803285e+01,3.261169121737366083e+01,1.353232819560851965e+02
1.741999999992900143e+02,5.797139840146584220e+02,7.436598319976289417e+01,3.263251727414764503e+01,1.353886962399157596e+02
1.742999999992900086e+02,5.802568705426101587e+02,7.439255826671312377e+01,3.263948370346751915e+01,1.354585424429021998e+02
1.743999999992900030e+02,5.808088685645324176e+02,7.441411877873261460e+01,3.265102600718289949e+01,1.355260698860969057e+02
1.744999999993000017e+02,5.813258934810511391e+02,7.443372809597623529e+01,3.266199465107958844e+01,1.355925390949668667e+02
1.745999999992999960e+02,5.818535759839061257e+02,7.444467366738398084e+01,3.267154339080811809e+01,1.356488153028453496e+02
1.746999999992999903e+02,5.823972421534609794e+02,7.444896906180244400e+01,3.268399693345794788e+01,1.357013922589009098e+02
1.747999999992999847e+02,5.829850610987022037e+02,7.445912554595777522e+01,3.270403830583999394e+01,1.357509672687088198e+02
1.748999999993100118e+02,5.835425620827116973e+02,7.446828507553372845e+01,3.271459164576648959e+01,1.358022973430713591e+02
1.749999999993100062e+02,5.841214644879922844e+02,7.448757800899234383e+01,3.273965934789157473e+01,1.358511203880219398e+02
1.750999999993100005e+02,5.847005168471833940e+02,7.450783922201688370e+01,3.275935749094328742e+01,1.359048595720664707e+02
1.751999999993199992e+02,5.853084589429316793e+02,7.452679060838332248e+01,3.277297002274760018e+01,1.359646328716205232e+02
1.752999999993199935e+02,5.858859771656566409e+02,7.455064019783917217e+01,3.279350163724311074e+01,1.360243543450656887e+02
1.753999999993199879e+02,5.864219897322777797e+02,7.456926318442249624e+01,3.279927017871106187e+01,1.360910839240266625e+02
1.754999999993199822e+02,5.869709432989150173e+02,7.458412145918420322e+01,3.280849506396675963e+01,1.361582760049977878e+02
1.755999999993300094e+02,5.875008101628098984e+02,7.460366113320924342e+01,3.280803808706456692e+01,1.362221249474758622e+02
1.756999999993300037e+02,5.880342826323775398e+02,7.462296119866962840e+01,3.280721033766864991e+01,1.362898813271420693e+02
1.757999999993299980e+02,5.885894552392657033e+02,7.464829752128748908e+01,3.281637053772156776e+01,1.363705553109195421e+02
1.758999999993400252e+02,5.891114498402494064e+02,7.467945382447067004e+01,3.282277269962376209e+01,1.364610356127392379e+02
1.759999999993400195e+02,5.896159665072020744e+02,7.471936779617789171e+01,3.283839793811738161e+01,1.365669639734664429e+02
1.760999999993400138e+02,5.901424000051042640e+02,7.477305066196115035e+01,3.285471225341193247e+01,1.366792628640596945e+02
1.761999999993499841e+02,5.906827504881639470e+02,7.482640760966970106e+01,3.286526677626999060e+01,1.367907743118514645e+02
1.762999999993500069e+02,5.912550556077126203e+02,7.488301126558340570e+01,3.289025550515746943e+01,1.369026950499631141e+02
1.763999999993500012e+02,5.918045148791253496e+02,7.493964496403523867e+01,3.290571769447956996e+01,1.370181690179344685e+02
1.764999999993499955e+02,5.922928684675847535e+02,7.499570662903995810e+01,3.292344609590403337e+01,1.371289656560641106e+02
1.765999999993599943e+02,5.927613774582987389e+02,7.505391512138835708e+01,3.293926213685679727e+01,1.372423228816309972e+02
1.766999999993600170e+02,5.932058343988563820e+02,7.511416468309600702e+01,3.295832592463698063e+01,1.373604912627004921e+02
1.767999999993600113e+02,5.936226008269234171e+02,7.518154400077854405e+01,3.298269237029166590e+01,1.374830208393392468e+02
1.768999999993699817e+02,5.940228022348736658e+02,7.524904648928239226e+01,3.300259852357852708e+01,1.376113973947720979e+02
1.769999999993699760e+02,5.944329518608520857e+02,7.531230425364550740e+01,3.302663965162146553e+01,1.377370741168581105e+02
1.770999999993699987e+02,5.947618773472711382e+02,7.536856982843099217e+01,3.304929212354963397e+01,1.378570899888508450e+02
1.771999999993699930e+02,5.950788567488407352e+02,7.541931588002550768e+01,3.306520445764432026e+01,1.379799460730625640e+02
1.772999999993799918e+02,5.954116503702578029e+02,7.546810899409977935e+01,3.308034749403299202e+01,1.380934853430173348e+02
1.773999999993800145e+02,5.957286580874651918e+02,7.551808137351306982e+01,3.308700685078778037e+01,1.382057784998664545e+02
1.774999999993800088e+02,5.960306457322828919e+02,7.556498514548621870e+01,3.309201889082289227e+01,1.383204844393598592e+02
1.775999999993900076e+02,5.962952159397383411e+02,7.561345468313000140e+01,3.310396117131483606e+01,1.384325254718870326e+02
1.776999999993900019e+02,5.965210413358682899e+02,7.566157221697770296e+01,3.311915031981997259e+01,1.385352446805921147e+02
1.777999999993900246e+02,5.967989380259073187e+02,7.570963526955212330e+01,3.313852344052202170e+01,1.386399249124956441e+02
1.778999999993999950e+02,5.971530962432645993e+02,7.575558595039829868e+01,3.314470121922030899e+01,1.387438953613408330e+02
1.779999999993999893e+02,5.975040218232819598e+02,7.580150476439411023e+01,3.314571246094335777e+01,1.388435649001798708e+02
1.780999999993999836e+02,5.978174656617138680e+02,7.584546353195831614e+01,3.315352078136685776e+01,1.389366252847101748e+02
1.781999999994000063e+02,5.981722113875144942e+02,7.588117826309560598e+01,3.315783006150156353e+01,1.390306953822774005e+02
1.782999999994100051e+02,5.985014392913215033e+02,7.593108656042998916e+01,3.317392318195775403e+01,1.391347676550763026e+02
1.783999999994099994e+02,5.988443966284086173e+02,7.599085743319778885e+01,3.318133266261295944e+01,1.392509501727033694e+02
1.784999999994099937e+02,5.991936654728958729e+02,7.606348221887883199e+01,3.319252912418824053e+01,1.393824733864020970e+02
1.785999999994199925e+02,5.995616505397770197e+02,7.614307504045004293e+01,3.322123222184552560e+01,1.395204578210170894e+02
1.786999999994199868e+02,5.999637606290258418e+02,7.622118417207927621e+01,3.324865235455910550e+01,1.396605709999310818e+02
1.787999999994199811e+02,6.003557380141255635e+02,7.630567061542042495e+01,3.328079353920955441e+01,1.397985837334626922e+02
1.788999999994200039e+02,6.007661333964151709e+02,7.638505778337831487e+01,3.331578684881349517e+01,1.399335186561152398e+02
1.789999999994300026e+02,6.011568194272588244e+02,7.647020930815574502e+01,3.335675953989060361e+01,1.400683350165666354e+02
1.790999999994299969e+02,6.015279354496444739e+02,7.656306987585877266e+01,3.340703653789928040e+01,1.402065699154828451e+02
1.791999999994299912e+02,6.019296214255738278e+02,7.666430383471340804e+01,3.344983707004938367e+01,1.403450526801958063e+02
1.792999999994400184e+02,6.023520574455686756e+02,7.676852854679705729e+01,3.348332915278133015e+01,1.404980330749873474e+02
1.793999999994400127e+02,6.027089847840820767e+02,7.687327195230776056e+01,3.351855564295523493e+01,1.406629229053138772e+02
1.794999999994400071e+02,6.030867063551531828e+02,7.697816067422067476e+01,3.354247084493396613e+01,1.408296728989489566e+02
1.795999999994400014e+02,6.034605728593161302e+02,7.707468080785520215e+01,3.357432015263039204e+01,1.409914444213675324e+02
1.796999999994500001e+02,6.038090153277796617e+02,7.717277905097957102e+01,3.361017463890437540e+01,1.411491156826767224e+02
1.797999999994499944e+02,6.041155404797926849e+02,7.727883549220737791e+01,3.364967825465704721e+01,1.413076788233226182e+02
1.798999999994499888e+02,6.044015639773583644e+02,7.736725239356569261e+01,3.368709859315497823e+01,1.414654125727354597e+02
1.799999999994600159e+02,6.047353894456438184e+02,7.744730867904885940e+01,3.372083572740228874e+01,1.416122009859934963e+02
1.800999999994600103e+02,6.050733874393406495e+02,7.751871401444680032e+01,3.374530953418214807e+01,1.417592286561126400e+02
1.801999999994600046e+02,6.054733548924110664e+02,7.758547925936044010e+01,3.377024717595872971e+01,1.419027498063882149e+02
1.802999999994700033e+02,6.058717632247587517e+02,7.765299939203762847e+01,3.377621241696594723e+01,1.420593079247333037e+02
1.803999999994699976e+02,6.062632060586940952e+02,7.772610444793610895e+01,3.378168585516414169e+01,1.422241242605184937e+02
1.804999999994699920e+02,6.066730762810281021e+02,7.780554589281294398e+01,3.379634000831656948e+01,1.423920745705155753e+02
1.805999999994699863e+02,6.071273122692942934e+02,7.788253199588250197e+01,3.381481700765147025e+01,1.425583883451218696e+02
1.806999999994800135e+02,6.075573512472795983e+02,7.795074260729090554e+01,3.383882890046485414e+01,1.427102906981138233e+02
1.807999999994800078e+02,6.079537839692524130e+02,7.801607326169904866e+01,3.385727568889140571e+01,1.428523027321760424e+02
1.808999999994800021e+02,6.083240997386309346e+02,7.808330324336182571e+01,3.387624111984381159e+01,1.429852385886491106e+02
1.809999999994900008e+02,6.086956831180784775e+02,7.814302412191167946e+01,3.389343144616245240e+01,1.431239141770074639e+02
1.810999999994900236e+02,6.090628035604565866e+02,7.820586757807271283e+01,3.390824488260354741e+01,1.432605448347841275e+02
1.811999999994900179e+02,6.094043421142309853e+02,7.827033592102485215e+01,3.391786568783644640e+01,1.433978483199058473e+02
1.812999999994900122e+02,6.097835502017547924e+02,7.834059371147944262e+01,3.393193224717817458e+01,1.435375343500456893e+02
1.813999999994999826e+02,6.101301195008810510e+02,7.840878873212852795e+01,3.394687289390698481e+01,1.436765034173090498e+02
1.814999999995000053e+02,6.104938851265455924e+02,7.847722646574979422e+01,3.394778617512745456e+01,1.438138696499432854e+02
1.815999999994999996e+02,6.108787781897891591e+02,7.855130757673006769e+01,3.395490784983086741e+01,1.439552421752762825e+02
1.816999999995099984e+02,6.112329433413169681e+02,7.862482051949204731e+01,3.396530244514983110e+01,1.441042768628802548e+02
1.817999999995100211e+02,6.116601812896318506e+02,7.869835611298472600e+01,3.396988386595633358e+01,1.442597755042243364e+02
1.818999999995100154e+02,6.120837123905495218e+02,7.877573694052924225e+01,3.396688385025370138e+01,1.444159259415532404e+02
1.819999999995199857e+02,6.125454486062636761e+02,7.884958890367313700e+01,3.396802942963986993e+01,1.445675390592102190e+02
1.820999999995199801e+02,6.129562940171109631e+02,7.891983043134385412e+01,3.396413434136137965e+01,1.447131379845738763e+02
1.821999999995200028e+02,6.133993449539520952e+02,7.899359151050462913e+01,3.395842102682912866e+01,1.448585599342141563e+02
1.822999999995199971e+02,6.138687636769424216e+02,7.906459528111604129e+01,3.394387304368509461e+01,1.450091018586541907e+02
1.823999999995299959e+02,6.143429814876034243e+02,7.913281607719984834e+01,3.392853692020518963e+01,1.451524382779263362e+02
1.824999999995299902e+02,6.148021266476113169e+02,7.919482023047635266e+01,3.391501628745739794e+01,1.452904908263456605e+02
1.825999999995300129e+02,6.152757732671879012e+02,7.924779953149736400e+01,3.389940283800207510e+01,1.454157896802092012e+02
1.826999999995400117e+02,6.157047504309703072e+02,7.930373088251312197e+01,3.387837602064148967e+01,1.455369880179882500e+02
1.827999999995400060e+02,6.161133176943135368e+02,7.935761883576388698e+01,3.386050878764087457e+01,1.456650692970724776e+02
1.828999999995400003e+02,6.165148939770381276e+02,7.941414112296104122e+01,3.382920414708309664e+01,1.458018024581258487e+02
1.829999999995400231e+02,6.168954124059646347e+02,7.947383642810893889e+01,3.381042958899070783e+01,1.459375550393509968e+02
1.830999999995499934e+02,6.172396282051606704e+02,7.952341887800174902e+01,3.378528881501536318e+01,1.460693534555145447e+02
1.831999999995499877e+02,6.175413057570118553e+02,7.957544606056410430e+01,3.377826862808837660e+01,1.461780549677195040e+02
1.832999999995500104e+02,6.178483730758222237e+02,7.961843863873005489e+01,3.376405631878656521e+01,1.462764596839375599e+02
1.833999999995600092e+02,6.181538493019467069e+02,7.965511305690378663e+01,3.374531612027316640e+01,1.463664123180410854e+02
1.834999999995600035e+02,6.184406959450232080e+02,7.968998664147146371e+01,3.372578162029432747e+01,1.464473562605245149e+02
1.835999999995599978e+02,6.188290822156392323e+02,7.971243343222768374e+01,3.371170210251377597e+01,1.465266760181634993e+02
1.836999999995600206e+02,6.191976249079438048e+02,7.973694152299448490e+01,3.370058416352429020e+01,1.466070867430155147e+02
1.837999999995699909e+02,6.194761272812036168e+02,7.976613598086650825e+01,3.368690478132431565e+01,1.466921799263600974e+02
1.838999999995699852e+02,6.198055246943259817e+02,7.980147166114721813e+01,3.369005445463397308e+01,1.467820963371152061e+02
1.839999999995699795e+02,6.201667388562352699e+02,7.984384010737848314e+01,3.367477628101764253e+01,1.468726583563866939e+02
1.840999999995800067e+02,6.205270565582094378e+02,7.987442415037003229e+01,3.366065730281665935e+01,1.469616624572589672e+02
1.841999999995800010e+02,6.209263385732006100e+02,7.991699507971543426e+01,3.366545273695561491e+01,1.470468435219397350e+02
1.842999999995799953e+02,6.212552584607761901e+02,7.996465687337700956e+01,3.366598539473130813e+01,1.471386344967775415e+02
1.843999999995900225e+02,6.216327356040631003e+02,8.001851727748693577e+01,3.368443945033988740e+01,1.472296681396529436e+02
1.844999999995900168e+02,6.219628591761004373e+02,8.007740022248793821e+01,3.371901268185524003e+01,1.473182024036024984e+02
1.845999999995900112e+02,6.223276550218322427e+02,8.013010429966055881e+01,3.375645047413670596e+01,1.474091708796362639e+02
1.846999999995900055e+02,6.225856192919386558e+02,8.017710775155821068e+01,3.379197407427104594e+01,1.475025004069809142e+02
1.847999999996000042e+02,6.228812312497208268e+02,8.022474201319602116e+01,3.381674551023472475e+01,1.475834606469283870e+02
1.848999999995999985e+02,6.231780549560836562e+02,8.027651811691633554e+01,3.382626149532544702e+01,1.476557592243774195e+02
1.849999999995999929e+02,6.234346584138386334e+02,8.032128427467912957e+01,3.383065891158990723e+01,1.477261711522355654e+02
1.850999999996100200e+02,6.236739588846643301e+02,8.036026950758534326e+01,3.383149255480929440e+01,1.477787736990893848e+02
1.851999999996100144e+02,6.240149273142309312e+02,8.039731006448405992e+01,3.383622444301403931e+01,1.478230670943544851e+02
1.852999999996100087e+02,6.242751312375917223e+02,8.043579080517901048e+01,3.383897184038900008e+01,1.478564413179011865e+02
1.853999999996100030e+02,6.245075011425013827e+02,8.046371805448126224e+01,3.383330018823190954e+01,1.478869442231155631e+02
1.854999999996200017e+02,6.247597008236386955e+02,8.048473276775546026e+01,3.383810508272245698e+01,1.479106661904833970e+02
1.855999999996199961e+02,6.250609887837611041e+02,8.049390887988846544e+01,3.383306727340181652e+01,1.479155521572512839e+02
1.856999999996199904e+02,6.254206705446094929e+02,8.049952979776719530e+01,3.384253483810040564e+01,1.479197018825352927e+02
1.857999999996299891e+02,6.256618637533313176e+02,8.049553618353031936e+01,3.383592072807885387e+01,1.479328039056323405e+02
1.858999999996300119e+02,6.258609138378170655e+02,8.048830999239996231e+01,3.383094224649384074e+01,1.479373571413755144e+02
1.859999999996300062e+02,6.260396831476065245e+02,8.047682640970390366e+01,3.382576311220437049e+01,1.479300127059885881e+02
1.860999999996399765e+02,6.262557384612986198e+02,8.045486155451516197e+01,3.381174178634839933e+01,1.479176732783477348e+02
1.861999999996399993e+02,6.265185832186991775e+02,8.042664250253156411e+01,3.379056910451885187e+01,1.478962084781815065e+02
1.862999999996399936e+02,6.267382651989875058e+02,8.040070707968075681e+01,3.377275791608527555e+01,1.478744617991659993e+02
1.863999999996399879e+02,6.269820719200433814e+02,8.037424204932544569e+01,3.375022319892647715e+01,1.478606116761193903e+02
1.864999999996499866e+02,6.272220532082204727e+02,8.034951953506248401e+01,3.370553023200412213e+01,1.478382837258575933e+02
1.865999999996500094e+02,6.273779658256918310e+02,8.032276457375350276e+01,3.365676809650901191e+01,1.478146917472022039e+02
1.866999999996500037e+02,6.274797697050661327e+02,8.029484302293127485e+01,3.360835110292868677e+01,1.477823306067817839e+02
1.867999999996600025e+02,6.275835287557512174e+02,8.025695574983828351e+01,3.355324816524975517e+01,1.477467497382720296e+02
1.868999999996599968e+02,6.278025744568432174e+02,8.021203385714201772e+01,3.350382810454303240e+01,1.477081055664766325e+02
1.869999999996600195e+02,6.280919857077387860e+02,8.018303860811677453e+01,3.345931920817780281e+01,1.476730449730092403e+02
1.870999999996600138e+02,6.284008629492331011e+02,8.015990227732879703e+01,3.341427751514868305e+01,1.476442146619955054e+02
1.871999999996699842e+02,6.287448129499758807e+02,8.012147578612824361e+01,3.337800467984062180e+01,1.476165824442678343e+02
1.872999999996699785e+02,6.290754077581532329e+02,8.009802595129180247e+01,3.332962788647858332e+01,1.475997491958590615e+02
1.873999999996700012e+02,6.293267634917366422e+02,8.008467331497159591e+01,3.329150609372680947e+01,1.475777021767696908e+02
1.874999999996800000e+02,6.296067158936638180e+02,8.005925793183359929e+01,3.324318942285965761e+01,1.475653571967120570e+02
1.875999999996799943e+02,6.298954608405312001e+02,8.003198801066496060e+01,3.320178406777182545e+01,1.475418030336093977e+02
1.876999999996800170e+02,6.301901239513858854e+02,8.001416497277806172e+01,3.318240279373118540e+01,1.475116223413288878e+02
1.877999999996800113e+02,6.304769636492638938e+02,7.999645436761325357e+01,3.317185415914416069e+01,1.474758267156281022e+02
1.878999999996899817e+02,6.308238663297663606e+02,7.996489112410714029e+01,3.315615017206321369e+01,1.474238253013103019e+02
1.879999999996899760e+02,6.311185559099239981e+02,7.992881242592279989e+01,3.312952895900885864e+01,1.473629111782773009e+02
1.880999999996899987e+02,6.313558138337067476e+02,7.987907237653561765e+01,3.309334161456914813e+01,1.472929239044846668e+02
1.881999999996999975e+02,6.315967195826700618e+02,7.981769372442896326e+01,3.306458853051098146e+01,1.472331963013798770e+02
1.882999999996999918e+02,6.318963881671487570e+02,7.976218372873694307e+01,3.302444318548761970e+01,1.471773935337852208e+02
1.883999999996999861e+02,6.322137482653615734e+02,7.971051125242721014e+01,3.298555088997019169e+01,1.471232659633605522e+02
1.884999999997100133e+02,6.324782672110736712e+02,7.964803015589386348e+01,3.295104727596977057e+01,1.470567339106879388e+02
1.885999999997100076e+02,6.327346195982917152e+02,7.958178410038539141e+01,3.292703282375207863e+01,1.469866383812851609e+02
1.886999999997100019e+02,6.330289540456292343e+02,7.951327368597242184e+01,3.288952149542479475e+01,1.469263453531750372e+02
1.887999999997099962e+02,6.332963898495112289e+02,7.944976641099673031e+01,3.284712916265699789e+01,1.468651351704206718e+02
1.888999999997199950e+02,6.335094545458417770e+02,7.938892949503777174e+01,3.280071755415698931e+01,1.467996411226813507e+02
1.889999999997199893e+02,6.336952914743784504e+02,7.933382213442232000e+01,3.277453644065236205e+01,1.467389418042800173e+02
1.890999999997199836e+02,6.339256329461341011e+02,7.928519253312207127e+01,3.276357869590777483e+01,1.466734097281935192e+02
1.891999999997300108e+02,6.341641615616804302e+02,7.922822027354419561e+01,3.272593427647792907e+01,1.466049418096353918e+02
1.892999999997300051e+02,6.343957483454344128e+02,7.917664191393153317e+01,3.270279534415189460e+01,1.465289805861370382e+02
1.893999999997299994e+02,6.346379237537871632e+02,7.914470271852266592e+01,3.268699076057593800e+01,1.464542022439755726e+02
1.894999999997299938e+02,6.348343186239485476e+02,7.911087520009228058e+01,3.266902556574943617e+01,1.464017788557345341e+02
1.895999999997399925e+02,6.349048355456978925e+02,7.908022952145360307e+01,3.266002083360724129e+01,1.463362402686760788e+02
1.896999999997399868e+02,6.348781665162193804e+02,7.906306999139620473e+01,3.264201708381663991e+01,1.462607314214152154e+02
1.897999999997399811e+02,6.349232580398605705e+02,7.904031311236967383e+01,3.260993225156779829e+01,1.461960674989110203e+02
1.898999999997500083e+02,6.349663091726400808e+02,7.901061604950228912e+01,3.254286682523970597e+01,1.461400652812805561e+02
1.899999999997500026e+02,6.350728516102192316e+02,7.898209299595130517e+01,3.248183857520242412e+01,1.460922264516550513e+02
1.900999999997499970e+02,6.351302312532629912e+02,7.895481343787216133e+01,3.243862566874279452e+01,1.460453177732248378e+02
1.901999999997499913e+02,6.352194202128339384e+02,7.893273931528506182e+01,3.237146471181808494e+01,1.459872425087834529e+02
1.902999999997600185e+02,6.351825612050560039e+02,7.890245835252490281e+01,3.229648117944968533e+01,1.459387256035263647e+02
1.903999999997600128e+02,6.350583780609141513e+02,7.889189062003774211e+01,3.223910788879827294e+01,1.459021636075144954e+02
1.904999999997600071e+02,6.348843878505294924e+02,7.888394277905526053e+01,3.218218796020045858e+01,1.458639478269678591e+02
1.905999999997700058e+02,6.347392077841740274e+02,7.887194537212020862e+01,3.214052095506708895e+01,1.458074518866865787e+02
1.906999999997700002e+02,6.346152150867934552e+02,7.886275181311296478e+01,3.210138908904134070e+01,1.457522511251054027e+02
1.907999999997699945e+02,6.344613941424263430e+02,7.886242826265731765e+01,3.206952348763142879e+01,1.456965220826945142e+02
1.908999999997799932e+02,6.342575028396878452e+02,7.886092973056317135e+01,3.205492002978375865e+01,1.456452900564447646e+02
1.909999999997800160e+02,6.339790503820090635e+02,7.886051291461969015e+01,3.206089074757066015e+01,1.455776112071209809e+02
1.910999999997800103e+02,6.336577523197904611e+02,7.885487512317300229e+01,3.206394892132522045e+01,1.455013487752342201e+02
1.911999999997800046e+02,6.333013009526663382e+02,7.885746458816853988e+01,3.208537537458241928e+01,1.454087411652185153e+02
1.912999999997899749e+02,6.330708881785556059e+02,7.885581925369007195e+01,3.209559532438209573e+01,1.453413056699460526e+02
1.913999999997899977e+02,6.329243643680102878e+02,7.887464607486106161e+01,3.211629087815072126e+01,1.453089646632433585e+02
1.914999999997899920e+02,6.328156134609611172e+02,7.891280353176729534e+01,3.212227611503673330e+01,1.453224208151204948e+02
1.915999999997999907e+02,6.327380550667883199e+02,7.897038846492141317e+01,3.214982108152805296e+01,1.453480113183200046e+02
1.916999999997999851e+02,6.325221691720978470e+02,7.903466141427310276e+01,3.216000064882202736e+01,1.453981645239661873e+02
1.917999999998000078e+02,6.322816709353209035e+02,7.908891865594787873e+01,3.216462137770522389e+01,1.454456566316407873e+02
1.918999999998000021e+02,6.321449931698927003e+02,7.913561667550337120e+01,3.216046829983864086e+01,1.454998462081286448e+02
1.919999999998100009e+02,6.319132096734546167e+02,7.918307682397875169e+01,3.214428511464042515e+01,1.455375902015933036e+02
1.920999999998100236e+02,6.316957600025762076e+02,7.922365961030030235e+01,3.212170205760931907e+01,1.455619963315138534e+02
1.921999999998100179e+02,6.314718203196828199e+02,7.926118533573759350e+01,3.209144442109574413e+01,1.455814789027994038e+02
1.922999999998199883e+02,6.314287593263895815e+02,7.929527240382539333e+01,3.207438904083085163e+01,1.456179855098514508e+02
1.923999999998199826e+02,6.314613811391561740e+02,7.935026999470402131e+01,3.207880848028100473e+01,1.456798523175991988e+02
1.924999999998200053e+02,6.316163885981654857e+02,7.943898806437942994e+01,3.210414081479216009e+01,1.457662510837996024e+02
1.925999999998300041e+02,6.318393814751725586e+02,7.956689911484949107e+01,3.215110622359181747e+01,1.458540894461058599e+02
1.926999999998299984e+02,6.320684738790164374e+02,7.968794533246932588e+01,3.219132373327847318e+01,1.459659780933639297e+02
1.927999999998299927e+02,6.322785285659301735e+02,7.981061035283187266e+01,3.224075045739908774e+01,1.460644248318546943e+02
1.928999999998300154e+02,6.325168951180019121e+02,7.993561993391686826e+01,3.229964199964545912e+01,1.461522396462778488e+02
1.929999999998399858e+02,6.326885225168859961e+02,8.004706335931099659e+01,3.235660225606608265e+01,1.462561476901511810e+02
1.930999999998399801e+02,6.327518763628261240e+02,8.018381801682298260e+01,3.243250135280480606e+01,1.463581256411452785e+02
1.931999999998399744e+02,6.329084740187304305e+02,8.032360107613097000e+01,3.248379998548163172e+01,1.464646508480945784e+02
1.932999999998500016e+02,6.330620386006431772e+02,8.045398909158723200e+01,3.250827384508321671e+01,1.465695853817534271e+02
1.933999999998499959e+02,6.332457430769928806e+02,8.057219966599862460e+01,3.251584822978608713e+01,1.466732394934623755e+02
1.934999999998499902e+02,6.333521955410545843e+02,8.067588077553379833e+01,3.251614147790417775e+01,1.467502816917725568e+02
1.935999999998500130e+02,6.334249170213997786e+02,8.076426208649442628e+01,3.249365056471477686e+01,1.468152392102680608e+02
1.936999999998600117e+02,6.334095241777488354e+02,8.084831500306523822e+01,3.245080988175035941e+01,1.468924087553481286e+02
1.937999999998600060e+02,6.333667181360251561e+02,8.095575855525758868e+01,3.242522710691021359e+01,1.469721847517151616e+02
1.938999999998600003e+02,6.333359584242363098e+02,8.106268219467624192e+01,3.237736222086832072e+01,1.470691953324094072e+02
1.939999999998699991e+02,6.334043239021234513e+02,8.116933721644393529e+01,3.235266408067427335e+01,1.471378409179016273e+02
1.940999999998699934e+02,6.334767250106841630e+02,8.127652930757223260e+01,3.233710101156843564e+01,1.471857511586976273e+02
1.941999999998699877e+02,6.334983164388620480e+02,8.136110153674539447e+01,3.232267339409004592e+01,1.472499553772939578e+02
1.942999999998699820e+02,6.333871559235043378e+02,8.143852165741390081e+01,3.230430351324277183e+01,1.472858393456173474e+02
1.943999999998800092e+02,6.333210997614438611e+02,8.150624393768487153e+01,3.228292595873939774e+01,1.473093510072102390e+02
1.944999999998800035e+02,6.333426312839695811e+02,8.155992588002909827e+01,3.227767728320137763e+01,1.473208814639154980e+02
1.945999999998799979e+02,6.332025890106872339e+02,8.158524120535720670e+01,3.223244896192486664e+01,1.472959037771769601e+02
1.946999999998899966e+02,6.332541739256485016e+02,8.159351742828914666e+01,3.219273628834034184e+01,1.472416259667728582e+02
1.947999999998899909e+02,6.333025042642715334e+02,8.155088981937466031e+01,3.211641544774646206e+01,1.471428858002722677e+02
1.948999999998899852e+02,6.335156431373843589e+02,8.148420600134815572e+01,3.201948135830821940e+01,1.470340441008278276e+02
1.949999999999000124e+02,6.339535584298267850e+02,8.140819468854846264e+01,3.192286125505346206e+01,1.469266372800620957e+02
1.950999999999000067e+02,6.341584864393224734e+02,8.134997254910477693e+01,3.181892387541435241e+01,1.468270267571400041e+02
1.951999999999000011e+02,6.343621289928147462e+02,8.132262569571688005e+01,3.170483037211963406e+01,1.467706416486719263e+02
1.952999999998999954e+02,6.346321875899078577e+02,8.131828066291123491e+01,3.163224408904205376e+01,1.467151701277741438e+02
1.953999999999100226e+02,6.347034512388433996e+02,8.132530462583848418e+01,3.157062191393518447e+01,1.467065630382468555e+02
1.954999999999100169e+02,6.346817217128344737e+02,8.132346873788668518e+01,3.149751318470079298e+01,1.467254565689239314e+02
1.955999999999100112e+02,6.343861002414392942e+02,8.135713708930107657e+01,3.144681384042972638e+01,1.467252533908981889e+02
1.956999999999199815e+02,6.342652688670639236e+02,8.140115645307537307e+01,3.141354866818473468e+01,1.467461002609735488e+02
1.957999999999200043e+02,6.340915644866159937e+02,8.142055566460493310e+01,3.137763776445565256e+01,1.467732203646483526e+02
1.958999999999199986e+02,6.341254481017102762e+02,8.144830243840283401e+01,3.131569938973223444e+01,1.467683276152566805e+02
1.959999999999199929e+02,6.341222393676644060e+02,8.149384173222581751e+01,3.126184401621313569e+01,1.467506152809013429e+02
1.960999999999299916e+02,6.342228400214493149e+02,8.154763902656887353e+01,3.119388097550867300e+01,1.467085402201630870e+02
1.961999999999300144e+02,6.340115920367381932e+02,8.158774397871431461e+01,3.117535706633629999e+01,1.466578635101402881e+02
1.962999999999300087e+02,6.339192165526416147e+02,8.162906149134128952e+01,3.117386190030262583e+01,1.466361917498977334e+02
1.963999999999399790e+02,6.340512864249656104e+02,8.174886020910514617e+01,3.119337310493473225e+01,1.466157182827107874e+02
1.964999999999400018e+02,6.343763251020011467e+02,8.190573034750758552e+01,3.124489334074060309e+01,1.466403031054176722e+02
1.965999999999399961e+02,6.346684338262909932e+02,8.206514687913025341e+01,3.131491551805444473e+01,1.467082430604938565e+02
1.966999999999499948e+02,6.352780956278970734e+02,8.228531684937409807e+01,3.136721550210787512e+01,1.467665965186793642e+02
1.967999999999499892e+02,6.359616593803306159e+02,8.254981521445773751e+01,3.150099959478389167e+01,1.468137256944150977e+02
1.968999999999500119e+02,6.364217833885318214e+02,8.279232609612789417e+01,3.163719429145954720e+01,1.468900329178241293e+02
1.969999999999500062e+02,6.373417273307700270e+02,8.305225630170629358e+01,3.170129624005809177e+01,1.470053349548618655e+02
1.970999999999600050e+02,6.383251668360493341e+02,8.333791089172270006e+01,3.177620391356101237e+01,1.471355645503619485e+02
1.971999999999599993e+02,6.393365284648393754e+02,8.362079248238538298e+01,3.182399193628761935e+01,1.473071958050875878e+02
1.972999999999600220e+02,6.401728259350882126e+02,8.395498399982159299e+01,3.191781839387460451e+01,1.474534652798564593e+02
1.973999999999699924e+02,6.412372646319279283e+02,8.422661443656484437e+01,3.194836653833736406e+01,1.476060146743578230e+02
1.974999999999699867e+02,6.426913655609478155e+02,8.442199572040405542e+01,3.193664993524350493e+01,1.477327790201753430e+02
1.975999999999699810e+02,6.440228915903771849e+02,8.458989223555464321e+01,3.191846558675395329e+01,1.477546378488110008e+02
1.976999999999700037e+02,6.450850795850459463e+02,8.475770222014438104e+01,3.199953968247830716e+01,1.477532033627627186e+02
1.977999999999800025e+02,6.461529345346173159e+02,8.487090155726569662e+01,3.203250170812638942e+01,1.476972862713734003e+02
1.978999999999799968e+02,6.475002893591728252e+02,8.488599500029225453e+01,3.194665332436904848e+01,1.475430583260125275e+02
1.979999999999800195e+02,6.486018265334204216e+02,8.487141500650132286e+01,3.183586198470404227e+01,1.473672558820044003e+02
1.980999999999899899e+02,6.502341218223965598e+02,8.485132113861297398e+01,3.158607498470269093e+01,1.472562386800749437e+02
1.981999999999899842e+02,6.520155557132026161e+02,8.486947247048779275e+01,3.138413162107267951e+01,1.472536740430573161e+02
1.982999999999899785e+02,6.536282770200102732e+02,8.493422072135679457e+01,3.123844581053331382e+01,1.472338663261484157e+02
1.983999999999900012e+02,6.553152127567196885e+02,8.499328921607396126e+01,3.112545315927517819e+01,1.472220730121505596e+02
1.985000000000000000e+02,6.571676849592228109e+02,8.504479986081628340e+01,3.109052562420034960e+01,1.473516051287744233e+02
1.985999999999999943e+02,6.587670745693035315e+02,8.508454458619891625e+01,3.106134134366715216e+01,1.474966735566004559e+02
1.986999999999999886e+02,6.603976423610721440e+02,8.509155477605474971e+01,3.094994475600119443e+01,1.476336099585193722e+02
1.988000000000100158e+02,6.616441389148126291e+02,8.520074659936838657e+01,3.091639633613750604e+01,1.477011287406225790e+02
1.989000000000100101e+02,6.623950788329141233e+02,8.530960010212582745e+01,3.093057045337149447e+01,1.478370814789673489e+02
1.990000000000100044e+02,6.624541770311470827e+02,8.538924184546551999e+01,3.079202015386545099e+01,1.480579988963112328e+02
1.991000000000200032e+02,6.638003006948241591e+02,8.551384346588260144e+01,3.067733142677640856e+01,1.483549079001757320e+02
1.992000000000199975e+02,6.648751222028154189e+02,8.582958837558678056e+01,3.056389911489780076e+01,1.487533427299371169e+02
1.993000000000199918e+02,6.652457527168041906e+02,8.626911761848077731e+01,3.071801706176539071e+01,1.492378523148064460e+02
1.994000000000199861e+02,6.655853252991233830e+02,8.678077985528760507e+01,3.080759485510770901e+01,1.499444914334506791e+02
1.995000000000300133e+02,6.657625778542633270e+02,8.724747054635120946e+01,3.097169019862017691e+01,1.505811442916561589e+02
1.996000000000300076e+02,6.646911971219980160e+02,8.771354773652775805e+01,3.118901576893439298e+01,1.509845328557941002e+02
1.997000000000300020e+02,6.642057948017047693e+02,8.804839852772391851e+01,3.148291318351088819e+01,1.511903652793257322e+02
1.998000000000400007e+02,6.634040648958156225e+02,8.842587427278095902e+01,3.175584434666687272e+01,1.511621082126419253e+02
1.999000000000399950e+02,6.660620533841030237e+02,8.870602046764207671e+01,3.203024544383664107e+01,1.511509001345582703e+02
2.000000000000399893e+02,6.641586649315953537e+02,8.917469398794959545e+01,3.224663667409064516e+01,1.513406455146806593e+02
