lag_ps,Li_A2,Zr_A2,O_A2,Cl_A2
0.000000000000000000e+00,0.000000000000000000e+00,0.000000000000000000e+00,0.000000000000000000e+00,0.000000000000000000e+00
1.000000000000000056e-01,7.374349425759698651e-01,9.558089080969511819e-02,1.334103514968567883e-01,2.641395418075436208e-01
2.000000000000000111e-01,1.202014962328390446e+00,2.049357217400064601e-01,2.134877487306765798e-01,5.327942174632144257e-01
2.999999999999999889e-01,1.536656219247419353e+00,2.999769374204683259e-01,2.730858303534682840e-01,7.362012841476731628e-01
4.000000000000000222e-01,1.831533559580506898e+00,3.973668011177472481e-01,3.296999259965946449e-01,9.213190808451694469e-01
5.000000000000000000e-01,2.095730512234977638e+00,4.736244799458068644e-01,3.824022094284564299e-01,1.070258852689499829e+00
5.999999999999999778e-01,2.340267078384405064e+00,5.411398979472205051e-01,4.291189836214988063e-01,1.202250066515552440e+00
6.999999999999999556e-01,2.567173935818458208e+00,6.004481012873357226e-01,4.685885084992922889e-01,1.308315689051825936e+00
8.000000000000000444e-01,2.782745086761332587e+00,6.532510683418936148e-01,5.043086428247942621e-01,1.407274878714035671e+00
9.000000000000000222e-01,2.994245676850879612e+00,7.022545976133005574e-01,5.385814458120199433e-01,1.504426545157400597e+00
1.000000000000000000e+00,3.193625508916989819e+00,7.444343326538893635e-01,5.694151815255992233e-01,1.589608924384338762e+00
1.100000000000000089e+00,3.384143617283842609e+00,7.838136336179865049e-01,5.976921000149780783e-01,1.668355203389791042e+00
1.199999999999999956e+00,3.575008892017386586e+00,8.189031827978648925e-01,6.217026871517513653e-01,1.740800952034285976e+00
1.300000000000000044e+00,3.759192166304089255e+00,8.502299756382207807e-01,6.445902511667677137e-01,1.809216869522137117e+00
1.399999999999999911e+00,3.938200599157796855e+00,8.797374553772651096e-01,6.662027888495940520e-01,1.875178654600327510e+00
1.500000000000000000e+00,4.113298433818666666e+00,9.055937380437807382e-01,6.841499751832530452e-01,1.937541551415244312e+00
1.600000000000000089e+00,4.286803533741908367e+00,9.302687037520941393e-01,7.008326516283747143e-01,1.997740586763701032e+00
1.699999999999999956e+00,4.455451605626122635e+00,9.536865405406490526e-01,7.146325345873434376e-01,2.055989020335421635e+00
1.800000000000000044e+00,4.623376245319923861e+00,9.753193258460282067e-01,7.277860283481695225e-01,2.112535494539373282e+00
1.899999999999999911e+00,4.787863562883942770e+00,9.966048860709492141e-01,7.403910185870558047e-01,2.167470789557736754e+00
2.000000000000000000e+00,4.949593247244497896e+00,1.017039247493665144e+00,7.522633656395384394e-01,2.220687834548353390e+00
2.100000000000000089e+00,5.110401241752906110e+00,1.036110628181435844e+00,7.618892859261604533e-01,2.272104602789114303e+00
2.200000000000000178e+00,5.272637770918415789e+00,1.053417784827126225e+00,7.717921585043112653e-01,2.324606571271885525e+00
2.299999999999999822e+00,5.429176796029761221e+00,1.071188442486832759e+00,7.824694813399268867e-01,2.377386169155125906e+00
2.399999999999999911e+00,5.581901372804246364e+00,1.089949770797183914e+00,7.932018615724895083e-01,2.429606081384339866e+00
2.500000000000000000e+00,5.736674458412311495e+00,1.108635804909854583e+00,8.058682946414920112e-01,2.481760534077542601e+00
2.600000000000000089e+00,5.894685466969368903e+00,1.127472251973945960e+00,8.165656493419600759e-01,2.533319904535600298e+00
2.700000000000000178e+00,6.050288084193556237e+00,1.146010363570213464e+00,8.286695436287045968e-01,2.583838613188771394e+00
2.799999999999999822e+00,6.201327919030205749e+00,1.163920571156723316e+00,8.406835733910759112e-01,2.632643566041292349e+00
2.899999999999999911e+00,6.350666666782895931e+00,1.182441971275634440e+00,8.533231559228795504e-01,2.681233705306287796e+00
3.000000000000000000e+00,6.498379307453904907e+00,1.200146214595957384e+00,8.640740570933469478e-01,2.729215689918882415e+00
3.100000000000000089e+00,6.642238311813718710e+00,1.216626444792254569e+00,8.758014629389296868e-01,2.776447754601919726e+00
3.200000000000000178e+00,6.790169315266282979e+00,1.233074336106545488e+00,8.858285893726309812e-01,2.822538161237925003e+00
3.299999999999999822e+00,6.945776011354067414e+00,1.250028388514190070e+00,8.986561068063503299e-01,2.870183266903842068e+00
3.399999999999999911e+00,7.096234093261097442e+00,1.266313305668215206e+00,9.120712533272391509e-01,2.916432634374689137e+00
3.500000000000000000e+00,7.243722798371526217e+00,1.282326933045380590e+00,9.237258719850307553e-01,2.961773534563377108e+00
3.600000000000000089e+00,7.391533952282883568e+00,1.297299513368211921e+00,9.346763104894152407e-01,3.005980533951684297e+00
3.700000000000000178e+00,7.542050881435446996e+00,1.312179080208136561e+00,9.461605260371257486e-01,3.048736563689725454e+00
3.799999999999999822e+00,7.694607550160916354e+00,1.326333737679442848e+00,9.561911138036798263e-01,3.090765568581051781e+00
3.899999999999999911e+00,7.840295751526574541e+00,1.341026343301326307e+00,9.668668967364529854e-01,3.132316452339067414e+00
4.000000000000000000e+00,7.987967071222996651e+00,1.356719473084310623e+00,9.774516379908981811e-01,3.175294548165720876e+00
4.099999999999999645e+00,8.139925038805268187e+00,1.372465621266553804e+00,9.881039512292228988e-01,3.218586003425217168e+00
4.200000000000000178e+00,8.287613264460135909e+00,1.388603105335669108e+00,9.991176241885977305e-01,3.261780753651141840e+00
4.299999999999999822e+00,8.439338765311534374e+00,1.405351326613370144e+00,1.010163898121376080e+00,3.305298847636794157e+00
4.400000000000000355e+00,8.592424827047270952e+00,1.421038435106401154e+00,1.019778126891338621e+00,3.348869335964274718e+00
4.500000000000000000e+00,8.744782181806350252e+00,1.436312463328029532e+00,1.030460666055029062e+00,3.392263861765662192e+00
4.599999999999999645e+00,8.895802802488120165e+00,1.451225599327334193e+00,1.038231021773645235e+00,3.434826455424369485e+00
4.700000000000000178e+00,9.040853672908550465e+00,1.466256239431824593e+00,1.046526102958833304e+00,3.477327979960981086e+00
4.799999999999999822e+00,9.183485771068562897e+00,1.481489174702180778e+00,1.054666089344573843e+00,3.519609648754961739e+00
4.900000000000000355e+00,9.325836276791838131e+00,1.497342685513051608e+00,1.064432050474076075e+00,3.562096646426605062e+00
5.000000000000000000e+00,9.470515037531940905e+00,1.512643471648967619e+00,1.074053480361609303e+00,3.604405639428032160e+00
5.099999999999999645e+00,9.621036456697217076e+00,1.528831166652582008e+00,1.083951300959810293e+00,3.650015867886653442e+00
5.200000000000000178e+00,9.769362640273385523e+00,1.545324057080143421e+00,1.092808528333323315e+00,3.695144439694138416e+00
5.299999999999999822e+00,9.920348219809584478e+00,1.562346548798209112e+00,1.103780900997490821e+00,3.740076136076495583e+00
5.400000000000000355e+00,1.007256037065225485e+01,1.578758657973493795e+00,1.115156764927188515e+00,3.784187623879704976e+00
5.500000000000000000e+00,1.022553229431469823e+01,1.594492458223189413e+00,1.124523116951834822e+00,3.828073843506638152e+00
5.599999999999999645e+00,1.037590335857399992e+01,1.610545298184881569e+00,1.137142728986747731e+00,3.871612453121816788e+00
5.700000000000000178e+00,1.052053453313648923e+01,1.627148576752400322e+00,1.147277147783748896e+00,3.914256601632378541e+00
5.799999999999999822e+00,1.066522288240279259e+01,1.642891828062505777e+00,1.157627954226915445e+00,3.955075682063657005e+00
5.900000000000000355e+00,1.081154358275317762e+01,1.658455946284718596e+00,1.167348110537393957e+00,3.996359155289530563e+00
6.000000000000000000e+00,1.095577601814238911e+01,1.674591975899187846e+00,1.178390055392070979e+00,4.037304244292230671e+00
6.099999999999999645e+00,1.109273715006145444e+01,1.689695194528723299e+00,1.187422964356199984e+00,4.077092639761064952e+00
6.200000000000000178e+00,1.123430806528894443e+01,1.704647344103723983e+00,1.197457607943830160e+00,4.115739151326632594e+00
6.299999999999999822e+00,1.137801339572721204e+01,1.718669902236282576e+00,1.206513825001852780e+00,4.153227144954108496e+00
6.400000000000000355e+00,1.151645974848296383e+01,1.731416637596727925e+00,1.215181943750262672e+00,4.189464864757439955e+00
6.500000000000000000e+00,1.165888157986150020e+01,1.744355528387299792e+00,1.222205304966503814e+00,4.225825492975580744e+00
6.599999999999999645e+00,1.180800360835111462e+01,1.758095849292275803e+00,1.228556607343630924e+00,4.262236377960087808e+00
6.700000000000000178e+00,1.195862559918961843e+01,1.770918158207948512e+00,1.237143017784619659e+00,4.298142890324486487e+00
6.799999999999999822e+00,1.210333656630676913e+01,1.783970849578571105e+00,1.243249249522055511e+00,4.334857320202953446e+00
6.900000000000000355e+00,1.224779908289350772e+01,1.796971321147619260e+00,1.250930933805316725e+00,4.372246938689239748e+00
7.000000000000000000e+00,1.239774660365617720e+01,1.809660228722770547e+00,1.258700298147645391e+00,4.410275172768791663e+00
7.099999999999999645e+00,1.255025696507228794e+01,1.821945937997603293e+00,1.266891291651152329e+00,4.447025592732495980e+00
7.200000000000000178e+00,1.269614464848668689e+01,1.833493267799645832e+00,1.273178936086971635e+00,4.481010641609218581e+00
7.299999999999999822e+00,1.284335017316113259e+01,1.844557781315560696e+00,1.279572386238295278e+00,4.515466883463266967e+00
7.400000000000000355e+00,1.299088677295301864e+01,1.855892446383490046e+00,1.286227319086463261e+00,4.549769919528831252e+00
7.500000000000000000e+00,1.313781751963747801e+01,1.867842486474837749e+00,1.294307462886632676e+00,4.584800985715294708e+00
7.599999999999999645e+00,1.328335673538397721e+01,1.879722134276069934e+00,1.301627715275208708e+00,4.620009914691986630e+00
7.700000000000000178e+00,1.342875944023731272e+01,1.891212933751691194e+00,1.310469863968408921e+00,4.654679766312565192e+00
7.799999999999999822e+00,1.357115107156689504e+01,1.903728511558634207e+00,1.318906906447284699e+00,4.688790107716661382e+00
7.900000000000000355e+00,1.371690501014505337e+01,1.917176331882446849e+00,1.328370957078599757e+00,4.722163692596790696e+00
8.000000000000000000e+00,1.385965275108709527e+01,1.930028600469285038e+00,1.338054363977639216e+00,4.756079864903393073e+00
8.099999999999999645e+00,1.400446204208867762e+01,1.943890325512709127e+00,1.349027486498619144e+00,4.790539473918373758e+00
8.199999999999999289e+00,1.414882265725761101e+01,1.957719796797724898e+00,1.359105751533000062e+00,4.825615362580446543e+00
8.300000000000000711e+00,1.429267416135874313e+01,1.970938646638426883e+00,1.370387468886060223e+00,4.860338669031278869e+00
8.400000000000000355e+00,1.443709563697708909e+01,1.985090654506165286e+00,1.381466240446250549e+00,4.895871804750779432e+00
8.500000000000000000e+00,1.457990349875633385e+01,2.000047488034811138e+00,1.395002809875074634e+00,4.932825227671197688e+00
8.599999999999999645e+00,1.472639693510610392e+01,2.014412429968200247e+00,1.407165612135339749e+00,4.969231486885769655e+00
8.699999999999999289e+00,1.486770947768426154e+01,2.029436872404620562e+00,1.417970552560640973e+00,5.004930252307676852e+00
8.800000000000000711e+00,1.500943618823164805e+01,2.044121355518928151e+00,1.430669713813658372e+00,5.040186634814898703e+00
8.900000000000000355e+00,1.515533612012960774e+01,2.057595045523336719e+00,1.441783697162987599e+00,5.074267678459969844e+00
9.000000000000000000e+00,1.530005833633791390e+01,2.070807989542393646e+00,1.452566052044961031e+00,5.109649909702354442e+00
9.099999999999999645e+00,1.544688538951463563e+01,2.083851605662024209e+00,1.463254746994239630e+00,5.145770610211119589e+00
9.199999999999999289e+00,1.559183707320443624e+01,2.096770266509943248e+00,1.474145485922598642e+00,5.180158004314686870e+00
9.300000000000000711e+00,1.573538467022436471e+01,2.109563429659751410e+00,1.483155514538278652e+00,5.214729667595147333e+00
9.400000000000000355e+00,1.587680412746941094e+01,2.121957346056225546e+00,1.493239443516699572e+00,5.249339126139111578e+00
9.500000000000000000e+00,1.601995029592454500e+01,2.133829182492186671e+00,1.499318295393116562e+00,5.282759364638880406e+00
9.599999999999999645e+00,1.616775208856547863e+01,2.144906849286776662e+00,1.506756609517876599e+00,5.315351065058028013e+00
9.699999999999999289e+00,1.631178496917500098e+01,2.155886118514892313e+00,1.513508246620885345e+00,5.348372050862672644e+00
9.800000000000000711e+00,1.645977837260962318e+01,2.166889201471129844e+00,1.518341606174888669e+00,5.381679482650841173e+00
9.900000000000000355e+00,1.660886358652855321e+01,2.177029083869383541e+00,1.524892637951626106e+00,5.412410042206534655e+00
1.000000000000000000e+01,1.675481845106268608e+01,2.186629067869688470e+00,1.529617752671122322e+00,5.442286607121119779e+00
1.009999999999999964e+01,1.690109615107760277e+01,2.196752665106691094e+00,1.534952754957188858e+00,5.472204592005123658e+00
1.019999999999999929e+01,1.704544787755174795e+01,2.207067674900729859e+00,1.539871919225447083e+00,5.503500969360193729e+00
1.030000000000000071e+01,1.718785700842212449e+01,2.217443996729111966e+00,1.546961352366547526e+00,5.534902519033901847e+00
1.040000000000000036e+01,1.732618127635555538e+01,2.228692128017781382e+00,1.553256066797926049e+00,5.566345081418335283e+00
1.050000000000000000e+01,1.746755365487232226e+01,2.240838733845142539e+00,1.558760661169313222e+00,5.597141020559138980e+00
1.059999999999999964e+01,1.760753090369162521e+01,2.252002236965284787e+00,1.562740453444785294e+00,5.627084673016973682e+00
1.069999999999999929e+01,1.775140691580580565e+01,2.263553689314793171e+00,1.570397146591868687e+00,5.658007960384627388e+00
1.080000000000000071e+01,1.789508690872839836e+01,2.275223778902951910e+00,1.577233373416023543e+00,5.689591849563822024e+00
1.090000000000000036e+01,1.803642320614356009e+01,2.287290001436303566e+00,1.583222252324782087e+00,5.720542331474868902e+00
1.100000000000000000e+01,1.817483647189826357e+01,2.299376592117923668e+00,1.589805129076238499e+00,5.751598786324391810e+00
1.109999999999999964e+01,1.831580550965821885e+01,2.311460227049203286e+00,1.595461969060719021e+00,5.784000056656051214e+00
1.119999999999999929e+01,1.845521174788449059e+01,2.324269557395747476e+00,1.602486964215758425e+00,5.818589365835290295e+00
1.130000000000000071e+01,1.859794230100419909e+01,2.337924136877875370e+00,1.611014490854204784e+00,5.851936267525618796e+00
1.140000000000000036e+01,1.873928630209812951e+01,2.352676047037069562e+00,1.619248337220338119e+00,5.887130877015516184e+00
1.150000000000000000e+01,1.887769293251377789e+01,2.367162818765701449e+00,1.627875028386092104e+00,5.923045686125973930e+00
1.159999999999999964e+01,1.901574903514400461e+01,2.381052556229315886e+00,1.637317543450629076e+00,5.959858444508276065e+00
1.169999999999999929e+01,1.915605833179679607e+01,2.394373819780688528e+00,1.647399492791640663e+00,5.996539809866028747e+00
1.180000000000000071e+01,1.929393862741493137e+01,2.407142024858280660e+00,1.656643798407509749e+00,6.031253553074861884e+00
1.190000000000000036e+01,1.943938914667151252e+01,2.419684463796640372e+00,1.666300758705266061e+00,6.065452797383224848e+00
1.200000000000000000e+01,1.957682616170710332e+01,2.432011783137132621e+00,1.675019226973848196e+00,6.099487157230984558e+00
1.209999999999999964e+01,1.971847474156641056e+01,2.444666958824534220e+00,1.682475676237292106e+00,6.133160280919194740e+00
1.219999999999999929e+01,1.985687817413556289e+01,2.458126883547009367e+00,1.692127511729018652e+00,6.166233179633371364e+00
1.230000000000000071e+01,1.999354755794535521e+01,2.471338829102092127e+00,1.702868989757087226e+00,6.199357030281903214e+00
1.240000000000000036e+01,2.013511729425907149e+01,2.484729011122348119e+00,1.712552595692784285e+00,6.232737703456029621e+00
1.250000000000000000e+01,2.027599456534971623e+01,2.498395345780566323e+00,1.722318521003308067e+00,6.264631715293546677e+00
1.259999999999999964e+01,2.042019405485665828e+01,2.511420783968166148e+00,1.730954717655565300e+00,6.296617134344995925e+00
1.269999999999999929e+01,2.056160459935107809e+01,2.522652484774117188e+00,1.739471359385048377e+00,6.328581634544870660e+00
1.280000000000000071e+01,2.069585704169386986e+01,2.533159635478366756e+00,1.747153883497102989e+00,6.359558568734215989e+00
1.290000000000000036e+01,2.083389954248368880e+01,2.542543028269511396e+00,1.753867514700022445e+00,6.389450245010075413e+00
1.300000000000000000e+01,2.096981077073466793e+01,2.551127828116981799e+00,1.759860510196848304e+00,6.416993954227224961e+00
1.309999999999999964e+01,2.110676525597872555e+01,2.558217410619558319e+00,1.765249511821109785e+00,6.443459070354482066e+00
1.319999999999999929e+01,2.124982969306229919e+01,2.565774247163326915e+00,1.770124148473863679e+00,6.469373897895822623e+00
1.330000000000000071e+01,2.139319491073171164e+01,2.574294705825075802e+00,1.775760752403719778e+00,6.495885565303189502e+00
1.340000000000000036e+01,2.153360112944356075e+01,2.582802797149640561e+00,1.781486697241531969e+00,6.522389148853585894e+00
1.350000000000000000e+01,2.167309008970312334e+01,2.591744011642348244e+00,1.788525697061444708e+00,6.547401046574703898e+00
1.359999999999999964e+01,2.181109760813220078e+01,2.600038841074525209e+00,1.793536547440454765e+00,6.573781462675577281e+00
1.369999999999999929e+01,2.194612368328224505e+01,2.606743171386782354e+00,1.798318746725191319e+00,6.598625635899750819e+00
1.380000000000000071e+01,2.207416246018319583e+01,2.613492289803969637e+00,1.802052088481484571e+00,6.622250694003624538e+00
1.390000000000000036e+01,2.221176183652006131e+01,2.619452184727045996e+00,1.803517724397220912e+00,6.645016452163964971e+00
1.400000000000000000e+01,2.234221830640678874e+01,2.625692374573231014e+00,1.806362776115347790e+00,6.669360404270091358e+00
1.409999999999999964e+01,2.247120950447001420e+01,2.632337985904607436e+00,1.808864784501859058e+00,6.694196000042758499e+00
1.419999999999999929e+01,2.260200784957088871e+01,2.638806928144246555e+00,1.810032086699295828e+00,6.719527275268776911e+00
1.430000000000000071e+01,2.273486956745215082e+01,2.645928111894035428e+00,1.813215228151836333e+00,6.745801907522097629e+00
1.440000000000000036e+01,2.286848280362658414e+01,2.653230486924771814e+00,1.816737705738500130e+00,6.773162928539416150e+00
1.450000000000000000e+01,2.300830962692701220e+01,2.660611253676059995e+00,1.821140457556504000e+00,6.799259594856938094e+00
1.459999999999999964e+01,2.314440185388318483e+01,2.668499775292232812e+00,1.825131953907914051e+00,6.824445136732300909e+00
1.469999999999999929e+01,2.328315058926933290e+01,2.677002843098969631e+00,1.829795093789455152e+00,6.849891294626170080e+00
1.480000000000000071e+01,2.341931588586813362e+01,2.684913765232675775e+00,1.834341584018949645e+00,6.876179244230924859e+00
1.490000000000000036e+01,2.355234105125454391e+01,2.693365901936381146e+00,1.840608714665191714e+00,6.902804470601203946e+00
1.500000000000000000e+01,2.368548890803264939e+01,2.701095966588745512e+00,1.846313421801203170e+00,6.928840314515507970e+00
1.509999999999999964e+01,2.381710796391881502e+01,2.708801797993917848e+00,1.850369960942805481e+00,6.954868678725922848e+00
1.519999999999999929e+01,2.394839054171549009e+01,2.717213427597240827e+00,1.854732940125233709e+00,6.980020286319764011e+00
1.530000000000000071e+01,2.407898380644871139e+01,2.725166519457887127e+00,1.859305292244673113e+00,7.005026679065621487e+00
1.540000000000000036e+01,2.421098734646764683e+01,2.732421577479125840e+00,1.861200173329152108e+00,7.030357477952045464e+00
1.550000000000000000e+01,2.434138819811213139e+01,2.739425722644640349e+00,1.862840323581331781e+00,7.055096495432686687e+00
1.559999999999999964e+01,2.447149079498420221e+01,2.746233396383372050e+00,1.865634583967283877e+00,7.079228698190196845e+00
1.569999999999999929e+01,2.459938216296786351e+01,2.752526734438195177e+00,1.870301330722022870e+00,7.102896055625932625e+00
1.580000000000000071e+01,2.472969806526133851e+01,2.759468836369222799e+00,1.873213632284267627e+00,7.126659234625573269e+00
1.590000000000000036e+01,2.486242172818723972e+01,2.765741868078497756e+00,1.875704225181094698e+00,7.152097986601082980e+00
1.600000000000000000e+01,2.499700868459582281e+01,2.771441793191012692e+00,1.878057645885819360e+00,7.176927629769456196e+00
1.610000000000000142e+01,2.513162039136658521e+01,2.777825933826094218e+00,1.882452047940136763e+00,7.200275964850010979e+00
1.619999999999999929e+01,2.526948673494502273e+01,2.784666159128943885e+00,1.886330211824847281e+00,7.222881243589700517e+00
1.630000000000000071e+01,2.540201405090855502e+01,2.791741412865931693e+00,1.893056983721127740e+00,7.245175425386258361e+00
1.640000000000999947e+01,2.553288092608075033e+01,2.800192460158236862e+00,1.900123686193741168e+00,7.268533142309606454e+00
1.650000000001000089e+01,2.566479611760835411e+01,2.808585291283304919e+00,1.905501397379013140e+00,7.292585070405536385e+00
1.660000000001000231e+01,2.580300260328048267e+01,2.816744874717366454e+00,1.911345740787808944e+00,7.317682848065046208e+00
1.670000000001000018e+01,2.593791298874399942e+01,2.826522281704308526e+00,1.917157298038398405e+00,7.345211364038265245e+00
1.680000000001000160e+01,2.607466505824747571e+01,2.836123759880222917e+00,1.922151863349260248e+00,7.372379770914987418e+00
1.690000000000999947e+01,2.620951916110515256e+01,2.845362247091122399e+00,1.927579594473606939e+00,7.398318140514995811e+00
1.700000000001000089e+01,2.634605236193549516e+01,2.855343028808724704e+00,1.932747589377567410e+00,7.425133158647703624e+00
1.710000000001000231e+01,2.648242851401529663e+01,2.866116943949474916e+00,1.939604362762170187e+00,7.451231847008719100e+00
1.720000000001000018e+01,2.661673168143672541e+01,2.877272924947319677e+00,1.946026858514918301e+00,7.478389829102840558e+00
1.730000000001000160e+01,2.675171636159456057e+01,2.887631982246098961e+00,1.954088962242250815e+00,7.504452449048372387e+00
1.740000000000999947e+01,2.688782888765783241e+01,2.898942541604889289e+00,1.961139500908244182e+00,7.530490831669925278e+00
1.750000000001000089e+01,2.702370443524810284e+01,2.909959027239222618e+00,1.968618721729934018e+00,7.556872873222516773e+00
1.760000000001000231e+01,2.715237483674960473e+01,2.920909190259239452e+00,1.976216777038741101e+00,7.582692717490187029e+00
1.770000000001000018e+01,2.728509081577964324e+01,2.931936470038635889e+00,1.984397445277292116e+00,7.607690799535195225e+00
1.780000000001000160e+01,2.741736770288541436e+01,2.942141244332267647e+00,1.991619265896771296e+00,7.631853871984066728e+00
1.790000000000999947e+01,2.754960629095078772e+01,2.952028481432180662e+00,1.999222964725892338e+00,7.656064291089433205e+00
1.800000000001000089e+01,2.768034495177283461e+01,2.961644219983714965e+00,2.004912885825393953e+00,7.678889170447844137e+00
1.810000000001000231e+01,2.780971473063220856e+01,2.969772122179651141e+00,2.010365020355270094e+00,7.702076642451045174e+00
1.820000000001000018e+01,2.794871996875495768e+01,2.976434654759042786e+00,2.016413861084967341e+00,7.726294116443983562e+00
1.830000000001000160e+01,2.808207255984554962e+01,2.982840966363045965e+00,2.021253308559590955e+00,7.749379693589546925e+00
1.840000000000999947e+01,2.821810875756487391e+01,2.988518782842763954e+00,2.024930842652227003e+00,7.770329615776701004e+00
1.850000000001000089e+01,2.835232213112143285e+01,2.994062403156727115e+00,2.027263130156651716e+00,7.791399723401997157e+00
1.860000000001000231e+01,2.848446450766806848e+01,2.999326859662596156e+00,2.029240636383285779e+00,7.811369837380884640e+00
1.870000000001000018e+01,2.861785184480163835e+01,3.003874869758295318e+00,2.028695199830621299e+00,7.830332704901609375e+00
1.880000000001000160e+01,2.874715420313746250e+01,3.007577354269717063e+00,2.029324952022133921e+00,7.848482070014462408e+00
1.890000000000999947e+01,2.887327818014222203e+01,3.011579635171609759e+00,2.030185394704874025e+00,7.867383775405786039e+00
1.900000000001000089e+01,2.900244874672064910e+01,3.016002252303508158e+00,2.030005492280182899e+00,7.886542108613748603e+00
1.910000000001000231e+01,2.912933788053682704e+01,3.020209218907434323e+00,2.029007628867661062e+00,7.905488563547589997e+00
1.920000000001000018e+01,2.925891228954117196e+01,3.024836710911949389e+00,2.027666141401472721e+00,7.924981153528644739e+00
1.930000000001000160e+01,2.938561300350175642e+01,3.029173603341405396e+00,2.028226645829321662e+00,7.943219262644189982e+00
1.940000000000999947e+01,2.951659928866347826e+01,3.033634669213964852e+00,2.029740819771412852e+00,7.961791274978176958e+00
1.950000000001000089e+01,2.964979332574417015e+01,3.037910243788318976e+00,2.030848532077479174e+00,7.979987056146415902e+00
1.960000000001000231e+01,2.978129911014352871e+01,3.042660030996141796e+00,2.034174121777958089e+00,7.999132412695723282e+00
1.970000000001000018e+01,2.991364699980551123e+01,3.047273285075439819e+00,2.038624988009395622e+00,8.017793933146869279e+00
1.980000000001000160e+01,3.004482968242972518e+01,3.051658402462587460e+00,2.040604635904013975e+00,8.036531055236755705e+00
1.990000000000999947e+01,3.017567808243445882e+01,3.056923916952125175e+00,2.045852776068993961e+00,8.056791112251076470e+00
2.000000000001000089e+01,3.030549933725652778e+01,3.063094579797209338e+00,2.052437932092446626e+00,8.077716396283406652e+00
2.010000000001000231e+01,3.043261446994591424e+01,3.069555915281184877e+00,2.057352091191571919e+00,8.099178427980248784e+00
2.020000000001000018e+01,3.056033820294676318e+01,3.076485373309437943e+00,2.062314940680044284e+00,8.120331977645738775e+00
2.030000000001000160e+01,3.069128691006541132e+01,3.083499093137381575e+00,2.067544033817447779e+00,8.141886743164304718e+00
2.040000000000999947e+01,3.081704706143648309e+01,3.090211175999793447e+00,2.073197199309631866e+00,8.164506246927599520e+00
2.050000000001000089e+01,3.094691996674968593e+01,3.097681975378350216e+00,2.079246268432685785e+00,8.186929681894646649e+00
2.060000000001000231e+01,3.108219323973874992e+01,3.106138286119898950e+00,2.084637127230621445e+00,8.209986687652698123e+00
2.070000000001000018e+01,3.121339273642009715e+01,3.115311812016190895e+00,2.089256125202338055e+00,8.234513722259896085e+00
2.080000000001000160e+01,3.134178145980157737e+01,3.126741619725864840e+00,2.096398110270755843e+00,8.258907892499163239e+00
2.090000000000999947e+01,3.146926108208602102e+01,3.139098810420597019e+00,2.103952450703628241e+00,8.284297533960826243e+00
2.100000000001000089e+01,3.160224826207494431e+01,3.150779476443765770e+00,2.109530039741880802e+00,8.309595955055156580e+00
2.110000000001000231e+01,3.173461504354711238e+01,3.162340620283837556e+00,2.118069106018477754e+00,8.335715004426296204e+00
2.120000000001000018e+01,3.186326619689710782e+01,3.173293015778330783e+00,2.123183108239143024e+00,8.360672427701858922e+00
2.130000000001000160e+01,3.199093903350559742e+01,3.183114259646813160e+00,2.128779171359297173e+00,8.383312898698088489e+00
2.140000000000999947e+01,3.212267780775967196e+01,3.191909674569314070e+00,2.134189845264480745e+00,8.404713114956729569e+00
2.150000000001000089e+01,3.225546742905339670e+01,3.200054492132672568e+00,2.137974498840006454e+00,8.426078099716914238e+00
2.160000000001000231e+01,3.238778581650821309e+01,3.208645736236652279e+00,2.143319730012092972e+00,8.448600082745098661e+00
2.170000000001000018e+01,3.251553926492606195e+01,3.217527071579189712e+00,2.147677609119661657e+00,8.470286001120951980e+00
2.180000000001000160e+01,3.264590143616703699e+01,3.226481583108512297e+00,2.153016376922000763e+00,8.492374631093914772e+00
2.190000000000999947e+01,3.277816144273801768e+01,3.235267869045513667e+00,2.157021128053972170e+00,8.514492617804361174e+00
2.200000000001000089e+01,3.290802069662345275e+01,3.243331546169772928e+00,2.162321668263364138e+00,8.536623755452753315e+00
2.210000000001000231e+01,3.304027528477939057e+01,3.251202890562024272e+00,2.167043996240852088e+00,8.557915173275263854e+00
2.220000000001000018e+01,3.317225364857480940e+01,3.258810665639926718e+00,2.172860660238325803e+00,8.580045059200859470e+00
2.230000000001000160e+01,3.330051311550627702e+01,3.266813329607461736e+00,2.179657173437532958e+00,8.602865848336598731e+00
2.240000000000999947e+01,3.342868230060344104e+01,3.274670388343014160e+00,2.184147672379145977e+00,8.625329088026740365e+00
2.250000000001000089e+01,3.355436948887685844e+01,3.282344957978414079e+00,2.188914354341237711e+00,8.646424110999339163e+00
2.260000000001000231e+01,3.368227698687321237e+01,3.290241415610460685e+00,2.194026042286529421e+00,8.667368837889275923e+00
2.270000000001000018e+01,3.380892944450549464e+01,3.298235274760691116e+00,2.201584876354643061e+00,8.686883706175221320e+00
2.280000000001000160e+01,3.393336556077149879e+01,3.305266713934047917e+00,2.207005447494599704e+00,8.704848814996879014e+00
2.290000000000999947e+01,3.406050623954843815e+01,3.311261068087397508e+00,2.208957647538384084e+00,8.722747035374737834e+00
2.300000000001000089e+01,3.419041720235243531e+01,3.316993911722687205e+00,2.214814315647336329e+00,8.740510230404188619e+00
2.310000000002000320e+01,3.432151841202784226e+01,3.322712470409308949e+00,2.216858147946848323e+00,8.758363805345833697e+00
2.320000000002000107e+01,3.444982673427870168e+01,3.327752002678664667e+00,2.219215074965556589e+00,8.776246897131803948e+00
2.330000000002000249e+01,3.458086768679936540e+01,3.332566095534204020e+00,2.223223011600202970e+00,8.795544902848360991e+00
2.340000000002000036e+01,3.470998681699568067e+01,3.338023904723793400e+00,2.224349288544523073e+00,8.816436645838514607e+00
2.350000000002000178e+01,3.484096296198153908e+01,3.343360043778398794e+00,2.224984018484253312e+00,8.837194315079795359e+00
2.360000000002000320e+01,3.496917360617787551e+01,3.348610008602800558e+00,2.225214816727781653e+00,8.859023634659330071e+00
2.370000000002000107e+01,3.509700010763310019e+01,3.354365796220782681e+00,2.227240028659881688e+00,8.880637483256524689e+00
2.380000000002000249e+01,3.523088266808336755e+01,3.360773521786266205e+00,2.228021536023369720e+00,8.901301953433470970e+00
2.390000000002000036e+01,3.536588269372899163e+01,3.367142059408293697e+00,2.230281946454902187e+00,8.921290765779543719e+00
2.400000000002000178e+01,3.550020862063300342e+01,3.371913498593352099e+00,2.231771890276888382e+00,8.940286070858750378e+00
2.410000000002000320e+01,3.563501795002912331e+01,3.376655209164970195e+00,2.232477332570697026e+00,8.958704152084330019e+00
2.420000000002000107e+01,3.576758365528461781e+01,3.380817314729842593e+00,2.234572786562239344e+00,8.976312373339958128e+00
2.430000000002000249e+01,3.590179805893924936e+01,3.384127592199181578e+00,2.232699846097433660e+00,8.994756023048299909e+00
2.440000000002000036e+01,3.603607972765502154e+01,3.388585191840540300e+00,2.234475488729638304e+00,9.012825442484844629e+00
2.450000000002000178e+01,3.616951125637036313e+01,3.393455353567312205e+00,2.237923076483330664e+00,9.030428553305272388e+00
2.460000000002000320e+01,3.630374140533243832e+01,3.398069783485254014e+00,2.240220603896218687e+00,9.047592228035197692e+00
2.470000000002000107e+01,3.643594895062967254e+01,3.402814308141233646e+00,2.243741394817792223e+00,9.064584579713711676e+00
2.480000000002000249e+01,3.657236234319085355e+01,3.407233953934168724e+00,2.246451776790221011e+00,9.081948606242596256e+00
2.490000000002000036e+01,3.670311300008090427e+01,3.411492756147993965e+00,2.250234108307152425e+00,9.099921654159617290e+00
2.500000000002000178e+01,3.683360979104811150e+01,3.415265910662625970e+00,2.253411220614957688e+00,9.117569649602712545e+00
2.510000000002000320e+01,3.696234214793084760e+01,3.420654345034614519e+00,2.255127274542187532e+00,9.136354889098900145e+00
2.520000000002000107e+01,3.709503968067887314e+01,3.426460956890062359e+00,2.260039571241141854e+00,9.154357104235376852e+00
2.530000000002000249e+01,3.722779429874942281e+01,3.431703220431620238e+00,2.262675333905360908e+00,9.172263311456871904e+00
2.540000000002000036e+01,3.735968174964735056e+01,3.436720140448477068e+00,2.265363917615606848e+00,9.191106408090304214e+00
2.550000000002000178e+01,3.749056585609913128e+01,3.442049622051853053e+00,2.270469070683649448e+00,9.209306798936266247e+00
2.560000000002000320e+01,3.762527260096739212e+01,3.447524672982609228e+00,2.275673055553642854e+00,9.227399918027751724e+00
2.570000000002000107e+01,3.775310639017050107e+01,3.453721861947525618e+00,2.280758975708467418e+00,9.245657572842311822e+00
2.580000000002000249e+01,3.787802362164897119e+01,3.459458908416494616e+00,2.286474216874435417e+00,9.263807141604287310e+00
2.590000000002000036e+01,3.800461095891714791e+01,3.464131211253872689e+00,2.292040976172008193e+00,9.281197298357307446e+00
2.600000000002000178e+01,3.813721397495202581e+01,3.469342276466174990e+00,2.297958123364967520e+00,9.299626930047530493e+00
2.610000000002000320e+01,3.827233199467923441e+01,3.475562798830244660e+00,2.304463639108105699e+00,9.318387547830285556e+00
2.620000000002000107e+01,3.840534949375691554e+01,3.481517186657974161e+00,2.310606515787395399e+00,9.337580885989096302e+00
2.630000000002000249e+01,3.854088288894529057e+01,3.487164581112454087e+00,2.317025746475468662e+00,9.356788546423560504e+00
2.640000000002000036e+01,3.867860927580017005e+01,3.492915161666303892e+00,2.321519950173162705e+00,9.377010126357026465e+00
2.650000000002000178e+01,3.881000750179550352e+01,3.497966498943464231e+00,2.325545078226065598e+00,9.396201483971095669e+00
2.660000000002000320e+01,3.894391905348382465e+01,3.502972686283037262e+00,2.328051462092848301e+00,9.415251893364391833e+00
2.670000000002000107e+01,3.907761217604548420e+01,3.508025145002872769e+00,2.331887404142250819e+00,9.433236141628698945e+00
2.680000000002000249e+01,3.921156229299121065e+01,3.513324271107208130e+00,2.336284003532026698e+00,9.451089611000089263e+00
2.690000000002000036e+01,3.933991725347114965e+01,3.519429580781650024e+00,2.339739047545615680e+00,9.469310402196397192e+00
2.700000000002000178e+01,3.947045354293217656e+01,3.524467855592251730e+00,2.343304748255639947e+00,9.487028671530243429e+00
2.710000000002000320e+01,3.960051842729317428e+01,3.529936691934920656e+00,2.348069940908388720e+00,9.505171934933095201e+00
2.720000000002000107e+01,3.972575195142745486e+01,3.535370779045127865e+00,2.353401892000301476e+00,9.525123931162260860e+00
2.730000000002000249e+01,3.985473427177404915e+01,3.541437703758905986e+00,2.358430682754727670e+00,9.546100884579491463e+00
2.740000000002000036e+01,3.998510125989781017e+01,3.548921167572322677e+00,2.364423828723916987e+00,9.567360454652936497e+00
2.750000000002000178e+01,4.012089378988839883e+01,3.557123566054408936e+00,2.372830848488038935e+00,9.589017369268585611e+00
2.760000000002000320e+01,4.025281297379000733e+01,3.565386824258890197e+00,2.378630204396789072e+00,9.611142286566769499e+00
2.770000000002000107e+01,4.038048438609343549e+01,3.574523509865248805e+00,2.385571328250075673e+00,9.632930163710042848e+00
2.780000000002000249e+01,4.050859081554507668e+01,3.582936204185100060e+00,2.391905185623869112e+00,9.653833997655539179e+00
2.790000000002000036e+01,4.063159946778943521e+01,3.591493244135310459e+00,2.397266888159239162e+00,9.675527638080062331e+00
2.800000000002000178e+01,4.075722964631078327e+01,3.600206588338092040e+00,2.401530048332002565e+00,9.697812474069456457e+00
2.810000000002000320e+01,4.088117965244492780e+01,3.606662329558028901e+00,2.405202294738365776e+00,9.718886714928888892e+00
2.820000000002000107e+01,4.100082740715082252e+01,3.613321202657648890e+00,2.408542563091650379e+00,9.739070794004486942e+00
2.830000000002000249e+01,4.112217504864356954e+01,3.619330109645195748e+00,2.411871172419670639e+00,9.757922565875258414e+00
2.840000000002000036e+01,4.124999774338587599e+01,3.625191351248779448e+00,2.417858435105468828e+00,9.778016832927603375e+00
2.850000000002000178e+01,4.137402915214016019e+01,3.630777111441370053e+00,2.423172661396427063e+00,9.797841574709124757e+00
2.860000000002000320e+01,4.150292572770189992e+01,3.636472819324090722e+00,2.428190993955896548e+00,9.816573628548097119e+00
2.870000000002000107e+01,4.162786361566389104e+01,3.642249331826788339e+00,2.431423528939642864e+00,9.834868429166133907e+00
2.880000000002000249e+01,4.175559491997671557e+01,3.647265175550489680e+00,2.437645155029096067e+00,9.852108235837446770e+00
2.890000000002000036e+01,4.187744151419210681e+01,3.650879843344450482e+00,2.441773201117610981e+00,9.869426734550202696e+00
2.900000000002000178e+01,4.199604203665735724e+01,3.656648269680629948e+00,2.446768640143658136e+00,9.888384612848504673e+00
2.910000000002000320e+01,4.212236637576057774e+01,3.663042601481278027e+00,2.453046733418164926e+00,9.907363270968080116e+00
2.920000000002000107e+01,4.225155497559822493e+01,3.669809901577179456e+00,2.457979698362576126e+00,9.928100432497863892e+00
2.930000000002000249e+01,4.238183360193668392e+01,3.677475427522993723e+00,2.465694513089570883e+00,9.951075619252470972e+00
2.940000000002000036e+01,4.251459348975616592e+01,3.684519449069400654e+00,2.471407935151076707e+00,9.972886942946473710e+00
2.950000000002000178e+01,4.264459024793467989e+01,3.692559371332645668e+00,2.478220834824453878e+00,9.993487031037741275e+00
2.960000000002000320e+01,4.277467499162490583e+01,3.700488298522250030e+00,2.485703209212627218e+00,1.001403141130989027e+01
2.970000000002000107e+01,4.290374721765441990e+01,3.707861832188444673e+00,2.490813877823905287e+00,1.003430809058620810e+01
2.980000000002999982e+01,4.302466602626697068e+01,3.715143412360200070e+00,2.495834078488844199e+00,1.005406378082789587e+01
2.990000000002999769e+01,4.314639537270662117e+01,3.721883234102427274e+00,2.501802577571685227e+00,1.007339332665573117e+01
3.000000000002999911e+01,4.326801728693569515e+01,3.728349602938330065e+00,2.507657787559847140e+00,1.009392819598988211e+01
3.010000000003000054e+01,4.339189268521985099e+01,3.734536495955955271e+00,2.513160993834922863e+00,1.011327170560539201e+01
3.020000000002999840e+01,4.351735334239636188e+01,3.740598976915280094e+00,2.518507407736426007e+00,1.013159560135055237e+01
3.030000000002999982e+01,4.364699345784409701e+01,3.745678861918002145e+00,2.523104841727660919e+00,1.014951914811255307e+01
3.040000000002999769e+01,4.377637769689221159e+01,3.749450416069159520e+00,2.526522804350871620e+00,1.016627838380707516e+01
3.050000000002999911e+01,4.390274014972795413e+01,3.753817486584806851e+00,2.531565391158188127e+00,1.018292962943329094e+01
3.060000000003000054e+01,4.403348162076846251e+01,3.758508267972328731e+00,2.533081395684479986e+00,1.019930269991422200e+01
3.070000000002999840e+01,4.415694361901233123e+01,3.762969954457751509e+00,2.537424362147932655e+00,1.021602608797352829e+01
3.080000000002999982e+01,4.427451463660610642e+01,3.767440970200285122e+00,2.541334561899988298e+00,1.023222954481145308e+01
3.090000000002999769e+01,4.438963987046079041e+01,3.770642345145831076e+00,2.543760795599859126e+00,1.024831880671580286e+01
3.100000000002999911e+01,4.451209898997711178e+01,3.774506442442601362e+00,2.545002346538725035e+00,1.026462025153695201e+01
3.110000000003000054e+01,4.463894382673380079e+01,3.778033646943654844e+00,2.547822829883374052e+00,1.028033361199039142e+01
3.120000000002999840e+01,4.475936259176842213e+01,3.780389723622340270e+00,2.550921123711888505e+00,1.029615203352242858e+01
3.130000000002999982e+01,4.488586030190389664e+01,3.783335923129931277e+00,2.552939822659802349e+00,1.031237221234833434e+01
3.140000000002999769e+01,4.500763234556784909e+01,3.787132553195821316e+00,2.555449876438107282e+00,1.032912765565707680e+01
3.150000000002999911e+01,4.512700819663044882e+01,3.789667192060983680e+00,2.556137782338863573e+00,1.034465517939962353e+01
3.160000000003000054e+01,4.524997496185986279e+01,3.791943452241819390e+00,2.556597145633324963e+00,1.036033285708717422e+01
3.170000000002999840e+01,4.537977655340520045e+01,3.794500712234341044e+00,2.556648419284895279e+00,1.037582518779267815e+01
3.180000000002999982e+01,4.550613546615530680e+01,3.797799879528904299e+00,2.559837610182637668e+00,1.039084359899352350e+01
3.190000000002999769e+01,4.563037324835905650e+01,3.800799333030912663e+00,2.562279114163497962e+00,1.040541943347345821e+01
3.200000000002999911e+01,4.575313752016863589e+01,3.804391486159163893e+00,2.563083183385065134e+00,1.042018393292496192e+01
3.210000000003000054e+01,4.587662025529884602e+01,3.807749146946923346e+00,2.565217900716536992e+00,1.043582072706214525e+01
3.220000000003000196e+01,4.599893875461636839e+01,3.811951617338210418e+00,2.570465157090957131e+00,1.045307853440347934e+01
3.230000000002999627e+01,4.612258588470785980e+01,3.816562897187131043e+00,2.576658803732169378e+00,1.047130534837842930e+01
3.240000000002999769e+01,4.624527289661754281e+01,3.822387373243508968e+00,2.582095221962837250e+00,1.049057215747849092e+01
3.250000000002999911e+01,4.637582866032766304e+01,3.829274097229620644e+00,2.588405726467379431e+00,1.051149206957918203e+01
3.260000000003000054e+01,4.650179097005813134e+01,3.835800521744815228e+00,2.592925215802293959e+00,1.053113456315050023e+01
3.270000000003000196e+01,4.662218014118915477e+01,3.842388388332564908e+00,2.598129047973450678e+00,1.054966269744985041e+01
3.280000000002999627e+01,4.674093959870506154e+01,3.848268983640530827e+00,2.603758363091003947e+00,1.056976701622221526e+01
3.290000000002999769e+01,4.685449214022938236e+01,3.853988871558708951e+00,2.608719976545326613e+00,1.058902061070449285e+01
3.300000000002999911e+01,4.696645217868566391e+01,3.859293999547993792e+00,2.613105198254482175e+00,1.060840978599225792e+01
3.310000000003000054e+01,4.707689470418726074e+01,3.865038895327272517e+00,2.617383579642112323e+00,1.062869033669717922e+01
3.320000000003000196e+01,4.718718108196774352e+01,3.870931618695360843e+00,2.621242578262763967e+00,1.064878830521930375e+01
3.330000000002999627e+01,4.730151075136942040e+01,3.876455241231406834e+00,2.623149334972609825e+00,1.066755316874479043e+01
3.340000000002999769e+01,4.741037511356016410e+01,3.882185126124569674e+00,2.625311073980435506e+00,1.068617625398958637e+01
3.350000000002999911e+01,4.752198797974953237e+01,3.886824929584085098e+00,2.629959974457358296e+00,1.070502217211164719e+01
3.360000000003000054e+01,4.763788947175986266e+01,3.891474471060290874e+00,2.635093942666059785e+00,1.072411797562047120e+01
3.370000000003000196e+01,4.775574570379948369e+01,3.896869960141981171e+00,2.639813078074917829e+00,1.074224169751392921e+01
3.380000000002999627e+01,4.787917859709185109e+01,3.902229722792911026e+00,2.644667598744614878e+00,1.076014074068632098e+01
3.390000000002999769e+01,4.799767629503783439e+01,3.906967435866278482e+00,2.649273414733064325e+00,1.077837374351296873e+01
3.400000000002999911e+01,4.811085963940554677e+01,3.911981992471469827e+00,2.653718736137747225e+00,1.079598153070093147e+01
3.410000000003000054e+01,4.822185470344481928e+01,3.917212146230286240e+00,2.655433700690242205e+00,1.081240836186030840e+01
3.420000000003000196e+01,4.832557248461885280e+01,3.922238780292371718e+00,2.657471493983440514e+00,1.082930577428736107e+01
3.430000000002999627e+01,4.843185325858811296e+01,3.927136091060389411e+00,2.658548271561320675e+00,1.084638019269949716e+01
3.440000000002999769e+01,4.853937606097034774e+01,3.931008011466581298e+00,2.661110967008265771e+00,1.086347474174645278e+01
3.450000000002999911e+01,4.864699305144797847e+01,3.933663615322450013e+00,2.663068418283368377e+00,1.088039170759597951e+01
3.460000000003000054e+01,4.875298950315256263e+01,3.935818778071719759e+00,2.665044466898768505e+00,1.089753406984796591e+01
3.470000000003000196e+01,4.886159543020461626e+01,3.939216912920216362e+00,2.666015099662141008e+00,1.091595478435954014e+01
3.480000000002999627e+01,4.897015229553019822e+01,3.943385109105566499e+00,2.668858845058925233e+00,1.093478995213011373e+01
3.490000000002999769e+01,4.908317807668571220e+01,3.947436499958333567e+00,2.671556414548952763e+00,1.095298770312342107e+01
3.500000000002999911e+01,4.919049787627796633e+01,3.951865806452058205e+00,2.673743398780770164e+00,1.097149214547405549e+01
3.510000000003000054e+01,4.930146302013196902e+01,3.956661561335405697e+00,2.675230179605829761e+00,1.099008870997949394e+01
3.520000000003000196e+01,4.941352700854784530e+01,3.961740292875955305e+00,2.678040237772340681e+00,1.100822963453742709e+01
3.530000000002999627e+01,4.952319348123746323e+01,3.967457351137251731e+00,2.683030106522859892e+00,1.102783710100503178e+01
3.540000000002999769e+01,4.963244575367884437e+01,3.973153312100861978e+00,2.686254595671321965e+00,1.104802242140491408e+01
3.550000000002999911e+01,4.974418882494216376e+01,3.979666256405328895e+00,2.689959101179479450e+00,1.106760945254952411e+01
3.560000000003000054e+01,4.985218759882560846e+01,3.985985693010668740e+00,2.693172101407947938e+00,1.108645712605942713e+01
3.570000000003000196e+01,4.995626506527599986e+01,3.993193256956856452e+00,2.698445543549252257e+00,1.110583624719081719e+01
3.580000000002999627e+01,5.006049735163621506e+01,4.001314285058267473e+00,2.704903798292662476e+00,1.112559409608137884e+01
3.590000000002999769e+01,5.016237788875260861e+01,4.008896537221944278e+00,2.711360919080695098e+00,1.114572015792128390e+01
3.600000000002999911e+01,5.026619731478832165e+01,4.015690206618977243e+00,2.717071755234421460e+00,1.116550532663766226e+01
3.610000000003000054e+01,5.037611233321230486e+01,4.021473775838009246e+00,2.720304115086840113e+00,1.118317206749817316e+01
3.620000000003000196e+01,5.048661853711956837e+01,4.026511079483427125e+00,2.722554474329633489e+00,1.119972551351651191e+01
3.630000000002999627e+01,5.059077216346988592e+01,4.029901090394234053e+00,2.723634480711735861e+00,1.121595278894107750e+01
3.640000000002999769e+01,5.069373017844724671e+01,4.032863905468094146e+00,2.726630886452967140e+00,1.123223843407094336e+01
3.650000000002999911e+01,5.079970723367146945e+01,4.037042784689321095e+00,2.730358374956018075e+00,1.124847716933757980e+01
3.660000000004000498e+01,5.090657428329311784e+01,4.040385652500183333e+00,2.731224072549532256e+00,1.126428727551121867e+01
3.670000000004000640e+01,5.101217050912737250e+01,4.042715419302295388e+00,2.732989272354368726e+00,1.127870144797883256e+01
3.680000000004000071e+01,5.112082821462949767e+01,4.044285713835102491e+00,2.733759266951547140e+00,1.129376469249824311e+01
3.690000000004000213e+01,5.122937604186872562e+01,4.047502642314530164e+00,2.736365065914285299e+00,1.131003715456123615e+01
3.700000000004000356e+01,5.132970201451283998e+01,4.051723620872953013e+00,2.737170359080939530e+00,1.132693761157587176e+01
3.710000000004000498e+01,5.143088981421104222e+01,4.056203748689993560e+00,2.738201258581953734e+00,1.134366883531638592e+01
3.720000000004000640e+01,5.153488324971938539e+01,4.061506410728904726e+00,2.740404471378678153e+00,1.136053807623734713e+01
3.730000000004000071e+01,5.163500105111841521e+01,4.067696271199168656e+00,2.744658698975708688e+00,1.137699673410688916e+01
3.740000000004000213e+01,5.173712424186183512e+01,4.074018618374769751e+00,2.749109870080547857e+00,1.139664065035021601e+01
3.750000000004000356e+01,5.184171198468747832e+01,4.080737840791361037e+00,2.754843209203670984e+00,1.141687054195673134e+01
3.760000000004000498e+01,5.194742995974934274e+01,4.087475168770219547e+00,2.758921391763670794e+00,1.143581722727453176e+01
3.770000000004000640e+01,5.204330826716939384e+01,4.094319433632075622e+00,2.764031420768191527e+00,1.145424052090213962e+01
3.780000000004000071e+01,5.213416932534106962e+01,4.102407712098172787e+00,2.769207422203824542e+00,1.147355164282141260e+01
3.790000000004000213e+01,5.223139656654833374e+01,4.111653085849359179e+00,2.776829843676742460e+00,1.149288780504986995e+01
3.800000000004000356e+01,5.232571039647002920e+01,4.120389055849623894e+00,2.784605255605872465e+00,1.151288997520101454e+01
3.810000000004000498e+01,5.242187399813217752e+01,4.130226476939741431e+00,2.792551977524409867e+00,1.153479191090308298e+01
3.820000000004000640e+01,5.251601817205392564e+01,4.139551454255750329e+00,2.800925551141643766e+00,1.155679644064639966e+01
3.830000000004000071e+01,5.261328462731385969e+01,4.148287824785310995e+00,2.806387331575425303e+00,1.157720464766192947e+01
3.840000000004000213e+01,5.270556735704768414e+01,4.157388447718558311e+00,2.812017728372329994e+00,1.159727991187497942e+01
3.850000000004000356e+01,5.279578859890219888e+01,4.166278765879036783e+00,2.821069219275650131e+00,1.161784843038054049e+01
3.860000000004000498e+01,5.289055547031400550e+01,4.176559621157065472e+00,2.829548429991123104e+00,1.163902749565805905e+01
3.870000000004000640e+01,5.298706743359151972e+01,4.186664840990784953e+00,2.836853337890152371e+00,1.166006810436612540e+01
3.880000000004000071e+01,5.308231424750482574e+01,4.196645511334323508e+00,2.845461917046314237e+00,1.168189975253714685e+01
3.890000000004000213e+01,5.317644611435260771e+01,4.205837159344382847e+00,2.853795457447340311e+00,1.170356124339951620e+01
3.900000000004000356e+01,5.327194298098653746e+01,4.214026928538154415e+00,2.861240327504474212e+00,1.172284291024506864e+01
3.910000000004000498e+01,5.337029390471767698e+01,4.220639897827640930e+00,2.864160770192573757e+00,1.174061409952116541e+01
3.920000000004000640e+01,5.346240000343181720e+01,4.226523887971878501e+00,2.869786915153082596e+00,1.175818151775567344e+01
3.930000000004000071e+01,5.355867917429450387e+01,4.232081077543908165e+00,2.875482571500754148e+00,1.177611861077523336e+01
3.940000000004000213e+01,5.364953880887683368e+01,4.237618914602636622e+00,2.879804839775722769e+00,1.179515055771447507e+01
3.950000000004000356e+01,5.373391242450993133e+01,4.244446644294253446e+00,2.885260797755129225e+00,1.181563801415131110e+01
3.960000000004000498e+01,5.381753343348341190e+01,4.251397568820532769e+00,2.889463008293826185e+00,1.183599076267315375e+01
3.970000000004000640e+01,5.390273179805162584e+01,4.259629061941396344e+00,2.896788863775651368e+00,1.185614338951361546e+01
3.980000000004000071e+01,5.399389333511110323e+01,4.267961202811442867e+00,2.902048635179820035e+00,1.187525369618112236e+01
3.990000000004000213e+01,5.408381957205982360e+01,4.275711685129599537e+00,2.907325147336822457e+00,1.189493218836206800e+01
4.000000000004000356e+01,5.416533338092007455e+01,4.282843435838079138e+00,2.912355005652509821e+00,1.191547117054699356e+01
4.010000000004000498e+01,5.425780779693209155e+01,4.289106713830754813e+00,2.917038725338312322e+00,1.193513221208435482e+01
4.020000000004000640e+01,5.434857937130658456e+01,4.294942565717291494e+00,2.921366519749850621e+00,1.195332767147715280e+01
4.030000000004000071e+01,5.443914873083162576e+01,4.301000020998273499e+00,2.924680114647050022e+00,1.196980187879067614e+01
4.040000000004000213e+01,5.452662571609852193e+01,4.307010998161681314e+00,2.928389984126269052e+00,1.198498651061123077e+01
4.050000000004000356e+01,5.461234369918226861e+01,4.311603025103383224e+00,2.930784524070157548e+00,1.200030509037547866e+01
4.060000000004000498e+01,5.469835942385787320e+01,4.315054378669169743e+00,2.932538587073692415e+00,1.201479627337313438e+01
4.070000000004000640e+01,5.478111686268755420e+01,4.318111032216444656e+00,2.935841097730910843e+00,1.202883243969793803e+01
4.080000000004000071e+01,5.486667088464422193e+01,4.321327434270035184e+00,2.935917744152771292e+00,1.204209508175651067e+01
4.090000000004000213e+01,5.495208866442624185e+01,4.324492383534581208e+00,2.936617955243359113e+00,1.205594432901905400e+01
4.100000000004000356e+01,5.503962763536946312e+01,4.327618950838044043e+00,2.938090289949619294e+00,1.206923672543948634e+01
4.110000000004000498e+01,5.512558852045203395e+01,4.331673803783388621e+00,2.942099166540185440e+00,1.208239254158843323e+01
4.120000000004000640e+01,5.521543524811323778e+01,4.335212256323123903e+00,2.943598905883172190e+00,1.209635811107107628e+01
4.130000000004000071e+01,5.530271684891584982e+01,4.340030741984681306e+00,2.947380131215030730e+00,1.211207822202985973e+01
4.140000000004000213e+01,5.539201459567320285e+01,4.347120280542744020e+00,2.950911024501563507e+00,1.212936214193065787e+01
4.150000000004000356e+01,5.548566749798705189e+01,4.355266471139438877e+00,2.956004041889475076e+00,1.214895621629987410e+01
4.160000000004000498e+01,5.558360799038971578e+01,4.364706694085596972e+00,2.959228411048668850e+00,1.216953737316335626e+01
4.170000000004000640e+01,5.567947804257505595e+01,4.374069807844056967e+00,2.964470846651419134e+00,1.219152954428928837e+01
4.180000000004000071e+01,5.577396187665969052e+01,4.384464156000115409e+00,2.971255645282588009e+00,1.221390050618878043e+01
4.190000000004000213e+01,5.586653111137702865e+01,4.394006561443125847e+00,2.977557537197879078e+00,1.223358462535538571e+01
4.200000000004000356e+01,5.595871176226972921e+01,4.402637439828050780e+00,2.983827031076407454e+00,1.225242783629856547e+01
4.210000000004000498e+01,5.605711015212349935e+01,4.410704918560697685e+00,2.991073236404878433e+00,1.227092257689944965e+01
4.220000000004000640e+01,5.614694440425476785e+01,4.419274963270266809e+00,2.995244004304588703e+00,1.228970270465925374e+01
4.230000000004000071e+01,5.624318032256684319e+01,4.426791444898077188e+00,3.001255572920513259e+00,1.230803495356199662e+01
4.240000000004000213e+01,5.633644371093471648e+01,4.433963311018335851e+00,3.007174367402683846e+00,1.232662105408821063e+01
4.250000000004000356e+01,5.643050752786358970e+01,4.440929359827278766e+00,3.011284197970736543e+00,1.234450884140121474e+01
4.260000000004000498e+01,5.652177340979664422e+01,4.446463621063180938e+00,3.017423567947126628e+00,1.236171456369369359e+01
4.270000000003000196e+01,5.661701113900445392e+01,4.452874446162682354e+00,3.023907605944827548e+00,1.237784344072668397e+01
4.280000000002999627e+01,5.670744764569698759e+01,4.459207803694786421e+00,3.030673479721162966e+00,1.239322365055684827e+01
4.290000000002999769e+01,5.680038845125282165e+01,4.466301105208803968e+00,3.035707605592649738e+00,1.241006045116930068e+01
4.300000000002999911e+01,5.689437197704335603e+01,4.474112080315254758e+00,3.040615600459264822e+00,1.242849609917836062e+01
4.310000000003000054e+01,5.699047670082130423e+01,4.482118511194260080e+00,3.046560170918139576e+00,1.244873312183270464e+01
4.320000000003000196e+01,5.708898469036718382e+01,4.491323997319562444e+00,3.053386193587953379e+00,1.246910421688334303e+01
4.330000000002999627e+01,5.718823312152774463e+01,4.500894294659703476e+00,3.061433997101272730e+00,1.248958161881970419e+01
4.340000000002999769e+01,5.728803943104969676e+01,4.510923150173415053e+00,3.070249204743835669e+00,1.250947013106282846e+01
4.350000000002999911e+01,5.738295334270478065e+01,4.521735380913361801e+00,3.077733102450474600e+00,1.252972026466135524e+01
4.360000000003000054e+01,5.747971714484527439e+01,4.531715988951124707e+00,3.083968163214951819e+00,1.255036432479201380e+01
4.370000000003000196e+01,5.757535756299058960e+01,4.541852925494290538e+00,3.090900167266420251e+00,1.257034979017002208e+01
4.380000000002999627e+01,5.767214451959933541e+01,4.551233895024028087e+00,3.095551359527289659e+00,1.259000900200564921e+01
4.390000000002999769e+01,5.776581501734848700e+01,4.560268416499406285e+00,3.100265521972651150e+00,1.260951049713303895e+01
4.400000000002000178e+01,5.786557947340064345e+01,4.569326134149394925e+00,3.105951801182839755e+00,1.262976119547973575e+01
4.410000000002000320e+01,5.796465400218917097e+01,4.578692771580995746e+00,3.110414316066695939e+00,1.265141600634078678e+01
4.420000000002000462e+01,5.805728252069472006e+01,4.588412378369526756e+00,3.115806773329837132e+00,1.267493606029042752e+01
4.430000000001999894e+01,5.815530926312788296e+01,4.599396139811433137e+00,3.121823366377148190e+00,1.269971975051025304e+01
4.440000000002000036e+01,5.825656454280721164e+01,4.609993609886480215e+00,3.130106652093683106e+00,1.272393568418000775e+01
4.450000000002000178e+01,5.835422722601923340e+01,4.620980859828150322e+00,3.137810033542083765e+00,1.274706042953835627e+01
4.460000000002000320e+01,5.844896674379099011e+01,4.632160162480588816e+00,3.146550793701369475e+00,1.276945753616341328e+01
4.470000000002000462e+01,5.854280156743478614e+01,4.642362587342973690e+00,3.155580595326425097e+00,1.279181739565125397e+01
4.480000000001999894e+01,5.863299291489499154e+01,4.652885796160698639e+00,3.162924759924933493e+00,1.281366914190600070e+01
4.490000000002000036e+01,5.872134435657226703e+01,4.661638469028180687e+00,3.171323481013442969e+00,1.283295867102901866e+01
4.500000000002000178e+01,5.880520900724250311e+01,4.668624591786702638e+00,3.178399431489442151e+00,1.285050244104081330e+01
4.510000000002000320e+01,5.889554456035965302e+01,4.673543935219554690e+00,3.184315269810610083e+00,1.286611506141470862e+01
4.520000000002000462e+01,5.898694570216810007e+01,4.678126684407511782e+00,3.188454972526988396e+00,1.287978993629076996e+01
4.530000000000999449e+01,5.908000905631632804e+01,4.683195444836579568e+00,3.192025197481029419e+00,1.289279811178737489e+01
4.540000000000999592e+01,5.917227325025462648e+01,4.689191001482911680e+00,3.196937362415193551e+00,1.290584036986459537e+01
4.550000000000999734e+01,5.926889215661094568e+01,4.695755076334626743e+00,3.201898756986826911e+00,1.291933422550117783e+01
4.560000000000999876e+01,5.936141393948389577e+01,4.702158586028139631e+00,3.206839743390915043e+00,1.293369289495791463e+01
4.570000000001000018e+01,5.945087999544172419e+01,4.708434534873214616e+00,3.210919930836653169e+00,1.294650289684265232e+01
4.580000000000999449e+01,5.954609705155745303e+01,4.714948276914019409e+00,3.215343913278893240e+00,1.296061850933883441e+01
4.590000000000999592e+01,5.963104130728387275e+01,4.722313865890384932e+00,3.220508838917594208e+00,1.297662896817413269e+01
4.600000000000999734e+01,5.971416059861686421e+01,4.730183565238847088e+00,3.225371195755324827e+00,1.299278126646355425e+01
4.610000000000999876e+01,5.980107223057411403e+01,4.737288196429703113e+00,3.229265260065036003e+00,1.300841486653494705e+01
4.620000000001000018e+01,5.988430945327345967e+01,4.743942188047343578e+00,3.235012817699887577e+00,1.302448236299846052e+01
4.630000000000999449e+01,5.997386073607311374e+01,4.750018943900203183e+00,3.239012261514084390e+00,1.303902632254634320e+01
4.640000000000999592e+01,6.006431801638491663e+01,4.755829618739635833e+00,3.244468290748499406e+00,1.305348892400423999e+01
4.650000000000999734e+01,6.015780066440002116e+01,4.762349979143023049e+00,3.250421056178074863e+00,1.306754529345538884e+01
4.660000000000000142e+01,6.025289016323395686e+01,4.769972161698702529e+00,3.258723755833853097e+00,1.308287120340632548e+01
4.670000000000000284e+01,6.034541221185461524e+01,4.776873451559659145e+00,3.265764810697117326e+00,1.309888205471516720e+01
4.679999999999999716e+01,6.043442747129025605e+01,4.784680161505032281e+00,3.272236587713765132e+00,1.311454905134617555e+01
4.689999999999999858e+01,6.052732815545311240e+01,4.792798872479467676e+00,3.276067709806372630e+00,1.312999690653121654e+01
4.700000000000000000e+01,6.062066679487910648e+01,4.800367579876602342e+00,3.280265888187983148e+00,1.314749243795372635e+01
4.710000000000000142e+01,6.071075117576953062e+01,4.808371378013732489e+00,3.284998457846844744e+00,1.316610760244982181e+01
4.720000000000000284e+01,6.080107229784881895e+01,4.816619163033147188e+00,3.288998294839912351e+00,1.318364209817505106e+01
4.729999999999999716e+01,6.088774676418218945e+01,4.824974546807034415e+00,3.295134396439834301e+00,1.320157053366950883e+01
4.739999999999999858e+01,6.097965528189567408e+01,4.833821053116285071e+00,3.301097604693510768e+00,1.321916160741030311e+01
4.750000000000000000e+01,6.107385461521717218e+01,4.841347806054828951e+00,3.306590920045910487e+00,1.323586928664271234e+01
4.760000000000000142e+01,6.116837776861974163e+01,4.847083649866059218e+00,3.310864811175909139e+00,1.325283440330314022e+01
4.770000000000000284e+01,6.125970737987482551e+01,4.851876529734744814e+00,3.313572539154697072e+00,1.326847376815697110e+01
4.779999999999999716e+01,6.134729566119236210e+01,4.856578173254180619e+00,3.317156072368402153e+00,1.328407766480559360e+01
4.789999999999000124e+01,6.143092019234674694e+01,4.861191592018732521e+00,3.319570095599100767e+00,1.329982997793589306e+01
4.799999999999000266e+01,6.151671677188449650e+01,4.865342658333973169e+00,3.321521392519850568e+00,1.331332286229929096e+01
4.809999999999000408e+01,6.160412361159559680e+01,4.869922094760802622e+00,3.323632129666405977e+00,1.332658520778914735e+01
4.819999999999000551e+01,6.169063853746878578e+01,4.873628135518851323e+00,3.325401812468259610e+00,1.333925140457425762e+01
4.829999999998999982e+01,6.178101828106773041e+01,4.878302506149001516e+00,3.327043318776071068e+00,1.335234262324487631e+01
4.839999999999000124e+01,6.186750627893662369e+01,4.883338965722386682e+00,3.328892227129550463e+00,1.336632532760290992e+01
4.849999999999000266e+01,6.195887372072541410e+01,4.888129353706952784e+00,3.331688202908407170e+00,1.337985869271344441e+01
4.859999999999000408e+01,6.204768307420568618e+01,4.892691612677272595e+00,3.332566831649360406e+00,1.339444659652098224e+01
4.869999999999000551e+01,6.213467590380482619e+01,4.897938330177853850e+00,3.335008478834202705e+00,1.341036320651587488e+01
4.879999999998999982e+01,6.222955122328041000e+01,4.904591145283078824e+00,3.338197124771082880e+00,1.342648702768406110e+01
4.889999999999000124e+01,6.232328085680084229e+01,4.911804171946241304e+00,3.343069270239266366e+00,1.344255078399407211e+01
4.899999999999000266e+01,6.241822697399988584e+01,4.919788441297222370e+00,3.349196889385962272e+00,1.345966706830194326e+01
4.909999999999000408e+01,6.250909469570639487e+01,4.927710397119469121e+00,3.354775482733675318e+00,1.347754226768014618e+01
4.919999999998000106e+01,6.260087813609618479e+01,4.934734574328453860e+00,3.361902055516353460e+00,1.349579407382089435e+01
4.929999999997999538e+01,6.268942720681111069e+01,4.942449730269792063e+00,3.368587291831810937e+00,1.351407747293876760e+01
4.939999999997999680e+01,6.278166400580688844e+01,4.951471256333938697e+00,3.377175746099668974e+00,1.353241943275351922e+01
4.949999999997999822e+01,6.287501972025290087e+01,4.960235220023077041e+00,3.383364906435669450e+00,1.355083749442240304e+01
4.959999999997999964e+01,6.297083987341461153e+01,4.968766885773207242e+00,3.389410274016476876e+00,1.357050323097458389e+01
4.969999999998000106e+01,6.307172739751729296e+01,4.976797719124328445e+00,3.396832531046432013e+00,1.358973452004964244e+01
4.979999999997999538e+01,6.316849390895400518e+01,4.984558136245792248e+00,3.403066162316088494e+00,1.360825813519993410e+01
4.989999999997999680e+01,6.326108462958099210e+01,4.992556998951518388e+00,3.408092990848632819e+00,1.362692984472491986e+01
4.999999999997999822e+01,6.335271544949042521e+01,5.000363442994792074e+00,3.414355523130414127e+00,1.364601848400061890e+01
5.009999999997999964e+01,6.344657603711998206e+01,5.007268906407297493e+00,3.421619183819762711e+00,1.366342570328111172e+01
5.019999999998000106e+01,6.354586529071780632e+01,5.013079799934915926e+00,3.426410995478601507e+00,1.368015446384155887e+01
5.029999999997999538e+01,6.364132413978793323e+01,5.017681705586488405e+00,3.429164587940895625e+00,1.369576216711459260e+01
5.039999999997999680e+01,6.373942427930766996e+01,5.022106210338486143e+00,3.430468194944658933e+00,1.371096384726031836e+01
5.049999999997000089e+01,6.383794657453086074e+01,5.026332253143231732e+00,3.431999567568490672e+00,1.372601314351092938e+01
5.059999999997000231e+01,6.393812164288532784e+01,5.030185571857575866e+00,3.434165294177029537e+00,1.374160524161755781e+01
5.069999999997000373e+01,6.403374556595863965e+01,5.034668180498250933e+00,3.435421169439314859e+00,1.375596955465550941e+01
5.079999999996999804e+01,6.412390734643928170e+01,5.038454037749446890e+00,3.436733468835672767e+00,1.376942885320531573e+01
5.089999999996999946e+01,6.421173726259470982e+01,5.041669233958747220e+00,3.435835437705581086e+00,1.378186770429278596e+01
5.099999999997000089e+01,6.430671976264368084e+01,5.043973786630519207e+00,3.434539197323227988e+00,1.379436572713101938e+01
5.109999999997000231e+01,6.439474098175098504e+01,5.045878834529992751e+00,3.434303503106676647e+00,1.380690170395008565e+01
5.119999999997000373e+01,6.448182659676932360e+01,5.046989457464095885e+00,3.434970695534365515e+00,1.381964664459025371e+01
5.129999999996999804e+01,6.457491593897968585e+01,5.048454159425567411e+00,3.434194808334051885e+00,1.383186971875683113e+01
5.139999999996999946e+01,6.466727490761454078e+01,5.050922598864241664e+00,3.434957583255271452e+00,1.384310127682249103e+01
5.149999999997000089e+01,6.476048361793075969e+01,5.054762501270832153e+00,3.437460404786427670e+00,1.385620658780739411e+01
5.159999999997000231e+01,6.485449469569476832e+01,5.058991138377964880e+00,3.441228843135696103e+00,1.386950865598006821e+01
5.169999999995999929e+01,6.494715646427053457e+01,5.063726598333417428e+00,3.446570359246535986e+00,1.388401154039710406e+01
5.179999999995999360e+01,6.504023824374171170e+01,5.067850075240235341e+00,3.451334925869439019e+00,1.389773964348331425e+01
5.189999999995999502e+01,6.513515757515685323e+01,5.072102069079567066e+00,3.455007555386100826e+00,1.391193584112405723e+01
5.199999999995999644e+01,6.523240252513174653e+01,5.076961222757479852e+00,3.458419855285164601e+00,1.392873235833728884e+01
5.209999999995999787e+01,6.532369655063280334e+01,5.082005880959180821e+00,3.460293643182386969e+00,1.394666480952578524e+01
5.219999999995999929e+01,6.541825461435107059e+01,5.087842404536704777e+00,3.463900108529859079e+00,1.396539070728216991e+01
5.229999999995999360e+01,6.550991611872234444e+01,5.095337752776573303e+00,3.468298598565307422e+00,1.398390022150931067e+01
5.239999999995999502e+01,6.559716915185761366e+01,5.103212880286097430e+00,3.474524355882141258e+00,1.400210459596968882e+01
5.249999999995999644e+01,6.568997352145882473e+01,5.110179611555317081e+00,3.477746955742508472e+00,1.402086862757662900e+01
5.259999999995999787e+01,6.578038448884031197e+01,5.118137237142509122e+00,3.481821245579414192e+00,1.404088877973240024e+01
5.269999999995999929e+01,6.586992836793902484e+01,5.125668440642342283e+00,3.486797532325776938e+00,1.406126023138349979e+01
5.279999999995999360e+01,6.596237635970267377e+01,5.133472527447048961e+00,3.489904820838315658e+00,1.408167568966483962e+01
5.289999999995999502e+01,6.605739139190549736e+01,5.141347876794850613e+00,3.493919345723282888e+00,1.410199224478430047e+01
5.299999999994999911e+01,6.614839088783280374e+01,5.149108076017121505e+00,3.496414289434444100e+00,1.412392703130272409e+01
5.309999999995000053e+01,6.624432522373099630e+01,5.156922271223567833e+00,3.501285738233178790e+00,1.414544371347184715e+01
5.319999999995000195e+01,6.633844918458905227e+01,5.163769035947514574e+00,3.505591294018454374e+00,1.416598800973505945e+01
5.329999999994999627e+01,6.643424803002824319e+01,5.170185409504985508e+00,3.510664595582059455e+00,1.418464362424698599e+01
5.339999999994999769e+01,6.652377556956403737e+01,5.176601631839230500e+00,3.514013061024521711e+00,1.420282400875230344e+01
5.349999999994999911e+01,6.661019363506387947e+01,5.183684758861673458e+00,3.516772875842888002e+00,1.422241626070045584e+01
5.359999999995000053e+01,6.670454404814181260e+01,5.191134798552805130e+00,3.518186870226350571e+00,1.424233004419330761e+01
5.369999999995000195e+01,6.679432029867675169e+01,5.198268448419841370e+00,3.521454165903231015e+00,1.426194548482456348e+01
5.379999999994999627e+01,6.688437254475630311e+01,5.204672650148142843e+00,3.525095120025674600e+00,1.428204161859439481e+01
5.389999999994999769e+01,6.697854888814629248e+01,5.211180430965922206e+00,3.527258580446539504e+00,1.430141572077434553e+01
5.399999999994999911e+01,6.706841075603757929e+01,5.216821562672368628e+00,3.529626262152499638e+00,1.432106221000202950e+01
5.409999999995000053e+01,6.715826771572874065e+01,5.222823861241267629e+00,3.532017974313169884e+00,1.433996119028354244e+01
5.419999999995000195e+01,6.725211328768345709e+01,5.228641682251980782e+00,3.533770897828308222e+00,1.435685955525510771e+01
5.429999999993999893e+01,6.734932158056307117e+01,5.234082887526577466e+00,3.535006315595646598e+00,1.437261756309394301e+01
5.439999999994000035e+01,6.744297352168229054e+01,5.239508182476391163e+00,3.537280383470264855e+00,1.438816171898455742e+01
5.449999999994000177e+01,6.753605569361786820e+01,5.244299405920711976e+00,3.538978000497902787e+00,1.440317498944608232e+01
5.459999999994000319e+01,6.762817503884608072e+01,5.248672723974611820e+00,3.538573580740297597e+00,1.441966057140296975e+01
5.469999999994000461e+01,6.772172328450211864e+01,5.252493755525949659e+00,3.538235138818244252e+00,1.443642251978482705e+01
5.479999999993999893e+01,6.781345409798335311e+01,5.254833341009390146e+00,3.538444219951335068e+00,1.445289293553516252e+01
5.489999999994000035e+01,6.790468586522685257e+01,5.256393110808670777e+00,3.536201467102997764e+00,1.446973512111105187e+01
5.499999999994000177e+01,6.799833983073979482e+01,5.258265300549964216e+00,3.537027264832653284e+00,1.448573723890467591e+01
5.509999999994000319e+01,6.809553829424774563e+01,5.260281136356084630e+00,3.536604995908344762e+00,1.450110289991134138e+01
5.519999999994000461e+01,6.818841823539464997e+01,5.261920339962407489e+00,3.536239462396039812e+00,1.451464441223855140e+01
5.529999999993999893e+01,6.828839838471337487e+01,5.263695527662496154e+00,3.536252015045319386e+00,1.452885123708152193e+01
5.539999999994000035e+01,6.838686811690109835e+01,5.266322415753958097e+00,3.537184680077095411e+00,1.454273663731802202e+01
5.549999999994000177e+01,6.848753157227164934e+01,5.269117127592515715e+00,3.538209326081913630e+00,1.455643715793731552e+01
5.559999999992999875e+01,6.858711943520154364e+01,5.271862443125993281e+00,3.536943518363164340e+00,1.457122610406541874e+01
5.569999999993000017e+01,6.867623560975761166e+01,5.274471261982628612e+00,3.537855220958899594e+00,1.458712058719394555e+01
5.579999999992999449e+01,6.877211259888515826e+01,5.277050713456866937e+00,3.538634936874686776e+00,1.460312378068163675e+01
5.589999999992999591e+01,6.886411483782771370e+01,5.279345709111881391e+00,3.538719436181428701e+00,1.461917161587065017e+01
5.599999999992999733e+01,6.895766225460863552e+01,5.282865744610720782e+00,3.538648007287235497e+00,1.463599939197173860e+01
5.609999999992999875e+01,6.905245454082408685e+01,5.286151344668517105e+00,3.538044621539854440e+00,1.465237229791259743e+01
5.619999999993000017e+01,6.913879046211106072e+01,5.289060350339795491e+00,3.538297341335477686e+00,1.466871864558493144e+01
5.629999999992999449e+01,6.922305050958641459e+01,5.292516452459987697e+00,3.538482123170600513e+00,1.468604370347483545e+01
5.639999999992999591e+01,6.931704703776638610e+01,5.296640487321167434e+00,3.539061977417775395e+00,1.470466122027079869e+01
5.649999999992999733e+01,6.941218295626661927e+01,5.302138872024811711e+00,3.539666018880535336e+00,1.472322017652507142e+01
5.659999999992999875e+01,6.951042625406154229e+01,5.308436209956968632e+00,3.541486110895038397e+00,1.474290939526358812e+01
5.669999999993000017e+01,6.960842360273051099e+01,5.314942118458678699e+00,3.543002059104046086e+00,1.476423489461838123e+01
5.679999999992999449e+01,6.970603572076058185e+01,5.320787732028806616e+00,3.543458182660443878e+00,1.478473983544486181e+01
5.689999999991999857e+01,6.980403103328940517e+01,5.325274530901601189e+00,3.543577752587947050e+00,1.480347872904349416e+01
5.699999999991999999e+01,6.989688981082332475e+01,5.330350355092342340e+00,3.546249970984256539e+00,1.482079463375168693e+01
5.709999999992000141e+01,6.999604337069212079e+01,5.334983875550109111e+00,3.546974390173520231e+00,1.483682805924179249e+01
5.719999999992000284e+01,7.009127472766419942e+01,5.338993215197993081e+00,3.549078078450638607e+00,1.485313603776048019e+01
5.729999999992000426e+01,7.018894428662075313e+01,5.343636009023919442e+00,3.551543832783975230e+00,1.486932528388597063e+01
5.739999999991999857e+01,7.029593857340367435e+01,5.349201239139187436e+00,3.553919505783581290e+00,1.488684142588617121e+01
5.749999999991999999e+01,7.039725574217273163e+01,5.355110478535897833e+00,3.556946602484307274e+00,1.490527044049358629e+01
5.759999999992000141e+01,7.049602176419921307e+01,5.360171440568551660e+00,3.558890977708029091e+00,1.492453777033057705e+01
5.769999999992000284e+01,7.059155229546367138e+01,5.365814351471348331e+00,3.561156194410032505e+00,1.494394687416270529e+01
5.779999999992000426e+01,7.068794059110533112e+01,5.369950175935316317e+00,3.561300056240705558e+00,1.496242952905960344e+01
5.789999999991999857e+01,7.078866796702862985e+01,5.374764369880296044e+00,3.560916492560143976e+00,1.498045433956816375e+01
5.799999999991999999e+01,7.089032578843713850e+01,5.379158070444480799e+00,3.560616518664941665e+00,1.499935199221122240e+01
5.809999999992000141e+01,7.099562647419288908e+01,5.385087411308163929e+00,3.561488279506347610e+00,1.501801133891899021e+01
5.819999999990999839e+01,7.108884522168247599e+01,5.391774488948944288e+00,3.563532635690354500e+00,1.503778464041814722e+01
5.829999999990999981e+01,7.118753007174279901e+01,5.398349852637576163e+00,3.564757539150292143e+00,1.505882884527964016e+01
5.839999999990999413e+01,7.128673739409882160e+01,5.405003908619148589e+00,3.567110271103847374e+00,1.508031349609051297e+01
5.849999999990999555e+01,7.139511674045174061e+01,5.411123122543386010e+00,3.568305720304069784e+00,1.510152318815162786e+01
5.859999999990999697e+01,7.150227340432132905e+01,5.417500668972732747e+00,3.567556739067069493e+00,1.512268842464228236e+01
5.869999999990999839e+01,7.160901260595879592e+01,5.424899733159005422e+00,3.567960099546383379e+00,1.514261883665673558e+01
5.879999999990999981e+01,7.171216586375639679e+01,5.432804365017729786e+00,3.572447241717291444e+00,1.516196117105804220e+01
5.889999999990999413e+01,7.181599091191812079e+01,5.440219982845969859e+00,3.574146914135476916e+00,1.518160402012544097e+01
5.899999999990999555e+01,7.192018860519975476e+01,5.447545255406563314e+00,3.578623539106567275e+00,1.520153877882136406e+01
5.909999999990999697e+01,7.202365277254783393e+01,5.453969925852619305e+00,3.581492621295399026e+00,1.521961605540960250e+01
5.919999999990999839e+01,7.212254646890647791e+01,5.459952009970267639e+00,3.584986934083757237e+00,1.523738778887046408e+01
5.929999999990999981e+01,7.223083537460409786e+01,5.465918441138176931e+00,3.589710812210271218e+00,1.525430786392592886e+01
5.939999999990999413e+01,7.233537475820850204e+01,5.471430461395798694e+00,3.591880984331177640e+00,1.527027552541017386e+01
5.949999999989999822e+01,7.244017887439962067e+01,5.476249390265325090e+00,3.593945134415849729e+00,1.528607951206845605e+01
5.959999999989999964e+01,7.254430925666873975e+01,5.480607144684888965e+00,3.596497541867355707e+00,1.530221317853209229e+01
5.969999999990000106e+01,7.264460113085468151e+01,5.485356510567548582e+00,3.598412586547253600e+00,1.531850185971665823e+01
5.979999999990000248e+01,7.274671852690561025e+01,5.489261476160401720e+00,3.601147904766641261e+00,1.533390175664051291e+01
5.989999999989999679e+01,7.285119228085150667e+01,5.493447713006885280e+00,3.604660811594170955e+00,1.534803333076326837e+01
5.999999999989999822e+01,7.294856719180425841e+01,5.496626222172458220e+00,3.605024178896507170e+00,1.536162515862839051e+01
6.009999999989999964e+01,7.305368943590249842e+01,5.499896807057089276e+00,3.606252812890909709e+00,1.537424234578982940e+01
6.019999999990000106e+01,7.315314014644290808e+01,5.502818215982007821e+00,3.606209216834761477e+00,1.538795640707813206e+01
6.029999999990000248e+01,7.324806599114802452e+01,5.505676202451670775e+00,3.605219300873293342e+00,1.540368281806466122e+01
6.039999999989999679e+01,7.334558250719716455e+01,5.509534409493261009e+00,3.607390939111603245e+00,1.541981353485329720e+01
6.049999999989999822e+01,7.343534069726159430e+01,5.514626891150428811e+00,3.610449745828590018e+00,1.543743786764362724e+01
6.059999999989999964e+01,7.353838312784439779e+01,5.519010324694584746e+00,3.612645064233190428e+00,1.545396055685561620e+01
6.069999999989000372e+01,7.364232194540127807e+01,5.523128590919650804e+00,3.614414725603866341e+00,1.546906878747066472e+01
6.079999999989000514e+01,7.374569860056037385e+01,5.526777054336855954e+00,3.616157418854339944e+00,1.548297748815322805e+01
6.089999999988999946e+01,7.385082083264325092e+01,5.531419458299387415e+00,3.618288371195933273e+00,1.549743908301391215e+01
6.099999999989000088e+01,7.395649160171441849e+01,5.537076815522922857e+00,3.620075833915624042e+00,1.551145795259961169e+01
6.109999999989000230e+01,7.406322166019215558e+01,5.541496719948529659e+00,3.623395034363786849e+00,1.552622403881511204e+01
6.119999999989000372e+01,7.417154620373540297e+01,5.546161864211087256e+00,3.628900348344187510e+00,1.554000884814233885e+01
6.129999999989000514e+01,7.428270252869847923e+01,5.552094699516946008e+00,3.633465099928582909e+00,1.555546067093895068e+01
6.139999999988999946e+01,7.439020612373836627e+01,5.559499934212579930e+00,3.637873378301826222e+00,1.557244583265096161e+01
6.149999999989000088e+01,7.449749516539672811e+01,5.567099518272570435e+00,3.643068848103610868e+00,1.559137422315725630e+01
6.159999999989000230e+01,7.460562519847418628e+01,5.574170019776934382e+00,3.648077848231381815e+00,1.561045417215568776e+01
6.169999999989000372e+01,7.471515454542377199e+01,5.581766668235931483e+00,3.652908304314086863e+00,1.563023582104862719e+01
6.179999999989000514e+01,7.482564196572653259e+01,5.589175094474518879e+00,3.658766436425225255e+00,1.564848469016884636e+01
6.189999999988999946e+01,7.493192302852013142e+01,5.595995198286737526e+00,3.663954358064576589e+00,1.566697430716771500e+01
6.199999999987999644e+01,7.503952187569086618e+01,5.603339932723493177e+00,3.666424277957076150e+00,1.568656009966877996e+01
6.209999999987999786e+01,7.514946251761899987e+01,5.609572341666372530e+00,3.669941184320887118e+00,1.570477251758419079e+01
6.219999999987999928e+01,7.526035522862716221e+01,5.615789792963380656e+00,3.672454298146550222e+00,1.572132352295676228e+01
6.229999999988000070e+01,7.537130671161844475e+01,5.622357590002303063e+00,3.674876686307513740e+00,1.573745815304055107e+01
6.239999999987999502e+01,7.548653345632163791e+01,5.629061134795669830e+00,3.678453279394108044e+00,1.575369084789804752e+01
6.249999999987999644e+01,7.559646736783291487e+01,5.635728009199843846e+00,3.680169939609963414e+00,1.577029502774501424e+01
6.259999999987999786e+01,7.570818704736697669e+01,5.641840880134703973e+00,3.682710419477248642e+00,1.578705250177095110e+01
6.269999999987999928e+01,7.582117799227731325e+01,5.646626753723423597e+00,3.683696609686523793e+00,1.580285644140876578e+01
6.279999999988000070e+01,7.593050320998285940e+01,5.652119414182540602e+00,3.686578032691008033e+00,1.581921659723603746e+01
6.289999999987999502e+01,7.604784504276315715e+01,5.657616015565901435e+00,3.693819171244169031e+00,1.583569164487514414e+01
6.299999999987999644e+01,7.615845015659340334e+01,5.662641709638911003e+00,3.698952271701546390e+00,1.585180075833498670e+01
6.309999999987999786e+01,7.626717164257526349e+01,5.670006333627323869e+00,3.706108646079068869e+00,1.586988254478403348e+01
6.319999999987999928e+01,7.637075878104741378e+01,5.679530734595394925e+00,3.715482850878340404e+00,1.588880122537922723e+01
6.329999999987000336e+01,7.647670380495316067e+01,5.689493083110404470e+00,3.724093522138550050e+00,1.590921649377316527e+01
6.339999999986999768e+01,7.658775781402928828e+01,5.699524420426731908e+00,3.731980655869395758e+00,1.592866847782374151e+01
6.349999999986999910e+01,7.669769809638970059e+01,5.708492515422550539e+00,3.737829371949760837e+00,1.594785316936935438e+01
6.359999999987000052e+01,7.680621192666050945e+01,5.717600453535133909e+00,3.745856128943354069e+00,1.596776015172678953e+01
6.369999999987000194e+01,7.691212990912116254e+01,5.725913779033903417e+00,3.751417826001516076e+00,1.598751138615183542e+01
6.379999999987000336e+01,7.701947210055389803e+01,5.734874622063458993e+00,3.757604917591268467e+00,1.600649529307928987e+01
6.389999999986999768e+01,7.712064291267645899e+01,5.743852019609885673e+00,3.763633660097133848e+00,1.602470445145921119e+01
6.399999999986999910e+01,7.722969230938697649e+01,5.752193312169717743e+00,3.770660834632806324e+00,1.604318816934876324e+01
6.409999999986999342e+01,7.734183413018729425e+01,5.759990479245636230e+00,3.774656578132231211e+00,1.606206551892022105e+01
6.419999999987000194e+01,7.745242732998544000e+01,5.767375847377653741e+00,3.777879504259862742e+00,1.608041449353783392e+01
6.429999999986999626e+01,7.756093319942483788e+01,5.772765084634812638e+00,3.783444535957891652e+00,1.609762120087709647e+01
6.439999999987000479e+01,7.766896283473620599e+01,5.778126404218552281e+00,3.787089898953349465e+00,1.611451808070111724e+01
6.449999999986999910e+01,7.778257740336323423e+01,5.784300930419487230e+00,3.792770021366335786e+00,1.612940803927735800e+01
6.459999999986000319e+01,7.789172930363444891e+01,5.789903014271080117e+00,3.797693267745670287e+00,1.614466178222755133e+01
6.469999999985999750e+01,7.800026589142554201e+01,5.794841479242498927e+00,3.802100508321193839e+00,1.615953518206850958e+01
6.479999999986000603e+01,7.811015754234760777e+01,5.799204768310624480e+00,3.805032653092203621e+00,1.617410433272332781e+01
6.489999999986000034e+01,7.821874150434855721e+01,5.803163443350593198e+00,3.806059187216914719e+00,1.619063841273958815e+01
6.499999999986000887e+01,7.832756482332277415e+01,5.807079514426050970e+00,3.806578400206230839e+00,1.620590692378216602e+01
6.509999999986000319e+01,7.843633237889125098e+01,5.812429543533321308e+00,3.807950199135608838e+00,1.622210497366148019e+01
6.519999999985999750e+01,7.854349579157452865e+01,5.818651288633797769e+00,3.812236225474693985e+00,1.623993638124989403e+01
6.529999999986000603e+01,7.865787256050178655e+01,5.825108680261822158e+00,3.815525921906737228e+00,1.625742014784770717e+01
6.539999999986000034e+01,7.877073430904185614e+01,5.831111154162852195e+00,3.821567398530103077e+00,1.627570998326760687e+01
6.549999999986000887e+01,7.887350204897720118e+01,5.836765575090027802e+00,3.827225919705147916e+00,1.629285340027535156e+01
6.559999999985998898e+01,7.897358699061413745e+01,5.843503415160109959e+00,3.834489777903308916e+00,1.631061443542786904e+01
6.569999999985999750e+01,7.908055033550412816e+01,5.851274944062883065e+00,3.840659371144288237e+00,1.632970576313029554e+01
6.579999999985999182e+01,7.919158338622891335e+01,5.859174036957554677e+00,3.846678757579000685e+00,1.634951924954498281e+01
6.589999999984999590e+01,7.929871274009470028e+01,5.867188621144472371e+00,3.856649099825507854e+00,1.636869203581636256e+01
6.599999999985000443e+01,7.940698070790668339e+01,5.876286384259586271e+00,3.865189641718151048e+00,1.638790067007890272e+01
6.609999999984999874e+01,7.951477010735749218e+01,5.884285806526544427e+00,3.873870072059590886e+00,1.640880836594128311e+01
6.619999999984999306e+01,7.962274759770077992e+01,5.892024597515842288e+00,3.882194532095446071e+00,1.642881490776728270e+01
6.629999999985000159e+01,7.972451929030043516e+01,5.900314109573020716e+00,3.891042434484190071e+00,1.644671467636254647e+01
6.639999999984999590e+01,7.982070118811394366e+01,5.908334401577553407e+00,3.899167605548865545e+00,1.646485863123783844e+01
6.649999999985000443e+01,7.991546126274208461e+01,5.916262036280629744e+00,3.906176482883604528e+00,1.648404773766495524e+01
6.659999999984999874e+01,8.001338005802405462e+01,5.923201866879177935e+00,3.913915366282908703e+00,1.650056983097768182e+01
6.669999999984999306e+01,8.010961806480773362e+01,5.928663828824052295e+00,3.920175939441152391e+00,1.651789304858920815e+01
6.679999999985000159e+01,8.020095032888653463e+01,5.935293907466514973e+00,3.925928920684642165e+00,1.653496627291670507e+01
6.689999999984999590e+01,8.029075609230635280e+01,5.941607955326376533e+00,3.931899058412515746e+00,1.655153703678990595e+01
6.699999999985000443e+01,8.038448114530567068e+01,5.947306459673409762e+00,3.935555725114421310e+00,1.656718561410891510e+01
6.709999999984999874e+01,8.048210193250355360e+01,5.951553027625715586e+00,3.938508003800462287e+00,1.658295428009489569e+01
6.719999999984000283e+01,8.057768057829935060e+01,5.956192478032673598e+00,3.943344002965372130e+00,1.659833609005884014e+01
6.729999999983999714e+01,8.067233079625263770e+01,5.961735036110816566e+00,3.947958583832136270e+00,1.661446272633133248e+01
6.739999999984000567e+01,8.076722536122842655e+01,5.967871640680835199e+00,3.952646687471133902e+00,1.663136354074853429e+01
6.749999999983999999e+01,8.085637381907181975e+01,5.974264194185017196e+00,3.956251768375384614e+00,1.664912814868193180e+01
6.759999999984000851e+01,8.095049849807308817e+01,5.981843457015856735e+00,3.962203124913728391e+00,1.666684108574797563e+01
6.769999999984000283e+01,8.104236777505765588e+01,5.988360841083228081e+00,3.969698092824549107e+00,1.668470900528439316e+01
6.779999999983999714e+01,8.114584012803999258e+01,5.994021627777727623e+00,3.975209044294452099e+00,1.670137001088346196e+01
6.789999999984000567e+01,8.125124540244418370e+01,5.999574053958250275e+00,3.983427260250481439e+00,1.671620464260929850e+01
6.799999999983999999e+01,8.135705762081006753e+01,6.004176684681492127e+00,3.989299935975618716e+00,1.673054601254916918e+01
6.809999999984000851e+01,8.145833676279606550e+01,6.008584947454593816e+00,3.996746026710019439e+00,1.674531483432934209e+01
6.819999999984000283e+01,8.156052868559039837e+01,6.013701522981873104e+00,3.999133718414382255e+00,1.676033349295432373e+01
6.829999999983999714e+01,8.166385032307506719e+01,6.020286950705218132e+00,4.002004500569920964e+00,1.677682206062535641e+01
6.839999999984000567e+01,8.177131147147230195e+01,6.027276734019025639e+00,4.008423073745058574e+00,1.679328117741153292e+01
6.849999999983000976e+01,8.187778575364930589e+01,6.032869630624159818e+00,4.014522144952207050e+00,1.680899162592830365e+01
6.859999999983000407e+01,8.198666701533282719e+01,6.036779739691081836e+00,4.019941979348375050e+00,1.682215950545459648e+01
6.869999999982999839e+01,8.209526498641466219e+01,6.041107535815370078e+00,4.024137108234673299e+00,1.683528726463306668e+01
6.879999999983000691e+01,8.219967637858599119e+01,6.046332770134554835e+00,4.030304837761108594e+00,1.684952786151808724e+01
6.889999999983000123e+01,8.230544501126254886e+01,6.051655038706937439e+00,4.036136526728066443e+00,1.686485656602231842e+01
6.899999999983000976e+01,8.241526425693712099e+01,6.058488249858933195e+00,4.045484486340596320e+00,1.688022026155375954e+01
6.909999999983000407e+01,8.252674268005054614e+01,6.065978317029071754e+00,4.054649884242689239e+00,1.689631357186463489e+01
6.919999999982999839e+01,8.264165535410948848e+01,6.074089807545345110e+00,4.063224086521780798e+00,1.691370765206216120e+01
6.929999999983000691e+01,8.274857272791597040e+01,6.080561023468681547e+00,4.067775788019380556e+00,1.693272692807801505e+01
6.939999999983000123e+01,8.285893454433094973e+01,6.087250367490176117e+00,4.073298684842592721e+00,1.695178083497292931e+01
6.949999999983000976e+01,8.296737883392063395e+01,6.094081265501287703e+00,4.077467424038417221e+00,1.696912594383750772e+01
6.959999999983000407e+01,8.307315106036382701e+01,6.100968566849766184e+00,4.080173844546568951e+00,1.698774993223688057e+01
6.969999999981999395e+01,8.317797264244099154e+01,6.107516189734748302e+00,4.083443972217801310e+00,1.700748002077393650e+01
6.979999999981998826e+01,8.328032481595010950e+01,6.114904892588089780e+00,4.087735419540183379e+00,1.702484545565629404e+01
6.989999999981999679e+01,8.337643713568961346e+01,6.122372875737556619e+00,4.092130276388701304e+00,1.703978429967251174e+01
6.999999999981999110e+01,8.347509862022252491e+01,6.128067979567756396e+00,4.095701355287073575e+00,1.705430469589288833e+01
7.009999999981999963e+01,8.357078594043220221e+01,6.133344708869707063e+00,4.097611696526399783e+00,1.706940842919814116e+01
7.019999999981999395e+01,8.367116373830512543e+01,6.138736867704066569e+00,4.101259724639449544e+00,1.708513879647836120e+01
7.029999999981998826e+01,8.377428248606844363e+01,6.144259783684276499e+00,4.104244248158731345e+00,1.710227193537733470e+01
7.039999999981999679e+01,8.387640464149778552e+01,6.149264498439706017e+00,4.108424758094375129e+00,1.711865421027985334e+01
7.049999999981999110e+01,8.397918190884037415e+01,6.153730776383967260e+00,4.111051037079541004e+00,1.713539996398787579e+01
7.059999999981999963e+01,8.407932255782833408e+01,6.158606712967959140e+00,4.114207382658613632e+00,1.715131045718747416e+01
7.069999999981999395e+01,8.417223263591502302e+01,6.163882622261378508e+00,4.119715548194515797e+00,1.716437744506310992e+01
7.079999999981998826e+01,8.426386338472640603e+01,6.168730241609028830e+00,4.125390121791210341e+00,1.717745834186153076e+01
7.089999999981999679e+01,8.436274007764546923e+01,6.172569701388443519e+00,4.130070924846024560e+00,1.719040028697489930e+01
7.099999999981000087e+01,8.446276869261849640e+01,6.175733462836201504e+00,4.137442090832896824e+00,1.720247961755873334e+01
7.109999999980999519e+01,8.455954072865465321e+01,6.179040645183780711e+00,4.144691770401561115e+00,1.721380981456679038e+01
7.119999999980998950e+01,8.465492856003395161e+01,6.183554614771134439e+00,4.149772304773045484e+00,1.722646785530253055e+01
7.129999999980999803e+01,8.475301482730813518e+01,6.188108273535735115e+00,4.154079498142180249e+00,1.724002885167164578e+01
7.139999999980999235e+01,8.485104190418766734e+01,6.193039848792222912e+00,4.158086074464761417e+00,1.725465566601235423e+01
7.149999999981000087e+01,8.494833690048834285e+01,6.199355411026399310e+00,4.162796790996123875e+00,1.727070246916212781e+01
7.159999999980999519e+01,8.504228072013518158e+01,6.207134139385051874e+00,4.172191304186516625e+00,1.728608862495122622e+01
7.169999999980998950e+01,8.513501549072515218e+01,6.214298150733208459e+00,4.180438301326185879e+00,1.730233003442348050e+01
7.179999999980999803e+01,8.522598256723456700e+01,6.220765553371601086e+00,4.187680612589552709e+00,1.731818367967548866e+01
7.189999999980999235e+01,8.532053000046630586e+01,6.225855281649814721e+00,4.196147592274346749e+00,1.733310758223877102e+01
7.199999999981000087e+01,8.541060737026745642e+01,6.231193580027260204e+00,4.201066710338971610e+00,1.734782251824153576e+01
7.209999999980999519e+01,8.550419304624863059e+01,6.237186355310504027e+00,4.206949451396011064e+00,1.736246645584866855e+01
7.219999999980998950e+01,8.560187280476520755e+01,6.244072917266251466e+00,4.211858245201929307e+00,1.737950305861678402e+01
7.229999999979999359e+01,8.570034337348657516e+01,6.250862547678269543e+00,4.215654138301750287e+00,1.739797163434748839e+01
7.239999999980000212e+01,8.579998491695472751e+01,6.257417115017055664e+00,4.218675121230298863e+00,1.741630603464806271e+01
7.249999999979999643e+01,8.589784442910753626e+01,6.263923158987323880e+00,4.224130274597162504e+00,1.743314619962108480e+01
7.259999999980000496e+01,8.599326908934165203e+01,6.270807698992451051e+00,4.230102996490099798e+00,1.744832109148054755e+01
7.269999999979999927e+01,8.608689258156083213e+01,6.277588864917052369e+00,4.236100391086829120e+00,1.746393411219158764e+01
7.279999999979999359e+01,8.617789560449291741e+01,6.284518278080730269e+00,4.241562858464416941e+00,1.748070049105087875e+01
7.289999999980000212e+01,8.627016754692178324e+01,6.292227124647605585e+00,4.249458127846469147e+00,1.749767624090189244e+01
7.299999999979999643e+01,8.636620125983040452e+01,6.300021833175729391e+00,4.255316745431176884e+00,1.751467760284572961e+01
7.309999999980000496e+01,8.646721080352052979e+01,6.309211055087710740e+00,4.264340121543094497e+00,1.753168364842249360e+01
7.319999999979999927e+01,8.656668665693753439e+01,6.318198563305100102e+00,4.272166644982336337e+00,1.754877548304833113e+01
7.329999999979999359e+01,8.666786326262237594e+01,6.325954129535330317e+00,4.277188850284846744e+00,1.756575235146926772e+01
7.339999999980000212e+01,8.677112382248625977e+01,6.333616855496716269e+00,4.282865901652784579e+00,1.758303191631190288e+01
7.349999999979999643e+01,8.687358507218786485e+01,6.341445678549421316e+00,4.287752048418095541e+00,1.760058596468484993e+01
7.359999999979000052e+01,8.697440931513213513e+01,6.348402267265594645e+00,4.293075907621011211e+00,1.761623994876936905e+01
7.369999999978999483e+01,8.707082787904229804e+01,6.354974498808774186e+00,4.296748373037853064e+00,1.763132407512528133e+01
7.379999999979000336e+01,8.716756477347165344e+01,6.360917233963242268e+00,4.301898398215098673e+00,1.764568780975401197e+01
7.389999999978999767e+01,8.726691198339300115e+01,6.366568130064456099e+00,4.303878889171753208e+00,1.765980575560508470e+01
7.399999999979000620e+01,8.736347778703851930e+01,6.371749390619794617e+00,4.308239466333089851e+00,1.767443199619823702e+01
7.409999999979000052e+01,8.746271444430588815e+01,6.376929122073712541e+00,4.311569107899170916e+00,1.769027854947742995e+01
7.419999999978999483e+01,8.755651555693864907e+01,6.382943843587375099e+00,4.317074373702115331e+00,1.770785066005274899e+01
7.429999999979000336e+01,8.765423759618120414e+01,6.390622285934189684e+00,4.326277333020872362e+00,1.772497546449376671e+01
7.439999999978999767e+01,8.775172368710128978e+01,6.399131307140580205e+00,4.334112859263126616e+00,1.774115417540767226e+01
7.449999999979000620e+01,8.784079036984729782e+01,6.406797308268368241e+00,4.341448953886615669e+00,1.775781446011889741e+01
7.459999999979000052e+01,8.794312091448261981e+01,6.414416299844909020e+00,4.348939403924911851e+00,1.777342765757599352e+01
7.469999999978999483e+01,8.804062864549857181e+01,6.421808794168151202e+00,4.356191090965046975e+00,1.778877466550334674e+01
7.479999999979000336e+01,8.813909898473490045e+01,6.426612949269521202e+00,4.360824713103840011e+00,1.780334361419217259e+01
7.489999999978000744e+01,8.823304878120725903e+01,6.431577571016743100e+00,4.364321107768837749e+00,1.781715778318977073e+01
7.499999999978000176e+01,8.832210392098227203e+01,6.437274872132320525e+00,4.369391915517773839e+00,1.783208548998925025e+01
7.509999999978001028e+01,8.841570492124752434e+01,6.441612719080201721e+00,4.373052873665379536e+00,1.784725518305715752e+01
7.519999999978000460e+01,8.851106811180258660e+01,6.445382583531855225e+00,4.375658966273859640e+00,1.786156756813763025e+01
7.529999999977999892e+01,8.860413679460528158e+01,6.448289041687916168e+00,4.376445735840102103e+00,1.787491944037565972e+01
7.539999999978000744e+01,8.869288689464508479e+01,6.450552856324976325e+00,4.377456632248335922e+00,1.788937811533736522e+01
7.549999999978000176e+01,8.878961679172331856e+01,6.453977698820425601e+00,4.379412727705184416e+00,1.790392026205198661e+01
7.559999999978001028e+01,8.887713862319121461e+01,6.458652510838176042e+00,4.382505092488647058e+00,1.791859782323061978e+01
7.569999999978000460e+01,8.896198089569431033e+01,6.463891146777657859e+00,4.385543203073249963e+00,1.793334872989085227e+01
7.579999999977999892e+01,8.905204656103565242e+01,6.470055232925575162e+00,4.390439816801211315e+00,1.794918632031282968e+01
7.589999999978000744e+01,8.913634532809054178e+01,6.477182237236705831e+00,4.397222668367356313e+00,1.796551525761935153e+01
7.599999999978000176e+01,8.922230127068138472e+01,6.484395731366784155e+00,4.405318470133638087e+00,1.798037433331657908e+01
7.609999999978001028e+01,8.931227005015502129e+01,6.491532252331890795e+00,4.412051795997891546e+00,1.799577567877829409e+01
7.619999999977000016e+01,8.940113364911100291e+01,6.498935121476780985e+00,4.419594543497779249e+00,1.801123978624097077e+01
7.629999999977000869e+01,8.948438408044675896e+01,6.505821059576852861e+00,4.428802706183235571e+00,1.802811810700556805e+01
7.639999999977000300e+01,8.956722124495482262e+01,6.514251210245452839e+00,4.436333912280623792e+00,1.804592953881552830e+01
7.649999999977001153e+01,8.965135108906478933e+01,6.522659559847348909e+00,4.445302327513188878e+00,1.806382290099788790e+01
7.659999999977000584e+01,8.972846825238627844e+01,6.532115326446759518e+00,4.452845269881409607e+00,1.808250399396500896e+01
7.669999999977000016e+01,8.981058692953034495e+01,6.541803845917685045e+00,4.462800678519309727e+00,1.810114428898164718e+01
7.679999999977000869e+01,8.989688383414981843e+01,6.550025973330354745e+00,4.471577203145521651e+00,1.811970112465728633e+01
7.689999999977000300e+01,8.997807217698148463e+01,6.557241266995611717e+00,4.478322716802452419e+00,1.813990585198333960e+01
7.699999999977001153e+01,9.006085955019807443e+01,6.565550050234760349e+00,4.484158474029219299e+00,1.816001706000569982e+01
7.709999999977000584e+01,9.013874573992893602e+01,6.573621859136151713e+00,4.489341421784923014e+00,1.817926502843441838e+01
7.719999999977000016e+01,9.021886431584880484e+01,6.580952807529232729e+00,4.493234075344246570e+00,1.819905290831001565e+01
7.729999999977000869e+01,9.030768532692955830e+01,6.586622037286606002e+00,4.494919296912777362e+00,1.821674422368337076e+01
7.739999999977000300e+01,9.039635336163314605e+01,6.592247118161121300e+00,4.497549093477609894e+00,1.823341459249046537e+01
7.749999999975999287e+01,9.048370937076153098e+01,6.597873323541233681e+00,4.498266445411519321e+00,1.824941474738446345e+01
7.759999999976000140e+01,9.057430488027654292e+01,6.602041795882713338e+00,4.498180358381792310e+00,1.826429272861859943e+01
7.769999999975999572e+01,9.066032927370295624e+01,6.606123748076475621e+00,4.498841455276259893e+00,1.827906469537940737e+01
7.779999999975999003e+01,9.074806627085702360e+01,6.609653229437311595e+00,4.499570468576195914e+00,1.829184282500708036e+01
7.789999999975999856e+01,9.083261669737125032e+01,6.612855113636212145e+00,4.498844417673288909e+00,1.830318467297344398e+01
7.799999999975999287e+01,9.091555280062665645e+01,6.615443506123798834e+00,4.498163713379280004e+00,1.831391769334800657e+01
7.809999999976000140e+01,9.100112566903791844e+01,6.618187642368735801e+00,4.495392186336445661e+00,1.832465612184357795e+01
7.819999999975999572e+01,9.108750260657366482e+01,6.620405234941841854e+00,4.496076546951809583e+00,1.833681991609497430e+01
7.829999999975999003e+01,9.117034097881523280e+01,6.623640346408468105e+00,4.498768196688561538e+00,1.834991100146437759e+01
7.839999999975999856e+01,9.125237361124285940e+01,6.627530280804302620e+00,4.502169352514591161e+00,1.836482476675953279e+01
7.849999999975999287e+01,9.133497536231332958e+01,6.633356226565824798e+00,4.506998728196547788e+00,1.838069941591499301e+01
7.859999999976000140e+01,9.142758793068395562e+01,6.639551092292630408e+00,4.512640161106084236e+00,1.839653897870644172e+01
7.869999999975999572e+01,9.151289140834907698e+01,6.646818398528655969e+00,4.517759373374155452e+00,1.841251563600519958e+01
7.879999999974999980e+01,9.160410652540097942e+01,6.654314205162550344e+00,4.524453440688917638e+00,1.842914718096272608e+01
7.889999999974999412e+01,9.170001658361596242e+01,6.662898570296712286e+00,4.531726290760135001e+00,1.844663553332361872e+01
7.899999999975000264e+01,9.179310315722253222e+01,6.671197925416733732e+00,4.540599775849705644e+00,1.846469188918309356e+01
7.909999999974999696e+01,9.188918682095399504e+01,6.679573690311051415e+00,4.549378153897890797e+00,1.848355342864709883e+01
7.919999999974999128e+01,9.198668564638127521e+01,6.687604743357470127e+00,4.559009753087067907e+00,1.850133083252762134e+01
7.929999999974999980e+01,9.208200306783416522e+01,6.695451463391655977e+00,4.565638197300086354e+00,1.851880857505038236e+01
7.939999999974999412e+01,9.217081166286591554e+01,6.703756874643791441e+00,4.575960739479460138e+00,1.853663314246519889e+01
7.949999999975000264e+01,9.225485693016871380e+01,6.712168375541970100e+00,4.583629002321328194e+00,1.855315471178851894e+01
7.959999999974999696e+01,9.234240455606330045e+01,6.719075108505836447e+00,4.588621660369688549e+00,1.856953168547880040e+01
7.969999999974999128e+01,9.243159423004890130e+01,6.724907955980907737e+00,4.593873769301121790e+00,1.858552255798401731e+01
7.979999999974999980e+01,9.251909781390027376e+01,6.731035284606991631e+00,4.600020213201772457e+00,1.860063317919088632e+01
7.989999999974999412e+01,9.260022400920689734e+01,6.736494469196252055e+00,4.604471503489961925e+00,1.861550473060574262e+01
7.999999999973999820e+01,9.268467732523615155e+01,6.741694362037044641e+00,4.608046598374938796e+00,1.863364635362712818e+01
8.009999999974000673e+01,9.276795646679839535e+01,6.747098004437631857e+00,4.609604859089158957e+00,1.865127505451370382e+01
8.019999999974000104e+01,9.284774638260078916e+01,6.752149283807875157e+00,4.612857965749224576e+00,1.866666358267033488e+01
8.029999999973999536e+01,9.293501285193629258e+01,6.755375670077140349e+00,4.614162350959154502e+00,1.867977419653008653e+01
8.039999999974000389e+01,9.301944472908638772e+01,6.758184761576082167e+00,4.614881179001455003e+00,1.869193635190197611e+01
8.049999999973999820e+01,9.310170114519326034e+01,6.760553641272125880e+00,4.616936283716357003e+00,1.870309956621477099e+01
8.059999999974000673e+01,9.318251096257343136e+01,6.762504277479932213e+00,4.617928735862141032e+00,1.871297720089185646e+01
8.069999999974000104e+01,9.326623307532581464e+01,6.763767075264764728e+00,4.618145417554486265e+00,1.872377630988487240e+01
8.079999999973999536e+01,9.335415060520334407e+01,6.765018900396682078e+00,4.616204815350107182e+00,1.873431110627609897e+01
8.089999999974000389e+01,9.344312464792564299e+01,6.766357842555882129e+00,4.616651912592394602e+00,1.874415529236876665e+01
8.099999999973999820e+01,9.352726745157006860e+01,6.768426325364609752e+00,4.618586047768145519e+00,1.875418123033223594e+01
8.109999999974000673e+01,9.361468436740310040e+01,6.772394895749329180e+00,4.623021761549154895e+00,1.876650197682290511e+01
8.119999999974000104e+01,9.369686783227237470e+01,6.777646404251371770e+00,4.626780761629634142e+00,1.878107654410652216e+01
8.129999999973000513e+01,9.377993998105071682e+01,6.782537178525291921e+00,4.627564026862244440e+00,1.879721744081514245e+01
8.139999999972999944e+01,9.386254472308550589e+01,6.787938914195350115e+00,4.629802069705613476e+00,1.881352827755545576e+01
8.149999999973000797e+01,9.394619885746840282e+01,6.793087155877585381e+00,4.631590535679692699e+00,1.883183579822772202e+01
8.159999999973000229e+01,9.403270207825293880e+01,6.798218749217532775e+00,4.634917733162512654e+00,1.885008649716327866e+01
8.169999999973001081e+01,9.411263472893872972e+01,6.803319403297712675e+00,4.637436946217949441e+00,1.886848672928788062e+01
8.179999999973000513e+01,9.419607492571155660e+01,6.808963093691099644e+00,4.639613294616002470e+00,1.888698376567144877e+01
8.189999999972999944e+01,9.427964810664155948e+01,6.814848909651311182e+00,4.643784166510902089e+00,1.890627905178513046e+01
8.199999999973000797e+01,9.436133466268721293e+01,6.820908405931394469e+00,4.646501664583039037e+00,1.892612263216435409e+01
8.209999999973000229e+01,9.444338577538330526e+01,6.827875144033368926e+00,4.650875127540152754e+00,1.894587236942377828e+01
8.219999999973001081e+01,9.452940023705647832e+01,6.835208162638002349e+00,4.655300615367107930e+00,1.896461956515519276e+01
8.229999999973000513e+01,9.461513351763346691e+01,6.843420098415932351e+00,4.660909154724342862e+00,1.898385223203139560e+01
8.239999999972999944e+01,9.470621006700390865e+01,6.849633779813694368e+00,4.667097076256188082e+00,1.900247883190179721e+01
8.249999999973000797e+01,9.479381094840482547e+01,6.855405510284561466e+00,4.671065949359935132e+00,1.902134336896671840e+01
8.259999999972001206e+01,9.488002498966842779e+01,6.861544933765496346e+00,4.674783831359694553e+00,1.904115219934858771e+01
8.269999999972000637e+01,9.496650585361351204e+01,6.867504003547908020e+00,4.678175386840180749e+00,1.905963004600943478e+01
8.279999999972000069e+01,9.505141333435527429e+01,6.874397912500882057e+00,4.682538329869352367e+00,1.907798545000660795e+01
8.289999999972000921e+01,9.513677853077734881e+01,6.882346248243240261e+00,4.688174605258909722e+00,1.909595844132549303e+01
8.299999999972000353e+01,9.522443100665923055e+01,6.889994994278655582e+00,4.694248400455851566e+00,1.911488257993767093e+01
8.309999999972001206e+01,9.531593177032918618e+01,6.898662657605016513e+00,4.701068333980497727e+00,1.913425221818894428e+01
8.319999999972000637e+01,9.540754356873716802e+01,6.906846433993222512e+00,4.707299223603839344e+00,1.915315569290119413e+01
8.329999999972000069e+01,9.550527282133742801e+01,6.915058499998772312e+00,4.712864918559821703e+00,1.917323949534264216e+01
8.339999999972000921e+01,9.561180106240448140e+01,6.922357585714700612e+00,4.718872657407766624e+00,1.919298635345539594e+01
8.349999999972000353e+01,9.571449846142819240e+01,6.929793778973590612e+00,4.725994999548514208e+00,1.921195005705170544e+01
8.359999999972001206e+01,9.581570024436487643e+01,6.937012674042925653e+00,4.730495473838923992e+00,1.922977295449797452e+01
8.369999999972000637e+01,9.591123615783189393e+01,6.942189007556188507e+00,4.737127618462237955e+00,1.924614930038314498e+01
8.379999999972000069e+01,9.600106372738522964e+01,6.947686999794005835e+00,4.742028706739070287e+00,1.926198338152969214e+01
8.389999999970999056e+01,9.610073806640149030e+01,6.954387670508317854e+00,4.746888862385188368e+00,1.927933103883886190e+01
8.399999999970999909e+01,9.620035752216040237e+01,6.961762681472062120e+00,4.754424225779851021e+00,1.929693306302812417e+01
8.409999999970999340e+01,9.629461970590915598e+01,6.968817394683334498e+00,4.761765156734957927e+00,1.931327191564140122e+01
8.419999999971000193e+01,9.638336394565821763e+01,6.974957020133201624e+00,4.767441845389592814e+00,1.932825853098599467e+01
8.429999999970999625e+01,9.647261158483426868e+01,6.980674354027367023e+00,4.774049641698720592e+00,1.934332279421386147e+01
8.439999999970999056e+01,9.656205142254400187e+01,6.987191168343660053e+00,4.782381680238678712e+00,1.935885564307839246e+01
8.449999999970999909e+01,9.665196727097837481e+01,6.993794256641872487e+00,4.790051997742398981e+00,1.937518693531437464e+01
8.459999999970999340e+01,9.674110921683214315e+01,7.000826814414489618e+00,4.798759941060761314e+00,1.939160180750430129e+01
8.469999999971000193e+01,9.683412712306194692e+01,7.008215895629496650e+00,4.806989623776416032e+00,1.940875279902381578e+01
8.479999999970999625e+01,9.691937840950018312e+01,7.015490412331233827e+00,4.816567520702279559e+00,1.942571191870029068e+01
8.489999999970999056e+01,9.700934633510969718e+01,7.022964010109360444e+00,4.824035113559897781e+00,1.944268457094425528e+01
8.499999999970999909e+01,9.710083978524147597e+01,7.029521139456271328e+00,4.831040344870024761e+00,1.946039634820220954e+01
8.509999999970999340e+01,9.719417756674701536e+01,7.035073821770308378e+00,4.834610802621166492e+00,1.947822829610294804e+01
8.519999999969999749e+01,9.728035634758256833e+01,7.039708974679673936e+00,4.836455464491262290e+00,1.949548068086476960e+01
8.529999999969999180e+01,9.737557620513885581e+01,7.043773841646341793e+00,4.841233679397149103e+00,1.951212465305468058e+01
8.539999999970000033e+01,9.747029540817916882e+01,7.047903301916577767e+00,4.841198877460437977e+00,1.952859870680959276e+01
8.549999999969999465e+01,9.755904969910103830e+01,7.050917730242943549e+00,4.843690880669778487e+00,1.954439729426256278e+01
8.559999999970000317e+01,9.765078214369304987e+01,7.054932519896155441e+00,4.842732482962445850e+00,1.956084632159356218e+01
8.569999999969999749e+01,9.774280445537472417e+01,7.060264886568140774e+00,4.842214413412144758e+00,1.957791751482816522e+01
8.579999999969999180e+01,9.783954335977149697e+01,7.064577963344401468e+00,4.843970837917203731e+00,1.959414626490658051e+01
8.589999999970000033e+01,9.793136096758304632e+01,7.067776461822306899e+00,4.844167768456745016e+00,1.961043605245758670e+01
8.599999999969999465e+01,9.802394659480512473e+01,7.070669861931364153e+00,4.843130117903871934e+00,1.962611695463029804e+01
8.609999999970000317e+01,9.811598083431405826e+01,7.073496225507359902e+00,4.844432814353715422e+00,1.964074604663992574e+01
8.619999999969999749e+01,9.820472371565745107e+01,7.077063574302788318e+00,4.847033983062122076e+00,1.965691211926016280e+01
8.629999999969999180e+01,9.829275766832481054e+01,7.081158743309845960e+00,4.850596190522085571e+00,1.967453451683134347e+01
8.639999999970000033e+01,9.837921918601833227e+01,7.084274517264142368e+00,4.853605047030726816e+00,1.969158503157552431e+01
8.649999999969000442e+01,9.846649009779049777e+01,7.086590842585731131e+00,4.854931667370597559e+00,1.970882630946827163e+01
8.659999999968999873e+01,9.855662709772560959e+01,7.089457300568932752e+00,4.855474613200271072e+00,1.972435882348674596e+01
8.669999999969000726e+01,9.864221984386482234e+01,7.091162452846045738e+00,4.853047992072145433e+00,1.973811804895602506e+01
8.679999999969000157e+01,9.872929262595377509e+01,7.092727407741927337e+00,4.851124013682016844e+00,1.975304243583126151e+01
8.689999999968999589e+01,9.881198334925407778e+01,7.094186408284059553e+00,4.850094488992784392e+00,1.976775554697472614e+01
8.699999999969000442e+01,9.889573323659941195e+01,7.096991583514138391e+00,4.848873150193427684e+00,1.978255200408889181e+01
8.709999999968999873e+01,9.898139061086634172e+01,7.100507829537970217e+00,4.849479178197943163e+00,1.979838215203442431e+01
8.719999999969000726e+01,9.905754588126002602e+01,7.104302395126344649e+00,4.852058296998593256e+00,1.981503342911908305e+01
8.729999999969000157e+01,9.913735415907500226e+01,7.108191977172362286e+00,4.853911068466679524e+00,1.982967557005236614e+01
8.739999999968999589e+01,9.922261446794858841e+01,7.111259737272185077e+00,4.855396096995448829e+00,1.984380158530976601e+01
8.749999999969000442e+01,9.930068710572761859e+01,7.114927134201452397e+00,4.856776025602760782e+00,1.985793501187854204e+01
8.759999999968999873e+01,9.938380047676201912e+01,7.119163901151263296e+00,4.859197514993703670e+00,1.987262146714083499e+01
8.769999999969000726e+01,9.947048751403832512e+01,7.122201164339522883e+00,4.861796405827849554e+00,1.988670227780736610e+01
8.779999999967999713e+01,9.955896089708585350e+01,7.124819760139602387e+00,4.862792850784649623e+00,1.989922247488286189e+01
8.789999999968000566e+01,9.965119420806421147e+01,7.127221461237600586e+00,4.863677054949244294e+00,1.991250193559857706e+01
8.799999999967999997e+01,9.973734176009067198e+01,7.130242030236209949e+00,4.864425248450016781e+00,1.992828674141529532e+01
8.809999999968000850e+01,9.982821362171773671e+01,7.133408369714946851e+00,4.863967081121999492e+00,1.994460386360118065e+01
8.819999999968000282e+01,9.992075078580354841e+01,7.137287873355936618e+00,4.865022334406206461e+00,1.996118774684304142e+01
8.829999999967999713e+01,1.000140769070060145e+02,7.141653395331424292e+00,4.866132604222729086e+00,1.997781568589229195e+01
8.839999999968000566e+01,1.001021273568007075e+02,7.144453711708266042e+00,4.866467051800682064e+00,1.999355498349496685e+01
8.849999999967999997e+01,1.001936398819571821e+02,7.146747179852792620e+00,4.867208358421337699e+00,2.000666829419503401e+01
8.859999999968000850e+01,1.002922234824901153e+02,7.149135572942253880e+00,4.867450314988396087e+00,2.002007820909191693e+01
8.869999999968000282e+01,1.003868219349398601e+02,7.150359590784827191e+00,4.866573854885361428e+00,2.003449663178572138e+01
8.879999999967999713e+01,1.004800316630598473e+02,7.153437281738083797e+00,4.865880739035281621e+00,2.004908704589621493e+01
8.889999999968000566e+01,1.005666147952593832e+02,7.157853282170528075e+00,4.870629642482346533e+00,2.006389707884861551e+01
8.899999999967000974e+01,1.006544012261290106e+02,7.162219182190649569e+00,4.872942507864308048e+00,2.007814959604899485e+01
8.909999999967000406e+01,1.007387063764139157e+02,7.166298904257965674e+00,4.874652971122013234e+00,2.009172468455717464e+01
8.919999999967001258e+01,1.008229242989803112e+02,7.169075159878573800e+00,4.873890007505909061e+00,2.010381735298355821e+01
8.929999999967000690e+01,1.009098103466438943e+02,7.170123743498426627e+00,4.874146394589940812e+00,2.011528676352643075e+01
8.939999999967000122e+01,1.009984361224894656e+02,7.171387958224462622e+00,4.876022265144696277e+00,2.012638224162611422e+01
8.949999999967000974e+01,1.010798093277275029e+02,7.172641905136158513e+00,4.875841982484618420e+00,2.013633955746246684e+01
8.959999999967000406e+01,1.011692391892088381e+02,7.173028710815554376e+00,4.876147099586949807e+00,2.014669144728072681e+01
8.969999999967001258e+01,1.012573833730357933e+02,7.174067590043028630e+00,4.877335391086050187e+00,2.015967571809220971e+01
8.979999999967000690e+01,1.013348278903190476e+02,7.178253733933726011e+00,4.879441242398842249e+00,2.017359360013107406e+01
8.989999999967000122e+01,1.014178181117954551e+02,7.182757104280733884e+00,4.881772260884283732e+00,2.018664213172419863e+01
8.999999999967000974e+01,1.015106445829920148e+02,7.188352730545827463e+00,4.883559329853173203e+00,2.020117547119342305e+01
9.009999999967000406e+01,1.015979178034188806e+02,7.193620623340732934e+00,4.887491642819626669e+00,2.021814969889675950e+01
9.019999999967001258e+01,1.016928986278489049e+02,7.199248761103722138e+00,4.890618102615895246e+00,2.023605555565957204e+01
9.029999999965998825e+01,1.017828849495303700e+02,7.205359800454014696e+00,4.893309830768342472e+00,2.025269058153677904e+01
9.039999999965999677e+01,1.018731654475092370e+02,7.211693172933012264e+00,4.895870647020570843e+00,2.027024336206995869e+01
9.049999999965999109e+01,1.019642049875218248e+02,7.216929579193081423e+00,4.897937047724647996e+00,2.028787538647913991e+01
9.059999999965999962e+01,1.020568221972936129e+02,7.221514906090683361e+00,4.900540799850085172e+00,2.030395575219095150e+01
9.069999999965999393e+01,1.021483581375647844e+02,7.224738635776388307e+00,4.902798211346269142e+00,2.031782601319233450e+01
9.079999999965998825e+01,1.022392059547715633e+02,7.227377059934997128e+00,4.900661294046781080e+00,2.033059712247968065e+01
9.089999999965999677e+01,1.023264005034875623e+02,7.230173658166272332e+00,4.900821891762151772e+00,2.034394795579177995e+01
9.099999999965999109e+01,1.024203017659449415e+02,7.233038218067227909e+00,4.901146466526339118e+00,2.035680457818725841e+01
9.109999999965999962e+01,1.025067132834966657e+02,7.235367562341620484e+00,4.902815809565066019e+00,2.036914070905440965e+01
9.119999999965999393e+01,1.025863052110055662e+02,7.238103719029878036e+00,4.904028839842022869e+00,2.038230969168579421e+01
9.129999999965998825e+01,1.026757759678737472e+02,7.240576684879919789e+00,4.905235526644268873e+00,2.039508302406588669e+01
9.139999999965999677e+01,1.027688481860452470e+02,7.243684186548266624e+00,4.907770911081728471e+00,2.040781849471808584e+01
9.149999999965999109e+01,1.028637917217042741e+02,7.246027026327960918e+00,4.910966634050990542e+00,2.041935403296625040e+01
9.159999999964999517e+01,1.029478188355966353e+02,7.249027428014150232e+00,4.912632721389797119e+00,2.042986249657820608e+01
9.169999999965000370e+01,1.030320502597814709e+02,7.252669953016590121e+00,4.914677200662223910e+00,2.044179660476772753e+01
9.179999999964999802e+01,1.031104771235659570e+02,7.256787044851323643e+00,4.919068380216332415e+00,2.045394599218914422e+01
9.189999999964999233e+01,1.031956024080872822e+02,7.261405624065480069e+00,4.919574836599035272e+00,2.046762724401783018e+01
9.199999999965000086e+01,1.032741897239327358e+02,7.265775079993513685e+00,4.922135135180165655e+00,2.048270277622907187e+01
9.209999999964999517e+01,1.033570124167066950e+02,7.271265131581315266e+00,4.924316148514110481e+00,2.049855599969082220e+01
9.219999999965000370e+01,1.034320155594122355e+02,7.277797852275437407e+00,4.927850500755888596e+00,2.051427409734916907e+01
9.229999999964999802e+01,1.035209794507708096e+02,7.284357188823050500e+00,4.934097212374981112e+00,2.053006293099073787e+01
9.239999999964999233e+01,1.036041083533779528e+02,7.292544623334965337e+00,4.939989816676121137e+00,2.054717768895802266e+01
9.249999999965000086e+01,1.036897302524090065e+02,7.301468305192223340e+00,4.947167949032107437e+00,2.056480275832097959e+01
9.259999999964999517e+01,1.037715242686563215e+02,7.309509542897244749e+00,4.953715128160645520e+00,2.058151968107993213e+01
9.269999999965000370e+01,1.038546096377137360e+02,7.316519857812405547e+00,4.961749855955676303e+00,2.059758591433747199e+01
9.279999999964999802e+01,1.039390298074806225e+02,7.322370118951842421e+00,4.965031905352808472e+00,2.061236068307100666e+01
9.289999999964000210e+01,1.040305239638832830e+02,7.327483080992712061e+00,4.968022163162306271e+00,2.062540446236468128e+01
9.299999999963999642e+01,1.041191164475080058e+02,7.332784163653453646e+00,4.970833353473095961e+00,2.063761855787287303e+01
9.309999999964000494e+01,1.042065960706087537e+02,7.338243886924990633e+00,4.971485810701784303e+00,2.065005931670430783e+01
9.319999999963999926e+01,1.042936719736384390e+02,7.344010912293699178e+00,4.973026927984730783e+00,2.066353401702194503e+01
9.329999999963999358e+01,1.043808457221300046e+02,7.350050264994327343e+00,4.974714304626003170e+00,2.067872782516423769e+01
9.339999999964000210e+01,1.044668090272526371e+02,7.355834460425915822e+00,4.974790692649866841e+00,2.069548326653070447e+01
9.349999999963999642e+01,1.045428534792485067e+02,7.360050841716957670e+00,4.973271415401375961e+00,2.071131269786784301e+01
9.359999999964000494e+01,1.046322567618281454e+02,7.365302463982662751e+00,4.974460749702551254e+00,2.072703576528883573e+01
9.369999999963999926e+01,1.047200662637211508e+02,7.370898011313108178e+00,4.974995965674990472e+00,2.074368897817832291e+01
9.379999999963999358e+01,1.047989936942588258e+02,7.375491156953181360e+00,4.976548956436324112e+00,2.076024345249818026e+01
9.389999999964000210e+01,1.048760740415095825e+02,7.381490688098163666e+00,4.978539868248514466e+00,2.077867640908874947e+01
9.399999999963999642e+01,1.049422222125443227e+02,7.387138520343190073e+00,4.979914824215096125e+00,2.079700235327733893e+01
9.409999999964000494e+01,1.050195368963257749e+02,7.392882121782949234e+00,4.981130437780934450e+00,2.081527515033103981e+01
9.419999999963000903e+01,1.050889214239575722e+02,7.397773354299960857e+00,4.983130816437702393e+00,2.083475861927645312e+01
9.429999999963000334e+01,1.051549180723360735e+02,7.402265323522086327e+00,4.982331973812244463e+00,2.085324982546571349e+01
9.439999999962999766e+01,1.052209171659357452e+02,7.406980681009870615e+00,4.983881664148133162e+00,2.086918429650934925e+01
9.449999999963000619e+01,1.052952872630095982e+02,7.411384375066519148e+00,4.985054867416379487e+00,2.088481144085477226e+01
9.459999999963000050e+01,1.053664450778433803e+02,7.415841721518553697e+00,4.987456457254944908e+00,2.090044726538754460e+01
9.469999999963000903e+01,1.054362126036585323e+02,7.419724395677961049e+00,4.988291367180872626e+00,2.091635831206847129e+01
9.479999999963000334e+01,1.055105255432502105e+02,7.423944348099571933e+00,4.991623453366215379e+00,2.093119972631443559e+01
9.489999999962999766e+01,1.055788167057557274e+02,7.427583297988150868e+00,4.994151963215620604e+00,2.094445099650583941e+01
9.499999999963000619e+01,1.056499578062650642e+02,7.431331830656087156e+00,4.994930932754265029e+00,2.095828133446816821e+01
9.509999999963000050e+01,1.057245735698556786e+02,7.434899642923084251e+00,4.998235468186727815e+00,2.097154646153479263e+01
9.519999999963000903e+01,1.058002285064079473e+02,7.437122193510394830e+00,4.998761056608324260e+00,2.098512993844847330e+01
9.529999999963000334e+01,1.058727313669528627e+02,7.439540736226592621e+00,5.000384373826747719e+00,2.099900815991559710e+01
9.539999999962999766e+01,1.059388734874825673e+02,7.442378675310775016e+00,5.002804819152265381e+00,2.101373667423327873e+01
9.549999999962000174e+01,1.060130509437535551e+02,7.446449489045734005e+00,5.004683482268359462e+00,2.102754424361252106e+01
9.559999999962001027e+01,1.060890434662241546e+02,7.451333088547421823e+00,5.009743774059564281e+00,2.104090468597376429e+01
9.569999999962000459e+01,1.061702578211070147e+02,7.457104786880615066e+00,5.015212531502856841e+00,2.105289624602198018e+01
9.579999999961999890e+01,1.062454466277579286e+02,7.462477204273974429e+00,5.021671241694306786e+00,2.106433864450103499e+01
9.589999999962000743e+01,1.063220463764659058e+02,7.467334285016210771e+00,5.024718825135143341e+00,2.107551260412181549e+01
9.599999999962000174e+01,1.063950516598811333e+02,7.471980131479043052e+00,5.028771868947220725e+00,2.108660557881847808e+01
9.609999999962001027e+01,1.064669447824522734e+02,7.476224062979303753e+00,5.030922354300551014e+00,2.109878906934178744e+01
9.619999999962000459e+01,1.065394304718805500e+02,7.480515111893095259e+00,5.033328748498549388e+00,2.111228220650948018e+01
9.629999999961999890e+01,1.066120538080682820e+02,7.485301010914650277e+00,5.036639854873659949e+00,2.112762770442146021e+01
9.639999999962000743e+01,1.066855138352860735e+02,7.491374122024159199e+00,5.039505488302389757e+00,2.114322174181263136e+01
9.649999999962000174e+01,1.067562827059423256e+02,7.497826256900523845e+00,5.043621958427621621e+00,2.115798782927871002e+01
9.659999999962001027e+01,1.068279900853018063e+02,7.503862355751129698e+00,5.047451419993212340e+00,2.117263724157948701e+01
9.669999999962000459e+01,1.069023361605638769e+02,7.509034664095277201e+00,5.052385730252870744e+00,2.118551731809213123e+01
9.679999999960999446e+01,1.069845095338607308e+02,7.513114083573880997e+00,5.053759923670737564e+00,2.119849606680918441e+01
9.689999999960998878e+01,1.070665895346336640e+02,7.517471669045514560e+00,5.055843480374411669e+00,2.121067023750351055e+01
9.699999999960999730e+01,1.071429718146409300e+02,7.520231406100047700e+00,5.055565722326442746e+00,2.122195803231453937e+01
9.709999999960999162e+01,1.072224170972335031e+02,7.522569878738617710e+00,5.055393319816284148e+00,2.123160261383918979e+01
9.719999999961000015e+01,1.072960569940980946e+02,7.526057135561751821e+00,5.057604533027430627e+00,2.124241161372014730e+01
9.729999999960999446e+01,1.073702960283318077e+02,7.529213452380695060e+00,5.058091801906900997e+00,2.125290162048674958e+01
9.739999999960998878e+01,1.074450266583737488e+02,7.531085991696576443e+00,5.059558697220349899e+00,2.126375211028232570e+01
9.749999999960999730e+01,1.075208530858064648e+02,7.532763715296898255e+00,5.061772257840679856e+00,2.127417617161479413e+01
9.759999999960999162e+01,1.075973336080616605e+02,7.534159398715723377e+00,5.062305573302463557e+00,2.128557309499618100e+01
9.769999999961000015e+01,1.076671754569631219e+02,7.537125119184962863e+00,5.062591938342861475e+00,2.129724812230144693e+01
9.779999999960999446e+01,1.077445424511587930e+02,7.540071671760699701e+00,5.063315822664310240e+00,2.130898340592840512e+01
9.789999999960998878e+01,1.078200614013160106e+02,7.543733474735905276e+00,5.063224159605860031e+00,2.132134593319962335e+01
9.799999999959999286e+01,1.078907412558197478e+02,7.546961104400552678e+00,5.065372291799516091e+00,2.133343600004837981e+01
9.809999999960000139e+01,1.079647232644461496e+02,7.549819149656519457e+00,5.066520636529680210e+00,2.134544163700273600e+01
9.819999999959999570e+01,1.080303202598962287e+02,7.553537537139953351e+00,5.067946608558120403e+00,2.135801230641234838e+01
9.829999999959999002e+01,1.081000191413778708e+02,7.557794017281949550e+00,5.069537204561195054e+00,2.136936044737035800e+01
9.839999999959999855e+01,1.081758716678887708e+02,7.562885689804843103e+00,5.075231278443474103e+00,2.138110441959678454e+01
9.849999999959999286e+01,1.082532757687565805e+02,7.568623628924318503e+00,5.077671883637317585e+00,2.139291707559094391e+01
9.859999999960000139e+01,1.083250569425469365e+02,7.572858267577680103e+00,5.081258896580682638e+00,2.140425343526146662e+01
9.869999999959999570e+01,1.083995501979482441e+02,7.577800719330306300e+00,5.084442495224378078e+00,2.141518477277979926e+01
9.879999999959999002e+01,1.084811794408743708e+02,7.582625835354518173e+00,5.088238227753461018e+00,2.142594590062652671e+01
9.889999999959999855e+01,1.085711068498069807e+02,7.587296873142756581e+00,5.093961718224441881e+00,2.143742765746722156e+01
9.899999999959999286e+01,1.086527430567950603e+02,7.592740105971796716e+00,5.098135750729511528e+00,2.145062748861838742e+01
9.909999999960000139e+01,1.087304040351158534e+02,7.599028662138770152e+00,5.103631390653556643e+00,2.146480503534969486e+01
9.919999999959999570e+01,1.088041239301254564e+02,7.607016669571054379e+00,5.110688623709550349e+00,2.147861795120213912e+01
9.929999999958999979e+01,1.088790646673787563e+02,7.614696381982545503e+00,5.118738388173340148e+00,2.149299513599498468e+01
9.939999999958999410e+01,1.089550138011094020e+02,7.623240982579492453e+00,5.124395448978138923e+00,2.150848200586775505e+01
9.949999999959000263e+01,1.090359561159604738e+02,7.631698126303359864e+00,5.130174523627772487e+00,2.152392426009548743e+01
9.959999999958999695e+01,1.091269582006328136e+02,7.640038848552380024e+00,5.136325011116815276e+00,2.153850650017016477e+01
9.969999999959000547e+01,1.092148332953775451e+02,7.648527369468537174e+00,5.143233286570722207e+00,2.155386964431231078e+01
9.979999999958999979e+01,1.092956129361219411e+02,7.654912750841612379e+00,5.146129686809263859e+00,2.156979826105968812e+01
9.989999999958999410e+01,1.093823704282488336e+02,7.661138126889921018e+00,5.148226104323126329e+00,2.158473382126644324e+01
9.999999999959000263e+01,1.094633456094977220e+02,7.667129471436934907e+00,5.152101598083144829e+00,2.159907657138959891e+01
1.000999999995899969e+02,1.095574470721021498e+02,7.674142682208941579e+00,5.157830839557262514e+00,2.161283808175447874e+01
1.001999999995900055e+02,1.096457323219298559e+02,7.682943010536757100e+00,5.164058232093712064e+00,2.162777663975906606e+01
1.002999999995899998e+02,1.097334972063167839e+02,7.690977686036097438e+00,5.169655381621234724e+00,2.164485530970550542e+01
1.003999999995899941e+02,1.098240980176497601e+02,7.698322659953535485e+00,5.175495578031394039e+00,2.166178380622370270e+01
1.004999999995900026e+02,1.099155254542386189e+02,7.706427578265566680e+00,5.182085504325496750e+00,2.167789018377182586e+01
1.005999999995800067e+02,1.100109925089629286e+02,7.714519571175705082e+00,5.189129132175849257e+00,2.169355558936841533e+01
1.006999999995800010e+02,1.101043755662839914e+02,7.722498411925734274e+00,5.194738736802587908e+00,2.170831080012131054e+01
1.007999999995800096e+02,1.101999604943012514e+02,7.729274496591449051e+00,5.200592067279873554e+00,2.172109852662942231e+01
1.008999999995800039e+02,1.102901074663024730e+02,7.735429209832663133e+00,5.207016848643006846e+00,2.173124899680205857e+01
1.009999999995799982e+02,1.103879887770745825e+02,7.742329334112915795e+00,5.213331262833642121e+00,2.174249920739753961e+01
1.010999999995800067e+02,1.104819797856098660e+02,7.749790749513912225e+00,5.220396001076611725e+00,2.175415196811484009e+01
1.011999999995800010e+02,1.105770701083247332e+02,7.756305273995462990e+00,5.225517720872883132e+00,2.176530741081840148e+01
1.012999999995800096e+02,1.106702037452708396e+02,7.763751231741168546e+00,5.231773606619492867e+00,2.177771956166127154e+01
1.013999999995800039e+02,1.107658269882168440e+02,7.771207361445267026e+00,5.237264077845107835e+00,2.178917610202198318e+01
1.014999999995799982e+02,1.108617262004129032e+02,7.777475735343550411e+00,5.245205016951463683e+00,2.180034611443923964e+01
1.015999999995800067e+02,1.109554923115413345e+02,7.784542438911603135e+00,5.254968041490224451e+00,2.181144208740309054e+01
1.016999999995800010e+02,1.110451549488243330e+02,7.791616117789041951e+00,5.261225863994152263e+00,2.182235455268875768e+01
1.017999999995800096e+02,1.111306081680751987e+02,7.798050358295360418e+00,5.270916832524621398e+00,2.183307892461777655e+01
1.018999999995699994e+02,1.112155682154167096e+02,7.805307410055212003e+00,5.278210901495471674e+00,2.184451439772540127e+01
1.019999999995700080e+02,1.113120966325991930e+02,7.812764902972680225e+00,5.285958407088024558e+00,2.185549843714911944e+01
1.020999999995700023e+02,1.114094892436033888e+02,7.819335435903459697e+00,5.291742473744283970e+00,2.186718017007658332e+01
1.021999999995700108e+02,1.115007923836877808e+02,7.825108316896301375e+00,5.296410302871656484e+00,2.187892239368019176e+01
1.022999999995700051e+02,1.115933656123118709e+02,7.830193852730420012e+00,5.299832024697734845e+00,2.189103936178714349e+01
1.023999999995699994e+02,1.116878068260902523e+02,7.834098026638483425e+00,5.301011711398539994e+00,2.190170848687574079e+01
1.024999999995700080e+02,1.117775752899357400e+02,7.837425623050230605e+00,5.299344551959605631e+00,2.191111678889216918e+01
1.025999999995700023e+02,1.118695477842865955e+02,7.841520543389668418e+00,5.296529717817385574e+00,2.192022197955398966e+01
1.026999999995700108e+02,1.119575141697097109e+02,7.845937056949381372e+00,5.296161977344182148e+00,2.192995295487414253e+01
1.027999999995700051e+02,1.120481025501075436e+02,7.849632069496186304e+00,5.297214377026014276e+00,2.193933568236359477e+01
1.028999999995699994e+02,1.121303885303145762e+02,7.853331373608781973e+00,5.299145639464829749e+00,2.194846288866017048e+01
1.029999999995700080e+02,1.122168113581115705e+02,7.858048818038170680e+00,5.300689627681753002e+00,2.195766279119689912e+01
1.030999999995700023e+02,1.123002224217955671e+02,7.864236016627416781e+00,5.306915547694715407e+00,2.196811531486612168e+01
1.031999999995599921e+02,1.123799001081135458e+02,7.871490473264712406e+00,5.312826495270862814e+00,2.198040788345938878e+01
1.032999999995600007e+02,1.124697165493618343e+02,7.879924523412337400e+00,5.317840649764446148e+00,2.199320744017490270e+01
1.033999999995599950e+02,1.125575739619444846e+02,7.888567158531770929e+00,5.322098321044858693e+00,2.200796057213378631e+01
1.034999999995599893e+02,1.126407653250748524e+02,7.897451489572549832e+00,5.327431492935206236e+00,2.202302801834735035e+01
1.035999999995599978e+02,1.127286373330203872e+02,7.905771699455994117e+00,5.333382235105076141e+00,2.203542277284136119e+01
1.036999999995599921e+02,1.128217736292673692e+02,7.912929956077923599e+00,5.339632890684489652e+00,2.204866260347160889e+01
1.037999999995600007e+02,1.129151674711982452e+02,7.921622363984690551e+00,5.347775382839731861e+00,2.206306279019208816e+01
1.038999999995599950e+02,1.130036723445055173e+02,7.931512628465698711e+00,5.356086053004077030e+00,2.207496941506711252e+01
1.039999999995599893e+02,1.130959158994029394e+02,7.941422537632321976e+00,5.365760052948254533e+00,2.208598593219471340e+01
1.040999999995599978e+02,1.131936274042536468e+02,7.951765951088006545e+00,5.375157163417615180e+00,2.209748660138585308e+01
1.041999999995599921e+02,1.132841820049623038e+02,7.960937840731384441e+00,5.386418443497785091e+00,2.211003799756997523e+01
1.042999999995600007e+02,1.133765439522582170e+02,7.968990290553695566e+00,5.396005836351294604e+00,2.212263195528029414e+01
1.043999999995599950e+02,1.134737333530497239e+02,7.977191463094611912e+00,5.406036430456235387e+00,2.213261450939598873e+01
1.044999999995499991e+02,1.135685280606902268e+02,7.985051020089800389e+00,5.416242500095520107e+00,2.214157300893001334e+01
1.045999999995499934e+02,1.136578602122260122e+02,7.991441583715967134e+00,5.423544805263945889e+00,2.215019900182402779e+01
1.046999999995500019e+02,1.137414098615915350e+02,7.997278116147605864e+00,5.427014937064972067e+00,2.215847564671874892e+01
1.047999999995499962e+02,1.138294825832725365e+02,8.003259795496795448e+00,5.433881285531961147e+00,2.216700972504286682e+01
1.048999999995499905e+02,1.139191783268479838e+02,8.009026385354715671e+00,5.438879219868577586e+00,2.217577131381810673e+01
1.049999999995499991e+02,1.140059586391947164e+02,8.015489575710478931e+00,5.444118290612165900e+00,2.218365957462403060e+01
1.050999999995499934e+02,1.141001350836992430e+02,8.022386271216166875e+00,5.451100208898923327e+00,2.219386657621971892e+01
1.051999999995500019e+02,1.141925441898766564e+02,8.030593956669571654e+00,5.454229174809134051e+00,2.220631865548431705e+01
1.052999999995499962e+02,1.142823633577931020e+02,8.039090698413660974e+00,5.462609091595570732e+00,2.221837036822369527e+01
1.053999999995499905e+02,1.143746580207005934e+02,8.047085988303843251e+00,5.472341353483929360e+00,2.222940320813109238e+01
1.054999999995499991e+02,1.144599436799206842e+02,8.054690773507159562e+00,5.479044757742731697e+00,2.224130118009823320e+01
1.055999999995499934e+02,1.145426636890164644e+02,8.061435449126740593e+00,5.486481649437633834e+00,2.225420062773691043e+01
1.056999999995500019e+02,1.146307627465243542e+02,8.066219468331041753e+00,5.491422538165927847e+00,2.226528098732925898e+01
1.057999999995400060e+02,1.147190154709934831e+02,8.068443323642030762e+00,5.493586627548394219e+00,2.227366032736420109e+01
1.058999999995400003e+02,1.148072236925965228e+02,8.069392176043194809e+00,5.495012127015876935e+00,2.228000026330613181e+01
1.059999999995399946e+02,1.148933305298224639e+02,8.068821730301699802e+00,5.493072787780341137e+00,2.228556937663463700e+01
1.060999999995400032e+02,1.149800316317516007e+02,8.068760960988081266e+00,5.492865511212006169e+00,2.228906807769723031e+01
1.061999999995399975e+02,1.150620774439932745e+02,8.070014373936793106e+00,5.493796423223376024e+00,2.229204040675618614e+01
1.062999999995400060e+02,1.151410561423724488e+02,8.070269888049690366e+00,5.496196055732808894e+00,2.229593164816361295e+01
1.063999999995400003e+02,1.152228662785581719e+02,8.069053186040504144e+00,5.496103279753700832e+00,2.229869757556291177e+01
1.064999999995399946e+02,1.153016452769973910e+02,8.067113822580489924e+00,5.495649555368882666e+00,2.230139187284143887e+01
1.065999999995400032e+02,1.153863347954643501e+02,8.065123051350003180e+00,5.496268605120899764e+00,2.230362644505372316e+01
1.066999999995399975e+02,1.154679369590803333e+02,8.062816702591524276e+00,5.495858958315883669e+00,2.230540186004891012e+01
1.067999999995400060e+02,1.155547135874299585e+02,8.061898740288031107e+00,5.499569220349942889e+00,2.230732342383486611e+01
1.068999999995400003e+02,1.156471340590742045e+02,8.060110963131497996e+00,5.501329900659385430e+00,2.230762194398373666e+01
1.069999999995399946e+02,1.157348517250521809e+02,8.057191706484083227e+00,5.502361130188642591e+00,2.230650793449706626e+01
1.070999999995299987e+02,1.158274449377329063e+02,8.053177632050335433e+00,5.500726056519919638e+00,2.230389661673970281e+01
1.071999999995300072e+02,1.159206594624743474e+02,8.049152325835576605e+00,5.499596491133023513e+00,2.230272405841047956e+01
1.072999999995300016e+02,1.160116464903531863e+02,8.045677257375793090e+00,5.498695325076566220e+00,2.230268506479465174e+01
1.073999999995299959e+02,1.160997640477358885e+02,8.042862405062633613e+00,5.498405625324474855e+00,2.230411579492620078e+01
1.074999999995300044e+02,1.161907013856968121e+02,8.042748089608174666e+00,5.500380825255086314e+00,2.230565512930953176e+01
1.075999999995299987e+02,1.162722620842825876e+02,8.043245459951176457e+00,5.502410238930810493e+00,2.230798813391850288e+01
1.076999999995300072e+02,1.163567267868473607e+02,8.044040512772346219e+00,5.506250063271633799e+00,2.231044882106349903e+01
1.077999999995300016e+02,1.164494097392528715e+02,8.043948522256989975e+00,5.509109774408661231e+00,2.231653991136699844e+01
1.078999999995299959e+02,1.165429025665962683e+02,8.045207367370368345e+00,5.512559583408804365e+00,2.232148268872460406e+01
1.079999999995300044e+02,1.166365476357540842e+02,8.045253270267000545e+00,5.513399802353312396e+00,2.232661311695532902e+01
1.080999999995299987e+02,1.167235565843247400e+02,8.047315744101862123e+00,5.519872800587294570e+00,2.233203091656496753e+01
1.081999999995300072e+02,1.168158582020598715e+02,8.050283386724920831e+00,5.523537672323040937e+00,2.233814250398814849e+01
1.082999999995200113e+02,1.169014854482535668e+02,8.052867109516531841e+00,5.526226351685260774e+00,2.234475859048264823e+01
1.083999999995200056e+02,1.169929569343208158e+02,8.057187204005181513e+00,5.530607447786922926e+00,2.235111120795943762e+01
1.084999999995200000e+02,1.170868157817928932e+02,8.061787765837037156e+00,5.536212167660296224e+00,2.236020296431259879e+01
1.085999999995200085e+02,1.171888147633480344e+02,8.068061297343724902e+00,5.543967679168991580e+00,2.237059507472081776e+01
1.086999999995200028e+02,1.172878766185617394e+02,8.075198782362969396e+00,5.551464578063149524e+00,2.238159706295149221e+01
1.087999999995200113e+02,1.173933698959910998e+02,8.083098044940800975e+00,5.557193213063412074e+00,2.239239679867848309e+01
1.088999999995200056e+02,1.174957198856232168e+02,8.090528591562890171e+00,5.563217738069789142e+00,2.240316212250709427e+01
1.089999999995200000e+02,1.175977837131165842e+02,8.095508456328962765e+00,5.565031336117546523e+00,2.241238213837863569e+01
1.090999999995200085e+02,1.177024933632079495e+02,8.099515010616302746e+00,5.566859421456936019e+00,2.242060422463404024e+01
1.091999999995200028e+02,1.178060361809762071e+02,8.104326857351592750e+00,5.570670568844291459e+00,2.242838018977808900e+01
1.092999999995200113e+02,1.179205808191598948e+02,8.107943856840657659e+00,5.575624182753625036e+00,2.243613808836209955e+01
1.093999999995200056e+02,1.180364254800783783e+02,8.110137548468387081e+00,5.577744534259046816e+00,2.244199735312369981e+01
1.094999999995200000e+02,1.181473080731933862e+02,8.111018295079764684e+00,5.579016731855058531e+00,2.244840445384626193e+01
1.095999999995099898e+02,1.182597194894742074e+02,8.112270994683409953e+00,5.582000151550348122e+00,2.245651862959507028e+01
1.096999999995099984e+02,1.183725099392471094e+02,8.115641732571399203e+00,5.584846117075430882e+00,2.246706050787478759e+01
1.097999999995099927e+02,1.184859742069026538e+02,8.118630649833811219e+00,5.587130249678162741e+00,2.247815339371844345e+01
1.098999999995099870e+02,1.185950543685584790e+02,8.120580072925928761e+00,5.590249361370942971e+00,2.248949245677848197e+01
1.099999999995099955e+02,1.186972908657587311e+02,8.122032336835498967e+00,5.589005182944337236e+00,2.250081906697382550e+01
1.100999999995099898e+02,1.188136378658221872e+02,8.123115722083475987e+00,5.588699400099871539e+00,2.251207444144143111e+01
1.101999999995099984e+02,1.189216986130212916e+02,8.124072577745131696e+00,5.588144938297816999e+00,2.252253409044782373e+01
1.102999999995099927e+02,1.190296362212402386e+02,8.125254955830357062e+00,5.588516448986938556e+00,2.253238048193856713e+01
1.103999999995099870e+02,1.191379683337778772e+02,8.127599888603688427e+00,5.590362063350123201e+00,2.254203160858640231e+01
1.104999999995099955e+02,1.192464706745684850e+02,8.131010990307959929e+00,5.593220700794824474e+00,2.255154720723096773e+01
1.105999999995099898e+02,1.193583185995269105e+02,8.134803806806020887e+00,5.594320097201358699e+00,2.256256258315883301e+01
1.106999999995099984e+02,1.194657683797551044e+02,8.138233891204615489e+00,5.594221547545699558e+00,2.257314043248321767e+01
1.107999999995099927e+02,1.195782261804018276e+02,8.140356810508800223e+00,5.593690815629221547e+00,2.258336333287333630e+01
1.108999999994999968e+02,1.196982693264359341e+02,8.144305813984921372e+00,5.593995798212625381e+00,2.259436247117616858e+01
1.109999999994999911e+02,1.198167658966292208e+02,8.148831236121145238e+00,5.595249342245306678e+00,2.260614041630375937e+01
1.110999999994999996e+02,1.199317004095853179e+02,8.152556673565353407e+00,5.598867264783103259e+00,2.261803706535799918e+01
1.111999999994999939e+02,1.200429601022876938e+02,8.156730126216181986e+00,5.599999496598877080e+00,2.262690337370228022e+01
1.112999999995000024e+02,1.201626531682159964e+02,8.161113095864559241e+00,5.601324116723193747e+00,2.263568022539460500e+01
1.113999999994999968e+02,1.202781454314681042e+02,8.165273244291574528e+00,5.603076710247337111e+00,2.264604857087417855e+01
1.114999999994999911e+02,1.203882122529025622e+02,8.170153104701256552e+00,5.604477900309516869e+00,2.265509972761639901e+01
1.115999999994999996e+02,1.204953672214167426e+02,8.172963794727900577e+00,5.609394574995146598e+00,2.266106954056215628e+01
1.116999999994999939e+02,1.206036527042409716e+02,8.174814123129099386e+00,5.610327647906824033e+00,2.266867139798324970e+01
1.117999999995000024e+02,1.207112265872114421e+02,8.176995345485856603e+00,5.613132440850598037e+00,2.267684863572214127e+01
1.118999999994999968e+02,1.208231253117079689e+02,8.180125753566334978e+00,5.612797292114364289e+00,2.268405584872556702e+01
1.119999999994999911e+02,1.209385567222282987e+02,8.183693276939241201e+00,5.615623701734049789e+00,2.269289244426183672e+01
1.120999999994999996e+02,1.210525055614774033e+02,8.188872428193286979e+00,5.621766912369630553e+00,2.270314781521372893e+01
1.121999999994900037e+02,1.211689977530748337e+02,8.194525680041307325e+00,5.627645413161658006e+00,2.271324966528500511e+01
1.122999999994899980e+02,1.212838298652944076e+02,8.198880671315748714e+00,5.631528531784310232e+00,2.272379073417440765e+01
1.123999999994899923e+02,1.213943868838138087e+02,8.203077082528809072e+00,5.632146899382868277e+00,2.273407886756637097e+01
1.124999999994900008e+02,1.215070460310456610e+02,8.207521587933960916e+00,5.639268553885557367e+00,2.274513980537424729e+01
1.125999999994899952e+02,1.216144819312134189e+02,8.212984221058057699e+00,5.645049238953251169e+00,2.275582341510056850e+01
1.126999999994900037e+02,1.217239075053101800e+02,8.219173374748143246e+00,5.648942121712328124e+00,2.276757447755108643e+01
1.127999999994899980e+02,1.218373455624820707e+02,8.225182092580698878e+00,5.652605756971798456e+00,2.278045133833974489e+01
1.128999999994899923e+02,1.219500254701185753e+02,8.230828069998878505e+00,5.655943115481846917e+00,2.279440449320114226e+01
1.129999999994900008e+02,1.220570888815898911e+02,8.235628333458310024e+00,5.657049566782228922e+00,2.280780394309034520e+01
1.130999999994899952e+02,1.221567832400780986e+02,8.239736846969506701e+00,5.659203319681841649e+00,2.282053363339386465e+01
1.131999999994900037e+02,1.222602502316285182e+02,8.242920088809173151e+00,5.661012920944375360e+00,2.283249893031900513e+01
1.132999999994899980e+02,1.223618103199934097e+02,8.244681320476813013e+00,5.660136350569084485e+00,2.284294824370197219e+01
1.133999999994899923e+02,1.224580000992418576e+02,8.245737995624899952e+00,5.659337143451771190e+00,2.285080033968255009e+01
1.134999999994799964e+02,1.225640141680607940e+02,8.246415500671913534e+00,5.656813030967628997e+00,2.285935748603202100e+01
1.135999999994800049e+02,1.226677241009564483e+02,8.247633291249607979e+00,5.655818769611300034e+00,2.286786073771754957e+01
1.136999999994799992e+02,1.227824365015476218e+02,8.248982954133305512e+00,5.657385685309026080e+00,2.287506577043949463e+01
1.137999999994800078e+02,1.228995196231475830e+02,8.251022997439545037e+00,5.656817608911955730e+00,2.288399402866869181e+01
1.138999999994800021e+02,1.230164523262133400e+02,8.254505837498781418e+00,5.661502171435893516e+00,2.289385410849670066e+01
1.139999999994799964e+02,1.231333679093703353e+02,8.257436363048006100e+00,5.666962837783787954e+00,2.290398616109884955e+01
1.140999999994800049e+02,1.232490308561993260e+02,8.260016198581935143e+00,5.668132978045886006e+00,2.291525327120764288e+01
1.141999999994799992e+02,1.233642991508942544e+02,8.263311378654373485e+00,5.669438942010697424e+00,2.292739118302663215e+01
1.142999999994800078e+02,1.234791079352213359e+02,8.267286479271339417e+00,5.671176961818073181e+00,2.293887718105460394e+01
1.143999999994800021e+02,1.235921570403956196e+02,8.270461457396182325e+00,5.671882878486344204e+00,2.294960677499422275e+01
1.144999999994799964e+02,1.237078993442866164e+02,8.275049153838155647e+00,5.674794857109014323e+00,2.295986762844825435e+01
1.145999999994800049e+02,1.238138957208215629e+02,8.280859704784715447e+00,5.678598419813026155e+00,2.297118249627897768e+01
1.146999999994799992e+02,1.239247026052257894e+02,8.286044791105839025e+00,5.682291034520707385e+00,2.298238209180961888e+01
1.147999999994700033e+02,1.240385275874851061e+02,8.290608148256824350e+00,5.683732506833112375e+00,2.299236648144725237e+01
1.148999999994699976e+02,1.241495306661150551e+02,8.296554360982559828e+00,5.684820028796616853e+00,2.300374822185478862e+01
1.149999999994700062e+02,1.242667750219835767e+02,8.302814877604840049e+00,5.686414643101858069e+00,2.301646348203935233e+01
1.150999999994700005e+02,1.243813816787355506e+02,8.309115435985946263e+00,5.689208093430695001e+00,2.303277637537575018e+01
1.151999999994700090e+02,1.244977970896172792e+02,8.315737281345798593e+00,5.693706000063167849e+00,2.304966027653501470e+01
1.152999999994700033e+02,1.246183617005593192e+02,8.323650640041087456e+00,5.697752851059306956e+00,2.306667545179100998e+01
1.153999999994699976e+02,1.247339300146747831e+02,8.332046296132102015e+00,5.702512810204286353e+00,2.308370946422873971e+01
1.154999999994700062e+02,1.248535919163029746e+02,8.341272712596946803e+00,5.708857382732649199e+00,2.310138378518833591e+01
1.155999999994700005e+02,1.249738810445192456e+02,8.350341547658544528e+00,5.714314288215055271e+00,2.312020661856228543e+01
1.156999999994700090e+02,1.250885147867121674e+02,8.359046007258823963e+00,5.718322375248444445e+00,2.313654359660617033e+01
1.157999999994700033e+02,1.252075910735279791e+02,8.367386356265670955e+00,5.721268313571671094e+00,2.315200179199352704e+01
1.158999999994699976e+02,1.253243276089452678e+02,8.376225389750695527e+00,5.726785701842214138e+00,2.316823430148664187e+01
1.159999999994700062e+02,1.254479994249684012e+02,8.385561021072954091e+00,5.731395911193475357e+00,2.318458764542091899e+01
1.160999999994599960e+02,1.255649012405363294e+02,8.393922388340635976e+00,5.736929292188915674e+00,2.319843521581799450e+01
1.161999999994599904e+02,1.256840833183717621e+02,8.401632960595952326e+00,5.743691730049621746e+00,2.321276368519399114e+01
1.162999999994599989e+02,1.258033196480207465e+02,8.408549860918412833e+00,5.748376830140957239e+00,2.322708932702259332e+01
1.163999999994599932e+02,1.259179087471647591e+02,8.413473338787113676e+00,5.753418049021692404e+00,2.324099296706059548e+01
1.164999999994599875e+02,1.260300315081136944e+02,8.418889969280986207e+00,5.757989133125554382e+00,2.325415845756269206e+01
1.165999999994599960e+02,1.261478574206682168e+02,8.425669631762929157e+00,5.761467679227331828e+00,2.326856651483006644e+01
1.166999999994599904e+02,1.262703260240572547e+02,8.433385351773797112e+00,5.762731050148566680e+00,2.328348122659086883e+01
1.167999999994599989e+02,1.263934965386139879e+02,8.442706187055296851e+00,5.767659162096457237e+00,2.329949237370638571e+01
1.168999999994599932e+02,1.265229906561600757e+02,8.452242553493622523e+00,5.771297570914515340e+00,2.331578664677458690e+01
1.169999999994599875e+02,1.266395092997632474e+02,8.460685112171395517e+00,5.774368328233870251e+00,2.333079529910105876e+01
1.170999999994599960e+02,1.267471245152523380e+02,8.467382973038796834e+00,5.777938539242202687e+00,2.334544538147162740e+01
1.171999999994599904e+02,1.268538759516477370e+02,8.473533942675725683e+00,5.782955203810032252e+00,2.336022151072168640e+01
1.172999999994499944e+02,1.269649676675122834e+02,8.479495931145290655e+00,5.788248150824185423e+00,2.337539687369375940e+01
1.173999999994499888e+02,1.270861752124600486e+02,8.485747196872230447e+00,5.792653924372874741e+00,2.339062741504254817e+01
1.174999999994499973e+02,1.272031875515674102e+02,8.492386816041252118e+00,5.793708583141351731e+00,2.340633289160337327e+01
1.175999999994499916e+02,1.273207570976652931e+02,8.500027763137053327e+00,5.798426925935284970e+00,2.342255713144013640e+01
1.176999999994500001e+02,1.274269999901569150e+02,8.508598214549380145e+00,5.804741170976909892e+00,2.343812863940764046e+01
1.177999999994499944e+02,1.275441436917311222e+02,8.516738574159113284e+00,5.808745907930061847e+00,2.345195964745523654e+01
1.178999999994499888e+02,1.276568448276266707e+02,8.524107431486205755e+00,5.812253063522093477e+00,2.346489972972477034e+01
1.179999999994499973e+02,1.277678483555756088e+02,8.529412315003250811e+00,5.816590762784631607e+00,2.347779151728826008e+01
1.180999999994499916e+02,1.278756919635284532e+02,8.534059155880660441e+00,5.818005673606666761e+00,2.348766258564748810e+01
1.181999999994500001e+02,1.279911094955174065e+02,8.539808899423221078e+00,5.820113276027207405e+00,2.349732879951562126e+01
1.182999999994499944e+02,1.280985243495036059e+02,8.546059581728025378e+00,5.821908833204263445e+00,2.350672551574528057e+01
1.183999999994499888e+02,1.282096383397558270e+02,8.551135052355155253e+00,5.823512242861171195e+00,2.351598111587458106e+01
1.184999999994499973e+02,1.283291156762672927e+02,8.554535684309225729e+00,5.825498152416756170e+00,2.352218635608914710e+01
1.185999999994400014e+02,1.284444564289312041e+02,8.557733093189384022e+00,5.827494693127652781e+00,2.352942859084475558e+01
1.186999999994399957e+02,1.285631795626038354e+02,8.559561575666544186e+00,5.826754341117326597e+00,2.353716151849009108e+01
1.187999999994400042e+02,1.286800463901678597e+02,8.560916859917107047e+00,5.827921814909134746e+00,2.354625106259833700e+01
1.188999999994399985e+02,1.288050337014741444e+02,8.562321131072881286e+00,5.827474649328423517e+00,2.355501147099111492e+01
1.189999999994399928e+02,1.289318004723290016e+02,8.562945221621230729e+00,5.829239861964871317e+00,2.356312914128939440e+01
1.190999999994400014e+02,1.290600890875029449e+02,8.564674541380030703e+00,5.829886821927410701e+00,2.356994043476682776e+01
1.191999999994399957e+02,1.291817202148982346e+02,8.567242821333600489e+00,5.830658579513507078e+00,2.357693406706762218e+01
1.192999999994400042e+02,1.293081843906405481e+02,8.570208802017102556e+00,5.832265128943295629e+00,2.358477096022509656e+01
1.193999999994399985e+02,1.294412072314904947e+02,8.573936644047234878e+00,5.833708944887378678e+00,2.359276099020769735e+01
1.194999999994399928e+02,1.295670275358862114e+02,8.577919710159191524e+00,5.833430508457488450e+00,2.360091405798784336e+01
1.195999999994400014e+02,1.297011000233609082e+02,8.581915477593868857e+00,5.837656464665734291e+00,2.361002915959972270e+01
1.196999999994399957e+02,1.298292528595395368e+02,8.584824149292572315e+00,5.842027567960103696e+00,2.361892044438742033e+01
1.197999999994400042e+02,1.299541014417305860e+02,8.587019673673070841e+00,5.847979610660696714e+00,2.362729131721341957e+01
1.198999999994300083e+02,1.300768836325138977e+02,8.591096661483371477e+00,5.853421521242707648e+00,2.363507625741921103e+01
1.199999999994300026e+02,1.301990499986009411e+02,8.594380902873087535e+00,5.855498243680648862e+00,2.364238498980527936e+01
1.200999999994299969e+02,1.303358571336518708e+02,8.598020797029505502e+00,5.858727487957701818e+00,2.365114099306327233e+01
1.201999999994300055e+02,1.304602346462533546e+02,8.601636555981590604e+00,5.861157389738422374e+00,2.365906041116489789e+01
1.202999999994299998e+02,1.305924262854042581e+02,8.604654026661783917e+00,5.864944232598966245e+00,2.366619965569405082e+01
1.203999999994300083e+02,1.307167031793229910e+02,8.608321966401161873e+00,5.870280323711947190e+00,2.367478179363212831e+01
1.204999999994300026e+02,1.308362332602942217e+02,8.613233605430412609e+00,5.875723288953511592e+00,2.368328856093519974e+01
1.205999999994299969e+02,1.309643718505202798e+02,8.617451295475341055e+00,5.880310611994508996e+00,2.369343865043673247e+01
1.206999999994300055e+02,1.310925014430057161e+02,8.621867479807420409e+00,5.888395557204358255e+00,2.370326805230667588e+01
1.207999999994299998e+02,1.312299556589505869e+02,8.628105222000225893e+00,5.895514915167626491e+00,2.371355298928957112e+01
1.208999999994300083e+02,1.313575981680913287e+02,8.634896811838403963e+00,5.899631655700084742e+00,2.372539399056845966e+01
1.209999999994300026e+02,1.314847018981648148e+02,8.641585688263281995e+00,5.905130094310258038e+00,2.373823029709219412e+01
1.210999999994299969e+02,1.315998091913804728e+02,8.647972431125822368e+00,5.906311455726653392e+00,2.375240904549468723e+01
1.211999999994200010e+02,1.317111619410008814e+02,8.654304914647237723e+00,5.908188306663234357e+00,2.376659241517029741e+01
1.212999999994200095e+02,1.318252596568451622e+02,8.659435972853152919e+00,5.910284656802468284e+00,2.378195909603350344e+01
1.213999999994200039e+02,1.319395141725202620e+02,8.665199610691690424e+00,5.910515231679579706e+00,2.379662363244650436e+01
1.214999999994199982e+02,1.320516141636277325e+02,8.670739694398616138e+00,5.912311834907488794e+00,2.380896021988261424e+01
1.215999999994200067e+02,1.321512713953072478e+02,8.674694326864473837e+00,5.911614422707827110e+00,2.381917772634501773e+01
1.216999999994200010e+02,1.322604713419947018e+02,8.677121039622617715e+00,5.909519402645043051e+00,2.382876851389222850e+01
1.217999999994200095e+02,1.323690181547570148e+02,8.678161636349457808e+00,5.909432309177637066e+00,2.383717272744573634e+01
1.218999999994200039e+02,1.324779278516579950e+02,8.678639899670599789e+00,5.906790570792721518e+00,2.384558086002336452e+01
1.219999999994199982e+02,1.325929544183673272e+02,8.678109369749329005e+00,5.901844789327179264e+00,2.385296299202873627e+01
1.220999999994200067e+02,1.327037429145960914e+02,8.678173466823942306e+00,5.897787310871843935e+00,2.385988069725035743e+01
1.221999999994200010e+02,1.328186541379933772e+02,8.678902272454555700e+00,5.896549427913122088e+00,2.386617339749318845e+01
1.222999999994200095e+02,1.329285668863248304e+02,8.680291367113353473e+00,5.894813533902207858e+00,2.387269015711776987e+01
1.223999999994200039e+02,1.330451708672672737e+02,8.682296259432590091e+00,5.890084724171931185e+00,2.388045543860813069e+01
1.224999999994100079e+02,1.331601945737417054e+02,8.684537601001366625e+00,5.887055867161818057e+00,2.388911525966722493e+01
1.225999999994100023e+02,1.332713471703525556e+02,8.686942876575271200e+00,5.884456376693565360e+00,2.389844213700975928e+01
1.226999999994100108e+02,1.333714589668778956e+02,8.689040837037849130e+00,5.883396395383507560e+00,2.390727016868702037e+01
1.227999999994100051e+02,1.334790580638078268e+02,8.690337586062367947e+00,5.881059049191668109e+00,2.391634081608680518e+01
1.228999999994100136e+02,1.335847039848114832e+02,8.691752019789836581e+00,5.879228715199257493e+00,2.392540384322077429e+01
1.229999999994100079e+02,1.336932808754026212e+02,8.694066091488782178e+00,5.878008418493686271e+00,2.393435550941461187e+01
1.230999999994100023e+02,1.337941193774249200e+02,8.696133534447920255e+00,5.879178818450584210e+00,2.394111815655547204e+01
1.231999999994100108e+02,1.338987833942297243e+02,8.697668018267007639e+00,5.878277338650520711e+00,2.394845421524329154e+01
1.232999999994100051e+02,1.339967710170683119e+02,8.699670740275784908e+00,5.879725275346053159e+00,2.395747863219073537e+01
1.233999999994100136e+02,1.341049917652286467e+02,8.701848659996116453e+00,5.878236447796417075e+00,2.396602388750637758e+01
1.234999999994100079e+02,1.342141996757376035e+02,8.704239409699766838e+00,5.876994721248348874e+00,2.397643342969192304e+01
1.235999999994100023e+02,1.343241851873149528e+02,8.708013329517227064e+00,5.876683103980038680e+00,2.398681935576919599e+01
1.236999999994100108e+02,1.344258078927634017e+02,8.713380795559457326e+00,5.878220225110593056e+00,2.400012808144419907e+01
1.237999999994000007e+02,1.345261525676990573e+02,8.719123304245423256e+00,5.879776615266690598e+00,2.401564274606893790e+01
1.238999999993999950e+02,1.346318754678315770e+02,8.725149037807343078e+00,5.880284842721305694e+00,2.402942650801768565e+01
1.239999999993999893e+02,1.347388914755534870e+02,8.731114969613321009e+00,5.884670512599337933e+00,2.404211459323106581e+01
1.240999999993999978e+02,1.348445120946984446e+02,8.737944546218470165e+00,5.890249831892029775e+00,2.405607460433714095e+01
1.241999999993999921e+02,1.349435199313062697e+02,8.745055174799327702e+00,5.893284765257026159e+00,2.406963976269310024e+01
1.242999999994000007e+02,1.350457519203216350e+02,8.751045751686188368e+00,5.897254146633825300e+00,2.408253568768767394e+01
1.243999999993999950e+02,1.351501451669304856e+02,8.758061475733168066e+00,5.900976332637442034e+00,2.409441663366620645e+01
1.244999999993999893e+02,1.352433228529320957e+02,8.765479505362366197e+00,5.901905310743681632e+00,2.410842206693412493e+01
1.245999999993999978e+02,1.353441527206532271e+02,8.772251001584173480e+00,5.906317149457952276e+00,2.412269890724216026e+01
1.246999999993999921e+02,1.354488553143781076e+02,8.777832760307457960e+00,5.908532165238083778e+00,2.413398353890568870e+01
1.247999999994000007e+02,1.355525784289242495e+02,8.783458124995600969e+00,5.911089057993403451e+00,2.414417374734132338e+01
1.248999999993999950e+02,1.356526025264156488e+02,8.789139305301677751e+00,5.909807116155237239e+00,2.415442815298912649e+01
1.249999999993999893e+02,1.357648638616868766e+02,8.794266048356291776e+00,5.908710868430392615e+00,2.416411717113827606e+01
1.250999999993899934e+02,1.358683617443528817e+02,8.799990062403882263e+00,5.908262197887460765e+00,2.417483736845943199e+01
1.251999999993900019e+02,1.359664961984506419e+02,8.806191436087576818e+00,5.907124955006975320e+00,2.418747447662715189e+01
1.252999999993899962e+02,1.360626295665219345e+02,8.813468745823609396e+00,5.907192711817779163e+00,2.420228742167519442e+01
1.253999999993900047e+02,1.361566573484195999e+02,8.821100506454115475e+00,5.908841529313640706e+00,2.421640101205779061e+01
1.254999999993899991e+02,1.362534813628730035e+02,8.829593393143376545e+00,5.912831580718762581e+00,2.423224226955463578e+01
1.255999999993899934e+02,1.363598153014002037e+02,8.841111569336476350e+00,5.916998422106440003e+00,2.425007944026394213e+01
1.256999999993900019e+02,1.364607625843696894e+02,8.852088315367675264e+00,5.922137889059918336e+00,2.426660464550364082e+01
1.257999999993899962e+02,1.365557474581588053e+02,8.862316103292148028e+00,5.925616635671063115e+00,2.428270802164593434e+01
1.258999999993900047e+02,1.366493965563669803e+02,8.872406055172572081e+00,5.927791183184822010e+00,2.429877690593989215e+01
1.259999999993899991e+02,1.367574945499202386e+02,8.881384050299320876e+00,5.927486433877072081e+00,2.431460600809233341e+01
1.260999999993899934e+02,1.368698257898343513e+02,8.890221606007850497e+00,5.928612305028875262e+00,2.433194165635790895e+01
1.261999999993900019e+02,1.369805231633976064e+02,8.897234190307242940e+00,5.927511467681402912e+00,2.434763614026420342e+01
1.262999999993800060e+02,1.370912038597370497e+02,8.903103292900206966e+00,5.928867647759515691e+00,2.436183665240664098e+01
1.263999999993800003e+02,1.372013811659152509e+02,8.908382824978662740e+00,5.929899440736202010e+00,2.437393830530216832e+01
1.264999999993799946e+02,1.373193234777210421e+02,8.911421865013982924e+00,5.925288718875981075e+00,2.438260328867445992e+01
1.265999999993800031e+02,1.374348043751284649e+02,8.913975470610623120e+00,5.920351042060455704e+00,2.438979904438292934e+01
1.266999999993799975e+02,1.375437401438467475e+02,8.915441797510618827e+00,5.919354595601837410e+00,2.439682041450681993e+01
1.267999999993800060e+02,1.376537350394831378e+02,8.915853665998314526e+00,5.916879214781222807e+00,2.440346348716554203e+01
1.268999999993800003e+02,1.377593178524099073e+02,8.916744844815561066e+00,5.916271784598960082e+00,2.440961228070783662e+01
1.269999999993799946e+02,1.378751683748574521e+02,8.917973823144379253e+00,5.914994914802647052e+00,2.441741154397061209e+01
1.270999999993800031e+02,1.379879281789403365e+02,8.921236438574938532e+00,5.914225358102590313e+00,2.442828935845253113e+01
1.271999999993799975e+02,1.380910933877569846e+02,8.925088743334766761e+00,5.913785825494342951e+00,2.443887191035530648e+01
1.272999999993800060e+02,1.381995040117218991e+02,8.929923904522063083e+00,5.917889494601483946e+00,2.444737124246545434e+01
1.273999999993800003e+02,1.383066539706710785e+02,8.936831934620682816e+00,5.922309888720601379e+00,2.445706516456838742e+01
1.274999999993799946e+02,1.384192978655303818e+02,8.942012890923081159e+00,5.927918881592587397e+00,2.446715454229843800e+01
1.275999999993699987e+02,1.385360545321230177e+02,8.946497626309570350e+00,5.927372827778173203e+00,2.447715723196384729e+01
1.276999999993700072e+02,1.386526806191703542e+02,8.950691097434729571e+00,5.924848125519252662e+00,2.448799898779777706e+01
1.277999999993700015e+02,1.387610285990676289e+02,8.953639481738267847e+00,5.925791037972469866e+00,2.449891461101119816e+01
1.278999999993700101e+02,1.388751117859946476e+02,8.958603480142107500e+00,5.927412784437410487e+00,2.450966203365254970e+01
1.279999999993700044e+02,1.389862166143647357e+02,8.963946591116330964e+00,5.927607655204930381e+00,2.452081698075654614e+01
1.280999999993699987e+02,1.390854701893458127e+02,8.969677344705022648e+00,5.926417395714549841e+00,2.453158098345287641e+01
1.281999999993699930e+02,1.391882065951506036e+02,8.976248286003421839e+00,5.926322288711628694e+00,2.454353471431581113e+01
1.282999999993700158e+02,1.392997959091760833e+02,8.982672235016213591e+00,5.931317026339024245e+00,2.455563277877004680e+01
1.283999999993700101e+02,1.394029385980034590e+02,8.989877168085428139e+00,5.930587319635858279e+00,2.457082691374193928e+01
1.284999999993700044e+02,1.395048455583398379e+02,8.998033917744347576e+00,5.931880127441741202e+00,2.458692372322214581e+01
1.285999999993699987e+02,1.396108455622891995e+02,9.006447064087923948e+00,5.933345487235540894e+00,2.460112945461663969e+01
1.286999999993699930e+02,1.397186884882495974e+02,9.016073453106239199e+00,5.933550857429751524e+00,2.461591395255130976e+01
1.287999999993700158e+02,1.398186307252643417e+02,9.024798348727983921e+00,5.937071103448555931e+00,2.462862401866890494e+01
1.288999999993600056e+02,1.399240021143896797e+02,9.032622398399773544e+00,5.942027529409781295e+00,2.464054872550505593e+01
1.289999999993599999e+02,1.400286901847684078e+02,9.037455997993475876e+00,5.943031826515398741e+00,2.465287912320910024e+01
1.290999999993599943e+02,1.401274620819800987e+02,9.041473804998549468e+00,5.941042733535375042e+00,2.466378042165655771e+01
1.291999999993600170e+02,1.402223724878208770e+02,9.044874241298419548e+00,5.943035563024532841e+00,2.467282649225431257e+01
1.292999999993600113e+02,1.403158282850101273e+02,9.046392630938569823e+00,5.941697912513985713e+00,2.468116724452089983e+01
1.293999999993600056e+02,1.404116881550700953e+02,9.048243201495747456e+00,5.939713885040712071e+00,2.468992226191259576e+01
1.294999999993599999e+02,1.405172358974689075e+02,9.050135616875298439e+00,5.934552959019880447e+00,2.469920032837043422e+01
1.295999999993599943e+02,1.406234952106925675e+02,9.051740113650895481e+00,5.929490061963507586e+00,2.470832255060086524e+01
1.296999999993600170e+02,1.407219293025296452e+02,9.054131226813659339e+00,5.925622306867396105e+00,2.471951214628301585e+01
1.297999999993600113e+02,1.408213575647875757e+02,9.056806841269944286e+00,5.921512083199966803e+00,2.473162070468021057e+01
1.298999999993600056e+02,1.409121167005717723e+02,9.059979458586314038e+00,5.915942071174379535e+00,2.474402306582859268e+01
1.299999999993599999e+02,1.410095228640841469e+02,9.063204062892834756e+00,5.907931629467509715e+00,2.475506086411973072e+01
1.300999999993599943e+02,1.411050710767498799e+02,9.066050619103508623e+00,5.904495622480914641e+00,2.476517658939198796e+01
1.301999999993499841e+02,1.411949497610562503e+02,9.067993187255376952e+00,5.900064068758204883e+00,2.477497775638155275e+01
1.302999999993500069e+02,1.412865478070579854e+02,9.070641167269243965e+00,5.898437964295876412e+00,2.478638343488137608e+01
1.303999999993500012e+02,1.413765270460376939e+02,9.073389524617679669e+00,5.897269441022647385e+00,2.479589540372631973e+01
1.304999999993499955e+02,1.414643381184380075e+02,9.077120745729258644e+00,5.899351284911461768e+00,2.480505328889385908e+01
1.305999999993499898e+02,1.415616609824441241e+02,9.082535781492888205e+00,5.902394229083401278e+00,2.481846917094791394e+01
1.306999999993499841e+02,1.416684340073331612e+02,9.088765431566102393e+00,5.903869906570145432e+00,2.483124034251472523e+01
1.307999999993500069e+02,1.417723054542312582e+02,9.094326189250798720e+00,5.909286580608299921e+00,2.484116300115919529e+01
1.308999999993500012e+02,1.418785314073054735e+02,9.101809968635304671e+00,5.914238348464499140e+00,2.485334920248179813e+01
1.309999999993499955e+02,1.419924286249891736e+02,9.110836008117660256e+00,5.916140698031036926e+00,2.486610477334681235e+01
1.310999999993499898e+02,1.420920905894950295e+02,9.120358139834138456e+00,5.922174784705712014e+00,2.488121028492849618e+01
1.311999999993499841e+02,1.421894336196358779e+02,9.129455093324386539e+00,5.927270356645169436e+00,2.489587085392182786e+01
1.312999999993500069e+02,1.422777588806639244e+02,9.136871296058046710e+00,5.930595075984033571e+00,2.490830400986970972e+01
1.313999999993500012e+02,1.423785232293426191e+02,9.146721106078926411e+00,5.935969317825799507e+00,2.492208058292848705e+01
1.314999999993400195e+02,1.424939211433675439e+02,9.157085608649010666e+00,5.940230599687312818e+00,2.493604055978156353e+01
1.315999999993400138e+02,1.425988438274323755e+02,9.166186519701074786e+00,5.943773647772912838e+00,2.494997208727868099e+01
1.316999999993400081e+02,1.427025403676381927e+02,9.174284691927333313e+00,5.943236835880462365e+00,2.496367707159076588e+01
1.317999999993400024e+02,1.428053017838187202e+02,9.182625948946075312e+00,5.942846127576213000e+00,2.497630226491933314e+01
1.318999999993400252e+02,1.429086788140519104e+02,9.188571184641400436e+00,5.940803360813534439e+00,2.498720177972433376e+01
1.319999999993400195e+02,1.430104623479279837e+02,9.193564163780591159e+00,5.942892800213182447e+00,2.499862365852009205e+01
1.320999999993400138e+02,1.431019892033039582e+02,9.198897179814522929e+00,5.946256905112162094e+00,2.500968952363383835e+01
1.321999999993400081e+02,1.432054075446466470e+02,9.203491590687262303e+00,5.953173593442266487e+00,2.501776078293356420e+01
1.322999999993400024e+02,1.433140803496401361e+02,9.206697515655150710e+00,5.952126965568157679e+00,2.502434608383849834e+01
1.323999999993400252e+02,1.434256291551940024e+02,9.208932557068374436e+00,5.951472704002842562e+00,2.503319827820980947e+01
1.324999999993400195e+02,1.435315992483897389e+02,9.210058924047146434e+00,5.947511495113941393e+00,2.504202915214005642e+01
1.325999999993400138e+02,1.436431139964196007e+02,9.211081536666460678e+00,5.942560227126309158e+00,2.505118115889665731e+01
1.326999999993400081e+02,1.437521560901017779e+02,9.212693427018855630e+00,5.939869963790657792e+00,2.506063469616539763e+01
1.327999999993299980e+02,1.438649910845785200e+02,9.215225081796637241e+00,5.937148799188130432e+00,2.507021726933942318e+01
1.328999999993299923e+02,1.439832154481293855e+02,9.218005592297934925e+00,5.930693870668245715e+00,2.507972769661003554e+01
1.329999999993299866e+02,1.440928669021448059e+02,9.219489326730101908e+00,5.931357889663475547e+00,2.508671140117970211e+01
1.330999999993300094e+02,1.442046042438861093e+02,9.221622438509784914e+00,5.931572474550334206e+00,2.509511892956745172e+01
1.331999999993300037e+02,1.443277884329332608e+02,9.223263437159978650e+00,5.931247370540643438e+00,2.510508979248550787e+01
1.332999999993299980e+02,1.444423890083532172e+02,9.225563671888627582e+00,5.929982891269155232e+00,2.511252478388498588e+01
1.333999999993299923e+02,1.445519571979498608e+02,9.227685862886454871e+00,5.932740301438766295e+00,2.511895435448972691e+01
1.334999999993299866e+02,1.446554220082736606e+02,9.228913883399167517e+00,5.936530862615817306e+00,2.512749869248889922e+01
1.335999999993300094e+02,1.447620354956917197e+02,9.231265983450358092e+00,5.935669981075637480e+00,2.513459312608112839e+01
1.336999999993300037e+02,1.448720639557471941e+02,9.231920842537041594e+00,5.937344197730077155e+00,2.514171065668256944e+01
1.337999999993299980e+02,1.449818124057889008e+02,9.234064125515962118e+00,5.938463851109619718e+00,2.514949626929442772e+01
1.338999999993299923e+02,1.450942025719905075e+02,9.237985634570033966e+00,5.940874668129824343e+00,2.515842527416499763e+01
1.339999999993299866e+02,1.452088003487554886e+02,9.241893795493499653e+00,5.942947234064070550e+00,2.516860997556716839e+01
1.340999999993199765e+02,1.453138438694017509e+02,9.245457887477087411e+00,5.945274536739655780e+00,2.517765149423489390e+01
1.341999999993199992e+02,1.454239309943583578e+02,9.249464417604373878e+00,5.947761057733508494e+00,2.518810180998761794e+01
1.342999999993199935e+02,1.455367752183507832e+02,9.253400967180889225e+00,5.950190869637005164e+00,2.519938655334590294e+01
1.343999999993199879e+02,1.456509609421476057e+02,9.258766680035938279e+00,5.954333678925996409e+00,2.520992086902043283e+01
1.344999999993199822e+02,1.457522526546870267e+02,9.262756620470765867e+00,5.958874655692714128e+00,2.521745999738000066e+01
1.345999999993199765e+02,1.458438536263259664e+02,9.265342613257978144e+00,5.961104339526724694e+00,2.522504733647116737e+01
1.346999999993199992e+02,1.459335689088559604e+02,9.268846051219691518e+00,5.962021622537050369e+00,2.523212933811803182e+01
1.347999999993199935e+02,1.460239406842523522e+02,9.271249583226516933e+00,5.961043562350263336e+00,2.523879145775280719e+01
1.348999999993199879e+02,1.461186490612669502e+02,9.271792671273994202e+00,5.962863706140430153e+00,2.524325836699960490e+01
1.349999999993199822e+02,1.462270151737083950e+02,9.271432796981365243e+00,5.960021970812290348e+00,2.524706807863054792e+01
1.350999999993199765e+02,1.463331248469741013e+02,9.272098189068023188e+00,5.958717839081532297e+00,2.525232370783259839e+01
1.351999999993199992e+02,1.464338750723428006e+02,9.273379558724993643e+00,5.960496163096689948e+00,2.525973188917352275e+01
1.352999999993199935e+02,1.465357304551175162e+02,9.277001875099214701e+00,5.962714162028611042e+00,2.526956870880442452e+01
1.353999999993100118e+02,1.466381095055827473e+02,9.282629475472354841e+00,5.965612323343239431e+00,2.528036517775050029e+01
1.354999999993100062e+02,1.467468748709709985e+02,9.289159772787291658e+00,5.969909350998277020e+00,2.529358075651435556e+01
1.355999999993100005e+02,1.468494221927402350e+02,9.296613054544115684e+00,5.974553849623018387e+00,2.530975231668122660e+01
1.356999999993099948e+02,1.469438137338479180e+02,9.305381110325388505e+00,5.979634606529707241e+00,2.532506701603801247e+01
1.357999999993100175e+02,1.470456378396349919e+02,9.313561706412583518e+00,5.981048153065760431e+00,2.533830574631405597e+01
1.358999999993100118e+02,1.471412333493994140e+02,9.319190156588723184e+00,5.983711508427137282e+00,2.535217691940080087e+01
1.359999999993100062e+02,1.472322904039033347e+02,9.325437823876645993e+00,5.986660712227982017e+00,2.536580386024295208e+01
1.360999999993100005e+02,1.473239367831450011e+02,9.331612698066715339e+00,5.988360885335817230e+00,2.537980490670739542e+01
1.361999999993099948e+02,1.474180236885566444e+02,9.337027979141423017e+00,5.990504491848382962e+00,2.539505460305862883e+01
1.362999999993100175e+02,1.475271663382633562e+02,9.343150459293559251e+00,5.992754678098780374e+00,2.540825900221351574e+01
1.363999999993100118e+02,1.476269196968731592e+02,9.349073616610169779e+00,5.992402863375454913e+00,2.542308270348219068e+01
1.364999999993100062e+02,1.477360236507975628e+02,9.354120889599919053e+00,5.988430450603326349e+00,2.543833850645289019e+01
1.365999999992999960e+02,1.478316538756892271e+02,9.359656163200691381e+00,5.986738765716034472e+00,2.545311745832038852e+01
1.366999999992999903e+02,1.479243991474601785e+02,9.363970795663240310e+00,5.985660875386471069e+00,2.546794166886563104e+01
1.367999999992999847e+02,1.480255136282484045e+02,9.366895456085043037e+00,5.981856850932701697e+00,2.548077279219531377e+01
1.368999999993000074e+02,1.481295855961458017e+02,9.372964124005992659e+00,5.980629211385233290e+00,2.549498002494841487e+01
1.369999999993000017e+02,1.482257467753255469e+02,9.379504910458058120e+00,5.982123655509163029e+00,2.550852572194500212e+01
1.370999999992999960e+02,1.483233694744411650e+02,9.385737167046679374e+00,5.984925240682250625e+00,2.552252424282349708e+01
1.371999999992999903e+02,1.484207665853427898e+02,9.391973090866304830e+00,5.986423235556641131e+00,2.553688667568806991e+01
1.372999999992999847e+02,1.485165719945837566e+02,9.398323144103711613e+00,5.987416518701470736e+00,2.555027350938865283e+01
1.373999999993000074e+02,1.486175091326414588e+02,9.405045326985336018e+00,5.986465138145399045e+00,2.556162605571521595e+01
1.374999999993000017e+02,1.487195728021001742e+02,9.411362140838880563e+00,5.989948840515376460e+00,2.557346341618378105e+01
1.375999999992999960e+02,1.488097194812382611e+02,9.416738283817787547e+00,5.990691495036650771e+00,2.558569016056085488e+01
1.376999999992999903e+02,1.489102358943660249e+02,9.424637575491592756e+00,5.994002636662944639e+00,2.559988049816265487e+01
1.377999999992999847e+02,1.490214204245592953e+02,9.432768765423618973e+00,5.995360065194502042e+00,2.561351966142789394e+01
1.378999999992900030e+02,1.491357623622473056e+02,9.439520879526087427e+00,5.996152867900700123e+00,2.562773876730110700e+01
1.379999999992900257e+02,1.492501994125941280e+02,9.446170768544861929e+00,5.997344763361257769e+00,2.564146407672809147e+01
1.380999999992900200e+02,1.493485428178976235e+02,9.454031861114962965e+00,5.997588643023291866e+00,2.565439432793024466e+01
1.381999999992900143e+02,1.494478561848957554e+02,9.460765062429675964e+00,5.997183908481527936e+00,2.566893068001995104e+01
1.382999999992900086e+02,1.495410804705470014e+02,9.469511298126411347e+00,5.998069587157447202e+00,2.568551841194796026e+01
1.383999999992900030e+02,1.496473865710027553e+02,9.479078275100842887e+00,5.999250027524772655e+00,2.570194034812429251e+01
1.384999999992900257e+02,1.497459787166942249e+02,9.488165408036389081e+00,6.003410510619008988e+00,2.571691969628149366e+01
1.385999999992900200e+02,1.498447821218859701e+02,9.497427829322127479e+00,6.005416941651363416e+00,2.573003254571212395e+01
1.386999999992900143e+02,1.499371613198631792e+02,9.506173002485240886e+00,6.007303840437609566e+00,2.574420460121645959e+01
1.387999999992900086e+02,1.500333260668881508e+02,9.515400992003716141e+00,6.009593881352569333e+00,2.575803351409915010e+01
1.388999999992900030e+02,1.501319858959341218e+02,9.524922519638368001e+00,6.014388775499203810e+00,2.577251659161614228e+01
1.389999999992900257e+02,1.502356948200645661e+02,9.532964998362389863e+00,6.015587346331233931e+00,2.578850771468380998e+01
1.390999999992900200e+02,1.503386366504761327e+02,9.542479873190313100e+00,6.014771108681880918e+00,2.580564290166549313e+01
1.391999999992800099e+02,1.504333054692386895e+02,9.555399405634046772e+00,6.019587623571513113e+00,2.582431765690760628e+01
1.392999999992800042e+02,1.505319377820587476e+02,9.567778971017464329e+00,6.020411053376346189e+00,2.584380476976029328e+01
1.393999999992799985e+02,1.506331334488635036e+02,9.578387418156268041e+00,6.020868900193104167e+00,2.586230091498332584e+01
1.394999999992799928e+02,1.507339498305576626e+02,9.589073143782597342e+00,6.022537574971378760e+00,2.588073547599574553e+01
1.395999999992799872e+02,1.508372563568135831e+02,9.599917056233746138e+00,6.028306118872364117e+00,2.589921387365518157e+01
1.396999999992800099e+02,1.509419012568923222e+02,9.608624836446175266e+00,6.032961664761178788e+00,2.591721927249475499e+01
1.397999999992800042e+02,1.510538213100048210e+02,9.615591560285105643e+00,6.036605585572251798e+00,2.593051794535448806e+01
1.398999999992799985e+02,1.511601332339097894e+02,9.621255486552911407e+00,6.039287786969901539e+00,2.594302986592200355e+01
1.399999999992799928e+02,1.512568365876716996e+02,9.627221362787244274e+00,6.039194994668396710e+00,2.595589276692013669e+01
1.400999999992799872e+02,1.513592693769009259e+02,9.632729337855723273e+00,6.040861627458735228e+00,2.597073130327387602e+01
1.401999999992800099e+02,1.514655682910398866e+02,9.636842071471138027e+00,6.038184765182259106e+00,2.598416336184138586e+01
1.402999999992800042e+02,1.515695301484615811e+02,9.640842882192421470e+00,6.041801533805539748e+00,2.599574369985951705e+01
1.403999999992799985e+02,1.516739503855732778e+02,9.644960960640611702e+00,6.041384443941115734e+00,2.600830413690598064e+01
1.404999999992699884e+02,1.517730824537469516e+02,9.650219208702839779e+00,6.040954019031818945e+00,2.602061348178402156e+01
1.405999999992699827e+02,1.518803423401359112e+02,9.656042881206500894e+00,6.039705234333881734e+00,2.603248851413848897e+01
1.406999999992699770e+02,1.519809701917821201e+02,9.660770555437434126e+00,6.039142137755929340e+00,2.604319028010448633e+01
1.407999999992699998e+02,1.520833814197072797e+02,9.664723934122347870e+00,6.036253473617230192e+00,2.605478521183924556e+01
1.408999999992699941e+02,1.521788244676475585e+02,9.668200267541244841e+00,6.031423858530771120e+00,2.606598740677437931e+01
1.409999999992699884e+02,1.522777619429851654e+02,9.669552580976672473e+00,6.025619317880762438e+00,2.607799540221146373e+01
1.410999999992699827e+02,1.523687351994905441e+02,9.672931012185438604e+00,6.019418097338321338e+00,2.609088265072521651e+01
1.411999999992699770e+02,1.524639161767443625e+02,9.676713817189231293e+00,6.014809654604895250e+00,2.610477906702806550e+01
1.412999999992699998e+02,1.525618219979313039e+02,9.679114810206318253e+00,6.007786263555177975e+00,2.611762956929494806e+01
1.413999999992699941e+02,1.526547573677852654e+02,9.681089559162638025e+00,6.003406258450897148e+00,2.612987121245094002e+01
1.414999999992699884e+02,1.527566823431194507e+02,9.683106467745407286e+00,5.997537574609481226e+00,2.614395423441595767e+01
1.415999999992699827e+02,1.528560553184493926e+02,9.686127410938944138e+00,5.992071740601365271e+00,2.615594115505405526e+01
1.416999999992699770e+02,1.529504493074944946e+02,9.689564339121174541e+00,5.987146119412888545e+00,2.616731748054843720e+01
1.417999999992599953e+02,1.530397540792314430e+02,9.693445539770374708e+00,5.985262834048715064e+00,2.617859003028143050e+01
1.418999999992600181e+02,1.531399073957999519e+02,9.697133689803186130e+00,5.981807611561857030e+00,2.619046851560057476e+01
1.419999999992600124e+02,1.532444517525161700e+02,9.700995671414952781e+00,5.976734260760824924e+00,2.620465889900069101e+01
1.420999999992600067e+02,1.533396242888093752e+02,9.706349832098462471e+00,5.972384493665531480e+00,2.621913762511061563e+01
1.421999999992600010e+02,1.534300039658388357e+02,9.712469178637791245e+00,5.970502417165551634e+00,2.623340406924798884e+01
1.422999999992599953e+02,1.535246254550669391e+02,9.719388931262205489e+00,5.967915722713027726e+00,2.624703982384722067e+01
1.423999999992600181e+02,1.536272162474369338e+02,9.725830257866263651e+00,5.969111269136015530e+00,2.626212454412213404e+01
1.424999999992600124e+02,1.537216376695596409e+02,9.734484369750282085e+00,5.969904934281855979e+00,2.627816104160886823e+01
1.425999999992600067e+02,1.538182222343431818e+02,9.742062550772612184e+00,5.970207098172534366e+00,2.629332324758830453e+01
1.426999999992600010e+02,1.539262190075752130e+02,9.750153843573068357e+00,5.971002215073059283e+00,2.630837925807178834e+01
1.427999999992599953e+02,1.540320047384146278e+02,9.756338030293894903e+00,5.972878005098479548e+00,2.632286501403313039e+01
1.428999999992600181e+02,1.541392519677397388e+02,9.761691518597103823e+00,5.973777046985627059e+00,2.633683068051198362e+01
1.429999999992600124e+02,1.542521232656042969e+02,9.765287168609363633e+00,5.970588039873280017e+00,2.634882316163349003e+01
1.430999999992500022e+02,1.543603593934145977e+02,9.769172696629395247e+00,5.968673544086764871e+00,2.635786597037931500e+01
1.431999999992499966e+02,1.544674613717069747e+02,9.773211984209046577e+00,5.965559304033851262e+00,2.636962948941418006e+01
1.432999999992499909e+02,1.545610353340878476e+02,9.777438654548300079e+00,5.966120803511477888e+00,2.638299570178792308e+01
1.433999999992499852e+02,1.546708172330560558e+02,9.783091995875107472e+00,5.963468621070828313e+00,2.639499723233971551e+01
1.434999999992500079e+02,1.547759567703674008e+02,9.786696596632568301e+00,5.962224308818201202e+00,2.640615223529106004e+01
1.435999999992500022e+02,1.548886769788580011e+02,9.789149133817899084e+00,5.961589737632605690e+00,2.641840990541638590e+01
1.436999999992499966e+02,1.549957110777802995e+02,9.794151349757921565e+00,5.959758896812617834e+00,2.643055100538646940e+01
1.437999999992499909e+02,1.551132050767190265e+02,9.801028951644381593e+00,5.959701498817887355e+00,2.644146681746925509e+01
1.438999999992499852e+02,1.552201308224475156e+02,9.806229762228014124e+00,5.959159856814686407e+00,2.645287186065701945e+01
1.439999999992500079e+02,1.553261246328280549e+02,9.810183652601523363e+00,5.960174115104249992e+00,2.646501188404822358e+01
1.440999999992500022e+02,1.554109852605453170e+02,9.812175454058134960e+00,5.957557438473393141e+00,2.647686215876379023e+01
1.441999999992499966e+02,1.554970659593708149e+02,9.812861971585220999e+00,5.955973398059630775e+00,2.648477304179786174e+01
1.442999999992499909e+02,1.555931442879837618e+02,9.812990990999887586e+00,5.955349001186239555e+00,2.649068624854647425e+01
1.443999999992400092e+02,1.556972915753588325e+02,9.812416692932394824e+00,5.956791974619761731e+00,2.649600527573055686e+01
1.444999999992400035e+02,1.557980066474438559e+02,9.811749816206246422e+00,5.956407570083499081e+00,2.649998672412949574e+01
1.445999999992399978e+02,1.559100238258723721e+02,9.809747130716663932e+00,5.955500047619167958e+00,2.650357904217892013e+01
1.446999999992400205e+02,1.560195114329946762e+02,9.808983494853045215e+00,5.954818757019922693e+00,2.650865573261429731e+01
1.447999999992400149e+02,1.561244771680642600e+02,9.808969508178810415e+00,5.956015386322196292e+00,2.651530157091171347e+01
1.448999999992400092e+02,1.562413228193217378e+02,9.810055107413651498e+00,5.957836645386732854e+00,2.652521110209252342e+01
1.449999999992400035e+02,1.563464298142812083e+02,9.812469803654911615e+00,5.960516308419134823e+00,2.653433839241173686e+01
1.450999999992399978e+02,1.564536443386712392e+02,9.816112305680235295e+00,5.964982851004694275e+00,2.654457213366452706e+01
1.451999999992400205e+02,1.565637182176181170e+02,9.819497091278561740e+00,5.967620861702002344e+00,2.655647424788586974e+01
1.452999999992400149e+02,1.566939020728239598e+02,9.821387424142017153e+00,5.969316100168475359e+00,2.656807145762655509e+01
1.453999999992400092e+02,1.568105310643653070e+02,9.821987667063448058e+00,5.970855276352592611e+00,2.657806874901603322e+01
1.454999999992400035e+02,1.569230678849022809e+02,9.824013860898180184e+00,5.970612975491823349e+00,2.658978198734926934e+01
1.455999999992299934e+02,1.570370201866132618e+02,9.828008937714196591e+00,5.972758722496517514e+00,2.660166851746389938e+01
1.456999999992299877e+02,1.571531866805670461e+02,9.832770097447756541e+00,5.974602095547662195e+00,2.661138543753444097e+01
1.457999999992300104e+02,1.572573326961972384e+02,9.836258706709008592e+00,5.975929506301701721e+00,2.661808252478740400e+01
1.458999999992300047e+02,1.573629098087180012e+02,9.837763263155704152e+00,5.976007164843756492e+00,2.662441209453703905e+01
1.459999999992299990e+02,1.574663595660661883e+02,9.837697950065816599e+00,5.979647216485781236e+00,2.663213317650974687e+01
1.460999999992299934e+02,1.575710954170381228e+02,9.837068035029250979e+00,5.982039495933019424e+00,2.663977366608331110e+01
1.461999999992299877e+02,1.576754804716789522e+02,9.835518038947387964e+00,5.985037935542704801e+00,2.664776243008953216e+01
1.462999999992300104e+02,1.577889577698090307e+02,9.835256773448097789e+00,5.990813978134540640e+00,2.665528601588344060e+01
1.463999999992300047e+02,1.579050840220153020e+02,9.837278917808950141e+00,5.993543111350664532e+00,2.666405096057797053e+01
1.464999999992299990e+02,1.580372779057244941e+02,9.837288383673058689e+00,5.995356125141195314e+00,2.667065689742732459e+01
1.465999999992299934e+02,1.581670735389331810e+02,9.838491950951688381e+00,5.995419573281110637e+00,2.667787752800775536e+01
1.466999999992299877e+02,1.582960153968450925e+02,9.840732009157260762e+00,5.991199117538000607e+00,2.668699465038184471e+01
1.467999999992300104e+02,1.584122581949092137e+02,9.840198622344322743e+00,5.986493276126393148e+00,2.669750549766573400e+01
1.468999999992200003e+02,1.585419907277919265e+02,9.840045122573723546e+00,5.979848054138275693e+00,2.670758744021885533e+01
1.469999999992199946e+02,1.586707275316815071e+02,9.838624567182993275e+00,5.971678426836244391e+00,2.671361435238212323e+01
1.470999999992199889e+02,1.587939843274083671e+02,9.836942512422657714e+00,5.964266407252988067e+00,2.671934412756009891e+01
1.471999999992199832e+02,1.589136623793385183e+02,9.835531432608970448e+00,5.957297567302128449e+00,2.672317579443802771e+01
1.472999999992199776e+02,1.590377825683520143e+02,9.832229591735190510e+00,5.952464897265383748e+00,2.672776838317261294e+01
1.473999999992200003e+02,1.591560342116843003e+02,9.826680422359704181e+00,5.943110835854122698e+00,2.673127715347794364e+01
1.474999999992199946e+02,1.592757915320363793e+02,9.822134311810261309e+00,5.934782268229302105e+00,2.673458571519350002e+01
1.475999999992199889e+02,1.593970028506607832e+02,9.816729702164993299e+00,5.927583258782518350e+00,2.673903877461372147e+01
1.476999999992199832e+02,1.595304426646722789e+02,9.811077483993990711e+00,5.919891863688213185e+00,2.674172230289306285e+01
1.477999999992199776e+02,1.596500366885014444e+02,9.806085005451643966e+00,5.909308365983048539e+00,2.674476995112365429e+01
1.478999999992200003e+02,1.597814586130192822e+02,9.800800198518057726e+00,5.900073393310520053e+00,2.674729390953468666e+01
1.479999999992199946e+02,1.599142128452403426e+02,9.797204172709594872e+00,5.894981538102312513e+00,2.674956444912276154e+01
1.480999999992199889e+02,1.600417636690787333e+02,9.795067099996643378e+00,5.889249323685869619e+00,2.675121867031011647e+01
1.481999999992100072e+02,1.601606523329257925e+02,9.793160125289173124e+00,5.887583789101168641e+00,2.675573568585765116e+01
1.482999999992100015e+02,1.602919967485979384e+02,9.790664499225853135e+00,5.883887107114588844e+00,2.675894325558935094e+01
1.483999999992099958e+02,1.604251937045596037e+02,9.786153190354605513e+00,5.879713371648139564e+00,2.676057120422692392e+01
1.484999999992100186e+02,1.605590837704035607e+02,9.782562828446659253e+00,5.878054469025097539e+00,2.676143129909333496e+01
1.485999999992100129e+02,1.606830137206087272e+02,9.780055709106340700e+00,5.876351374612399425e+00,2.676366001323645705e+01
1.486999999992100072e+02,1.608067715484516782e+02,9.776586632593708970e+00,5.873594888401449943e+00,2.676501808284410089e+01
1.487999999992100015e+02,1.609300189207610572e+02,9.773944691051811517e+00,5.867935606838986295e+00,2.676811262519933976e+01
1.488999999992099958e+02,1.610470679040658695e+02,9.770500979274009623e+00,5.862123839371965239e+00,2.677037779780767224e+01
1.489999999992100186e+02,1.611798793485411068e+02,9.768138667709724388e+00,5.854632056284635233e+00,2.677301918414832116e+01
1.490999999992100129e+02,1.613103995908324748e+02,9.766976348580113765e+00,5.848845477282704763e+00,2.677565189127104262e+01
1.491999999992100072e+02,1.614512911650366789e+02,9.766792619062721670e+00,5.846693674639155347e+00,2.677991793921140129e+01
1.492999999992100015e+02,1.615871328292491000e+02,9.767903625131133083e+00,5.845223037027272639e+00,2.678734143514033050e+01
1.493999999992099958e+02,1.617315542080032174e+02,9.769208248456779486e+00,5.844700982801920297e+00,2.679607323634117932e+01
1.494999999991999857e+02,1.618802953018763731e+02,9.770444209014517156e+00,5.841651989140312473e+00,2.680502171678410051e+01
1.495999999991999800e+02,1.620238615323958413e+02,9.770144806462282006e+00,5.839331924956842279e+00,2.681306821514256455e+01
1.496999999992000028e+02,1.621733341788315670e+02,9.769747145428985036e+00,5.839049111114261059e+00,2.682088908814920103e+01
1.497999999991999971e+02,1.623162723088114490e+02,9.770192442538691679e+00,5.841620807109450197e+00,2.682989277655739713e+01
1.498999999991999914e+02,1.624630705304491585e+02,9.770051845339052576e+00,5.841283480856339416e+00,2.683849839700237538e+01
1.499999999991999857e+02,1.626095792771693311e+02,9.770685567374476577e+00,5.840751595303745880e+00,2.684701350656929364e+01
1.500999999991999800e+02,1.627591993958057230e+02,9.770829405445036642e+00,5.843470869117242117e+00,2.685536496685567798e+01
1.501999999992000028e+02,1.629073752002644540e+02,9.771949283595356306e+00,5.845720056218421945e+00,2.686509990107833445e+01
1.502999999991999971e+02,1.630503192810884343e+02,9.773961492310675681e+00,5.849887182190610879e+00,2.687183381269530713e+01
1.503999999991999914e+02,1.631997244126708893e+02,9.776177884124244599e+00,5.853331619289824594e+00,2.687970364658488975e+01
1.504999999991999857e+02,1.633421947064386472e+02,9.778297097991936582e+00,5.852641991301505975e+00,2.688871773332337511e+01
1.505999999991999800e+02,1.634799476494232806e+02,9.782140268446777753e+00,5.857648781481358036e+00,2.689618060615940109e+01
1.506999999992000028e+02,1.636150847901688792e+02,9.784956175679697665e+00,5.861711442009452711e+00,2.690271809261711411e+01
1.507999999991900211e+02,1.637698856104776155e+02,9.787728008911033228e+00,5.861924419100610351e+00,2.690979401798913528e+01
1.508999999991900154e+02,1.639297335841045538e+02,9.790391970440936120e+00,5.866635619997675910e+00,2.691729638124450474e+01
1.509999999991900097e+02,1.640814268406952579e+02,9.792127074269400211e+00,5.866228712221665198e+00,2.692665394970087434e+01
1.510999999991900040e+02,1.642433403581923983e+02,9.794366876753164419e+00,5.867812588193575429e+00,2.693410338718472019e+01
1.511999999991899983e+02,1.644044197807927503e+02,9.797830001670142508e+00,5.865484883464421983e+00,2.694278574247763558e+01
1.512999999991900211e+02,1.645583045627328147e+02,9.800000109329854325e+00,5.860393665606272506e+00,2.695220298062896802e+01
1.513999999991900154e+02,1.647100386847019422e+02,9.801855610842769906e+00,5.855334099681408944e+00,2.696006932484365493e+01
1.514999999991900097e+02,1.648655433708593421e+02,9.802921856226069153e+00,5.850397841856667114e+00,2.696773448356822200e+01
1.515999999991900040e+02,1.650047601948947431e+02,9.802287865346070106e+00,5.842789071272970425e+00,2.697604958501121786e+01
1.516999999991899983e+02,1.651433806148241104e+02,9.801905709813638623e+00,5.834192360940587463e+00,2.698243766004947020e+01
1.517999999991900211e+02,1.652780971132769139e+02,9.800718130659801020e+00,5.824948594056216677e+00,2.698766938112803615e+01
1.518999999991900154e+02,1.654106718418781838e+02,9.802024618341979689e+00,5.816885166797614914e+00,2.699380975868935195e+01
1.519999999991900097e+02,1.655479315400947655e+02,9.804257661859727691e+00,5.809570474442181442e+00,2.700261380752059637e+01
1.520999999991799996e+02,1.656817078893322446e+02,9.805605729736196707e+00,5.801087840893794478e+00,2.700997415174460770e+01
1.521999999991799939e+02,1.658156219733077421e+02,9.806120825014874143e+00,5.789361552187019200e+00,2.701885166871490540e+01
1.522999999991799882e+02,1.659662815078910683e+02,9.806926556336158285e+00,5.783005083300692739e+00,2.702683382280747537e+01
1.523999999991800109e+02,1.661046885273206897e+02,9.808110027744582737e+00,5.773984694470370549e+00,2.703800264453676405e+01
1.524999999991800053e+02,1.662467601485786588e+02,9.808099811804174450e+00,5.766536368452127803e+00,2.704949932992937534e+01
1.525999999991799996e+02,1.664039454222095173e+02,9.807560570974489522e+00,5.759079563825960868e+00,2.705746480780315011e+01
1.526999999991799939e+02,1.665422820636520100e+02,9.806613366673792243e+00,5.755751277903490504e+00,2.706630217139941408e+01
1.527999999991799882e+02,1.666869547101119906e+02,9.805719149932858869e+00,5.752163754436018905e+00,2.707316248856993823e+01
1.528999999991800109e+02,1.668364111683280271e+02,9.807206556476694814e+00,5.747027373776250059e+00,2.708013723314291354e+01
1.529999999991800053e+02,1.669836488527012648e+02,9.806072582173426255e+00,5.744203895467071774e+00,2.708507429732761906e+01
1.530999999991799996e+02,1.671282352004394056e+02,9.805805834960898082e+00,5.740974986308721384e+00,2.708926436641789337e+01
1.531999999991799939e+02,1.672744978671974252e+02,9.804246546451345523e+00,5.736972767486256508e+00,2.709054990735996427e+01
1.532999999991799882e+02,1.674287138373797461e+02,9.800534000115456834e+00,5.732325997307641252e+00,2.709090923904492598e+01
1.533999999991699781e+02,1.675891582558922721e+02,9.796857776601793688e+00,5.723961279643362765e+00,2.709339560522457546e+01
1.534999999991700008e+02,1.677512775406433434e+02,9.793571626694111742e+00,5.712636349366098543e+00,2.709952841712381399e+01
1.535999999991699951e+02,1.679141980282675775e+02,9.790987080525631825e+00,5.705675963744607060e+00,2.710575948172171579e+01
1.536999999991699895e+02,1.680702703009947925e+02,9.790701704963018059e+00,5.699772102416805986e+00,2.711097446020125190e+01
1.537999999991699838e+02,1.682309122868736608e+02,9.790088338271024426e+00,5.695782883907517302e+00,2.711701641334761348e+01
1.538999999991699781e+02,1.683843784360900884e+02,9.790128829084260076e+00,5.687364304493886635e+00,2.712183391092954565e+01
1.539999999991700008e+02,1.685410070391710633e+02,9.789379059825980889e+00,5.680856453034835774e+00,2.712787067940951857e+01
1.540999999991699951e+02,1.686950974522299305e+02,9.791307734002138830e+00,5.677853058417405840e+00,2.713651121833632018e+01
1.541999999991699895e+02,1.688340496251906586e+02,9.795103924356277858e+00,5.677846019035885483e+00,2.714437149666135696e+01
1.542999999991699838e+02,1.689785974375086823e+02,9.800157843024237536e+00,5.681533679622335242e+00,2.715409968461190715e+01
1.543999999991699781e+02,1.691307947518029380e+02,9.806307941609416545e+00,5.686611293133128520e+00,2.716074606724565754e+01
1.544999999991700008e+02,1.692718866222215581e+02,9.814016395884921806e+00,5.689901520761966758e+00,2.716988843817905419e+01
1.545999999991600191e+02,1.694157810311476169e+02,9.821714732709452278e+00,5.691635600038060794e+00,2.718355913815670988e+01
1.546999999991600134e+02,1.695635563152271175e+02,9.829536644509135002e+00,5.695904877770807673e+00,2.719647823021702493e+01
1.547999999991600077e+02,1.697024934935718647e+02,9.838393948856605675e+00,5.698818638654947755e+00,2.721004349618989338e+01
1.548999999991600021e+02,1.698433227019991705e+02,9.845339806029041796e+00,5.698875718979466320e+00,2.722197418841086147e+01
1.549999999991599964e+02,1.699913110223693025e+02,9.851455707767843961e+00,5.701882733429296302e+00,2.723481447748173068e+01
1.550999999991600191e+02,1.701410447158015415e+02,9.857773070786162606e+00,5.703183493207489185e+00,2.724754027757232322e+01
1.551999999991600134e+02,1.702904844715426407e+02,9.863485187136113552e+00,5.705465923126940453e+00,2.725433932922517499e+01
1.552999999991600077e+02,1.704506385417529088e+02,9.869004723586598971e+00,5.704581592661738476e+00,2.726048863241952702e+01
1.553999999991600021e+02,1.706099094864026426e+02,9.874324167804250152e+00,5.705429511945859566e+00,2.726709100733597424e+01
1.554999999991599964e+02,1.707752399116121182e+02,9.880093686538472753e+00,5.705741353040919783e+00,2.727476307030995528e+01
1.555999999991600191e+02,1.709268458896327729e+02,9.884353806298642908e+00,5.705505266008277232e+00,2.728372198906701485e+01
1.556999999991600134e+02,1.710805121388005432e+02,9.887332824973396939e+00,5.703133103757807021e+00,2.729418306118731152e+01
1.557999999991600077e+02,1.712358542349077766e+02,9.889644050961116761e+00,5.700920184530036572e+00,2.730609093344920879e+01
1.558999999991499976e+02,1.713881016336688106e+02,9.892246204607573645e+00,5.698461946203827289e+00,2.731704975329167340e+01
1.559999999991499919e+02,1.715517343662108374e+02,9.895028381648845794e+00,5.697963936644350191e+00,2.732817452277860681e+01
1.560999999991499863e+02,1.717102250019327982e+02,9.896146661011563594e+00,5.698645829330167167e+00,2.733665075729023997e+01
1.561999999991499806e+02,1.718774814597971670e+02,9.898467966885830194e+00,5.697686162168612789e+00,2.734278471866881688e+01
1.562999999991500033e+02,1.720364416837395538e+02,9.899558800218191124e+00,5.695648713033426347e+00,2.734784691991450956e+01
1.563999999991499976e+02,1.721913855071873058e+02,9.898850915974792386e+00,5.692629522946466736e+00,2.735259375387175496e+01
1.564999999991499919e+02,1.723444779481946796e+02,9.899288900575328398e+00,5.692028553378735367e+00,2.735858818259720948e+01
1.565999999991499863e+02,1.724933591653639837e+02,9.901203301292927250e+00,5.687369915531754749e+00,2.736354575146560109e+01
1.566999999991499806e+02,1.726409466528595829e+02,9.902404044617295398e+00,5.685106455667479075e+00,2.737016423233046325e+01
1.567999999991500033e+02,1.727895945486977496e+02,9.904530121059320180e+00,5.684518852405965106e+00,2.737595985662847298e+01
1.568999999991499976e+02,1.729236007110367837e+02,9.905473965354000043e+00,5.686329144017390647e+00,2.738045795199646903e+01
1.569999999991499919e+02,1.730687606796101079e+02,9.903923925435416109e+00,5.681449538306681646e+00,2.738149066132113774e+01
1.570999999991499863e+02,1.732220314918282043e+02,9.902789027156064350e+00,5.677753870275709325e+00,2.738091944077723738e+01
1.571999999991400045e+02,1.733695587772783711e+02,9.901236122567276254e+00,5.678956375751138985e+00,2.737966511197934238e+01
1.572999999991399989e+02,1.735131800042156556e+02,9.899836395747056983e+00,5.676229189743630776e+00,2.737972499902932100e+01
1.573999999991400216e+02,1.736695704677689491e+02,9.897850856483049853e+00,5.673815676522311335e+00,2.738415960283745676e+01
1.574999999991400159e+02,1.738322906865028017e+02,9.895170081448705801e+00,5.675037407506672515e+00,2.739016657914412178e+01
1.575999999991400102e+02,1.739908770359066352e+02,9.891434455858044927e+00,5.669991979637479140e+00,2.739780594762843435e+01
1.576999999991400045e+02,1.741614022883015025e+02,9.889912072045047964e+00,5.668015422324821806e+00,2.740289196859953336e+01
1.577999999991399989e+02,1.743258461928874112e+02,9.888983578485948556e+00,5.665594115973021871e+00,2.740853103503656740e+01
1.578999999991400216e+02,1.744812575775343646e+02,9.887280617666487359e+00,5.657367499229129848e+00,2.741494488115847616e+01
1.579999999991400159e+02,1.746340413847945570e+02,9.883594592356384823e+00,5.650406416095391293e+00,2.742217490193836582e+01
1.580999999991400102e+02,1.747811916516666315e+02,9.882207118776479504e+00,5.642819326518579537e+00,2.742792745643252061e+01
1.581999999991400045e+02,1.749421125831219683e+02,9.884591621255454541e+00,5.637459207065415256e+00,2.743212423195773653e+01
1.582999999991399989e+02,1.751027553469544387e+02,9.887451713022516131e+00,5.632995307692732823e+00,2.743933921763340678e+01
1.583999999991400216e+02,1.752717250655531416e+02,9.890875611241348508e+00,5.633780622236346680e+00,2.744601181067104534e+01
1.584999999991300115e+02,1.754566640146208272e+02,9.895928744994440862e+00,5.634950872915521991e+00,2.745615508627834700e+01
1.585999999991300058e+02,1.756303087422143392e+02,9.901825515654920196e+00,5.634108439638819910e+00,2.747017406670772388e+01
1.586999999991300001e+02,1.758087521629529135e+02,9.907965432402079387e+00,5.632110547615609697e+00,2.748370582593391376e+01
1.587999999991299944e+02,1.759857500015301923e+02,9.913984335089173427e+00,5.628462729580750334e+00,2.749708678656455163e+01
1.588999999991299887e+02,1.761586163226336339e+02,9.917739722462204810e+00,5.625834430016532828e+00,2.750744683840811788e+01
1.589999999991300115e+02,1.763159320550101370e+02,9.923306038660014039e+00,5.625721317747112593e+00,2.751781983567037315e+01
1.590999999991300058e+02,1.764976874572755037e+02,9.927383275660380590e+00,5.624855832412569256e+00,2.752652205701970445e+01
1.591999999991300001e+02,1.766837078227585209e+02,9.927897495002914852e+00,5.618902772810418611e+00,2.753330545040240906e+01
1.592999999991299944e+02,1.768692145345889628e+02,9.926651685569366279e+00,5.618635353339850091e+00,2.753758607065030262e+01
1.593999999991299887e+02,1.770488826013986738e+02,9.925121972604191711e+00,5.618407514962648897e+00,2.754178844024677275e+01
1.594999999991300115e+02,1.772310607101216249e+02,9.924189430345082386e+00,5.620103880386437822e+00,2.754711610155577617e+01
1.595999999991300058e+02,1.774173285653016876e+02,9.926498968771447551e+00,5.627317626287955399e+00,2.755326637609188722e+01
1.596999999991300001e+02,1.776041786337111716e+02,9.931253667510562266e+00,5.630325476773478499e+00,2.756416602185839793e+01
1.597999999991199900e+02,1.777967257552849389e+02,9.934051011188046232e+00,5.637808119323487688e+00,2.757482164308112971e+01
1.598999999991199843e+02,1.779911271282226437e+02,9.937911316007573603e+00,5.642203237645582625e+00,2.758311755407304844e+01
1.599999999991199786e+02,1.781895262382656426e+02,9.940776544721185104e+00,5.643708840376906011e+00,2.759184244853585000e+01
1.600999999991200013e+02,1.783765287767530765e+02,9.942588125337211480e+00,5.647377702967240509e+00,2.760238198788009001e+01
1.601999999991199957e+02,1.785835310529643891e+02,9.943507982449657945e+00,5.648283530993054136e+00,2.761367157721942789e+01
1.602999999991199900e+02,1.787900478740140500e+02,9.945518735741254446e+00,5.650308233102038002e+00,2.762454360561700284e+01
1.603999999991199843e+02,1.789919060216514595e+02,9.947656141918949757e+00,5.653509982015298974e+00,2.763493471992280703e+01
1.604999999991199786e+02,1.791995292093926651e+02,9.951044678340522864e+00,5.658766175777264706e+00,2.764152667896251714e+01
1.605999999991200013e+02,1.794196156308256889e+02,9.953776403958245922e+00,5.661455237398572038e+00,2.765009543643299494e+01
1.606999999991199957e+02,1.796220257977771269e+02,9.955310121338500906e+00,5.667990325953965680e+00,2.766099179198107905e+01
1.607999999991199900e+02,1.798204932029049985e+02,9.957258945274837458e+00,5.672778791589438541e+00,2.767012332393919039e+01
1.608999999991199843e+02,1.800250423559645299e+02,9.958662964555063724e+00,5.677281174100366812e+00,2.767775428355521683e+01
1.609999999991199786e+02,1.802376069932964811e+02,9.959276601291186637e+00,5.685544123776455017e+00,2.768286615797685712e+01
1.610999999991099969e+02,1.804475158912809150e+02,9.959819387524001755e+00,5.694300211115401744e+00,2.768555878663789116e+01
1.611999999991099912e+02,1.806447412688299892e+02,9.958642020941985251e+00,5.699263541655752441e+00,2.768748670388828259e+01
1.612999999991100140e+02,1.808434550008134920e+02,9.957146238952709894e+00,5.705072881271086693e+00,2.768721802354214034e+01
1.613999999991100083e+02,1.810200989176295252e+02,9.955454867963590360e+00,5.710534533247396460e+00,2.768631406354047542e+01
1.614999999991100026e+02,1.811840860702662894e+02,9.950802733197489758e+00,5.711345263327341826e+00,2.768644020668601513e+01
1.615999999991099969e+02,1.813607640480004477e+02,9.945521107792835380e+00,5.713091442906362616e+00,2.768721981181213110e+01
1.616999999991099912e+02,1.815560280962204729e+02,9.940774855154542067e+00,5.710607583755257899e+00,2.769014777864135723e+01
1.617999999991100140e+02,1.817676765136898496e+02,9.938891959812911736e+00,5.712751070409538556e+00,2.769789110151481282e+01
1.618999999991100083e+02,1.819604498277755908e+02,9.940256427472382583e+00,5.718881849980467003e+00,2.770722147206269170e+01
1.619999999991100026e+02,1.821536569052260006e+02,9.944006238212340421e+00,5.721373676189927870e+00,2.771634450814586259e+01
1.620999999991099969e+02,1.823524432962725257e+02,9.946178198819586314e+00,5.725881278191238266e+00,2.772596175343695535e+01
1.621999999991099912e+02,1.825454555077860732e+02,9.946677613841716337e+00,5.730572397020067044e+00,2.773515835559102527e+01
1.622999999991100140e+02,1.827327076345265482e+02,9.947979770256701215e+00,5.729689552588865809e+00,2.774437231128649373e+01
1.623999999991000038e+02,1.829076453826902195e+02,9.948180795300874735e+00,5.730516373019633569e+00,2.775346998784499419e+01
1.624999999990999981e+02,1.830947899819833822e+02,9.949253505248130125e+00,5.733286228334995904e+00,2.776238418201275593e+01
1.625999999990999925e+02,1.832842540821182524e+02,9.953092512982028239e+00,5.736477471884416701e+00,2.777368343829211028e+01
1.626999999990999868e+02,1.834726834020650301e+02,9.961875568202572140e+00,5.742509482844212698e+00,2.778877158982017548e+01
1.627999999990999811e+02,1.836638386070778495e+02,9.972227110010434714e+00,5.749247900752498808e+00,2.780562829459251972e+01
1.628999999991000038e+02,1.838602197794296274e+02,9.982203054096643768e+00,5.754360228064337335e+00,2.782616050695897769e+01
1.629999999990999981e+02,1.840538417612047795e+02,9.993532670909134552e+00,5.756666516705509551e+00,2.784761126987462632e+01
1.630999999990999925e+02,1.842277180697605274e+02,1.000359935918592846e+01,5.763983807485766775e+00,2.786560095812152227e+01
1.631999999990999868e+02,1.844134298798803400e+02,1.001183687899392716e+01,5.769262400770736043e+00,2.788161167588309652e+01
1.632999999990999811e+02,1.845999083251560080e+02,1.001658591209985616e+01,5.773467175052553024e+00,2.789540633225402644e+01
1.633999999991000038e+02,1.847900963470899853e+02,1.002150726481795751e+01,5.777286728026938434e+00,2.790920840860187369e+01
1.634999999990999981e+02,1.849653550556191988e+02,1.002705160540409679e+01,5.778688802573380912e+00,2.792422764236213339e+01
1.635999999990999925e+02,1.851410607722827137e+02,1.003214491544182785e+01,5.774435260959015714e+00,2.793926515838895952e+01
1.636999999990900108e+02,1.853244412772972396e+02,1.003685445942044829e+01,5.776058534389949983e+00,2.795366755135356840e+01
1.637999999990900051e+02,1.854954100945273865e+02,1.004014659127018128e+01,5.777590015965615500e+00,2.796530986323616830e+01
1.638999999990899994e+02,1.856612922360328639e+02,1.004169459891036453e+01,5.778455008274996807e+00,2.797775294050184058e+01
1.639999999990900221e+02,1.858278045931035081e+02,1.004010550471135055e+01,5.775202335439275636e+00,2.798932238543591211e+01
1.640999999990900164e+02,1.859889774929876296e+02,1.003758176113306355e+01,5.774176516654718760e+00,2.799748494931733589e+01
1.641999999990900108e+02,1.861680104965842020e+02,1.003588945738929894e+01,5.773130655000274558e+00,2.800364715467844334e+01
1.642999999990900051e+02,1.863581925156612726e+02,1.003584371685868426e+01,5.777461831551753413e+00,2.801176447832349936e+01
1.643999999990899994e+02,1.865376846693859250e+02,1.003791778663505774e+01,5.778435512197159341e+00,2.802198285872760053e+01
1.644999999990900221e+02,1.867099880889402925e+02,1.004026711822278983e+01,5.782353454377377133e+00,2.803791221109442233e+01
1.645999999990900164e+02,1.868739572111240932e+02,1.004487116276201419e+01,5.788878967249231344e+00,2.805457100186411168e+01
1.646999999990900108e+02,1.870335874328524426e+02,1.004943104094005690e+01,5.792097638013480321e+00,2.806915457281064619e+01
1.647999999990900051e+02,1.871898932003019240e+02,1.005310074116656693e+01,5.796418817133818457e+00,2.808424916842245977e+01
1.648999999990799950e+02,1.873565175097366478e+02,1.005350435242547569e+01,5.802938868759865976e+00,2.809595845547973525e+01
1.649999999990799893e+02,1.875153423574173246e+02,1.005110302916371445e+01,5.809385447284942217e+00,2.810419477590237136e+01
1.650999999990800120e+02,1.876614848518453300e+02,1.004852474840185117e+01,5.809896175074682922e+00,2.810938104123094661e+01
1.651999999990800063e+02,1.878121025896524543e+02,1.004450817882346314e+01,5.809529269498819204e+00,2.811194116161866674e+01
1.652999999990800006e+02,1.879646458431051599e+02,1.003809276433097253e+01,5.802966785610164990e+00,2.811483868904987560e+01
1.653999999990799950e+02,1.881133058988210962e+02,1.003308377616366265e+01,5.804033769396662379e+00,2.812087106309000006e+01
1.654999999990799893e+02,1.882649019918420379e+02,1.003283991429480615e+01,5.805001968480813623e+00,2.812639084804170508e+01
1.655999999990800120e+02,1.884404889354414934e+02,1.003274680517146678e+01,5.810187634821433633e+00,2.813285484028278916e+01
1.656999999990800063e+02,1.885978372289985145e+02,1.003300093252101099e+01,5.812426900815419906e+00,2.814251022902702815e+01
1.657999999990800006e+02,1.887649857128097324e+02,1.003658748304099468e+01,5.818036842765236472e+00,2.815261809703260809e+01
1.658999999990799950e+02,1.889314925309716102e+02,1.004382580853970985e+01,5.827796687631320083e+00,2.816650303895538698e+01
1.659999999990799893e+02,1.891121470042593558e+02,1.005230602753939273e+01,5.838081335476803524e+00,2.818153231294331817e+01
1.660999999990800120e+02,1.892770392855726698e+02,1.006163069634023266e+01,5.841294317962367977e+00,2.819928964186938813e+01
1.661999999990699735e+02,1.894490928144447253e+02,1.007162106770461385e+01,5.850442346436365959e+00,2.822102584643585743e+01
1.662999999990699962e+02,1.896153227391445455e+02,1.008149268073147198e+01,5.855749350839074552e+00,2.823518522189418789e+01
1.663999999990699905e+02,1.897859899438979596e+02,1.008972324709664292e+01,5.860325811780559668e+00,2.824898233136428516e+01
1.664999999990699848e+02,1.899377266575855572e+02,1.010043553584062082e+01,5.865687668797933796e+00,2.826303407003789303e+01
1.665999999990699791e+02,1.900957138545165606e+02,1.011189063759958628e+01,5.869298331250920597e+00,2.827969938098038583e+01
1.666999999990699735e+02,1.902588105502942994e+02,1.012042030333664044e+01,5.874576122593486716e+00,2.829593611006371034e+01
1.667999999990699962e+02,1.904380320975253937e+02,1.013064175831146763e+01,5.883339220849834739e+00,2.831256257617194905e+01
1.668999999990699905e+02,1.906003374103762553e+02,1.014339297503535242e+01,5.895297530720132961e+00,2.833313859271648028e+01
1.669999999990799893e+02,1.907793785826345356e+02,1.015570060303882727e+01,5.907393763477258197e+00,2.835295025373587308e+01
1.670999999990800120e+02,1.909639742505381150e+02,1.016642745037706774e+01,5.920067721320911858e+00,2.837100851086481157e+01
1.671999999990800063e+02,1.911531577887314484e+02,1.017633271306847220e+01,5.932037858851114898e+00,2.838690451431584805e+01
1.672999999990800006e+02,1.913398046753962092e+02,1.018647964155082342e+01,5.948528285571143215e+00,2.840219485136186606e+01
1.673999999990899994e+02,1.915312628376528323e+02,1.019652057758437635e+01,5.957254616620187626e+00,2.842016137773117279e+01
1.674999999990900221e+02,1.917251865416282612e+02,1.020704242671107664e+01,5.968813856355986047e+00,2.843850689212233718e+01
1.675999999990900164e+02,1.918999738622044902e+02,1.021741593647404933e+01,5.978809902071169802e+00,2.845502071226855989e+01
1.676999999990999868e+02,1.920908223142667737e+02,1.022583808728080079e+01,5.987220679792014444e+00,2.847068580234542168e+01
1.677999999990999811e+02,1.922970861657552462e+02,1.023234328056924625e+01,5.995749017444728324e+00,2.848760126299863416e+01
1.678999999991000038e+02,1.925023592666691741e+02,1.024056647528473896e+01,6.004727382205145680e+00,2.850342827491211040e+01
1.679999999991100026e+02,1.927124912129783638e+02,1.025015609505885372e+01,6.011420763958948754e+00,2.851904318070041811e+01
1.680999999991099969e+02,1.929336540841027272e+02,1.025871291298706112e+01,6.022889956638664444e+00,2.853784502687488711e+01
1.681999999991099912e+02,1.931581135641551441e+02,1.026927698867636707e+01,6.030542067909491877e+00,2.855177527839523322e+01
1.682999999991100140e+02,1.933562922025799651e+02,1.027776047654262648e+01,6.036881275514119238e+00,2.856248406591437572e+01
1.683999999991199843e+02,1.935693338459070389e+02,1.028091747624408647e+01,6.037716457425282179e+00,2.856970556210646706e+01
1.684999999991199786e+02,1.937645994929312394e+02,1.028301136873201038e+01,6.037628199569417653e+00,2.857710590217631719e+01
1.685999999991200013e+02,1.939366492321826740e+02,1.028670380707008647e+01,6.039130483343696731e+00,2.858935367606673239e+01
1.686999999991300001e+02,1.941125076391546713e+02,1.029141940097532348e+01,6.033513549252875308e+00,2.860519156641211680e+01
1.687999999991299944e+02,1.942906863984615597e+02,1.029834983885677069e+01,6.030282941560620280e+00,2.862336710799910477e+01
1.688999999991299887e+02,1.944627642015493620e+02,1.030850424838512147e+01,6.031449870900733146e+00,2.864138680147663152e+01
1.689999999991300115e+02,1.946284382005867712e+02,1.031899008140232787e+01,6.036909440666856419e+00,2.866168541006867443e+01
1.690999999991400102e+02,1.947914564050260537e+02,1.032693232368099778e+01,6.039125316585407965e+00,2.868143243918132157e+01
1.691999999991400045e+02,1.949598478295957023e+02,1.033523680452324811e+01,6.041791845038138931e+00,2.869997331384390193e+01
1.692999999991399989e+02,1.951421195332133038e+02,1.034426299632527346e+01,6.043017699042938062e+00,2.871556579987598568e+01
1.693999999991499976e+02,1.953330001662322957e+02,1.035105648166247327e+01,6.042612961487720646e+00,2.873274806461617104e+01
1.694999999991499919e+02,1.955012764395952729e+02,1.035988390229893952e+01,6.049641998825078026e+00,2.874772120048586643e+01
1.695999999991499863e+02,1.956686875583536391e+02,1.036958761550471841e+01,6.051483656352987239e+00,2.876352920789076606e+01
1.696999999991600134e+02,1.958453934527378522e+02,1.038208211600931641e+01,6.058160483820958397e+00,2.878239304923452835e+01
1.697999999991600077e+02,1.960300095037617041e+02,1.039701258035511700e+01,6.065815374255145720e+00,2.880496377001761488e+01
1.698999999991600021e+02,1.962036269244024709e+02,1.041110739775156624e+01,6.077315181390793519e+00,2.882774942309517385e+01
1.699999999991599964e+02,1.963636704516166276e+02,1.042469809949332493e+01,6.089170717203098881e+00,2.884805162041133286e+01
1.700999999991699951e+02,1.965445197487673568e+02,1.043801706741381707e+01,6.103138200661084589e+00,2.886890037620058180e+01
1.701999999991699895e+02,1.967340449371256170e+02,1.044954210877621747e+01,6.114876752317093711e+00,2.889014173267734975e+01
1.702999999991699838e+02,1.969237685508042546e+02,1.046094661871174836e+01,6.126234239676846549e+00,2.891167053186039837e+01
1.703999999991800109e+02,1.971162643632956133e+02,1.047249737829967131e+01,6.137281581451679457e+00,2.893073649484192700e+01
1.704999999991800053e+02,1.973191931564432764e+02,1.048497015066110194e+01,6.150185234795420008e+00,2.895366915449184475e+01
1.705999999991799996e+02,1.975119482050412216e+02,1.049588541542611253e+01,6.166970021276714675e+00,2.897523665561641693e+01
1.706999999991799939e+02,1.977153364203033448e+02,1.050463403752278069e+01,6.182095010320426631e+00,2.899631317205131253e+01
1.707999999991900211e+02,1.979110224691141582e+02,1.051533859701418727e+01,6.193489286965790264e+00,2.901604689914059776e+01
1.708999999991900154e+02,1.980995733328171866e+02,1.052322990176508632e+01,6.199007507855349708e+00,2.903806002821317733e+01
1.709999999991900097e+02,1.982774233390435370e+02,1.052866338593502959e+01,6.205746314156278309e+00,2.906139908308554354e+01
1.710999999991999800e+02,1.984859731115623163e+02,1.053370356086274384e+01,6.211224042417257785e+00,2.908410377602709218e+01
1.711999999992000028e+02,1.986921063246082895e+02,1.053772877541323361e+01,6.214253963614849496e+00,2.910359140618969320e+01
1.712999999991999971e+02,1.989071809157945836e+02,1.054224701950797538e+01,6.215825447943559290e+00,2.912080593226487935e+01
1.713999999991999914e+02,1.991107513391159785e+02,1.054937489952886587e+01,6.219462371339547602e+00,2.913774990634099282e+01
1.714999999992100186e+02,1.992981290943402541e+02,1.055529346550259540e+01,6.220304873741381080e+00,2.915531270678766873e+01
1.715999999992100129e+02,1.995009536174708273e+02,1.056415396661340189e+01,6.226514123331065242e+00,2.917382439261048432e+01
1.716999999992100072e+02,1.996958346675259861e+02,1.057244118282956435e+01,6.233668679034222393e+00,2.918916120544875881e+01
1.717999999992199776e+02,1.999077569141917081e+02,1.057864515621503010e+01,6.239522857277764345e+00,2.920804762891461337e+01
1.718999999992200003e+02,2.001120529447895819e+02,1.058304608321632934e+01,6.240976047496796575e+00,2.922334740823576738e+01
1.719999999992199946e+02,2.002916101566221414e+02,1.058418991299133083e+01,6.240016117756727709e+00,2.923525862358906835e+01
1.720999999992299934e+02,2.004670667967554891e+02,1.057968027215170537e+01,6.237422514919727767e+00,2.924582069618113778e+01
1.721999999992299877e+02,2.006631965017562891e+02,1.057401823961816234e+01,6.229644934194947581e+00,2.925728925828913063e+01
1.722999999992300104e+02,2.008487928757370469e+02,1.057035045788156680e+01,6.230855423704715790e+00,2.926897100887809700e+01
1.723999999992300047e+02,2.010305427553059872e+02,1.057177154179172973e+01,6.234507081757118208e+00,2.928109613924564414e+01
1.724999999992400035e+02,2.012174131383154929e+02,1.057503285496639656e+01,6.238598905261275362e+00,2.929421785895136665e+01
1.725999999992399978e+02,2.014157855009617322e+02,1.057761609383090118e+01,6.242012080479339531e+00,2.930618649481035121e+01
1.726999999992400205e+02,2.016032506182415034e+02,1.058108276873137399e+01,6.240260057109799696e+00,2.931659997482198321e+01
1.727999999992499909e+02,2.017873082469178030e+02,1.058778689666092809e+01,6.236483446232083949e+00,2.932951390960174720e+01
1.728999999992499852e+02,2.019817991412858760e+02,1.059338747902868150e+01,6.234298948777744265e+00,2.934155243454917894e+01
1.729999999992500079e+02,2.021936409790995981e+02,1.059476958517163858e+01,6.228346537969801311e+00,2.935632854302361494e+01
1.730999999992500022e+02,2.023825791917236643e+02,1.059968213567958628e+01,6.227034266927181427e+00,2.937343842718950526e+01
1.731999999992600010e+02,2.025763332182631302e+02,1.060545242478038830e+01,6.225029100451452635e+00,2.939018800218385508e+01
1.732999999992599953e+02,2.027385268810971013e+02,1.060819100373129054e+01,6.221728523057930893e+00,2.940617499043484528e+01
1.733999999992600181e+02,2.029189210707608311e+02,1.061086894783425016e+01,6.221441917721260317e+00,2.942418298727135451e+01
1.734999999992699884e+02,2.031249600435539833e+02,1.061360737146869226e+01,6.215951151072579783e+00,2.943710649678335400e+01
1.735999999992699827e+02,2.033291612314625070e+02,1.061090143831706456e+01,6.212162098186451153e+00,2.944671953225471128e+01
1.736999999992699770e+02,2.035187973860109594e+02,1.060733124469367716e+01,6.211429899552156186e+00,2.945657918648103291e+01
1.737999999992800042e+02,2.037115506240254774e+02,1.060915026268756911e+01,6.211820243662228513e+00,2.946762233108217188e+01
1.738999999992799985e+02,2.038974681917551095e+02,1.061224844759931329e+01,6.209437302656787949e+00,2.948042003846051884e+01
1.739999999992799928e+02,2.041044327208857396e+02,1.061803856465796514e+01,6.209494538168892852e+00,2.949501510662508608e+01
1.740999999992799872e+02,2.043050495616455464e+02,1.062365387734231881e+01,6.207462054556578401e+00,2.951228314375738648e+01
1.741999999992900143e+02,2.045101589668446991e+02,1.063246857877427054e+01,6.205011280004371521e+00,2.953572136067996112e+01
1.742999999992900086e+02,2.047190894262340350e+02,1.064299944713355472e+01,6.203100044534214597e+00,2.955993979945513317e+01
1.743999999992900030e+02,2.049272256067494311e+02,1.065272563383883231e+01,6.203838932889122582e+00,2.958160103842859101e+01
1.744999999993000017e+02,2.051443574006617894e+02,1.066393679249259385e+01,6.213173121306051705e+00,2.960422192827003940e+01
1.745999999992999960e+02,2.053369546862857078e+02,1.067491840349192600e+01,6.219196788804659981e+00,2.962514940980783962e+01
1.746999999992999903e+02,2.055366576190525905e+02,1.068832509423925714e+01,6.222648999032459827e+00,2.964549858956813466e+01
1.747999999992999847e+02,2.057389671837862011e+02,1.070096069351605905e+01,6.224594871315250799e+00,2.966543719423163950e+01
1.748999999993100118e+02,2.059540958094020198e+02,1.071091745580907251e+01,6.229656069512826910e+00,2.968399548215069572e+01
1.749999999993100062e+02,2.061787644136572339e+02,1.071730657310236445e+01,6.238466473523175182e+00,2.970037291220426923e+01
1.750999999993100005e+02,2.063975632929921744e+02,1.072543344268739318e+01,6.241138383200872219e+00,2.971551023632894939e+01
1.751999999993199992e+02,2.065952565724351757e+02,1.073359585219911416e+01,6.250225404798548823e+00,2.972796934320439988e+01
1.752999999993199935e+02,2.067722134331589814e+02,1.074341801127580709e+01,6.258362326993901270e+00,2.973969610883948178e+01
1.753999999993199879e+02,2.069484888034688481e+02,1.075362242859054440e+01,6.269949308852565295e+00,2.975360213255978081e+01
1.754999999993199822e+02,2.071286267005810373e+02,1.076220567565451702e+01,6.277532901402531174e+00,2.976518487423674131e+01
1.755999999993300094e+02,2.073048118422501034e+02,1.076790075261972568e+01,6.280927233973704560e+00,2.977405524810767190e+01
1.756999999993300037e+02,2.074855617696229899e+02,1.076929520082775049e+01,6.280907360082886193e+00,2.978025579369975162e+01
1.757999999993299980e+02,2.076491953959321108e+02,1.077005169682689711e+01,6.281616394753784860e+00,2.978219996146473747e+01
1.758999999993400252e+02,2.078365878236997162e+02,1.077079717210427035e+01,6.276744805980250419e+00,2.978590268450252054e+01
1.759999999993400195e+02,2.080233658846804303e+02,1.076753993198139803e+01,6.270510876237911368e+00,2.978804373478740075e+01
1.760999999993400138e+02,2.081993573435717053e+02,1.076131894278553780e+01,6.257446996303285047e+00,2.978851136696218305e+01
1.761999999993499841e+02,2.083732131521232418e+02,1.075528144315982892e+01,6.248261222000943249e+00,2.979487464894065241e+01
1.762999999993500069e+02,2.085656806523899718e+02,1.075380388747006677e+01,6.242318158049810606e+00,2.979851431783060889e+01
1.763999999993500012e+02,2.087486245119080195e+02,1.075350232953774032e+01,6.231689629816078657e+00,2.980432705371122992e+01
1.764999999993499955e+02,2.089496637766503397e+02,1.075054476980701601e+01,6.220673709650931471e+00,2.980934081247728784e+01
1.765999999993599943e+02,2.091590623156529034e+02,1.074847818139036804e+01,6.209475553683714288e+00,2.981343845880535071e+01
1.766999999993600170e+02,2.093825233089564790e+02,1.074748056011076436e+01,6.202521842254393292e+00,2.981669761576403133e+01
1.767999999993600113e+02,2.095857254053919405e+02,1.074484745536998531e+01,6.197239855019498478e+00,2.982328833979764937e+01
1.768999999993699817e+02,2.097799444414109757e+02,1.074224204601659238e+01,6.194473634643628657e+00,2.983030372005939412e+01
1.769999999993699760e+02,2.099785549783511840e+02,1.073417855514960628e+01,6.185508213465595873e+00,2.983345552747296736e+01
1.770999999993699987e+02,2.101799257153681708e+02,1.072512538029060813e+01,6.183490864982316815e+00,2.983853593945731220e+01
1.771999999993699930e+02,2.103605048995518985e+02,1.072038291606452631e+01,6.186198827556382618e+00,2.984177664418479381e+01
1.772999999993799918e+02,2.105324685536315599e+02,1.071940395036817506e+01,6.189171920996091814e+00,2.984446465942837889e+01
1.773999999993800145e+02,2.106972609107598942e+02,1.072207276860740599e+01,6.188306511312663183e+00,2.985051258831625276e+01
1.774999999993800088e+02,2.109051794754193452e+02,1.072386000139790241e+01,6.186110169128040681e+00,2.985872141449881667e+01
1.775999999993900076e+02,2.110897017988795881e+02,1.072714608926926161e+01,6.181709553416197878e+00,2.986674424343815204e+01
1.776999999993900019e+02,2.112969944497105814e+02,1.072872042835867212e+01,6.178594159179683132e+00,2.987642999141575118e+01
1.777999999993900246e+02,2.114762729326766930e+02,1.072994155309185160e+01,6.175282244040365853e+00,2.988672356372801175e+01
1.778999999993999950e+02,2.116510666155326135e+02,1.073347578253966006e+01,6.177600651761473216e+00,2.989498930559140888e+01
1.779999999993999893e+02,2.118488773619008043e+02,1.074130459863215314e+01,6.182358539932768515e+00,2.990459512220778393e+01
1.780999999993999836e+02,2.120377352552972070e+02,1.074668521817575062e+01,6.190839231425055544e+00,2.991530377999891499e+01
1.781999999994000063e+02,2.122365404204610684e+02,1.074635338491840386e+01,6.195127776848270429e+00,2.991769120702860363e+01
1.782999999994100051e+02,2.124194020518973218e+02,1.074410382012408682e+01,6.204065036702925973e+00,2.991910114441192547e+01
1.783999999994099994e+02,2.125876141259411440e+02,1.074170905244382190e+01,6.207022472478848307e+00,2.992115204819490160e+01
1.784999999994099937e+02,2.127655032755817217e+02,1.073776989646271396e+01,6.209759114487749976e+00,2.992502742704303742e+01
1.785999999994199925e+02,2.129679403176396590e+02,1.073547383885085260e+01,6.204793807978924214e+00,2.992826112210425293e+01
1.786999999994199868e+02,2.131874336653680757e+02,1.073557849102551742e+01,6.202764216147755860e+00,2.992545014247722079e+01
1.787999999994199811e+02,2.133830592929468537e+02,1.073070094034711985e+01,6.197784334322621547e+00,2.992329752854790215e+01
1.788999999994200039e+02,2.135894865229631705e+02,1.072413707133792826e+01,6.191934777390896372e+00,2.992063039541890390e+01
1.789999999994300026e+02,2.137769052942290671e+02,1.071766250792832231e+01,6.181140198203025626e+00,2.992157320286175093e+01
1.790999999994299969e+02,2.139879168270273055e+02,1.070878295056002827e+01,6.168088308327001279e+00,2.991963577234757565e+01
1.791999999994299912e+02,2.141782602551805041e+02,1.070474281505686420e+01,6.154077100780939169e+00,2.991424605330725939e+01
1.792999999994400184e+02,2.143554910305595058e+02,1.069937401196976623e+01,6.131300542670209630e+00,2.990735286293995898e+01
1.793999999994400127e+02,2.145585637092284514e+02,1.069428950737504636e+01,6.111015894625776212e+00,2.990253192835430340e+01
1.794999999994400071e+02,2.147114343558032488e+02,1.068686119008041580e+01,6.086062651236508358e+00,2.989810733738869786e+01
1.795999999994400014e+02,2.148508529587653868e+02,1.067746564758735950e+01,6.059657048848664296e+00,2.989699852705859229e+01
1.796999999994500001e+02,2.149876255250591441e+02,1.067404181399557750e+01,6.036298100090764507e+00,2.989540372575722316e+01
1.797999999994499944e+02,2.151202134262774166e+02,1.067106913093758536e+01,6.016683470317560456e+00,2.989622025587920007e+01
1.798999999994499888e+02,2.152556755894276819e+02,1.066516668725772199e+01,5.999850724903975419e+00,2.989514349262182336e+01
1.799999999994600159e+02,2.154305331056284558e+02,1.066074787668465085e+01,5.978434529289452293e+00,2.989127672371561317e+01
1.800999999994600103e+02,2.156140820650825844e+02,1.065528061605400190e+01,5.961911017080790742e+00,2.989204409982900401e+01
1.801999999994600046e+02,2.157980888066780096e+02,1.065197551126651909e+01,5.946006153824147766e+00,2.989241506132841053e+01
1.802999999994700033e+02,2.159549835358901646e+02,1.065403434252792891e+01,5.931805088072916732e+00,2.989353203088171185e+01
1.803999999994699976e+02,2.161282317748038793e+02,1.065619265478123978e+01,5.924514317270361374e+00,2.989464032967316598e+01
1.804999999994699920e+02,2.163156616995023569e+02,1.065748599080034964e+01,5.913679954180063092e+00,2.989625126880559947e+01
1.805999999994699863e+02,2.164902406290872818e+02,1.065528109771528520e+01,5.893973435886005419e+00,2.989407310001800155e+01
1.806999999994800135e+02,2.166751321171158793e+02,1.064968610999909870e+01,5.875059461060463839e+00,2.988244383102074764e+01
1.807999999994800078e+02,2.168544530473590157e+02,1.064149816652538760e+01,5.859807960633453661e+00,2.987644543264584840e+01
1.808999999994800021e+02,2.170098829272971273e+02,1.063173655996213007e+01,5.841383173758093683e+00,2.986665961368188249e+01
1.809999999994900008e+02,2.171710457588721397e+02,1.062174538730175222e+01,5.830525712241677816e+00,2.985539693437108610e+01
1.810999999994900236e+02,2.173093779036091746e+02,1.061197001211537305e+01,5.819843965030047528e+00,2.984462726647831232e+01
1.811999999994900179e+02,2.174731720091742773e+02,1.060134659409893843e+01,5.811958955758025347e+00,2.983385235116225331e+01
1.812999999994900122e+02,2.176462341403668859e+02,1.059383358860735846e+01,5.804456475662984616e+00,2.982479567416482524e+01
1.813999999994999826e+02,2.178169787659570318e+02,1.058540153398237926e+01,5.793756503999297536e+00,2.981901290127370885e+01
1.814999999995000053e+02,2.179813071995335463e+02,1.058002147023124095e+01,5.780804989980088848e+00,2.982146985159182506e+01
1.815999999994999996e+02,2.181657890907804642e+02,1.057695892706683694e+01,5.772709908177883875e+00,2.982850525431652144e+01
1.816999999995099984e+02,2.183326571723178802e+02,1.057257444341159491e+01,5.761211805506530226e+00,2.983970636930799003e+01
1.817999999995100211e+02,2.184997561645764677e+02,1.057204352002817949e+01,5.743279875088705744e+00,2.985670971290968367e+01
1.818999999995100154e+02,2.186749024906873728e+02,1.057511561987042015e+01,5.727870682410048708e+00,2.987675227373573250e+01
1.819999999995199857e+02,2.188556257450599674e+02,1.057627452736853790e+01,5.718402759489705112e+00,2.989531337160753566e+01
1.820999999995199801e+02,2.190334949495264141e+02,1.057332215091038563e+01,5.700018367009792364e+00,2.991215737816125753e+01
1.821999999995200028e+02,2.192365503706527079e+02,1.056669613882917069e+01,5.685152805947035759e+00,2.992616872234522418e+01
1.822999999995199971e+02,2.194178117292522359e+02,1.055733829060704032e+01,5.670747746388821398e+00,2.993329886712624344e+01
1.823999999995299959e+02,2.195798129667220451e+02,1.054747547117903572e+01,5.651060666079741779e+00,2.993819349506870608e+01
1.824999999995299902e+02,2.197461536409739722e+02,1.053273279142960739e+01,5.627161157598905561e+00,2.993961460172078759e+01
1.825999999995300129e+02,2.199360193797782586e+02,1.051681300579150857e+01,5.605284754196452113e+00,2.993783069785233764e+01
1.826999999995400117e+02,2.201232794423382302e+02,1.049896251114119394e+01,5.577680027670662177e+00,2.993191045003168682e+01
1.827999999995400060e+02,2.202749344251735977e+02,1.048195753881771175e+01,5.548005856786884848e+00,2.992229173435305611e+01
1.828999999995400003e+02,2.204477134645713079e+02,1.046546069962402292e+01,5.526431047478927105e+00,2.991498417740859139e+01
1.829999999995400231e+02,2.206014682706804706e+02,1.044877227838371780e+01,5.500002173116874005e+00,2.991253958858370154e+01
1.830999999995499934e+02,2.207431403504454295e+02,1.043710558911556596e+01,5.472503072607977970e+00,2.991504432684615011e+01
1.831999999995499877e+02,2.209013854721084726e+02,1.042972638998348067e+01,5.455690467570392777e+00,2.992013510190188086e+01
1.832999999995500104e+02,2.210504733335666572e+02,1.042215644284229548e+01,5.439001077902884340e+00,2.992591934402691933e+01
1.833999999995600092e+02,2.211956544579674073e+02,1.041329192110772617e+01,5.422077068472781036e+00,2.993123177624229214e+01
1.834999999995600035e+02,2.213548622129006560e+02,1.040939548034438467e+01,5.404330927771285431e+00,2.993430226139239991e+01
1.835999999995599978e+02,2.215086660526421838e+02,1.041505095229569733e+01,5.397450166650109793e+00,2.993874293830948119e+01
1.836999999995600206e+02,2.216404082619187079e+02,1.041782412568353600e+01,5.395296294160530692e+00,2.995267388968555267e+01
1.837999999995699909e+02,2.217824276801748340e+02,1.042341382573194863e+01,5.391529161676051451e+00,2.997044734867514748e+01
1.838999999995699852e+02,2.219500624503844506e+02,1.042844424682409965e+01,5.386338453582735220e+00,2.999174794760538276e+01
1.839999999995699795e+02,2.221282566595086223e+02,1.042810290092386616e+01,5.381192158304373585e+00,3.000989057679310434e+01
1.840999999995800067e+02,2.222999383265392055e+02,1.043030552091880914e+01,5.378229312172658538e+00,3.002459471503936683e+01
1.841999999995800010e+02,2.224722084326954246e+02,1.043040945670071018e+01,5.368663050849954210e+00,3.004278642647713582e+01
1.842999999995799953e+02,2.225940000309954598e+02,1.042925529952176511e+01,5.357631700471790381e+00,3.007067402151034585e+01
1.843999999995900225e+02,2.227161416154731342e+02,1.043053039385950420e+01,5.353199378289198229e+00,3.009949963634007020e+01
1.844999999995900168e+02,2.228435048780479235e+02,1.042987497672787534e+01,5.348094896660934516e+00,3.012899732080007453e+01
1.845999999995900112e+02,2.229815519652563864e+02,1.042738399022601570e+01,5.332137274270173144e+00,3.015526242492836317e+01
1.846999999995900055e+02,2.231393390432551485e+02,1.041984082465628880e+01,5.321287874763042325e+00,3.017826474930869551e+01
1.847999999996000042e+02,2.232906640791985353e+02,1.041669377457414569e+01,5.306392824535272723e+00,3.019574311346596218e+01
1.848999999995999985e+02,2.234731122469292757e+02,1.041471156850018964e+01,5.294018571134934348e+00,3.021717187113989667e+01
1.849999999995999929e+02,2.236174793913124574e+02,1.040956758251253511e+01,5.285471259412859446e+00,3.023436767338028730e+01
1.850999999996100200e+02,2.237552559748671399e+02,1.040326895968651755e+01,5.271997965428926847e+00,3.024715073935764309e+01
1.851999999996100144e+02,2.238801654846462554e+02,1.039080403581540324e+01,5.255809405190018602e+00,3.025709582116531848e+01
1.852999999996100087e+02,2.239879809239633630e+02,1.037619702405428512e+01,5.238178940138123352e+00,3.026599587702788341e+01
1.853999999996100030e+02,2.241119982360619645e+02,1.036670631120967556e+01,5.207230758093318812e+00,3.027977243675782049e+01
1.854999999996200017e+02,2.242078560674915479e+02,1.035586995503728858e+01,5.181017842162240150e+00,3.029372660423490871e+01
1.855999999996199961e+02,2.243608186039799932e+02,1.034861656169767663e+01,5.156208187147029776e+00,3.030512764965206784e+01
1.856999999996199904e+02,2.244753460828110292e+02,1.034306271491515261e+01,5.138776797491742876e+00,3.031855944298529693e+01
1.857999999996299891e+02,2.246428026569219298e+02,1.033708184094454907e+01,5.127644471526024539e+00,3.033070286551443218e+01
1.858999999996300119e+02,2.247783361104745836e+02,1.033285376748872153e+01,5.110867550873024356e+00,3.034440801435059143e+01
1.859999999996300062e+02,2.249237787072500510e+02,1.033420446415107286e+01,5.099781022236565597e+00,3.036438882676654316e+01
1.860999999996399765e+02,2.250739717831088740e+02,1.033729011413616661e+01,5.087859570072725823e+00,3.038618123290313733e+01
1.861999999996399993e+02,2.252123953896936257e+02,1.033454161911570779e+01,5.075454120026958726e+00,3.040501372324702700e+01
1.862999999996399936e+02,2.253368552146195611e+02,1.033353700855575852e+01,5.066156973182120105e+00,3.042310882734353328e+01
1.863999999996399879e+02,2.253989707849576973e+02,1.033791269160697368e+01,5.059192812190258515e+00,3.044681145012757284e+01
1.864999999996499866e+02,2.254648359472020331e+02,1.034577104130013581e+01,5.063467976419119942e+00,3.047353397865021307e+01
1.865999999996500094e+02,2.255043343842251602e+02,1.035461751452576706e+01,5.068286014876835388e+00,3.049822224583710550e+01
1.866999999996500037e+02,2.255764545954819482e+02,1.036833680742707742e+01,5.072558222088211721e+00,3.052731401955416857e+01
1.867999999996600025e+02,2.256909080749041436e+02,1.038205388264275975e+01,5.074529182456469556e+00,3.056234925805093638e+01
1.868999999996599968e+02,2.257925576001911736e+02,1.039442897195777959e+01,5.074157798217939330e+00,3.059647822088804858e+01
1.869999999996600195e+02,2.258490371097065577e+02,1.040584273528378922e+01,5.071759401594996497e+00,3.063093104058498284e+01
1.870999999996600138e+02,2.258903062134247648e+02,1.041714595391770537e+01,5.079945904861814299e+00,3.066923586881481967e+01
1.871999999996699842e+02,2.259617186092699228e+02,1.043462677646175329e+01,5.081507825009040857e+00,3.071141251673024897e+01
1.872999999996699785e+02,2.260054647642488135e+02,1.045334152183036558e+01,5.090133434551835201e+00,3.075889087755687257e+01
1.873999999996700012e+02,2.260626768546077017e+02,1.047816462684794381e+01,5.100961387406184322e+00,3.081386917595858321e+01
1.874999999996800000e+02,2.261331656847191880e+02,1.050541012039811761e+01,5.111189643961559170e+00,3.087421286742277360e+01
1.875999999996799943e+02,2.262108341887489473e+02,1.053046766168133885e+01,5.122322294116075092e+00,3.092770118475664987e+01
1.876999999996800170e+02,2.262694409213562494e+02,1.055007484154245390e+01,5.128809656083879176e+00,3.097206620952783851e+01
1.877999999996800113e+02,2.262808551338276573e+02,1.056758854648686174e+01,5.131817990389469841e+00,3.101247870380228022e+01
1.878999999996899817e+02,2.262914545408997355e+02,1.057995788562387851e+01,5.144748630028651348e+00,3.105612743572055123e+01
1.879999999996899760e+02,2.263089579948403127e+02,1.059617104495145057e+01,5.160428204835759480e+00,3.109159091921973683e+01
1.880999999996899987e+02,2.262970232645393480e+02,1.060867990155421303e+01,5.175054926173695335e+00,3.111926406118339017e+01
1.881999999996999975e+02,2.262940089033107256e+02,1.061938036709770650e+01,5.195916254407173973e+00,3.114891363418386661e+01
1.882999999996999918e+02,2.263225789010079723e+02,1.063453018338529077e+01,5.216512214195843988e+00,3.118132081862773575e+01
1.883999999996999861e+02,2.263528419784718437e+02,1.064769417530973428e+01,5.238996026974183984e+00,3.122019003294647277e+01
1.884999999997100133e+02,2.263917939137698454e+02,1.066101642265727101e+01,5.255580040069389725e+00,3.125886190092917261e+01
1.885999999997100076e+02,2.264321369061606219e+02,1.067490321510596019e+01,5.276985327141961335e+00,3.129796161655615805e+01
1.886999999997100019e+02,2.264509395685147695e+02,1.068548282171803976e+01,5.286549060920865628e+00,3.133342966737887636e+01
1.887999999997099962e+02,2.264471414326802972e+02,1.069682821130167127e+01,5.303377315396605063e+00,3.137232927754729062e+01
1.888999999997199950e+02,2.264639779528555152e+02,1.070588101065673037e+01,5.322937821855672880e+00,3.141783429401969130e+01
1.889999999997199893e+02,2.264638307682456286e+02,1.071792579372108101e+01,5.333184046208091722e+00,3.146982659339745325e+01
1.890999999997199836e+02,2.264260201614887933e+02,1.073938234813418369e+01,5.357504697497975421e+00,3.152101130634728321e+01
1.891999999997300108e+02,2.264417681001680194e+02,1.076319015381518085e+01,5.382487781378388014e+00,3.157721022968312141e+01
1.892999999997300051e+02,2.264504770043903363e+02,1.079122071153455309e+01,5.415418184978446625e+00,3.163292416518181227e+01
1.893999999997299994e+02,2.264782499018615738e+02,1.082178142991817360e+01,5.445183795406933314e+00,3.169030739007886766e+01
1.894999999997299938e+02,2.265379299089196365e+02,1.084621885481287507e+01,5.464848500312982971e+00,3.174354990614747507e+01
1.895999999997399925e+02,2.265960361466779887e+02,1.086415060591894743e+01,5.486140265202051225e+00,3.179524091025632515e+01
1.896999999997399868e+02,2.266524027488393926e+02,1.088492579500689850e+01,5.507946794230654142e+00,3.183658148207333127e+01
1.897999999997399811e+02,2.267419665792895387e+02,1.090293833373017485e+01,5.525127721525447733e+00,3.187314814846169497e+01
1.898999999997500083e+02,2.267949793536782863e+02,1.091522716266260140e+01,5.538994009784040884e+00,3.190701685603921689e+01
1.899999999997500026e+02,2.268344525378799119e+02,1.092122177443121167e+01,5.549152406508913060e+00,3.193586064928398471e+01
1.900999999997499970e+02,2.269241354781016184e+02,1.092508086755253238e+01,5.560286435253507520e+00,3.197418960813046240e+01
1.901999999997499913e+02,2.269909378722345252e+02,1.093794778825080627e+01,5.576694193554765810e+00,3.201956316884734832e+01
1.902999999997600185e+02,2.270414535961697879e+02,1.095142741729180713e+01,5.585993018741284288e+00,3.206259167884749672e+01
1.903999999997600128e+02,2.270808111487726535e+02,1.096004144700187055e+01,5.600848675973551849e+00,3.210639510940121966e+01
1.904999999997600071e+02,2.271536855318729522e+02,1.096932896188735107e+01,5.613417442615696196e+00,3.214787254173565856e+01
1.905999999997700058e+02,2.272254898259376148e+02,1.098525660387845981e+01,5.620103418884719204e+00,3.218929186220113792e+01
1.906999999997700002e+02,2.273042751167864424e+02,1.099939722462950975e+01,5.619887107690492378e+00,3.223203484278628395e+01
1.907999999997699945e+02,2.274138844527528249e+02,1.101222814098766101e+01,5.630096507087817947e+00,3.227941906877266831e+01
1.908999999997799932e+02,2.276031433750083011e+02,1.102265749170523002e+01,5.638027422436446834e+00,3.233611552163549163e+01
1.909999999997800160e+02,2.277563470060482018e+02,1.103849901573381231e+01,5.652693824689784208e+00,3.238057647108761472e+01
1.910999999997800103e+02,2.279247016413073084e+02,1.104906380713050496e+01,5.661770265239680633e+00,3.242126254978906985e+01
1.911999999997800046e+02,2.281052658939049138e+02,1.106459963273935365e+01,5.676210009457435923e+00,3.246055671604140969e+01
1.912999999997899749e+02,2.282919369325731225e+02,1.108020356592096256e+01,5.690422552910008314e+00,3.250856979974435745e+01
1.913999999997899977e+02,2.284703487608275907e+02,1.110124367911227594e+01,5.701775465329716575e+00,3.256086933201859068e+01
1.914999999997899920e+02,2.286780322818421496e+02,1.112305845979555308e+01,5.722938870320629867e+00,3.260896772864443705e+01
1.915999999997999907e+02,2.288870302604283893e+02,1.114869480618450126e+01,5.750166219436794179e+00,3.265742594212661487e+01
1.916999999997999851e+02,2.291455299836235611e+02,1.117557209062981016e+01,5.783402508631258598e+00,3.270753698690852929e+01
1.917999999998000078e+02,2.294059673563527042e+02,1.119779764593151050e+01,5.807379994374287868e+00,3.276022931753492884e+01
1.918999999998000021e+02,2.296804617264288879e+02,1.121577021526701401e+01,5.832924206722973182e+00,3.282469555603661604e+01
1.919999999998100009e+02,2.298652098268949260e+02,1.123525006075365518e+01,5.861451755066035219e+00,3.288720569341003142e+01
1.920999999998100236e+02,2.301161368814522916e+02,1.125341754323897803e+01,5.880397201457384426e+00,3.295194324800272767e+01
1.921999999998100179e+02,2.303372997757326743e+02,1.126618839603396616e+01,5.887101350045063519e+00,3.301838876035355241e+01
1.922999999998199883e+02,2.305403954559015176e+02,1.127492012443380354e+01,5.906181893642334479e+00,3.306767850460569491e+01
1.923999999998199826e+02,2.307637600556353732e+02,1.127261842825212845e+01,5.922451777841759579e+00,3.310885907580074417e+01
1.924999999998200053e+02,2.310095131506517134e+02,1.126118820093505057e+01,5.926232304263145068e+00,3.313804000654396020e+01
1.925999999998300041e+02,2.312602032353006507e+02,1.124973745200694353e+01,5.933804150953633894e+00,3.316733246553413039e+01
1.926999999998299984e+02,2.314576888059577868e+02,1.124209972337932939e+01,5.945097537605083637e+00,3.320391768621160367e+01
1.927999999998299927e+02,2.316458332964464546e+02,1.123968878913000502e+01,5.955944946352482283e+00,3.324140994580549346e+01
1.928999999998300154e+02,2.318084563754275109e+02,1.124292887643905026e+01,5.963202258097141772e+00,3.327540581257810004e+01
1.929999999998399858e+02,2.320178553526951362e+02,1.124477480344575575e+01,5.963918087439412652e+00,3.331583401570269842e+01
1.930999999998399801e+02,2.321875988542904565e+02,1.124710577929419486e+01,5.959918061042952075e+00,3.336931184482642720e+01
1.931999999998399744e+02,2.323519398119822768e+02,1.124734412392043659e+01,5.959462154699812331e+00,3.342243173144377977e+01
1.932999999998500016e+02,2.324682383207690464e+02,1.124461525877839030e+01,5.947185709109110263e+00,3.346382473643465971e+01
1.933999999998499959e+02,2.325378869870446579e+02,1.123580822170253413e+01,5.930060377500999458e+00,3.349729789629677867e+01
1.934999999998499902e+02,2.326452616257560635e+02,1.123198563067788314e+01,5.923082843495380168e+00,3.353445948100226559e+01
1.935999999998500130e+02,2.328232951035533631e+02,1.123370668021514085e+01,5.920707510726536782e+00,3.357346576557630868e+01
1.936999999998600117e+02,2.329814250453639488e+02,1.123948936210797278e+01,5.923489306063487447e+00,3.361579233175530135e+01
1.937999999998600060e+02,2.331002835973204412e+02,1.124339619577716221e+01,5.919355467896005862e+00,3.366460151560411873e+01
1.938999999998600003e+02,2.332823829609263555e+02,1.124304761119385176e+01,5.920159195247150841e+00,3.369853492420481444e+01
1.939999999998699991e+02,2.335180661967664548e+02,1.123795032207243949e+01,5.920842900502543138e+00,3.373242926642889472e+01
1.940999999998699934e+02,2.337506805334475359e+02,1.123570475319765727e+01,5.936929875763775399e+00,3.375151647769495611e+01
1.941999999998699877e+02,2.340196733517436201e+02,1.123572850641980381e+01,5.939903793689405909e+00,3.377358682121360545e+01
1.942999999998699820e+02,2.342449205741877449e+02,1.123572183665802271e+01,5.951843695271123558e+00,3.379731348936385871e+01
1.943999999998800092e+02,2.345298333205202539e+02,1.123085121890166782e+01,5.963065783615250304e+00,3.382567917103185806e+01
1.944999999998800035e+02,2.348952824915779445e+02,1.122422701250350308e+01,5.970187722445301937e+00,3.383887862841884697e+01
1.945999999998799979e+02,2.353071671063476913e+02,1.120747121144226810e+01,5.978194606840279590e+00,3.384836895984162908e+01
1.946999999998899966e+02,2.357632836177386650e+02,1.119426319183596696e+01,5.989263073310510777e+00,3.386313681255507646e+01
1.947999999998899909e+02,2.361556516127533314e+02,1.118082319329445085e+01,6.003168360831998562e+00,3.387948289571210836e+01
1.948999999998899852e+02,2.364762847888738406e+02,1.117782785834624626e+01,6.015940729150058175e+00,3.390080284572892566e+01
1.949999999999000124e+02,2.368369787292662636e+02,1.118310653025570467e+01,6.028269767937747048e+00,3.391832311831966251e+01
1.950999999999000067e+02,2.370647780537343010e+02,1.117696380466351691e+01,6.039268861303385805e+00,3.392572134786371407e+01
1.951999999999000011e+02,2.373678704284164098e+02,1.116624857972540852e+01,6.051552989484585865e+00,3.392728792576847496e+01
1.952999999998999954e+02,2.375510365432353694e+02,1.115440410103511937e+01,6.046408394871189529e+00,3.392445874745912704e+01
1.953999999999100226e+02,2.377392502864927337e+02,1.112560672959469521e+01,6.026562063359970800e+00,3.391280147093830521e+01
1.954999999999100169e+02,2.379245623173381148e+02,1.109440980062965032e+01,6.006057978710256151e+00,3.388817586820719896e+01
1.955999999999100112e+02,2.379864688986558008e+02,1.105384149312515163e+01,5.991879270295434878e+00,3.385686120351958550e+01
1.956999999999199815e+02,2.379887215180687292e+02,1.101950725484623561e+01,5.976460198010534519e+00,3.381456888568231989e+01
1.957999999999200043e+02,2.380878565751226290e+02,1.099374467414218337e+01,5.961681195150184465e+00,3.378613541043900170e+01
1.958999999999199986e+02,2.381240122419788179e+02,1.095446060396754007e+01,5.946289631687949218e+00,3.378540837302301725e+01
1.959999999999199929e+02,2.381643093459125851e+02,1.092013167128918383e+01,5.935773184499113064e+00,3.377932221299980142e+01
1.960999999999299916e+02,2.382832718085052193e+02,1.088775980757764472e+01,5.927392355328596096e+00,3.377848777833055749e+01
1.961999999999300144e+02,2.385836583506691682e+02,1.085274596352870269e+01,5.940527815969722347e+00,3.377788293051479229e+01
1.962999999999300087e+02,2.387320894927675852e+02,1.080810873504465164e+01,5.949846568818746739e+00,3.378224684225211405e+01
1.963999999999399790e+02,2.387985761122650104e+02,1.076614780855834397e+01,5.963663473984689212e+00,3.378996588075480645e+01
1.964999999999400018e+02,2.389659618102894569e+02,1.073589900383839257e+01,5.975906380752310731e+00,3.378837658184956183e+01
1.965999999999399961e+02,2.391549893520866306e+02,1.069291864497093769e+01,5.989456884064096265e+00,3.379477806697692444e+01
1.966999999999499948e+02,2.393850874312595636e+02,1.067159758099250055e+01,6.006391270566268759e+00,3.381083885735635164e+01
1.967999999999499892e+02,2.393898505664865866e+02,1.066869256536905475e+01,6.024200470020532272e+00,3.384259412332853145e+01
1.968999999999500119e+02,2.393105243120132002e+02,1.067685843507951127e+01,6.058962082941097727e+00,3.386580519891870011e+01
1.969999999999500062e+02,2.392814085327988209e+02,1.068633022366042873e+01,6.080456854255800181e+00,3.388676411929264987e+01
1.970999999999600050e+02,2.392704085204630076e+02,1.068616587256384953e+01,6.098553534599697734e+00,3.390468833559980055e+01
1.971999999999599993e+02,2.392908395562340047e+02,1.069464522762499215e+01,6.094037825558641153e+00,3.392127535196544841e+01
1.972999999999600220e+02,2.392816562098561235e+02,1.071355451188270003e+01,6.072503413660795601e+00,3.393920097544661729e+01
1.973999999999699924e+02,2.392384810799728712e+02,1.073529067605729104e+01,6.050637281684844382e+00,3.396105248682250988e+01
1.974999999999699867e+02,2.390351007381591444e+02,1.076932257565735362e+01,6.023430768362816323e+00,3.399268990127735890e+01
1.975999999999699810e+02,2.388694398691182244e+02,1.079171052592075597e+01,6.017094889036769700e+00,3.404267746350118529e+01
1.976999999999700037e+02,2.387689032860138525e+02,1.082637694498682457e+01,5.983028207088564976e+00,3.408702577554412727e+01
1.977999999999800025e+02,2.388226619215486721e+02,1.086154311064310818e+01,5.913776716323425831e+00,3.413576561898000961e+01
1.978999999999799968e+02,2.388134213362197897e+02,1.090375254876589040e+01,5.868567775451718482e+00,3.416547539444201220e+01
1.979999999999800195e+02,2.387103693454379254e+02,1.092745325306213111e+01,5.833407400947817401e+00,3.419158610173582247e+01
1.980999999999899899e+02,2.386079059528699133e+02,1.094777026557596855e+01,5.773927566462838890e+00,3.420873090367314973e+01
1.981999999999899842e+02,2.390359938432174260e+02,1.094892253140621463e+01,5.738710644749914991e+00,3.421909600481764357e+01
1.982999999999899785e+02,2.393218757172947733e+02,1.094959256788721724e+01,5.733992624864350240e+00,3.422827146008658161e+01
1.983999999999900012e+02,2.396727725759036787e+02,1.095720968491841418e+01,5.714024579013022631e+00,3.423901882062941837e+01
1.985000000000000000e+02,2.399113362312168931e+02,1.097012124116006682e+01,5.674601616852249286e+00,3.428634335492229468e+01
1.985999999999999943e+02,2.401697215737130477e+02,1.097633130717337302e+01,5.691675242429096393e+00,3.436736466497939801e+01
1.986999999999999886e+02,2.405838015689096210e+02,1.098300574819003472e+01,5.701211446913437619e+00,3.445823202715438072e+01
1.988000000000100158e+02,2.406618010544059416e+02,1.098935097471138000e+01,5.724000965761157467e+00,3.453475778110066585e+01
1.989000000000100101e+02,2.407612787105502150e+02,1.098860096140930054e+01,5.724882810574378311e+00,3.463125238676617101e+01
1.990000000000100044e+02,2.400797710863306804e+02,1.098172937244647152e+01,5.729355702989951560e+00,3.470173780232462235e+01
1.991000000000200032e+02,2.401033481175591646e+02,1.095996705784637015e+01,5.724890747616152353e+00,3.473997063492389969e+01
1.992000000000199975e+02,2.398440619215932372e+02,1.093045047339197495e+01,5.683915636440509012e+00,3.472676034232188158e+01
1.993000000000199918e+02,2.399303656034898324e+02,1.085517974947625852e+01,5.715195149089713489e+00,3.470847414012936838e+01
1.994000000000199861e+02,2.401498165913563128e+02,1.081300443575890924e+01,5.730703871977591568e+00,3.460533585410250623e+01
1.995000000000300133e+02,2.402046204509509835e+02,1.079220652252880797e+01,5.827830652585189064e+00,3.443105501823928449e+01
1.996000000000300076e+02,2.401390756143117073e+02,1.073460616707365567e+01,5.802276629748342351e+00,3.427054021783433058e+01
1.997000000000300020e+02,2.406680320208264448e+02,1.063798272268677891e+01,5.791928011670411713e+00,3.407710246376706920e+01
1.998000000000400007e+02,2.396226894479704583e+02,1.063964694591723514e+01,5.995648360423619039e+00,3.385374395712057805e+01
1.999000000000399950e+02,2.397869192490364867e+02,1.064034630232112910e+01,6.031407803278575841e+00,3.374357554592832997e+01
2.000000000000399893e+02,2.382773743200642400e+02,1.049667243171195352e+01,5.943596624953787710e+00,3.399196581628076075e+01
