lag_ps,Li_A2,Zr_A2,O_A2,Cl_A2
0.000000000000000000e+00,0.000000000000000000e+00,0.000000000000000000e+00,0.000000000000000000e+00,0.000000000000000000e+00
1.000000000000000056e-01,8.942689109873913633e-01,1.108921744819575256e-01,1.717075525687735971e-01,3.064314537182973308e-01
2.000000000000000111e-01,1.523770575988993903e+00,2.427617327667291602e-01,2.760935002396485705e-01,6.284710567927425107e-01
2.999999999999999889e-01,1.999167123788148093e+00,3.639115952671601040e-01,3.592175211333915597e-01,8.883428264777560868e-01
4.000000000000000222e-01,2.435332264823592663e+00,4.943471806057357365e-01,4.387783967956826459e-01,1.142623185333036639e+00
5.000000000000000000e-01,2.837945999430375288e+00,6.045772931692887653e-01,5.141071015695328761e-01,1.366237017760104422e+00
5.999999999999999778e-01,3.224871863118449866e+00,7.094795770216274500e-01,5.837444042842343528e-01,1.579025236865330140e+00
6.999999999999999556e-01,3.588765193506692430e+00,8.052393163283901867e-01,6.455981991391255281e-01,1.763394443304088455e+00
8.000000000000000444e-01,3.932173796133834998e+00,8.954806726916625381e-01,7.015578421140731269e-01,1.938562103836543704e+00
9.000000000000000222e-01,4.270332349831376106e+00,9.823888090457529865e-01,7.539831039507814969e-01,2.111122909777484846e+00
1.000000000000000000e+00,4.599600169870843303e+00,1.063897113168590147e+00,8.045756055475991042e-01,2.272308328505830310e+00
1.100000000000000089e+00,4.919747929791887131e+00,1.142227889590064382e+00,8.506662274252143607e-01,2.425520408074614220e+00
1.199999999999999956e+00,5.229466688380848716e+00,1.217251005552778320e+00,8.921368631856444464e-01,2.569860135739725937e+00
1.300000000000000044e+00,5.538719406006473278e+00,1.287866202804417881e+00,9.322499344948388389e-01,2.705549942892119919e+00
1.399999999999999911e+00,5.849718277615293616e+00,1.355566862397946659e+00,9.680006299496650701e-01,2.835860936620243855e+00
1.500000000000000000e+00,6.150576058731418883e+00,1.421185113438415248e+00,1.003730969910257453e+00,2.958468553651890431e+00
1.600000000000000089e+00,6.440794308854118633e+00,1.483855772174865084e+00,1.034030237344345293e+00,3.076393088770920770e+00
1.699999999999999956e+00,6.728932393503234799e+00,1.543118206661200587e+00,1.061255678411104908e+00,3.188496792115816270e+00
1.800000000000000044e+00,7.021183589730960684e+00,1.599006331760119526e+00,1.086198223102107008e+00,3.296226599589400674e+00
1.899999999999999911e+00,7.312358944957184193e+00,1.651670539282855010e+00,1.110137523787994240e+00,3.400969028492157431e+00
2.000000000000000000e+00,7.601017991367568172e+00,1.701671970014645430e+00,1.131022865010092859e+00,3.501529874856273317e+00
2.100000000000000089e+00,7.885022721254858702e+00,1.750375799322206882e+00,1.149629538712607868e+00,3.598177544794179283e+00
2.200000000000000178e+00,8.168182035515172856e+00,1.799058476478176294e+00,1.169973159593807432e+00,3.693142302741338590e+00
2.299999999999999822e+00,8.446794149992797429e+00,1.847311956753981299e+00,1.191005137262015179e+00,3.786866169709433461e+00
2.399999999999999911e+00,8.720453001745596566e+00,1.894077935496176757e+00,1.211770849351526014e+00,3.882161597334936154e+00
2.500000000000000000e+00,8.993654840728076749e+00,1.939560058441681001e+00,1.231733800185360161e+00,3.977192228737812751e+00
2.600000000000000089e+00,9.268936930053417456e+00,1.984218567453564397e+00,1.250885934194344573e+00,4.071187021873565293e+00
2.700000000000000178e+00,9.544278472802162128e+00,2.028209192627437485e+00,1.271671323388435360e+00,4.164612634676736036e+00
2.799999999999999822e+00,9.815216793466802869e+00,2.071991676369090207e+00,1.291462777732649503e+00,4.258635425652447459e+00
2.899999999999999911e+00,1.008981179410916873e+01,2.115845382621046156e+00,1.311772518362060547e+00,4.354036981131440776e+00
3.000000000000000000e+00,1.035876772936111934e+01,2.159912379720417164e+00,1.332727746881280151e+00,4.449505109701184402e+00
3.100000000000000089e+00,1.062762636832221119e+01,2.203914383462730164e+00,1.350924935241878178e+00,4.546020809853689393e+00
3.200000000000000178e+00,1.089362549513166556e+01,2.248520948134817843e+00,1.369209140002086045e+00,4.641846538166048752e+00
3.299999999999999822e+00,1.116383293112500219e+01,2.292457126102955822e+00,1.387462371640431069e+00,4.737494546183876665e+00
3.399999999999999911e+00,1.143329104137830932e+01,2.335906780490197399e+00,1.405374579046757777e+00,4.831427292261400552e+00
3.500000000000000000e+00,1.169689208237339706e+01,2.379922907622530115e+00,1.423384768565103320e+00,4.923737073604922188e+00
3.600000000000000089e+00,1.196130669178091566e+01,2.424435857103575120e+00,1.443152088076303796e+00,5.014421983210995748e+00
3.700000000000000178e+00,1.222708038910282191e+01,2.469789105970285448e+00,1.462243954026792414e+00,5.104802571839899272e+00
3.799999999999999822e+00,1.249685261563586103e+01,2.515618155227717256e+00,1.480424742414125250e+00,5.195424225335525392e+00
3.899999999999999911e+00,1.277007424926597601e+01,2.562512144721726948e+00,1.499276871598150374e+00,5.285531621585437101e+00
4.000000000000000000e+00,1.303934894586843818e+01,2.609547417040165573e+00,1.519015779794304022e+00,5.375185310185913501e+00
4.099999999999999645e+00,1.331146163642759461e+01,2.656387420316352888e+00,1.538646604629107850e+00,5.464684234758771630e+00
4.200000000000000178e+00,1.358145313412532396e+01,2.703369652215291463e+00,1.558680961357450157e+00,5.552787459826139305e+00
4.299999999999999822e+00,1.385522199638265484e+01,2.750234551051140119e+00,1.577282454168248860e+00,5.640904805903494967e+00
4.400000000000000355e+00,1.412602227103947428e+01,2.797798542077160722e+00,1.596562871753431478e+00,5.729749115434102258e+00
4.500000000000000000e+00,1.440005618288243561e+01,2.845792458230733679e+00,1.616271429300452089e+00,5.820005570887675894e+00
4.599999999999999645e+00,1.466873935185270206e+01,2.894069369399911551e+00,1.637695593908380598e+00,5.911370081703904766e+00
4.700000000000000178e+00,1.493859238660534672e+01,2.942269830422564958e+00,1.657051063782072786e+00,6.002957244482311161e+00
4.799999999999999822e+00,1.520865128895952445e+01,2.989494264771324072e+00,1.677124894465953586e+00,6.093673496224075059e+00
4.900000000000000355e+00,1.548178955923386368e+01,3.036456986957951187e+00,1.695142899238126555e+00,6.185222940257727231e+00
5.000000000000000000e+00,1.575034812857969868e+01,3.083207334004318234e+00,1.712353335378895558e+00,6.277048892089870158e+00
5.099999999999999645e+00,1.601958364137099267e+01,3.131250244659574467e+00,1.727992025109960084e+00,6.367876705023427952e+00
5.200000000000000178e+00,1.628347945198773061e+01,3.180001904045433925e+00,1.747346899805629183e+00,6.458226195521472590e+00
5.299999999999999822e+00,1.654456225305706951e+01,3.228615988720856755e+00,1.764837692380175405e+00,6.549156461604654034e+00
5.400000000000000355e+00,1.680709710174557259e+01,3.277277776660360686e+00,1.782251091554580169e+00,6.640208753226602312e+00
5.500000000000000000e+00,1.706795211349178487e+01,3.326497716449066111e+00,1.801654825557604589e+00,6.730830626694259244e+00
5.599999999999999645e+00,1.732984990024033323e+01,3.375672182015497569e+00,1.820422916491213572e+00,6.822041786127761576e+00
5.700000000000000178e+00,1.759053546977606430e+01,3.425240384756412571e+00,1.838582364002581349e+00,6.912672345323422007e+00
5.799999999999999822e+00,1.785759906021144161e+01,3.476099041578873283e+00,1.858431853804974221e+00,7.002996126117559506e+00
5.900000000000000355e+00,1.812908222875492825e+01,3.527162792835320637e+00,1.875241162484355462e+00,7.093240636900959295e+00
6.000000000000000000e+00,1.839923986584351567e+01,3.578424254842643037e+00,1.894683486887014157e+00,7.182076763398596242e+00
6.099999999999999645e+00,1.866843089782877385e+01,3.630822211015198420e+00,1.913832002866612481e+00,7.270939080399638321e+00
6.200000000000000178e+00,1.893510396023224018e+01,3.684142553335988612e+00,1.936059254347459513e+00,7.358676212057794430e+00
6.299999999999999822e+00,1.920786397421933245e+01,3.735733232223179545e+00,1.956232826546683068e+00,7.445280076346031173e+00
6.400000000000000355e+00,1.947995650175908011e+01,3.787420222668953063e+00,1.974618089438920698e+00,7.532992654353031448e+00
6.500000000000000000e+00,1.974763013598857597e+01,3.839665543385626822e+00,1.993043970371278339e+00,7.620076413626122758e+00
6.599999999999999645e+00,2.001314380075899280e+01,3.892924018686518384e+00,2.011363253845575905e+00,7.706298850171815040e+00
6.700000000000000178e+00,2.028000827949368912e+01,3.946135806094891230e+00,2.028271362711303372e+00,7.794823579865559182e+00
6.799999999999999822e+00,2.054497303142413145e+01,3.998654705475843674e+00,2.044985571684496684e+00,7.882623273406853315e+00
6.900000000000000355e+00,2.080963891435843749e+01,4.051733263203934676e+00,2.060875869642800673e+00,7.970194934405737008e+00
7.000000000000000000e+00,2.106952402148635528e+01,4.104580937385104988e+00,2.075850173907144214e+00,8.057992770137142102e+00
7.099999999999999645e+00,2.133077566954579396e+01,4.156229569852418315e+00,2.090501499275732478e+00,8.145747246932343089e+00
7.200000000000000178e+00,2.159235797039593407e+01,4.208112741063986029e+00,2.104398542541288553e+00,8.233963650575985227e+00
7.299999999999999822e+00,2.184947049507392336e+01,4.260283589955137451e+00,2.118355647599399205e+00,8.322125696986894638e+00
7.400000000000000355e+00,2.210841491578728579e+01,4.310842165585943242e+00,2.132036631023955575e+00,8.410565835456980111e+00
7.500000000000000000e+00,2.236800801457151522e+01,4.361208271699236860e+00,2.144286451657217984e+00,8.497854605053927202e+00
7.599999999999999645e+00,2.262263676141874313e+01,4.411689528985719200e+00,2.159127863515803547e+00,8.582942298482004517e+00
7.700000000000000178e+00,2.288083698895527718e+01,4.462099132264583545e+00,2.172584100536868679e+00,8.666709216799162618e+00
7.799999999999999822e+00,2.313747274357441341e+01,4.512767499111467906e+00,2.187385088794263854e+00,8.751486704318972798e+00
7.900000000000000355e+00,2.339820066893727102e+01,4.563564995523033296e+00,2.200823103335212583e+00,8.836916226964969923e+00
8.000000000000000000e+00,2.365891194312742130e+01,4.614493911034435847e+00,2.216113413561756396e+00,8.923363872149499443e+00
8.099999999999999645e+00,2.391642817377957186e+01,4.664941609373494558e+00,2.231493196423015135e+00,9.009447096977437397e+00
8.199999999999999289e+00,2.417393755758172702e+01,4.715430762161248346e+00,2.246410693597829411e+00,9.094837004796946900e+00
8.300000000000000711e+00,2.442635653274741969e+01,4.766816113539878330e+00,2.261570964280832818e+00,9.177437098088178757e+00
8.400000000000000355e+00,2.467675908841289711e+01,4.816477816895015529e+00,2.275007418472512200e+00,9.259182941651198817e+00
8.500000000000000000e+00,2.492524164819230492e+01,4.865463047686353626e+00,2.286128422576765740e+00,9.339419869051964085e+00
8.599999999999999645e+00,2.517775876531207047e+01,4.914498436298108786e+00,2.301453311882215580e+00,9.418886711136769563e+00
8.699999999999999289e+00,2.542765446292890630e+01,4.963009061603329108e+00,2.316226264766648946e+00,9.497444947404135362e+00
8.800000000000000711e+00,2.568435467518357029e+01,5.010133351967682280e+00,2.328774602010214689e+00,9.574502739429949116e+00
8.900000000000000355e+00,2.594029010681617109e+01,5.057351767069215853e+00,2.340332967594010327e+00,9.651382791786801363e+00
9.000000000000000000e+00,2.619596427003253680e+01,5.105097578260187952e+00,2.352397607381543576e+00,9.728476320424924495e+00
9.099999999999999645e+00,2.644793267786619850e+01,5.153259468388911912e+00,2.364722035142059031e+00,9.806596486003323676e+00
9.199999999999999289e+00,2.669967011413618252e+01,5.202529576699660652e+00,2.376850306812473779e+00,9.887170850340082140e+00
9.300000000000000711e+00,2.695212032468443653e+01,5.253251096392586916e+00,2.391709481578984775e+00,9.969791668865251921e+00
9.400000000000000355e+00,2.720328525775070005e+01,5.304439427385990946e+00,2.403559424124846799e+00,1.005374855083355179e+01
9.500000000000000000e+00,2.745369384378522071e+01,5.354077966285923473e+00,2.411310565608190792e+00,1.013633787249309748e+01
9.599999999999999645e+00,2.770675689464635383e+01,5.402439398510843205e+00,2.420650920290715824e+00,1.022031645595611593e+01
9.699999999999999289e+00,2.796359125712291060e+01,5.450191137435925981e+00,2.431127848669776270e+00,1.030289154288237619e+01
9.800000000000000711e+00,2.821890803878567056e+01,5.497829127999403376e+00,2.439513936759300172e+00,1.038582425434512757e+01
9.900000000000000355e+00,2.847616430964164280e+01,5.545905874025497617e+00,2.449955347628117508e+00,1.046983822055856095e+01
1.000000000000000000e+01,2.873124111329351749e+01,5.595055794507126201e+00,2.459976086408436124e+00,1.055326275833457395e+01
1.009999999999999964e+01,2.898737880920323562e+01,5.644194729104719421e+00,2.470938688657091209e+00,1.063639411567355175e+01
1.019999999999999929e+01,2.924113984294765345e+01,5.694393134932250078e+00,2.482297608916867571e+00,1.071802301762403076e+01
1.030000000000000071e+01,2.949323329234680813e+01,5.745391605026448190e+00,2.494342581006140591e+00,1.079815055598063545e+01
1.040000000000000036e+01,2.974582914881114348e+01,5.796100165445428942e+00,2.506280775756155155e+00,1.087894870080626752e+01
1.050000000000000000e+01,2.999679734346546311e+01,5.846568694539779898e+00,2.517699791072283588e+00,1.095957425977489130e+01
1.059999999999999964e+01,3.023869411969532450e+01,5.895967522199637045e+00,2.526668982026563537e+00,1.104026709643627591e+01
1.069999999999999929e+01,3.048837615792943723e+01,5.945221689205180127e+00,2.535441058418058446e+00,1.112020954254284888e+01
1.080000000000000071e+01,3.074305749175394098e+01,5.994718707909648892e+00,2.548008272932762885e+00,1.120038688932901927e+01
1.090000000000000036e+01,3.099708623030428001e+01,6.043893976118849487e+00,2.559687776046304819e+00,1.128006013748212411e+01
1.100000000000000000e+01,3.125131217214920909e+01,6.092970716167267931e+00,2.571701685783683633e+00,1.135895600033606812e+01
1.109999999999999964e+01,3.149731704066283555e+01,6.142954008913507735e+00,2.588149747983776283e+00,1.143792366689921813e+01
1.119999999999999929e+01,3.174338552126327073e+01,6.192814144089139106e+00,2.603281280368291206e+00,1.151578315849286760e+01
1.130000000000000071e+01,3.198941514954512755e+01,6.241355161371058280e+00,2.617818677301822827e+00,1.159367591953743393e+01
1.140000000000000036e+01,3.223905901926401185e+01,6.289471771436262237e+00,2.631182166917719112e+00,1.167322153359460302e+01
1.150000000000000000e+01,3.248794712067308410e+01,6.338592615647127282e+00,2.643631419500685364e+00,1.175452639702884561e+01
1.159999999999999964e+01,3.273348528542235414e+01,6.387533259095774518e+00,2.658250056138473205e+00,1.183480408749963075e+01
1.169999999999999929e+01,3.297657465555416678e+01,6.435592778101661082e+00,2.668148528806346675e+00,1.191520613613664459e+01
1.180000000000000071e+01,3.321689049125324544e+01,6.483518481135668310e+00,2.679701299739996490e+00,1.199403954861673682e+01
1.190000000000000036e+01,3.345787669358603011e+01,6.531711995486187305e+00,2.691181073521670353e+00,1.207233478768742252e+01
1.200000000000000000e+01,3.369442991989556901e+01,6.579666779515117803e+00,2.703942672800464742e+00,1.215092381014233069e+01
1.209999999999999964e+01,3.393480675631186472e+01,6.626399899080518630e+00,2.715002401249228647e+00,1.222856374945326152e+01
1.219999999999999929e+01,3.417417837048110130e+01,6.672461986907701537e+00,2.726652645118435192e+00,1.230551556206593844e+01
1.230000000000000071e+01,3.441395751566977168e+01,6.718559278058819473e+00,2.736455939395256998e+00,1.238181457283979725e+01
1.240000000000000036e+01,3.464912840602111288e+01,6.764409583844506635e+00,2.746942973738635274e+00,1.245905884601618929e+01
1.250000000000000000e+01,3.489199521259982362e+01,6.810116174036084935e+00,2.756300394483861549e+00,1.253603332978414642e+01
1.259999999999999964e+01,3.514080433546276083e+01,6.855253900272461287e+00,2.766218480256225742e+00,1.261244955123917322e+01
1.269999999999999929e+01,3.538797871509406434e+01,6.900560886506065472e+00,2.777150388045073193e+00,1.268917158366474673e+01
1.280000000000000071e+01,3.563496222726634244e+01,6.946375373072363857e+00,2.788850764310446095e+00,1.276625706733678989e+01
1.290000000000000036e+01,3.588643281089017023e+01,6.992926173769232534e+00,2.801836505134595257e+00,1.284337828225936740e+01
1.300000000000000000e+01,3.613281765885569286e+01,7.039543068434567452e+00,2.814019567364764995e+00,1.292014588122977514e+01
1.309999999999999964e+01,3.637973366783671736e+01,7.087023313588162843e+00,2.827319675448368930e+00,1.299825232773030237e+01
1.319999999999999929e+01,3.663265986189830414e+01,7.134672335621966788e+00,2.840448199481256264e+00,1.307625416666849816e+01
1.330000000000000071e+01,3.688474242064962993e+01,7.181275908915605299e+00,2.854264391790944710e+00,1.315213435608851711e+01
1.340000000000000036e+01,3.713425397564018482e+01,7.228859316694201453e+00,2.870153137583867142e+00,1.322872943639112364e+01
1.350000000000000000e+01,3.738007023167295984e+01,7.278736267383241199e+00,2.887177195467185875e+00,1.330773445614699035e+01
1.359999999999999964e+01,3.762341150886726382e+01,7.329339067773935845e+00,2.903828232658451025e+00,1.338702051580652430e+01
1.369999999999999929e+01,3.786839403563410400e+01,7.380959340339277475e+00,2.919532666978894131e+00,1.346711386029152990e+01
1.380000000000000071e+01,3.811017115883567641e+01,7.433727203554618690e+00,2.938561709564640356e+00,1.354813514225261173e+01
1.390000000000000036e+01,3.835174204683440990e+01,7.486454095910247020e+00,2.954595251218794960e+00,1.362837554033518828e+01
1.400000000000000000e+01,3.859317518330720276e+01,7.538081109246277833e+00,2.970895873900619044e+00,1.370632123791760648e+01
1.409999999999999964e+01,3.883338091657694946e+01,7.588829747265213754e+00,2.986488436407559455e+00,1.378320606866778775e+01
1.419999999999999929e+01,3.908171785328993764e+01,7.639517562772838666e+00,3.001711223063259215e+00,1.385971614513045758e+01
1.430000000000000071e+01,3.931803061186763415e+01,7.690350988204553317e+00,3.017518524380283118e+00,1.393665495331046422e+01
1.440000000000000036e+01,3.955147918749237590e+01,7.741086062901838538e+00,3.031918227576499092e+00,1.401374469424613345e+01
1.450000000000000000e+01,3.979375070923408941e+01,7.791037679098902657e+00,3.047806417442330051e+00,1.408974313812719892e+01
1.459999999999999964e+01,4.003915112141049804e+01,7.839620268678498149e+00,3.063704624051133418e+00,1.416513745788089018e+01
1.469999999999999929e+01,4.027994387463311909e+01,7.887632178445844744e+00,3.078920234729057626e+00,1.424113429892063643e+01
1.480000000000000071e+01,4.051707617341264012e+01,7.934938138046121026e+00,3.092557865251880145e+00,1.431730602530337570e+01
1.490000000000000036e+01,4.075570917824378370e+01,7.982304824006368094e+00,3.107259778057767097e+00,1.439169191134236314e+01
1.500000000000000000e+01,4.099214436845230836e+01,8.027724459359017573e+00,3.121603179740749745e+00,1.446349718718609978e+01
1.509999999999999964e+01,4.122687882675200655e+01,8.071138227743428928e+00,3.133726040852992334e+00,1.453457969209282652e+01
1.519999999999999929e+01,4.146248486682767975e+01,8.113910128127862720e+00,3.147388546858761682e+00,1.460444689141418451e+01
1.530000000000000071e+01,4.169862006923487741e+01,8.156493524060309142e+00,3.159466734661119602e+00,1.467318650924698886e+01
1.540000000000000036e+01,4.193529832654591161e+01,8.198725794601946504e+00,3.171460507097905612e+00,1.474091574497114188e+01
1.550000000000000000e+01,4.217502585991699959e+01,8.240243144755931226e+00,3.182022236702898965e+00,1.480810074953980937e+01
1.559999999999999964e+01,4.240996082483604823e+01,8.280382338234046458e+00,3.191718380143109712e+00,1.487548525371860109e+01
1.569999999999999929e+01,4.264750955057295556e+01,8.320493346820216019e+00,3.200727648939192260e+00,1.494289409464606067e+01
1.580000000000000071e+01,4.288164009615950079e+01,8.360428863024129242e+00,3.211074081828258819e+00,1.500964340622632420e+01
1.590000000000000036e+01,4.311242769429598809e+01,8.400237794174108430e+00,3.219530391511727707e+00,1.507593985703218209e+01
1.600000000000000000e+01,4.334310101185275954e+01,8.439918251479829436e+00,3.228796433836509827e+00,1.514328814785432442e+01
1.610000000000000142e+01,4.357616224495615143e+01,8.480275531041780113e+00,3.239445300599033128e+00,1.521061213531106660e+01
1.619999999999999929e+01,4.381251242091661169e+01,8.520954998992589680e+00,3.249902542334484501e+00,1.527744994775461151e+01
1.630000000000000071e+01,4.404661899582722384e+01,8.561960192709177520e+00,3.261011937389257653e+00,1.534329416432689719e+01
1.640000000000999947e+01,4.427580950725114661e+01,8.602995273436775392e+00,3.270359834605706340e+00,1.541049685743933573e+01
1.650000000001000089e+01,4.451035600973825268e+01,8.643679354359621314e+00,3.280002380756673386e+00,1.547656261156620161e+01
1.660000000001000231e+01,4.474277562816762099e+01,8.684121895379020017e+00,3.290307993106996509e+00,1.554165024741432610e+01
1.670000000001000018e+01,4.497835217933836560e+01,8.724883029621949504e+00,3.302219381703327628e+00,1.560745182017942057e+01
1.680000000001000160e+01,4.520583223275828999e+01,8.766377701806609579e+00,3.312326908477198906e+00,1.567483022116690350e+01
1.690000000000999947e+01,4.543169946132911718e+01,8.808183429715761292e+00,3.322708005279750854e+00,1.574198401325208785e+01
1.700000000001000089e+01,4.565969113881462249e+01,8.850649484733713379e+00,3.333238113864427810e+00,1.580999192195764635e+01
1.710000000001000231e+01,4.589003869036293537e+01,8.893942729894046550e+00,3.344657001077934844e+00,1.587914973110294170e+01
1.720000000001000018e+01,4.612392513927771631e+01,8.938414171933864338e+00,3.356366857703952711e+00,1.594999413422011436e+01
1.730000000001000160e+01,4.635349180779530798e+01,8.984570417993692715e+00,3.371434193614661012e+00,1.602378289811225187e+01
1.740000000000999947e+01,4.657412523531916548e+01,9.032203331842664440e+00,3.388527222521592996e+00,1.610031477445320647e+01
1.750000000001000089e+01,4.681122238901519239e+01,9.081228967408083719e+00,3.406914028223267721e+00,1.617710830013678702e+01
1.760000000001000231e+01,4.704960994914596739e+01,9.129832647927488054e+00,3.423775851688731553e+00,1.625222662485224490e+01
1.770000000001000018e+01,4.727926890624572565e+01,9.179122313408287326e+00,3.441606679265793556e+00,1.632707185976774156e+01
1.780000000001000160e+01,4.751441014607441815e+01,9.227585384891979103e+00,3.459430979146481455e+00,1.640151894660350251e+01
1.790000000000999947e+01,4.774917316819826141e+01,9.274879375196492859e+00,3.477899004781183301e+00,1.647543301526121695e+01
1.800000000001000089e+01,4.799148518121940299e+01,9.321852489487158167e+00,3.494314016916944432e+00,1.654749105721689872e+01
1.810000000001000231e+01,4.823126127151426346e+01,9.367394019797872673e+00,3.512436176456163128e+00,1.661834608913728317e+01
1.820000000001000018e+01,4.847233688827837739e+01,9.412750351952370309e+00,3.529427887636193528e+00,1.668934623102585491e+01
1.830000000001000160e+01,4.871060948526103829e+01,9.457634936131102066e+00,3.545061842687462939e+00,1.676124220075256943e+01
1.840000000000999947e+01,4.895405047254892850e+01,9.502182300754490996e+00,3.559579631331482474e+00,1.683203454710841029e+01
1.850000000001000089e+01,4.919290319651802434e+01,9.546411307194519580e+00,3.574823497395801297e+00,1.690125944779657985e+01
1.860000000001000231e+01,4.943901845110055149e+01,9.589368923548057921e+00,3.587731040792679238e+00,1.696855052549365439e+01
1.870000000001000018e+01,4.968071588829005947e+01,9.631453033987444456e+00,3.602436237644115913e+00,1.703475913427237387e+01
1.880000000001000160e+01,4.992629110584425689e+01,9.671625516357847729e+00,3.618211273925307392e+00,1.709819431477253815e+01
1.890000000000999947e+01,5.016795722059120521e+01,9.711645196591174312e+00,3.630135026471636550e+00,1.715990992468632470e+01
1.900000000001000089e+01,5.041286424115392606e+01,9.751181555645683119e+00,3.642823664187561317e+00,1.722139998232913882e+01
1.910000000001000231e+01,5.065673556914952513e+01,9.789393445637941227e+00,3.653619604164046741e+00,1.728097811316121835e+01
1.920000000001000018e+01,5.090277872869899056e+01,9.826245764491629231e+00,3.667042597111079161e+00,1.733897195055233453e+01
1.930000000001000160e+01,5.114317238778816943e+01,9.861074171292511181e+00,3.678895659137921381e+00,1.739785662666874089e+01
1.940000000000999947e+01,5.139296817967125719e+01,9.894918076533400608e+00,3.689874011334473458e+00,1.745525219334043854e+01
1.950000000001000089e+01,5.164056411086740184e+01,9.927300536956185084e+00,3.697142404002135674e+00,1.751236948190082643e+01
1.960000000001000231e+01,5.187489310790586927e+01,9.961152374035776802e+00,3.707941146638328966e+00,1.756920147351448236e+01
1.970000000001000018e+01,5.211098294928596886e+01,9.996375077721168623e+00,3.717992436132020906e+00,1.762613890502186109e+01
1.980000000001000160e+01,5.235005336162044642e+01,1.003179538044885710e+01,3.726657569159724126e+00,1.768350612481213346e+01
1.990000000000999947e+01,5.258835517627586853e+01,1.006739261610735170e+01,3.733854483235799826e+00,1.774215570623496063e+01
2.000000000001000089e+01,5.282979562084912573e+01,1.010341655517891368e+01,3.743453286129878155e+00,1.780076252896858335e+01
2.010000000001000231e+01,5.306764758931906556e+01,1.013903431723032256e+01,3.752552140004069336e+00,1.785949493919744313e+01
2.020000000001000018e+01,5.330640148764388897e+01,1.017406773617905102e+01,3.762142390828861593e+00,1.791765203713263688e+01
2.030000000001000160e+01,5.354758846499919400e+01,1.020968957541723299e+01,3.769480831419650180e+00,1.797564485975498627e+01
2.040000000000999947e+01,5.378296417830697607e+01,1.024676825971618754e+01,3.779671209235424989e+00,1.803550591726046548e+01
2.050000000001000089e+01,5.401233999810744280e+01,1.028419120940009890e+01,3.790227710773949710e+00,1.809619076265493831e+01
2.060000000001000231e+01,5.423885505886369884e+01,1.032224083485214905e+01,3.799470505065621229e+00,1.815680183933956116e+01
2.070000000001000018e+01,5.446058699420954952e+01,1.036054252135635423e+01,3.809265128541265977e+00,1.821675799272900065e+01
2.080000000001000160e+01,5.468763300106724756e+01,1.039932561364783759e+01,3.822340265961436501e+00,1.827641132352619735e+01
2.090000000000999947e+01,5.491452978738800539e+01,1.043961998835040816e+01,3.837629667322885130e+00,1.833698060537297181e+01
2.100000000001000089e+01,5.513804570530309945e+01,1.048107383784077662e+01,3.853984868573278266e+00,1.839758639931818252e+01
2.110000000001000231e+01,5.536906462458041034e+01,1.052283913832449613e+01,3.869196739679318764e+00,1.845792072249658133e+01
2.120000000001000018e+01,5.559796775820871062e+01,1.056525679999885270e+01,3.884291676858531606e+00,1.851905411450297123e+01
2.130000000001000160e+01,5.583021516430978437e+01,1.060763023934936733e+01,3.899100220471892975e+00,1.858191649451274330e+01
2.140000000000999947e+01,5.606488120651916063e+01,1.064979437985409305e+01,3.912336366655980502e+00,1.864691589999753774e+01
2.150000000001000089e+01,5.630069971042480859e+01,1.069215356907959347e+01,3.926307993211897607e+00,1.871241642950182182e+01
2.160000000001000231e+01,5.653143351560402863e+01,1.073621865262231267e+01,3.942276346950648769e+00,1.877924563987613027e+01
2.170000000001000018e+01,5.676442554103530114e+01,1.078134493137806338e+01,3.960608040682446429e+00,1.884655069058172572e+01
2.180000000001000160e+01,5.699780380347844755e+01,1.082627589820184610e+01,3.977097760811679095e+00,1.891381037725583880e+01
2.190000000000999947e+01,5.723208726098868482e+01,1.087104558880542982e+01,3.993795696786785143e+00,1.898046003864116216e+01
2.200000000001000089e+01,5.746466566994676839e+01,1.091642524648000823e+01,4.009239125068245535e+00,1.904661831495750235e+01
2.210000000001000231e+01,5.769452494541152987e+01,1.096014087073117338e+01,4.024366851790380117e+00,1.911289687563984430e+01
2.220000000001000018e+01,5.792735826306633840e+01,1.100488189895173541e+01,4.040275040940490392e+00,1.917914638041671438e+01
2.230000000001000160e+01,5.815817818606554823e+01,1.104970327229511895e+01,4.054542959380125211e+00,1.924469265541836904e+01
2.240000000000999947e+01,5.838839253216261227e+01,1.109346941126207575e+01,4.069452456212914626e+00,1.930977654451527670e+01
2.250000000001000089e+01,5.861386387262771080e+01,1.113564458927529088e+01,4.084880076330324350e+00,1.937426916405414801e+01
2.260000000001000231e+01,5.884120858403543508e+01,1.117767480488958398e+01,4.100134397230286609e+00,1.943913056468161571e+01
2.270000000001000018e+01,5.907567989870410941e+01,1.121902082032262982e+01,4.117392916554545756e+00,1.950431799675754618e+01
2.280000000001000160e+01,5.930955843991757348e+01,1.126002274742391052e+01,4.131548510311404243e+00,1.956827315761849562e+01
2.290000000000999947e+01,5.954076636355143393e+01,1.130058252185719248e+01,4.143938647654611174e+00,1.963011174722547736e+01
2.300000000001000089e+01,5.977824969748844808e+01,1.133954894931779300e+01,4.158106958061179803e+00,1.969193478289206922e+01
2.310000000002000320e+01,6.001362923478749423e+01,1.137929172468551009e+01,4.171608223116437308e+00,1.975439196249898544e+01
2.320000000002000107e+01,6.024812024652907638e+01,1.141923471285138625e+01,4.187841360010790659e+00,1.981593927887187334e+01
2.330000000002000249e+01,6.048681718894219017e+01,1.145786122084261294e+01,4.202428594719671118e+00,1.987711102047953204e+01
2.340000000002000036e+01,6.072917123011741580e+01,1.149720205426391573e+01,4.214258856659790276e+00,1.993959792374768369e+01
2.350000000002000178e+01,6.096532902803383536e+01,1.153711840782871967e+01,4.228382883773973866e+00,2.000187371976470629e+01
2.360000000002000320e+01,6.119782026264518748e+01,1.157672831461163732e+01,4.242568833819781560e+00,2.006300515243653493e+01
2.370000000002000107e+01,6.143132022368985190e+01,1.161646052385130012e+01,4.257314507958714245e+00,2.012406486942266071e+01
2.380000000002000249e+01,6.167171876413452480e+01,1.165638769504004202e+01,4.270858808847025401e+00,2.018493197744110645e+01
2.390000000002000036e+01,6.191597321909414120e+01,1.169605724191917417e+01,4.282887663090916064e+00,2.024488140158971561e+01
2.400000000002000178e+01,6.216043968689131560e+01,1.173564797361227896e+01,4.298022427525218347e+00,2.030269085848289734e+01
2.410000000002000320e+01,6.240094377613728227e+01,1.177478076990135492e+01,4.313806165346740329e+00,2.036004070958558643e+01
2.420000000002000107e+01,6.264271236451270397e+01,1.181277633228258850e+01,4.328796390884629197e+00,2.041762063187131204e+01
2.430000000002000249e+01,6.288657398005548060e+01,1.184906554872295636e+01,4.340663496764639362e+00,2.047407616211776116e+01
2.440000000002000036e+01,6.313404133496903370e+01,1.188474252968550005e+01,4.352616801834570559e+00,2.053036708070329297e+01
2.450000000002000178e+01,6.337781798326103910e+01,1.192043950969877386e+01,4.364288553404628068e+00,2.058614748062333177e+01
2.460000000002000320e+01,6.361171532507670889e+01,1.195633687409755908e+01,4.375846373411584445e+00,2.064186270440868398e+01
2.470000000002000107e+01,6.385176130476337875e+01,1.199279169617912721e+01,4.387539742532405640e+00,2.069817331214174772e+01
2.480000000002000249e+01,6.409212679349785446e+01,1.203009791369966131e+01,4.402785103230190344e+00,2.075395237791303771e+01
2.490000000002000036e+01,6.432883268842654445e+01,1.206826685624911377e+01,4.420456288416044544e+00,2.081069797311501191e+01
2.500000000002000178e+01,6.456417373216514477e+01,1.210691334484859460e+01,4.436663409173121408e+00,2.086623946530803764e+01
2.510000000002000320e+01,6.480459149257099227e+01,1.214627724796384989e+01,4.453144903985877257e+00,2.092253211041478167e+01
2.520000000002000107e+01,6.504939736974912989e+01,1.218455217111931610e+01,4.470990497350378234e+00,2.097955475877531129e+01
2.530000000002000249e+01,6.529360500493966413e+01,1.222182310986410947e+01,4.489418450316414955e+00,2.103563101584231987e+01
2.540000000002000036e+01,6.554225674214389130e+01,1.225995798233844525e+01,4.507369103514149877e+00,2.109073951574569961e+01
2.550000000002000178e+01,6.578822391686111359e+01,1.229727332829037678e+01,4.523467886413811812e+00,2.114661033860215511e+01
2.560000000002000320e+01,6.603365750290836900e+01,1.233335711594747508e+01,4.538482454455539106e+00,2.120300264993844053e+01
2.570000000002000107e+01,6.627357480036366155e+01,1.237072421993264371e+01,4.553946386522683909e+00,2.125949218113812123e+01
2.580000000002000249e+01,6.651341490120358912e+01,1.240818337051358355e+01,4.570869702075459173e+00,2.131573351222077406e+01
2.590000000002000036e+01,6.675116136412997037e+01,1.244513444275114189e+01,4.583872075833721915e+00,2.137158055485803487e+01
2.600000000002000178e+01,6.698845990813290996e+01,1.248288600390839242e+01,4.598792821544374299e+00,2.142624022528082861e+01
2.610000000002000320e+01,6.721632206124535003e+01,1.252192007401430374e+01,4.613943918523655263e+00,2.148101897911018554e+01
2.620000000002000107e+01,6.744436040072616834e+01,1.256147675559840771e+01,4.629834708886291672e+00,2.153508646119149716e+01
2.630000000002000249e+01,6.767995683183980304e+01,1.260009144339250575e+01,4.647407563694125443e+00,2.158888420889584481e+01
2.640000000002000036e+01,6.791911280334940670e+01,1.263874222966728489e+01,4.662527075145296962e+00,2.164240304631028522e+01
2.650000000002000178e+01,6.815601453014231481e+01,1.267812109501383233e+01,4.676910986609980725e+00,2.169678931396801147e+01
2.660000000002000320e+01,6.839416603064408662e+01,1.271616781921558470e+01,4.689704591109958187e+00,2.175275087397472262e+01
2.670000000002000107e+01,6.863283751165451463e+01,1.275389847575513436e+01,4.700076171218873000e+00,2.180762259772065548e+01
2.680000000002000249e+01,6.886626103124244480e+01,1.279008131060927234e+01,4.715097281437661714e+00,2.186268826227319551e+01
2.690000000002000036e+01,6.910597972039420256e+01,1.282563939950023979e+01,4.729209367891739291e+00,2.191763066791572712e+01
2.700000000002000178e+01,6.934466897858960976e+01,1.286145079757076815e+01,4.743250777205725299e+00,2.196965214578044723e+01
2.710000000002000320e+01,6.958003887095689777e+01,1.289715910383178432e+01,4.756752564190263044e+00,2.202103971035068852e+01
2.720000000002000107e+01,6.981128691633645644e+01,1.293615084880219612e+01,4.769788566914493266e+00,2.207409436380032375e+01
2.730000000002000249e+01,7.004735039553281695e+01,1.297532861807375504e+01,4.787055410490935081e+00,2.212775423995389090e+01
2.740000000002000036e+01,7.027907455092599776e+01,1.301537754219976684e+01,4.804529420250699623e+00,2.218438689161062172e+01
2.750000000002000178e+01,7.051217876655675809e+01,1.305650852322982658e+01,4.821355199583882367e+00,2.224218178403735635e+01
2.760000000002000320e+01,7.075158027991570009e+01,1.309653608535846026e+01,4.835447337468771423e+00,2.229976934935330135e+01
2.770000000002000107e+01,7.098957099350148781e+01,1.313601354749571470e+01,4.851152788638252389e+00,2.235692070525342956e+01
2.780000000002000249e+01,7.122289202971582256e+01,1.317530680665235820e+01,4.864333597374369766e+00,2.241293702221942397e+01
2.790000000002000036e+01,7.145730711581357752e+01,1.321415885183181338e+01,4.881277415770922445e+00,2.247109457685760603e+01
2.800000000002000178e+01,7.170084169221607340e+01,1.325227541771052842e+01,4.898210295873506759e+00,2.252882698030592934e+01
2.810000000002000320e+01,7.194421621755095941e+01,1.329196641957520519e+01,4.916452726179608490e+00,2.258756586179742953e+01
2.820000000002000107e+01,7.218131056206681251e+01,1.333340799907539953e+01,4.933498384292675176e+00,2.264662292313199288e+01
2.830000000002000249e+01,7.241986528583403526e+01,1.337566847622660759e+01,4.953203058153757610e+00,2.270675699249554569e+01
2.840000000002000036e+01,7.265968975183078271e+01,1.341840332490570553e+01,4.971382951258387806e+00,2.276632441224735359e+01
2.850000000002000178e+01,7.289321287345765654e+01,1.346104903240536999e+01,4.990807366792257227e+00,2.282481190163984408e+01
2.860000000002000320e+01,7.313239854487346747e+01,1.350249014166075234e+01,5.008661258009540873e+00,2.288288727973063530e+01
2.870000000002000107e+01,7.336789988981317379e+01,1.354389524833792002e+01,5.029036431331738832e+00,2.293988308283615041e+01
2.880000000002000249e+01,7.360258680332124470e+01,1.358615547096847287e+01,5.048712241524957456e+00,2.299707794437378539e+01
2.890000000002000036e+01,7.383833763386012095e+01,1.362885592061683759e+01,5.066997096382057642e+00,2.305445782161481461e+01
2.900000000002000178e+01,7.407529502594222492e+01,1.367264075288413849e+01,5.086589859132456759e+00,2.311208309668376870e+01
2.910000000002000320e+01,7.432262907368843230e+01,1.371735221890927292e+01,5.106985498127975198e+00,2.316992254715714239e+01
2.920000000002000107e+01,7.456789372174465313e+01,1.376204044549456817e+01,5.127659522357199684e+00,2.322886581330613964e+01
2.930000000002000249e+01,7.480235353809642618e+01,1.380686049132192927e+01,5.146401470092738961e+00,2.328806685229524831e+01
2.940000000002000036e+01,7.503724301500031402e+01,1.385281105867106177e+01,5.166084921948424835e+00,2.334734320482519010e+01
2.950000000002000178e+01,7.527628503067730037e+01,1.389831491287393916e+01,5.185536478972741392e+00,2.340694500413338019e+01
2.960000000002000320e+01,7.551612811263636615e+01,1.394470038998768224e+01,5.203369999612612595e+00,2.346813796761342630e+01
2.970000000002000107e+01,7.574820916385267822e+01,1.399129496745525891e+01,5.219783708610949091e+00,2.353167887960804094e+01
2.980000000002999982e+01,7.597701878105951323e+01,1.403814403652317822e+01,5.236903887587701867e+00,2.359495240426879192e+01
2.990000000002999769e+01,7.620721444124954758e+01,1.408527565436525109e+01,5.252114230111178728e+00,2.366011039439530350e+01
3.000000000002999911e+01,7.644410270885062175e+01,1.413274968974693735e+01,5.266986020833147819e+00,2.372577787038816410e+01
3.010000000003000054e+01,7.668167904369794030e+01,1.417936847736111616e+01,5.279392181525455641e+00,2.378991900816425087e+01
3.020000000002999840e+01,7.692020992871717056e+01,1.422553500971658735e+01,5.293259658149056968e+00,2.385435684823942282e+01
3.030000000002999982e+01,7.716435506672981148e+01,1.427167070708288854e+01,5.306869176870071314e+00,2.391787918289519865e+01
3.040000000002999769e+01,7.739654467596103871e+01,1.431733347856120631e+01,5.320371718785219528e+00,2.398051505782395054e+01
3.050000000002999911e+01,7.762592528581825491e+01,1.436321759158639644e+01,5.334980242596595978e+00,2.404134592778851243e+01
3.060000000003000054e+01,7.786185127578289666e+01,1.440997801231077879e+01,5.349046183421552136e+00,2.410286359134534351e+01
3.070000000002999840e+01,7.809999440896879719e+01,1.445696374871450018e+01,5.363535870868630262e+00,2.416536685167481835e+01
3.080000000002999982e+01,7.833907168008212807e+01,1.450519744856150517e+01,5.378385899417137850e+00,2.422913170816341832e+01
3.090000000002999769e+01,7.857843815080140359e+01,1.455402626631994956e+01,5.393572002149754852e+00,2.429466431885601452e+01
3.100000000002999911e+01,7.881885935576457314e+01,1.460375640792724461e+01,5.407317941361517555e+00,2.436113194942782556e+01
3.110000000003000054e+01,7.905621032747325216e+01,1.465402672617240221e+01,5.419319125399340464e+00,2.442887826856795286e+01
3.120000000002999840e+01,7.929979526656185840e+01,1.470485893819594736e+01,5.434287790803038476e+00,2.449684183618911248e+01
3.130000000002999982e+01,7.953624721261611796e+01,1.475662950734236034e+01,5.450957561930891870e+00,2.456546961911351801e+01
3.140000000002999769e+01,7.977698992277467482e+01,1.480788316426825268e+01,5.465662693800710237e+00,2.463271588237633125e+01
3.150000000002999911e+01,8.001025908457923208e+01,1.485977978557519030e+01,5.481419548001943198e+00,2.470021941991937453e+01
3.160000000003000054e+01,8.024182592442795681e+01,1.491088337064640079e+01,5.497387345802326131e+00,2.476862795008477036e+01
3.170000000002999840e+01,8.047610495057692503e+01,1.496114162013634896e+01,5.513825823730242881e+00,2.483724166593186666e+01
3.180000000002999982e+01,8.071461561208107582e+01,1.501268277455805666e+01,5.527095573504290371e+00,2.490679552207441816e+01
3.190000000002999769e+01,8.095881743543515086e+01,1.506422835363417789e+01,5.542970163958564456e+00,2.497691062544794249e+01
3.200000000002999911e+01,8.119885563853172528e+01,1.511615780233910655e+01,5.558321580561414343e+00,2.504721050367655977e+01
3.210000000003000054e+01,8.143608603364991438e+01,1.516829850291636994e+01,5.576893231306375043e+00,2.511818198352463227e+01
3.220000000003000196e+01,8.167968538106065068e+01,1.522067068567811887e+01,5.592402959641619375e+00,2.518815874070699579e+01
3.230000000002999627e+01,8.191741088912455382e+01,1.527196035455134115e+01,5.606286503134715993e+00,2.525617077962339607e+01
3.240000000002999769e+01,8.216199176549811511e+01,1.532208640278888012e+01,5.620908095391374815e+00,2.532456812779299327e+01
3.250000000002999911e+01,8.240878502111307569e+01,1.537135945847982299e+01,5.633691788908318010e+00,2.539113849364483144e+01
3.260000000003000054e+01,8.264842765682176662e+01,1.542038002094967375e+01,5.648888138751441801e+00,2.545814101832664988e+01
3.270000000003000196e+01,8.288746313229071916e+01,1.547141026045510692e+01,5.663413864437014666e+00,2.552654298252376819e+01
3.280000000002999627e+01,8.312891901666151284e+01,1.552271236043635305e+01,5.678417242530419351e+00,2.559578447514271105e+01
3.290000000002999769e+01,8.336856853355274666e+01,1.557377718193518668e+01,5.691285930143794580e+00,2.566544844593836672e+01
3.300000000002999911e+01,8.360720652985160939e+01,1.562655791759625323e+01,5.707465002699954937e+00,2.573613032857053895e+01
3.310000000003000054e+01,8.384418924089578695e+01,1.568154112785743770e+01,5.723409924131127369e+00,2.580687070399247318e+01
3.320000000003000196e+01,8.408545876914548955e+01,1.573708154808313076e+01,5.741492724514022150e+00,2.587744618448747502e+01
3.330000000002999627e+01,8.432582592790988940e+01,1.579232722881106277e+01,5.759537476814595713e+00,2.594899529524267834e+01
3.340000000002999769e+01,8.456790614878630663e+01,1.584724415908313944e+01,5.777716462170474188e+00,2.602125035414720955e+01
3.350000000002999911e+01,8.481597542055902750e+01,1.590326157801163376e+01,5.791370434865805272e+00,2.609239006956396878e+01
3.360000000003000054e+01,8.505529689940253490e+01,1.595975273964570995e+01,5.807666493884418024e+00,2.616509588214075066e+01
3.370000000003000196e+01,8.529659478978690856e+01,1.601681114043724108e+01,5.825376746260090499e+00,2.624003522874386363e+01
3.380000000002999627e+01,8.553985382620797395e+01,1.607492780789890574e+01,5.841666857773183175e+00,2.631507681694928280e+01
3.390000000002999769e+01,8.577947721707174367e+01,1.613315079057852586e+01,5.856717341121902898e+00,2.639039796060804477e+01
3.400000000002999911e+01,8.602088938118379247e+01,1.619093141691805826e+01,5.869326673735158373e+00,2.646596348930716047e+01
3.410000000003000054e+01,8.625722977928928970e+01,1.624991366785172886e+01,5.884180210473152428e+00,2.654284868977075718e+01
3.420000000003000196e+01,8.649013954050728614e+01,1.630877771647934793e+01,5.900729712585812692e+00,2.661946191312617671e+01
3.430000000002999627e+01,8.672378019869185550e+01,1.636812463609559742e+01,5.916719858100270457e+00,2.669504121589284651e+01
3.440000000002999769e+01,8.695849062326868761e+01,1.642782620614062239e+01,5.933527637859611126e+00,2.677039604103886106e+01
3.450000000002999911e+01,8.719611736228922894e+01,1.648715588120208864e+01,5.951392936231788333e+00,2.684442884959029385e+01
3.460000000003000054e+01,8.743390391553722907e+01,1.654709966292232792e+01,5.964479217835539693e+00,2.691814279735626059e+01
3.470000000003000196e+01,8.767133684346934785e+01,1.660724985600207759e+01,5.982463477095921078e+00,2.699323584515855146e+01
3.480000000002999627e+01,8.790527039177710833e+01,1.666827781300340661e+01,6.001960208677949993e+00,2.707024928631176763e+01
3.490000000002999769e+01,8.814060596994403340e+01,1.672946584306825812e+01,6.020240316254609425e+00,2.714675962846716217e+01
3.500000000002999911e+01,8.836997314997650221e+01,1.679036653156014935e+01,6.037454167180046127e+00,2.722290619404173384e+01
3.510000000003000054e+01,8.859503588036406541e+01,1.685115782944784257e+01,6.052361413581182958e+00,2.730001994703925661e+01
3.520000000003000196e+01,8.882371960875207151e+01,1.691241515686803254e+01,6.068360833922707975e+00,2.737888491068877173e+01
3.530000000002999627e+01,8.905070614101944670e+01,1.697293602124289436e+01,6.083977255204003676e+00,2.745789428939677990e+01
3.540000000002999769e+01,8.926834373095306319e+01,1.703471787240069091e+01,6.097977346073101046e+00,2.753680085014019241e+01
3.550000000002999911e+01,8.949300715278636176e+01,1.709635156260882738e+01,6.110794930276470360e+00,2.761442337410356629e+01
3.560000000003000054e+01,8.972351618786139227e+01,1.715773642575530999e+01,6.124296699723023707e+00,2.769191620452324187e+01
3.570000000003000196e+01,8.994919692927366839e+01,1.721894412114588491e+01,6.136015948380345364e+00,2.776948510506533196e+01
3.580000000002999627e+01,9.017471458489201552e+01,1.728002989914722320e+01,6.148547200599910667e+00,2.784732687860289602e+01
3.590000000002999769e+01,9.040152884615454809e+01,1.734018397877704487e+01,6.160874408166709948e+00,2.792533021132980764e+01
3.600000000002999911e+01,9.064137277594862496e+01,1.739956816655970329e+01,6.171556560294130023e+00,2.800299957894702629e+01
3.610000000003000054e+01,9.086995293852417888e+01,1.745848551124662862e+01,6.181969274643809520e+00,2.807893031237991366e+01
3.620000000003000196e+01,9.110134839593951028e+01,1.751758129425343213e+01,6.193116803180714669e+00,2.815509691731953623e+01
3.630000000002999627e+01,9.133711705327282004e+01,1.757613126736038112e+01,6.202705726384581730e+00,2.823124994614160599e+01
3.640000000002999769e+01,9.156950764229516437e+01,1.763386304421540274e+01,6.213783774273594851e+00,2.830713353354187589e+01
3.650000000002999911e+01,9.180254336796591019e+01,1.769133738750277729e+01,6.222724540454206199e+00,2.838232901180013101e+01
3.660000000004000498e+01,9.203323568127636634e+01,1.774949533774811172e+01,6.234499743611203293e+00,2.845853836135441739e+01
3.670000000004000640e+01,9.226530931561016757e+01,1.780851708154949620e+01,6.245263977949971235e+00,2.853368146227526481e+01
3.680000000004000071e+01,9.249806354762532123e+01,1.786808053536270080e+01,6.256515966868745338e+00,2.860786925344484999e+01
3.690000000004000213e+01,9.272994773124098344e+01,1.792773015010400428e+01,6.268713499730325545e+00,2.868212027620382543e+01
3.700000000004000356e+01,9.296068348130900461e+01,1.798874624334751005e+01,6.280297772057304329e+00,2.875812403322606414e+01
3.710000000004000498e+01,9.318559358160874240e+01,1.804963357086657183e+01,6.291136952108033142e+00,2.883463258794308004e+01
3.720000000004000640e+01,9.341194646507847210e+01,1.810924183276875254e+01,6.303788433064076102e+00,2.890994525607359478e+01
3.730000000004000071e+01,9.363918209403809101e+01,1.816921846719142408e+01,6.318195786590351304e+00,2.898340993090444329e+01
3.740000000004000213e+01,9.386288784381470407e+01,1.822850339413899334e+01,6.331377399751008994e+00,2.905577490325679690e+01
3.750000000004000356e+01,9.408905952606060907e+01,1.828922775569023784e+01,6.346576245534995664e+00,2.912833403756129158e+01
3.760000000004000498e+01,9.431943963518007479e+01,1.835113179118785709e+01,6.362676975325627815e+00,2.920333894620882020e+01
3.770000000004000640e+01,9.454484007812864377e+01,1.841320021455860001e+01,6.377905295727680723e+00,2.927991437216513759e+01
3.780000000004000071e+01,9.477158078707002176e+01,1.847615050159200578e+01,6.394961108473763645e+00,2.935886715437719374e+01
3.790000000004000213e+01,9.499858740772769750e+01,1.854041355682950609e+01,6.408299794734229060e+00,2.943875166071932625e+01
3.800000000004000356e+01,9.522490255378779977e+01,1.860482230546152138e+01,6.422202863463199130e+00,2.952026223413191275e+01
3.810000000004000498e+01,9.544993580579817660e+01,1.866988012600719316e+01,6.436199032930465691e+00,2.960385339318812825e+01
3.820000000004000640e+01,9.567641430358150956e+01,1.873603395966635077e+01,6.451458673917202624e+00,2.968777655253231629e+01
3.830000000004000071e+01,9.590611746733594600e+01,1.880278983645719393e+01,6.466582924474366223e+00,2.977219764870553931e+01
3.840000000004000213e+01,9.613381510994111068e+01,1.886899831553940032e+01,6.480513993509151582e+00,2.985729580133887140e+01
3.850000000004000356e+01,9.636228267260069913e+01,1.893429637805763122e+01,6.494280113844028257e+00,2.994288983632356249e+01
3.860000000004000498e+01,9.659226876162486519e+01,1.899997887524261486e+01,6.509388434675228652e+00,3.002873836140673802e+01
3.870000000004000640e+01,9.681789917425774661e+01,1.906570865824993888e+01,6.522839419185312515e+00,3.011300133796993350e+01
3.880000000004000071e+01,9.704893429155033857e+01,1.913151716300921734e+01,6.534384994315074913e+00,3.019654810371298126e+01
3.890000000004000213e+01,9.728633941167676369e+01,1.919621337708405306e+01,6.547477302408820421e+00,3.027932228937943293e+01
3.900000000004000356e+01,9.751626609904975851e+01,1.926070473174494424e+01,6.561297652162328298e+00,3.036224637114314362e+01
3.910000000004000498e+01,9.775089966167900002e+01,1.932722561495946323e+01,6.578095722648348520e+00,3.044616556492385229e+01
3.920000000004000640e+01,9.797706448523206291e+01,1.939586467088442845e+01,6.594509229442017784e+00,3.053149881404414501e+01
3.930000000004000071e+01,9.820392992014190270e+01,1.946471688036271530e+01,6.610324381993168075e+00,3.061791205243924807e+01
3.940000000004000213e+01,9.843395303347875824e+01,1.953408548799134792e+01,6.625741880077200108e+00,3.070495236422868146e+01
3.950000000004000356e+01,9.866270247173768837e+01,1.960323935683877039e+01,6.642293967108571451e+00,3.079128806040206001e+01
3.960000000004000498e+01,9.889117835956609781e+01,1.967250081043071930e+01,6.657722880125279019e+00,3.087647756229315021e+01
3.970000000004000640e+01,9.911796509140296507e+01,1.974065027170586717e+01,6.673991145822626869e+00,3.096200107679756286e+01
3.980000000004000071e+01,9.934395800665207332e+01,1.980784402109259190e+01,6.686542571365283294e+00,3.104660410513507074e+01
3.990000000004000213e+01,9.957603252707252750e+01,1.987462977512147688e+01,6.700741030222059358e+00,3.113020729587168489e+01
4.000000000004000356e+01,9.980368781374002651e+01,1.993906987184616497e+01,6.712683087798594350e+00,3.121216036691413009e+01
4.010000000004000498e+01,1.000277194589260006e+02,2.000402093860095221e+01,6.726794797549786153e+00,3.129291946211666442e+01
4.020000000004000640e+01,1.002557656169238385e+02,2.006949059126110768e+01,6.737997329980846217e+00,3.137487504496240476e+01
4.030000000004000071e+01,1.004886274507327073e+02,2.013507918414978803e+01,6.750475635796957974e+00,3.145840469675391304e+01
4.040000000004000213e+01,1.007245256892236966e+02,2.020121269402719832e+01,6.762865052018709022e+00,3.154352071835467441e+01
4.050000000004000356e+01,1.009567655252326830e+02,2.026857319174115446e+01,6.775425254333622860e+00,3.163063673750801286e+01
4.060000000004000498e+01,1.011836146184133298e+02,2.033709763130550030e+01,6.789844748987964529e+00,3.171894182839412935e+01
4.070000000004000640e+01,1.014068822154176246e+02,2.040684718498904004e+01,6.808655427180523745e+00,3.180703269944855904e+01
4.080000000004000071e+01,1.016263987135163944e+02,2.047646249276411368e+01,6.827022674251276513e+00,3.189443711240709689e+01
4.090000000004000213e+01,1.018561307810687424e+02,2.054695373887318510e+01,6.844503082852757991e+00,3.198317693126186256e+01
4.100000000004000356e+01,1.020901894537599190e+02,2.061838089656155049e+01,6.863632219856389938e+00,3.207322608949530007e+01
4.110000000004000498e+01,1.023184021505016545e+02,2.069044237502497197e+01,6.882938354899552635e+00,3.216436302855984763e+01
4.120000000004000640e+01,1.025466004523039345e+02,2.076295977358934763e+01,6.903990110283221071e+00,3.225461775616728488e+01
4.130000000004000071e+01,1.027804143198018352e+02,2.083535183611254382e+01,6.924905271440039201e+00,3.234374301486661807e+01
4.140000000004000213e+01,1.030040688286365338e+02,2.090710253273453745e+01,6.945103832680142197e+00,3.243330822738280261e+01
4.150000000004000356e+01,1.032305715265073474e+02,2.097935348188365623e+01,6.965897863048891026e+00,3.252287695882253615e+01
4.160000000004000498e+01,1.034548026530705300e+02,2.105267706850000664e+01,6.988232480814627223e+00,3.261292017357251183e+01
4.170000000004000640e+01,1.036869082061934790e+02,2.112637224703398431e+01,7.010748308841308507e+00,3.270291281749864254e+01
4.180000000004000071e+01,1.039177428322915375e+02,2.120128066638082132e+01,7.033008474669165011e+00,3.279359978798485287e+01
4.190000000004000213e+01,1.041486050949447844e+02,2.127789776022338586e+01,7.057096330666613682e+00,3.288510612150303558e+01
4.200000000004000356e+01,1.043773287788854987e+02,2.135349415687897334e+01,7.081781922849602395e+00,3.297672018132475813e+01
4.210000000004000498e+01,1.046040760630021538e+02,2.142952187402745778e+01,7.105332977138643535e+00,3.306941724427324658e+01
4.220000000004000640e+01,1.048308951243039360e+02,2.150730637477267848e+01,7.126327424716636827e+00,3.316198629908656415e+01
4.230000000004000071e+01,1.050478483570307446e+02,2.158514095284029821e+01,7.149436415063116002e+00,3.325479936530105363e+01
4.240000000004000213e+01,1.052633846291741975e+02,2.166266125305535084e+01,7.171788916985263107e+00,3.334738115290294047e+01
4.250000000004000356e+01,1.054897554538084705e+02,2.174106449729418955e+01,7.196370252591629324e+00,3.344085604069945106e+01
4.260000000004000498e+01,1.057110640861797890e+02,2.181872016934128666e+01,7.216859575389372061e+00,3.353586210244746013e+01
4.270000000003000196e+01,1.059319438880444437e+02,2.189448297207528071e+01,7.237971352004567649e+00,3.362999913048963663e+01
4.280000000002999627e+01,1.061531012400249381e+02,2.196939125202462506e+01,7.257326045142266757e+00,3.372465631110279105e+01
4.290000000002999769e+01,1.063731039687703941e+02,2.204357589911076687e+01,7.274546163577850777e+00,3.381939425030850543e+01
4.300000000002999911e+01,1.066003910605207494e+02,2.211674282064689123e+01,7.293161827754256699e+00,3.391266560886921155e+01
4.310000000003000054e+01,1.068215317850810493e+02,2.219043681595144335e+01,7.310730501586243157e+00,3.400509394930032414e+01
4.320000000003000196e+01,1.070441657323354576e+02,2.226401132649417747e+01,7.327737096601389943e+00,3.409717960987629937e+01
4.330000000002999627e+01,1.072637354426069720e+02,2.233652384724936013e+01,7.346051340678795505e+00,3.418962007890485921e+01
4.340000000002999769e+01,1.074751594678897817e+02,2.240822098698456344e+01,7.361808332212749661e+00,3.428112542912222693e+01
4.350000000002999911e+01,1.076993312541210059e+02,2.247813312020312893e+01,7.374525283461447422e+00,3.437181923583268883e+01
4.360000000003000054e+01,1.079270901290216074e+02,2.254612007385677330e+01,7.386787857308513061e+00,3.446222915809118348e+01
4.370000000003000196e+01,1.081472667033825275e+02,2.261295510105794548e+01,7.400466438965541904e+00,3.455140727484766927e+01
4.380000000002999627e+01,1.083671655342925675e+02,2.267974721276091898e+01,7.413585753417025970e+00,3.463801331839520969e+01
4.390000000002999769e+01,1.085917578129756862e+02,2.274540852912379307e+01,7.427686533260621893e+00,3.472292298007051414e+01
4.400000000002000178e+01,1.088174846773331126e+02,2.281114429106188268e+01,7.442830187712303314e+00,3.480821071270995049e+01
4.410000000002000320e+01,1.090385916947290497e+02,2.287759311222058400e+01,7.456186982733912672e+00,3.489348452912791743e+01
4.420000000002000462e+01,1.092627727783190750e+02,2.294385108227849557e+01,7.471395569915774360e+00,3.497764422195685796e+01
4.430000000001999894e+01,1.094896436796865657e+02,2.300924620055463876e+01,7.486178505068576960e+00,3.506186769014360038e+01
4.440000000002000036e+01,1.097174631073417146e+02,2.307481268316156431e+01,7.501355539224459079e+00,3.514684703080010308e+01
4.450000000002000178e+01,1.099442052974348343e+02,2.314004245021879314e+01,7.518868947158911631e+00,3.523096382547747396e+01
4.460000000002000320e+01,1.101697215311011888e+02,2.320344492377808621e+01,7.532294024086990447e+00,3.531170278285630815e+01
4.470000000002000462e+01,1.103974707723042314e+02,2.326771915739997709e+01,7.548247699102782704e+00,3.539326315190833583e+01
4.480000000001999894e+01,1.106252027344332305e+02,2.333282182108330360e+01,7.563310624134163440e+00,3.547528871841099374e+01
4.490000000002000036e+01,1.108544029791716099e+02,2.339749660899637362e+01,7.580648908430612565e+00,3.555685950733140288e+01
4.500000000002000178e+01,1.110845404128131122e+02,2.346270471365133403e+01,7.597397046340102378e+00,3.563921467824457778e+01
4.510000000002000320e+01,1.113093941443074755e+02,2.352856560173457012e+01,7.617483832164472446e+00,3.572219161447826963e+01
4.520000000002000462e+01,1.115368304033499527e+02,2.359459072537632451e+01,7.634619808799298468e+00,3.580528511666057057e+01
4.530000000000999449e+01,1.117661533153696638e+02,2.365996806017045628e+01,7.652979849642798982e+00,3.588798868782175333e+01
4.540000000000999592e+01,1.119958988305504732e+02,2.372415609908149037e+01,7.670604871900425614e+00,3.597071917945019948e+01
4.550000000000999734e+01,1.122271287226081569e+02,2.378844584408690466e+01,7.689870039907731325e+00,3.605191009388013157e+01
4.560000000000999876e+01,1.124584946447410658e+02,2.385270331270446320e+01,7.707279900669419703e+00,3.613275505564353551e+01
4.570000000001000018e+01,1.126866938609651356e+02,2.391481609559966870e+01,7.721954471540636078e+00,3.621278134731410603e+01
4.580000000000999449e+01,1.129097089010279831e+02,2.397626691761747253e+01,7.734940639870016454e+00,3.629147682120025564e+01
4.590000000000999592e+01,1.131337840399204424e+02,2.403624194562557292e+01,7.748205536567121854e+00,3.636985879278898182e+01
4.600000000000999734e+01,1.133660215270798801e+02,2.409626504486531928e+01,7.761412665172945147e+00,3.644708585964760061e+01
4.610000000000999876e+01,1.135960235265973495e+02,2.415712835681219062e+01,7.773655304978515979e+00,3.652554221639633170e+01
4.620000000001000018e+01,1.138254313658347314e+02,2.421796607735133477e+01,7.787456649146915488e+00,3.660399460925992798e+01
4.630000000000999449e+01,1.140475846273304086e+02,2.427878373490153763e+01,7.799980649245247477e+00,3.668234867613314520e+01
4.640000000000999592e+01,1.142679350143734496e+02,2.433963119307459522e+01,7.813391316326441682e+00,3.676106755369532664e+01
4.650000000000999734e+01,1.144921604936215118e+02,2.440041152138782365e+01,7.826649439726590884e+00,3.683871699870913119e+01
4.660000000000000142e+01,1.147156056030379432e+02,2.446145826832469083e+01,7.839119866488139188e+00,3.691588034755505277e+01
4.670000000000000284e+01,1.149411854176754559e+02,2.452298793151769019e+01,7.855652550996802042e+00,3.699216471956592756e+01
4.679999999999999716e+01,1.151672683608567240e+02,2.458434419132968429e+01,7.869307488628582092e+00,3.706825780502225598e+01
4.689999999999999858e+01,1.153973226631293585e+02,2.464561385645380653e+01,7.883671734493676198e+00,3.714483104628337884e+01
4.700000000000000000e+01,1.156252109384209064e+02,2.470776691207380438e+01,7.901567298941134077e+00,3.722339797864169242e+01
4.710000000000000142e+01,1.158487941056830266e+02,2.476809518471550930e+01,7.916718520673054371e+00,3.730166757163988933e+01
4.720000000000000284e+01,1.160683472012586606e+02,2.482740538272205555e+01,7.927962389188628833e+00,3.737809020195375354e+01
4.729999999999999716e+01,1.162865047556421558e+02,2.488592296145550975e+01,7.940708031381065624e+00,3.745339812820921566e+01
4.739999999999999858e+01,1.165070018421075702e+02,2.494290620135349101e+01,7.953306027682565116e+00,3.752778296907175815e+01
4.750000000000000000e+01,1.167312372349581437e+02,2.499869650495842777e+01,7.962470745220539214e+00,3.760029845876763943e+01
4.760000000000000142e+01,1.169529100432696538e+02,2.505223909372140767e+01,7.974246546069346131e+00,3.767175672800954089e+01
4.770000000000000284e+01,1.171761133092661140e+02,2.510530316637853332e+01,7.983788092514338963e+00,3.774122758044983783e+01
4.779999999999999716e+01,1.173951863141101057e+02,2.515798425559793827e+01,7.992844772136258769e+00,3.781054112213077900e+01
4.789999999999000124e+01,1.176150951958505289e+02,2.521008457733335462e+01,8.001887911525177088e+00,3.788081171430646776e+01
4.799999999999000266e+01,1.178337321340311661e+02,2.526224911101072479e+01,8.013825838211428021e+00,3.795075103425687502e+01
4.809999999999000408e+01,1.180479252273347583e+02,2.531470232846339385e+01,8.023914904641124224e+00,3.802172925687126082e+01
4.819999999999000551e+01,1.182688249009420645e+02,2.536704777047594206e+01,8.036248816216781776e+00,3.809243083876056346e+01
4.829999999998999982e+01,1.184815128746530348e+02,2.541918474369569125e+01,8.049981646802354618e+00,3.816386359743113132e+01
4.839999999999000124e+01,1.186948793617394102e+02,2.547281854300170423e+01,8.062833706728799399e+00,3.823701990345539770e+01
4.849999999999000266e+01,1.189051289153044308e+02,2.552865215859456427e+01,8.077677014277693246e+00,3.831138536981760012e+01
4.859999999999000408e+01,1.191192207048131735e+02,2.558396895899969081e+01,8.093038200334159882e+00,3.838639220012341724e+01
4.869999999999000551e+01,1.193400828282877200e+02,2.563838838820250032e+01,8.104260058413547796e+00,3.846027659467408455e+01
4.879999999998999982e+01,1.195535754604966883e+02,2.569141473476997106e+01,8.114570129938183385e+00,3.853299846216228985e+01
4.889999999999000124e+01,1.197613172090250231e+02,2.574433831158579622e+01,8.127101480046905024e+00,3.860541060453981288e+01
4.899999999999000266e+01,1.199786882188013521e+02,2.579717589408226530e+01,8.138592069186213251e+00,3.867771173816208119e+01
4.909999999999000408e+01,1.201948242800349078e+02,2.585022945051131771e+01,8.152055753645344183e+00,3.874765390235228324e+01
4.919999999998000106e+01,1.204075234118040640e+02,2.590257499699066557e+01,8.165136557011056340e+00,3.881620757736342142e+01
4.929999999997999538e+01,1.206180320163514494e+02,2.595273484596129165e+01,8.178425744818175858e+00,3.888267315067850660e+01
4.939999999997999680e+01,1.208279246086394920e+02,2.600101678868135835e+01,8.191558785733445092e+00,3.894736140073172237e+01
4.949999999997999822e+01,1.210482746556979379e+02,2.604894859612408808e+01,8.202910820534434322e+00,3.901155466976683783e+01
4.959999999997999964e+01,1.212661348335247453e+02,2.609469622519725363e+01,8.214544868201219430e+00,3.907492050915325166e+01
4.969999999998000106e+01,1.214840186867490672e+02,2.613884881557171624e+01,8.226980119033298067e+00,3.913713061901490420e+01
4.979999999997999538e+01,1.217039940348846585e+02,2.618417302140466063e+01,8.238273544289421935e+00,3.920047663240496405e+01
4.989999999997999680e+01,1.219255596966596187e+02,2.622886772717752635e+01,8.249842790966875228e+00,3.926367068726315068e+01
4.999999999997999822e+01,1.221470644352260564e+02,2.627280049414704521e+01,8.263094008596816309e+00,3.932593961254819703e+01
5.009999999997999964e+01,1.223695910369760895e+02,2.631552698051083539e+01,8.272594740932502688e+00,3.938722276089137608e+01
5.019999999998000106e+01,1.225913970570785523e+02,2.635815039699063433e+01,8.283233653609583413e+00,3.944768233720833450e+01
5.029999999997999538e+01,1.228209666490662073e+02,2.640194417037934116e+01,8.294667626485489720e+00,3.950721101422553971e+01
5.039999999997999680e+01,1.230497216986344853e+02,2.644529968169791090e+01,8.309739902267928358e+00,3.956687301058555306e+01
5.049999999997000089e+01,1.232768572870697596e+02,2.648765943048388394e+01,8.319735954312843518e+00,3.962725893859492743e+01
5.059999999997000231e+01,1.235015252983903906e+02,2.653122602407267649e+01,8.335587833513383060e+00,3.968817902602883407e+01
5.069999999997000373e+01,1.237295410667714748e+02,2.657581453657929060e+01,8.350915508263705433e+00,3.975060144160605802e+01
5.079999999996999804e+01,1.239524936274798961e+02,2.662120428547884643e+01,8.367014235743807760e+00,3.981465124447534265e+01
5.089999999996999946e+01,1.241756150476282272e+02,2.666722336361872081e+01,8.382173077873879663e+00,3.987940218516057911e+01
5.099999999997000089e+01,1.243990263023875116e+02,2.671422988340134097e+01,8.398737674858214319e+00,3.994450989241028793e+01
5.109999999997000231e+01,1.246256462690153484e+02,2.676039324971874223e+01,8.414608137626210294e+00,4.000894859241505941e+01
5.119999999997000373e+01,1.248457004836390780e+02,2.680522789744839329e+01,8.427516016388016951e+00,4.007254684098500519e+01
5.129999999996999804e+01,1.250618358651820756e+02,2.684936365855524443e+01,8.439771020186206840e+00,4.013492667819631521e+01
5.139999999996999946e+01,1.252685128192578929e+02,2.689216074866302364e+01,8.450939385427455264e+00,4.019661617463891190e+01
5.149999999997000089e+01,1.254771757110424915e+02,2.693471623768853007e+01,8.466671298158036763e+00,4.025840664890887410e+01
5.159999999997000231e+01,1.256889041487318650e+02,2.697590399454650978e+01,8.479452207127318175e+00,4.031995878735837380e+01
5.169999999995999929e+01,1.258996389757407570e+02,2.701556511918586523e+01,8.491259795423045986e+00,4.038070226164981591e+01
5.179999999995999360e+01,1.261079078509106211e+02,2.705620860000707495e+01,8.502098134176565125e+00,4.043969179928270563e+01
5.189999999995999502e+01,1.263116736863644292e+02,2.709624033077227168e+01,8.511067313459861339e+00,4.049802202956163200e+01
5.199999999995999644e+01,1.265223983594841286e+02,2.713398185798202533e+01,8.518111004586216950e+00,4.055697478031162717e+01
5.209999999995999787e+01,1.267368584688724695e+02,2.717366821461827442e+01,8.525000842243930066e+00,4.061523752243376606e+01
5.219999999995999929e+01,1.269504774354988683e+02,2.721223983506662947e+01,8.531711652464842643e+00,4.067301573644868995e+01
5.229999999995999360e+01,1.271571905647322041e+02,2.725036736849768459e+01,8.539640071546090283e+00,4.072829599788045130e+01
5.239999999995999502e+01,1.273663656433261906e+02,2.728841219595434353e+01,8.547921304769038997e+00,4.078389180326683316e+01
5.249999999995999644e+01,1.275746023860874345e+02,2.732504901656317031e+01,8.554993430681202327e+00,4.083955177596548936e+01
5.259999999995999787e+01,1.277890445010673801e+02,2.736090494524905736e+01,8.563261315188881895e+00,4.089349769982045757e+01
5.269999999995999929e+01,1.279976048405889486e+02,2.739630878182934381e+01,8.571219780049315062e+00,4.094805656188876952e+01
5.279999999995999360e+01,1.282076668846050040e+02,2.743228488834098044e+01,8.579567323190079975e+00,4.100271072936573091e+01
5.289999999995999502e+01,1.284135030292579529e+02,2.746866710209750551e+01,8.587406286349551721e+00,4.105657487023022867e+01
5.299999999994999911e+01,1.286184105996984499e+02,2.750472933896170602e+01,8.598476456711450666e+00,4.111074914627962329e+01
5.309999999995000053e+01,1.288268738911144169e+02,2.754189643168950141e+01,8.610101214072727771e+00,4.116545018241427556e+01
5.319999999995000195e+01,1.290426833824569144e+02,2.757891792258266506e+01,8.622603756142298792e+00,4.122003602495986740e+01
5.329999999994999627e+01,1.292605673603106879e+02,2.761551829108958955e+01,8.632858498385711954e+00,4.127367415859212940e+01
5.339999999994999769e+01,1.294860007333350609e+02,2.765163154325523109e+01,8.645219697569480388e+00,4.132430989895719620e+01
5.349999999994999911e+01,1.297111412440288518e+02,2.768613302060841974e+01,8.659621913505487711e+00,4.137431907960426969e+01
5.359999999995000053e+01,1.299312166680892346e+02,2.771984469269948548e+01,8.671617441754664313e+00,4.142346744521083934e+01
5.369999999995000195e+01,1.301450885988155903e+02,2.775327607364716087e+01,8.684076469242267393e+00,4.147234081924313642e+01
5.379999999994999627e+01,1.303599560913135633e+02,2.778642538256400485e+01,8.695171017684579340e+00,4.152058034442674739e+01
5.389999999994999769e+01,1.305685826839515755e+02,2.781876683648676263e+01,8.710609835085094232e+00,4.156802056273557611e+01
5.399999999994999911e+01,1.307768563343997243e+02,2.784955586851618747e+01,8.723276225177391652e+00,4.161519345098444234e+01
5.409999999995000053e+01,1.309839915727334301e+02,2.788003902956569746e+01,8.734762923000532808e+00,4.166128595994713635e+01
5.419999999995000195e+01,1.311934410060695200e+02,2.790973256445905548e+01,8.746770438226374011e+00,4.170619836873198238e+01
5.429999999993999893e+01,1.314044931132031877e+02,2.793996673099331929e+01,8.756755283947009971e+00,4.175145724147709814e+01
5.439999999994000035e+01,1.316153004341894359e+02,2.797076535936504982e+01,8.769236895998608006e+00,4.179656516535600730e+01
5.449999999994000177e+01,1.318274173027968459e+02,2.800250843124000966e+01,8.781736904623635098e+00,4.184290209449362408e+01
5.459999999994000319e+01,1.320438696173729909e+02,2.803460060130726816e+01,8.798493184052199823e+00,4.188914561905339440e+01
5.469999999994000461e+01,1.322590309744468300e+02,2.806521992434347368e+01,8.812949760719664738e+00,4.193450685144810564e+01
5.479999999993999893e+01,1.324811205239182925e+02,2.809412541149284337e+01,8.825981759679459415e+00,4.197970142709299068e+01
5.489999999994000035e+01,1.326996400968613727e+02,2.812252748547283687e+01,8.838870716035556185e+00,4.202367434832584792e+01
5.499999999994000177e+01,1.329174428607977916e+02,2.814965549088957886e+01,8.852221840744983083e+00,4.206611433837369418e+01
5.509999999994000319e+01,1.331277873734971422e+02,2.817604347533607978e+01,8.863985625656386702e+00,4.210770193965532115e+01
5.519999999994000461e+01,1.333423617352444239e+02,2.820365095786404908e+01,8.877391604790755508e+00,4.214971452265198337e+01
5.529999999993999893e+01,1.335638760819818458e+02,2.822975917622691000e+01,8.891944523090797858e+00,4.219066691859109142e+01
5.539999999994000035e+01,1.337823277273681128e+02,2.825586628140638723e+01,8.905151926635186399e+00,4.223196419243027577e+01
5.549999999994000177e+01,1.340013455692215700e+02,2.828211176696641616e+01,8.916784077889966298e+00,4.227369213303495599e+01
5.559999999992999875e+01,1.342186452776233523e+02,2.830766290058196688e+01,8.927532262051355971e+00,4.231486914951288725e+01
5.569999999993000017e+01,1.344291822175757432e+02,2.833263279525335321e+01,8.935894671938910960e+00,4.235526894810917753e+01
5.579999999992999449e+01,1.346353498483163094e+02,2.835740862719434929e+01,8.945587698097654084e+00,4.239663112220253538e+01
5.589999999992999591e+01,1.348491955955256003e+02,2.838113448240889269e+01,8.952230182720226637e+00,4.243810451149042962e+01
5.599999999992999733e+01,1.350652014892298496e+02,2.840528126888195359e+01,8.961551593527886439e+00,4.247998690268450872e+01
5.609999999992999875e+01,1.352828885120419784e+02,2.842920335543652399e+01,8.969155275806190986e+00,4.252233702342888932e+01
5.619999999993000017e+01,1.354958996115942398e+02,2.845261444546027008e+01,8.978316894541618964e+00,4.256506382694527701e+01
5.629999999992999449e+01,1.357030130415983251e+02,2.847658241410420388e+01,8.986613810908956168e+00,4.260845173405373032e+01
5.639999999992999591e+01,1.359147580567103830e+02,2.850059500297598802e+01,8.996994055033148641e+00,4.265262276941369635e+01
5.649999999992999733e+01,1.361291815562838678e+02,2.852600055404190016e+01,9.007531736500913766e+00,4.269755503848699618e+01
5.659999999992999875e+01,1.363428467402852391e+02,2.855311884020793656e+01,9.017780515352686876e+00,4.274277797216803521e+01
5.669999999993000017e+01,1.365547460727169664e+02,2.858101394159211495e+01,9.028589599144664746e+00,4.278797351718748132e+01
5.679999999992999449e+01,1.367632386984081165e+02,2.860997878609071066e+01,9.037522155338445273e+00,4.283401559049988805e+01
5.689999999991999857e+01,1.369751619920074575e+02,2.863880776719930310e+01,9.046985496668680682e+00,4.288057412152959103e+01
5.699999999991999999e+01,1.371781208873817093e+02,2.866684110671242181e+01,9.056925781491363736e+00,4.292637886280017057e+01
5.709999999992000141e+01,1.373844069713810256e+02,2.869436364149710528e+01,9.063993311282420251e+00,4.296945503441137504e+01
5.719999999992000284e+01,1.375873195507318201e+02,2.871978732473229812e+01,9.068929292212924764e+00,4.301205366204240477e+01
5.729999999992000426e+01,1.377924397056636678e+02,2.874441931460289368e+01,9.073256643363212248e+00,4.305402668428634883e+01
5.739999999991999857e+01,1.379968832385496285e+02,2.876773413528984946e+01,9.074601663486840053e+00,4.309472669697593261e+01
5.749999999991999999e+01,1.382018854784171822e+02,2.879058637717126956e+01,9.076750620214097509e+00,4.313672334598077640e+01
5.759999999992000141e+01,1.384084648947499829e+02,2.881418483925441265e+01,9.078230498474056276e+00,4.317876310023363828e+01
5.769999999992000284e+01,1.386159546525792337e+02,2.883870630139470492e+01,9.078052064092933193e+00,4.322180394931604042e+01
5.779999999992000426e+01,1.388288008100570039e+02,2.886216221569345564e+01,9.079231666484366414e+00,4.326505182195670329e+01
5.789999999991999857e+01,1.390343339260477080e+02,2.888640053914836514e+01,9.082603592696578687e+00,4.330870427842137360e+01
5.799999999991999999e+01,1.392362220633503682e+02,2.891089972897446714e+01,9.084789301881841084e+00,4.335226680781184427e+01
5.809999999992000141e+01,1.394366907895884253e+02,2.893494883162562914e+01,9.087194242496449803e+00,4.339595654526527824e+01
5.819999999990999839e+01,1.396303843765583963e+02,2.895957181620431697e+01,9.090680708905811258e+00,4.344043069958599546e+01
5.829999999990999981e+01,1.398217853716378158e+02,2.898409583747604046e+01,9.094419389610818527e+00,4.348584232096303026e+01
5.839999999990999413e+01,1.400182426785616769e+02,2.900828508122660310e+01,9.097581906969782750e+00,4.352975747873232137e+01
5.849999999990999555e+01,1.402150983183365724e+02,2.903205529623149772e+01,9.101276686862952658e+00,4.357231170485806615e+01
5.859999999990999697e+01,1.404164715112561908e+02,2.905582865039805540e+01,9.105680074603435870e+00,4.361324715127560125e+01
5.869999999990999839e+01,1.406177639200087413e+02,2.907998605141128934e+01,9.108412577948504563e+00,4.365691681432425497e+01
5.879999999990999981e+01,1.408172685718322441e+02,2.910536520228584223e+01,9.114877043831901560e+00,4.370256609200296083e+01
5.889999999990999413e+01,1.410291237238553208e+02,2.913129706240391670e+01,9.122204112834371159e+00,4.374709103837796675e+01
5.899999999990999555e+01,1.412393228680485322e+02,2.915761925429011114e+01,9.131258670822159473e+00,4.379087069670406152e+01
5.909999999990999697e+01,1.414535030915137384e+02,2.918356395999149200e+01,9.139071877928074628e+00,4.383530731077978260e+01
5.919999999990999839e+01,1.416624790930533777e+02,2.920997892464809098e+01,9.148015408137807114e+00,4.387862668573905012e+01
5.929999999990999981e+01,1.418691814636143249e+02,2.923713578554549031e+01,9.158287589717019728e+00,4.392149277796209361e+01
5.939999999990999413e+01,1.420691197843327132e+02,2.926575740400875603e+01,9.168079120343252342e+00,4.396599353338508820e+01
5.949999999989999822e+01,1.422717588568630731e+02,2.929438593186533524e+01,9.179462931135610404e+00,4.401175782212595067e+01
5.959999999989999964e+01,1.424787830494874470e+02,2.932157282384152808e+01,9.186405974070599001e+00,4.405565607155419627e+01
5.969999999990000106e+01,1.426851537643096890e+02,2.934950128155688986e+01,9.196359390188012739e+00,4.409945755201316331e+01
5.979999999990000248e+01,1.428906665843559836e+02,2.937837713541684792e+01,9.205334112578247741e+00,4.414498468825317445e+01
5.989999999989999679e+01,1.430977044836989762e+02,2.940793842463565255e+01,9.214593354336029662e+00,4.419156418927680363e+01
5.999999999989999822e+01,1.433029930573969750e+02,2.943749726427608238e+01,9.223140993880935667e+00,4.423810538797293646e+01
6.009999999989999964e+01,1.435122609309601103e+02,2.946693712443603985e+01,9.230033071939919509e+00,4.428420126695215941e+01
6.019999999990000106e+01,1.437174316748463525e+02,2.949689790511000353e+01,9.236245441792744870e+00,4.433005864152247710e+01
6.029999999990000248e+01,1.439236033358827171e+02,2.952561489621996671e+01,9.242691600658897499e+00,4.437550377970043058e+01
6.039999999989999679e+01,1.441280148736895796e+02,2.955282873801560584e+01,9.249324334391204161e+00,4.442127704118722420e+01
6.049999999989999822e+01,1.443317951096909439e+02,2.957924009951057087e+01,9.252310515348490583e+00,4.446744489625899632e+01
6.059999999989999964e+01,1.445417038078406904e+02,2.960576465694740733e+01,9.256797999344254180e+00,4.451324921156317060e+01
6.069999999989000372e+01,1.447376569998795901e+02,2.963379518600742202e+01,9.260820428780228042e+00,4.455919904377182661e+01
6.079999999989000514e+01,1.449378291358778768e+02,2.966073759745339800e+01,9.262574653833951288e+00,4.460621047028931230e+01
6.089999999988999946e+01,1.451391558917114537e+02,2.968782807633380472e+01,9.262949235697940153e+00,4.465409274599653600e+01
6.099999999989000088e+01,1.453388416696653564e+02,2.971580712750396458e+01,9.265540312189827432e+00,4.470210102277471975e+01
6.109999999989000230e+01,1.455407856552197643e+02,2.974232100725675920e+01,9.267898234881434050e+00,4.474944884011710400e+01
6.119999999989000372e+01,1.457361655685413382e+02,2.976838058714693247e+01,9.267746714712608025e+00,4.479669678672494371e+01
6.129999999989000514e+01,1.459268073908237113e+02,2.979629640138832158e+01,9.270721452790489536e+00,4.484439441127592829e+01
6.139999999988999946e+01,1.461238544444616991e+02,2.982480514126622495e+01,9.274453522792601490e+00,4.489242104471098571e+01
6.149999999989000088e+01,1.463218307326191621e+02,2.985486325863347190e+01,9.279482401856101959e+00,4.494013030195634428e+01
6.159999999989000230e+01,1.465168441884359822e+02,2.988472886088183245e+01,9.284828523112695464e+00,4.498774979247056649e+01
6.169999999989000372e+01,1.467138842238864243e+02,2.991609547529928648e+01,9.293516981160705015e+00,4.503545629289914132e+01
6.179999999989000514e+01,1.469097353351941706e+02,2.994864875606281984e+01,9.302953193494770900e+00,4.508373249013700956e+01
6.189999999988999946e+01,1.471053379856740833e+02,2.998144957151355428e+01,9.312893176335100165e+00,4.513064551021784609e+01
6.199999999987999644e+01,1.472996554138784120e+02,3.001443255431071222e+01,9.323273178044056309e+00,4.517909938104524770e+01
6.209999999987999786e+01,1.474849404972269724e+02,3.004949586403633077e+01,9.335275472144557440e+00,4.522776781953537295e+01
6.219999999987999928e+01,1.476726548538085240e+02,3.008360873672162583e+01,9.344770874978937769e+00,4.527574101136087847e+01
6.229999999988000070e+01,1.478532688984964238e+02,3.011556205851593759e+01,9.352689948540577447e+00,4.532441966187472104e+01
6.239999999987999502e+01,1.480345089256107087e+02,3.014728016740427563e+01,9.356701955105609869e+00,4.537243029800150396e+01
6.249999999987999644e+01,1.482172558485999048e+02,3.017797534969864870e+01,9.362474923164022300e+00,4.541920184923180415e+01
6.259999999987999786e+01,1.484033153511096259e+02,3.020857582274240016e+01,9.367917357105282505e+00,4.546469203589506947e+01
6.269999999987999928e+01,1.485937987858646068e+02,3.023989034958707478e+01,9.372057479439686034e+00,4.551256587926973651e+01
6.279999999988000070e+01,1.487847642268299637e+02,3.027179814799629654e+01,9.373854181674639463e+00,4.556105409405200390e+01
6.289999999987999502e+01,1.489776068486235943e+02,3.030475516815976178e+01,9.378759879964530199e+00,4.560896936069104157e+01
6.299999999987999644e+01,1.491740457191854432e+02,3.033916754870515575e+01,9.383389738712089923e+00,4.565714828963037775e+01
6.309999999987999786e+01,1.493756532490218376e+02,3.037294893996918077e+01,9.390700192464686680e+00,4.570768927428668604e+01
6.319999999987999928e+01,1.495753933334933379e+02,3.040636575035186695e+01,9.397880093829598991e+00,4.575898422835951607e+01
6.329999999987000336e+01,1.497728095033286593e+02,3.043891340718042571e+01,9.405623546526438616e+00,4.580844606120555795e+01
6.339999999986999768e+01,1.499773825600753696e+02,3.047084847739907332e+01,9.413318799676750004e+00,4.585748505178256096e+01
6.349999999986999910e+01,1.501789970554052047e+02,3.050261655242572445e+01,9.421862395782396149e+00,4.590605530851451732e+01
6.359999999987000052e+01,1.503769065749611116e+02,3.053380359278867218e+01,9.430888426881551823e+00,4.595361727589396850e+01
6.369999999987000194e+01,1.505856084215648139e+02,3.056371703011710039e+01,9.440534747322104181e+00,4.600078483714025168e+01
6.379999999987000336e+01,1.507953494891241348e+02,3.059438813514125499e+01,9.447821464793069168e+00,4.604647394313754205e+01
6.389999999986999768e+01,1.510030511706882237e+02,3.062552585535183169e+01,9.455111871826472836e+00,4.609060913237557600e+01
6.399999999986999910e+01,1.512125089392983739e+02,3.065433276338379898e+01,9.462740259584835556e+00,4.613492291916140431e+01
6.409999999986999342e+01,1.514195138275445345e+02,3.068387407652532062e+01,9.471503301140968389e+00,4.617786285549400560e+01
6.419999999987000194e+01,1.516206387765465422e+02,3.071289230976036677e+01,9.479214854647107558e+00,4.621993285429041265e+01
6.429999999986999626e+01,1.518245658402526601e+02,3.074149958616845879e+01,9.485568144299543647e+00,4.626197498193027968e+01
6.439999999987000479e+01,1.520357422691139675e+02,3.077069624420627036e+01,9.493537065145014608e+00,4.630345141875571358e+01
6.449999999986999910e+01,1.522401114914292464e+02,3.079806500646193612e+01,9.501111520393768828e+00,4.634307864774654462e+01
6.459999999986000319e+01,1.524357294117272943e+02,3.082603977732792799e+01,9.506288703827399544e+00,4.638196022087803527e+01
6.469999999985999750e+01,1.526342128963779032e+02,3.085334579156149815e+01,9.516355867078884145e+00,4.642277751082730219e+01
6.479999999986000603e+01,1.528298500639957922e+02,3.088114403041259592e+01,9.525706022847682419e+00,4.646488800905068928e+01
6.489999999986000034e+01,1.530284101243228463e+02,3.090872343297700198e+01,9.532935858167235210e+00,4.650818541043053500e+01
6.499999999986000887e+01,1.532252128598030936e+02,3.093475180012953984e+01,9.543104071338703420e+00,4.655076120980478294e+01
6.509999999986000319e+01,1.534160749174999410e+02,3.096075530796952791e+01,9.549202610533864544e+00,4.659218931757911264e+01
6.519999999985999750e+01,1.536112658659387478e+02,3.098627130258280715e+01,9.555860977901209807e+00,4.663222777714066325e+01
6.529999999986000603e+01,1.538044678249833339e+02,3.101201535205568049e+01,9.563108953956774627e+00,4.667307986536065556e+01
6.539999999986000034e+01,1.539928649304467569e+02,3.103872219867947635e+01,9.568939621068455637e+00,4.671365809458984586e+01
6.549999999986000887e+01,1.541891968812213349e+02,3.106597353544526996e+01,9.575670121433253357e+00,4.675533482141155162e+01
6.559999999985998898e+01,1.543856439760292858e+02,3.109438483309078194e+01,9.582790858646355048e+00,4.679978865404482491e+01
6.569999999985999750e+01,1.545821611810330580e+02,3.112414147597958092e+01,9.589930335927203231e+00,4.684521811728052398e+01
6.579999999985999182e+01,1.547844607930910286e+02,3.115622913796015681e+01,9.596783854263561508e+00,4.689208554219197822e+01
6.589999999984999590e+01,1.549879609472191930e+02,3.119005165257359025e+01,9.606274698292461167e+00,4.693954808828736702e+01
6.599999999985000443e+01,1.551839028452091611e+02,3.122407916495173552e+01,9.617467988329533313e+00,4.698727361395425817e+01
6.609999999984999874e+01,1.553849015642593088e+02,3.125817160992674815e+01,9.630227205397433821e+00,4.703584126860445025e+01
6.619999999984999306e+01,1.555845007708253149e+02,3.129142012466622802e+01,9.642446959256403716e+00,4.708346926095435947e+01
6.629999999985000159e+01,1.557794490813301707e+02,3.132465483517671245e+01,9.653201024742990910e+00,4.713010672783206445e+01
6.639999999984999590e+01,1.559784635043095875e+02,3.135882280907289399e+01,9.663154776940389823e+00,4.717828837620900373e+01
6.649999999985000443e+01,1.561843431681194261e+02,3.139282400773221937e+01,9.673965592663824609e+00,4.722714802291353209e+01
6.659999999984999874e+01,1.563829976606202479e+02,3.142706645431151813e+01,9.686111347830342666e+00,4.727614606296862121e+01
6.669999999984999306e+01,1.565863274989553702e+02,3.146133200229338200e+01,9.697488447119006594e+00,4.732585547914735002e+01
6.679999999985000159e+01,1.567958853000154420e+02,3.149730128367673743e+01,9.707030774538701223e+00,4.737658464431187610e+01
6.689999999984999590e+01,1.570063280559778320e+02,3.153310386110602437e+01,9.716241696502772029e+00,4.742969586158146456e+01
6.699999999985000443e+01,1.572053852940364038e+02,3.156928234670244038e+01,9.728565833187657219e+00,4.748247815782737291e+01
6.709999999984999874e+01,1.574032529112953966e+02,3.160627360003740804e+01,9.740149450702581646e+00,4.753504738515915307e+01
6.719999999984000283e+01,1.576015011105712347e+02,3.164249109035083407e+01,9.750922727630086939e+00,4.758733094126152707e+01
6.729999999983999714e+01,1.577988033657687197e+02,3.167933008639789705e+01,9.760446568345590990e+00,4.764066245426977275e+01
6.739999999984000567e+01,1.579958840317988802e+02,3.171719734279357183e+01,9.771119129503489376e+00,4.769577522793967717e+01
6.749999999983999999e+01,1.581879771186944197e+02,3.175492955305353249e+01,9.780984971281711182e+00,4.774874697659625866e+01
6.759999999984000851e+01,1.583811595233835590e+02,3.179334108446455431e+01,9.791531063438730698e+00,4.780140699416675432e+01
6.769999999984000283e+01,1.585776786207571831e+02,3.183242588686831809e+01,9.803544732491786817e+00,4.785596645010360817e+01
6.779999999983999714e+01,1.587771439995127025e+02,3.187223546731527080e+01,9.812512055456304338e+00,4.791176219853743845e+01
6.789999999984000567e+01,1.589746239242170134e+02,3.191191561093883422e+01,9.827070769001387873e+00,4.796653167782139349e+01
6.799999999983999999e+01,1.591794524448758068e+02,3.195008930697849792e+01,9.840657136027575191e+00,4.802007273797109832e+01
6.809999999984000851e+01,1.593839487772544885e+02,3.198750090754909436e+01,9.852595365553655782e+00,4.807345437873095761e+01
6.819999999984000283e+01,1.595794138696412574e+02,3.202472703810616395e+01,9.861584901201100095e+00,4.812636453723762742e+01
6.829999999983999714e+01,1.597732974374366108e+02,3.206099786939449103e+01,9.872726188265716019e+00,4.817937273140261567e+01
6.839999999984000567e+01,1.599682992659571141e+02,3.209677693759100237e+01,9.883474277530387653e+00,4.823205406071009094e+01
6.849999999983000976e+01,1.601623101671318636e+02,3.213226693768027076e+01,9.892774491013833327e+00,4.828307376388382721e+01
6.859999999983000407e+01,1.603545547097894826e+02,3.216702186916792527e+01,9.901839092610947191e+00,4.833305909777270415e+01
6.869999999982999839e+01,1.605501560020613283e+02,3.220123983155263403e+01,9.910091859834841088e+00,4.838182854714711567e+01
6.879999999983000691e+01,1.607550123255514052e+02,3.223579154932797053e+01,9.919684998792051900e+00,4.842991878929530003e+01
6.889999999983000123e+01,1.609645961819765034e+02,3.227003252161200919e+01,9.928762766767105674e+00,4.848027416466849360e+01
6.899999999983000976e+01,1.611705193071462645e+02,3.230564994410568858e+01,9.941114994796542703e+00,4.853093744246731234e+01
6.909999999983000407e+01,1.613769249658425053e+02,3.234103725145916997e+01,9.954786854530162543e+00,4.858270699233525391e+01
6.919999999982999839e+01,1.615798974352246091e+02,3.237491949896305243e+01,9.965624236416257276e+00,4.863430657429582027e+01
6.929999999983000691e+01,1.617885546271119779e+02,3.240797679083455307e+01,9.976642786908680449e+00,4.868671548363878543e+01
6.939999999983000123e+01,1.620019484998150858e+02,3.244031304818437889e+01,9.986081605605267697e+00,4.873797789662987157e+01
6.949999999983000976e+01,1.622150951413442783e+02,3.247190475222740957e+01,9.996065478124249282e+00,4.878782394693805458e+01
6.959999999983000407e+01,1.624282800393502271e+02,3.250220490826806952e+01,1.000518849916605824e+01,4.883677667119237498e+01
6.969999999981999395e+01,1.626348348246711453e+02,3.253172016954182766e+01,1.001142796267338575e+01,4.888279115458209390e+01
6.979999999981998826e+01,1.628328382440577684e+02,3.256124403826711244e+01,1.002051111992887655e+01,4.892715064912327705e+01
6.989999999981999679e+01,1.630421313841788162e+02,3.259139864402948206e+01,1.002899681342572435e+01,4.897250620166653334e+01
6.999999999981999110e+01,1.632570736143616728e+02,3.262107325901700250e+01,1.003323601967031387e+01,4.902008969422642792e+01
7.009999999981999963e+01,1.634599764078959936e+02,3.265217075505084665e+01,1.003722916458797521e+01,4.906859758044451070e+01
7.019999999981999395e+01,1.636588938144992653e+02,3.268277312389068356e+01,1.004378717861740888e+01,4.911358446031005087e+01
7.029999999981998826e+01,1.638603453911044312e+02,3.271169156888130658e+01,1.004652722893617423e+01,4.915852954194718905e+01
7.039999999981999679e+01,1.640578315750540810e+02,3.274094455896812406e+01,1.005085879946998695e+01,4.920465380184012361e+01
7.049999999981999110e+01,1.642664973816830241e+02,3.276971368943693363e+01,1.005674700543643851e+01,4.925042245656201345e+01
7.059999999981999963e+01,1.644730355427284962e+02,3.279989685544462930e+01,1.006285115964235821e+01,4.929674470358632732e+01
7.069999999981999395e+01,1.646754677502581501e+02,3.283018908344799058e+01,1.007091062307201668e+01,4.934311039091596740e+01
7.079999999981998826e+01,1.648800564882314177e+02,3.286118056281153343e+01,1.007846934094427560e+01,4.938996053238275152e+01
7.089999999981999679e+01,1.650823110194806702e+02,3.289350920514142018e+01,1.008834041773679679e+01,4.943733552426705558e+01
7.099999999981000087e+01,1.652775179379579527e+02,3.292608553426117624e+01,1.009558248275896020e+01,4.948553014702560660e+01
7.109999999980999519e+01,1.654730997272369279e+02,3.295909608827301440e+01,1.010506844877042631e+01,4.953539293031155921e+01
7.119999999980998950e+01,1.656735645982620611e+02,3.299340284192248163e+01,1.011577838969120080e+01,4.958352348607309068e+01
7.129999999980999803e+01,1.658709876927140670e+02,3.302888918697143339e+01,1.012575899587665340e+01,4.963348728133306054e+01
7.139999999980999235e+01,1.660774868769401280e+02,3.306296338814647839e+01,1.013240324541046711e+01,4.968470083798542447e+01
7.149999999981000087e+01,1.662849571842455418e+02,3.309705406659590921e+01,1.013902044654723866e+01,4.973637026639188008e+01
7.159999999980999519e+01,1.664930225622197497e+02,3.313163955686725615e+01,1.014649321366283452e+01,4.978710174801003774e+01
7.169999999980998950e+01,1.666957515753702239e+02,3.316593809611672583e+01,1.015395951510169859e+01,4.983811501992062887e+01
7.179999999980999803e+01,1.669000988717067457e+02,3.320059482238856674e+01,1.016249150731258233e+01,4.989213450496097835e+01
7.189999999980999235e+01,1.670969258362821108e+02,3.323620604512645826e+01,1.017219813669966655e+01,4.994634906900285642e+01
7.199999999981000087e+01,1.672978640094298726e+02,3.327374614992737634e+01,1.018210466429646921e+01,5.000040002913991799e+01
7.209999999980999519e+01,1.674968187199768579e+02,3.331154035101785382e+01,1.019304334293289749e+01,5.005493881952629209e+01
7.219999999980998950e+01,1.676978881753042856e+02,3.334855663257953751e+01,1.020251468336994627e+01,5.010855633615482674e+01
7.229999999979999359e+01,1.678908145715467128e+02,3.338484275756866282e+01,1.021262983468850649e+01,5.016134579307119878e+01
7.239999999980000212e+01,1.680825851389004129e+02,3.342027922606369117e+01,1.022334724322577948e+01,5.021434210739299431e+01
7.249999999979999643e+01,1.682760815371520096e+02,3.345563353776363158e+01,1.023307370928415239e+01,5.026711618252932112e+01
7.259999999980000496e+01,1.684759539917419602e+02,3.349207874058249956e+01,1.024483258467246749e+01,5.031915951246857333e+01
7.269999999979999927e+01,1.686792288628490155e+02,3.352871270514621216e+01,1.025580990893964817e+01,5.037228221394055083e+01
7.279999999979999359e+01,1.688791827112763428e+02,3.356674948524907620e+01,1.026376571506007274e+01,5.042481920668876683e+01
7.289999999980000212e+01,1.690750021221454347e+02,3.360435360551429085e+01,1.027441322396644630e+01,5.048016714749643086e+01
7.299999999979999643e+01,1.692708445688857353e+02,3.364180463144165145e+01,1.028373659658577033e+01,5.053490254087395073e+01
7.309999999980000496e+01,1.694683256929740196e+02,3.367934095250779336e+01,1.029339553748037872e+01,5.058812228397105315e+01
7.319999999979999927e+01,1.696626958031612844e+02,3.371504102333995689e+01,1.030415330625180559e+01,5.064098346456535893e+01
7.329999999979999359e+01,1.698606138262739478e+02,3.375112736414330783e+01,1.031286149861153767e+01,5.069421922898765587e+01
7.339999999980000212e+01,1.700589892256808753e+02,3.378836740667946259e+01,1.031575177383072273e+01,5.074982555851244115e+01
7.349999999979999643e+01,1.702635722690245643e+02,3.382620274400532878e+01,1.032003748980070412e+01,5.080567396085390186e+01
7.359999999979000052e+01,1.704567738757472739e+02,3.386515319185349426e+01,1.032619589638126811e+01,5.086289936315678517e+01
7.369999999978999483e+01,1.706455927353899256e+02,3.390660050468011377e+01,1.033609108573092961e+01,5.092161845988822222e+01
7.379999999979000336e+01,1.708457425221837980e+02,3.394878956714016738e+01,1.034442717811753631e+01,5.097956628397487577e+01
7.389999999978999767e+01,1.710443821711697012e+02,3.399066299530220903e+01,1.035321476993870426e+01,5.103789533051007510e+01
7.399999999979000620e+01,1.712494763466983727e+02,3.403281828293660993e+01,1.036122110684516784e+01,5.109591099701721362e+01
7.409999999979000052e+01,1.714592543481219593e+02,3.407458684816823791e+01,1.037054975285529679e+01,5.115508043733144206e+01
7.419999999978999483e+01,1.716644024793555445e+02,3.411610340060092028e+01,1.038363629341019490e+01,5.121474054851485391e+01
7.429999999979000336e+01,1.718719506855215116e+02,3.415757632788661624e+01,1.039242515880542506e+01,5.127335240407111172e+01
7.439999999978999767e+01,1.720761921282749256e+02,3.419809792223612277e+01,1.040031264695157809e+01,5.133126435859388437e+01
7.449999999979000620e+01,1.722770877491339832e+02,3.423774689468770305e+01,1.041035964521628010e+01,5.138935134496941259e+01
7.459999999979000052e+01,1.724735992223126857e+02,3.427807731477325603e+01,1.041861232438826690e+01,5.144807616752806467e+01
7.469999999978999483e+01,1.726671125313633581e+02,3.431936783743230990e+01,1.042464372618388957e+01,5.150570331450727934e+01
7.479999999979000336e+01,1.728599867487090194e+02,3.436193326426351291e+01,1.043281396243696690e+01,5.156309414171833794e+01
7.489999999978000744e+01,1.730466743039051494e+02,3.440578254985579321e+01,1.044174648997534760e+01,5.162263606344540534e+01
7.499999999978000176e+01,1.732370298452369752e+02,3.444988654340041734e+01,1.045288660412685644e+01,5.168508606296737895e+01
7.509999999978001028e+01,1.734265330246906558e+02,3.449500308994775111e+01,1.046433567659095054e+01,5.174947254800493113e+01
7.519999999978000460e+01,1.736159725430946992e+02,3.454127413018892412e+01,1.047664484223870041e+01,5.181385076621251073e+01
7.529999999977999892e+01,1.738007218103300318e+02,3.458714651966114673e+01,1.048821280838234848e+01,5.187756679214478339e+01
7.539999999978000744e+01,1.739846730700452895e+02,3.463605568659438916e+01,1.050306918593263106e+01,5.194204607719549927e+01
7.549999999978000176e+01,1.741663690210061475e+02,3.468621359502053281e+01,1.051797826238663092e+01,5.200826961868479259e+01
7.559999999978001028e+01,1.743471899135239198e+02,3.473727242712017471e+01,1.053257247862178758e+01,5.207509972353926031e+01
7.569999999978000460e+01,1.745382159301228171e+02,3.478892976414790184e+01,1.054665102616740135e+01,5.214265495235287062e+01
7.579999999977999892e+01,1.747301921303093764e+02,3.484121340906337849e+01,1.056083651313891281e+01,5.220942269603835939e+01
7.589999999978000744e+01,1.749217619564824133e+02,3.489259696189963478e+01,1.057631219821909418e+01,5.227814465242688868e+01
7.599999999978000176e+01,1.751100892434063496e+02,3.494416055863326420e+01,1.058666013362238800e+01,5.234675346650099925e+01
7.609999999978001028e+01,1.753020899464303568e+02,3.499559079498908432e+01,1.059900456931908685e+01,5.241640855721200865e+01
7.619999999977000016e+01,1.754968936179087109e+02,3.504786644198263446e+01,1.061274358827022013e+01,5.248716277118882800e+01
7.629999999977000869e+01,1.756999560741539312e+02,3.510065142252193482e+01,1.062912885980770561e+01,5.255680674021191834e+01
7.639999999977000300e+01,1.759063635400297869e+02,3.515271463068187074e+01,1.064403893773743981e+01,5.262675390419516219e+01
7.649999999977001153e+01,1.761179096531875814e+02,3.520461026236731783e+01,1.065553563731857523e+01,5.269593632091773827e+01
7.659999999977000584e+01,1.763208421219940476e+02,3.525497365907210678e+01,1.066547672702975191e+01,5.276294318912907499e+01
7.669999999977000016e+01,1.765157684197631625e+02,3.530489466819069122e+01,1.067494625238012240e+01,5.282995116016981285e+01
7.679999999977000869e+01,1.767068174793273272e+02,3.535379203804264847e+01,1.068279596665119335e+01,5.289675831366519532e+01
7.689999999977000300e+01,1.768954033950243172e+02,3.540300203648847344e+01,1.069266453972068831e+01,5.296385676081074223e+01
7.699999999977001153e+01,1.770808308797616633e+02,3.545297293332370714e+01,1.070029353522035898e+01,5.303023433076138105e+01
7.709999999977000584e+01,1.772651502389553002e+02,3.550149185100078597e+01,1.070579793809670299e+01,5.309667597521320204e+01
7.719999999977000016e+01,1.774476675982491827e+02,3.554971200945369958e+01,1.070872538595153678e+01,5.316190788785895194e+01
7.729999999977000869e+01,1.776327291220635800e+02,3.559705666864309137e+01,1.071261826438890630e+01,5.322601566127383421e+01
7.739999999977000300e+01,1.778162035971036801e+02,3.564229262858860636e+01,1.071477660499060036e+01,5.328864763160483164e+01
7.749999999975999287e+01,1.779960154190844719e+02,3.568841440421824274e+01,1.071567514402230081e+01,5.335081606665534792e+01
7.759999999976000140e+01,1.781728415513617563e+02,3.573267643428635409e+01,1.071787169547598673e+01,5.341235415788953844e+01
7.769999999975999572e+01,1.783559788826709962e+02,3.577709374051298852e+01,1.072205671246426739e+01,5.347317594972231802e+01
7.779999999975999003e+01,1.785439057397563545e+02,3.582187121569346999e+01,1.072716424056419982e+01,5.353326881569069684e+01
7.789999999975999856e+01,1.787303841782328107e+02,3.586746962821628415e+01,1.073241101502616957e+01,5.359481531440593471e+01
7.799999999975999287e+01,1.789222255685436380e+02,3.591323915728612803e+01,1.074215389960748546e+01,5.365698936298539223e+01
7.809999999976000140e+01,1.791085144694241080e+02,3.595791847812039776e+01,1.074943814831021349e+01,5.371809194674956700e+01
7.819999999975999572e+01,1.792927433788796634e+02,3.600411582500660757e+01,1.075805319201125698e+01,5.377995056696288145e+01
7.829999999975999003e+01,1.794671249961224078e+02,3.605114313691090189e+01,1.076514365340443291e+01,5.384303817928974212e+01
7.839999999975999856e+01,1.796405433486106631e+02,3.609810422294123100e+01,1.077243999456391776e+01,5.390535890766665972e+01
7.849999999975999287e+01,1.798183970304606305e+02,3.614575540440452528e+01,1.078282500145876099e+01,5.396830078337594472e+01
7.859999999976000140e+01,1.799883071269105983e+02,3.619301817880902661e+01,1.079639068240736144e+01,5.403051336222281975e+01
7.869999999975999572e+01,1.801541292040816984e+02,3.624083118748307442e+01,1.080987150458010326e+01,5.409255936526741237e+01
7.879999999974999980e+01,1.803272438805283571e+02,3.628822687471835451e+01,1.082434757705979500e+01,5.415444201454950957e+01
7.889999999974999412e+01,1.805023860506032634e+02,3.633549853789264006e+01,1.084152729410043037e+01,5.421596851649651683e+01
7.899999999975000264e+01,1.806802467523326641e+02,3.638241347352768429e+01,1.085933436755287218e+01,5.427753114034747028e+01
7.909999999974999696e+01,1.808480595466841407e+02,3.642616374476848762e+01,1.087131866574762462e+01,5.433800660434713592e+01
7.919999999974999128e+01,1.810153368476982791e+02,3.646743065335968481e+01,1.088157651400071657e+01,5.439909119382026148e+01
7.929999999974999980e+01,1.811895167481626459e+02,3.650888905341683710e+01,1.089063842330899767e+01,5.445953782059119419e+01
7.939999999974999412e+01,1.813641598229997101e+02,3.655117770554677037e+01,1.090190072288508283e+01,5.451780997308825505e+01
7.949999999975000264e+01,1.815434192309510593e+02,3.659326641777709455e+01,1.091157511669378266e+01,5.457563492706960773e+01
7.959999999974999696e+01,1.817267791153507517e+02,3.663543366647230926e+01,1.092235970125859090e+01,5.463445934041826746e+01
7.969999999974999128e+01,1.819152469388957627e+02,3.667869443826457143e+01,1.093204765228282760e+01,5.469316804142063404e+01
7.979999999974999980e+01,1.821027640562506633e+02,3.672282213090279157e+01,1.094350656081881112e+01,5.475222159160369984e+01
7.989999999974999412e+01,1.822783168700033514e+02,3.676701824663275886e+01,1.095449158489571673e+01,5.481023216025400302e+01
7.999999999973999820e+01,1.824606601249622315e+02,3.681222273640806009e+01,1.096624263427274570e+01,5.486866936309404963e+01
8.009999999974000673e+01,1.826309652831495214e+02,3.685820397233001700e+01,1.097842181274672235e+01,5.492782100294520831e+01
8.019999999974000104e+01,1.828057074413384555e+02,3.690471379376976557e+01,1.098909375499798102e+01,5.498863593557452134e+01
8.029999999973999536e+01,1.829806479802163324e+02,3.695044645867254474e+01,1.100178009734290363e+01,5.504888938610468330e+01
8.039999999974000389e+01,1.831538404455650380e+02,3.699654177764788443e+01,1.101505781400242334e+01,5.510915748332162423e+01
8.049999999973999820e+01,1.833279440750461333e+02,3.704237986249516723e+01,1.102981933189584218e+01,5.516838549508884881e+01
8.059999999974000673e+01,1.835042236890245135e+02,3.708799539686804536e+01,1.104217816633152083e+01,5.522949791282277232e+01
8.069999999974000104e+01,1.836893229161355805e+02,3.713392934184251004e+01,1.105514838683910206e+01,5.529034469161146603e+01
8.079999999973999536e+01,1.838728734542358438e+02,3.717877499700895072e+01,1.106287837226445703e+01,5.535071762371190829e+01
8.089999999974000389e+01,1.840466854188884440e+02,3.722341083705106257e+01,1.107299703718686246e+01,5.541255550769319882e+01
8.099999999973999820e+01,1.842273307077239792e+02,3.727059273285216534e+01,1.108357018384395332e+01,5.547480595794421987e+01
8.109999999974000673e+01,1.844147979103606190e+02,3.731773185861027287e+01,1.109562749686443617e+01,5.553609256665754401e+01
8.119999999974000104e+01,1.846097373399603896e+02,3.736559045813162072e+01,1.110833907157498857e+01,5.559703059057932251e+01
8.129999999973000513e+01,1.848056245328288014e+02,3.741333153672997014e+01,1.111941645668565215e+01,5.565878836329031287e+01
8.139999999972999944e+01,1.849961229360719130e+02,3.745970468799963982e+01,1.112841052049133417e+01,5.571935499396398228e+01
8.149999999973000797e+01,1.851891365464462922e+02,3.750753641733952293e+01,1.113701452411503645e+01,5.578015993778426918e+01
8.159999999973000229e+01,1.853845587716882619e+02,3.755610496423925326e+01,1.114953228419241604e+01,5.584295751200552616e+01
8.169999999973001081e+01,1.855734902513572990e+02,3.760480206662590774e+01,1.116294830300344287e+01,5.590711773037271115e+01
8.179999999973000513e+01,1.857681406679065219e+02,3.765303833576452774e+01,1.117425026133700428e+01,5.597026609535568298e+01
8.189999999972999944e+01,1.859497677882445714e+02,3.769995190926146478e+01,1.118494947980405918e+01,5.603161280010289147e+01
8.199999999973000797e+01,1.861349329662506875e+02,3.774599302917387433e+01,1.119184842697526072e+01,5.609376357026375359e+01
8.209999999973000229e+01,1.863289105290801899e+02,3.779283914190011728e+01,1.120205007080091697e+01,5.615582949235457022e+01
8.219999999973001081e+01,1.865261286942264007e+02,3.784082510577374592e+01,1.120957060635138269e+01,5.621903550394699067e+01
8.229999999973000513e+01,1.867192335486502657e+02,3.789005317784791060e+01,1.121910524867467096e+01,5.628204216209898902e+01
8.239999999972999944e+01,1.869086548241821220e+02,3.793824751245447402e+01,1.122728216496330056e+01,5.634547367593076928e+01
8.249999999973000797e+01,1.870861696960704421e+02,3.798661885334113464e+01,1.123901499349271482e+01,5.640957598622798486e+01
8.259999999972001206e+01,1.872624894395636659e+02,3.803605733268507549e+01,1.124877208023604958e+01,5.647330952821882732e+01
8.269999999972000637e+01,1.874436362265495291e+02,3.808597172945626852e+01,1.125771360364869089e+01,5.653484712623279762e+01
8.279999999972000069e+01,1.876277095409242008e+02,3.813433886830699748e+01,1.126508592704495726e+01,5.659721401421409581e+01
8.289999999972000921e+01,1.878075182029024575e+02,3.818088560998082670e+01,1.126979989679004213e+01,5.665841036322151325e+01
8.299999999972000353e+01,1.879932849685287408e+02,3.822629900728112773e+01,1.127465398900490534e+01,5.671972791939383285e+01
8.309999999972001206e+01,1.881764757463897411e+02,3.827125730687408378e+01,1.127525501770932692e+01,5.678270325127406437e+01
8.319999999972000637e+01,1.883561282126741219e+02,3.831588077507316825e+01,1.127584066189256617e+01,5.684465404974577751e+01
8.329999999972000069e+01,1.885272561519739156e+02,3.835996451840881605e+01,1.127725693623259140e+01,5.690690810141643396e+01
8.339999999972000921e+01,1.886953835702418587e+02,3.840352550496936601e+01,1.127817507961653476e+01,5.696920636925349868e+01
8.349999999972000353e+01,1.888732708378109919e+02,3.844655446740451055e+01,1.127506352954744173e+01,5.702947206497282906e+01
8.359999999972001206e+01,1.890490511330596064e+02,3.849038342800641033e+01,1.127469092595840472e+01,5.708767187797073461e+01
8.369999999972000637e+01,1.892046323932996188e+02,3.853413479015218712e+01,1.127482892919392476e+01,5.714769813561977685e+01
8.379999999972000069e+01,1.893694166060960811e+02,3.857659416077632386e+01,1.127610880206430366e+01,5.720876261333648216e+01
8.389999999970999056e+01,1.895326997649108876e+02,3.861865295274017029e+01,1.127911575396300137e+01,5.726787726657521205e+01
8.399999999970999909e+01,1.896976685863162686e+02,3.866221380350150127e+01,1.128537636722938231e+01,5.732714070333573630e+01
8.409999999970999340e+01,1.898635903582879507e+02,3.870542597772226401e+01,1.128848135143380560e+01,5.738641479902064901e+01
8.419999999971000193e+01,1.900271800756216578e+02,3.874775776792956350e+01,1.129186841447294221e+01,5.744305608285331743e+01
8.429999999970999625e+01,1.901887727685734717e+02,3.878834128885861787e+01,1.129378762477190890e+01,5.749810572765873218e+01
8.439999999970999056e+01,1.903508400166490162e+02,3.882705432271995960e+01,1.129699769272484211e+01,5.755304331842032184e+01
8.449999999970999909e+01,1.905166264187936633e+02,3.886581917849336776e+01,1.130284878751990618e+01,5.760666732540982338e+01
8.459999999970999340e+01,1.906835943289082707e+02,3.890467633289146931e+01,1.130726981817003995e+01,5.766137007966814565e+01
8.469999999971000193e+01,1.908459687825070716e+02,3.894453636964692578e+01,1.131045193305809704e+01,5.771492896096334846e+01
8.479999999970999625e+01,1.910135869602445382e+02,3.898366633115157498e+01,1.131507121445099173e+01,5.776809462360591141e+01
8.489999999970999056e+01,1.911816871999335206e+02,3.902375083956271595e+01,1.131809332820756531e+01,5.782056595214116612e+01
8.499999999970999909e+01,1.913428476885844134e+02,3.906358933253093824e+01,1.131672593295695428e+01,5.787243947820827827e+01
8.509999999970999340e+01,1.915098199560971182e+02,3.910160153017672968e+01,1.131712165869534203e+01,5.792596709785561160e+01
8.519999999969999749e+01,1.916840362387893038e+02,3.913995737095121541e+01,1.131898419473963280e+01,5.797995479223752824e+01
8.529999999969999180e+01,1.918577694576625277e+02,3.918010472726403748e+01,1.132230954226542963e+01,5.803376029400778435e+01
8.539999999970000033e+01,1.920260959600889237e+02,3.922065326740366231e+01,1.132459769922922632e+01,5.808884528260860236e+01
8.549999999969999465e+01,1.922012871694324758e+02,3.926165504830483854e+01,1.132729182334385243e+01,5.814491466461313252e+01
8.559999999970000317e+01,1.923764401066210894e+02,3.930469599616631626e+01,1.133116041345254388e+01,5.819967866912364229e+01
8.569999999969999749e+01,1.925559184637059502e+02,3.934985386778631522e+01,1.133876649684788696e+01,5.825524659141693462e+01
8.579999999969999180e+01,1.927319139393339071e+02,3.939528951150403202e+01,1.134842434945365852e+01,5.831083800659812511e+01
8.589999999970000033e+01,1.929119067657996140e+02,3.944173540660064248e+01,1.136066834588570096e+01,5.836735288938740496e+01
8.599999999969999465e+01,1.930964681806512999e+02,3.948799754241470339e+01,1.137107969852687539e+01,5.842442419431229439e+01
8.609999999970000317e+01,1.932795426679113291e+02,3.953538598519786262e+01,1.138226473558875362e+01,5.848175329941967959e+01
8.619999999969999749e+01,1.934615433465358763e+02,3.958141908080586546e+01,1.139221284667457290e+01,5.854002956343546771e+01
8.629999999969999180e+01,1.936414740758381754e+02,3.962673050491412141e+01,1.140273492036996394e+01,5.859746267817036625e+01
8.639999999970000033e+01,1.938235391537905059e+02,3.967395309077295451e+01,1.141365590145831632e+01,5.865524681608073365e+01
8.649999999969000442e+01,1.940088229697695681e+02,3.972155469676752659e+01,1.142661952250109003e+01,5.871166838895491935e+01
8.659999999968999873e+01,1.941981269112013990e+02,3.976792469820969700e+01,1.143655779821209784e+01,5.876511101564602058e+01
8.669999999969000726e+01,1.943893690140150738e+02,3.981100734463608148e+01,1.144559293579759718e+01,5.881789871460375707e+01
8.679999999969000157e+01,1.945761026323605734e+02,3.985148109950932138e+01,1.145179603791702760e+01,5.886845320124457004e+01
8.689999999968999589e+01,1.947596738908978296e+02,3.989166237021235162e+01,1.145887013322403192e+01,5.891984361186496244e+01
8.699999999969000442e+01,1.949421139375399719e+02,3.993204184992222849e+01,1.146497841473922641e+01,5.896891375235910004e+01
8.709999999968999873e+01,1.951321900425720628e+02,3.997255682679917044e+01,1.147201229281029633e+01,5.901767058125917487e+01
8.719999999969000726e+01,1.953208208719042318e+02,4.001293985029805356e+01,1.147690822019609236e+01,5.906843641637404829e+01
8.729999999969000157e+01,1.955095860402494452e+02,4.005261870766567256e+01,1.148431994412323398e+01,5.912016844423528283e+01
8.739999999968999589e+01,1.956961806706414393e+02,4.009291713487704101e+01,1.149105933964884585e+01,5.917110365650788850e+01
8.749999999969000442e+01,1.958824550534608591e+02,4.013418878549472879e+01,1.149502269016448786e+01,5.922098433715910204e+01
8.759999999968999873e+01,1.960715695989400729e+02,4.017463683460530177e+01,1.149883595524961954e+01,5.927272575239808106e+01
8.769999999969000726e+01,1.962542458745229794e+02,4.021543855489699126e+01,1.150331164258517447e+01,5.932433076303447450e+01
8.779999999967999713e+01,1.964363355177271728e+02,4.025612273386281004e+01,1.150985718672536784e+01,5.937592307302519856e+01
8.789999999968000566e+01,1.966190248632835846e+02,4.029589129499477451e+01,1.151463658351955210e+01,5.942631120912988507e+01
8.799999999967999997e+01,1.968003168792614588e+02,4.033547719481178717e+01,1.152133087346297735e+01,5.947881833594945533e+01
8.809999999968000850e+01,1.969798009159622438e+02,4.037514992871164310e+01,1.152597700237654976e+01,5.953006328414780768e+01
8.819999999968000282e+01,1.971586530561438053e+02,4.041418204158460270e+01,1.153450581635927108e+01,5.957944782564350561e+01
8.829999999967999713e+01,1.973466689481205378e+02,4.045248986858897666e+01,1.153848144931038178e+01,5.962787098460741220e+01
8.839999999968000566e+01,1.975313536246543435e+02,4.049157062232121973e+01,1.154425850579557000e+01,5.967762379863993516e+01
8.849999999967999997e+01,1.977228367076471045e+02,4.053246393636293021e+01,1.155117379447702852e+01,5.972918542787918028e+01
8.859999999968000850e+01,1.979152798167633307e+02,4.057530677407179098e+01,1.155941929578700922e+01,5.978235415782225459e+01
8.869999999968000282e+01,1.981084509713127204e+02,4.061918542057501469e+01,1.156938313421762388e+01,5.983703293220157349e+01
8.879999999967999713e+01,1.982993206411588289e+02,4.066396454975173924e+01,1.158258913173111360e+01,5.989285183521107570e+01
8.889999999968000566e+01,1.984886600981423044e+02,4.071023701474165080e+01,1.159494981146215231e+01,5.995093244577419256e+01
8.899999999967000974e+01,1.986725331541014441e+02,4.075725110083278935e+01,1.160860251206949734e+01,6.001102170062736718e+01
8.909999999967000406e+01,1.988668853032740174e+02,4.080434019418376579e+01,1.162150698178952446e+01,6.007117536893655796e+01
8.919999999967001258e+01,1.990548095480474444e+02,4.085117609442135489e+01,1.163763950829525307e+01,6.013071075018920908e+01
8.929999999967000690e+01,1.992477089914458190e+02,4.089660352022396239e+01,1.165238105048102746e+01,6.018896882656792258e+01
8.939999999967000122e+01,1.994436739449093920e+02,4.094206935157409788e+01,1.166755578472437627e+01,6.024777269673631963e+01
8.949999999967000974e+01,1.996378913293009703e+02,4.098717152511158446e+01,1.168047866498815601e+01,6.030608550934138634e+01
8.959999999967000406e+01,1.998396142328989242e+02,4.103265673374770728e+01,1.169141447675881196e+01,6.036416921026145843e+01
8.969999999967001258e+01,2.000377251804430614e+02,4.107817933401436505e+01,1.170286741919614748e+01,6.042482267818909492e+01
8.979999999967000690e+01,2.002366082424861986e+02,4.112407278389501641e+01,1.171259945671727287e+01,6.048561298534191621e+01
8.989999999967000122e+01,2.004296455649376583e+02,4.117054230820659200e+01,1.171990554092680803e+01,6.054704642772132672e+01
8.999999999967000974e+01,2.006209821624404412e+02,4.121631862191951257e+01,1.172899114305080381e+01,6.060961812353355072e+01
9.009999999967000406e+01,2.008085103901384230e+02,4.126047356831814739e+01,1.173569444860353350e+01,6.067053058673528199e+01
9.019999999967001258e+01,2.010062812870617677e+02,4.130396100428528428e+01,1.173897009399194324e+01,6.073178108955771393e+01
9.029999999965998825e+01,2.011986860913201554e+02,4.134666443089543719e+01,1.174260846503874944e+01,6.079105637800410733e+01
9.039999999965999677e+01,2.013922646330474606e+02,4.139032162990854147e+01,1.174794125330569194e+01,6.085024098693328654e+01
9.049999999965999109e+01,2.015817460515597759e+02,4.143358446569237685e+01,1.174626282286907042e+01,6.090856372048858702e+01
9.059999999965999962e+01,2.017735549405743996e+02,4.147600107577291340e+01,1.174385613974683018e+01,6.096628137792217927e+01
9.069999999965999393e+01,2.019584103003953715e+02,4.152000526718123297e+01,1.174015959651667451e+01,6.102480596786426759e+01
9.079999999965998825e+01,2.021454512771618681e+02,4.156654017421152503e+01,1.173522702526638817e+01,6.108250857530604350e+01
9.089999999965999677e+01,2.023352286229949755e+02,4.161261553564612825e+01,1.173289033505210455e+01,6.114254518871146615e+01
9.099999999965999109e+01,2.025220758541376256e+02,4.166047377736705926e+01,1.172777330935357476e+01,6.120645936776272578e+01
9.109999999965999962e+01,2.027192826874725426e+02,4.170997264104388336e+01,1.173020749385502981e+01,6.127185252278994909e+01
9.119999999965999393e+01,2.029138421964499344e+02,4.176035614787713257e+01,1.173165700098867248e+01,6.133720260125360824e+01
9.129999999965998825e+01,2.031072113102724757e+02,4.181179294704901395e+01,1.173792406017144963e+01,6.140346419671988798e+01
9.139999999965999677e+01,2.032994602107569619e+02,4.186403171457018146e+01,1.174316559652250014e+01,6.147052730946858645e+01
9.149999999965999109e+01,2.034927544707708762e+02,4.191599174037618525e+01,1.174932478253349366e+01,6.153799100328994598e+01
9.159999999964999517e+01,2.036731395508101912e+02,4.196745279947820961e+01,1.175793842609243711e+01,6.160346173938670944e+01
9.169999999965000370e+01,2.038617611957150757e+02,4.201666445654601745e+01,1.176143446433575157e+01,6.166729828496976040e+01
9.179999999964999802e+01,2.040480996771020159e+02,4.206403359324716718e+01,1.176473078847018527e+01,6.173057968099224979e+01
9.189999999964999233e+01,2.042316779523808066e+02,4.211108750267157319e+01,1.177258433322161935e+01,6.179463647176319796e+01
9.199999999965000086e+01,2.044120473594907992e+02,4.215771558856869916e+01,1.178098666964884345e+01,6.185938133903037794e+01
9.209999999964999517e+01,2.045880770589623694e+02,4.220442998741723528e+01,1.178830490748510407e+01,6.192228288106875311e+01
9.219999999965000370e+01,2.047597869874190621e+02,4.225103876721116336e+01,1.179519270808487263e+01,6.198348537095726840e+01
9.229999999964999802e+01,2.049284370123887697e+02,4.229620791606150476e+01,1.179749990726677922e+01,6.204480945452704788e+01
9.239999999964999233e+01,2.051056321129931632e+02,4.234136966999494689e+01,1.180179731730636306e+01,6.210667386887467245e+01
9.249999999965000086e+01,2.052890448485869967e+02,4.238560578339878759e+01,1.180460853070638727e+01,6.216680199895444048e+01
9.259999999964999517e+01,2.054806292218861756e+02,4.242894968428226576e+01,1.181042728036917744e+01,6.222772929690827226e+01
9.269999999965000370e+01,2.056652285757013772e+02,4.247413032350007001e+01,1.181409239099541075e+01,6.228883500618344726e+01
9.279999999964999802e+01,2.058468205031878995e+02,4.251815132917174367e+01,1.181817927268452806e+01,6.234851458530197732e+01
9.289999999964000210e+01,2.060223219924587852e+02,4.256025092194193604e+01,1.182091044774452371e+01,6.240887172487799717e+01
9.299999999963999642e+01,2.061974981234265556e+02,4.260152617372297357e+01,1.181995199487740145e+01,6.246867557235464830e+01
9.309999999964000494e+01,2.063729652647988928e+02,4.264290500277203222e+01,1.182008781219384552e+01,6.252881413539066813e+01
9.319999999963999926e+01,2.065480067138160507e+02,4.268352630261456682e+01,1.182116513194135621e+01,6.259003474854026194e+01
9.329999999963999358e+01,2.067198314377673967e+02,4.272521844224426957e+01,1.182550329336729966e+01,6.264986029793396227e+01
9.339999999964000210e+01,2.068980477413455503e+02,4.276759335743449952e+01,1.183327988208521475e+01,6.271060103190957591e+01
9.349999999963999642e+01,2.070841347700552149e+02,4.281057447369556002e+01,1.184154045888384843e+01,6.276947361816227300e+01
9.359999999964000494e+01,2.072718651164266817e+02,4.285463414892298317e+01,1.184799304210793380e+01,6.282726164626385668e+01
9.369999999963999926e+01,2.074582402023239638e+02,4.289987702930987723e+01,1.185609396990792597e+01,6.288836661797144956e+01
9.379999999963999358e+01,2.076477389366298496e+02,4.294543974595455893e+01,1.186759864772783679e+01,6.295175376299359016e+01
9.389999999964000210e+01,2.078308398289627235e+02,4.299284838142278176e+01,1.187935281106775953e+01,6.301467064499298232e+01
9.399999999963999642e+01,2.080192480362561582e+02,4.304223390790082249e+01,1.188985657850709465e+01,6.307760898753846845e+01
9.409999999964000494e+01,2.082118292270843369e+02,4.309071818188628100e+01,1.190003888455687964e+01,6.313997339591021785e+01
9.419999999963000903e+01,2.084101806030394641e+02,4.313967415989910137e+01,1.190870685014102648e+01,6.320388575032472289e+01
9.429999999963000334e+01,2.086027054583974518e+02,4.318872687763082041e+01,1.191465635878483553e+01,6.326838902374785789e+01
9.439999999962999766e+01,2.087959383330079390e+02,4.323766391962990241e+01,1.192355837786227468e+01,6.333324352007957714e+01
9.449999999963000619e+01,2.089940741569160707e+02,4.328759873524263924e+01,1.193364570111882372e+01,6.339910960281164165e+01
9.459999999963000050e+01,2.091948694917564353e+02,4.333708589694171565e+01,1.194383745500978833e+01,6.346306096171309719e+01
9.469999999963000903e+01,2.093866882528884616e+02,4.338489290115948194e+01,1.195346994929214546e+01,6.352566747622558552e+01
9.479999999963000334e+01,2.095874133499540051e+02,4.343295762374582125e+01,1.195992425440683427e+01,6.358889743722720311e+01
9.489999999962999766e+01,2.097858145562221068e+02,4.348108432538339230e+01,1.196984505953229672e+01,6.365239528027117188e+01
9.499999999963000619e+01,2.099738984401419941e+02,4.352950421810489701e+01,1.197681239837428357e+01,6.371692608906497668e+01
9.509999999963000050e+01,2.101673326214848885e+02,4.357869583266232638e+01,1.198271784431122811e+01,6.378284140982682970e+01
9.519999999963000903e+01,2.103454924996512148e+02,4.362612898658655780e+01,1.199100238052799661e+01,6.384783715287801442e+01
9.529999999963000334e+01,2.105253857598046068e+02,4.367350655030845985e+01,1.200001944629974027e+01,6.391044196561423263e+01
9.539999999962999766e+01,2.107038240498891355e+02,4.371964790067075057e+01,1.201196897739023761e+01,6.397213929062292692e+01
9.549999999962000174e+01,2.108724354679715134e+02,4.376390434248700245e+01,1.201940297977427541e+01,6.403396766345179003e+01
9.559999999962001027e+01,2.110404151181180907e+02,4.380884539010983758e+01,1.202318001669758907e+01,6.409694875645755019e+01
9.569999999962000459e+01,2.112029339737458713e+02,4.385347251894988574e+01,1.202722684452417212e+01,6.416069595223031286e+01
9.579999999961999890e+01,2.113719189526460127e+02,4.389774414743386899e+01,1.203485789665224459e+01,6.422326281586734353e+01
9.589999999962000743e+01,2.115477493447322672e+02,4.394329405855711457e+01,1.204482146673727527e+01,6.428729836335324421e+01
9.599999999962000174e+01,2.117208355137782405e+02,4.398984507352987805e+01,1.205133109460848218e+01,6.435158233999166555e+01
9.609999999962001027e+01,2.118974425123529102e+02,4.403798105770592031e+01,1.205917691066009922e+01,6.441751252922233562e+01
9.619999999962000459e+01,2.120716419920019860e+02,4.408729203009427522e+01,1.206783987749584419e+01,6.448651482890137743e+01
9.629999999961999890e+01,2.122394534653937512e+02,4.413616489634218709e+01,1.207432753278396120e+01,6.455578497604416555e+01
9.639999999962000743e+01,2.123984667027917226e+02,4.418764259756954971e+01,1.208045888018157754e+01,6.462678214259285880e+01
9.649999999962000174e+01,2.125591389881280975e+02,4.423938327558434480e+01,1.208620043673911582e+01,6.469929748929833124e+01
9.659999999962001027e+01,2.127217335308654924e+02,4.429376219243685853e+01,1.209130517368514823e+01,6.477086360204606308e+01
9.669999999962000459e+01,2.128835283519436530e+02,4.435050330504486737e+01,1.210105005879158035e+01,6.484323860111462068e+01
9.679999999960999446e+01,2.130404137294457030e+02,4.440587463589399420e+01,1.210911350344242621e+01,6.491674517801259015e+01
9.689999999960998878e+01,2.132033426840122274e+02,4.446127898432949621e+01,1.211583588985811311e+01,6.498924865941228290e+01
9.699999999960999730e+01,2.133741917732568822e+02,4.451540876000688485e+01,1.212324203546789647e+01,6.506009031954147304e+01
9.709999999960999162e+01,2.135362004794994562e+02,4.457077446758592743e+01,1.213425870768562476e+01,6.513189430972971650e+01
9.719999999961000015e+01,2.136972576261422603e+02,4.462753947592740644e+01,1.214307916579624091e+01,6.520351725296382028e+01
9.729999999960999446e+01,2.138532685547808683e+02,4.468468982440176518e+01,1.215463715535138967e+01,6.527299480979088742e+01
9.739999999960998878e+01,2.140084812197229382e+02,4.474258326125183061e+01,1.216753566992053415e+01,6.534377498498534464e+01
9.749999999960999730e+01,2.141571605708609525e+02,4.480117909279631760e+01,1.218063811479718339e+01,6.541461307638354583e+01
9.759999999960999162e+01,2.143056194245370421e+02,4.485824948608952667e+01,1.219188935846215216e+01,6.548253775398417531e+01
9.769999999961000015e+01,2.144611346524242492e+02,4.491425932447142344e+01,1.220061146724312628e+01,6.554943855296851041e+01
9.779999999960999446e+01,2.146153475429858872e+02,4.497039291010448636e+01,1.221120842587811595e+01,6.561904880576230426e+01
9.789999999960998878e+01,2.147829552338619123e+02,4.502850502706269253e+01,1.222216718654103396e+01,6.569039143402355307e+01
9.799999999959999286e+01,2.149490823141696580e+02,4.508728946952955141e+01,1.223326968806963855e+01,6.576381701371053623e+01
9.809999999960000139e+01,2.151207600409072427e+02,4.514601692018944590e+01,1.224530069399703081e+01,6.583781770434501368e+01
9.819999999959999570e+01,2.152849386945331105e+02,4.520350521110150765e+01,1.225497039158388368e+01,6.591081782195212213e+01
9.829999999959999002e+01,2.154479106891787694e+02,4.525920359251427527e+01,1.226402461707641756e+01,6.598295345454202732e+01
9.839999999959999855e+01,2.156051889874238441e+02,4.531388360792350767e+01,1.227067382494150394e+01,6.605351202618358286e+01
9.849999999959999286e+01,2.157612234454105646e+02,4.536810792772153889e+01,1.227817160292403287e+01,6.612532610008219081e+01
9.859999999960000139e+01,2.159238938810220816e+02,4.542268534209751607e+01,1.228575456706717794e+01,6.619865216839440336e+01
9.869999999959999570e+01,2.160827922418253877e+02,4.547735032320679238e+01,1.229119949983634896e+01,6.627015930747904804e+01
9.879999999959999002e+01,2.162472929199633143e+02,4.553274909467889131e+01,1.229928391054477999e+01,6.634018861914115917e+01
9.889999999959999855e+01,2.164033921216988006e+02,4.558858421980416864e+01,1.230598440105364588e+01,6.641154563001566657e+01
9.899999999959999286e+01,2.165657538266183622e+02,4.564521256440179542e+01,1.231048051180213143e+01,6.648453619734453923e+01
9.909999999960000139e+01,2.167322085585825846e+02,4.570222915055782664e+01,1.231843783704767326e+01,6.656004985886640668e+01
9.919999999959999570e+01,2.169009471525266690e+02,4.576003824311069934e+01,1.232655407532116243e+01,6.663604819807255808e+01
9.929999999958999979e+01,2.170633614870088763e+02,4.581784569603259172e+01,1.233561462200814063e+01,6.671365694191430862e+01
9.939999999958999410e+01,2.172301087088953011e+02,4.587634521808952570e+01,1.234578699653214962e+01,6.678997513704470634e+01
9.949999999959000263e+01,2.173987004683723114e+02,4.593599133977647142e+01,1.235235245491760914e+01,6.686500280504513682e+01
9.959999999958999695e+01,2.175657767757021475e+02,4.599638388332251537e+01,1.236002889467351373e+01,6.693883902583496592e+01
9.969999999959000547e+01,2.177362317081140759e+02,4.605687451482270234e+01,1.236698873543880772e+01,6.701291237625436281e+01
9.979999999958999979e+01,2.179003900637091817e+02,4.611712988220362774e+01,1.237207274072495444e+01,6.709004121374657359e+01
9.989999999958999410e+01,2.180718515856391946e+02,4.617566954426218473e+01,1.237981302329257005e+01,6.716649678228104392e+01
9.999999999959000263e+01,2.182464159557248138e+02,4.623246092929444728e+01,1.238517608824082927e+01,6.723951249202909253e+01
1.000999999995899969e+02,2.184243162547780628e+02,4.628803135926656864e+01,1.239242454585927256e+01,6.731040655282718888e+01
1.001999999995900055e+02,2.186062355476213384e+02,4.634386981861707255e+01,1.239976666472312772e+01,6.738357048101366331e+01
1.002999999995899998e+02,2.187832900390936004e+02,4.640050695690095495e+01,1.241160076297597570e+01,6.745869700356982435e+01
1.003999999995899941e+02,2.189640253897514128e+02,4.645749088372568281e+01,1.242202276233737201e+01,6.753370036397153342e+01
1.004999999995900026e+02,2.191578494630171292e+02,4.651526748483716034e+01,1.243305783659217134e+01,6.760812314065279338e+01
1.005999999995800067e+02,2.193557644659110792e+02,4.657322565316970753e+01,1.244447917468900222e+01,6.768282228596628158e+01
1.006999999995800010e+02,2.195479569240395392e+02,4.663307753291025648e+01,1.245901708417648734e+01,6.775854063565431318e+01
1.007999999995800096e+02,2.197363096494190700e+02,4.669431629437298881e+01,1.247473211368465762e+01,6.783691161799494296e+01
1.008999999995800039e+02,2.199174647459654182e+02,4.675799748362872776e+01,1.248505095067998916e+01,6.791740000052860182e+01
1.009999999995799982e+02,2.200990551309894556e+02,4.682317961298038966e+01,1.249903463407158988e+01,6.799978386267017072e+01
1.010999999995800067e+02,2.202796184371321715e+02,4.688646040653809166e+01,1.250984011112086414e+01,6.808193146679434449e+01
1.011999999995800010e+02,2.204789968163496496e+02,4.694854279822580878e+01,1.252080917734016907e+01,6.816217266092515104e+01
1.012999999995800096e+02,2.206795980209028869e+02,4.701010449886447873e+01,1.253407676012010441e+01,6.824214090240621999e+01
1.013999999995800039e+02,2.208652520435903739e+02,4.707090044043943777e+01,1.254486500635737656e+01,6.832126785245971234e+01
1.014999999995799982e+02,2.210492960104293729e+02,4.713058309320030048e+01,1.255411824609535643e+01,6.839926944207986992e+01
1.015999999995800067e+02,2.212296306407365591e+02,4.719043485461553189e+01,1.256038910493436056e+01,6.847574245040837582e+01
1.016999999995800010e+02,2.214166645343983646e+02,4.724936718780443812e+01,1.256502293985699836e+01,6.855195001592770154e+01
1.017999999995800096e+02,2.216123430436998376e+02,4.730774447527709015e+01,1.257309482770198450e+01,6.862762936636295308e+01
1.018999999995699994e+02,2.218029390168341877e+02,4.736693552042174815e+01,1.258284418895419421e+01,6.870591125241656982e+01
1.019999999995700080e+02,2.220026352940767254e+02,4.742515947299941104e+01,1.259186856605626659e+01,6.878428425129551727e+01
1.020999999995700023e+02,2.222036824443918022e+02,4.748327456825083459e+01,1.259760631688538446e+01,6.885903896226969323e+01
1.021999999995700108e+02,2.224075737381935198e+02,4.754140860625751230e+01,1.260467329736067477e+01,6.893448392121345591e+01
1.022999999995700051e+02,2.226159355373842175e+02,4.759921786158953694e+01,1.260988354600951489e+01,6.900966628204233189e+01
1.023999999995699994e+02,2.228205575113580323e+02,4.765778531144278674e+01,1.261826313531998345e+01,6.908415914097585642e+01
1.024999999995700080e+02,2.230175890148865108e+02,4.771589604375068205e+01,1.262849445764696377e+01,6.916062383926708890e+01
1.025999999995700023e+02,2.232169984506423646e+02,4.777260736859369672e+01,1.263899166064686064e+01,6.923727792206241816e+01
1.026999999995700108e+02,2.234183315505657390e+02,4.783017702716509945e+01,1.264662941083809855e+01,6.931293894113915144e+01
1.027999999995700051e+02,2.236092802006004376e+02,4.788784122342015337e+01,1.265274838496181253e+01,6.938547600181185260e+01
1.028999999995699994e+02,2.237929513225827520e+02,4.794570491429733750e+01,1.266424497582793407e+01,6.945881119095962219e+01
1.029999999995700080e+02,2.239866688118806337e+02,4.800409984496711502e+01,1.267492921880441870e+01,6.953278104511628044e+01
1.030999999995700023e+02,2.241832884711391216e+02,4.806234620174995342e+01,1.268831456740913133e+01,6.960734523995949985e+01
1.031999999995599921e+02,2.243756999073582961e+02,4.812174362902218405e+01,1.269637943297110105e+01,6.968315006940973433e+01
1.032999999995600007e+02,2.245774917018206622e+02,4.818028521260933417e+01,1.270678994662304540e+01,6.975983035560150824e+01
1.033999999995599950e+02,2.247781223867264373e+02,4.824002733706945634e+01,1.271839237548928914e+01,6.983553553235879008e+01
1.034999999995599893e+02,2.249855906038910973e+02,4.830153364605371991e+01,1.273099216661743682e+01,6.991385538403817179e+01
1.035999999995599978e+02,2.251954937430218706e+02,4.836364446052672861e+01,1.274162481513503842e+01,6.999056381233674529e+01
1.036999999995599921e+02,2.253939627174790417e+02,4.842554204738652857e+01,1.275259247432490639e+01,7.006823140769513714e+01
1.037999999995600007e+02,2.255946798550005781e+02,4.848699600201024396e+01,1.276111931552880030e+01,7.014646976680870694e+01
1.038999999995599950e+02,2.257952928175205045e+02,4.854888067212429803e+01,1.276760225887673528e+01,7.022481129847989223e+01
1.039999999995599893e+02,2.259874425638068089e+02,4.860965888637938548e+01,1.277223058878956685e+01,7.030498498139732533e+01
1.040999999995599978e+02,2.261845167831101548e+02,4.866883760480822474e+01,1.278100128180899375e+01,7.038538577799232598e+01
1.041999999995599921e+02,2.263867901333552481e+02,4.873031517520942657e+01,1.278839802712057327e+01,7.046460084551183911e+01
1.042999999995600007e+02,2.265793617921600855e+02,4.879179679683360860e+01,1.279157208377547938e+01,7.054435428459669311e+01
1.043999999995599950e+02,2.267688649122775075e+02,4.885116941048786998e+01,1.279891683757187693e+01,7.062325560684844561e+01
1.044999999995499991e+02,2.269561226217185776e+02,4.891002494404087741e+01,1.280491259103489021e+01,7.070233844563817627e+01
1.045999999995499934e+02,2.271392587192346753e+02,4.896794955815408912e+01,1.280665157030297507e+01,7.078132647311163339e+01
1.046999999995500019e+02,2.273195168942759210e+02,4.902601871546577428e+01,1.281120927167692614e+01,7.086088951222737364e+01
1.047999999995499962e+02,2.275189921362278085e+02,4.908509527780817905e+01,1.281601747112562251e+01,7.093959266972721878e+01
1.048999999995499905e+02,2.277186994177359907e+02,4.914502774404822105e+01,1.282128806626538697e+01,7.101703290900280763e+01
1.049999999995499991e+02,2.279105772422339840e+02,4.920648340879770899e+01,1.282609166968952863e+01,7.109559142237468166e+01
1.050999999995499934e+02,2.281056367378273819e+02,4.926732556603859337e+01,1.283207456783265421e+01,7.117613773370190700e+01
1.051999999995500019e+02,2.283056481235772992e+02,4.932883706445167604e+01,1.283682855199551476e+01,7.125763232346798759e+01
1.052999999995499962e+02,2.285053094749942204e+02,4.939447899011759091e+01,1.284482044916959964e+01,7.134090138991517449e+01
1.053999999995499905e+02,2.287054771534394035e+02,4.946178116625762300e+01,1.285681008797727820e+01,7.142610350654091178e+01
1.054999999995499991e+02,2.289046816072708168e+02,4.953089552705359466e+01,1.286714358335839492e+01,7.151102471950385109e+01
1.055999999995499934e+02,2.291107330841719261e+02,4.960131661224027511e+01,1.287894514159697046e+01,7.159656314854002801e+01
1.056999999995500019e+02,2.293232306482781269e+02,4.967102087069250160e+01,1.289029090360151031e+01,7.168447437963844493e+01
1.057999999995400060e+02,2.295269819783013645e+02,4.973983417653847283e+01,1.290090590868576292e+01,7.177402763249047268e+01
1.058999999995400003e+02,2.297380884827372824e+02,4.981010976958912551e+01,1.291830541928967691e+01,7.186181174631315116e+01
1.059999999995399946e+02,2.299283947659163800e+02,4.988101840745743232e+01,1.293020215731477229e+01,7.195119359968437323e+01
1.060999999995400032e+02,2.301171197385500307e+02,4.995174275148546172e+01,1.294097193313488248e+01,7.204156540318716395e+01
1.061999999995399975e+02,2.303045625569214394e+02,5.002089795714542220e+01,1.294945751471088435e+01,7.213023389945777808e+01
1.062999999995400060e+02,2.305003441564241200e+02,5.009197070865268842e+01,1.296100540743888452e+01,7.221989260381094766e+01
1.063999999995400003e+02,2.306837359125077285e+02,5.016119122583388190e+01,1.297332636479361234e+01,7.231173839943225801e+01
1.064999999995399946e+02,2.308537971954302463e+02,5.022829905836250219e+01,1.298136388210056680e+01,7.240324004338877728e+01
1.065999999995400032e+02,2.310275733440507224e+02,5.029627914852404302e+01,1.298861324031964948e+01,7.249546753781588393e+01
1.066999999995399975e+02,2.312095612787116465e+02,5.036540505511729293e+01,1.299562664930904177e+01,7.258766867760765251e+01
1.067999999995400060e+02,2.313797689414177796e+02,5.043515150981561845e+01,1.300454265323782721e+01,7.268026381926050306e+01
1.068999999995400003e+02,2.315661456483593668e+02,5.050361865850494070e+01,1.301298316850237846e+01,7.277263442564721174e+01
1.069999999995399946e+02,2.317515356554102084e+02,5.057162906049733664e+01,1.302202547032977265e+01,7.286595027211794218e+01
1.070999999995299987e+02,2.319440516267990802e+02,5.064090145037260982e+01,1.303139369406578929e+01,7.295866356429755228e+01
1.071999999995300072e+02,2.321360529879539740e+02,5.070997458314320738e+01,1.303999866142958730e+01,7.305205804444295836e+01
1.072999999995300016e+02,2.323282122604595088e+02,5.077923800024734646e+01,1.304976445957684561e+01,7.314530182791543211e+01
1.073999999995299959e+02,2.325176396943656414e+02,5.084892261856992235e+01,1.306061496585069115e+01,7.323627013096064786e+01
1.074999999995300044e+02,2.327056703133957569e+02,5.091935709986977798e+01,1.307086695950431654e+01,7.332746855307438238e+01
1.075999999995299987e+02,2.328821463959577898e+02,5.099093398358005658e+01,1.308452188783723358e+01,7.341949389091686839e+01
1.076999999995300072e+02,2.330666298836285648e+02,5.106250869173952367e+01,1.309726140159354912e+01,7.351072963836655560e+01
1.077999999995300016e+02,2.332557826709515609e+02,5.113434959307965499e+01,1.310694293409745725e+01,7.360335152162804206e+01
1.078999999995299959e+02,2.334527205924985367e+02,5.120767590848142703e+01,1.312010567102829128e+01,7.369551545412366522e+01
1.079999999995300044e+02,2.336445708808308837e+02,5.128206603553011433e+01,1.313298378812655720e+01,7.379093620408912102e+01
1.080999999995299987e+02,2.338219904889367058e+02,5.136009187471470483e+01,1.314732565966648181e+01,7.389071996648708307e+01
1.081999999995300072e+02,2.340009183273285771e+02,5.143964621575408813e+01,1.315728663797501241e+01,7.399293984032122751e+01
1.082999999995200113e+02,2.341966037775390532e+02,5.151905973729811450e+01,1.316945288463431218e+01,7.409563254929413745e+01
1.083999999995200056e+02,2.343829726613645903e+02,5.159810933259058174e+01,1.318191736913044920e+01,7.419659220645463904e+01
1.084999999995200000e+02,2.345831338981824388e+02,5.167776861146458600e+01,1.319310899177614260e+01,7.429486705933733504e+01
1.085999999995200085e+02,2.347898285462282786e+02,5.175655716100986581e+01,1.320241385711468141e+01,7.439368758303692175e+01
1.086999999995200028e+02,2.349941696572158492e+02,5.183198618191647000e+01,1.320996520004300656e+01,7.448944434052744157e+01
1.087999999995200113e+02,2.351939436970839097e+02,5.190485083340872308e+01,1.321971378618971471e+01,7.458218329179665318e+01
1.088999999995200056e+02,2.354080892674680001e+02,5.197754047510040465e+01,1.322491755268799274e+01,7.467572235222026222e+01
1.089999999995200000e+02,2.356212792910348526e+02,5.205004477632017768e+01,1.323141742718077296e+01,7.476692797678494173e+01
1.090999999995200085e+02,2.358346194046429503e+02,5.212282100525740702e+01,1.323647487166648062e+01,7.486015910702323595e+01
1.091999999995200028e+02,2.360545966285109785e+02,5.219396492526598053e+01,1.323967319503762852e+01,7.495305444732390754e+01
1.092999999995200113e+02,2.362733979862663887e+02,5.226482116742847239e+01,1.324243740560732796e+01,7.504762555631035070e+01
1.093999999995200056e+02,2.364876322611169712e+02,5.233444764842870001e+01,1.324660652329488464e+01,7.514217587528278841e+01
1.094999999995200000e+02,2.366980243382031119e+02,5.240348682573880268e+01,1.325044284339073819e+01,7.523574154259240743e+01
1.095999999995099898e+02,2.369057275714412469e+02,5.247484848735614804e+01,1.325725777556195517e+01,7.532938676570019254e+01
1.096999999995099984e+02,2.371094389083436056e+02,5.254785111293060140e+01,1.326497118921097140e+01,7.542333354886569907e+01
1.097999999995099927e+02,2.373039643061909487e+02,5.262106079520091129e+01,1.327113395367200432e+01,7.551856859575340764e+01
1.098999999995099870e+02,2.375079283508991352e+02,5.269324672900375361e+01,1.327345768209652022e+01,7.561349941548024844e+01
1.099999999995099955e+02,2.377086584919473182e+02,5.276524099678263013e+01,1.327452901015521292e+01,7.571000979801152653e+01
1.100999999995099898e+02,2.379227727168014042e+02,5.283798991959319835e+01,1.327563051180069209e+01,7.580642914813410016e+01
1.101999999995099984e+02,2.381266024215830157e+02,5.290917277896846116e+01,1.327831513097934923e+01,7.590087220481268560e+01
1.102999999995099927e+02,2.383285485773086236e+02,5.298031019901343086e+01,1.328287246998497828e+01,7.599255337281729794e+01
1.103999999995099870e+02,2.385248214200355790e+02,5.305039840225686021e+01,1.328566990122168079e+01,7.608463930269238062e+01
1.104999999995099955e+02,2.387174578507238323e+02,5.311966145580403520e+01,1.328518682043224253e+01,7.617707223572021746e+01
1.105999999995099898e+02,2.389103247361630906e+02,5.318850228796982549e+01,1.329190893662198647e+01,7.626867463430619409e+01
1.106999999995099984e+02,2.390921256764736142e+02,5.325654377700800524e+01,1.329677822392608100e+01,7.635872096096423434e+01
1.107999999995099927e+02,2.392749408322774798e+02,5.332260525930427519e+01,1.329816568445718339e+01,7.644861848170577900e+01
1.108999999994999968e+02,2.394596461727490464e+02,5.338936492081165142e+01,1.329774613160607011e+01,7.653645556340427447e+01
1.109999999994999911e+02,2.396508713003144919e+02,5.345709590133083111e+01,1.329878127232393759e+01,7.662512364956968725e+01
1.110999999994999996e+02,2.398395487851369978e+02,5.352600033082942588e+01,1.329912538479637263e+01,7.671348468295568068e+01
1.111999999994999939e+02,2.400296087616657417e+02,5.359522492835368723e+01,1.329943443996739028e+01,7.680503374826669472e+01
1.112999999995000024e+02,2.402244552068905818e+02,5.366703255562907771e+01,1.330007077797179349e+01,7.689844003900519454e+01
1.113999999994999968e+02,2.404197166830407468e+02,5.374087021934042951e+01,1.330157982948388273e+01,7.699342166171086888e+01
1.114999999994999911e+02,2.406152920357801577e+02,5.381499814689898642e+01,1.330263016391858955e+01,7.709030242156542556e+01
1.115999999994999996e+02,2.408101399538846579e+02,5.389037512756203085e+01,1.330739651645162169e+01,7.718752515490365340e+01
1.116999999994999939e+02,2.410028212237510274e+02,5.396644517600839919e+01,1.330876072526760545e+01,7.728722728600966718e+01
1.117999999995000024e+02,2.412014659785889137e+02,5.404355549615736010e+01,1.330890158109221133e+01,7.738843944939063135e+01
1.118999999994999968e+02,2.414024560292998274e+02,5.412207073578349537e+01,1.331080721539272460e+01,7.748922345704357895e+01
1.119999999994999911e+02,2.415963711424130622e+02,5.420153675829568130e+01,1.331497298639792426e+01,7.759232571020106661e+01
1.120999999994999996e+02,2.417957481104753583e+02,5.428174242858014509e+01,1.331538641730706374e+01,7.769748103411708939e+01
1.121999999994900037e+02,2.419812513384161718e+02,5.436136023127705386e+01,1.331885519912281168e+01,7.780092143799363669e+01
1.122999999994899980e+02,2.421729730783069954e+02,5.444072126847289184e+01,1.332165667463511305e+01,7.790493822530756063e+01
1.123999999994899923e+02,2.423724258297617098e+02,5.452136381861827630e+01,1.332355286157842045e+01,7.800816186113738127e+01
1.124999999994900008e+02,2.425633757352305793e+02,5.460039682017198004e+01,1.332630293486655404e+01,7.810768140712357877e+01
1.125999999994899952e+02,2.427458954971166065e+02,5.467774221243600863e+01,1.332979081355352413e+01,7.820493365897095828e+01
1.126999999994900037e+02,2.429298854743111065e+02,5.475429908181703809e+01,1.333459131827729927e+01,7.830073021696587432e+01
1.127999999994899980e+02,2.431241968564349065e+02,5.483007544631225016e+01,1.333889456964548437e+01,7.839748587372750421e+01
1.128999999994899923e+02,2.433240458944779050e+02,5.490542178045701860e+01,1.334489167311724422e+01,7.849301197135106634e+01
1.129999999994900008e+02,2.435271818397874029e+02,5.497895248621178155e+01,1.334874091237804627e+01,7.858824409665254507e+01
1.130999999994899952e+02,2.437190576981562913e+02,5.505186268328002086e+01,1.335564449123125996e+01,7.868377315962028717e+01
1.131999999994900037e+02,2.439163658377380273e+02,5.512640042018251307e+01,1.336111487104492745e+01,7.878021478945723288e+01
1.132999999994899980e+02,2.441191254062934206e+02,5.520099037706478384e+01,1.336951719544972050e+01,7.887749979522305921e+01
1.133999999994899923e+02,2.443284019206938922e+02,5.527667104335101556e+01,1.337896280498587842e+01,7.897342930131094363e+01
1.134999999994799964e+02,2.445306427670339815e+02,5.534950438923476668e+01,1.339027295051844746e+01,7.906721689169711453e+01
1.135999999994800049e+02,2.447330931125412405e+02,5.542096939208472861e+01,1.340006412931474955e+01,7.915926078797784271e+01
1.136999999994799992e+02,2.449293821407805467e+02,5.549182878530474028e+01,1.340658985601496944e+01,7.925212218096027073e+01
1.137999999994800078e+02,2.451236959835462983e+02,5.556145839012705068e+01,1.341319054094692476e+01,7.934136429922486400e+01
1.138999999994800021e+02,2.453185842908771122e+02,5.562972739723007010e+01,1.342206099297043664e+01,7.942739111499943760e+01
1.139999999994799964e+02,2.455196224375172278e+02,5.569567894064640257e+01,1.343305686048239167e+01,7.951240987850576403e+01
1.140999999994800049e+02,2.457275092423424780e+02,5.576018982383917688e+01,1.344222373240784663e+01,7.959718782092862455e+01
1.141999999994799992e+02,2.459235206210538820e+02,5.582416549885196844e+01,1.345106560232027881e+01,7.968133779418445783e+01
1.142999999994800078e+02,2.461237565593500278e+02,5.588728612142214303e+01,1.346301068284338776e+01,7.976446388239359919e+01
1.143999999994800021e+02,2.463262915862200089e+02,5.594926927334026345e+01,1.347404081809091991e+01,7.984711864367505996e+01
1.144999999994799964e+02,2.465340695148147461e+02,5.601059220357129220e+01,1.348626082403960780e+01,7.992736878770273279e+01
1.145999999994800049e+02,2.467499509073493584e+02,5.607185555157759183e+01,1.349463627198440996e+01,8.000832473535314193e+01
1.146999999994799992e+02,2.469644246035641402e+02,5.613154684281982298e+01,1.350272484675924822e+01,8.009117268164298764e+01
1.147999999994700033e+02,2.471896472605302506e+02,5.619119060450874770e+01,1.351123574817844109e+01,8.017141417880493748e+01
1.148999999994699976e+02,2.474106244464591668e+02,5.625165232236764723e+01,1.351947317653595526e+01,8.025184866901315672e+01
1.149999999994700062e+02,2.476388556124504703e+02,5.631356482747188608e+01,1.352378947738136183e+01,8.033417959266731145e+01
1.150999999994700005e+02,2.478603570387099637e+02,5.637791711621132862e+01,1.352815083914917693e+01,8.041743026781843184e+01
1.151999999994700090e+02,2.480759155633065518e+02,5.644183033708290509e+01,1.353364312952418835e+01,8.050209492076015749e+01
1.152999999994700033e+02,2.482935486548772701e+02,5.650478249143835541e+01,1.353924899147515681e+01,8.058718654515182322e+01
1.153999999994699976e+02,2.485017165762170350e+02,5.656652500816909424e+01,1.354515913489988854e+01,8.067192888806874862e+01
1.154999999994700062e+02,2.487163546853454079e+02,5.662749141261475927e+01,1.354768368466391060e+01,8.075598850333179257e+01
1.155999999994700005e+02,2.489451652511610007e+02,5.668843102716201088e+01,1.355097021994532547e+01,8.083963639017432001e+01
1.156999999994700090e+02,2.491697690454608107e+02,5.674887942287715248e+01,1.355736612401939389e+01,8.092231814053167227e+01
1.157999999994700033e+02,2.493848553794956899e+02,5.680970582093934951e+01,1.356249143925167822e+01,8.100462147803676771e+01
1.158999999994699976e+02,2.495974405466794508e+02,5.687032049861242200e+01,1.356785421496608812e+01,8.108502218396800743e+01
1.159999999994700062e+02,2.498059949963465556e+02,5.692714888764751890e+01,1.357156222277204094e+01,8.116478877525412372e+01
1.160999999994599960e+02,2.500181704584318538e+02,5.698616347009554772e+01,1.357506342216711914e+01,8.124322388071776402e+01
1.161999999994599904e+02,2.502325766595503751e+02,5.704715675312964152e+01,1.358102226993201356e+01,8.132227861614342146e+01
1.162999999994599989e+02,2.504434316949071047e+02,5.710687901571697012e+01,1.358750516646309059e+01,8.140328444482609882e+01
1.163999999994599932e+02,2.506531329845221023e+02,5.717029260854254602e+01,1.359652018615386559e+01,8.148480421878376490e+01
1.164999999994599875e+02,2.508556605821027574e+02,5.723266280141439921e+01,1.360579395609772213e+01,8.156571901187213314e+01
1.165999999994599960e+02,2.510688799961625932e+02,5.729201578649769999e+01,1.361463180113472937e+01,8.164454075862896332e+01
1.166999999994599904e+02,2.512798332564516386e+02,5.735268233602899102e+01,1.362246121748393435e+01,8.172380978854008049e+01
1.167999999994599989e+02,2.514856651711807274e+02,5.741580515629370041e+01,1.363438115467540257e+01,8.180667076445443797e+01
1.168999999994599932e+02,2.516903019759298843e+02,5.747830879043640806e+01,1.364530112269303963e+01,8.189159001182127895e+01
1.169999999994599875e+02,2.519086680196014925e+02,5.754121584104215259e+01,1.365857537785358922e+01,8.197837261776479068e+01
1.170999999994599960e+02,2.521185380340074573e+02,5.760618203056957043e+01,1.366725291334126879e+01,8.206704808055498290e+01
1.171999999994599904e+02,2.523337393275537579e+02,5.767175936410089321e+01,1.367846060374627193e+01,8.215591607344686054e+01
1.172999999994499944e+02,2.525530048251395954e+02,5.773752492216360821e+01,1.368788823076826588e+01,8.224753637292873520e+01
1.173999999994499888e+02,2.527737612128797196e+02,5.780291640554499111e+01,1.369802327340519454e+01,8.233994368687343979e+01
1.174999999994499973e+02,2.529996864676526513e+02,5.787027503072354051e+01,1.370889088475933448e+01,8.243298218049307025e+01
1.175999999994499916e+02,2.532231395000574707e+02,5.793840166687725457e+01,1.372177390189441937e+01,8.252945931699085236e+01
1.176999999994500001e+02,2.534436467340674710e+02,5.800838566395987073e+01,1.373247811500183246e+01,8.262788191759123890e+01
1.177999999994499944e+02,2.536524591049561366e+02,5.807923911951329643e+01,1.374137198837709484e+01,8.272599630144198102e+01
1.178999999994499888e+02,2.538821959432327446e+02,5.814867161638558457e+01,1.374886873732499559e+01,8.282168616815013706e+01
1.179999999994499973e+02,2.540991435469914848e+02,5.822000673469930376e+01,1.375801158077189967e+01,8.291920142294273433e+01
1.180999999994499916e+02,2.543136317502425925e+02,5.829079673163658271e+01,1.376350459702406326e+01,8.301618385607034156e+01
1.181999999994500001e+02,2.545264523681440494e+02,5.835869241505635330e+01,1.377372728075218866e+01,8.311060712401844341e+01
1.182999999994499944e+02,2.547349662674169792e+02,5.842710363234709092e+01,1.378455828662525029e+01,8.320302452672729032e+01
1.183999999994499888e+02,2.549479511779817926e+02,5.849668310793631321e+01,1.379806762668983566e+01,8.329667695851992448e+01
1.184999999994499973e+02,2.551565280770516608e+02,5.856782298836758827e+01,1.381172738451946636e+01,8.339104109723511726e+01
1.185999999994400014e+02,2.553688866849538783e+02,5.863843370911023101e+01,1.382332219652999328e+01,8.348580968923147339e+01
1.186999999994399957e+02,2.555892658358268932e+02,5.870849912931529246e+01,1.383379593595898172e+01,8.357944222586675664e+01
1.187999999994400042e+02,2.558015944156692001e+02,5.878016034349804642e+01,1.384557633383674258e+01,8.367376969415148835e+01
1.188999999994399985e+02,2.560163483277656837e+02,5.885362499592661578e+01,1.385672005480083158e+01,8.377056371493077336e+01
1.189999999994399928e+02,2.562271595529667252e+02,5.892973228819828790e+01,1.386606435552530847e+01,8.386879679545189958e+01
1.190999999994400014e+02,2.564457362344369358e+02,5.900736454183866186e+01,1.388019461052222958e+01,8.397103601127668071e+01
1.191999999994399957e+02,2.566564621669044186e+02,5.908607401866913733e+01,1.389384124782034213e+01,8.407149186580195988e+01
1.192999999994400042e+02,2.568709624073210875e+02,5.916392163845367236e+01,1.390781468878581251e+01,8.417214157016319120e+01
1.193999999994399985e+02,2.570855920723466284e+02,5.924114624974800591e+01,1.392362107013036976e+01,8.427327765266664983e+01
1.194999999994399928e+02,2.573058497476100683e+02,5.931819132629844660e+01,1.393797540979019445e+01,8.437396354724604919e+01
1.195999999994400014e+02,2.575241295051465045e+02,5.939891179295869961e+01,1.395250463889664694e+01,8.447566814192660445e+01
1.196999999994399957e+02,2.577401931006010045e+02,5.948131077010463486e+01,1.396543274168053550e+01,8.458057986535939676e+01
1.197999999994400042e+02,2.579525628249618876e+02,5.956374680028272905e+01,1.398127552068585899e+01,8.468685044589226152e+01
1.198999999994300083e+02,2.581726974067852893e+02,5.964514796837943322e+01,1.399556973408470739e+01,8.479193543843733494e+01
1.199999999994300026e+02,2.583906531563425233e+02,5.972406786507720255e+01,1.400624122962113560e+01,8.489560800291451415e+01
1.200999999994299969e+02,2.586141838242679682e+02,5.980323576208417791e+01,1.401792121676680836e+01,8.499914542139075024e+01
1.201999999994300055e+02,2.588403230074271733e+02,5.988322735470332958e+01,1.403134815242722233e+01,8.510075539038486170e+01
1.202999999994299998e+02,2.590620006272229716e+02,5.996095097078895009e+01,1.404464058023997630e+01,8.519950285568300785e+01
1.203999999994300083e+02,2.592859212094942336e+02,6.003600443949360255e+01,1.405799213045109219e+01,8.529585310924731800e+01
1.204999999994300026e+02,2.595182376816836154e+02,6.010783435943199038e+01,1.406957716158604299e+01,8.538812950887934505e+01
1.205999999994299969e+02,2.597467627003845791e+02,6.017729903279654025e+01,1.408232282532383373e+01,8.547359253795447387e+01
1.206999999994300055e+02,2.599667044681608559e+02,6.024472308698093315e+01,1.409702679011206072e+01,8.555665748913372681e+01
1.207999999994299998e+02,2.601866414216466978e+02,6.030635102310742468e+01,1.411021532646598331e+01,8.563848502787476491e+01
1.208999999994300083e+02,2.603936424448159528e+02,6.036674098682241407e+01,1.412131603724891882e+01,8.571606664936915365e+01
1.209999999994300026e+02,2.606048354399731011e+02,6.042001422114825715e+01,1.412605733736999625e+01,8.579015779725236257e+01
1.210999999994299969e+02,2.608221855241189360e+02,6.046985173660525703e+01,1.413065068764237964e+01,8.586074267727686049e+01
1.211999999994200010e+02,2.610352615638665839e+02,6.051399439249338030e+01,1.413102046322134697e+01,8.592671589184605807e+01
1.212999999994200095e+02,2.612497862366840877e+02,6.055415969022501343e+01,1.413556858074516320e+01,8.599009587341119243e+01
1.213999999994200039e+02,2.614530197757695760e+02,6.059409481651625384e+01,1.413780051448561714e+01,8.605204987339554634e+01
1.214999999994199982e+02,2.616570431113179325e+02,6.063097680041229864e+01,1.413759076512005386e+01,8.611495942109500845e+01
1.215999999994200067e+02,2.618518190733861388e+02,6.066918247064859315e+01,1.413563539811235437e+01,8.617650655497628520e+01
1.216999999994200010e+02,2.620565505272177234e+02,6.070498917757883106e+01,1.413686976877707302e+01,8.623694015081512987e+01
1.217999999994200095e+02,2.622605620925481844e+02,6.074408569545806102e+01,1.414262262875468501e+01,8.629878161872213127e+01
1.218999999994200039e+02,2.624678938638904810e+02,6.078643294619892146e+01,1.414856063448242729e+01,8.636202443808127782e+01
1.219999999994199982e+02,2.626631357260351365e+02,6.082855159606100415e+01,1.415057686068526799e+01,8.642578161378432355e+01
1.220999999994200067e+02,2.628667832732724605e+02,6.086833059980911287e+01,1.415212549585304913e+01,8.648943319601914936e+01
1.221999999994200010e+02,2.630828414492773391e+02,6.090802094539003519e+01,1.415009866361772239e+01,8.655153775042629150e+01
1.222999999994200095e+02,2.632937785778314037e+02,6.094743446172617496e+01,1.415014330906316431e+01,8.661249727049883518e+01
1.223999999994200039e+02,2.635134315123830788e+02,6.098839630727582772e+01,1.414796736650584386e+01,8.667527045192150581e+01
1.224999999994100079e+02,2.637324659139374035e+02,6.102927353690180468e+01,1.414667278392606242e+01,8.674218367191539869e+01
1.225999999994100023e+02,2.639507393327862701e+02,6.107262423377272853e+01,1.414622268089747337e+01,8.681022687294229456e+01
1.226999999994100108e+02,2.641784704362527805e+02,6.111606993876253568e+01,1.414543547330943696e+01,8.687806750233255570e+01
1.227999999994100051e+02,2.643988992171480845e+02,6.116275331293594775e+01,1.414646212373529899e+01,8.694554251321500260e+01
1.228999999994100136e+02,2.646190717488387918e+02,6.121273150405163932e+01,1.414810566199636988e+01,8.701542198295386754e+01
1.229999999994100079e+02,2.648474767691087095e+02,6.126509990896922631e+01,1.414996785543041824e+01,8.708692614625708472e+01
1.230999999994100023e+02,2.650748108574285311e+02,6.132143390382607606e+01,1.415357093088804952e+01,8.716048568963321941e+01
1.231999999994100108e+02,2.653022768773594748e+02,6.137716854239228326e+01,1.415261439812688060e+01,8.723748598904202822e+01
1.232999999994100051e+02,2.655374796811258307e+02,6.143467923442744905e+01,1.415337678967022050e+01,8.731346078076525430e+01
1.233999999994100136e+02,2.657769582293935287e+02,6.149125187686413341e+01,1.415643286752523622e+01,8.738752672747936856e+01
1.234999999994100079e+02,2.659972461010649454e+02,6.154552256838541524e+01,1.416204478855277848e+01,8.746004518466391175e+01
1.235999999994100023e+02,2.662210203514938485e+02,6.159873029711997106e+01,1.416503500234716029e+01,8.753203871851350470e+01
1.236999999994100108e+02,2.664464278097669876e+02,6.164775710103023698e+01,1.416578297381440876e+01,8.760298901008195571e+01
1.237999999994000007e+02,2.666746810495846489e+02,6.169813306968368494e+01,1.416347967709842237e+01,8.767202667116325188e+01
1.238999999993999950e+02,2.669006085354575362e+02,6.174829641726522311e+01,1.416276662887452531e+01,8.774043154180982640e+01
1.239999999993999893e+02,2.671185841052040928e+02,6.179712973953248678e+01,1.416363751868452781e+01,8.781048370338794484e+01
1.240999999993999978e+02,2.673402664578408690e+02,6.184656777886331724e+01,1.416340642823354123e+01,8.788181299445673744e+01
1.241999999993999921e+02,2.675622402742694703e+02,6.189540568574032875e+01,1.416086183507772134e+01,8.795359234667832027e+01
1.242999999994000007e+02,2.677836672084052339e+02,6.194595167251503653e+01,1.416117991937623977e+01,8.802385607407036616e+01
1.243999999993999950e+02,2.680095086080862075e+02,6.199712077868073834e+01,1.416092793315092457e+01,8.809545650486828094e+01
1.244999999993999893e+02,2.682372967348853763e+02,6.204775624675641410e+01,1.416143435159185948e+01,8.816600564419240982e+01
1.245999999993999978e+02,2.684601318132737333e+02,6.209629859571633403e+01,1.415908540578732655e+01,8.823306614307419693e+01
1.246999999993999921e+02,2.686848440892483723e+02,6.214230224412298043e+01,1.415749896076742687e+01,8.829750854799074489e+01
1.247999999994000007e+02,2.689050578276632564e+02,6.218528415882668980e+01,1.415359670417006654e+01,8.835835114651449373e+01
1.248999999993999950e+02,2.691273216388262881e+02,6.222563811869984818e+01,1.415072112167709939e+01,8.841658400866424472e+01
1.249999999993999893e+02,2.693416024535032420e+02,6.226727499090286244e+01,1.415040452377657942e+01,8.847696221492709867e+01
1.250999999993899934e+02,2.695406393029641094e+02,6.231030451399142578e+01,1.415124243984718788e+01,8.853818216490287796e+01
1.251999999993900019e+02,2.697432246522018886e+02,6.235554679870243433e+01,1.415047862421960545e+01,8.860069182626718032e+01
1.252999999993899962e+02,2.699529984580792075e+02,6.240362025096836618e+01,1.415088859731148396e+01,8.866458495854399757e+01
1.253999999993900047e+02,2.701834259995048342e+02,6.245394651965971633e+01,1.415840057817408493e+01,8.872552258426944150e+01
1.254999999993899991e+02,2.704169519382381282e+02,6.250569424621621550e+01,1.416391546092790321e+01,8.878810048314286973e+01
1.255999999993899934e+02,2.706503821284989613e+02,6.256024178768934263e+01,1.417132662002206445e+01,8.885593912425180463e+01
1.256999999993900019e+02,2.708970127734012294e+02,6.261328242644692921e+01,1.417753943514385817e+01,8.892485751437732233e+01
1.257999999993899962e+02,2.711461753679786852e+02,6.266478365504071490e+01,1.418066469584111289e+01,8.899276578858629705e+01
1.258999999993900047e+02,2.713979450408968432e+02,6.271528903156534795e+01,1.418114545494163892e+01,8.905821549744773336e+01
1.259999999993899991e+02,2.716469231370287503e+02,6.276585443879741888e+01,1.418160690206253882e+01,8.912241105908451289e+01
1.260999999993899934e+02,2.718966138556320402e+02,6.281519166199635151e+01,1.417546909410943101e+01,8.918473508763246116e+01
1.261999999993900019e+02,2.721469318198329574e+02,6.286252040265659957e+01,1.417231861243878477e+01,8.924897448910830633e+01
1.262999999993800060e+02,2.723952082722325372e+02,6.291038884188008495e+01,1.416670273072634778e+01,8.931242560791189078e+01
1.263999999993800003e+02,2.726568729031483826e+02,6.295923711326966554e+01,1.416279664490008727e+01,8.937710589688630591e+01
1.264999999993799946e+02,2.729049628536394039e+02,6.300843422348027900e+01,1.416203307307030279e+01,8.944149307172702379e+01
1.265999999993800031e+02,2.731479405120344950e+02,6.305745695135605189e+01,1.415902095973027564e+01,8.950467144234619354e+01
1.266999999993799975e+02,2.733880028826952753e+02,6.310708008494064103e+01,1.415844803948498765e+01,8.956649887191230164e+01
1.267999999993800060e+02,2.736370278678807608e+02,6.315503969365355630e+01,1.415598783151008888e+01,8.962892985965028458e+01
1.268999999993800003e+02,2.738890063933815782e+02,6.320484794832245257e+01,1.415717398814435057e+01,8.969279847607344891e+01
1.269999999993799946e+02,2.741408376820724015e+02,6.325452313594686871e+01,1.416041176297478899e+01,8.975686613146726245e+01
1.270999999993800031e+02,2.743795625552971273e+02,6.330194767081280105e+01,1.416499229491398282e+01,8.982048403727303310e+01
1.271999999993799975e+02,2.746263730421817399e+02,6.335028619943231831e+01,1.417186855897393905e+01,8.988174639028240165e+01
1.272999999993800060e+02,2.748652237071308377e+02,6.339757581990622270e+01,1.417295938409273148e+01,8.994316403550958228e+01
1.273999999993800003e+02,2.751204372086770604e+02,6.344885599759848560e+01,1.417726566022757062e+01,9.000707232727404516e+01
1.274999999993799946e+02,2.753723820226148860e+02,6.350157482117877095e+01,1.418814855789731944e+01,9.007238058569606665e+01
1.275999999993699987e+02,2.756135926954204933e+02,6.355789018221659603e+01,1.419417638723892772e+01,9.014157657368566845e+01
1.276999999993700072e+02,2.758519571319652073e+02,6.361321918172875911e+01,1.420433311694979928e+01,9.021358286459920350e+01
1.277999999993700015e+02,2.761021744819838091e+02,6.366633193211666963e+01,1.420925783063249526e+01,9.028005998433195600e+01
1.278999999993700101e+02,2.763416813712254338e+02,6.371948399884533387e+01,1.421056174920581050e+01,9.034691682724307782e+01
1.279999999993700044e+02,2.765866089019651213e+02,6.377094207983316210e+01,1.421550752302753118e+01,9.041113820109755750e+01
1.280999999993699987e+02,2.768222493633772388e+02,6.382090027571482693e+01,1.421784691044751447e+01,9.047230524191459722e+01
1.281999999993699930e+02,2.770528427633647652e+02,6.386965520974799659e+01,1.421875694227917641e+01,9.053568359998639892e+01
1.282999999993700158e+02,2.772831577098226035e+02,6.391839575720990041e+01,1.421754713552707550e+01,9.059613914900123177e+01
1.283999999993700101e+02,2.775173533478133550e+02,6.396807265232335027e+01,1.421620069914780693e+01,9.065714609260265888e+01
1.284999999993700044e+02,2.777477496816789539e+02,6.401869252192209103e+01,1.421645205059578032e+01,9.071942559413076879e+01
1.285999999993699987e+02,2.779847316926701524e+02,6.406763141364878322e+01,1.421493935757567328e+01,9.078104067916038389e+01
1.286999999993699930e+02,2.782234786165255400e+02,6.411792530406631840e+01,1.421293671266941416e+01,9.084618371661804304e+01
1.287999999993700158e+02,2.784602905417892771e+02,6.417144269368732523e+01,1.421011227862778270e+01,9.091125476432929986e+01
1.288999999993600056e+02,2.786948620312148250e+02,6.422531688799681149e+01,1.421172025874632006e+01,9.097817793457031144e+01
1.289999999993599999e+02,2.789196600578324023e+02,6.427911270548251821e+01,1.421054325352611691e+01,9.104667124663299660e+01
1.290999999993599943e+02,2.791419996572280411e+02,6.433315967782952782e+01,1.420528958597853197e+01,9.111423896282732926e+01
1.291999999993600170e+02,2.793765051120390126e+02,6.438711509609886718e+01,1.420206245745081297e+01,9.118227510353797527e+01
1.292999999993600113e+02,2.796073317872555890e+02,6.444248448602128576e+01,1.420001289675850487e+01,9.124969109416949209e+01
1.293999999993600056e+02,2.798461402882662696e+02,6.449930696462939750e+01,1.419842084380048775e+01,9.131660048969605725e+01
1.294999999993599999e+02,2.800871342973092055e+02,6.455603407496008117e+01,1.419762326159089660e+01,9.138633482953393639e+01
1.295999999993599943e+02,2.803251890894366056e+02,6.461263553112426905e+01,1.420134697279963198e+01,9.145604183187063541e+01
1.296999999993600170e+02,2.805682527350140845e+02,6.467081319139002460e+01,1.420224424431224897e+01,9.152694683976496037e+01
1.297999999993600113e+02,2.808063058676422656e+02,6.472993332454788629e+01,1.420032620225016906e+01,9.160050297028294608e+01
1.298999999993600056e+02,2.810480363395481049e+02,6.478922826094670029e+01,1.419644450588032925e+01,9.167714776369685126e+01
1.299999999993599999e+02,2.812828550242891765e+02,6.484977381360151583e+01,1.419343216075063019e+01,9.175414041909647267e+01
1.300999999993599943e+02,2.815228973721758621e+02,6.491457388590816890e+01,1.419455135530218826e+01,9.183224825243981115e+01
1.301999999993499841e+02,2.817634099152858767e+02,6.497970897614440844e+01,1.419805592118203741e+01,9.191247561194438731e+01
1.302999999993500069e+02,2.820238623380793115e+02,6.504402589639350651e+01,1.420103074521406938e+01,9.199225697414858871e+01
1.303999999993500012e+02,2.822773630514355432e+02,6.510752204651045361e+01,1.420160371953102363e+01,9.207262772777639270e+01
1.304999999993499955e+02,2.825341667192572572e+02,6.516949178864850012e+01,1.420598865903531127e+01,9.215078501541330525e+01
1.305999999993499898e+02,2.827876318644171647e+02,6.523139162418347325e+01,1.421058297154778849e+01,9.222872726353618589e+01
1.306999999993499841e+02,2.830347639121236512e+02,6.529250043980748330e+01,1.421275228349387731e+01,9.230647081453524549e+01
1.307999999993500069e+02,2.832807815769269837e+02,6.535197685975364834e+01,1.421906213860055068e+01,9.238102145100776852e+01
1.308999999993500012e+02,2.835298523998293945e+02,6.541203027741789811e+01,1.422701162510418449e+01,9.245602649482862034e+01
1.309999999993499955e+02,2.837806625431645671e+02,6.547422587124219717e+01,1.423332794167228421e+01,9.253379258586093670e+01
1.310999999993499898e+02,2.840253303791436110e+02,6.553700826185909989e+01,1.424008165906166745e+01,9.261144136084757861e+01
1.311999999993499841e+02,2.842708756792490021e+02,6.559825143864345875e+01,1.424368740635884834e+01,9.269178799979752625e+01
1.312999999993500069e+02,2.845191470977656536e+02,6.566214640852183493e+01,1.424451754815247284e+01,9.277111364472462185e+01
1.313999999993500012e+02,2.847641157954864184e+02,6.572645074299312284e+01,1.424313470521044778e+01,9.285689545360953900e+01
1.314999999993400195e+02,2.850104643034906644e+02,6.579453729525533845e+01,1.424174555193958724e+01,9.294562868930408683e+01
1.315999999993400138e+02,2.852456323484879022e+02,6.586537922582259341e+01,1.424168798794604562e+01,9.303485130565313455e+01
1.316999999993400081e+02,2.854727724433064395e+02,6.593784125322756040e+01,1.424516678130302871e+01,9.312403211046481033e+01
1.317999999993400024e+02,2.856954851799305857e+02,6.601193008250875494e+01,1.424894348415776157e+01,9.321237970367664616e+01
1.318999999993400252e+02,2.859279900271366159e+02,6.608452834244457108e+01,1.425283288151952554e+01,9.330034562723115243e+01
1.319999999993400195e+02,2.861628064269472134e+02,6.615566261213633936e+01,1.425551140346545331e+01,9.338703568593649607e+01
1.320999999993400138e+02,2.864063052790395432e+02,6.622444076262299006e+01,1.425935656278755559e+01,9.347225779482415930e+01
1.321999999993400081e+02,2.866542102373226157e+02,6.629391025643312219e+01,1.426356122807811566e+01,9.355737050428339785e+01
1.322999999993400024e+02,2.868923963625258011e+02,6.636248660602943517e+01,1.426331126246291348e+01,9.364180786161699643e+01
1.323999999993400252e+02,2.871297409601958748e+02,6.643214846995688561e+01,1.426918027980731729e+01,9.372450036791887840e+01
1.324999999993400195e+02,2.873736682745878852e+02,6.650155480040132261e+01,1.427556463018788158e+01,9.380794021690120132e+01
1.325999999993400138e+02,2.876191128705784763e+02,6.656987290673313851e+01,1.428391689807903475e+01,9.389021881435522232e+01
1.326999999993400081e+02,2.878664554397116717e+02,6.663557277961665193e+01,1.428830061407226992e+01,9.397331169662187733e+01
1.327999999993299980e+02,2.880994811966268685e+02,6.670069229263656041e+01,1.429516137193490799e+01,9.405747944784469894e+01
1.328999999993299923e+02,2.883417403352631823e+02,6.676506445298019798e+01,1.429683553143137154e+01,9.414132222911572967e+01
1.329999999993299866e+02,2.885902002905745576e+02,6.682843320343785365e+01,1.430341918643381938e+01,9.422446739728063392e+01
1.330999999993300094e+02,2.888354973117332065e+02,6.689133321209307326e+01,1.430285923023889438e+01,9.430578332724279278e+01
1.331999999993300037e+02,2.890942967687289524e+02,6.695411982909699589e+01,1.430014236065718336e+01,9.438985654000798320e+01
1.332999999993299980e+02,2.893386439129340033e+02,6.701880269477435093e+01,1.429777130905917026e+01,9.447429709322337033e+01
1.333999999993299923e+02,2.895824281364259605e+02,6.708580987466247336e+01,1.429804481487542844e+01,9.455982128294864708e+01
1.334999999993299866e+02,2.898324520231304859e+02,6.715644124191965147e+01,1.430057566843869665e+01,9.464733220694695603e+01
1.335999999993300094e+02,2.900810483558554438e+02,6.722615295822113524e+01,1.430285888407633266e+01,9.473572714422284946e+01
1.336999999993300037e+02,2.903171903332404895e+02,6.729491108093041873e+01,1.430337052939466247e+01,9.482313869450591426e+01
1.337999999993299980e+02,2.905460366563663115e+02,6.736363533920248869e+01,1.430685531574692604e+01,9.490888424457408235e+01
1.338999999993299923e+02,2.907791600424547482e+02,6.742929367787166939e+01,1.430859096558315358e+01,9.499257851794759233e+01
1.339999999993299866e+02,2.910245046429786271e+02,6.749670757898847739e+01,1.430967796492844357e+01,9.507934330522888899e+01
1.340999999993199765e+02,2.912833005900424723e+02,6.756733316884833584e+01,1.431303080575445286e+01,9.516689158192293974e+01
1.341999999993199992e+02,2.915480533820263531e+02,6.763947495210295813e+01,1.432019772385150702e+01,9.525573871164554873e+01
1.342999999993199935e+02,2.918125701131246501e+02,6.771367778873522525e+01,1.432506749283292002e+01,9.534838184427583485e+01
1.343999999993199879e+02,2.920665053574473404e+02,6.778951032574086355e+01,1.432989075071656337e+01,9.544186553929726813e+01
1.344999999993199822e+02,2.923310721855116299e+02,6.786484659077500226e+01,1.433762321370401516e+01,9.553465624946240098e+01
1.345999999993199765e+02,2.925986377296235332e+02,6.793948835353251070e+01,1.434663688060503972e+01,9.562617674794176992e+01
1.346999999993199992e+02,2.928701895018533037e+02,6.801480970786164448e+01,1.435812430012640917e+01,9.571496922375403926e+01
1.347999999993199935e+02,2.931416423763979537e+02,6.809262118854080370e+01,1.437075935018380157e+01,9.580710159612152665e+01
1.348999999993199879e+02,2.934093851100724351e+02,6.817142150702302672e+01,1.438264241280810296e+01,9.590336044203105814e+01
1.349999999993199822e+02,2.936712272720994861e+02,6.825105124500187515e+01,1.439849072302898314e+01,9.600258535558840833e+01
1.350999999993199765e+02,2.939143111803869601e+02,6.833168108477453018e+01,1.441375094324511963e+01,9.610416743018720354e+01
1.351999999993199992e+02,2.941535815254526938e+02,6.840947066278948796e+01,1.442677658802656282e+01,9.620676061490368625e+01
1.352999999993199935e+02,2.943903463089396837e+02,6.848689230631750036e+01,1.443653917936608089e+01,9.630570321331896366e+01
1.353999999993100118e+02,2.946343344432295908e+02,6.856277850993149059e+01,1.444518176861004122e+01,9.640260988652360652e+01
1.354999999993100062e+02,2.948743618808344991e+02,6.863650059531289571e+01,1.445271773707504614e+01,9.650025914133659910e+01
1.355999999993100005e+02,2.951136038699359574e+02,6.871266373576179376e+01,1.446140083471918203e+01,9.659732017188035513e+01
1.356999999993099948e+02,2.953535328457175524e+02,6.879014827358459172e+01,1.446810270100936613e+01,9.669436170928102570e+01
1.357999999993100175e+02,2.956063265133609548e+02,6.887031892981684678e+01,1.447504463155707555e+01,9.679242975055427678e+01
1.358999999993100118e+02,2.958422895628546598e+02,6.895039386790675451e+01,1.448255913442199017e+01,9.689279451795657394e+01
1.359999999993100062e+02,2.960993302653400860e+02,6.903016804822937047e+01,1.449236856008146646e+01,9.699239663503432496e+01
1.360999999993100005e+02,2.963474883327898510e+02,6.911145071165698539e+01,1.449766096776045643e+01,9.709483043040836492e+01
1.361999999993099948e+02,2.965884018899242278e+02,6.919468876129906221e+01,1.450630989982368746e+01,9.719703824799924519e+01
1.362999999993100175e+02,2.968242319710673200e+02,6.927888255432624476e+01,1.451452920416860515e+01,9.729961762036334960e+01
1.363999999993100118e+02,2.970743350270029737e+02,6.936131255428287545e+01,1.452126035472230292e+01,9.740156418919993087e+01
1.364999999993100062e+02,2.973244041579688997e+02,6.944446458893682461e+01,1.452338570063645129e+01,9.750136053743064224e+01
1.365999999992999960e+02,2.975670823153624269e+02,6.953028587954420914e+01,1.452913928598173499e+01,9.760265240742538140e+01
1.366999999992999903e+02,2.978263945534738468e+02,6.961711256475663845e+01,1.453325779662164230e+01,9.770515499769368262e+01
1.367999999992999847e+02,2.980770914817671269e+02,6.970352096210162074e+01,1.454368959499564262e+01,9.780702308122606325e+01
1.368999999993000074e+02,2.983175303326769381e+02,6.979038671266462757e+01,1.455370200234177958e+01,9.790882134670629000e+01
1.369999999993000017e+02,2.985684753558605848e+02,6.987926307411574101e+01,1.456772571100158942e+01,9.801159828285251763e+01
1.370999999992999960e+02,2.988185220802709523e+02,6.996894201953254822e+01,1.458380585920684069e+01,9.811547108281060048e+01
1.371999999992999903e+02,2.990493567753485991e+02,7.005858675031470284e+01,1.459752284239046283e+01,9.822206206370266557e+01
1.372999999992999847e+02,2.992740460316300641e+02,7.014846058976152676e+01,1.461338442030661255e+01,9.832770546084110208e+01
1.373999999993000074e+02,2.994977124409214184e+02,7.023804271102719099e+01,1.462418268724060866e+01,9.843323047453304753e+01
1.374999999993000017e+02,2.997284414671560739e+02,7.032676697870240901e+01,1.463790916507436535e+01,9.853679290543507818e+01
1.375999999992999960e+02,2.999740606492364918e+02,7.041597617220833172e+01,1.465523189155568495e+01,9.864155540669538880e+01
1.376999999992999903e+02,3.002149477861228206e+02,7.050370984054690382e+01,1.467000584871678193e+01,9.874761058058389551e+01
1.377999999992999847e+02,3.004529571766174740e+02,7.059319604902999856e+01,1.468551757718325135e+01,9.885268094066697131e+01
1.378999999992900030e+02,3.006974095824090796e+02,7.068535912441748792e+01,1.470418304907146023e+01,9.895953876968599161e+01
1.379999999992900257e+02,3.009426829611608696e+02,7.077589383073798501e+01,1.472199425241024606e+01,9.907042783384316920e+01
1.380999999992900200e+02,3.012063442443507597e+02,7.086978083540856233e+01,1.474073351424945777e+01,9.918297054918525646e+01
1.381999999992900143e+02,3.014621078735922310e+02,7.096556704383485226e+01,1.475457804251951899e+01,9.929882193693850923e+01
1.382999999992900086e+02,3.017277844764062706e+02,7.106429157898530491e+01,1.477048375481737708e+01,9.941654738979038086e+01
1.383999999992900030e+02,3.019813752044186117e+02,7.116596678994214642e+01,1.478810918046756129e+01,9.953479893962543201e+01
1.384999999992900257e+02,3.022433572791321126e+02,7.126760969262599588e+01,1.479833576094458714e+01,9.965569732029076988e+01
1.385999999992900200e+02,3.025140274831545639e+02,7.137252699000707423e+01,1.480783377248263122e+01,9.978116612072047076e+01
1.386999999992900143e+02,3.027728856247462090e+02,7.148000405955878023e+01,1.481796087319285959e+01,9.990829168742246225e+01
1.387999999992900086e+02,3.030176721290270621e+02,7.158608294740871258e+01,1.482919086033510681e+01,1.000325449039789305e+02
1.388999999992900030e+02,3.032612918982549672e+02,7.169327031782486870e+01,1.484162969957927025e+01,1.001561473142735537e+02
1.389999999992900257e+02,3.035141541839142860e+02,7.180196284020644271e+01,1.485402722511338602e+01,1.002811867801483601e+02
1.390999999992900200e+02,3.037648199263321658e+02,7.190979065784415525e+01,1.486757538519194100e+01,1.004050496992291954e+02
1.391999999992800099e+02,3.040098071275434108e+02,7.201832237498916811e+01,1.488472003796880472e+01,1.005273762664452732e+02
1.392999999992800042e+02,3.042714077452296806e+02,7.212734814805411077e+01,1.490116247584989928e+01,1.006483455372400186e+02
1.393999999992799985e+02,3.045379289985335163e+02,7.223177519825898685e+01,1.491787314739275239e+01,1.007681674049031102e+02
1.394999999992799928e+02,3.047855462493112100e+02,7.233442989338499274e+01,1.493614183916429106e+01,1.008878507242472438e+02
1.395999999992799872e+02,3.050336570351377077e+02,7.243642402605466657e+01,1.495205973762100093e+01,1.010097696669040630e+02
1.396999999992800099e+02,3.052758145578713993e+02,7.253946798884143732e+01,1.496917311660606131e+01,1.011328071323225259e+02
1.397999999992800042e+02,3.055238303233601300e+02,7.264341848507088173e+01,1.498346990940092383e+01,1.012532045976419397e+02
1.398999999992799985e+02,3.057630731313908541e+02,7.274973680207278903e+01,1.500182113375502979e+01,1.013733340792320519e+02
1.399999999992799928e+02,3.060106500312991784e+02,7.285619897523302768e+01,1.501946133487140855e+01,1.014917352785701326e+02
1.400999999992799872e+02,3.062512946280424444e+02,7.295985883865370170e+01,1.504203556908611183e+01,1.016116297040204444e+02
1.401999999992800099e+02,3.064898371475586032e+02,7.306392363060818695e+01,1.505920112671901201e+01,1.017297236134532881e+02
1.402999999992800042e+02,3.067432104228583398e+02,7.316621330546638546e+01,1.507396080306421560e+01,1.018469473612524894e+02
1.403999999992799985e+02,3.069839284862479758e+02,7.326557360366138028e+01,1.508675289609821668e+01,1.019610251062421042e+02
1.404999999992699884e+02,3.072154261448396255e+02,7.336350480922421013e+01,1.509751795501774119e+01,1.020744288312153287e+02
1.405999999992699827e+02,3.074535519059051012e+02,7.346060767600715735e+01,1.510718876831052171e+01,1.021859152166037461e+02
1.406999999992699770e+02,3.076920224221107105e+02,7.355454240659221909e+01,1.511564747866696656e+01,1.022962024276591535e+02
1.407999999992699998e+02,3.079269922610553749e+02,7.364926973900007567e+01,1.512291924273648114e+01,1.024060318534283169e+02
1.408999999992699941e+02,3.081632956064536302e+02,7.374586801860212404e+01,1.513157927480368059e+01,1.025163904809437554e+02
1.409999999992699884e+02,3.084034538149383025e+02,7.384286212784758163e+01,1.514238097816756756e+01,1.026303012426478745e+02
1.410999999992699827e+02,3.086479443659872004e+02,7.394026114910570868e+01,1.515198554990743141e+01,1.027460892726755759e+02
1.411999999992699770e+02,3.089030751626563642e+02,7.403900038843731579e+01,1.515972708398487612e+01,1.028609227138128830e+02
1.412999999992699998e+02,3.091583814303526196e+02,7.413939086369404663e+01,1.516848535464970915e+01,1.029756704560194436e+02
1.413999999992699941e+02,3.094023835931224085e+02,7.424264458205959727e+01,1.517916796582627725e+01,1.030939631351673711e+02
1.414999999992699884e+02,3.096493841175694683e+02,7.434232623572259513e+01,1.519084167516832373e+01,1.032120337492450233e+02
1.415999999992699827e+02,3.098919057351919264e+02,7.444103260022656343e+01,1.520394259407514959e+01,1.033267770163103307e+02
1.416999999992699770e+02,3.101274731671618952e+02,7.453862398056038785e+01,1.521254799392275281e+01,1.034408618369575521e+02
1.417999999992599953e+02,3.103707392176056032e+02,7.463586162267225177e+01,1.522607197820100744e+01,1.035561967635583898e+02
1.418999999992600181e+02,3.106122779470215960e+02,7.473842308974285231e+01,1.523850642440706338e+01,1.036719096330792809e+02
1.419999999992600124e+02,3.108518274478574881e+02,7.484298171163253244e+01,1.525043775770274124e+01,1.037878810503968339e+02
1.420999999992600067e+02,3.110801331859875631e+02,7.494690375469430421e+01,1.526783933958076211e+01,1.039022075940332144e+02
1.421999999992600010e+02,3.112919594395809213e+02,7.505237482777086200e+01,1.528694108922429606e+01,1.040165348757914785e+02
1.422999999992599953e+02,3.115138491772530074e+02,7.515557841810128537e+01,1.530508090392879872e+01,1.041321359003497946e+02
1.423999999992600181e+02,3.117438455731967792e+02,7.526010763496465472e+01,1.532486397721951832e+01,1.042455155250131185e+02
1.424999999992600124e+02,3.119761184674630385e+02,7.536380745312872875e+01,1.534145862234170998e+01,1.043625918018335881e+02
1.425999999992600067e+02,3.122047858093881132e+02,7.546717004095461334e+01,1.535576604871264905e+01,1.044849496917925080e+02
1.426999999992600010e+02,3.124329817757111982e+02,7.557174972315164041e+01,1.536607024459848247e+01,1.046077473808828557e+02
1.427999999992599953e+02,3.126607571922437501e+02,7.567698725884592648e+01,1.537026820365963609e+01,1.047310140278118382e+02
1.428999999992600181e+02,3.128876319369917951e+02,7.578061954839466807e+01,1.537340578025069426e+01,1.048541809256244761e+02
1.429999999992600124e+02,3.131185378430989772e+02,7.588340039243517765e+01,1.538078618692733457e+01,1.049768684343569021e+02
1.430999999992500022e+02,3.133414314762322306e+02,7.598887478169191922e+01,1.538885705693841466e+01,1.050990761484909086e+02
1.431999999992499966e+02,3.135710248156677835e+02,7.609255664240075134e+01,1.539997234949042237e+01,1.052214853587723553e+02
1.432999999992499909e+02,3.137936436752974600e+02,7.619985354352284901e+01,1.541428400215803940e+01,1.053443087572656793e+02
1.433999999992499852e+02,3.140071066124189656e+02,7.630936748485410703e+01,1.542763860390949127e+01,1.054687064953659501e+02
1.434999999992500079e+02,3.142103681136197793e+02,7.641786887506395942e+01,1.544672107790251481e+01,1.055967815912701013e+02
1.435999999992500022e+02,3.144346304692337526e+02,7.652933782737441959e+01,1.546442668711980239e+01,1.057225252880394351e+02
1.436999999992499966e+02,3.146369132916418607e+02,7.664177906393891249e+01,1.547872408005834366e+01,1.058473730995674202e+02
1.437999999992499909e+02,3.148577526977007892e+02,7.675520756205008865e+01,1.549084730461428627e+01,1.059735703250246530e+02
1.438999999992499852e+02,3.150727500024815981e+02,7.686573474837265962e+01,1.550308905129254633e+01,1.060948433386763980e+02
1.439999999992500079e+02,3.152982578105835501e+02,7.697669126040659648e+01,1.551696664666082981e+01,1.062170646498151569e+02
1.440999999992500022e+02,3.155260137698517156e+02,7.708505468401641281e+01,1.552589673427414851e+01,1.063423325486793090e+02
1.441999999992499966e+02,3.157490192484617069e+02,7.719231164318080118e+01,1.553703032312197507e+01,1.064639145165422889e+02
1.442999999992499909e+02,3.159884637501380098e+02,7.730019171767831665e+01,1.555034848718605289e+01,1.065864476275935573e+02
1.443999999992400092e+02,3.162119059456016430e+02,7.740715968439386074e+01,1.556896007557531547e+01,1.067072019555868536e+02
1.444999999992400035e+02,3.164317535056172233e+02,7.751549644090357560e+01,1.558461183456231502e+01,1.068273892162790588e+02
1.445999999992399978e+02,3.166510792800618219e+02,7.762359101025845121e+01,1.560154659824002543e+01,1.069503859679542188e+02
1.446999999992400205e+02,3.168850399946221046e+02,7.773131736673360592e+01,1.562424914979513169e+01,1.070757455420947650e+02
1.447999999992400149e+02,3.171101802505776845e+02,7.784091806041159600e+01,1.564244059495183237e+01,1.072024670246658928e+02
1.448999999992400092e+02,3.173299434201306326e+02,7.795026274111106090e+01,1.566092568202184232e+01,1.073277171486173103e+02
1.449999999992400035e+02,3.175386046725705000e+02,7.805933697051450793e+01,1.567630641298995720e+01,1.074539273462900155e+02
1.450999999992399978e+02,3.177503452956794945e+02,7.817014038127099695e+01,1.569523443109148531e+01,1.075824387480252256e+02
1.451999999992400205e+02,3.179549519654096343e+02,7.828211351031566778e+01,1.571189563349895479e+01,1.077112280368977935e+02
1.452999999992400149e+02,3.181605279748071666e+02,7.839210458633651513e+01,1.572710328994621776e+01,1.078379836858284619e+02
1.453999999992400092e+02,3.183689050513987695e+02,7.850452541606584589e+01,1.574668240431523181e+01,1.079656673985463868e+02
1.454999999992400035e+02,3.185655505796020179e+02,7.861604749695291616e+01,1.576734117278308211e+01,1.080967321526049716e+02
1.455999999992299934e+02,3.187874817732094925e+02,7.872864126546835450e+01,1.578414848291103212e+01,1.082279295789566760e+02
1.456999999992299877e+02,3.190022506000186695e+02,7.884201240856911852e+01,1.580256197377011951e+01,1.083560614855772286e+02
1.457999999992300104e+02,3.192255938109092313e+02,7.895377852226759785e+01,1.582166428623654042e+01,1.084798529279309349e+02
1.458999999992300047e+02,3.194391377516998887e+02,7.906151128696342312e+01,1.584290547850392095e+01,1.086008860705299810e+02
1.459999999992299990e+02,3.196453926689104037e+02,7.916447615480271338e+01,1.585907888783980901e+01,1.087187690499478236e+02
1.460999999992299934e+02,3.198718500099354287e+02,7.926248015320868490e+01,1.587320007034089286e+01,1.088350265391398182e+02
1.461999999992299877e+02,3.200946903347320927e+02,7.935773876219393230e+01,1.588556586966901563e+01,1.089475948142378741e+02
1.462999999992300104e+02,3.203196512860532721e+02,7.945116917773533771e+01,1.589695777086349615e+01,1.090576686570764053e+02
1.463999999992300047e+02,3.205357039150005676e+02,7.954327354016641038e+01,1.590860211914483990e+01,1.091653955393727387e+02
1.464999999992299990e+02,3.207471401258590618e+02,7.963539288310003883e+01,1.591404440917538565e+01,1.092713153178051897e+02
1.465999999992299934e+02,3.209647978241946475e+02,7.972966707910947548e+01,1.591665635659474987e+01,1.093754032034048578e+02
1.466999999992299877e+02,3.211607703019596443e+02,7.982661123511496726e+01,1.592039456403431608e+01,1.094792167503609477e+02
1.467999999992300104e+02,3.213297272667302309e+02,7.992530119194347549e+01,1.592686733431816570e+01,1.095854019362715093e+02
1.468999999992200003e+02,3.215219879841256443e+02,8.002668680225342257e+01,1.593756303048507839e+01,1.096962762861186320e+02
1.469999999992199946e+02,3.217200686251536013e+02,8.012800648426642169e+01,1.594999896721088817e+01,1.098063701846734546e+02
1.470999999992199889e+02,3.219027389447379051e+02,8.022901349694917883e+01,1.596121532985923253e+01,1.099185909251330600e+02
1.471999999992199832e+02,3.221088145764171600e+02,8.033245854460631108e+01,1.596922468293388420e+01,1.100314288884578389e+02
1.472999999992199776e+02,3.223130693755271068e+02,8.043937853530947280e+01,1.598180086913935050e+01,1.101481951706975053e+02
1.473999999992200003e+02,3.225053279413707514e+02,8.054897447088478657e+01,1.599323416763657590e+01,1.102662158569999207e+02
1.474999999992199946e+02,3.227120228609145443e+02,8.065799580491467680e+01,1.600757596444207209e+01,1.103867888680864269e+02
1.475999999992199889e+02,3.229223837830259072e+02,8.076948574677292925e+01,1.602051867523422501e+01,1.105086981218854447e+02
1.476999999992199832e+02,3.231463748223202401e+02,8.087875045283398379e+01,1.603540641228713426e+01,1.106336661043309704e+02
1.477999999992199776e+02,3.233869548616694374e+02,8.098927402789789198e+01,1.605082515039124402e+01,1.107566759464618826e+02
1.478999999992200003e+02,3.236342057660348814e+02,8.109944080907936836e+01,1.606878863100655508e+01,1.108788471980273442e+02
1.479999999992199946e+02,3.238741213418036864e+02,8.120914216125653695e+01,1.608646776094623831e+01,1.110014043566332020e+02
1.480999999992199889e+02,3.241253130414277734e+02,8.131888905053280325e+01,1.610360784583776095e+01,1.111245666392675702e+02
1.481999999992100072e+02,3.243779649660858126e+02,8.142562075340902084e+01,1.611938958142183864e+01,1.112516388014894488e+02
1.482999999992100015e+02,3.246277386404196932e+02,8.152979868338475455e+01,1.613303842788121756e+01,1.113791737610173982e+02
1.483999999992099958e+02,3.248728313213267711e+02,8.163233116178795967e+01,1.614556241034042827e+01,1.115048430806404980e+02
1.484999999992100186e+02,3.251204014630106940e+02,8.173745386667957291e+01,1.616472740456189783e+01,1.116312397638341452e+02
1.485999999992100129e+02,3.253579243173141435e+02,8.184405882599619986e+01,1.618354163228205422e+01,1.117594496921875731e+02
1.486999999992100072e+02,3.255914129905776235e+02,8.195237071007288421e+01,1.619864283110558034e+01,1.118877850525068567e+02
1.487999999992100015e+02,3.258194724980625665e+02,8.206900662980562799e+01,1.622173805471346597e+01,1.120180408445817903e+02
1.488999999992099958e+02,3.260366391232272463e+02,8.218656108225496837e+01,1.624133258416931369e+01,1.121548360721373427e+02
1.489999999992100186e+02,3.262678502248218138e+02,8.230445073031334857e+01,1.626029516107965378e+01,1.122945452436796785e+02
1.490999999992100129e+02,3.264993712685250671e+02,8.242394439884721180e+01,1.628006712533088063e+01,1.124327534593101063e+02
1.491999999992100072e+02,3.267209529173070450e+02,8.253999969402647707e+01,1.630187342635292680e+01,1.125674931113676820e+02
1.492999999992100015e+02,3.269538755387113724e+02,8.265047207570071919e+01,1.632245961762007624e+01,1.126983335834145521e+02
1.493999999992099958e+02,3.271823235419702769e+02,8.275774537931276598e+01,1.633931350005797256e+01,1.128225844344619588e+02
1.494999999991999857e+02,3.274160559754629958e+02,8.285990211162078367e+01,1.635736624991952226e+01,1.129419146156182734e+02
1.495999999991999800e+02,3.276379835084475189e+02,8.295967729716979022e+01,1.636834443262352679e+01,1.130605304461708300e+02
1.496999999992000028e+02,3.278539716456355677e+02,8.306484284233441429e+01,1.637994425806726539e+01,1.131783367054494391e+02
1.497999999991999971e+02,3.280779933447916505e+02,8.316948383021215818e+01,1.639262585613199619e+01,1.132970006055729755e+02
1.498999999991999914e+02,3.282693904016111901e+02,8.327332399012523467e+01,1.640411755465872901e+01,1.134166912003416172e+02
1.499999999991999857e+02,3.284673042934418845e+02,8.337551380544225310e+01,1.641765888132172790e+01,1.135372129722432817e+02
1.500999999991999800e+02,3.286692458587818351e+02,8.347516585319353055e+01,1.643216578171035991e+01,1.136556845496102142e+02
1.501999999992000028e+02,3.288741562610662186e+02,8.357430982428158472e+01,1.644533216514027174e+01,1.137719189719287272e+02
1.502999999991999971e+02,3.290737889537056162e+02,8.367017676156829964e+01,1.645732615855531478e+01,1.138879044394673059e+02
1.503999999991999914e+02,3.292711305900102730e+02,8.376349359290169616e+01,1.647291704452878847e+01,1.140017456093261501e+02
1.504999999991999857e+02,3.294846818796010552e+02,8.385175955660388070e+01,1.648375285196147644e+01,1.141115151670290686e+02
1.505999999991999800e+02,3.297004273824083498e+02,8.393736880649629484e+01,1.649338223080762589e+01,1.142184617569006235e+02
1.506999999992000028e+02,3.299310590068562874e+02,8.402124890469212914e+01,1.650191838191707205e+01,1.143227140526740584e+02
1.507999999991900211e+02,3.301705579470039993e+02,8.410313169417946710e+01,1.651086895487820172e+01,1.144260480202667623e+02
1.508999999991900154e+02,3.303873057056200082e+02,8.418367406133161523e+01,1.651323392306886717e+01,1.145271409795906408e+02
1.509999999991900097e+02,3.305980638233431250e+02,8.426007468231338748e+01,1.651692643410248706e+01,1.146246049196612518e+02
1.510999999991900040e+02,3.308003619319298423e+02,8.433412913167744307e+01,1.651842953393629543e+01,1.147172421622266114e+02
1.511999999991899983e+02,3.310110198655365821e+02,8.440825117212210671e+01,1.652305288476068768e+01,1.148099578759899941e+02
1.512999999991900211e+02,3.312305829204606198e+02,8.448369850852137120e+01,1.652169980691385476e+01,1.149056645645215298e+02
1.513999999991900154e+02,3.314330656398155384e+02,8.456280918339452057e+01,1.652254767341793240e+01,1.150048513947258897e+02
1.514999999991900097e+02,3.316288401689866987e+02,8.464769185764497195e+01,1.652736176514378386e+01,1.151059437892462540e+02
1.515999999991900040e+02,3.318245306809950534e+02,8.473510430966724982e+01,1.653049267615126539e+01,1.152121301646865561e+02
1.516999999991899983e+02,3.320303418175241745e+02,8.482626669501716776e+01,1.653524372473633264e+01,1.153202787705004653e+02
1.517999999991900211e+02,3.322427766664681599e+02,8.491507758164115671e+01,1.653480779627421526e+01,1.154294467266707329e+02
1.518999999991900154e+02,3.324581062519586681e+02,8.500347877929989693e+01,1.653562511487662334e+01,1.155377885403039784e+02
1.519999999991900097e+02,3.326621203155963258e+02,8.509424008964393238e+01,1.654354474681726828e+01,1.156438931584151106e+02
1.520999999991799996e+02,3.328797119388436272e+02,8.518244527930218624e+01,1.655019982427301883e+01,1.157474733122449635e+02
1.521999999991799939e+02,3.330848524623180538e+02,8.526932899603411897e+01,1.655838488157570509e+01,1.158535274790050948e+02
1.522999999991799882e+02,3.332937377294910561e+02,8.535960204367333404e+01,1.656471649028745219e+01,1.159592568419509746e+02
1.523999999991800109e+02,3.335059255075763645e+02,8.544911737316374456e+01,1.657192101174700483e+01,1.160651377478444601e+02
1.524999999991800053e+02,3.337184837623353815e+02,8.553689821858738185e+01,1.658091330208656089e+01,1.161665815802534070e+02
1.525999999991799996e+02,3.339394961464197991e+02,8.562419642561224009e+01,1.658980753451657009e+01,1.162680512137709172e+02
1.526999999991799939e+02,3.341657457105829394e+02,8.571071909788526000e+01,1.659990409151116708e+01,1.163710106108393489e+02
1.527999999991799882e+02,3.343929353509566340e+02,8.579848334892449202e+01,1.661241043686634100e+01,1.164704830993772475e+02
1.528999999991800109e+02,3.346170449461003500e+02,8.588442082480729312e+01,1.662201174348462729e+01,1.165735059475031647e+02
1.529999999991800053e+02,3.348217584480528899e+02,8.597025489556983757e+01,1.662884310238655061e+01,1.166776030781338989e+02
1.530999999991799996e+02,3.350180090048860961e+02,8.605803804920745392e+01,1.663426666928067377e+01,1.167808234289721980e+02
1.531999999991799939e+02,3.352215311883054483e+02,8.614689383027140934e+01,1.663959929536903104e+01,1.168812883615095330e+02
1.532999999991799882e+02,3.354169430153822304e+02,8.623394234556596416e+01,1.663892851936028094e+01,1.169795724049599528e+02
1.533999999991699781e+02,3.356289735684453035e+02,8.631907461971702844e+01,1.664011775013305794e+01,1.170818634667520968e+02
1.534999999991700008e+02,3.358230377567380742e+02,8.640489794931437473e+01,1.664068571406631136e+01,1.171848657744241962e+02
1.535999999991699951e+02,3.360191573952009776e+02,8.648996521034374041e+01,1.663831647762201982e+01,1.172851547945362825e+02
1.536999999991699895e+02,3.362066500040315304e+02,8.657439920668143429e+01,1.664236264928902287e+01,1.173865781431182427e+02
1.537999999991699838e+02,3.363877324417982777e+02,8.665663353810583658e+01,1.664662783987128236e+01,1.174887404766878802e+02
1.538999999991699781e+02,3.365593321146627090e+02,8.673887770556382293e+01,1.664885401097622974e+01,1.175882731294218644e+02
1.539999999991700008e+02,3.367329479692609766e+02,8.682238833411508949e+01,1.665756140169222732e+01,1.176839555449935375e+02
1.540999999991699951e+02,3.369243199900466834e+02,8.690272311514790715e+01,1.665991582049224817e+01,1.177768810991372561e+02
1.541999999991699895e+02,3.370924403829721427e+02,8.698053512393563835e+01,1.666188602386149498e+01,1.178685990128841610e+02
1.542999999991699838e+02,3.372709957886022494e+02,8.705819302837275586e+01,1.667336694933240793e+01,1.179597861774344381e+02
1.543999999991699781e+02,3.374559264677523061e+02,8.713275006654667720e+01,1.667974897421365910e+01,1.180497842329235709e+02
1.544999999991700008e+02,3.376502965366100284e+02,8.720634794878637308e+01,1.668920820941655236e+01,1.181411420229898255e+02
1.545999999991600191e+02,3.378405257566878390e+02,8.727922974463965033e+01,1.669992698447483903e+01,1.182361265471262044e+02
1.546999999991600134e+02,3.380184781967008689e+02,8.735360699887313274e+01,1.671266065986094063e+01,1.183302462768000822e+02
1.547999999991600077e+02,3.382115569810865736e+02,8.742626979228840867e+01,1.672356981521658170e+01,1.184182354480792156e+02
1.548999999991600021e+02,3.384078191137797376e+02,8.749568843361497272e+01,1.673246166945627067e+01,1.185051378369122972e+02
1.549999999991599964e+02,3.385755992282145144e+02,8.756768721349000373e+01,1.674493414197252861e+01,1.185915117395600191e+02
1.550999999991600191e+02,3.387341347520273871e+02,8.763861537967086690e+01,1.675653193420691522e+01,1.186770264651351425e+02
1.551999999991600134e+02,3.389113605923658383e+02,8.770868090796832917e+01,1.676486037421942754e+01,1.187626428294387466e+02
1.552999999991600077e+02,3.390955694772596303e+02,8.777799034731914674e+01,1.677046681138314099e+01,1.188482833583877181e+02
1.553999999991600021e+02,3.392795960605824916e+02,8.784547161219369116e+01,1.678020541889238615e+01,1.189289297085403661e+02
1.554999999991599964e+02,3.394535259087812733e+02,8.791033595969132364e+01,1.679121379302775452e+01,1.190063525434132146e+02
1.555999999991600191e+02,3.396151481641869623e+02,8.797387982593497213e+01,1.680491268320483655e+01,1.190794889329532253e+02
1.556999999991600134e+02,3.397667855698538233e+02,8.803587335092225885e+01,1.682501592904210597e+01,1.191504534595237601e+02
1.557999999991600077e+02,3.399293718426968098e+02,8.809895367172117631e+01,1.683617141817908447e+01,1.192254446166525810e+02
1.558999999991499976e+02,3.400941842090915657e+02,8.816312528574745500e+01,1.685547752273863154e+01,1.193022987585074617e+02
1.559999999991499919e+02,3.402541299272837136e+02,8.822624053093080931e+01,1.687844938843004527e+01,1.193805042201446440e+02
1.560999999991499863e+02,3.403947002812822689e+02,8.829025671675977094e+01,1.689764196252408368e+01,1.194561608751558452e+02
1.561999999991499806e+02,3.405471324554602575e+02,8.835760436930219441e+01,1.691837141329521188e+01,1.195300742476559748e+02
1.562999999991500033e+02,3.407344705685950998e+02,8.841910008059112158e+01,1.693736673873156917e+01,1.196035622492783830e+02
1.563999999991499976e+02,3.409298973082553061e+02,8.848023196773101517e+01,1.695449645632398727e+01,1.196753539730611067e+02
1.564999999991499919e+02,3.411135780724169422e+02,8.853878936835974400e+01,1.697003327526016747e+01,1.197407472147768601e+02
1.565999999991499863e+02,3.413073145233830132e+02,8.859288842410447273e+01,1.698604394117790761e+01,1.198068699248406261e+02
1.566999999991499806e+02,3.414966050260750876e+02,8.864384069419176626e+01,1.699779077140601302e+01,1.198695435537333651e+02
1.567999999991500033e+02,3.416898788044386492e+02,8.869226293647336945e+01,1.701088350681332173e+01,1.199355435926744633e+02
1.568999999991499976e+02,3.418857573885219949e+02,8.874179850967661309e+01,1.701795403397115791e+01,1.200011830434427083e+02
1.569999999991499919e+02,3.420888956825993432e+02,8.878956387208717160e+01,1.702185448726340411e+01,1.200682140144834165e+02
1.570999999991499863e+02,3.422847894063264675e+02,8.883997613264995152e+01,1.702857924344621665e+01,1.201351379384465332e+02
1.571999999991400045e+02,3.424828266584310654e+02,8.889046362688932845e+01,1.703883741985492506e+01,1.201982740213098140e+02
1.572999999991399989e+02,3.426782604782025032e+02,8.893953977242979647e+01,1.705102899061138544e+01,1.202618670616418655e+02
1.573999999991400216e+02,3.428977093485705723e+02,8.898963719695612440e+01,1.706370623593010905e+01,1.203259047456375299e+02
1.574999999991400159e+02,3.431198584481646208e+02,8.904456833875119059e+01,1.706904659597795870e+01,1.203917298621458514e+02
1.575999999991400102e+02,3.433284730704933168e+02,8.909950786607150519e+01,1.707300233313351612e+01,1.204585326459314132e+02
1.576999999991400045e+02,3.435269217906530912e+02,8.915444550762386200e+01,1.708340710223903969e+01,1.205259136881155086e+02
1.577999999991399989e+02,3.437109579532842076e+02,8.921379107644774820e+01,1.709253444233019792e+01,1.205925613643622683e+02
1.578999999991400216e+02,3.438972933257134059e+02,8.927456321026721753e+01,1.710039576070895251e+01,1.206610585223880179e+02
1.579999999991400159e+02,3.440897118762830473e+02,8.933650744599749771e+01,1.711075245122857424e+01,1.207372191798841641e+02
1.580999999991400102e+02,3.442709216141564639e+02,8.940244799784251484e+01,1.712897227913842713e+01,1.208217285144726389e+02
1.581999999991400045e+02,3.444461017819658082e+02,8.947582064076347308e+01,1.714546765460551825e+01,1.209094271128191593e+02
1.582999999991399989e+02,3.446060442303775631e+02,8.955160771019777144e+01,1.716351584169822431e+01,1.210008991313431039e+02
1.583999999991400216e+02,3.447588724908436575e+02,8.962651813280079693e+01,1.717707454080500540e+01,1.210942184530793355e+02
1.584999999991300115e+02,3.449068651467314339e+02,8.970171664111165910e+01,1.719157478383204918e+01,1.211838334428521478e+02
1.585999999991300058e+02,3.450719891367417631e+02,8.977617442383497348e+01,1.720737211689100121e+01,1.212707718131659078e+02
1.586999999991300001e+02,3.452192751427746771e+02,8.985196353913558198e+01,1.722514046074203620e+01,1.213596585834201704e+02
1.587999999991299944e+02,3.453639848269065737e+02,8.993107263925061545e+01,1.724613794779810405e+01,1.214497000518916110e+02
1.588999999991299887e+02,3.455241973470081689e+02,9.001429884746971766e+01,1.726753404432569639e+01,1.215430774344230116e+02
1.589999999991300115e+02,3.456744073085388891e+02,9.009517467476089791e+01,1.729246464841920172e+01,1.216405980461388907e+02
1.590999999991300058e+02,3.458229228857017574e+02,9.017717603395907133e+01,1.731125734858327903e+01,1.217351704292796200e+02
1.591999999991300001e+02,3.459633107449606086e+02,9.025981185737671808e+01,1.733146340366713289e+01,1.218316823122937080e+02
1.592999999991299944e+02,3.461075160604176517e+02,9.034257842210438127e+01,1.734693073005157515e+01,1.219321849036807492e+02
1.593999999991299887e+02,3.462356800943613848e+02,9.042797997403177135e+01,1.736232128369371353e+01,1.220328059331048820e+02
1.594999999991300115e+02,3.463868914131036831e+02,9.051030129514538203e+01,1.738302528777707323e+01,1.221322806845859361e+02
1.595999999991300058e+02,3.465260335829070755e+02,9.059644908895197091e+01,1.740300189780671047e+01,1.222305545559996887e+02
1.596999999991300001e+02,3.466470216585455546e+02,9.068526161561233323e+01,1.742389440296953396e+01,1.223322510115791459e+02
1.597999999991199900e+02,3.467622174917435700e+02,9.077585282235223474e+01,1.745395177471131021e+01,1.224363303966164409e+02
1.598999999991199843e+02,3.468757000902785421e+02,9.086681502854966652e+01,1.748461521502177263e+01,1.225369762835274798e+02
1.599999999991199786e+02,3.469917166784642291e+02,9.095501636398577716e+01,1.751805279976530016e+01,1.226393261318911385e+02
1.600999999991200013e+02,3.470955231732529001e+02,9.103903412183876753e+01,1.754716005148653934e+01,1.227408350408458801e+02
1.601999999991199957e+02,3.472067020925895235e+02,9.112358428919110054e+01,1.757563835517160911e+01,1.228398043906856856e+02
1.602999999991199900e+02,3.473026762641679284e+02,9.120373408351727562e+01,1.760055780693123495e+01,1.229354721503745793e+02
1.603999999991199843e+02,3.473812474982095750e+02,9.127966142145095318e+01,1.762424452511918815e+01,1.230336501544601475e+02
1.604999999991199786e+02,3.474474082754194910e+02,9.135890056670308468e+01,1.764700782923447520e+01,1.231374031341237583e+02
1.605999999991200013e+02,3.475186686908436400e+02,9.143674809429255390e+01,1.767499451712453507e+01,1.232453320804616936e+02
1.606999999991199957e+02,3.475918152192938351e+02,9.151561489969040508e+01,1.769810237581139134e+01,1.233500878777878995e+02
1.607999999991199900e+02,3.476843867489986906e+02,9.159582510701334002e+01,1.771770337416536023e+01,1.234520901363749772e+02
1.608999999991199843e+02,3.477460298784327506e+02,9.167442315932389363e+01,1.774033713024716619e+01,1.235559573857202622e+02
1.609999999991199786e+02,3.478396484689579893e+02,9.175134757928989870e+01,1.776170382579264384e+01,1.236593331609884245e+02
1.610999999991099969e+02,3.479372727149848856e+02,9.182789069639534318e+01,1.777982988847256962e+01,1.237609180109408840e+02
1.611999999991099912e+02,3.480377577993156137e+02,9.190557455936723841e+01,1.779994535953696300e+01,1.238619840945438142e+02
1.612999999991100140e+02,3.481536937739974746e+02,9.198217638614228520e+01,1.781801315588011647e+01,1.239644941133872749e+02
1.613999999991100083e+02,3.482821337482069453e+02,9.206235208561101047e+01,1.783608418443828114e+01,1.240692492638077482e+02
1.614999999991100026e+02,3.483917288893854334e+02,9.213760123687109171e+01,1.785060702615961503e+01,1.241759858730347048e+02
1.615999999991099969e+02,3.485182338392791621e+02,9.221086811812443784e+01,1.787055207784914046e+01,1.242830647014453262e+02
1.616999999991099912e+02,3.486223745222455364e+02,9.228486836158754159e+01,1.788850611449399963e+01,1.243867251365882254e+02
1.617999999991100140e+02,3.487309226382179759e+02,9.235959558876744779e+01,1.790701617398187295e+01,1.244895000241040179e+02
1.618999999991100083e+02,3.488182179773114058e+02,9.243594209178577614e+01,1.792648974126497308e+01,1.245906764162005089e+02
1.619999999991100026e+02,3.489207257181054729e+02,9.251155879967089390e+01,1.794785506913745365e+01,1.246900423810567560e+02
1.620999999991099969e+02,3.490116605597826265e+02,9.258079085500442318e+01,1.797513478653053554e+01,1.247864745616507349e+02
1.621999999991099912e+02,3.491208318527854999e+02,9.264980158514356390e+01,1.800330680719899235e+01,1.248774603688389249e+02
1.622999999991100140e+02,3.492016323548187415e+02,9.271766758119778729e+01,1.803196986353798437e+01,1.249688622158127629e+02
1.623999999991000038e+02,3.493079196994664244e+02,9.278656682104667652e+01,1.805822000858264431e+01,1.250606606745226657e+02
1.624999999990999981e+02,3.494429858261771074e+02,9.285793637545785373e+01,1.808856873052154057e+01,1.251532528252119079e+02
1.625999999990999925e+02,3.495715989415813851e+02,9.292687199214729787e+01,1.811016200236849016e+01,1.252509368308458022e+02
1.626999999990999868e+02,3.496602120976307333e+02,9.299711789135201911e+01,1.813490853728571750e+01,1.253497650042651372e+02
1.627999999990999811e+02,3.497336382514480420e+02,9.306610081129129242e+01,1.815164447454667140e+01,1.254477115038058770e+02
1.628999999991000038e+02,3.498136055302329055e+02,9.313217378123638923e+01,1.816507580671459010e+01,1.255466993955828627e+02
1.629999999990999981e+02,3.498964564521412512e+02,9.320319133529947919e+01,1.818639614190810860e+01,1.256480353818793674e+02
1.630999999990999925e+02,3.499696076717174833e+02,9.327542109432968687e+01,1.820803291043827699e+01,1.257528015404434001e+02
1.631999999990999868e+02,3.500616910394489878e+02,9.335185967142598429e+01,1.823655202789920438e+01,1.258508552574847528e+02
1.632999999990999811e+02,3.501342892294455851e+02,9.342920589711468438e+01,1.826165682370966437e+01,1.259431385034929747e+02
1.633999999991000038e+02,3.502325755683448278e+02,9.350161144400485114e+01,1.828640150777207296e+01,1.260376704602696094e+02
1.634999999990999981e+02,3.503372379207145855e+02,9.357356454677174895e+01,1.830883360748636335e+01,1.261308121327778196e+02
1.635999999990999925e+02,3.504467003502439866e+02,9.364206591879244002e+01,1.833454138256749033e+01,1.262191435648681050e+02
1.636999999990900108e+02,3.505557385247189472e+02,9.370572876042635357e+01,1.836194971535912757e+01,1.263050504879877280e+02
1.637999999990900051e+02,3.506585232116296993e+02,9.377223051567416690e+01,1.837862941349739998e+01,1.263929890593127539e+02
1.638999999990899994e+02,3.507849842175446611e+02,9.384050929758330994e+01,1.839395450242219709e+01,1.264851924880749436e+02
1.639999999990900221e+02,3.508933559167807630e+02,9.391215758068149455e+01,1.841325717660053485e+01,1.265767031024193301e+02
1.640999999990900164e+02,3.510263622643514623e+02,9.398764526847055834e+01,1.843795697813957091e+01,1.266681349546556135e+02
1.641999999990900108e+02,3.511411919908027244e+02,9.406138000205551464e+01,1.846122821956724636e+01,1.267644213850226720e+02
1.642999999990900051e+02,3.512521180040685067e+02,9.413234451302210459e+01,1.847854770843954952e+01,1.268588142977546624e+02
1.643999999990899994e+02,3.513648358046206681e+02,9.419925151628389415e+01,1.849751169626666680e+01,1.269463264030147940e+02
1.644999999990900221e+02,3.514831297241914285e+02,9.425735515450432445e+01,1.850854656683491939e+01,1.270291493750963383e+02
1.645999999990900164e+02,3.516256815682747288e+02,9.431002314257179364e+01,1.852009947254684974e+01,1.271091278087334899e+02
1.646999999990900108e+02,3.517585691890704425e+02,9.436523418245917583e+01,1.852863861144058433e+01,1.271894948970656287e+02
1.647999999990900051e+02,3.518843792709191121e+02,9.441930324001414476e+01,1.853761959709675367e+01,1.272726591339772853e+02
1.648999999990799950e+02,3.520196627092291806e+02,9.447640922806978381e+01,1.855805054764937267e+01,1.273509187300139160e+02
1.649999999990799893e+02,3.521443019542726347e+02,9.453503621314165173e+01,1.857966334102824391e+01,1.274301719232504979e+02
1.650999999990800120e+02,3.522805741243171838e+02,9.459444273165955508e+01,1.859561275321653895e+01,1.275118454019800254e+02
1.651999999990800063e+02,3.524241615541023407e+02,9.465663757632385966e+01,1.860779892603012442e+01,1.275943359900925742e+02
1.652999999990800006e+02,3.525810490338679415e+02,9.471889303396278592e+01,1.862622099467617431e+01,1.276798940128652475e+02
1.653999999990799950e+02,3.527453512450388757e+02,9.478075099386752811e+01,1.863688137205390305e+01,1.277673478215632485e+02
1.654999999990799893e+02,3.529317281008048894e+02,9.484082556688549914e+01,1.864549815539250588e+01,1.278528685230476896e+02
1.655999999990800120e+02,3.531036503375749476e+02,9.490230191509199642e+01,1.865450732313286863e+01,1.279377283590216763e+02
1.656999999990800063e+02,3.532601040918520994e+02,9.496506210239266466e+01,1.866715686857324030e+01,1.280250241414368588e+02
1.657999999990800006e+02,3.534465260285766135e+02,9.502296995148539338e+01,1.867824440013128040e+01,1.281177633895528061e+02
1.658999999990799950e+02,3.536306661365261448e+02,9.508366237779701180e+01,1.867690075614038747e+01,1.282127131433085196e+02
1.659999999990799893e+02,3.538358348917833496e+02,9.514186691225832249e+01,1.867406585849316869e+01,1.283032151965228991e+02
1.660999999990800120e+02,3.540452079485180548e+02,9.519064234950587888e+01,1.867710154570838554e+01,1.283898395384275375e+02
1.661999999990699735e+02,3.542481133620818241e+02,9.524063706700707144e+01,1.867233816222980636e+01,1.284656040321387991e+02
1.662999999990699962e+02,3.544328997455395438e+02,9.528418980280309825e+01,1.866770422441117461e+01,1.285360971389775102e+02
1.663999999990699905e+02,3.546157470822005280e+02,9.532541795375038873e+01,1.866662789986974857e+01,1.286072185228970284e+02
1.664999999990699848e+02,3.547713585022613074e+02,9.537236656193151418e+01,1.866623497985071367e+01,1.286787075883412399e+02
1.665999999990699791e+02,3.549304846646974170e+02,9.541609124064976299e+01,1.865935690858909268e+01,1.287570792545664915e+02
1.666999999990699735e+02,3.551077935573292166e+02,9.546447005349655512e+01,1.865770877605121569e+01,1.288349502514870153e+02
1.667999999990699962e+02,3.552610571141850642e+02,9.551412153861924992e+01,1.866236578941019886e+01,1.289127101114553398e+02
1.668999999990699905e+02,3.554033109365948349e+02,9.556670010410351779e+01,1.867077948833815171e+01,1.289944581563803467e+02
1.669999999990799893e+02,3.555491653450830540e+02,9.562223569549659885e+01,1.868359002902473165e+01,1.290704904434971354e+02
1.670999999990800120e+02,3.556790320859820440e+02,9.567500503605826623e+01,1.870786771288889128e+01,1.291468454809370883e+02
1.671999999990800063e+02,3.558099338570976329e+02,9.573571188273581356e+01,1.873345548381859516e+01,1.292303794054507478e+02
1.672999999990800006e+02,3.559681398197815270e+02,9.580883268363290028e+01,1.876504953998476566e+01,1.293229889102370862e+02
1.673999999990899994e+02,3.561138786061040946e+02,9.589259540817087668e+01,1.879802626459088088e+01,1.294240241428997251e+02
1.674999999990900221e+02,3.562448597214989263e+02,9.597662849892901704e+01,1.883824304186530441e+01,1.295343391874175438e+02
1.675999999990900164e+02,3.564105943696197869e+02,9.605893783009443609e+01,1.887378330147208771e+01,1.296454019524159378e+02
1.676999999990999868e+02,3.565803186947110248e+02,9.614314715808377798e+01,1.891848451777877216e+01,1.297538405889830244e+02
1.677999999990999811e+02,3.567330035073067620e+02,9.622392727615127228e+01,1.895690957509707886e+01,1.298580799803510502e+02
1.678999999991000038e+02,3.568760202352273154e+02,9.630584264979110287e+01,1.899015922652684907e+01,1.299582153772657023e+02
1.679999999991100026e+02,3.570450983561724456e+02,9.637953741294646193e+01,1.901767008433636619e+01,1.300563919913249435e+02
1.680999999991099969e+02,3.572243330669453485e+02,9.644955209121940243e+01,1.904250143973696652e+01,1.301547948567823028e+02
1.681999999991099912e+02,3.573866674186344881e+02,9.652688683094118005e+01,1.906559490298835513e+01,1.302550332891723883e+02
1.682999999991100140e+02,3.575357020114645366e+02,9.660401999488136937e+01,1.908557610589507902e+01,1.303627320366659603e+02
1.683999999991199843e+02,3.576672956970376731e+02,9.668220922893922875e+01,1.909819130955677124e+01,1.304717959390037549e+02
1.684999999991199786e+02,3.577825970039163508e+02,9.675981820226304819e+01,1.910840834829402013e+01,1.305836636924224194e+02
1.685999999991200013e+02,3.578991351930438896e+02,9.683679718570630257e+01,1.912136780251795898e+01,1.306907613713032958e+02
1.686999999991300001e+02,3.580288375052467131e+02,9.691379270526311984e+01,1.913735581855423007e+01,1.307946395321657747e+02
1.687999999991299944e+02,3.581755920532389723e+02,9.698732148983894774e+01,1.915097660782561917e+01,1.308930500252701279e+02
1.688999999991299887e+02,3.583264593492456243e+02,9.705882742036817490e+01,1.916032899667396094e+01,1.309935503172651465e+02
1.689999999991300115e+02,3.584720075799858137e+02,9.712817987806876374e+01,1.916561631511826747e+01,1.310961721724949030e+02
1.690999999991400102e+02,3.586368450768638354e+02,9.719758831978752767e+01,1.917782195621786556e+01,1.311998274997859824e+02
1.691999999991400045e+02,3.588063123284377411e+02,9.727064383425394567e+01,1.918434896256357547e+01,1.313056845556618839e+02
1.692999999991399989e+02,3.589561882695191457e+02,9.734869040513005700e+01,1.919800171304189718e+01,1.314154610925008342e+02
1.693999999991499976e+02,3.591226737276686549e+02,9.742656768013415558e+01,1.920585007160991964e+01,1.315289099977191256e+02
1.694999999991499919e+02,3.592480999672018243e+02,9.750669439374595981e+01,1.921302994740911529e+01,1.316444241023808104e+02
1.695999999991499863e+02,3.593763403019705152e+02,9.758900613612814823e+01,1.922386902023972510e+01,1.317637021339195940e+02
1.696999999991600134e+02,3.594899629653930333e+02,9.767175384862107990e+01,1.923556964573805317e+01,1.318829650357427568e+02
1.697999999991600077e+02,3.595970281873089220e+02,9.775982318551953654e+01,1.925044637937930503e+01,1.320037746370364289e+02
1.698999999991600021e+02,3.597150323777947847e+02,9.785037006219262423e+01,1.926861801862525425e+01,1.321256742257897656e+02
1.699999999991599964e+02,3.598240253350678017e+02,9.794624171482230679e+01,1.928659976912321383e+01,1.322485031918355958e+02
1.700999999991699951e+02,3.599444897812580280e+02,9.804557995037414742e+01,1.930339786838246496e+01,1.323775675828480303e+02
1.701999999991699895e+02,3.600625811353767745e+02,9.814693633923735661e+01,1.932078328086599583e+01,1.325085145531157877e+02
1.702999999991699838e+02,3.601467321571631146e+02,9.824795449981039042e+01,1.933558857596390723e+01,1.326441718860099286e+02
1.703999999991800109e+02,3.602145257332614392e+02,9.834251478830915971e+01,1.935069627847674667e+01,1.327735323659461244e+02
1.704999999991800053e+02,3.602879744402643496e+02,9.843672073192564653e+01,1.936481014929087863e+01,1.328955573169445472e+02
1.705999999991799996e+02,3.603669755504511159e+02,9.853363559064148092e+01,1.937230458091836738e+01,1.330209531320188034e+02
1.706999999991799939e+02,3.604563294235960029e+02,9.863769564508012877e+01,1.938462596786735048e+01,1.331516389423125588e+02
1.707999999991900211e+02,3.605273756197514103e+02,9.874268200254755357e+01,1.940438492245039015e+01,1.332857104118155007e+02
1.708999999991900154e+02,3.605906985661214321e+02,9.884695159946836895e+01,1.942422777953844104e+01,1.334246764878787133e+02
1.709999999991900097e+02,3.606654233578418030e+02,9.895604541633238682e+01,1.944171737471441830e+01,1.335678468078766059e+02
1.710999999991999800e+02,3.607463984074958034e+02,9.906807742102981251e+01,1.946523133384181392e+01,1.337145196336356889e+02
1.711999999992000028e+02,3.608131015450331915e+02,9.917965349630648575e+01,1.948896087408942890e+01,1.338593796312677853e+02
1.712999999991999971e+02,3.608781529706590163e+02,9.929354882812039307e+01,1.951656687498421050e+01,1.340043966248890399e+02
1.713999999991999914e+02,3.609344030354035908e+02,9.941113633323394083e+01,1.953965797072818589e+01,1.341503123203636392e+02
1.714999999992100186e+02,3.609914352598858045e+02,9.952886256726068837e+01,1.957056509311642145e+01,1.342969912638922381e+02
1.715999999992100129e+02,3.610669842737965496e+02,9.964986334348297703e+01,1.960258997549431115e+01,1.344470338901101343e+02
1.716999999992100072e+02,3.611332167646004905e+02,9.976860705233070803e+01,1.963486220571218865e+01,1.345984848275845991e+02
1.717999999992199776e+02,3.611746011198408155e+02,9.988913997511264142e+01,1.965884899855553414e+01,1.347540898769341027e+02
1.718999999992200003e+02,3.612128445105317383e+02,1.000130180112018792e+02,1.968632502946354279e+01,1.349131066558352359e+02
1.719999999992199946e+02,3.612655850602031933e+02,1.001426953149767627e+02,1.971576376652482310e+01,1.350770624771758150e+02
1.720999999992299934e+02,3.613187235172107989e+02,1.002791158616090712e+02,1.974933583618317101e+01,1.352451490993807681e+02
1.721999999992299877e+02,3.613561476734091684e+02,1.004180434786633924e+02,1.978789176949117845e+01,1.354143554774037739e+02
1.722999999992300104e+02,3.613996944889948963e+02,1.005636754218849092e+02,1.982803151878311709e+01,1.355809745947174463e+02
1.723999999992300047e+02,3.614679802819198926e+02,1.007136660962641201e+02,1.987327104295922453e+01,1.357505017426644542e+02
1.724999999992400035e+02,3.615230239943613242e+02,1.008610006776107753e+02,1.991674979142810642e+01,1.359276602955339399e+02
1.725999999992399978e+02,3.615967363038627127e+02,1.010088920218121302e+02,1.995713758989294107e+01,1.361056104490870950e+02
1.726999999992400205e+02,3.616412753033065997e+02,1.011561420999673544e+02,1.999051249915155282e+01,1.362885854105266503e+02
1.727999999992499909e+02,3.616871812203222021e+02,1.013059975260156023e+02,2.001415838503984546e+01,1.364741471911636950e+02
1.728999999992499852e+02,3.617191145618438100e+02,1.014574920259939717e+02,2.004955821410412042e+01,1.366603614256388539e+02
1.729999999992500079e+02,3.617282802715941443e+02,1.016157869909717846e+02,2.009058375675488861e+01,1.368428241345004608e+02
1.730999999992500022e+02,3.617110306198597414e+02,1.017738318188445419e+02,2.013515226674942227e+01,1.370260033417909256e+02
1.731999999992600010e+02,3.616812636606023830e+02,1.019270700546877890e+02,2.017812686212077011e+01,1.372136966684008996e+02
1.732999999992599953e+02,3.616605584820804324e+02,1.020864830818456994e+02,2.020727867824524893e+01,1.373995778814525579e+02
1.733999999992600181e+02,3.616553686381890316e+02,1.022435787988211757e+02,2.023232796161479641e+01,1.375883707039980948e+02
1.734999999992699884e+02,3.616427114734520956e+02,1.023978422432722368e+02,2.025328866244396409e+01,1.377809788768562669e+02
1.735999999992699827e+02,3.615861931498148465e+02,1.025580826095918638e+02,2.027471530168710245e+01,1.379624745273871440e+02
1.736999999992699770e+02,3.615441615799273336e+02,1.027135013985600978e+02,2.028518418704095438e+01,1.381497814206407497e+02
1.737999999992800042e+02,3.615295482462901759e+02,1.028653965733217746e+02,2.029507360888320022e+01,1.383396087785645818e+02
1.738999999992799985e+02,3.614793359747351928e+02,1.030142794354558617e+02,2.029934772887488137e+01,1.385356050776346990e+02
1.739999999992799928e+02,3.614435065324833545e+02,1.031628961300826859e+02,2.029925961086177111e+01,1.387324657030350181e+02
1.740999999992799872e+02,3.614242264554030157e+02,1.033127502760050618e+02,2.030042837318473303e+01,1.389322655101967712e+02
1.741999999992900143e+02,3.614074414830700448e+02,1.034616218222933810e+02,2.030900214347742505e+01,1.391309573463218783e+02
1.742999999992900086e+02,3.614154120401547630e+02,1.036111028115057735e+02,2.031350488248313013e+01,1.393217996251454451e+02
1.743999999992900030e+02,3.614392324026676988e+02,1.037524733549724516e+02,2.033036787037115900e+01,1.395097358899361382e+02
1.744999999993000017e+02,3.614607927032434986e+02,1.038907490744247610e+02,2.035145269985957484e+01,1.396918696218743889e+02
1.745999999992999960e+02,3.615045440730436894e+02,1.040235299417151822e+02,2.036471600166552420e+01,1.398691394330473088e+02
1.746999999992999903e+02,3.615812332891852634e+02,1.041572765748106804e+02,2.038937605357316585e+01,1.400456124810835377e+02
1.747999999992999847e+02,3.616540592072589675e+02,1.042949476146527559e+02,2.041406534634354486e+01,1.402182003782434663e+02
1.748999999993100118e+02,3.617086574042429561e+02,1.044294513504108437e+02,2.042887440385978337e+01,1.404000210050717783e+02
1.749999999993100062e+02,3.617680710613062729e+02,1.045688014251507809e+02,2.044718037959096790e+01,1.405782696943585677e+02
1.750999999993100005e+02,3.618465614263988073e+02,1.047099842614766345e+02,2.046903459736399000e+01,1.407631398713282920e+02
1.751999999993199992e+02,3.619060872514609173e+02,1.048585489912333060e+02,2.049712050428829357e+01,1.409491674925874918e+02
1.752999999993199935e+02,3.619295521229911401e+02,1.050113308990896570e+02,2.052025951518013258e+01,1.411393220098584038e+02
1.753999999993199879e+02,3.619740457655349246e+02,1.051668910040251461e+02,2.054644095213849297e+01,1.413340283057675038e+02
1.754999999993199822e+02,3.620599515388077521e+02,1.053259290699194963e+02,2.057316179124791233e+01,1.415220740095745668e+02
1.755999999993300094e+02,3.621297069770366761e+02,1.054816983652785041e+02,2.059026988506529321e+01,1.417099601564333682e+02
1.756999999993300037e+02,3.622191113448002397e+02,1.056301156698904293e+02,2.061292068470515559e+01,1.419028421947814138e+02
1.757999999993299980e+02,3.622913393045214434e+02,1.057831952173744412e+02,2.062911486493624125e+01,1.420970593209490289e+02
1.758999999993400252e+02,3.623463167468765960e+02,1.059445283653884644e+02,2.065024920283439869e+01,1.422967651075544495e+02
1.759999999993400195e+02,3.624434578396738402e+02,1.061071735506777145e+02,2.067185795195340248e+01,1.424990989971726094e+02
1.760999999993400138e+02,3.625201501381462776e+02,1.062692378238769919e+02,2.069389751445992687e+01,1.427020180250848114e+02
1.761999999993499841e+02,3.625839602820934715e+02,1.064282633493938732e+02,2.071854576098262157e+01,1.428995717614872092e+02
1.762999999993500069e+02,3.626412390814745095e+02,1.065873006107240570e+02,2.074285944975500939e+01,1.430882376293192806e+02
1.763999999993500012e+02,3.627143866407673727e+02,1.067370737721278147e+02,2.077781730510039893e+01,1.432660135862670359e+02
1.764999999993499955e+02,3.627692045019651346e+02,1.068790018969434357e+02,2.080296141590696735e+01,1.434345122366381702e+02
1.765999999993599943e+02,3.628439512981611301e+02,1.070140637645346260e+02,2.083496347881230903e+01,1.435934470790853936e+02
1.766999999993600170e+02,3.629328735706067164e+02,1.071394723984528099e+02,2.087094057566786631e+01,1.437442186119515668e+02
1.767999999993600113e+02,3.630141346952444223e+02,1.072644190115479716e+02,2.090207894196267802e+01,1.438972727829496705e+02
1.768999999993699817e+02,3.630956579172566876e+02,1.073903874867585984e+02,2.092275126006476782e+01,1.440568831162992467e+02
1.769999999993699760e+02,3.631269533393248707e+02,1.075090158024394924e+02,2.094359101234248399e+01,1.442127190924149716e+02
1.770999999993699987e+02,3.631378851776500483e+02,1.076270695395985371e+02,2.095702342585728317e+01,1.443621267078466701e+02
1.771999999993699930e+02,3.631821349710744471e+02,1.077427581206971610e+02,2.097075645528857990e+01,1.445182454593052057e+02
1.772999999993799918e+02,3.632097199957993325e+02,1.078635517349060109e+02,2.098837836693408576e+01,1.446653957662086611e+02
1.773999999993800145e+02,3.632014962418674600e+02,1.079852154728537386e+02,2.100516018594948520e+01,1.448123851675318292e+02
1.774999999993800088e+02,3.632106682782475673e+02,1.081022013649941300e+02,2.101535005427850678e+01,1.449613829121099400e+02
1.775999999993900076e+02,3.632142026389988700e+02,1.082149379586416131e+02,2.103111023606050622e+01,1.450997956905654291e+02
1.776999999993900019e+02,3.631933161972284552e+02,1.083280916129119760e+02,2.104505245805691516e+01,1.452350416913481581e+02
1.777999999993900246e+02,3.631857073380926408e+02,1.084399222203539921e+02,2.105659626672047224e+01,1.453690452090156668e+02
1.778999999993999950e+02,3.632052096679082069e+02,1.085440660052879736e+02,2.106413133622486100e+01,1.455055847444260735e+02
1.779999999993999893e+02,3.632295022650885699e+02,1.086519783931285872e+02,2.106517243998249000e+01,1.456405214350168933e+02
1.780999999993999836e+02,3.632602409890358786e+02,1.087635773534598798e+02,2.107197530271545816e+01,1.457784812844648457e+02
1.781999999994000063e+02,3.632800553128955130e+02,1.088773382246575352e+02,2.107673685872120828e+01,1.459181102317360796e+02
1.782999999994100051e+02,3.633176539500846616e+02,1.089922533290864521e+02,2.108293268307122403e+01,1.460614458324673137e+02
1.783999999994099994e+02,3.633375317047490967e+02,1.091117285430478177e+02,2.108731365686769621e+01,1.462085217386164402e+02
1.784999999994099937e+02,3.633611080551847863e+02,1.092367216308904290e+02,2.109129605145647801e+01,1.463533016861459544e+02
1.785999999994199925e+02,3.634281979678661969e+02,1.093569952316032357e+02,2.108362088147959312e+01,1.465092143926366646e+02
1.786999999994199868e+02,3.635430888973646120e+02,1.094863512972473671e+02,2.107782351152368605e+01,1.466661199307015977e+02
1.787999999994199811e+02,3.636430531680694571e+02,1.096157941127206499e+02,2.107701165333000048e+01,1.468309945702214918e+02
1.788999999994200039e+02,3.637353132935416511e+02,1.097479377590525189e+02,2.107228273196906443e+01,1.470025376454916568e+02
1.789999999994300026e+02,3.637911786095447155e+02,1.098831539266785740e+02,2.107027288305789980e+01,1.471778242381420796e+02
1.790999999994299969e+02,3.638130566526673420e+02,1.100145227322789623e+02,2.107492827105041044e+01,1.473593239280924365e+02
1.791999999994299912e+02,3.638279672240414016e+02,1.101555451051781063e+02,2.107564863076895278e+01,1.475413027116383375e+02
1.792999999994400184e+02,3.638223494885975811e+02,1.103045496737357354e+02,2.108112528186338963e+01,1.477280968498727134e+02
1.793999999994400127e+02,3.637896905448922666e+02,1.104651616389364079e+02,2.108273161391263884e+01,1.479250214915604715e+02
1.794999999994400071e+02,3.637658957494508059e+02,1.106319976716626741e+02,2.108925457129063119e+01,1.481346601516511043e+02
1.795999999994400014e+02,3.637492852775824872e+02,1.108052580303820633e+02,2.109867416058021661e+01,1.483439999809289134e+02
1.796999999994500001e+02,3.637072572277879203e+02,1.109823907821719899e+02,2.111739753258502716e+01,1.485607776526127566e+02
1.797999999994499944e+02,3.636836930629839344e+02,1.111693160117352477e+02,2.114335340430757881e+01,1.487824920387004966e+02
1.798999999994499888e+02,3.636617617382966046e+02,1.113618517593607891e+02,2.118684921992544190e+01,1.490075885171449670e+02
1.799999999994600159e+02,3.636359779563899792e+02,1.115712032470333099e+02,2.123446362772253693e+01,1.492427709459387870e+02
1.800999999994600103e+02,3.635877703793599949e+02,1.117916903072394348e+02,2.128774391614080486e+01,1.494837597301020082e+02
1.801999999994600046e+02,3.635642262489869267e+02,1.120149265828554945e+02,2.134580163133825437e+01,1.497239478372354711e+02
1.802999999994700033e+02,3.635682749168809664e+02,1.122423928697382252e+02,2.139602920990976287e+01,1.499756774256731546e+02
1.803999999994699976e+02,3.635443126269989307e+02,1.124750239641629292e+02,2.144634265711664156e+01,1.502282449940517211e+02
1.804999999994699920e+02,3.635258791737076081e+02,1.126989217007020585e+02,2.148670782016676384e+01,1.504732950489191126e+02
1.805999999994699863e+02,3.635017649733234180e+02,1.129169778553906980e+02,2.153214326258542854e+01,1.507071585789497874e+02
1.806999999994800135e+02,3.634819394003293951e+02,1.131304316142718136e+02,2.158310949571707127e+01,1.509289615598861189e+02
1.807999999994800078e+02,3.634471197280151387e+02,1.133359035874503746e+02,2.164225775861039835e+01,1.511488546047237662e+02
1.808999999994800021e+02,3.633866602571598605e+02,1.135424905673023090e+02,2.169263738659377339e+01,1.513634445514400397e+02
1.809999999994900008e+02,3.633366712556253901e+02,1.137357691190230469e+02,2.174909796783485660e+01,1.515739192983540420e+02
1.810999999994900236e+02,3.632781388919858614e+02,1.139306701786984348e+02,2.180788711750086506e+01,1.517798312341678013e+02
1.811999999994900179e+02,3.632251942192494880e+02,1.141195922434868919e+02,2.186201227340937336e+01,1.519798972940229191e+02
1.812999999994900122e+02,3.631322906057091586e+02,1.143042259148968327e+02,2.191054913860066122e+01,1.521860084156850519e+02
1.813999999994999826e+02,3.630191434698915032e+02,1.144810928328591757e+02,2.195617094481185916e+01,1.523836841701681806e+02
1.814999999995000053e+02,3.629842134670591349e+02,1.146549402194547866e+02,2.199083840675702817e+01,1.525756187753991924e+02
1.815999999994999996e+02,3.629851216620033938e+02,1.148382863477775118e+02,2.202258657367802286e+01,1.527747677458919497e+02
1.816999999995099984e+02,3.629648659665090804e+02,1.150259013762422597e+02,2.205523225222023953e+01,1.529772895540662887e+02
1.817999999995100211e+02,3.629495109629694980e+02,1.152226311669144536e+02,2.208377760823091052e+01,1.531918366201197443e+02
1.818999999995100154e+02,3.629441384911728505e+02,1.154221985794087004e+02,2.211157976272228254e+01,1.534157320958515527e+02
1.819999999995199857e+02,3.629434323060949623e+02,1.156255904774072008e+02,2.214043196597884844e+01,1.536448794704489558e+02
1.820999999995199801e+02,3.629758815270955097e+02,1.158348877318978509e+02,2.216915311791678533e+01,1.538784566604923896e+02
1.821999999995200028e+02,3.630411914352685017e+02,1.160467813652911531e+02,2.221481740090175805e+01,1.541218031066781577e+02
1.822999999995199971e+02,3.631550307671055293e+02,1.162668035094721830e+02,2.226879558352204924e+01,1.543681818387145768e+02
1.823999999995299959e+02,3.632575244070731628e+02,1.164903465411890551e+02,2.232010071046180855e+01,1.546129252920188151e+02
1.824999999995299902e+02,3.633353759761767492e+02,1.167149278939779435e+02,2.237140555395031072e+01,1.548632654794396615e+02
1.825999999995300129e+02,3.634171973698033185e+02,1.169443515429970546e+02,2.242611103904148706e+01,1.551153356998132722e+02
1.826999999995400117e+02,3.634946170228556070e+02,1.171762195388001544e+02,2.248134816831514371e+01,1.553718300993229775e+02
1.827999999995400060e+02,3.635844475043119814e+02,1.174213060357801055e+02,2.253878010442198487e+01,1.556240119863126665e+02
1.828999999995400003e+02,3.636395901471936440e+02,1.176627476549938649e+02,2.258934669725535116e+01,1.558765600234270323e+02
1.829999999995400231e+02,3.637231371445968762e+02,1.178900726019746941e+02,2.263817899344730833e+01,1.561249086264376160e+02
1.830999999995499934e+02,3.637696074222431548e+02,1.181156096925733578e+02,2.268354970764095668e+01,1.563659811711556813e+02
1.831999999995499877e+02,3.637899464559673106e+02,1.183298700073368366e+02,2.273017935713848559e+01,1.566127945348728190e+02
1.832999999995500104e+02,3.637867412385326702e+02,1.185611366414285044e+02,2.277588915912118850e+01,1.568509120138136552e+02
1.833999999995600092e+02,3.638221524961289219e+02,1.187900217766066362e+02,2.282429395389588578e+01,1.570927366242290475e+02
1.834999999995600035e+02,3.638359479533625631e+02,1.190163705660665130e+02,2.288194921928438319e+01,1.573334249205369133e+02
1.835999999995599978e+02,3.638524976292740689e+02,1.192500047553372298e+02,2.294808052222565209e+01,1.575728588065550184e+02
1.836999999995600206e+02,3.638803339232501912e+02,1.194726154661531297e+02,2.299514819140957300e+01,1.578073552563062947e+02
1.837999999995699909e+02,3.639070883342311618e+02,1.196953718021217838e+02,2.304763539575075271e+01,1.580427783260440435e+02
1.838999999995699852e+02,3.639302474986862990e+02,1.199111417739873957e+02,2.310098897746605218e+01,1.582759723959097755e+02
1.839999999995699795e+02,3.639581211832997383e+02,1.201206385636152163e+02,2.315607860423904896e+01,1.585056574971071086e+02
1.840999999995800067e+02,3.639914594807034973e+02,1.203261265466688030e+02,2.321401709504106492e+01,1.587250086984837765e+02
1.841999999995800010e+02,3.640881840912775829e+02,1.205254152045853147e+02,2.326557924273651778e+01,1.589399216283883334e+02
1.842999999995799953e+02,3.641920805574756059e+02,1.207276942482495912e+02,2.332843173183986352e+01,1.591589939565960208e+02
1.843999999995900225e+02,3.642792907108478744e+02,1.209268607033163931e+02,2.338799473151065911e+01,1.593700581642412146e+02
1.844999999995900168e+02,3.643745193495635704e+02,1.211332448362543346e+02,2.344863596991509525e+01,1.595788453189872484e+02
1.845999999995900112e+02,3.645360954840957106e+02,1.213401785154396180e+02,2.351410037461748814e+01,1.597985308306657828e+02
1.846999999995900055e+02,3.647166735019033013e+02,1.215485749323923130e+02,2.357585741784892619e+01,1.600228946519625595e+02
1.847999999996000042e+02,3.648659423954965746e+02,1.217593019389037039e+02,2.364221907124271027e+01,1.602482806150170802e+02
1.848999999995999985e+02,3.649810602228457697e+02,1.219684927509944146e+02,2.370310371682818840e+01,1.604693791337513460e+02
1.849999999995999929e+02,3.650990434602199457e+02,1.221658959812534420e+02,2.375863476309652711e+01,1.606892853284400076e+02
1.850999999996100200e+02,3.652260406912739086e+02,1.223557213304867588e+02,2.381718771823988945e+01,1.609085875309993980e+02
1.851999999996100144e+02,3.654038592335626277e+02,1.225414883327816256e+02,2.386757325284881404e+01,1.611183699202631772e+02
1.852999999996100087e+02,3.656413386138968349e+02,1.227164426393630947e+02,2.390654898967975583e+01,1.613133666598309617e+02
1.853999999996100030e+02,3.659114898660189965e+02,1.228738048978915032e+02,2.394595741367418640e+01,1.614941183522012409e+02
1.854999999996200017e+02,3.661867035184344559e+02,1.230241534978936357e+02,2.398222179032982027e+01,1.616663033804050258e+02
1.855999999996199961e+02,3.664362617740013661e+02,1.231651642108922573e+02,2.401799116406056100e+01,1.618333017108312220e+02
1.856999999996199904e+02,3.667000275977217143e+02,1.232860602724422563e+02,2.405077060656427079e+01,1.619775189595096094e+02
1.857999999996299891e+02,3.669320816020423877e+02,1.233955965529163876e+02,2.408355164710323848e+01,1.621049385787437984e+02
1.858999999996300119e+02,3.671011974276987644e+02,1.234832501393918278e+02,2.411394270662502848e+01,1.622180374172881159e+02
1.859999999996300062e+02,3.673113402962677014e+02,1.235609196098019709e+02,2.413829118151259934e+01,1.623201052177174120e+02
1.860999999996399765e+02,3.675667523227592710e+02,1.236368714419069192e+02,2.415284013403355701e+01,1.624070311467373529e+02
1.861999999996399993e+02,3.678325898495995716e+02,1.237230377230442571e+02,2.416548335941626036e+01,1.624957201140009886e+02
1.862999999996399936e+02,3.681013806128614760e+02,1.238141837409508099e+02,2.416665750152565195e+01,1.625888285655130403e+02
1.863999999996399879e+02,3.683798867264751493e+02,1.239024717882868742e+02,2.416289619957769830e+01,1.626768052752183564e+02
1.864999999996499866e+02,3.686452284591914008e+02,1.239725059835449770e+02,2.417453311875570776e+01,1.627559447667077848e+02
1.865999999996500094e+02,3.689225012039289027e+02,1.240256841384901492e+02,2.416703338225208597e+01,1.628291496750925376e+02
1.866999999996500037e+02,3.692368645829379830e+02,1.240736372053485610e+02,2.416003984240421687e+01,1.628966206226609756e+02
1.867999999996600025e+02,3.695557289425537419e+02,1.241249981364410360e+02,2.415608527796834437e+01,1.629561449034040379e+02
1.868999999996599968e+02,3.698307124793379330e+02,1.241759291602890585e+02,2.415722312047168074e+01,1.630099323265892224e+02
1.869999999996600195e+02,3.701657944562687135e+02,1.242217130522279405e+02,2.416522918394626274e+01,1.630616886581163669e+02
1.870999999996600138e+02,3.704877941688955616e+02,1.242642044164959145e+02,2.416496445491458189e+01,1.631112396389697210e+02
1.871999999996699842e+02,3.708056756631027042e+02,1.243078934111038620e+02,2.416813057798630737e+01,1.631661834102525575e+02
1.872999999996699785e+02,3.710888529494835097e+02,1.243410115498523965e+02,2.416085775712987171e+01,1.632157469282612965e+02
1.873999999996700012e+02,3.713472271582618873e+02,1.243661676897845183e+02,2.415143084474702206e+01,1.632564606782767100e+02
1.874999999996800000e+02,3.716006874517379401e+02,1.243826580194391340e+02,2.412874051551761667e+01,1.632953275937360331e+02
1.875999999996799943e+02,3.718992532834111557e+02,1.243908924017987090e+02,2.410848910245748655e+01,1.633346738116541417e+02
1.876999999996800170e+02,3.721775156204175801e+02,1.243993433033545557e+02,2.407440820457378905e+01,1.633926717767595278e+02
1.877999999996800113e+02,3.724506988160707124e+02,1.244146597140951229e+02,2.406085317006026969e+01,1.634595030382884033e+02
1.878999999996899817e+02,3.727489900120148150e+02,1.244494059154917238e+02,2.405925573196802247e+01,1.635380448337008374e+02
1.879999999996899760e+02,3.729621733271504809e+02,1.245126883622723710e+02,2.405786371198598417e+01,1.636198050038699137e+02
1.880999999996899987e+02,3.732044444434393426e+02,1.245860348099499078e+02,2.409231782739324501e+01,1.637297278783670436e+02
1.881999999996999975e+02,3.734652645161770010e+02,1.246855923427249735e+02,2.413740658848491449e+01,1.638488757107208471e+02
1.882999999996999918e+02,3.737351032031246518e+02,1.248090960460917529e+02,2.419389100682603200e+01,1.639899184094207101e+02
1.883999999996999861e+02,3.740287742143166270e+02,1.249385219557722451e+02,2.423877142634555781e+01,1.641278100063238696e+02
1.884999999997100133e+02,3.743263380638485387e+02,1.250664616136063785e+02,2.430914273408867388e+01,1.642579788079949594e+02
1.885999999997100076e+02,3.746279348453685998e+02,1.251881205395355892e+02,2.437392867626929061e+01,1.643806931442290988e+02
1.886999999997100019e+02,3.749101810216586159e+02,1.253144519019348451e+02,2.444690961066536516e+01,1.645120682490881450e+02
1.887999999997099962e+02,3.751368163799483568e+02,1.254424822786818794e+02,2.451815011980883696e+01,1.646337301943936211e+02
1.888999999997199950e+02,3.753962011409682304e+02,1.255667503549957473e+02,2.458969431876364098e+01,1.647497438358865907e+02
1.889999999997199893e+02,3.756728484717238530e+02,1.256891164649396586e+02,2.467372841003699691e+01,1.648617546571838659e+02
1.890999999997199836e+02,3.759737114451875186e+02,1.258103702287593109e+02,2.475391114227439715e+01,1.649745906049567736e+02
1.891999999997300108e+02,3.762285829579447523e+02,1.259236521230844090e+02,2.483822545502134460e+01,1.650803520937991493e+02
1.892999999997300051e+02,3.764410179077829071e+02,1.260310353164174444e+02,2.489477479534374993e+01,1.651802233057339038e+02
1.893999999997299994e+02,3.766404341826447535e+02,1.261257490132165486e+02,2.492881560078817671e+01,1.652787358327719005e+02
1.894999999997299938e+02,3.768518476047659647e+02,1.262158317574459829e+02,2.495772695996464208e+01,1.653699835406691534e+02
1.895999999997399925e+02,3.770397286848153158e+02,1.262964139719453556e+02,2.497745329787714397e+01,1.654563055730461087e+02
1.896999999997399868e+02,3.773377123479999113e+02,1.263818275567842733e+02,2.498661134050659527e+01,1.655467041441196443e+02
1.897999999997399811e+02,3.775695631721320069e+02,1.264739187725206051e+02,2.500159735735174493e+01,1.656527556329500896e+02
1.898999999997500083e+02,3.777740099563401941e+02,1.265745477747561409e+02,2.503287280928178760e+01,1.657467266122498017e+02
1.899999999997500026e+02,3.779241166029923988e+02,1.266651964615390682e+02,2.505559168452845498e+01,1.658445361882153009e+02
1.900999999997499970e+02,3.780753974191966336e+02,1.267483020797930919e+02,2.508669688990157809e+01,1.659416477621656441e+02
1.901999999997499913e+02,3.782299286320441070e+02,1.268340935371971199e+02,2.511184640157241788e+01,1.660359450090944335e+02
1.902999999997600185e+02,3.783706688495213371e+02,1.269096328723400831e+02,2.514353438803580332e+01,1.661148854436675606e+02
1.903999999997600128e+02,3.784553769870848896e+02,1.269542802886881532e+02,2.516929730158905087e+01,1.661771608182816067e+02
1.904999999997600071e+02,3.785479060900939317e+02,1.269928400600100957e+02,2.519055222383788362e+01,1.662356798947837149e+02
1.905999999997700058e+02,3.786765872130823709e+02,1.270401329121156238e+02,2.520684306974519018e+01,1.662807599647510983e+02
1.906999999997700002e+02,3.788925067992414597e+02,1.270762409705384215e+02,2.522237781475986651e+01,1.663034409154393529e+02
1.907999999997699945e+02,3.791677497773457617e+02,1.270876609206435432e+02,2.523737534088941104e+01,1.663129517412411644e+02
1.908999999997799932e+02,3.793955524300028515e+02,1.270875257872870350e+02,2.524272585723972639e+01,1.663006169952558935e+02
1.909999999997800160e+02,3.795326048649456538e+02,1.270785459629691161e+02,2.523352906719739153e+01,1.662912426780217174e+02
1.910999999997800103e+02,3.797203867187787409e+02,1.270612360259064246e+02,2.523750960112229791e+01,1.662683564647247749e+02
1.911999999997800046e+02,3.798718408879879576e+02,1.270408382822995605e+02,2.522760101108451991e+01,1.662473318386701635e+02
1.912999999997899749e+02,3.800342328946651946e+02,1.270239405364850569e+02,2.520582253355135904e+01,1.662186707245563468e+02
1.913999999997899977e+02,3.802806417519818751e+02,1.269929552415036085e+02,2.518521531261771074e+01,1.661884763849856483e+02
1.914999999997899920e+02,3.804603878880819252e+02,1.269662796456861713e+02,2.515987657482683915e+01,1.661374975568840853e+02
1.915999999997999907e+02,3.806995033325413260e+02,1.269220597386524929e+02,2.513337598504337222e+01,1.660830455117453823e+02
1.916999999997999851e+02,3.809442086492518911e+02,1.268617103272826228e+02,2.510981329872329937e+01,1.660244779459311246e+02
1.917999999998000078e+02,3.810972153830606430e+02,1.267970031353202529e+02,2.509713693254047939e+01,1.659657916565332130e+02
1.918999999998000021e+02,3.812889206986799309e+02,1.267349040680667400e+02,2.507115880961509902e+01,1.659023579057162294e+02
1.919999999998100009e+02,3.815391359897528218e+02,1.266625742909719179e+02,2.504837236482994456e+01,1.658281940487466386e+02
1.920999999998100236e+02,3.817846338628797298e+02,1.265767439413306477e+02,2.504888564384256000e+01,1.657423769279491239e+02
1.921999999998100179e+02,3.821415709692174687e+02,1.264796383047251283e+02,2.504827418783063564e+01,1.656368890040098449e+02
1.922999999998199883e+02,3.825405738219819796e+02,1.263888372509673133e+02,2.500792989610389583e+01,1.655362361811101835e+02
1.923999999998199826e+02,3.829197013828829199e+02,1.263093693063313623e+02,2.501585894400904309e+01,1.654444544990604697e+02
1.924999999998200053e+02,3.832939488224497495e+02,1.262381936539552498e+02,2.502901640489423585e+01,1.653580418690912381e+02
1.925999999998300041e+02,3.836860884119481625e+02,1.261676578909573010e+02,2.504086864153129710e+01,1.652912071129744902e+02
1.926999999998299984e+02,3.841137738732244884e+02,1.261166133932298123e+02,2.506695633250149413e+01,1.652161085517925017e+02
1.927999999998299927e+02,3.844869583037446432e+02,1.260481373481012923e+02,2.507287526959838431e+01,1.651384265280771899e+02
1.928999999998300154e+02,3.848480231241534284e+02,1.259695876798264749e+02,2.508915317590806282e+01,1.650411501120877062e+02
1.929999999998399858e+02,3.850778524799073921e+02,1.258684919293859110e+02,2.510007548884071937e+01,1.649287595257676458e+02
1.930999999998399801e+02,3.853765241810953626e+02,1.257468472441493077e+02,2.514095226091307822e+01,1.648240464103828629e+02
1.931999999998399744e+02,3.857047780773074237e+02,1.256274423757323575e+02,2.516449535333257259e+01,1.647040715236556707e+02
1.932999999998500016e+02,3.860323667706163064e+02,1.255126495447640309e+02,2.518133163572998612e+01,1.645830681522133148e+02
1.933999999998499959e+02,3.863186573834855722e+02,1.254131176382720838e+02,2.518940085095292858e+01,1.644545798297316423e+02
1.934999999998499902e+02,3.865775246922805763e+02,1.253258321675222930e+02,2.519686206385272698e+01,1.643437931554616398e+02
1.935999999998500130e+02,3.868786757434791639e+02,1.252351674827687731e+02,2.519149966624297221e+01,1.642667867987993588e+02
1.936999999998600117e+02,3.871284239444096897e+02,1.251817756575954803e+02,2.516723336048344706e+01,1.641980276640580314e+02
1.937999999998600060e+02,3.874114293404089722e+02,1.251159614969230773e+02,2.514006499639188519e+01,1.641446578643688383e+02
1.938999999998600003e+02,3.876505268148534356e+02,1.250365325083035657e+02,2.509593499583552045e+01,1.640848671647036099e+02
1.939999999998699991e+02,3.878294511835252933e+02,1.249389427117142759e+02,2.506663667513726779e+01,1.639844616826995320e+02
1.940999999998699934e+02,3.880612694966197296e+02,1.248013526171524887e+02,2.500461490394916808e+01,1.638991810229562134e+02
1.941999999998699877e+02,3.882733924523647033e+02,1.246522197899048336e+02,2.492767409472677897e+01,1.637978989826862914e+02
1.942999999998699820e+02,3.884470124368049824e+02,1.244948588900686843e+02,2.483928925483722594e+01,1.637024474760061707e+02
1.943999999998800092e+02,3.885563215106438975e+02,1.243563658436617061e+02,2.473022106873429848e+01,1.636012884766778939e+02
1.944999999998800035e+02,3.886906390491944876e+02,1.242398174042654801e+02,2.463000376447450179e+01,1.634957838650341841e+02
1.945999999998799979e+02,3.889191594495986237e+02,1.240771954770707879e+02,2.456438924533614809e+01,1.633483832638174249e+02
1.946999999998899966e+02,3.892286400823348913e+02,1.238794234133470411e+02,2.449068279259260450e+01,1.631962279665814890e+02
1.947999999998899909e+02,3.894783389463057119e+02,1.236744811805024398e+02,2.437867359026212100e+01,1.630196497745752993e+02
1.948999999998899852e+02,3.897562959431311924e+02,1.234835275504652685e+02,2.424370949474385384e+01,1.628440275780391175e+02
1.949999999999000124e+02,3.900525189610014536e+02,1.232532535447376318e+02,2.410303985878701383e+01,1.626723438540994948e+02
1.950999999999000067e+02,3.904624118175293006e+02,1.230039476841052704e+02,2.398995337805223116e+01,1.624865572410264463e+02
1.951999999999000011e+02,3.910312514372912460e+02,1.227434194847261324e+02,2.392021871994470317e+01,1.622743500333520217e+02
1.952999999998999954e+02,3.916510027550203290e+02,1.224619633217810133e+02,2.389047299229718746e+01,1.620336544502551988e+02
1.953999999999100226e+02,3.920794063083606602e+02,1.221923145103659607e+02,2.381442181031937722e+01,1.617879848795179498e+02
1.954999999999100169e+02,3.924750171682150608e+02,1.219602995813952475e+02,2.374394226023524013e+01,1.615601258816692791e+02
1.955999999999100112e+02,3.929053885893076767e+02,1.217284229341228752e+02,2.369755106356542740e+01,1.613221214818626947e+02
1.956999999999199815e+02,3.935838766928141581e+02,1.214468004128073773e+02,2.364123980802782299e+01,1.610777853382506350e+02
1.957999999999200043e+02,3.940985705614890549e+02,1.212025293847904948e+02,2.363497064922490765e+01,1.608348193806422444e+02
1.958999999999199986e+02,3.946667472492550246e+02,1.210353749557976641e+02,2.365633984106339582e+01,1.606293473820305451e+02
1.959999999999199929e+02,3.952601147709679594e+02,1.208788204788951077e+02,2.372152374264354435e+01,1.605007357291236190e+02
1.960999999999299916e+02,3.959997975927394123e+02,1.207548854369400289e+02,2.381001811104686183e+01,1.604126274564438859e+02
1.961999999999300144e+02,3.967201055117357669e+02,1.206697195063930081e+02,2.392460663800979503e+01,1.603324683892480209e+02
1.962999999999300087e+02,3.973923213455967698e+02,1.206250520408396483e+02,2.403701181376229101e+01,1.602982205401144427e+02
1.963999999999399790e+02,3.980176995180141262e+02,1.205966219466600080e+02,2.413161484161626191e+01,1.602899925001476902e+02
1.964999999999400018e+02,3.986755958683686458e+02,1.205503126692676119e+02,2.416613925148250530e+01,1.602902775676109570e+02
1.965999999999399961e+02,3.992133914513337913e+02,1.204794222156231314e+02,2.419903614734151986e+01,1.602726082652624768e+02
1.966999999999499948e+02,3.997566360343497536e+02,1.203812618644644061e+02,2.423462869985837287e+01,1.601974227923656997e+02
1.967999999999499892e+02,4.001094829418983068e+02,1.202191400998852373e+02,2.424567254154138496e+01,1.600964942179059562e+02
1.968999999999500119e+02,4.003947281288282056e+02,1.200970017477928309e+02,2.426235170164548904e+01,1.599830139416700092e+02
1.969999999999500062e+02,4.005839740526743640e+02,1.199724341550809328e+02,2.425469077259565154e+01,1.598882517089849955e+02
1.970999999999600050e+02,4.010446952678302637e+02,1.198271236602768113e+02,2.420217210757710902e+01,1.598025014844583040e+02
1.971999999999599993e+02,4.014782999142781819e+02,1.197364722647116935e+02,2.414048452600760797e+01,1.596659395995542923e+02
1.972999999999600220e+02,4.019103406440311232e+02,1.195998400489934284e+02,2.409213601154610274e+01,1.595922722540108794e+02
1.973999999999699924e+02,4.023600021197856904e+02,1.195164998811489312e+02,2.408372934995870551e+01,1.594498250298507287e+02
1.974999999999699867e+02,4.027614371451729198e+02,1.194358586823711761e+02,2.405767068440297152e+01,1.592512037288434783e+02
1.975999999999699810e+02,4.033062745349314469e+02,1.192731843909624700e+02,2.399033462227814439e+01,1.590881338306338648e+02
1.976999999999700037e+02,4.036454735780947090e+02,1.191023259358894109e+02,2.394562029179623153e+01,1.589030500235825514e+02
1.977999999999800025e+02,4.043792698296649633e+02,1.189111204501907650e+02,2.389029355425775591e+01,1.587055716048764396e+02
1.978999999999799968e+02,4.050655485406781509e+02,1.186923762546398251e+02,2.385640146715702414e+01,1.584832861024569581e+02
1.979999999999800195e+02,4.056100219275356267e+02,1.184725122345438848e+02,2.384258720054454272e+01,1.582714479595714465e+02
1.980999999999899899e+02,4.059869657814497259e+02,1.183006782843356746e+02,2.385521625106414589e+01,1.581387023545320858e+02
1.981999999999899842e+02,4.063433816738780706e+02,1.181170403517707115e+02,2.387243225640501620e+01,1.580927623867348757e+02
1.982999999999899785e+02,4.069229160893071366e+02,1.180539407754649091e+02,2.393640220643072070e+01,1.580332486682070794e+02
1.983999999999900012e+02,4.076087882829519913e+02,1.179898208856878057e+02,2.401922016948111605e+01,1.581017718211565466e+02
1.985000000000000000e+02,4.082275002192002944e+02,1.179877455476450336e+02,2.413439306452601230e+01,1.582074200300855296e+02
1.985999999999999943e+02,4.090049548470851732e+02,1.181189689555799163e+02,2.429218465460347787e+01,1.582742402808578674e+02
1.986999999999999886e+02,4.100307086138738555e+02,1.181785531697351388e+02,2.435430325405316765e+01,1.584061434623069999e+02
1.988000000000100158e+02,4.111159967842874039e+02,1.181129353085373452e+02,2.438623418609012106e+01,1.584708217553962868e+02
1.989000000000100101e+02,4.118930777039370810e+02,1.182007293565708466e+02,2.446801647538304891e+01,1.583219263218134358e+02
1.990000000000100044e+02,4.132032276847262438e+02,1.181915704590583829e+02,2.457371416746177317e+01,1.583080063552980903e+02
1.991000000000200032e+02,4.139547453362449119e+02,1.182761948694180347e+02,2.472147642098643416e+01,1.582704725939447314e+02
1.992000000000199975e+02,4.142961546160581179e+02,1.185420176406195765e+02,2.490854680151012701e+01,1.583228694908915770e+02
1.993000000000199918e+02,4.146002546612593846e+02,1.187712409794408046e+02,2.527172069403684773e+01,1.585730769667974016e+02
1.994000000000199861e+02,4.149752983446949202e+02,1.191505191823355148e+02,2.557761312510301366e+01,1.587740213725428760e+02
1.995000000000300133e+02,4.140434032565742086e+02,1.191504751648563456e+02,2.586532296848887214e+01,1.588468847790444158e+02
1.996000000000300076e+02,4.132465611460483501e+02,1.190498304364107582e+02,2.600656941072386275e+01,1.588125563565338041e+02
1.997000000000300020e+02,4.122775341812535999e+02,1.194009059958698202e+02,2.619166037829250726e+01,1.590053167192405112e+02
1.998000000000400007e+02,4.107699387001010223e+02,1.197968568086289451e+02,2.623679918267063016e+01,1.593606402509664974e+02
1.999000000000399950e+02,4.090284388737517816e+02,1.201326362256336182e+02,2.646363445258837999e+01,1.596298925365213108e+02
2.000000000000399893e+02,4.066594634089691453e+02,1.201629793399210939e+02,2.685924069065768549e+01,1.593570549066134276e+02
