lag_ps,Li_A2,Zr_A2,Cl_A2,O_A2
0.000000000000000000e+00,0.000000000000000000e+00,0.000000000000000000e+00,0.000000000000000000e+00,0.000000000000000000e+00
1.000000000000000056e-01,3.058401219311614461e-01,4.840472103598652404e-02,1.302836660312312045e-01,7.444806234986846294e-02
2.000000000000000111e-01,4.348699428454753657e-01,9.750048900407552732e-02,2.345983396064755810e-01,1.079910085597059199e-01
3.000000000000000444e-01,5.085160552985933391e-01,1.318845632318829675e-01,2.838504607266731372e-01,1.281043898388490865e-01
4.000000000000000222e-01,5.630317612955231255e-01,1.628386020880270568e-01,3.178522487909614114e-01,1.450203810681790495e-01
5.000000000000000000e-01,6.090387860098335215e-01,1.803148760359516434e-01,3.384514795304900403e-01,1.586280409855378992e-01
6.000000000000000888e-01,6.420959107436354785e-01,1.872059317896853647e-01,3.461423031558394370e-01,1.670489321112351988e-01
7.000000000000000666e-01,6.609565901362259854e-01,1.875756438427882977e-01,3.466300608021375407e-01,1.672181702342078469e-01
8.000000000000000444e-01,6.746387089362578804e-01,1.855341232492975778e-01,3.463164998626923619e-01,1.659210309112447157e-01
9.000000000000000222e-01,6.888997494992099568e-01,1.812536015228223829e-01,3.441551169709055613e-01,1.638128670203672921e-01
1.000000000000000000e+00,6.970194605811200761e-01,1.761821677030377398e-01,3.384639052959692584e-01,1.611745837061633047e-01
1.100000000000000089e+00,7.018655606466948083e-01,1.697904136058360214e-01,3.322158806458508917e-01,1.541510664296904254e-01
1.200000000000000178e+00,7.115954963465102034e-01,1.639738394314654846e-01,3.273493468599539269e-01,1.495864936765605446e-01
1.300000000000000044e+00,7.202360681285477906e-01,1.589595131287046825e-01,3.240812280386691779e-01,1.442435942346008693e-01
1.400000000000000133e+00,7.278650489572351390e-01,1.555327275221107253e-01,3.200242668007880487e-01,1.408430967769462583e-01
1.500000000000000000e+00,7.349088364459930300e-01,1.534613561225090239e-01,3.169666965579429618e-01,1.398624852796094831e-01
1.600000000000000089e+00,7.446820554309218076e-01,1.526720753046247603e-01,3.152000348760420900e-01,1.386008421596188200e-01
1.700000000000000178e+00,7.533373482852783187e-01,1.536151440890611564e-01,3.157296006035896774e-01,1.397308952769379387e-01
1.800000000000000044e+00,7.649803750057827534e-01,1.564653498738285964e-01,3.190627690497083724e-01,1.406077731712170320e-01
1.900000000000000133e+00,7.761566982281644655e-01,1.597572467648673000e-01,3.231482486264884435e-01,1.446403321470434711e-01
2.000000000000000000e+00,7.863503793615469473e-01,1.628618069074440067e-01,3.269095426421911310e-01,1.475750484646516092e-01
2.100000000000000089e+00,7.956129049601309289e-01,1.657696844654957258e-01,3.318338803688399841e-01,1.504955591338051069e-01
2.200000000000000178e+00,8.078906970845535218e-01,1.688464446177988521e-01,3.382937337584750459e-01,1.516116348977516459e-01
2.300000000000000266e+00,8.175148568854939679e-01,1.718432762331873476e-01,3.427242068422767796e-01,1.532409168230335350e-01
2.400000000000000355e+00,8.259706872770751218e-01,1.732278406199316279e-01,3.431297057699329578e-01,1.551186522775264975e-01
2.500000000000000000e+00,8.325650827684888400e-01,1.731900706120276245e-01,3.430097577219914373e-01,1.553795670051495992e-01
2.600000000000000089e+00,8.365353084668537553e-01,1.725649758152514868e-01,3.420505224972759106e-01,1.553488288474277612e-01
2.700000000000000178e+00,8.376195815007237977e-01,1.715076824815711665e-01,3.395280940705413530e-01,1.525985418661255644e-01
2.800000000000000266e+00,8.405234535926906503e-01,1.689548028205371810e-01,3.365978127014802035e-01,1.506624246916707655e-01
2.900000000000000355e+00,8.453651876602678028e-01,1.666011751793917695e-01,3.337215125080189027e-01,1.487174009803805264e-01
3.000000000000000000e+00,8.538836830919026566e-01,1.648825350288675162e-01,3.314470376764886983e-01,1.488584294745632364e-01
3.100000000000000089e+00,8.623639074477388311e-01,1.633763985664238305e-01,3.308172966551300442e-01,1.471922259912883946e-01
3.200000000000000178e+00,8.678999217860218218e-01,1.630725664470733249e-01,3.322734161329281011e-01,1.462593849340115826e-01
3.300000000000000266e+00,8.755529722121419001e-01,1.641333331218370328e-01,3.360148218452199131e-01,1.474286953047106441e-01
3.400000000000000355e+00,8.819267734359160782e-01,1.672681393630592595e-01,3.407412122407957877e-01,1.490425282368257054e-01
3.500000000000000000e+00,8.882057614760890951e-01,1.693265050137403860e-01,3.432817856203763673e-01,1.511039260961793140e-01
3.600000000000000089e+00,8.907008433747297671e-01,1.706178983292807316e-01,3.437396431622815607e-01,1.516551383382794549e-01
3.700000000000000178e+00,8.926967254669010421e-01,1.708756596156461582e-01,3.437637902356067698e-01,1.527437891595724295e-01
3.800000000000000266e+00,8.931747428929084354e-01,1.704180125474044072e-01,3.421980064280432665e-01,1.546010984902421170e-01
3.900000000000000355e+00,8.980298041902644579e-01,1.691518034318249264e-01,3.397491993307755198e-01,1.546271077989395393e-01
4.000000000000000000e+00,9.009412864921675368e-01,1.682944693634252920e-01,3.389508553317328587e-01,1.531899031183989179e-01
4.100000000000000533e+00,9.038241231233589135e-01,1.679670612117967754e-01,3.398616293143524314e-01,1.541412512913152011e-01
4.200000000000000178e+00,9.072338107694735143e-01,1.672355059594128612e-01,3.410499753015456270e-01,1.525923968665265917e-01
4.299999999999999822e+00,9.090205596401080834e-01,1.657486000380898050e-01,3.404762945044677580e-01,1.508243505086538094e-01
4.400000000000000355e+00,9.130090453355120816e-01,1.647767057922331913e-01,3.391033123245696945e-01,1.478752347604843087e-01
4.500000000000000000e+00,9.198795892157509702e-01,1.644975516576148988e-01,3.376559358099976427e-01,1.474541065183875010e-01
4.600000000000000533e+00,9.246940618469078332e-01,1.653106828702967379e-01,3.367440602244206604e-01,1.480803271788982134e-01
4.700000000000000178e+00,9.295233275072646295e-01,1.653561691338810147e-01,3.365926923999833509e-01,1.482910088506453061e-01
4.800000000000000711e+00,9.364138219514650530e-01,1.659699050288678257e-01,3.382287390048926978e-01,1.487239766860538603e-01
4.900000000000000355e+00,9.429779965510749484e-01,1.673771225829810139e-01,3.398721876270269782e-01,1.501883406768984297e-01
5.000000000000000000e+00,9.504607892814441739e-01,1.690407668856095391e-01,3.423585193234357504e-01,1.526538897856543620e-01
5.100000000000000533e+00,9.562740113583858559e-01,1.710760245749394504e-01,3.442497249210390020e-01,1.513378497316395233e-01
5.200000000000000178e+00,9.632133281349612997e-01,1.720743200109373372e-01,3.452273840202763622e-01,1.524350393722936903e-01
5.300000000000000711e+00,9.674941366029697898e-01,1.719627148251455240e-01,3.465484514904139668e-01,1.529703714666044712e-01
5.400000000000000355e+00,9.737445494537249058e-01,1.723245963393649216e-01,3.481096767999040664e-01,1.538174125236729251e-01
5.500000000000000000e+00,9.754700996549383607e-01,1.723582816559372788e-01,3.475092446207151964e-01,1.546376341402628252e-01
5.600000000000000533e+00,9.785386581937240980e-01,1.727509884820480346e-01,3.478033583759230218e-01,1.531217855871674638e-01
5.700000000000000178e+00,9.783375292198315254e-01,1.732166506419386687e-01,3.488809930809604887e-01,1.553321938753101650e-01
5.800000000000000711e+00,9.796302716788781728e-01,1.727358508461497855e-01,3.491576023736945311e-01,1.536885212417686275e-01
5.900000000000000355e+00,9.812162128802109917e-01,1.727167441863467490e-01,3.496124493416390422e-01,1.535872378569147212e-01
6.000000000000000000e+00,9.801239693368775097e-01,1.731792772732795305e-01,3.492915279403211448e-01,1.540879566924760746e-01
6.100000000000000533e+00,9.840357294183640358e-01,1.735579692034028287e-01,3.497597462348949748e-01,1.527863997100306626e-01
6.200000000000000178e+00,9.883620366048287975e-01,1.749189262965851199e-01,3.519036523463765498e-01,1.545564072885211859e-01
6.300000000000000711e+00,9.920766639018986366e-01,1.759843416136116501e-01,3.521537655539632161e-01,1.544309467820786652e-01
6.400000000000000355e+00,9.939261808477144466e-01,1.754942758788580748e-01,3.500975341631770155e-01,1.551022811834189830e-01
6.500000000000000000e+00,9.946569767661426198e-01,1.745614498506841417e-01,3.484984377618139395e-01,1.551740697357965881e-01
6.600000000000000533e+00,9.945596438885940804e-01,1.737120081275642935e-01,3.476028268134480070e-01,1.553898361513291748e-01
6.700000000000000178e+00,9.962971040395768307e-01,1.727333520311051529e-01,3.471765174742245663e-01,1.558156085099721144e-01
6.800000000000000711e+00,1.001925996974976529e+00,1.732735305803306258e-01,3.488711007102774930e-01,1.554769727477107177e-01
6.900000000000000355e+00,1.001613260783223103e+00,1.731928850974002732e-01,3.479411441352722179e-01,1.551819008893851604e-01
7.000000000000000000e+00,1.000195831546370817e+00,1.718147067040940446e-01,3.459021537847316030e-01,1.544445274943759550e-01
7.100000000000000533e+00,9.990329771380728197e-01,1.707558353372427284e-01,3.435243544738664778e-01,1.533245232759192500e-01
7.200000000000000178e+00,9.988221663122838212e-01,1.692664411406274994e-01,3.422073028336591882e-01,1.522009033780166443e-01
7.300000000000000711e+00,9.992741870382289004e-01,1.692995817300512185e-01,3.428791897789182364e-01,1.533670865354378743e-01
7.400000000000000355e+00,9.985322582515120393e-01,1.698673225082979188e-01,3.441280391554129015e-01,1.534547165758163301e-01
7.500000000000000000e+00,9.955790807426617706e-01,1.704519683162151744e-01,3.446626193123029647e-01,1.529986412111096483e-01
7.600000000000000533e+00,9.932672606637500401e-01,1.716770448350631861e-01,3.461963259088575717e-01,1.547808051554362130e-01
7.700000000000000178e+00,9.957294663642444199e-01,1.734294668036516773e-01,3.493365319063744256e-01,1.559561553168368475e-01
7.800000000000000711e+00,9.983706281290705142e-01,1.743936067581772220e-01,3.511237157803661080e-01,1.575328783198917670e-01
7.900000000000000355e+00,9.973126576536249788e-01,1.743600972745921740e-01,3.499230552285742535e-01,1.570605814207050865e-01
8.000000000000000000e+00,9.980241875261173234e-01,1.738379563427017160e-01,3.487656660046617452e-01,1.551431587805308654e-01
8.099999999999999645e+00,9.955013840018606119e-01,1.734033857124643030e-01,3.475054015997436352e-01,1.560042134129791813e-01
8.200000000000001066e+00,9.919907070705574759e-01,1.733555216960289136e-01,3.475987372388760765e-01,1.562620968402262389e-01
8.300000000000000711e+00,9.940951911795773421e-01,1.745361613265376532e-01,3.496909067927311265e-01,1.561246690507586410e-01
8.400000000000000355e+00,9.927216376518575025e-01,1.746478654908101558e-01,3.495015346258721345e-01,1.554786315749393522e-01
8.500000000000000000e+00,9.973897216411619082e-01,1.742741279844852165e-01,3.488045730459047311e-01,1.536497271199796233e-01
8.599999999999999645e+00,9.976843647694068062e-01,1.739127778750186315e-01,3.478531526875298652e-01,1.538845903211898958e-01
8.700000000000001066e+00,9.982482458077344134e-01,1.723814671915757935e-01,3.470395645414013908e-01,1.541295053728450604e-01
8.800000000000000711e+00,9.978455374999740668e-01,1.703781369833774761e-01,3.449848632328932352e-01,1.518683693963884251e-01
8.900000000000000355e+00,9.989295701869728150e-01,1.694136943384746408e-01,3.434247243832634355e-01,1.527704262735969098e-01
9.000000000000000000e+00,1.001496107038579275e+00,1.699910553969877502e-01,3.431538249935743301e-01,1.537053029018704831e-01
9.099999999999999645e+00,1.004451163003988290e+00,1.706069004564355063e-01,3.443770912667425965e-01,1.543888837576604112e-01
9.200000000000001066e+00,1.005000072883757589e+00,1.712852678828761799e-01,3.452058238325373951e-01,1.549881804688117426e-01
9.300000000000000711e+00,1.004706230915578535e+00,1.724478073523915134e-01,3.457993355074185371e-01,1.548570524928959968e-01
9.400000000000000355e+00,1.007999460827017524e+00,1.744291092078194272e-01,3.470310636238513324e-01,1.575728006409539972e-01
9.500000000000000000e+00,1.007564402733116760e+00,1.744633350239976066e-01,3.461465807180548193e-01,1.581101730036653663e-01
9.600000000000001421e+00,1.007341803216575293e+00,1.725732374955875614e-01,3.435499710310416233e-01,1.575281124569195279e-01
9.700000000000001066e+00,1.001805659481844302e+00,1.702414511369891026e-01,3.417473605546793025e-01,1.552343282159028837e-01
9.800000000000000711e+00,9.997548430754954474e-01,1.671519254374179975e-01,3.390160317316599503e-01,1.527823145445826314e-01
9.900000000000000355e+00,9.989675811395372085e-01,1.657916377612923264e-01,3.375372767300414134e-01,1.516026138281425240e-01
1.000000000000000000e+01,1.002156975073111855e+00,1.657944200781741872e-01,3.380732257839308974e-01,1.504375087479703776e-01
1.010000000000000142e+01,1.006998641667869787e+00,1.666830341563100559e-01,3.388224336130952197e-01,1.517901949210453405e-01
1.020000000000000107e+01,1.012561705124589650e+00,1.673802107870878408e-01,3.405093101035513437e-01,1.514820992072777039e-01
1.030000000000000071e+01,1.014128245246859183e+00,1.686151800097553943e-01,3.418061132550402892e-01,1.510771999800317456e-01
1.040000000000000036e+01,1.015301191920664259e+00,1.684152447511401141e-01,3.415134356890550671e-01,1.502817475037205308e-01
1.050000000000000000e+01,1.018482032104145674e+00,1.683376143169350858e-01,3.418650267670894638e-01,1.499077943885367414e-01
1.060000000000000142e+01,1.022111956556325918e+00,1.684839813534965147e-01,3.423644263511929631e-01,1.517253341535199362e-01
1.070000000000000107e+01,1.021453274531770150e+00,1.688973335384690300e-01,3.419342306924574304e-01,1.513676081381127581e-01
1.080000000000000071e+01,1.021159217685484011e+00,1.690402515205700340e-01,3.423046593012815664e-01,1.521906140356209247e-01
1.090000000000000036e+01,1.024326566476350564e+00,1.698471401783136769e-01,3.423758213350944213e-01,1.522051083129415949e-01
1.100000000000000000e+01,1.025018799570294181e+00,1.702560343140198384e-01,3.413362342138366867e-01,1.533952396354178460e-01
1.110000000000000142e+01,1.029656505341098427e+00,1.707493558174012771e-01,3.415483536306977430e-01,1.540740578968621544e-01
1.120000000000000107e+01,1.032694787443972251e+00,1.711007362003894861e-01,3.424404883675718492e-01,1.553679380119505071e-01
1.130000000000000071e+01,1.030262151542283400e+00,1.697463279166529504e-01,3.407714927441240493e-01,1.526643646615404304e-01
1.140000000000000036e+01,1.030607318123829330e+00,1.682705607649459534e-01,3.387655069596536284e-01,1.501124140758042236e-01
1.150000000000000000e+01,1.028192486078753687e+00,1.662617515071242169e-01,3.363633697996923355e-01,1.496490676372141393e-01
1.160000000000000142e+01,1.026041574788669974e+00,1.654910786674248790e-01,3.366970797743429888e-01,1.498374576803832847e-01
1.170000000000000107e+01,1.026624752760288972e+00,1.658552392866620984e-01,3.382441906970166667e-01,1.500506064811489293e-01
1.180000000000000071e+01,1.028988891450274723e+00,1.682521812181251297e-01,3.416687581085152692e-01,1.518892821027653384e-01
1.190000000000000036e+01,1.034073953513084509e+00,1.705530021076944180e-01,3.452255989592361018e-01,1.534217786687636642e-01
1.200000000000000000e+01,1.041502727119954841e+00,1.731450074274898110e-01,3.486383966896193787e-01,1.547293120231438002e-01
1.210000000000000142e+01,1.044737544081244085e+00,1.747998217094567652e-01,3.497987490701498503e-01,1.572563524034527038e-01
1.220000000000000107e+01,1.047832449486655548e+00,1.753190465351500138e-01,3.498450536389543508e-01,1.562914084029059236e-01
1.230000000000000071e+01,1.049115349723121815e+00,1.753923931739473918e-01,3.506182210551788136e-01,1.572309502519415869e-01
1.240000000000000036e+01,1.052404610018619069e+00,1.756436823799821245e-01,3.518598376695224461e-01,1.574240969115925648e-01
1.250000000000000000e+01,1.050451792195110423e+00,1.757501483898570860e-01,3.506346486805226315e-01,1.560163399475262003e-01
1.260000000000000142e+01,1.046144378397633412e+00,1.746214137077077011e-01,3.476833661464192593e-01,1.562001475814586149e-01
1.270000000000000107e+01,1.042494990390550491e+00,1.727123106663180918e-01,3.452075712381865169e-01,1.546076798157709487e-01
1.280000000000000071e+01,1.041043064435270393e+00,1.706045152124864017e-01,3.431334344431282157e-01,1.532216138767592273e-01
1.290000000000000036e+01,1.040845684570800289e+00,1.691822974663117762e-01,3.425208755155748075e-01,1.528423974709405275e-01
1.300000000000000000e+01,1.042084486420395972e+00,1.681903934508260645e-01,3.428391663241247000e-01,1.526234781380819139e-01
1.310000000000000142e+01,1.046358340449822455e+00,1.675938038241648054e-01,3.437879309448694798e-01,1.522914061563171162e-01
1.320000000000000107e+01,1.050280999672867033e+00,1.680514964030885849e-01,3.438365373320184659e-01,1.516941682002657388e-01
1.330000000000000071e+01,1.050692335205737571e+00,1.685376315620080168e-01,3.440791363922879320e-01,1.507159274543741212e-01
1.340000000000000036e+01,1.055672646570568585e+00,1.693598908137953496e-01,3.452940317283965110e-01,1.510100348942820525e-01
1.350000000000000000e+01,1.058867515547579963e+00,1.703210558789785556e-01,3.460840452261420008e-01,1.510139130154088405e-01
1.360000000000000142e+01,1.060275229965544685e+00,1.710990102443242233e-01,3.464524941398227642e-01,1.516653319095828956e-01
1.370000000000000107e+01,1.062851105971169385e+00,1.717563623998168421e-01,3.476462153970922286e-01,1.528051913005622764e-01
1.380000000000000071e+01,1.064263804666792268e+00,1.738842225817837650e-01,3.505743071371437702e-01,1.540521310272103817e-01
1.390000000000000036e+01,1.068571507329180603e+00,1.754600135110437609e-01,3.527742752279228733e-01,1.572854702346597466e-01
1.400000000000000000e+01,1.069693857729455244e+00,1.771147519663654468e-01,3.551011225419680173e-01,1.584733132401316413e-01
1.410000000000000142e+01,1.074769302580483421e+00,1.774370126519807800e-01,3.560998968113675001e-01,1.588404369185194287e-01
1.420000000000000107e+01,1.077686841176376253e+00,1.766326803638706422e-01,3.547645953216267412e-01,1.589351936419155231e-01
1.430000000000000071e+01,1.077736145675306734e+00,1.751750511404027710e-01,3.522265625781882958e-01,1.554502880066299386e-01
1.440000000000000036e+01,1.072979224536210863e+00,1.730651237899387684e-01,3.485153151145458650e-01,1.539148198431561088e-01
1.450000000000000000e+01,1.072420043819650726e+00,1.709019868646056428e-01,3.472784589909155284e-01,1.513032466396634357e-01
1.460000000000000142e+01,1.073608128447186116e+00,1.695809048639663474e-01,3.470501009525885916e-01,1.496878109161788317e-01
1.470000000000000107e+01,1.074590147542758833e+00,1.687448742394717371e-01,3.469745545253087871e-01,1.499512545216871995e-01
1.480000000000000071e+01,1.074153959442049056e+00,1.693585673094214483e-01,3.465236691306202155e-01,1.510154484916176876e-01
1.490000000000000036e+01,1.077180624189785441e+00,1.713313215334597295e-01,3.484937731816631912e-01,1.527053180242194941e-01
1.500000000000000000e+01,1.074911702624763210e+00,1.737895612098153131e-01,3.510146125336224276e-01,1.530487413325540003e-01
1.510000000000000142e+01,1.078846190318707654e+00,1.763564599572851888e-01,3.532531909047589291e-01,1.576400927731163304e-01
1.520000000000000107e+01,1.077779127724619812e+00,1.784208225318593133e-01,3.555072866276619004e-01,1.600116199515246307e-01
1.530000000000000071e+01,1.075654514264925643e+00,1.789463406113590005e-01,3.565949776650962355e-01,1.592250655177589180e-01
1.540000000000000036e+01,1.074088846320819135e+00,1.783132644807470801e-01,3.561452838769192941e-01,1.582668607453307785e-01
1.550000000000000000e+01,1.074317287516586950e+00,1.771023115860136665e-01,3.548370168074005959e-01,1.579833999984154302e-01
1.560000000000000142e+01,1.072241582267983384e+00,1.759759794570107394e-01,3.541591240518290884e-01,1.581419769324611813e-01
1.570000000000000107e+01,1.071704765144617655e+00,1.745645017024309575e-01,3.517959375166426206e-01,1.560065548416811332e-01
1.580000000000000071e+01,1.071782171558322228e+00,1.735750500704225652e-01,3.510131633914231331e-01,1.539958849261463536e-01
1.590000000000000036e+01,1.074906159443233422e+00,1.729353447900313645e-01,3.518571913356496328e-01,1.527684239063151206e-01
1.600000000000000000e+01,1.077623066161764065e+00,1.733877074043483901e-01,3.524805482194873774e-01,1.524244314934609934e-01
1.610000000000000142e+01,1.081295122960581390e+00,1.736321886190294594e-01,3.506714556742226430e-01,1.528547594087962258e-01
1.619999999999999929e+01,1.079592155315605373e+00,1.732141322578271692e-01,3.487166389879214901e-01,1.516121294825237553e-01
1.630000000000000071e+01,1.077451898267181907e+00,1.730595791471807310e-01,3.487911595084932648e-01,1.524686856348212716e-01
1.640000000000000213e+01,1.074384743857647706e+00,1.733688537160397170e-01,3.487820305824276268e-01,1.536792101312975112e-01
1.650000000000000000e+01,1.077671206971798412e+00,1.746144215284457513e-01,3.492223505364889791e-01,1.533009277122287517e-01
1.660000000000000142e+01,1.082478905410809489e+00,1.758059839931867541e-01,3.509618448205217289e-01,1.553504088839688657e-01
1.669999999999999929e+01,1.086179242898047903e+00,1.768552087948695728e-01,3.524504464178068175e-01,1.570022339809173106e-01
1.680000000000000071e+01,1.088634929447874322e+00,1.783994487967930642e-01,3.534376674327617818e-01,1.582626803257294323e-01
1.690000000000000213e+01,1.091770798226347150e+00,1.796777096847697042e-01,3.553113851325886419e-01,1.585882910148663505e-01
1.700000000000000000e+01,1.099185572654865162e+00,1.794986945077099438e-01,3.560867692422928776e-01,1.580374104102846011e-01
1.710000000000000142e+01,1.103019229778860355e+00,1.789824782701738559e-01,3.562073954735871517e-01,1.573298658659138816e-01
1.719999999999999929e+01,1.104550069335524354e+00,1.774431293692135259e-01,3.549891303563294520e-01,1.547897403082900969e-01
1.730000000000000071e+01,1.105050450144227536e+00,1.761700784804601516e-01,3.549717251363304626e-01,1.565814906646794957e-01
1.740000000000000213e+01,1.104659269321425663e+00,1.756908063150380284e-01,3.542683934197308759e-01,1.552150398467294357e-01
1.750000000000000000e+01,1.106567983145729794e+00,1.748938172270818325e-01,3.546457337406024313e-01,1.546788089112545173e-01
1.760000000000000142e+01,1.109328108007877622e+00,1.733697707273104960e-01,3.527474097351707694e-01,1.527016942904744212e-01
1.769999999999999929e+01,1.110440413708635665e+00,1.718027122476683821e-01,3.508657267194847940e-01,1.518368053862768907e-01
1.780000000000000071e+01,1.109241956325016654e+00,1.708242524179053867e-01,3.483542977723735334e-01,1.526463446766219145e-01
1.790000000000000213e+01,1.107591818917728954e+00,1.694564231765157969e-01,3.461795405205344012e-01,1.521689520010014729e-01
1.800000000000000000e+01,1.106062082189613660e+00,1.692753329749385749e-01,3.447917926146504830e-01,1.521266699415176893e-01
1.810000000000000142e+01,1.109665090601996917e+00,1.702506335662295756e-01,3.460427718834511723e-01,1.531305952827425876e-01
1.819999999999999929e+01,1.112960947594971328e+00,1.713191188830262557e-01,3.478115615098016922e-01,1.522224463451749832e-01
1.830000000000000071e+01,1.114259852161054054e+00,1.724654245449357415e-01,3.486121947549639111e-01,1.534378698577237021e-01
1.840000000000000213e+01,1.112138235739948744e+00,1.740578791012991344e-01,3.499697562135452578e-01,1.550490011792585998e-01
1.850000000000000000e+01,1.118479441217133941e+00,1.756097513871124893e-01,3.528610870060650551e-01,1.563248255072192949e-01
1.860000000000000142e+01,1.121118353586312955e+00,1.765213927112553871e-01,3.546614444992582937e-01,1.573844644643778434e-01
1.869999999999999929e+01,1.120782112708810008e+00,1.768133333004251462e-01,3.552712967953907675e-01,1.568345136668854445e-01
1.880000000000000071e+01,1.118825126159352923e+00,1.766174534716862254e-01,3.547768857950182597e-01,1.556744864594105104e-01
1.890000000000000213e+01,1.120722076927634259e+00,1.750802324628661089e-01,3.537089409904197179e-01,1.537075414507364512e-01
1.900000000000000000e+01,1.121740117290550121e+00,1.739143149181064940e-01,3.528313580275259098e-01,1.541369864859667704e-01
1.910000000000000142e+01,1.122112297254881597e+00,1.734748380440327697e-01,3.514694783659736976e-01,1.535404135887488974e-01
1.920000000000000284e+01,1.123242671850744445e+00,1.732094250007684688e-01,3.507962097148638603e-01,1.536866558271937910e-01
1.930000000000000071e+01,1.123333367579374187e+00,1.734134483865639731e-01,3.499047570233247417e-01,1.529251437274914416e-01
1.940000000000000213e+01,1.125242682914987968e+00,1.738634209158157751e-01,3.493344866012734751e-01,1.536638568061580723e-01
1.950000000000000000e+01,1.123905042831258028e+00,1.739132243997388860e-01,3.490352688763492250e-01,1.551236767022264595e-01
1.960000000000000142e+01,1.123414642061168367e+00,1.740051323975836672e-01,3.491387084842610400e-01,1.543715684051763792e-01
1.970000000000000284e+01,1.124663984996544963e+00,1.737243958612444683e-01,3.496613166670277661e-01,1.559713537473152722e-01
1.980000000000000071e+01,1.129203677037149633e+00,1.740497600674370537e-01,3.511841121466396931e-01,1.550166170636243790e-01
1.990000000000000213e+01,1.130439328391907639e+00,1.753636042620345392e-01,3.514386565207049951e-01,1.562563423283159780e-01
2.000000000000000000e+01,1.136527398307608072e+00,1.770625824355986921e-01,3.532555495048787519e-01,1.576126573259734043e-01
2.010000000000000142e+01,1.139395216511684295e+00,1.776563469165324816e-01,3.543906145211144221e-01,1.580671921398893731e-01
2.020000000000000284e+01,1.139324584806074903e+00,1.772587407412404281e-01,3.541276958805400499e-01,1.595008830219208362e-01
2.030000000000000071e+01,1.138982419384083400e+00,1.764856960537244113e-01,3.529699037332899025e-01,1.583365132889816007e-01
2.040000000000000213e+01,1.141159177077363918e+00,1.758193526888907898e-01,3.527661990705340256e-01,1.572002129545787552e-01
2.050000000000000000e+01,1.143780037617989187e+00,1.761954767768569852e-01,3.534893535073294624e-01,1.576421858672298892e-01
2.060000000000000142e+01,1.143352284789457274e+00,1.760985246107571733e-01,3.543016442051836745e-01,1.571559460130909636e-01
2.070000000000000284e+01,1.139234719976814247e+00,1.757422076520584742e-01,3.545513341294598830e-01,1.557663406335764444e-01
2.080000000000000071e+01,1.139405854792442163e+00,1.750393954197916602e-01,3.540062710541866942e-01,1.550958340017091486e-01
2.090000000000000213e+01,1.133821260814960485e+00,1.745035776482302126e-01,3.526797139498918376e-01,1.557562942790197691e-01
2.100000000000000000e+01,1.131803480956004915e+00,1.748181799418222770e-01,3.522440136417093193e-01,1.560377505121146036e-01
2.110000000000000142e+01,1.130669835905823151e+00,1.748617219998641892e-01,3.525792731728303320e-01,1.550184724183359675e-01
2.120000000000000284e+01,1.130619267664204397e+00,1.750097845015781972e-01,3.516072481913412595e-01,1.565738591667321378e-01
2.130000000000000071e+01,1.134385768620919333e+00,1.760947994851862486e-01,3.516154707297061699e-01,1.567036412316268335e-01
2.140000000000000213e+01,1.138351220300384936e+00,1.776662836756828512e-01,3.541426130934551830e-01,1.574246127098325176e-01
2.150000000000000000e+01,1.142504314086843387e+00,1.782041586820384549e-01,3.564862618274518002e-01,1.577779628661251654e-01
2.160000000000000142e+01,1.145218055943481694e+00,1.782798550034713492e-01,3.595341097492543714e-01,1.582611215606263000e-01
2.170000000000000284e+01,1.148768879557237943e+00,1.785385870858430257e-01,3.604088958051828717e-01,1.579183577837139640e-01
2.180000000000000071e+01,1.150186905546096483e+00,1.772206103761095330e-01,3.584042135707219967e-01,1.553001744441879772e-01
2.190000000000000213e+01,1.148038462824252592e+00,1.759020643502905434e-01,3.566593357511783080e-01,1.555068750792885923e-01
2.200000000000000000e+01,1.144645790342666558e+00,1.754239157290995166e-01,3.538405226960403827e-01,1.542985887326781547e-01
2.210000000000000142e+01,1.145160642838943144e+00,1.736403870202971322e-01,3.510085155833299608e-01,1.540706045221534592e-01
2.220000000000000284e+01,1.145177349693284219e+00,1.733413861211226537e-01,3.508381881439511796e-01,1.540950032316523444e-01
2.230000000000000071e+01,1.144962042741197950e+00,1.736537067436484394e-01,3.514350597548797084e-01,1.535691459085783694e-01
2.240000000000000213e+01,1.142413483881555170e+00,1.734110194532759996e-01,3.504102247621252442e-01,1.528104650138972231e-01
2.250000000000000000e+01,1.137775254432913385e+00,1.725748988494892888e-01,3.493051956955424142e-01,1.530640843185284428e-01
2.260000000000000142e+01,1.132070026623367198e+00,1.713499724090382648e-01,3.471392993523554904e-01,1.533312332371460918e-01
2.270000000000000284e+01,1.127377096920763044e+00,1.698236489103654434e-01,3.445447364062211304e-01,1.522030344439161131e-01
2.280000000000000071e+01,1.126626104446471377e+00,1.678652322838931898e-01,3.429755088821711539e-01,1.514560102465904445e-01
2.290000000000000213e+01,1.127045716088105776e+00,1.678632869745599054e-01,3.433075413373523066e-01,1.522923955642700722e-01
2.300000000000000000e+01,1.125194261570615639e+00,1.690108936497816405e-01,3.428227842693605254e-01,1.518355780848777148e-01
2.310000000000000142e+01,1.125404129529854025e+00,1.704339732835087051e-01,3.447914266027608532e-01,1.518291163062286953e-01
2.320000000000000284e+01,1.126083104216306641e+00,1.709122792077469033e-01,3.466766258261939071e-01,1.513166091934466384e-01
2.330000000000000071e+01,1.123326395829665092e+00,1.702962213711217698e-01,3.464241478027122456e-01,1.503810010381542717e-01
2.340000000000000213e+01,1.124051055284203793e+00,1.684789288108978489e-01,3.445660385870090159e-01,1.500961430267696572e-01
2.350000000000000000e+01,1.121654536721201190e+00,1.673938948368053348e-01,3.430079891697218608e-01,1.479849995261758311e-01
2.360000000000000142e+01,1.124757066430663199e+00,1.678201159044839241e-01,3.428694563072873236e-01,1.495308321359099524e-01
2.370000000000000284e+01,1.122134548731127390e+00,1.680338084043358216e-01,3.435415744528060866e-01,1.507690757823910988e-01
2.380000000000000071e+01,1.122765689371716169e+00,1.683153220413203810e-01,3.448269059829435212e-01,1.506912962257010713e-01
2.390000000000000213e+01,1.123294910842493444e+00,1.690434598707261649e-01,3.441824003783511277e-01,1.519466621778079729e-01
2.400000000000000000e+01,1.124292846973478088e+00,1.696532015068349108e-01,3.449008580630408827e-01,1.526408221064250170e-01
2.410000000000000142e+01,1.122610290285072532e+00,1.709675301784033541e-01,3.466798673771324668e-01,1.526422692340255738e-01
2.420000000000000284e+01,1.123741802962567427e+00,1.718097665611425240e-01,3.480784707683333701e-01,1.523742481593177156e-01
2.430000000000000071e+01,1.121054526274110508e+00,1.718563734106690333e-01,3.475946904057050646e-01,1.520964389207510592e-01
2.440000000000000213e+01,1.117262181469582005e+00,1.714358727768087176e-01,3.466669497604128458e-01,1.522026598326202407e-01
2.450000000000000000e+01,1.117315523613236383e+00,1.718724853089844684e-01,3.473228133909935789e-01,1.515959682292035426e-01
2.460000000000000142e+01,1.114756508852971173e+00,1.725464885285943328e-01,3.493073065895572760e-01,1.516278868332642804e-01
2.470000000000000284e+01,1.111871800802524568e+00,1.722255193756848657e-01,3.500519462790632197e-01,1.503348076161981905e-01
2.480000000000000071e+01,1.113650419275422854e+00,1.718960173967222782e-01,3.497079062706445751e-01,1.518509034617807896e-01
2.490000000000000213e+01,1.114998662335241919e+00,1.718038135467581384e-01,3.488466096635024494e-01,1.530993602517586594e-01
2.500000000000000000e+01,1.115149354904510393e+00,1.715065653275246460e-01,3.478871654282951753e-01,1.519832149024730461e-01
2.510000000000000142e+01,1.115368767980113196e+00,1.700132373775565531e-01,3.454516478606977636e-01,1.524283184624752874e-01
2.520000000000000284e+01,1.113153772225162541e+00,1.688480773491167763e-01,3.443178411246421433e-01,1.511171264159736349e-01
2.530000000000000071e+01,1.109321042419175951e+00,1.683901127879512405e-01,3.440588950037321014e-01,1.501834907658315676e-01
2.540000000000000213e+01,1.106031613967380256e+00,1.683641083369347979e-01,3.456594343242190837e-01,1.504328321105547206e-01
2.550000000000000000e+01,1.103353069664112951e+00,1.689700320644900444e-01,3.466387644763508358e-01,1.501216862676506281e-01
2.560000000000000142e+01,1.107822098812837774e+00,1.697553710588984299e-01,3.474400917727060167e-01,1.501806863030831218e-01
2.570000000000000284e+01,1.107985490277097140e+00,1.700846567020026512e-01,3.475010020167527136e-01,1.497416344316951642e-01
2.580000000000000071e+01,1.106089180932711136e+00,1.706985554855156018e-01,3.483863941969727041e-01,1.502012411431401240e-01
2.590000000000000213e+01,1.102931321918708463e+00,1.705085914144007786e-01,3.470999908496031350e-01,1.498621118101935712e-01
2.600000000000000000e+01,1.105104217295470814e+00,1.706861308967626278e-01,3.454031682478126974e-01,1.510119198822239550e-01
2.610000000000000142e+01,1.102360983233366731e+00,1.702696442278128219e-01,3.447187815634540353e-01,1.516849270057944454e-01
2.620000000000000284e+01,1.102694072702023353e+00,1.702144323170446671e-01,3.455067274812848588e-01,1.515781066016634593e-01
2.630000000000000071e+01,1.104144275491762972e+00,1.700968612271138158e-01,3.464983678862890715e-01,1.527837369472962448e-01
2.640000000000000213e+01,1.106348554799047923e+00,1.705125535419872440e-01,3.482057585835685032e-01,1.530248242841522610e-01
2.650000000000000000e+01,1.106905361331085524e+00,1.714298256752609106e-01,3.480059097733415596e-01,1.520748661204761876e-01
2.660000000000000142e+01,1.107240469863423726e+00,1.728349213970551967e-01,3.483792024043341762e-01,1.536483128064063952e-01
2.670000000000000284e+01,1.109019149592801012e+00,1.738608717765634248e-01,3.510126836335747402e-01,1.538885915502859192e-01
2.680000000000000071e+01,1.111795206909610645e+00,1.744710678035102658e-01,3.526214696074780330e-01,1.559102300565737564e-01
2.690000000000000213e+01,1.111808454881957342e+00,1.744053258832685971e-01,3.524525583447919996e-01,1.534923690541981078e-01
2.700000000000000000e+01,1.108267876247873707e+00,1.730458383628726005e-01,3.508678463737192055e-01,1.525840747927838803e-01
2.710000000000000142e+01,1.107398074786364095e+00,1.721542460570317512e-01,3.487468651691940646e-01,1.530898302434865743e-01
2.720000000000000284e+01,1.104473981717938535e+00,1.722171442841517741e-01,3.474067775947271008e-01,1.536255339763097638e-01
2.730000000000000071e+01,1.109077936867247871e+00,1.722731450235404915e-01,3.475844383613079791e-01,1.536912888597841975e-01
2.740000000000000213e+01,1.110868544193006180e+00,1.723070830837556688e-01,3.480007468096944501e-01,1.535027547593263708e-01
2.750000000000000000e+01,1.112283115212591822e+00,1.731869012142038811e-01,3.497368542582899864e-01,1.549499849291790243e-01
2.760000000000000142e+01,1.110848173552354767e+00,1.742995030650162647e-01,3.506395621144384744e-01,1.563746561521671130e-01
2.770000000000000284e+01,1.108985383995597651e+00,1.747881747207414849e-01,3.496890877693050181e-01,1.562321264133607057e-01
2.780000000000000071e+01,1.107692678782852491e+00,1.737930877363381699e-01,3.492300818528470407e-01,1.564081569691293527e-01
2.790000000000000213e+01,1.111544151297087391e+00,1.730687159382966744e-01,3.515383878706211385e-01,1.561585681779877888e-01
2.800000000000000000e+01,1.111628801623464113e+00,1.728218074243740576e-01,3.521267923838538594e-01,1.551646705773032930e-01
2.810000000000000142e+01,1.110176045258107980e+00,1.719883376927173468e-01,3.493899250397555223e-01,1.546566417428063278e-01
2.820000000000000284e+01,1.108686844677487349e+00,1.705446696439319731e-01,3.465994295039189765e-01,1.531298396527901173e-01
2.830000000000000071e+01,1.108680204728671459e+00,1.686100566604314122e-01,3.439046766513091935e-01,1.521265198995327417e-01
2.840000000000000213e+01,1.111105629789925553e+00,1.675841729504559674e-01,3.416980638437131512e-01,1.518491471045032015e-01
2.850000000000000000e+01,1.113272616011700800e+00,1.674739429436150062e-01,3.419605857925832604e-01,1.504188386426437429e-01
2.860000000000000142e+01,1.116011603151827014e+00,1.674181496507055056e-01,3.438454246301546613e-01,1.523810812708037143e-01
2.870000000000000284e+01,1.115017415461465378e+00,1.670388721813259314e-01,3.438208761088717980e-01,1.513681142096383048e-01
2.880000000000000071e+01,1.111303562698924274e+00,1.672849247351640145e-01,3.423138915732659715e-01,1.510072918682920373e-01
2.890000000000000213e+01,1.110607940782571523e+00,1.675453837383547029e-01,3.417179588757318642e-01,1.506842594547498082e-01
2.900000000000000000e+01,1.109157157050783882e+00,1.675485050928197384e-01,3.409765936902364181e-01,1.512567064645299886e-01
2.910000000000000142e+01,1.109240969452677694e+00,1.674405964036559114e-01,3.407887424920926778e-01,1.509659170858224375e-01
2.920000000000000284e+01,1.107450099994207404e+00,1.666704574338542799e-01,3.402022913630421419e-01,1.515705409174156471e-01
2.930000000000000071e+01,1.111288966965216840e+00,1.652823906510930418e-01,3.380075961587069577e-01,1.497788133240024744e-01
2.940000000000000213e+01,1.112638374684243203e+00,1.647479907752080197e-01,3.368624579496189431e-01,1.518211049570430404e-01
2.950000000000000000e+01,1.118564989939945686e+00,1.655651410390791001e-01,3.389677503137830672e-01,1.524913479162685048e-01
2.960000000000000142e+01,1.120122184405143662e+00,1.675645654267766405e-01,3.430847118613871150e-01,1.528190026628249987e-01
2.970000000000000284e+01,1.126424709767477328e+00,1.702490176120858845e-01,3.452844243692818615e-01,1.554421499375660820e-01
2.980000000000000071e+01,1.126842713338365609e+00,1.719817792944509094e-01,3.468814602510502110e-01,1.548659691886703771e-01
2.990000000000000213e+01,1.125789114330494556e+00,1.725328898624998442e-01,3.469568051990786772e-01,1.552457818282918511e-01
3.000000000000000000e+01,1.131356427975698020e+00,1.724441741354782731e-01,3.456191911594340693e-01,1.548449680381108196e-01
3.010000000000000142e+01,1.132088774896353733e+00,1.717184902349613296e-01,3.440475797511166611e-01,1.537610140993374563e-01
3.020000000000000284e+01,1.131871370541972954e+00,1.714921411426001685e-01,3.437013933308235014e-01,1.529470399287354287e-01
3.030000000000000071e+01,1.135548276606815454e+00,1.715722993393227758e-01,3.440492228924561524e-01,1.531787194895402049e-01
3.040000000000000213e+01,1.134844845706589167e+00,1.710983968485954299e-01,3.439753115219356117e-01,1.532768704174861663e-01
3.050000000000000000e+01,1.134690438671922985e+00,1.695484386063759175e-01,3.439751069408400475e-01,1.506888753294362004e-01
3.060000000000000142e+01,1.129994670816954372e+00,1.685973059812855557e-01,3.434419303041145177e-01,1.506216059077172542e-01
3.070000000000000284e+01,1.125302100057001375e+00,1.685409366470353720e-01,3.438090158291930987e-01,1.511915138108484435e-01
3.080000000000000071e+01,1.120014398447004123e+00,1.681581803627618943e-01,3.435305989672506888e-01,1.504673208500343917e-01
3.090000000000000213e+01,1.118143616999507595e+00,1.686301881511347023e-01,3.446139728097970534e-01,1.514723105667366010e-01
3.100000000000000000e+01,1.117147984084707169e+00,1.702281454608129685e-01,3.457772935582038576e-01,1.549383253437058017e-01
3.110000000000000142e+01,1.119045999817202874e+00,1.736373929452119658e-01,3.496186423896194828e-01,1.570055496291052899e-01
3.120000000000000284e+01,1.117974790830303933e+00,1.760911310229431592e-01,3.524467992170193242e-01,1.572753599284018033e-01
3.130000000000000071e+01,1.118909703279531875e+00,1.780316274649319797e-01,3.559544507136148672e-01,1.576203442828859880e-01
3.140000000000000213e+01,1.116445775695685150e+00,1.789149814228322422e-01,3.572229235397230140e-01,1.581574837644030007e-01
3.150000000000000000e+01,1.116776080679441119e+00,1.791875149917555310e-01,3.595710387352688553e-01,1.586786950745969482e-01
3.160000000000000142e+01,1.116811126529218434e+00,1.783701655471889302e-01,3.599632294117387499e-01,1.566463559387450133e-01
3.170000000000000284e+01,1.116055105033096018e+00,1.768783339662850784e-01,3.583451394367042631e-01,1.557128562607572042e-01
3.180000000000000071e+01,1.114034573670585004e+00,1.753488020256259994e-01,3.548151727048097781e-01,1.568386559781391465e-01
3.190000000000000213e+01,1.114374203501742322e+00,1.747153242253277339e-01,3.530871230205370193e-01,1.552065416274044096e-01
3.200000000000000000e+01,1.114967357094945655e+00,1.742384814005998317e-01,3.522279735839319859e-01,1.542929346154887915e-01
3.210000000000000142e+01,1.113059210292482115e+00,1.741931745255422825e-01,3.520142047336102253e-01,1.558103228140705898e-01
3.220000000000000284e+01,1.113687834721228009e+00,1.751999680565567152e-01,3.515543273333919250e-01,1.572085675894059897e-01
3.230000000000000426e+01,1.114196996302247555e+00,1.764531202315643144e-01,3.526592994309361018e-01,1.573098911688094459e-01
3.239999999999999858e+01,1.115707262859093829e+00,1.762605079398785746e-01,3.531384318546256229e-01,1.554116350838210814e-01
3.250000000000000000e+01,1.115186705740167428e+00,1.761884853167624831e-01,3.549321288930993301e-01,1.551232830746766822e-01
3.260000000000000142e+01,1.119638063399418959e+00,1.756915631385969900e-01,3.565753394728818360e-01,1.573270035464200411e-01
3.270000000000000284e+01,1.118650640363701765e+00,1.744641368919119251e-01,3.560153893524855007e-01,1.568752964500147729e-01
3.280000000000000426e+01,1.116409658468919375e+00,1.731883599197242551e-01,3.526198783891412725e-01,1.559345376227882496e-01
3.289999999999999858e+01,1.113064011568569045e+00,1.723965188744142063e-01,3.506125551927604667e-01,1.564131994954100768e-01
3.300000000000000000e+01,1.108090616923923077e+00,1.727719871868856893e-01,3.510274743372236439e-01,1.568922380037229003e-01
3.310000000000000142e+01,1.104503203024936653e+00,1.729032351780713239e-01,3.500945227324890330e-01,1.558052199714519692e-01
3.320000000000000284e+01,1.099268370440420695e+00,1.729693306063554703e-01,3.507864646393962227e-01,1.534288381689402903e-01
3.330000000000000426e+01,1.101854772321131604e+00,1.729943536351322697e-01,3.507485430542873206e-01,1.539155726390961931e-01
3.339999999999999858e+01,1.107484613685770780e+00,1.729792964765873853e-01,3.502509025146864352e-01,1.549557199075261016e-01
3.350000000000000000e+01,1.106554244149973831e+00,1.729293821333251491e-01,3.489023257196865457e-01,1.559402682749110314e-01
3.360000000000000142e+01,1.105749676385901825e+00,1.733384610868296261e-01,3.474547682912390023e-01,1.554117577716421505e-01
3.370000000000000284e+01,1.106474388777409334e+00,1.732006781655738847e-01,3.470778511633579866e-01,1.554527859884767271e-01
3.380000000000000426e+01,1.111964215535053979e+00,1.739455889460632398e-01,3.494557064098771093e-01,1.568717312688621135e-01
3.389999999999999858e+01,1.115160641297562094e+00,1.747192595103645163e-01,3.523682458327948575e-01,1.570320239194041567e-01
3.400000000000000000e+01,1.115386676834389412e+00,1.756931233511767054e-01,3.529789898331103237e-01,1.579155561823145926e-01
3.410000000000000142e+01,1.114847141917333806e+00,1.763636915032948671e-01,3.516196090076818548e-01,1.576060434734423144e-01
3.420000000000000284e+01,1.113987559481266265e+00,1.768342756905085800e-01,3.530448433814059594e-01,1.579972742870735802e-01
3.430000000000000426e+01,1.114855905493738142e+00,1.771383230956858901e-01,3.559286872602299701e-01,1.567433686548808935e-01
3.439999999999999858e+01,1.113378289333167626e+00,1.762473532832954382e-01,3.565303375147085285e-01,1.567877749226290751e-01
3.450000000000000000e+01,1.112232765583881955e+00,1.755959184157292463e-01,3.552929162692735066e-01,1.577118129565652782e-01
3.460000000000000142e+01,1.111323990092195180e+00,1.747087106037369664e-01,3.537451527235590532e-01,1.567915742691795289e-01
3.470000000000000284e+01,1.108341601573632929e+00,1.754088176823392353e-01,3.555718992003776835e-01,1.573761584555934123e-01
3.480000000000000426e+01,1.104824000768914294e+00,1.759800309167731391e-01,3.555977241640932984e-01,1.566631237377068830e-01
3.489999999999999858e+01,1.103051645164756289e+00,1.759434097731193414e-01,3.533048894429200448e-01,1.550078306189615895e-01
3.500000000000000000e+01,1.096193677954256929e+00,1.752116881730333975e-01,3.510042194765194967e-01,1.540918292777125609e-01
3.510000000000000142e+01,1.097581776337541504e+00,1.755017276747372068e-01,3.533138332887003075e-01,1.541635044067178051e-01
3.520000000000000284e+01,1.096697401374852943e+00,1.758600836948858714e-01,3.540162024420641651e-01,1.556621090356077874e-01
3.530000000000000426e+01,1.093041460666648534e+00,1.764628717421483917e-01,3.541272963007775498e-01,1.556731036041341387e-01
3.539999999999999858e+01,1.095503054872343895e+00,1.761229254482768458e-01,3.541383032552982146e-01,1.544422131469867232e-01
3.550000000000000000e+01,1.096994714704087936e+00,1.764642363245515766e-01,3.560850543357272358e-01,1.564028911952630163e-01
3.560000000000000142e+01,1.100150323728018797e+00,1.774805451176635629e-01,3.579369935192492358e-01,1.561604976903486208e-01
3.570000000000000284e+01,1.101137333128523244e+00,1.782765404964356259e-01,3.593133564743969388e-01,1.560874987031869443e-01
3.580000000000000426e+01,1.095734598734815934e+00,1.787877401880772210e-01,3.592355797446645793e-01,1.574905497152168654e-01
3.589999999999999858e+01,1.094235754026766649e+00,1.789247626394332435e-01,3.597933454061280067e-01,1.580873216166840123e-01
3.600000000000000000e+01,1.091428772562742067e+00,1.785925856771111431e-01,3.591920356365385647e-01,1.572999268569795772e-01
3.610000000000000142e+01,1.083663536558627349e+00,1.765431811063437328e-01,3.548182832184916258e-01,1.541277466281990027e-01
3.620000000000000284e+01,1.076202677373201855e+00,1.731795938846931449e-01,3.488732426455530833e-01,1.518401871247236912e-01
3.630000000000000426e+01,1.071693584573242264e+00,1.690982812363480692e-01,3.446803289998166542e-01,1.499380483156061428e-01
3.639999999999999858e+01,1.071154735272740410e+00,1.672398052692175008e-01,3.434415661769920636e-01,1.511826244183284984e-01
3.650000000000000000e+01,1.068967948575839655e+00,1.652553912209605014e-01,3.423432662373350754e-01,1.502592403238257601e-01
3.660000000000000142e+01,1.064089927319709972e+00,1.642940573936580162e-01,3.388598520970953487e-01,1.499918208178769030e-01
3.670000000000000284e+01,1.069356866276975238e+00,1.653434138034108880e-01,3.378226136255427225e-01,1.487194097026768580e-01
3.680000000000000426e+01,1.071089129167624554e+00,1.675580016724496080e-01,3.398802460619506638e-01,1.523368929905699054e-01
3.689999999999999858e+01,1.074812713303018530e+00,1.699005427857782635e-01,3.434174578769886854e-01,1.553618999878641771e-01
3.700000000000000000e+01,1.078132993590225297e+00,1.727129895890641975e-01,3.479199836096536491e-01,1.574691144883078042e-01
3.710000000000000142e+01,1.076753864787026727e+00,1.755688260439527970e-01,3.527452292444320792e-01,1.583998930291900253e-01
3.720000000000000284e+01,1.085501256611402177e+00,1.785118882809682284e-01,3.586879349277298235e-01,1.594367635350761314e-01
3.730000000000000426e+01,1.083171174076436927e+00,1.824069426035792585e-01,3.626870459696885374e-01,1.611256235990101426e-01
3.739999999999999858e+01,1.080954582122883423e+00,1.848938938287851275e-01,3.641576224866384104e-01,1.641589165047908361e-01
3.750000000000000000e+01,1.077845335514924896e+00,1.852807034880550596e-01,3.639562256807700735e-01,1.635461236353825398e-01
3.760000000000000142e+01,1.073795786190784085e+00,1.848090914920240968e-01,3.625261401453708232e-01,1.630205757651133902e-01
3.770000000000000284e+01,1.072340037935900714e+00,1.825697671607183215e-01,3.609941949652860638e-01,1.600534046718361247e-01
3.780000000000000426e+01,1.069045893863792118e+00,1.796489106516281353e-01,3.572227234524442130e-01,1.596799381886738201e-01
3.789999999999999858e+01,1.063149306048690956e+00,1.753505944852574716e-01,3.523528315829966284e-01,1.564131527761796758e-01
3.800000000000000000e+01,1.063225568636524399e+00,1.714638693655754220e-01,3.479631176093441747e-01,1.549807963455273607e-01
3.810000000000000142e+01,1.062345188695971387e+00,1.698267624230646589e-01,3.430415885043340829e-01,1.547298520771725194e-01
3.820000000000000284e+01,1.063054516947486761e+00,1.688058030468022330e-01,3.405627634055388708e-01,1.544893711829514182e-01
3.830000000000000426e+01,1.067951399058296280e+00,1.686081618416912231e-01,3.405747933066508581e-01,1.539815659347499865e-01
3.840000000000000568e+01,1.074294332334707613e+00,1.695902703361316100e-01,3.434202306140266003e-01,1.531065886904712237e-01
3.850000000000000000e+01,1.078795497332126985e+00,1.705328768548886320e-01,3.472844259465903138e-01,1.545985176756258794e-01
3.860000000000000142e+01,1.089716468084097389e+00,1.726704932128087788e-01,3.506951505986626305e-01,1.566116441346643851e-01
3.870000000000000284e+01,1.090971201319499206e+00,1.742369937924790058e-01,3.513197581590362106e-01,1.562073902642295009e-01
3.880000000000000426e+01,1.090953321585839131e+00,1.759347504060621847e-01,3.502355215365300367e-01,1.572530197523186735e-01
3.890000000000000568e+01,1.090355257134929534e+00,1.755097702590253106e-01,3.497452682925804024e-01,1.576652881688959396e-01
3.900000000000000000e+01,1.083371151302641833e+00,1.741510239107844915e-01,3.462244163539633934e-01,1.574368670306774132e-01
3.910000000000000142e+01,1.075905733165842593e+00,1.724176619716042413e-01,3.415991994292415512e-01,1.550355560781938591e-01
3.920000000000000284e+01,1.071326332168648809e+00,1.701840487091366705e-01,3.375895825349933266e-01,1.553206727502214057e-01
3.930000000000000426e+01,1.065058512569634575e+00,1.687230722595790267e-01,3.371887163674096577e-01,1.538186746148411665e-01
3.940000000000000568e+01,1.070134925317090646e+00,1.683738571431938891e-01,3.381835000480898357e-01,1.535204437439916247e-01
3.950000000000000000e+01,1.072502026766235961e+00,1.676627567909009242e-01,3.396385024128227292e-01,1.518423192655411480e-01
3.960000000000000142e+01,1.073588653411611693e+00,1.677584701172133985e-01,3.407731647876998116e-01,1.538618487980981109e-01
3.970000000000000284e+01,1.078650813282353793e+00,1.694242808343433271e-01,3.423987477304801796e-01,1.532875039670682504e-01
3.980000000000000426e+01,1.077635783617660215e+00,1.707242052902902263e-01,3.437780878356261338e-01,1.530880683944561005e-01
3.990000000000000568e+01,1.081508665524119728e+00,1.716118894162522446e-01,3.458275047198560714e-01,1.548922220253562132e-01
4.000000000000000000e+01,1.080158637315626002e+00,1.736083420987437620e-01,3.490160604871364036e-01,1.543323498218705236e-01
4.010000000000000142e+01,1.078794809072209704e+00,1.742476857941704926e-01,3.494007919298019460e-01,1.566310998357358097e-01
4.020000000000000284e+01,1.075039913649169288e+00,1.728767287291818611e-01,3.466459382805663347e-01,1.540031771220621015e-01
4.030000000000000426e+01,1.068419805150934154e+00,1.722574525165826986e-01,3.453391804327100023e-01,1.565372000596080004e-01
4.040000000000000568e+01,1.061661579515176479e+00,1.717372357821266571e-01,3.436397170004130697e-01,1.555338351281425613e-01
4.050000000000000000e+01,1.059507860402588486e+00,1.696084508466880747e-01,3.405025564099785629e-01,1.532572462653605527e-01
4.060000000000000142e+01,1.060686658903664759e+00,1.674236651777916418e-01,3.382857327605561792e-01,1.534226849039944940e-01
4.070000000000000284e+01,1.068170546346199234e+00,1.666056282561962920e-01,3.388224174950471568e-01,1.534880994288982115e-01
4.080000000000000426e+01,1.068240648615274235e+00,1.660873838081264597e-01,3.397047864555596819e-01,1.531792634868778258e-01
4.090000000000000568e+01,1.072726158410821640e+00,1.663885717160780153e-01,3.421219598193453448e-01,1.527933919728061696e-01
4.100000000000000000e+01,1.073989109096743944e+00,1.676926918425521995e-01,3.448940916850464777e-01,1.511511484642524272e-01
4.110000000000000142e+01,1.076446704245917374e+00,1.693185137655591754e-01,3.462399621842989772e-01,1.506662212079017682e-01
4.120000000000000284e+01,1.074686532436323727e+00,1.701893713443483891e-01,3.460629448609559566e-01,1.501730843219051814e-01
4.130000000000000426e+01,1.078040896668174042e+00,1.711857360215000012e-01,3.462784993947612966e-01,1.541415735602562065e-01
4.140000000000000568e+01,1.078477936130855186e+00,1.715245034919006539e-01,3.477897750144033351e-01,1.545459456568439305e-01
4.150000000000000000e+01,1.077475372807189746e+00,1.730381727003900971e-01,3.499964608553406964e-01,1.581827144955216535e-01
4.160000000000000142e+01,1.079739369066237797e+00,1.742958356858733959e-01,3.517866185808839474e-01,1.604338832928749459e-01
4.170000000000000284e+01,1.073501072120405242e+00,1.745446665318842738e-01,3.515317762285850578e-01,1.593630563767693686e-01
4.180000000000000426e+01,1.078664305783286759e+00,1.751040790203418351e-01,3.524388046498771465e-01,1.592944421412972877e-01
4.190000000000000568e+01,1.081135729170170423e+00,1.776019788348083828e-01,3.551970087366529971e-01,1.598613509828761825e-01
4.200000000000000000e+01,1.089883371218980379e+00,1.791983025373600769e-01,3.569215113934237626e-01,1.578641540971867652e-01
4.210000000000000142e+01,1.089153957101588688e+00,1.795088969987668759e-01,3.574696945769539891e-01,1.577367009325343905e-01
4.220000000000000284e+01,1.090378668807189255e+00,1.787404265990468477e-01,3.555878604387751607e-01,1.564123588316777835e-01
4.230000000000000426e+01,1.095085186348016881e+00,1.773797582923571925e-01,3.546805403600658546e-01,1.556758153847800641e-01
4.240000000000000568e+01,1.097217225129811347e+00,1.748473631437154063e-01,3.520196797713298076e-01,1.560128128210191423e-01
4.250000000000000000e+01,1.100558335869885829e+00,1.727560116618913622e-01,3.489314642632054264e-01,1.538872411643986415e-01
4.260000000000000142e+01,1.095494348481750979e+00,1.715766385155858553e-01,3.463145298764593871e-01,1.560947339881506579e-01
4.270000000000000284e+01,1.100060040675632234e+00,1.716521795479668822e-01,3.465925084336577977e-01,1.551657150075953506e-01
4.280000000000000426e+01,1.106095297187151383e+00,1.716351535575892373e-01,3.475937036992520213e-01,1.543852762066142692e-01
4.290000000000000568e+01,1.105153159614661540e+00,1.725810765155424698e-01,3.486905638649290817e-01,1.554702049885810511e-01
4.300000000000000000e+01,1.110071013951573038e+00,1.749154393111985450e-01,3.519072545762104709e-01,1.586039529254480163e-01
4.310000000000000142e+01,1.111719534127924014e+00,1.761302374026453565e-01,3.540289335117998148e-01,1.594243912511613126e-01
4.320000000000000284e+01,1.112426306755508021e+00,1.774612137520673039e-01,3.536009289889577301e-01,1.588638198921602795e-01
4.330000000000000426e+01,1.114739507662956042e+00,1.782306786686243538e-01,3.535889058960101083e-01,1.575554303858795469e-01
4.340000000000000568e+01,1.118688711801830493e+00,1.775738299401667941e-01,3.531070697217347232e-01,1.598997924384639169e-01
4.350000000000000000e+01,1.125217875712978266e+00,1.762761214177511193e-01,3.523137367545778331e-01,1.586722037914505556e-01
4.360000000000000142e+01,1.124383219515198595e+00,1.752542304144733831e-01,3.518380833113866069e-01,1.555382799931452620e-01
4.370000000000000284e+01,1.123564248027836499e+00,1.737190165414560783e-01,3.507778341880631312e-01,1.551865351047040098e-01
4.380000000000000426e+01,1.122694828413981272e+00,1.726126898256333808e-01,3.505957226978198005e-01,1.532551366115209035e-01
4.390000000000000568e+01,1.122786991370741116e+00,1.710951412640621672e-01,3.484043490624826322e-01,1.512904143780330890e-01
4.400000000000000000e+01,1.125590026758056528e+00,1.698041708073191880e-01,3.486452505198924245e-01,1.506928266428711749e-01
4.410000000000000142e+01,1.128775463732800688e+00,1.684347017148170034e-01,3.517365633166356087e-01,1.493556582337966232e-01
4.420000000000000284e+01,1.132976845889312578e+00,1.687356600342599378e-01,3.527123004133063677e-01,1.492265230272133425e-01
4.430000000000000426e+01,1.134354186548121701e+00,1.695349149288315205e-01,3.513150385377347140e-01,1.490415625935930244e-01
4.440000000000000568e+01,1.137773048149321342e+00,1.714828988971651147e-01,3.521062122731953847e-01,1.498762540899240825e-01
4.450000000000000000e+01,1.143810680905251287e+00,1.738559052850029985e-01,3.552493015662907538e-01,1.542762546264803969e-01
4.460000000000000142e+01,1.148618791535428896e+00,1.761426169077617843e-01,3.578971505575359036e-01,1.569032541497744626e-01
4.470000000000000284e+01,1.145748070417683895e+00,1.775683238673584352e-01,3.601715671946573716e-01,1.591034029344177425e-01
4.480000000000000426e+01,1.144348072354266721e+00,1.784543018292450989e-01,3.611511163239197741e-01,1.587275289564985259e-01
4.490000000000000568e+01,1.144297966761189000e+00,1.785196919316061337e-01,3.621733596592705551e-01,1.585540895506308001e-01
4.500000000000000000e+01,1.134686251913658461e+00,1.769997328567460559e-01,3.591478681519421623e-01,1.576588258354367222e-01
4.510000000000000142e+01,1.132349544108272488e+00,1.757831902065803142e-01,3.547606687297948369e-01,1.575561824723401838e-01
4.520000000000000284e+01,1.125062191590185057e+00,1.751527716623614006e-01,3.538465975436031474e-01,1.555392236446334342e-01
4.530000000000000426e+01,1.123710073580156177e+00,1.750620346929085136e-01,3.545368560249390066e-01,1.542772415769374517e-01
4.540000000000000568e+01,1.117608755354089656e+00,1.744589233329937039e-01,3.549192900060599287e-01,1.530210100739790302e-01
4.550000000000000000e+01,1.114674028811611262e+00,1.740069085209685895e-01,3.545941356335263195e-01,1.527032688656281834e-01
4.560000000000000142e+01,1.117024313188105911e+00,1.724445235251583219e-01,3.528529945214539665e-01,1.524795254367150854e-01
4.570000000000000284e+01,1.122845486623394784e+00,1.726222861641701911e-01,3.534034106403263764e-01,1.547762841357000207e-01
4.580000000000000426e+01,1.128294403120556400e+00,1.741775550819900931e-01,3.563419798308391506e-01,1.551336573591031998e-01
4.590000000000000568e+01,1.134035290723194311e+00,1.756930838084232172e-01,3.588392727585033581e-01,1.557360585069333947e-01
4.600000000000000000e+01,1.134605914122376547e+00,1.770762978517242126e-01,3.587600238881603620e-01,1.598223494584667115e-01
4.610000000000000142e+01,1.133028590579284067e+00,1.768074988444836848e-01,3.575456173733912446e-01,1.577544376983929242e-01
4.620000000000000284e+01,1.129903142994562959e+00,1.757455703222909893e-01,3.562212828294893385e-01,1.582315641913755733e-01
4.630000000000000426e+01,1.126753736385545102e+00,1.740477911142390699e-01,3.530049193265294982e-01,1.554353535577931711e-01
4.640000000000000568e+01,1.121560664276286090e+00,1.733579582577438605e-01,3.512817779020189213e-01,1.555770672342571825e-01
4.650000000000000000e+01,1.114801373525485362e+00,1.719573522181944147e-01,3.478849089211836776e-01,1.541930398311160966e-01
4.660000000000000142e+01,1.111542208537398047e+00,1.712537770557497896e-01,3.468601943945802124e-01,1.542953158568793337e-01
4.670000000000000284e+01,1.107457621423671323e+00,1.714077150950514272e-01,3.481378754373369855e-01,1.529763451329333723e-01
4.680000000000000426e+01,1.102049815126631360e+00,1.716772115314322278e-01,3.484019519583008706e-01,1.523435605776526092e-01
4.690000000000000568e+01,1.098305617775210630e+00,1.735579953407468956e-01,3.501271993185297582e-01,1.534138400506567801e-01
4.700000000000000000e+01,1.096449605154725893e+00,1.757882668292848338e-01,3.552078184217077328e-01,1.523370223951827640e-01
4.710000000000000142e+01,1.102169110124879392e+00,1.781546327994686651e-01,3.582272216505213991e-01,1.521669025709943279e-01
4.720000000000000284e+01,1.101839371619422581e+00,1.789005007842635331e-01,3.584543897223014253e-01,1.519299050146831753e-01
4.730000000000000426e+01,1.105460775221668523e+00,1.797893349278200659e-01,3.584659739706244630e-01,1.550776554524279094e-01
4.740000000000000568e+01,1.100081909525964408e+00,1.796159260432351468e-01,3.585399258793441346e-01,1.556851372140676537e-01
4.750000000000000000e+01,1.101472342655347658e+00,1.784062270485748392e-01,3.581514191345959719e-01,1.574854340283761422e-01
4.760000000000000142e+01,1.103555824838178268e+00,1.762237691809765971e-01,3.578037605413376121e-01,1.559396399243513642e-01
4.770000000000000284e+01,1.103923881694745202e+00,1.744521915725032180e-01,3.547974193028297085e-01,1.542250987059406442e-01
4.780000000000000426e+01,1.098216383785738604e+00,1.726590174683755308e-01,3.512993453318892789e-01,1.523837159829443955e-01
4.790000000000000568e+01,1.087981715811713102e+00,1.723247792063193617e-01,3.502584135514398289e-01,1.543285777308771312e-01
4.800000000000000000e+01,1.084140208092783997e+00,1.733291259467338030e-01,3.511676388686539307e-01,1.561344087256166524e-01
4.810000000000000142e+01,1.087217301985052398e+00,1.743734747922645878e-01,3.527254167730143886e-01,1.566864804948727707e-01
4.820000000000000284e+01,1.087347190088486126e+00,1.756324173118132270e-01,3.545979314671871552e-01,1.571668927843571928e-01
4.830000000000000426e+01,1.085297550576663994e+00,1.764021956780062739e-01,3.554876966175737896e-01,1.564621030199697949e-01
4.840000000000000568e+01,1.087090559286349789e+00,1.750812623402066004e-01,3.539825534887666714e-01,1.551566399379237238e-01
4.850000000000000000e+01,1.084785481044135969e+00,1.748311736724875998e-01,3.535153793578678094e-01,1.563531313328772043e-01
4.860000000000000142e+01,1.079215246804687389e+00,1.737335685432229437e-01,3.512022418311538940e-01,1.542752755993344327e-01
4.870000000000000284e+01,1.077673238265387079e+00,1.717376004606245843e-01,3.504680349075950940e-01,1.535879949735655670e-01
4.880000000000000426e+01,1.077882721206296024e+00,1.711385908778632892e-01,3.499029759752553259e-01,1.533139851825244537e-01
4.890000000000000568e+01,1.077415390238091186e+00,1.706835041168119904e-01,3.495593525492747267e-01,1.511930723775354868e-01
4.900000000000000000e+01,1.074081563519321048e+00,1.703425993688122142e-01,3.490560600643872191e-01,1.518753673616239086e-01
4.910000000000000142e+01,1.070394167114313344e+00,1.710592225610196582e-01,3.505748331925231942e-01,1.490839120227170356e-01
4.920000000000000284e+01,1.064198021176138376e+00,1.729410827095716474e-01,3.512065976095913311e-01,1.507053044026146482e-01
4.930000000000000426e+01,1.066000880307967913e+00,1.740619251434955272e-01,3.524134408281150987e-01,1.525370313824802038e-01
4.940000000000000568e+01,1.057847102346890056e+00,1.745423717805139330e-01,3.527446294250034531e-01,1.533330678823379145e-01
4.950000000000000000e+01,1.050966083083127334e+00,1.740126938913894306e-01,3.515447355320750478e-01,1.533547413093403478e-01
4.960000000000000142e+01,1.042880843427974824e+00,1.724726099630327358e-01,3.487089877322863685e-01,1.553934990673542238e-01
4.970000000000000284e+01,1.036482892375003351e+00,1.701377884174183064e-01,3.444769538351017957e-01,1.533162505738072390e-01
4.980000000000000426e+01,1.026846673083917416e+00,1.668939852274804458e-01,3.392966905872442096e-01,1.533684007182961051e-01
4.990000000000000568e+01,1.020716669307841329e+00,1.645614381430630380e-01,3.358813617787529959e-01,1.494683568686939745e-01
5.000000000000000000e+01,1.013883603307639492e+00,1.646305079772170388e-01,3.348407282059453483e-01,1.514952598884126977e-01
5.010000000000000142e+01,1.017613892843400869e+00,1.665279772854784124e-01,3.371010606330208104e-01,1.530454926792712000e-01
5.020000000000000284e+01,1.018118236678888788e+00,1.688771486695660740e-01,3.406962123219998140e-01,1.536109794097013093e-01
5.030000000000000426e+01,1.019705434082864182e+00,1.699486245261702944e-01,3.438175080265080119e-01,1.522001155271195671e-01
5.040000000000000568e+01,1.019651178735048402e+00,1.706622617554801324e-01,3.430307074810984291e-01,1.534985190789541487e-01
5.050000000000000000e+01,1.021126265451764548e+00,1.725978763626793144e-01,3.442856117227536816e-01,1.557089583480784634e-01
5.060000000000000142e+01,1.018975846418185727e+00,1.725507323815035354e-01,3.446802772866612852e-01,1.545680676592383340e-01
5.070000000000000284e+01,1.017948455341692870e+00,1.711951682433791033e-01,3.438477714651806960e-01,1.534512703928355148e-01
5.080000000000000426e+01,1.014790880934406614e+00,1.703552289907694361e-01,3.447383896709989015e-01,1.527689235674582202e-01
5.090000000000000568e+01,1.016484914383261273e+00,1.704761570538761706e-01,3.491846139408157357e-01,1.529350199626754725e-01
5.100000000000000000e+01,1.018836701646517628e+00,1.713818422658424656e-01,3.518795709824060203e-01,1.522965810417428456e-01
5.110000000000000142e+01,1.021344404473909284e+00,1.725092806209477803e-01,3.512793423134432658e-01,1.510885360428428359e-01
5.120000000000000284e+01,1.019995784541640749e+00,1.740185270809224971e-01,3.517969122757264033e-01,1.515451226651463312e-01
5.130000000000000426e+01,1.020347427744498381e+00,1.740027695817962516e-01,3.519260375090378368e-01,1.505117812557623946e-01
5.140000000000000568e+01,1.020590576791482462e+00,1.736989019106582044e-01,3.510814528443532700e-01,1.538553174642117993e-01
5.150000000000000000e+01,1.019643612280669576e+00,1.742692094840586625e-01,3.494838923029877642e-01,1.552548629606279318e-01
5.160000000000000142e+01,1.014420782091156603e+00,1.739507705539030669e-01,3.478912656305988560e-01,1.593926366473498446e-01
5.170000000000000284e+01,1.010894403351834558e+00,1.743339104421197661e-01,3.477614702738233698e-01,1.587899032546945810e-01
5.180000000000000426e+01,1.013191184062411487e+00,1.737220013490304860e-01,3.480607741429987967e-01,1.589509788465421625e-01
5.190000000000000568e+01,1.005723572294128232e+00,1.717611857888810267e-01,3.469154441816658663e-01,1.566866015044779126e-01
5.200000000000000000e+01,1.001603531677116798e+00,1.699429422587853122e-01,3.453889621374622854e-01,1.536341999563208272e-01
5.210000000000000142e+01,1.000279460651409380e+00,1.679944547267598898e-01,3.430285439785869528e-01,1.520101163454144755e-01
5.220000000000000284e+01,1.006299048473612512e+00,1.680546509586345605e-01,3.443205665967706275e-01,1.492503027305185637e-01
5.230000000000000426e+01,1.013668107105568872e+00,1.697731956648575458e-01,3.487005970873860439e-01,1.502342191279652239e-01
5.240000000000000568e+01,1.017667855620208117e+00,1.722619629510457329e-01,3.529231412317465066e-01,1.530692066406780794e-01
5.250000000000000000e+01,1.019793598598279116e+00,1.752174843487180889e-01,3.559388714957231192e-01,1.551344053689729940e-01
5.260000000000000142e+01,1.020860130876918292e+00,1.754585245550711325e-01,3.558316834663554640e-01,1.538624527967936417e-01
5.270000000000000284e+01,1.025215851153103763e+00,1.755577747782351428e-01,3.569994048857785263e-01,1.559881104299805921e-01
5.280000000000000426e+01,1.030844669349871179e+00,1.758897043757570722e-01,3.575160426065296937e-01,1.557881333137817736e-01
5.290000000000000568e+01,1.025499789656317162e+00,1.767718452107211735e-01,3.578025018356005837e-01,1.574024954252652153e-01
5.300000000000000000e+01,1.018814232763544769e+00,1.764732197974994421e-01,3.559786282093340137e-01,1.557672783661641636e-01
5.310000000000000142e+01,1.015195417801511013e+00,1.746473334165287161e-01,3.531914284195802334e-01,1.543206135448424998e-01
5.320000000000000284e+01,1.015429686617502991e+00,1.733786702408597336e-01,3.525800890563047796e-01,1.578950458689964420e-01
5.330000000000000426e+01,1.016718269791478724e+00,1.712127041074762157e-01,3.512668169019103614e-01,1.582639612996560030e-01
5.340000000000000568e+01,1.013107578527287833e+00,1.691898580372533378e-01,3.481695312953670407e-01,1.543416808274561403e-01
5.350000000000000000e+01,1.011571849873656559e+00,1.684116291118397113e-01,3.463034696282947800e-01,1.553768137734299060e-01
5.360000000000000142e+01,1.017073246803654518e+00,1.695863840488234242e-01,3.481414877294498611e-01,1.555785413140412521e-01
5.370000000000000284e+01,1.015725207920496809e+00,1.704490732917207652e-01,3.498430947003006164e-01,1.537739220260509465e-01
5.380000000000000426e+01,1.016632282700909995e+00,1.717904624055764107e-01,3.506381333114584331e-01,1.533982654722430838e-01
5.390000000000000568e+01,1.023995440451470840e+00,1.725220365819693791e-01,3.530833313785261551e-01,1.530322429885077329e-01
5.400000000000000000e+01,1.028483470752838524e+00,1.730757748487781189e-01,3.552626210435106402e-01,1.550574079436214114e-01
5.410000000000000142e+01,1.032462923303716584e+00,1.720436740144651866e-01,3.558089781519216954e-01,1.543454856955800425e-01
5.420000000000000284e+01,1.036102127221015357e+00,1.705702707017725250e-01,3.531424977300641199e-01,1.537936015307303228e-01
5.430000000000000426e+01,1.029784675680308625e+00,1.693383391889165812e-01,3.504820780330726304e-01,1.521765354025403916e-01
5.440000000000000568e+01,1.028249641645774259e+00,1.695725814273052467e-01,3.514512990225382438e-01,1.507484869006072981e-01
5.450000000000000000e+01,1.022176787278961552e+00,1.699464806384455018e-01,3.527580911881078585e-01,1.511572541095037303e-01
5.460000000000000142e+01,1.020689665663623513e+00,1.703240254780021279e-01,3.539967733677498174e-01,1.517016419327100463e-01
5.470000000000000284e+01,1.020287050828518893e+00,1.729456090000536794e-01,3.561799706687194811e-01,1.528675074562190761e-01
5.480000000000000426e+01,1.019283381313798698e+00,1.758498118666501908e-01,3.576002217213004597e-01,1.557658775661634187e-01
5.490000000000000568e+01,1.014240799703095774e+00,1.777851307700058225e-01,3.586265886719078311e-01,1.572969393387960713e-01
5.500000000000000000e+01,1.021463311696209963e+00,1.798590292406509472e-01,3.600271393290272459e-01,1.573521561591382234e-01
5.510000000000000142e+01,1.024601943386611813e+00,1.813407758010603110e-01,3.633017829083664552e-01,1.602445052536892178e-01
5.520000000000000284e+01,1.025735747539799902e+00,1.813300476493185653e-01,3.647920202899308517e-01,1.619321323087271058e-01
5.530000000000000426e+01,1.027676645156329505e+00,1.812019715854709945e-01,3.655036335460179475e-01,1.625748111255174988e-01
5.540000000000000568e+01,1.034697435641978025e+00,1.812710388729531497e-01,3.659155459391827403e-01,1.619128875274950252e-01
5.550000000000000000e+01,1.035738524492207713e+00,1.817543255157203497e-01,3.663253876533626996e-01,1.609189944091354851e-01
5.560000000000000142e+01,1.032474355287951395e+00,1.810692829691424310e-01,3.680373059063735131e-01,1.612289878923607311e-01
5.570000000000000284e+01,1.029977820682183687e+00,1.812361881306926992e-01,3.683777237779587432e-01,1.604368949887843565e-01
5.580000000000000426e+01,1.020248634909606267e+00,1.809772528896937960e-01,3.670906299878836654e-01,1.580864606672753025e-01
5.590000000000000568e+01,1.016342676109044607e+00,1.791274891121167057e-01,3.653049872448669855e-01,1.550955212129691840e-01
5.600000000000000000e+01,1.014072376740542403e+00,1.777736544561469567e-01,3.638353073347891931e-01,1.522176317345906027e-01
5.610000000000000142e+01,1.008062779295154643e+00,1.750224238046401981e-01,3.584786734200968716e-01,1.550486385813246715e-01
5.620000000000000284e+01,9.980962236678041499e-01,1.721047285100279489e-01,3.518995067260517473e-01,1.532442558479151229e-01
5.630000000000000426e+01,9.981723739819395869e-01,1.724559947666849391e-01,3.509250088230386755e-01,1.529383035348940711e-01
5.640000000000000568e+01,1.007180021201491416e+00,1.742463614754053702e-01,3.523272339993143709e-01,1.556481147510570262e-01
5.650000000000000000e+01,1.007314639556601721e+00,1.766117442813402993e-01,3.540851784920734380e-01,1.585407256779794993e-01
5.660000000000000142e+01,1.005525214727745364e+00,1.788608940007217207e-01,3.546358585382384798e-01,1.629251067561814093e-01
5.670000000000000284e+01,9.985222979498256102e-01,1.792873818563515409e-01,3.550231136343066640e-01,1.624609842104576818e-01
5.680000000000000426e+01,9.933022423970767623e-01,1.789682222091387720e-01,3.578105893672589577e-01,1.613083954371169193e-01
5.690000000000000568e+01,9.963962150877812007e-01,1.784018947831793600e-01,3.593757425567592478e-01,1.609186641643205185e-01
5.700000000000000000e+01,9.923530590140726693e-01,1.782312883332330400e-01,3.582346539136084806e-01,1.628776615775966441e-01
5.710000000000000142e+01,9.871272352596610622e-01,1.770219422534130282e-01,3.561847715202946518e-01,1.613715636654481922e-01
5.720000000000000284e+01,9.817926859077278356e-01,1.757123072331459590e-01,3.530388883914230558e-01,1.576483072096552529e-01
5.730000000000000426e+01,9.740706191580500439e-01,1.743660978856722277e-01,3.522636524008947445e-01,1.584590180582312879e-01
5.740000000000000568e+01,9.750917260564427869e-01,1.728000356024648743e-01,3.525027624073880372e-01,1.560477326088748617e-01
5.750000000000000000e+01,9.768441729344987667e-01,1.719865844913958108e-01,3.527151086572390959e-01,1.558052886877184795e-01
5.760000000000000142e+01,9.730675035532059258e-01,1.712621574109810529e-01,3.510054518892480324e-01,1.541160958844999540e-01
5.770000000000000284e+01,9.725357985482544487e-01,1.724626500039052324e-01,3.519326165824829267e-01,1.539985190722182873e-01
5.780000000000000426e+01,9.696171443093276610e-01,1.729601598013424391e-01,3.525942400158466050e-01,1.510696050949213720e-01
5.790000000000000568e+01,9.739733615826184909e-01,1.733242664168273550e-01,3.545820638602176778e-01,1.541119865849655546e-01
5.800000000000000000e+01,9.759305849356284535e-01,1.726470293393906341e-01,3.550698457611620729e-01,1.561209902249416082e-01
5.810000000000000142e+01,9.764164189949725570e-01,1.729459315929118002e-01,3.536581827285198432e-01,1.554361521559303183e-01
5.820000000000000284e+01,9.780177776481331353e-01,1.729214629752739152e-01,3.522686056133832455e-01,1.527182165012801185e-01
5.830000000000000426e+01,9.722760228978634123e-01,1.717400166958735763e-01,3.511437124059466619e-01,1.516532995565274822e-01
5.840000000000000568e+01,9.728371056591267330e-01,1.696261081168019547e-01,3.508026406180325130e-01,1.515669041783593851e-01
5.850000000000000000e+01,9.701737949742315070e-01,1.688973289335145289e-01,3.484238180206420399e-01,1.509071582662535604e-01
5.860000000000000142e+01,9.660193040355051775e-01,1.676707599882127642e-01,3.446202432339151023e-01,1.495598260842414262e-01
5.870000000000000284e+01,9.606140925880294335e-01,1.677744993732363521e-01,3.422023496842321877e-01,1.507537892961779979e-01
5.880000000000000426e+01,9.545310830897786314e-01,1.676203935125756550e-01,3.417934945360092680e-01,1.534237403404066225e-01
5.890000000000000568e+01,9.450942602828406036e-01,1.665796829031105930e-01,3.373922095206247640e-01,1.536233121877587371e-01
5.900000000000000000e+01,9.384096371684296223e-01,1.654087801566963001e-01,3.349378849311419049e-01,1.517635233475453371e-01
5.910000000000000142e+01,9.324899886050194153e-01,1.647046289436713828e-01,3.355086966242815660e-01,1.525495164198764353e-01
5.920000000000000284e+01,9.316301702674273377e-01,1.650923200748264652e-01,3.370245023389571992e-01,1.531414589756328326e-01
5.930000000000000426e+01,9.368350680692000276e-01,1.675017007490921528e-01,3.416153682939634950e-01,1.533773012504524580e-01
5.940000000000000568e+01,9.350987066676933468e-01,1.715786969059605871e-01,3.450554367713242199e-01,1.557645168359269028e-01
5.950000000000000000e+01,9.367222067163615273e-01,1.749100760465731319e-01,3.485489309099727429e-01,1.562173515506231902e-01
5.960000000000000142e+01,9.386209939370097066e-01,1.761928487047796921e-01,3.499959437271566443e-01,1.562912026414334798e-01
5.970000000000000284e+01,9.381994983263660659e-01,1.749836475322775753e-01,3.480034667934985282e-01,1.580224140878085104e-01
5.980000000000000426e+01,9.406775567618775868e-01,1.726693959134576184e-01,3.452887608424813903e-01,1.556452336461900676e-01
5.990000000000000568e+01,9.335564963229165958e-01,1.698142241052337242e-01,3.423184155662695738e-01,1.524464365759820306e-01
6.000000000000000000e+01,9.364407672105312663e-01,1.689676474410088947e-01,3.408788364721073161e-01,1.524501088093466739e-01
6.010000000000000142e+01,9.379952418184357432e-01,1.683525260581598959e-01,3.392493835704128435e-01,1.531081731363981291e-01
6.020000000000000284e+01,9.435347805089129292e-01,1.688071835706090040e-01,3.405914803424808235e-01,1.509830986015245624e-01
6.030000000000000426e+01,9.545567326325007373e-01,1.695989266317001198e-01,3.429264060664055647e-01,1.493955112379124761e-01
6.040000000000000568e+01,9.614874204344360242e-01,1.718835012192954648e-01,3.474019784144280476e-01,1.542031710376965681e-01
6.050000000000000000e+01,9.663309146556163798e-01,1.746755894095443351e-01,3.507559036727885271e-01,1.567853504410684495e-01
6.060000000000000142e+01,9.684032673007526570e-01,1.766009365801743114e-01,3.523866264906457824e-01,1.554687114568111816e-01
6.070000000000000284e+01,9.704121726468721842e-01,1.764525854386953807e-01,3.528631015801475534e-01,1.570338381962820551e-01
6.080000000000000426e+01,9.684865504801392078e-01,1.749256378416529645e-01,3.509577379584391532e-01,1.568177754434180726e-01
6.090000000000000568e+01,9.700230408516057334e-01,1.740886954685655352e-01,3.489629203874838326e-01,1.567280850817336924e-01
6.100000000000000000e+01,9.735281433678589780e-01,1.742199169951684223e-01,3.501038685015791518e-01,1.585189759098880324e-01
6.110000000000000142e+01,9.828411403274975866e-01,1.712219636023225855e-01,3.483982232033214221e-01,1.547756702981951393e-01
6.120000000000000284e+01,9.844902177907760565e-01,1.674674931133605105e-01,3.400408441687077787e-01,1.524858963079668284e-01
6.130000000000000426e+01,9.796378287055059753e-01,1.653081206545868320e-01,3.346739865463149166e-01,1.477378451693244499e-01
6.140000000000000568e+01,9.767768316354097369e-01,1.638091030138117410e-01,3.320070671093977577e-01,1.470236312858249073e-01
6.150000000000000000e+01,9.679704974150601382e-01,1.623340300782781798e-01,3.286199009845783836e-01,1.484156553178181681e-01
6.160000000000000142e+01,9.724508204354589402e-01,1.630803309875007712e-01,3.306762536579648804e-01,1.476972759197591745e-01
6.170000000000000284e+01,9.845312563419186258e-01,1.654312932649558421e-01,3.348132357228071343e-01,1.524928682203842145e-01
6.180000000000000426e+01,9.979956144559032349e-01,1.695533426688986267e-01,3.417591726994385626e-01,1.551636280205213048e-01
6.190000000000000568e+01,1.003959234025400882e+00,1.730377713585352639e-01,3.463116854510961407e-01,1.572934954978571220e-01
6.200000000000000000e+01,1.009486232666337191e+00,1.736221419273599187e-01,3.463089792579960857e-01,1.562327946756786601e-01
6.210000000000000142e+01,1.021547047007288489e+00,1.741444742914095289e-01,3.495203635789280172e-01,1.580100064491992418e-01
6.220000000000000284e+01,1.022727352241476151e+00,1.745170446159455824e-01,3.514833716571263977e-01,1.571675711223444460e-01
6.230000000000000426e+01,1.022651217371010501e+00,1.748370558005032938e-01,3.509912547511763181e-01,1.609202182145149373e-01
6.240000000000000568e+01,1.022110619743296533e+00,1.751846869545126972e-01,3.529277411499127104e-01,1.610595019892642199e-01
6.250000000000000000e+01,1.026601351597411504e+00,1.742922745349822777e-01,3.523652501483117150e-01,1.580251134774662281e-01
6.260000000000000142e+01,1.030429420932678974e+00,1.731190161756059331e-01,3.508041259763338693e-01,1.546746162190563434e-01
6.270000000000000284e+01,1.035974463635438880e+00,1.750992224781817430e-01,3.523183081575563258e-01,1.576191666549842108e-01
6.280000000000000426e+01,1.041194214018028141e+00,1.776030351764339987e-01,3.562014850862482152e-01,1.589986568210644546e-01
6.290000000000000568e+01,1.048223043757633421e+00,1.771923827473548263e-01,3.571505452799640934e-01,1.592829631308675664e-01
6.300000000000000000e+01,1.049777667166170492e+00,1.767602202212530116e-01,3.555403645223875753e-01,1.577588178303866162e-01
6.310000000000000142e+01,1.060516288868376567e+00,1.756380890802974049e-01,3.537611105318360094e-01,1.583681502648365824e-01
6.320000000000000284e+01,1.061433932878361075e+00,1.753241964247815587e-01,3.504689058893830089e-01,1.557020094403365473e-01
6.330000000000000426e+01,1.054022235885999192e+00,1.733418570306908824e-01,3.475075371203332764e-01,1.538533079874930265e-01
6.340000000000000568e+01,1.061577656345247256e+00,1.696759512357781663e-01,3.472474817998667529e-01,1.528533817068961354e-01
6.350000000000000000e+01,1.068951750495841235e+00,1.687673366639594330e-01,3.505928752273552718e-01,1.521898669524171521e-01
6.360000000000000142e+01,1.071214784419249666e+00,1.694785602831594962e-01,3.526512590297646299e-01,1.510536662347101711e-01
6.370000000000000284e+01,1.071381482062720325e+00,1.681474818717489661e-01,3.514963171705843270e-01,1.520836868281143783e-01
6.380000000000000426e+01,1.072979414119829666e+00,1.671697054771203172e-01,3.477835297743324117e-01,1.495798370280269074e-01
6.390000000000000568e+01,1.081953505791140913e+00,1.674617441730834044e-01,3.488450545692476368e-01,1.524864756278404287e-01
6.400000000000000000e+01,1.095342756846457322e+00,1.694992992615263483e-01,3.505840932174497659e-01,1.529917373526749613e-01
6.410000000000000853e+01,1.105842289355142061e+00,1.714204655757093909e-01,3.519219216990961407e-01,1.544354032665230247e-01
6.420000000000000284e+01,1.112183964879947196e+00,1.719590636111465176e-01,3.531083676226068335e-01,1.533583638453807352e-01
6.429999999999999716e+01,1.111531899676919233e+00,1.723644028900357950e-01,3.533127493228082061e-01,1.535368244409410776e-01
6.440000000000000568e+01,1.106690428394950576e+00,1.728182502986803926e-01,3.522905015440365717e-01,1.514698311894025207e-01
6.450000000000000000e+01,1.104627029665292914e+00,1.729727737747155936e-01,3.519267959228237208e-01,1.572565801981776756e-01
6.460000000000000853e+01,1.099063300889765227e+00,1.730066784721377982e-01,3.516009100050334624e-01,1.584415572740349165e-01
6.470000000000000284e+01,1.093222805415583254e+00,1.750634865164326093e-01,3.524574463878223929e-01,1.566006243138459986e-01
6.479999999999999716e+01,1.104164588942418090e+00,1.787234897734998051e-01,3.575711440377431494e-01,1.574986888642835037e-01
6.490000000000000568e+01,1.107984716883706255e+00,1.821602513883407437e-01,3.608747151378187690e-01,1.590229056514951278e-01
6.500000000000000000e+01,1.105367426672557052e+00,1.842237087446569610e-01,3.618744665808086847e-01,1.618367681955041326e-01
6.510000000000000853e+01,1.103176119368513453e+00,1.855307489866859505e-01,3.609257222216897265e-01,1.625712475344483487e-01
6.520000000000000284e+01,1.098838959261534409e+00,1.841775830981194073e-01,3.591568089134564157e-01,1.608319017637929449e-01
6.529999999999999716e+01,1.098127007742421002e+00,1.824434878092043855e-01,3.588038188922241245e-01,1.570978831613854543e-01
6.540000000000000568e+01,1.101309075207871357e+00,1.805059090740012140e-01,3.610899681893900981e-01,1.572682049588566000e-01
6.550000000000000000e+01,1.100772513860687418e+00,1.811981448668930628e-01,3.648590797666783070e-01,1.592457487366393809e-01
6.560000000000000853e+01,1.092726624169990224e+00,1.820067649227914419e-01,3.655928684871972423e-01,1.590549286933864159e-01
6.570000000000000284e+01,1.084602625282782729e+00,1.792731399826571759e-01,3.599300890650415918e-01,1.551252003608831476e-01
6.579999999999999716e+01,1.069057814113758331e+00,1.742611573896235000e-01,3.535209517318951278e-01,1.480923131990899144e-01
6.590000000000000568e+01,1.057916270511501944e+00,1.704451980980795645e-01,3.504740168565455560e-01,1.489776495332668926e-01
6.600000000000000000e+01,1.046783051058049363e+00,1.679101684613134582e-01,3.462299789555098317e-01,1.459787679195120591e-01
6.610000000000000853e+01,1.050659910570389100e+00,1.670370912246132711e-01,3.453646862030040343e-01,1.456328707677852219e-01
6.620000000000000284e+01,1.052270597010630304e+00,1.682448498136146497e-01,3.454696739010953976e-01,1.494142968351679090e-01
6.629999999999999716e+01,1.051784526102471196e+00,1.701594085006943036e-01,3.432562877885705355e-01,1.549115551485652498e-01
6.640000000000000568e+01,1.053851650275124285e+00,1.717320860656393611e-01,3.425628047070788940e-01,1.547651302003451301e-01
6.650000000000000000e+01,1.052341975184696521e+00,1.737199151437596456e-01,3.424902911847067521e-01,1.555558752023948055e-01
6.660000000000000853e+01,1.043522443732687544e+00,1.741242602338619327e-01,3.416565948904038419e-01,1.552354372388007053e-01
6.670000000000000284e+01,1.050414532932267608e+00,1.767867399228568170e-01,3.452291514309493992e-01,1.538614928846285812e-01
6.679999999999999716e+01,1.056369219543600968e+00,1.774491078413961975e-01,3.491688596888253282e-01,1.600254478863890328e-01
6.690000000000000568e+01,1.051288039988122369e+00,1.774314531002040563e-01,3.495450136436830668e-01,1.610490328690082629e-01
6.700000000000000000e+01,1.044619803940066260e+00,1.772378769813335031e-01,3.458148180548123451e-01,1.607807178446496177e-01
6.710000000000000853e+01,1.052721395645861202e+00,1.751796161932554219e-01,3.455028053635041951e-01,1.557734153208441830e-01
6.720000000000000284e+01,1.051940159387995788e+00,1.727599126947655661e-01,3.426483402801378531e-01,1.534332754369829299e-01
6.729999999999999716e+01,1.057370447437239180e+00,1.711187707022775173e-01,3.400615638048885003e-01,1.517252773538565191e-01
6.740000000000000568e+01,1.055874517478000874e+00,1.701127591106057213e-01,3.405420064287190685e-01,1.503041878340274640e-01
6.750000000000000000e+01,1.062298673023273299e+00,1.708449315450848160e-01,3.458936730019811501e-01,1.482117430792542490e-01
6.760000000000000853e+01,1.071437237449861302e+00,1.732565485417398021e-01,3.522068702483811542e-01,1.486171082457078962e-01
6.770000000000000284e+01,1.076322237943626359e+00,1.745520584862979008e-01,3.545985413382634621e-01,1.497617175834512759e-01
6.779999999999999716e+01,1.077997900354853433e+00,1.760917945065609280e-01,3.539417274546482473e-01,1.503288766115046249e-01
6.790000000000000568e+01,1.086984577743323133e+00,1.784933092292903256e-01,3.571666702659111459e-01,1.525456252369044585e-01
6.800000000000000000e+01,1.095924002229140548e+00,1.780087105836900552e-01,3.562829086655546207e-01,1.531848050750047319e-01
6.810000000000000853e+01,1.095761600420770865e+00,1.749226420003336668e-01,3.507048913798807566e-01,1.519695088524693483e-01
6.820000000000000284e+01,1.109833972409618452e+00,1.727592897772019243e-01,3.470297953671216962e-01,1.499431093701588114e-01
6.829999999999999716e+01,1.117976560413536768e+00,1.690650542313412719e-01,3.419827113417299169e-01,1.474010045058966323e-01
6.840000000000000568e+01,1.124603325754742089e+00,1.671972763542692586e-01,3.419268936487818711e-01,1.518433350546349314e-01
6.850000000000000000e+01,1.132893830326573426e+00,1.663129857406580869e-01,3.403683858353528935e-01,1.500642282697494667e-01
6.860000000000000853e+01,1.128367509059490237e+00,1.641283480931167438e-01,3.371589259403345307e-01,1.516487584961179191e-01
6.870000000000000284e+01,1.130046365306107470e+00,1.637907560040865740e-01,3.323683911193866525e-01,1.544678526343285507e-01
6.879999999999999716e+01,1.126634316467371555e+00,1.647203262147756975e-01,3.338999478154320300e-01,1.515659364097608763e-01
6.890000000000000568e+01,1.122948551167506359e+00,1.658944046370997571e-01,3.356671527666804655e-01,1.508188255676441991e-01
6.900000000000000000e+01,1.123869248552746392e+00,1.675643046103330036e-01,3.375396745331996629e-01,1.532674663948059846e-01
6.910000000000000853e+01,1.120372019175324363e+00,1.707691820810345040e-01,3.416973362514834633e-01,1.542903353390110144e-01
6.920000000000000284e+01,1.114670244529560428e+00,1.754782826169666854e-01,3.468587375818903973e-01,1.542094130332902213e-01
6.929999999999999716e+01,1.113877061793815182e+00,1.799547273740639552e-01,3.511282573127529893e-01,1.658906387606794708e-01
6.940000000000000568e+01,1.124221697164814460e+00,1.821668620285984419e-01,3.530785627812965677e-01,1.599979406344005373e-01
6.950000000000000000e+01,1.131585748575243855e+00,1.827461647725734661e-01,3.557594432830292197e-01,1.598069834516971099e-01
6.960000000000000853e+01,1.129474223520507747e+00,1.817241589695513526e-01,3.567735793954284751e-01,1.577151723278595874e-01
6.970000000000000284e+01,1.127237862195151097e+00,1.789491111646308585e-01,3.559748841033137934e-01,1.561070531545143691e-01
6.979999999999999716e+01,1.129646649571776740e+00,1.752495460828396023e-01,3.506693462456870192e-01,1.504905371099437839e-01
6.990000000000000568e+01,1.124668435752936402e+00,1.697180933202216691e-01,3.428912460913451365e-01,1.520949621705416366e-01
7.000000000000000000e+01,1.131498016714966859e+00,1.653858096174351255e-01,3.397068940100929080e-01,1.508735980737443416e-01
7.010000000000000853e+01,1.133730842489142576e+00,1.630480750168069870e-01,3.382903185127779655e-01,1.527644287764096109e-01
7.020000000000000284e+01,1.136610278213846748e+00,1.643143744748909174e-01,3.365469727272804579e-01,1.517174671915561546e-01
7.029999999999999716e+01,1.155896059647635310e+00,1.678609824414623586e-01,3.399624543276646982e-01,1.510375774122337811e-01
7.040000000000000568e+01,1.162212155367460920e+00,1.728826578033046124e-01,3.455820841110573971e-01,1.522115779195496732e-01
7.050000000000000000e+01,1.170281698916887159e+00,1.791487217939909948e-01,3.527101791970096989e-01,1.522231856584074783e-01
7.060000000000000853e+01,1.179386425340835043e+00,1.845245230010820192e-01,3.612594801031022151e-01,1.558219704965644881e-01
7.070000000000000284e+01,1.185693217174958569e+00,1.873447728837903670e-01,3.680937072189258141e-01,1.571394821685708487e-01
7.079999999999999716e+01,1.182613418242001391e+00,1.868148342933594608e-01,3.692865658780246640e-01,1.582386183385159351e-01
7.090000000000000568e+01,1.172361049833736679e+00,1.851363573710395338e-01,3.670865034297239871e-01,1.579596009738779283e-01
7.100000000000000000e+01,1.173331072346675441e+00,1.809255405506736969e-01,3.585883391749570270e-01,1.576262181756287739e-01
7.110000000000000853e+01,1.164672608195698844e+00,1.749989384511547175e-01,3.507510232166795583e-01,1.567111701796464474e-01
7.120000000000000284e+01,1.169068633800061985e+00,1.714951584446945398e-01,3.488178186816787707e-01,1.525535380750177306e-01
7.129999999999999716e+01,1.163266210963281866e+00,1.670868585082247726e-01,3.469519584182356176e-01,1.471357463668766519e-01
7.140000000000000568e+01,1.164683390040089694e+00,1.661818633540858015e-01,3.442491808669234654e-01,1.499908758055735758e-01
7.150000000000000000e+01,1.178853197457674140e+00,1.693875912230050351e-01,3.465739729243794143e-01,1.579874883935334651e-01
7.160000000000000853e+01,1.169134608777027351e+00,1.700780070292918777e-01,3.449157483063357010e-01,1.569807914042174180e-01
7.170000000000000284e+01,1.163626479234515454e+00,1.700409189307436897e-01,3.419656508039860543e-01,1.541181699252500426e-01
7.179999999999999716e+01,1.160761029675548839e+00,1.713643962526907316e-01,3.429348933078866235e-01,1.564320284093946578e-01
7.190000000000000568e+01,1.165493270974552020e+00,1.702483120363780245e-01,3.454211284057453479e-01,1.576776282463606960e-01
7.200000000000000000e+01,1.172797916052763956e+00,1.702918574352118020e-01,3.459717286055253305e-01,1.604025716383110090e-01
7.210000000000000853e+01,1.177917039830049140e+00,1.716979078503486633e-01,3.489554623492217567e-01,1.616355118791650003e-01
7.220000000000000284e+01,1.174142557052690661e+00,1.749128226364295713e-01,3.545438379578459420e-01,1.589521745612244297e-01
7.229999999999999716e+01,1.185120758910645611e+00,1.805085922900574180e-01,3.625080156538196263e-01,1.582137696237757574e-01
7.240000000000000568e+01,1.201270690669417940e+00,1.868090286496598140e-01,3.729784934452612943e-01,1.602162182263491830e-01
7.250000000000000000e+01,1.198704112530630361e+00,1.905726614361601678e-01,3.771986396049566426e-01,1.623052812330179895e-01
7.260000000000000853e+01,1.195660088441435009e+00,1.896635606864639223e-01,3.743396848375548092e-01,1.615920928054585815e-01
7.270000000000000284e+01,1.179117880659097395e+00,1.891780897555138119e-01,3.696824281473194973e-01,1.598516509022814558e-01
7.279999999999999716e+01,1.165568204537932750e+00,1.913714003618523229e-01,3.679597798544678167e-01,1.587640679202161065e-01
7.290000000000000568e+01,1.167041664393680511e+00,1.930110996582183325e-01,3.681563792639500066e-01,1.694746878133143453e-01
7.300000000000000000e+01,1.158989335146867861e+00,1.924293746163145691e-01,3.679794133551956281e-01,1.744995373446871223e-01
7.310000000000000853e+01,1.143726063984037200e+00,1.891864655074628199e-01,3.673881340209459445e-01,1.718812028604878583e-01
7.320000000000000284e+01,1.126626455316558140e+00,1.820159136922487320e-01,3.572285572105441398e-01,1.653678053470781506e-01
7.329999999999999716e+01,1.120710264180997839e+00,1.726697206216542546e-01,3.428727677542598440e-01,1.570131070401819817e-01
7.340000000000000568e+01,1.121686115574378473e+00,1.658962445568640809e-01,3.331524481840398288e-01,1.571769277405996867e-01
7.350000000000000000e+01,1.123910310516187616e+00,1.592792602362741450e-01,3.275320520987890505e-01,1.541066507211202030e-01
7.360000000000000853e+01,1.124165514619641426e+00,1.571197330850481466e-01,3.259669752442677093e-01,1.523377246874604851e-01
7.370000000000000284e+01,1.129698951936332296e+00,1.589054286011155059e-01,3.267211307822831534e-01,1.529365800375375450e-01
7.379999999999999716e+01,1.147773944763185394e+00,1.618589243248842180e-01,3.320585904219670592e-01,1.549954019170748931e-01
7.390000000000000568e+01,1.160384066662005775e+00,1.664828824168721744e-01,3.355577878194480057e-01,1.533062606125515925e-01
7.400000000000000000e+01,1.160832728083770915e+00,1.686190172914444063e-01,3.404798567116882335e-01,1.503919301689624066e-01
7.410000000000000853e+01,1.154107600607741091e+00,1.703999774980319293e-01,3.441135194923756191e-01,1.496451109535023305e-01
7.420000000000000284e+01,1.156262793257510468e+00,1.753724365113815131e-01,3.473504523290955048e-01,1.547674254630626578e-01
7.429999999999999716e+01,1.151367001281612623e+00,1.738952321871363171e-01,3.472138832911316753e-01,1.551885148533849179e-01
7.440000000000000568e+01,1.150451209308050338e+00,1.704207209575892557e-01,3.418473768976366123e-01,1.517131694573189415e-01
7.450000000000000000e+01,1.160670232942511593e+00,1.729778541090568889e-01,3.412104777597416705e-01,1.609157027234255077e-01
7.460000000000000853e+01,1.170610458096321249e+00,1.760181003117401444e-01,3.468300700172060602e-01,1.564309414386666486e-01
7.470000000000000284e+01,1.175710620991846866e+00,1.799191008368113687e-01,3.577401803395570123e-01,1.653613572628943040e-01
7.479999999999999716e+01,1.174112736366950571e+00,1.841974853197856921e-01,3.599536413894878772e-01,1.640321458083377204e-01
7.490000000000000568e+01,1.173328749308603092e+00,1.827436072086097429e-01,3.532414547977135166e-01,1.653780146940303508e-01
7.500000000000000000e+01,1.174246694737272501e+00,1.770130085240373963e-01,3.478023007668991085e-01,1.591720895551861636e-01
7.510000000000000853e+01,1.181031195921747212e+00,1.734594571755762871e-01,3.486982460615987156e-01,1.585383275098831424e-01
7.520000000000000284e+01,1.181290552934917581e+00,1.712139378187527428e-01,3.500984718685853925e-01,1.534556990601485538e-01
7.529999999999999716e+01,1.162772174325367613e+00,1.700157474403022617e-01,3.469369794575870580e-01,1.518919219010745891e-01
7.540000000000000568e+01,1.151543606454591862e+00,1.734541435646924090e-01,3.472464902422793820e-01,1.541595879042896855e-01
7.550000000000000000e+01,1.154468706023684899e+00,1.776479214556306585e-01,3.480289320009055665e-01,1.619617493038994493e-01
7.560000000000000853e+01,1.165621442270809105e+00,1.788197894340524674e-01,3.499206315040330195e-01,1.610388671976595576e-01
7.570000000000000284e+01,1.158914885978230558e+00,1.749668439472624459e-01,3.406842371963910154e-01,1.628706176013351437e-01
7.579999999999999716e+01,1.161465506569204553e+00,1.716883879951627001e-01,3.346034813328666591e-01,1.556579091110654456e-01
7.590000000000000568e+01,1.167780362380671511e+00,1.721833427100572245e-01,3.390240253201127762e-01,1.613950127836266957e-01
7.600000000000000000e+01,1.192478270149807340e+00,1.740765410721561157e-01,3.496392060782790856e-01,1.632479325615552868e-01
7.610000000000000853e+01,1.202726294062246737e+00,1.761087628653117965e-01,3.561932442847614566e-01,1.666332653854443457e-01
7.620000000000000284e+01,1.214777916202904429e+00,1.768851480135553988e-01,3.553201814104071654e-01,1.731238624173012663e-01
7.629999999999999716e+01,1.236765919241594958e+00,1.772661267210733083e-01,3.537278469895207555e-01,1.728146295248066677e-01
7.640000000000000568e+01,1.253552191003191485e+00,1.819241530831538778e-01,3.572271530210988089e-01,1.724840263253925310e-01
7.650000000000000000e+01,1.276133197795466634e+00,1.871673855510628259e-01,3.622513661231673843e-01,1.752565297167963110e-01
7.660000000000000853e+01,1.272961543060240786e+00,1.897424883553262553e-01,3.666702194815983362e-01,1.710133741881652847e-01
7.670000000000000284e+01,1.288549130769598872e+00,1.912040061916156497e-01,3.720896325930557746e-01,1.745478326080285303e-01
7.680000000000001137e+01,1.326979987469880218e+00,1.908906516675326903e-01,3.740775773016073447e-01,1.716666818126454663e-01
7.690000000000000568e+01,1.340541285519974313e+00,1.864790939543952974e-01,3.721357988391482685e-01,1.639230586888163477e-01
7.700000000000000000e+01,1.371592479780711749e+00,1.790450932818913876e-01,3.636494071289567698e-01,1.500461520445303953e-01
7.710000000000000853e+01,1.398788321560198167e+00,1.726223261816289545e-01,3.541298868733742111e-01,1.372348908167706771e-01
7.720000000000000284e+01,1.429428213712991891e+00,1.673930641105883521e-01,3.487284859412537186e-01,1.395412178467042297e-01
7.730000000000001137e+01,1.440742235325828347e+00,1.659040977648414961e-01,3.475988702441665801e-01,1.454903410671233854e-01
7.740000000000000568e+01,1.470473598387746827e+00,1.661575665681339908e-01,3.462919041317077951e-01,1.413661370926678207e-01
7.750000000000000000e+01,1.494558626701835591e+00,1.655607869339386640e-01,3.432882960145937634e-01,1.444746083991112762e-01
7.760000000000000853e+01,1.515840456991378815e+00,1.682108389122445868e-01,3.482629136958713123e-01,1.518691027003145899e-01
7.770000000000000284e+01,1.547830465242670206e+00,1.725274481639623159e-01,3.634845648956594455e-01,1.505764622427681054e-01
7.780000000000001137e+01,1.585115947815454840e+00,1.791474309135802911e-01,3.775616114235550436e-01,1.546956661748603301e-01
7.790000000000000568e+01,1.600863741512662308e+00,1.811398959213422200e-01,3.815319983072253396e-01,1.526118508664562334e-01
7.800000000000000000e+01,1.614252168661443276e+00,1.807368931422842218e-01,3.758911464295627280e-01,1.495654012358978713e-01
7.810000000000000853e+01,1.595389522383454883e+00,1.721340381102229589e-01,3.662649314887231333e-01,1.373323252179246556e-01
7.820000000000000284e+01,1.596299598401480280e+00,1.624528038644506012e-01,3.566384540428600425e-01,1.390001579355402694e-01
7.830000000000001137e+01,1.585603079602630805e+00,1.557839394836313118e-01,3.463571002939378474e-01,1.397585475269256250e-01
7.840000000000000568e+01,1.587562195263770848e+00,1.533752623233080870e-01,3.433379477239376643e-01,1.454099734180979986e-01
7.850000000000000000e+01,1.597003151344973837e+00,1.569045876761677727e-01,3.467130745460475505e-01,1.408785190531853804e-01
7.860000000000000853e+01,1.593064671574518476e+00,1.599318476529660027e-01,3.574967460395521712e-01,1.532840173800066597e-01
7.870000000000000284e+01,1.596567986510047277e+00,1.592304032803615876e-01,3.591295057137134927e-01,1.396457257063720980e-01
7.880000000000001137e+01,1.599672499505073064e+00,1.600367861894198829e-01,3.530442049607699362e-01,1.369378256408522732e-01
7.890000000000000568e+01,1.616012611594895398e+00,1.627302640354451602e-01,3.485654695926949653e-01,1.367352493039496464e-01
7.900000000000000000e+01,1.645458952093130645e+00,1.676829501774654840e-01,3.505020094113251994e-01,1.444786555840739672e-01
7.910000000000000853e+01,1.631755180825139373e+00,1.710184928708383123e-01,3.501429477301594151e-01,1.523747907885388553e-01
7.920000000000000284e+01,1.620682644747936552e+00,1.740289860883718898e-01,3.424641828797483356e-01,1.659490740314041590e-01
7.930000000000001137e+01,1.610952574253952774e+00,1.807374438013138462e-01,3.470628792075376445e-01,1.666013661698765025e-01
7.940000000000000568e+01,1.592187588820840771e+00,1.798124857213460048e-01,3.518396428157267164e-01,1.620759667422987382e-01
7.950000000000000000e+01,1.574659725116007269e+00,1.742828730963924544e-01,3.469752493268037363e-01,1.759643996878124395e-01
7.960000000000000853e+01,1.529698390101007277e+00,1.768419917188674417e-01,3.328234607709628090e-01,1.672356272190575199e-01
7.970000000000000284e+01,1.413118303339611526e+00,1.806230479932975364e-01,3.198700446162184852e-01,1.716691998516603201e-01
7.980000000000001137e+01,1.323314072912293415e+00,1.612801199190995183e-01,2.975740609159094330e-01,1.883690032385429425e-01
7.990000000000000568e+01,1.237620212570514688e+00,1.501411140358601959e-01,2.836207572047915737e-01,1.765280638942062774e-01
8.000000000000000000e+01,1.256063014529939847e+00,1.393985625263588768e-01,2.779104186720077196e-01,1.429729213632863483e-01
