time_ps,T_K,PE_eV_atom,P_GPa,rho_g_cm3
5.000000000000000278e-02,1.234322402499999953e+03,-6.077492145241935262e+00,-8.272353814033331920e-01,2.207340320053524874e+00
1.000000000000000056e-01,1.280812443499999972e+03,-6.094371462661290373e+00,-8.731737008066665640e-01,2.207800872577564189e+00
1.500000000000000222e-01,1.240990745500000003e+03,-6.102838055483870150e+00,-8.961642134166667439e-01,2.211267783075463900e+00
2.000000000000000111e-01,1.082840140699999893e+03,-6.091383274677419024e+00,-6.830747034233333181e-01,2.220257844513906065e+00
2.500000000000000000e-01,1.147418062199999895e+03,-6.100487233064516346e+00,1.084473015546666863e+00,2.234803609154589310e+00
3.000000000000000444e-01,1.206341671800000086e+03,-6.107768612419355314e+00,1.427468509166666955e-01,2.243702084905489613e+00
3.500000000000000333e-01,1.182121470000000045e+03,-6.103365718790322525e+00,-6.419491959999986015e-03,2.251162104415675547e+00
4.000000000000000222e-01,1.264193396699999994e+03,-6.109383595967741165e+00,3.782485291466666233e-01,2.255882295887065236e+00
4.500000000000000111e-01,1.248350760199999968e+03,-6.099491588870967540e+00,1.870824701666666590e+00,2.258818452591928150e+00
5.000000000000000000e-01,1.354914017399999921e+03,-6.105896864516129341e+00,-4.143001355333331137e-02,2.255379231340833179e+00
5.500000000000000444e-01,1.214425786000000016e+03,-6.087550311693548544e+00,7.548277832733333303e-01,2.249133714364991210e+00
6.000000000000000888e-01,1.150280265000000099e+03,-6.087098230967741941e+00,2.099172960100000207e+00,2.238462507090371645e+00
6.500000000000000222e-01,1.132029415299999982e+03,-6.100995333951612309e+00,-1.087304689066666795e-02,2.220226070336880131e+00
7.000000000000000666e-01,1.059758118899999999e+03,-6.102476383629032775e+00,-1.191964954400000165e+00,2.200277023310177604e+00
7.500000000000000000e-01,1.104378584300000057e+03,-6.109230554435483462e+00,-1.147216244726666723e+00,2.185869375755800093e+00
8.000000000000000444e-01,1.139560526299999992e+03,-6.109145830725806192e+00,-3.449432857766666416e+00,2.184609639128596736e+00
8.500000000000000888e-01,1.091353609400000096e+03,-6.094952436854838673e+00,-9.625197374033334086e-01,2.198819243432233783e+00
9.000000000000000222e-01,1.382829154199999948e+03,-6.121007742741935154e+00,-7.514736724899998555e-01,2.217441927641714994e+00
9.500000000000000666e-01,1.250287286400000085e+03,-6.099989565080645271e+00,2.723059605779999948e-01,2.233499827114997505e+00
1.000000000000000000e+00,1.230648020500000030e+03,-6.098911845322581016e+00,2.975743881700000371e-01,2.245581573264628261e+00
1.050000000000000044e+00,1.218525627499999928e+03,-6.099986960564516281e+00,-9.294956419933333436e-01,2.254867606929946255e+00
1.100000000000000089e+00,1.278293484600000056e+03,-6.109669753467742659e+00,-1.139869270473333307e+00,2.260430058312955737e+00
1.150000000000000133e+00,1.162685926899999913e+03,-6.098285165887096682e+00,9.922474220333336870e-02,2.258347244506535567e+00
1.200000000000000178e+00,1.231281455199999982e+03,-6.110637734112903452e+00,-1.627679392766666344e-01,2.251676115986640525e+00
1.250000000000000000e+00,1.189292956700000104e+03,-6.109234560887096599e+00,6.477111904666666975e-01,2.240859650642502920e+00
1.300000000000000044e+00,1.261139419399999952e+03,-6.123122042016128752e+00,-1.389268505466667303e-01,2.222252972951966221e+00
1.350000000000000089e+00,1.022881973700000003e+03,-6.098299140322581025e+00,-5.854577731999999202e-02,2.209994443318678670e+00
1.400000000000000133e+00,1.068622206900000037e+03,-6.105667424919354325e+00,-1.104562023513333324e+00,2.206955849649571366e+00
1.450000000000000178e+00,1.118636907099999917e+03,-6.105994631854838595e+00,-1.827307371300000094e+00,2.213367118193112937e+00
1.500000000000000000e+00,1.246913548400000082e+03,-6.105656535322579792e+00,-1.442974854766666815e-01,2.232348288546795789e+00
1.550000000000000044e+00,1.316549186199999895e+03,-6.102910110161290369e+00,1.715026840950000020e+00,2.255718257626649237e+00
1.600000000000000089e+00,1.304600715000000037e+03,-6.099779105645160904e+00,4.315908464233332853e-01,2.277817219630830614e+00
1.650000000000000133e+00,1.397708824399999912e+03,-6.117749119032257710e+00,9.346574227233332977e-01,2.297336381502880887e+00
1.700000000000000178e+00,1.270918570300000056e+03,-6.111573456935483151e+00,8.784371294999999691e-01,2.309916375147075485e+00
1.750000000000000000e+00,1.306662939199999983e+03,-6.126125045322580398e+00,1.326165310213333282e+00,2.312288193122158386e+00
1.800000000000000044e+00,1.096370386300000064e+03,-6.103558014596774939e+00,3.369230463699999234e-01,2.305677398494991870e+00
1.850000000000000089e+00,1.121708984399999963e+03,-6.108236331774192784e+00,1.269284046313333247e+00,2.293251940291385793e+00
1.900000000000000133e+00,1.175880448099999967e+03,-6.114093231451612986e+00,1.055480439703333273e+00,2.272610130874153977e+00
1.950000000000000178e+00,1.093007819700000027e+03,-6.099366092016129670e+00,1.747866875000000098e-01,2.249643584927587980e+00
2.000000000000000000e+00,1.116428446699999995e+03,-6.095497581370968199e+00,-4.821599910000000100e-01,2.232573092426139105e+00
2.050000000000000266e+00,1.198727016999999933e+03,-6.097110613790323264e+00,-1.316905444723333263e+00,2.213727482001368152e+00
2.100000000000000089e+00,1.227296840499999917e+03,-6.094904852741935386e+00,1.109741651070000001e+00,2.202438761698476188e+00
2.149999999999999911e+00,1.224321102699999983e+03,-6.090999252822580701e+00,-1.300209735663333532e+00,2.200764739685878713e+00
2.200000000000000178e+00,1.181712897200000043e+03,-6.079492646290322710e+00,-1.429966656519999768e+00,2.210998908846834254e+00
2.250000000000000000e+00,1.346252690699999903e+03,-6.088435643548387510e+00,1.360004320799999888e+00,2.228448126873607382e+00
2.300000000000000266e+00,1.313079964699999891e+03,-6.070866309032258101e+00,6.522358657699999229e-01,2.239538506110801297e+00
2.350000000000000089e+00,1.462089013100000102e+03,-6.087934116935484141e+00,1.652105392600000000e+00,2.247289922136665563e+00
2.400000000000000355e+00,1.341679646099999900e+03,-6.085673282983870891e+00,-2.230472658566666322e+00,2.248639715466430378e+00
2.450000000000000178e+00,1.317258024700000078e+03,-6.101558068709676874e+00,-2.894345635133332983e-02,2.251015573182341800e+00
2.500000000000000000e+00,1.133545896899999889e+03,-6.088437140806451708e+00,1.995621662533333618e+00,2.254859451958792782e+00
2.550000000000000266e+00,1.159224796100000049e+03,-6.094973614435483356e+00,-2.218616334493333786e-01,2.258603445324252057e+00
2.600000000000000089e+00,1.192045617499999935e+03,-6.100682831612903811e+00,-7.223911786800000234e-01,2.263641681635187641e+00
2.650000000000000355e+00,1.267411129900000105e+03,-6.111798699516128863e+00,5.752327171333333489e-01,2.269058781379040379e+00
2.700000000000000178e+00,1.158480752599999960e+03,-6.099941453064515962e+00,-7.653847991486667501e-01,2.277799301110740249e+00
2.750000000000000000e+00,1.181145091699999966e+03,-6.105806263467742134e+00,-2.788807956999999615e-01,2.285923103260121270e+00
2.800000000000000266e+00,1.105062192200000027e+03,-6.103991325403225865e+00,3.231608112933333388e+00,2.288195652103035549e+00
2.850000000000000089e+00,1.079857884700000113e+03,-6.111793304354838696e+00,1.109586509733333282e+00,2.279664498958145380e+00
2.900000000000000355e+00,1.040867386599999918e+03,-6.112578108951613132e+00,-9.018443433766667461e-01,2.264940272209928995e+00
2.950000000000000178e+00,1.113333390000000009e+03,-6.122479570967742646e+00,2.513650072986667094e+00,2.252072774321113968e+00
3.000000000000000000e+00,1.239180071900000030e+03,-6.132267383225806334e+00,-4.546395143433333286e-01,2.234581487868225746e+00
3.050000000000000266e+00,1.160949447700000064e+03,-6.110382036129032635e+00,-2.104776870566665847e-01,2.222681146262531104e+00
3.100000000000000089e+00,1.245902126400000043e+03,-6.107582062419354862e+00,1.420536811194666738e-01,2.216148330214716022e+00
3.150000000000000355e+00,1.254553460800000039e+03,-6.103793695967741684e+00,1.765703259899999988e-01,2.219705871876945569e+00
3.200000000000000178e+00,1.152438406499999928e+03,-6.090801672096774588e+00,-1.419533625818133471e+00,2.225990472230464423e+00
3.250000000000000000e+00,1.379645807800000057e+03,-6.121846257096773769e+00,-1.371922259533333577e-01,2.227996074086647571e+00
3.300000000000000266e+00,1.207497935999999982e+03,-6.104693354516128601e+00,1.731615608733333422e+00,2.232416161675204069e+00
3.350000000000000089e+00,1.242090630099999998e+03,-6.114495106854838546e+00,-4.958278060000000376e-01,2.239307552520701794e+00
3.400000000000000355e+00,1.161812361900000042e+03,-6.109374513225806602e+00,2.406767905333332680e-01,2.245897998122631911e+00
3.450000000000000178e+00,1.069669660400000112e+03,-6.104070847016128454e+00,-1.194917535369999895e+00,2.249850936175576521e+00
3.500000000000000000e+00,1.173543086099999982e+03,-6.119667449596773778e+00,4.230407496333333239e-01,2.256259521850035643e+00
3.550000000000000266e+00,1.128084197899999936e+03,-6.110958583145161604e+00,5.860669770333334222e-02,2.261075708750335256e+00
3.600000000000000089e+00,1.081829088499999898e+03,-6.096624418951613222e+00,2.087551217723333519e+00,2.259975762354240469e+00
3.650000000000000355e+00,1.259878983399999925e+03,-6.105140481612902903e+00,-1.249476039556666640e+00,2.253302075089744783e+00
3.700000000000000178e+00,1.262239653500000031e+03,-6.095876522258064867e+00,-1.297127344766666690e+00,2.241106679351379416e+00
3.750000000000000000e+00,1.255899503500000037e+03,-6.092010144758064349e+00,1.073481961920000005e+00,2.230090986836329670e+00
3.800000000000000266e+00,1.211491448799999944e+03,-6.085585830000000307e+00,7.575226211916668007e-01,2.218779773297744562e+00
3.850000000000000089e+00,1.166650150599999961e+03,-6.079826589112903079e+00,-2.193883240360000375e+00,2.204841252049204670e+00
3.900000000000000355e+00,1.240513665100000026e+03,-6.092139374516129635e+00,3.805495836166666312e-01,2.195942926542132856e+00
3.950000000000000178e+00,1.188988899499999889e+03,-6.095491047983871091e+00,-1.723514256699999914e+00,2.194999401400826944e+00
4.000000000000000000e+00,1.139505875099999912e+03,-6.106469244596774537e+00,-3.694908166299999852e+00,2.211468314328057350e+00
4.049999999999999822e+00,1.089901241600000048e+03,-6.110858609112903572e+00,2.481810360500000368e+00,2.243763166569691325e+00
4.100000000000000533e+00,1.114192723099999967e+03,-6.114125511774194166e+00,1.387167000466666522e+00,2.274973030976399357e+00
4.150000000000000355e+00,1.057252457900000081e+03,-6.104400322983870808e+00,-8.078727436733332823e-01,2.305928286337481481e+00
4.200000000000000178e+00,1.225670205399999986e+03,-6.119320436129032537e+00,1.179018925266666740e+00,2.344088866245353397e+00
4.250000000000000000e+00,1.294449395500000037e+03,-6.121703065403226063e+00,1.535225423246666665e+00,2.373379122425607779e+00
4.299999999999999822e+00,1.321975044999999909e+03,-6.123238022338709285e+00,1.396120062216666513e+00,2.387211224583752234e+00
4.350000000000000533e+00,1.260550570200000038e+03,-6.121905674112903206e+00,2.683037942099999906e+00,2.376387809223334813e+00
4.400000000000000355e+00,1.150735023499999897e+03,-6.126636920967741595e+00,7.228369986333333941e-01,2.340272868751286151e+00
4.450000000000000178e+00,1.097295930400000088e+03,-6.133379305161290596e+00,-1.448374740533333593e-01,2.289789265224593251e+00
4.500000000000000000e+00,1.117621650300000056e+03,-6.138509115645160996e+00,-2.945781445933333687e-01,2.240149078557287510e+00
4.549999999999999822e+00,1.028098864600000070e+03,-6.122008493145161268e+00,-1.651944347543333302e+00,2.201769389698454926e+00
4.600000000000000533e+00,1.104528318099999979e+03,-6.120758077499999672e+00,-2.036275057723333060e+00,2.181968048572723529e+00
4.650000000000000355e+00,1.203270941400000083e+03,-6.123583055000000108e+00,3.002730557666666300e-02,2.178706316552283528e+00
4.700000000000000178e+00,1.188984624200000098e+03,-6.115441781209677963e+00,-1.226953060506666526e+00,2.186829450452507650e+00
4.750000000000000000e+00,1.154411699700000099e+03,-6.106728986854839114e+00,-1.324598882706666592e+00,2.204365688568235004e+00
4.800000000000000711e+00,1.199717085600000019e+03,-6.107473522338709770e+00,-2.340775601366666958e-01,2.228371725277345838e+00
4.850000000000000533e+00,1.314853429000000006e+03,-6.114685750483870308e+00,1.959808186933333085e-01,2.252485242791811615e+00
4.900000000000000355e+00,1.127115585900000042e+03,-6.083901618951612633e+00,-1.046408970716666609e+00,2.273333600097939389e+00
4.950000000000000178e+00,1.364593133300000090e+03,-6.111321567177419034e+00,-4.293601301100000711e-01,2.288058417499086339e+00
5.000000000000000000e+00,1.277112994999999955e+03,-6.103080444516129077e+00,3.555311114673333606e+00,2.295110390398296119e+00
5.050000000000000711e+00,1.276924126299999898e+03,-6.119607394032258618e+00,4.155135258853333013e-01,2.285620666252187405e+00
5.100000000000000533e+00,1.103168149999999969e+03,-6.115772475241935346e+00,8.029821113566667501e-01,2.269079956341664595e+00
5.150000000000000355e+00,1.153959774500000094e+03,-6.126817715483871218e+00,-2.462071470633333536e-01,2.246049433970802589e+00
5.200000000000000178e+00,1.137071723600000041e+03,-6.123218477822580219e+00,-9.924325360266665896e-01,2.228533694704370127e+00
5.250000000000000000e+00,1.091363444800000025e+03,-6.110331653548387365e+00,-7.668127429933333516e-01,2.219816690403678017e+00
5.300000000000000711e+00,1.140470926299999974e+03,-6.104721891290322944e+00,-1.044360303343333296e+00,2.217318225297689072e+00
5.350000000000000533e+00,1.274161306499999910e+03,-6.111200841854838472e+00,-5.698976885183333341e-01,2.223276625978623411e+00
5.400000000000000355e+00,1.202570627999999942e+03,-6.096905986693547774e+00,-2.282094630866666751e-01,2.233194737516007056e+00
5.450000000000000178e+00,1.140582373100000041e+03,-6.088134684838709454e+00,-4.798071326633332467e-01,2.244067402013640411e+00
5.500000000000000000e+00,1.146645823399999927e+03,-6.086762960322580795e+00,1.958083588966667288e-01,2.258268358096524153e+00
5.550000000000000711e+00,1.311645535699999982e+03,-6.110979963629032063e+00,2.285061355966667040e+00,2.270964091060848400e+00
5.600000000000000533e+00,1.171870768499999940e+03,-6.105483269032257354e+00,-1.367965006433333075e+00,2.278267431241474572e+00
5.650000000000000355e+00,1.199085666499999888e+03,-6.127323687258064311e+00,7.804152919933332599e-01,2.290724100213066716e+00
5.700000000000000178e+00,1.106002703099999962e+03,-6.124322129596774467e+00,-4.188417789633334110e-01,2.300363986485062018e+00
5.750000000000000000e+00,1.055212332999999944e+03,-6.118354717419355104e+00,-7.057856259416667166e-01,2.310544029176505365e+00
5.800000000000000711e+00,1.201535118999999895e+03,-6.133551162983871485e+00,4.366932428333333144e-02,2.318513453695635551e+00
5.850000000000000533e+00,1.147488306899999998e+03,-6.120342098548387177e+00,2.348270038200000187e-01,2.324426507957964461e+00
5.900000000000000355e+00,1.216835566700000072e+03,-6.122784824354838840e+00,7.864975160066666193e-01,2.332290854813123815e+00
5.950000000000000178e+00,1.177882129699999950e+03,-6.113528356774193817e+00,1.774401479833333184e+00,2.330188020693484852e+00
6.000000000000000000e+00,1.087638783800000056e+03,-6.100180957016129391e+00,-2.274353987399999888e-01,2.315669987645681438e+00
6.050000000000000711e+00,1.242118638099999998e+03,-6.116384148629032680e+00,6.270226452099999515e-01,2.291488196164840563e+00
6.100000000000000533e+00,1.254914782300000070e+03,-6.111131434435484344e+00,-6.656583045466666348e-01,2.265363842883431289e+00
6.150000000000000355e+00,1.282704311199999893e+03,-6.100727634274193178e+00,-1.960957614113333358e+00,2.245652780339844501e+00
6.200000000000000178e+00,1.343335493699999915e+03,-6.094290247580645747e+00,-7.427982633800002399e-02,2.229670383531361377e+00
6.250000000000000000e+00,1.316137619999999970e+03,-6.084316327419354131e+00,9.673031829500003745e-03,2.217188350089276838e+00
6.300000000000000711e+00,1.191603466499999968e+03,-6.072019136290322194e+00,1.031281507566666811e+00,2.212489481602676111e+00
6.350000000000000533e+00,1.351671172600000091e+03,-6.102694653387096935e+00,-3.206642341133333129e+00,2.214142394689912141e+00
6.400000000000000355e+00,1.164174312399999963e+03,-6.091858903145160653e+00,-2.542164365999999842e-01,2.224695893542787850e+00
6.450000000000000178e+00,1.221046304400000054e+03,-6.105765856451613516e+00,-2.252234157233333478e-01,2.243435537181156292e+00
6.500000000000000000e+00,1.195962866699999950e+03,-6.104960881935483918e+00,1.583307827523333211e+00,2.260778238147207020e+00
6.550000000000000711e+00,1.175906355900000108e+03,-6.103125113145161151e+00,-2.577211605500000502e-01,2.270554794382340535e+00
6.600000000000000533e+00,1.235582973000000038e+03,-6.110113888951612893e+00,-1.627188892893333128e+00,2.272440624844182633e+00
6.650000000000000355e+00,1.126430765999999949e+03,-6.094867452903225846e+00,4.971632965799999693e-01,2.271721389975297711e+00
6.700000000000000178e+00,1.199775443799999948e+03,-6.098883908225806394e+00,1.590828830536666461e+00,2.271428508067283136e+00
6.750000000000000000e+00,1.243612588799999912e+03,-6.093468505161290238e+00,1.253714840386666696e+00,2.268538259370404209e+00
6.800000000000000711e+00,1.334716040699999894e+03,-6.092071282338709537e+00,-3.539178383956666507e-01,2.260635665924286553e+00
6.850000000000000533e+00,1.335398651900000004e+03,-6.081691227177419279e+00,9.959931745566666939e-01,2.253292204491155637e+00
6.900000000000000355e+00,1.336465644399999974e+03,-6.079506068709678246e+00,1.368572401280000017e+00,2.239979955832497538e+00
6.950000000000000178e+00,1.291169474000000037e+03,-6.084966186774193098e+00,2.024342963070000057e+00,2.221116480814806504e+00
7.000000000000000000e+00,1.171037952899999937e+03,-6.090232229193548896e+00,-2.074710484000000521e-01,2.201097801390789144e+00
7.050000000000000711e+00,1.141371591099999932e+03,-6.097244865241935763e+00,4.823094852333333904e-01,2.184864156032963578e+00
7.100000000000000533e+00,1.142440661099999943e+03,-6.098768754596774144e+00,-1.074912671899999728e+00,2.175046115714901251e+00
7.150000000000000355e+00,1.239210290199999918e+03,-6.107643353306452028e+00,-8.422709837599998695e-01,2.179057609411319429e+00
7.200000000000000178e+00,1.120473289600000044e+03,-6.085754220645161361e+00,-1.328470245143333450e+00,2.195316209837359978e+00
7.250000000000000000e+00,1.254794504599999982e+03,-6.094472998306451395e+00,6.983324392466666586e-01,2.217568830025276050e+00
7.300000000000000711e+00,1.225888151899999912e+03,-6.083615119596774257e+00,2.305683460593333789e-01,2.235969727841701449e+00
7.350000000000000533e+00,1.285173303199999964e+03,-6.088803855967741541e+00,1.797251304000000216e+00,2.251841705182275444e+00
7.400000000000000355e+00,1.274602063499999986e+03,-6.091311152741934798e+00,-8.983838215533332949e-01,2.259566258638003866e+00
7.450000000000000178e+00,1.330825525900000002e+03,-6.106502364435483443e+00,7.589842612956667622e-01,2.264756820291469630e+00
7.500000000000000000e+00,1.227337405499999932e+03,-6.102672771048387013e+00,-1.851666191000000961e-02,2.261713189108398581e+00
7.550000000000000711e+00,1.086511228200000005e+03,-6.088224040241935420e+00,-2.512746898699999565e-01,2.253572204844000115e+00
7.600000000000000533e+00,1.184662800699999934e+03,-6.102813820967742053e+00,-1.576738728318999583e-01,2.243415273419528511e+00
7.650000000000000355e+00,1.140745207700000037e+03,-6.097579005241935413e+00,3.393077086333333159e-01,2.233630217485696789e+00
7.700000000000000178e+00,1.234040351200000032e+03,-6.107148964354839116e+00,9.212417260233333183e-01,2.220673520778849053e+00
7.750000000000000000e+00,1.212736555499999895e+03,-6.100000726532258888e+00,7.885195361766667022e-01,2.206642204387433637e+00
7.800000000000000711e+00,1.280963099900000088e+03,-6.094900942177419623e+00,-3.458367059766667140e+00,2.192392717712368988e+00
7.850000000000000533e+00,1.325361135800000056e+03,-6.081672560806451244e+00,3.889543963233332846e-01,2.184490768223999790e+00
7.900000000000000355e+00,1.401374137000000019e+03,-6.082568766532258309e+00,1.353066704676666676e+00,2.173652460296614297e+00
7.950000000000000178e+00,1.392790898100000049e+03,-6.084236646854838781e+00,-1.012833185479999898e+00,2.161915448980213039e+00
8.000000000000000000e+00,1.235834497600000077e+03,-6.072070645483870877e+00,-2.123395443223333512e+00,2.160260440632644663e+00
8.050000000000000711e+00,1.267916108899999927e+03,-6.086029299999999864e+00,1.034725034143333389e+00,2.160401692256470163e+00
8.099999999999999645e+00,1.112961023699999942e+03,-6.073220797500000323e+00,1.397791710163333256e+00,2.156853677593727703e+00
8.150000000000000355e+00,1.280073055800000020e+03,-6.098295760000000065e+00,-1.615554672163333150e+00,2.147187033105455889e+00
8.200000000000001066e+00,1.205666639100000111e+03,-6.092561142580644962e+00,-2.326631118500000373e+00,2.140889449801886890e+00
8.250000000000000000e+00,1.192523932500000001e+03,-6.092314474758064868e+00,4.996069101666666956e-02,2.144228592905477626e+00
8.300000000000000711e+00,1.108937742699999944e+03,-6.081396058064515664e+00,-1.373218771060000121e+00,2.155607057564261630e+00
8.349999999999999645e+00,1.167309291499999972e+03,-6.083689407500000534e+00,-5.173375517416666236e-01,2.180127096361421213e+00
8.400000000000000355e+00,1.321159527000000026e+03,-6.085729556129032325e+00,1.276332785243333268e+00,2.207750690733236265e+00
8.450000000000001066e+00,1.410670873699999902e+03,-6.084988043790322543e+00,9.012047104966666167e-01,2.227045320569899456e+00
8.500000000000000000e+00,1.430683422500000006e+03,-6.090125024193548953e+00,1.848952070633333167e-01,2.236282198643962715e+00
8.550000000000000711e+00,1.404212923000000046e+03,-6.098970812096774274e+00,-4.209485226666666580e-01,2.237916046556028604e+00
8.599999999999999645e+00,1.300746927200000073e+03,-6.098803488306451470e+00,1.779258366216666554e+00,2.238600216508183749e+00
8.650000000000000355e+00,1.137707073199999968e+03,-6.087720138225806821e+00,-2.550423357123333679e-01,2.238131506633319390e+00
8.700000000000001066e+00,1.251047208799999908e+03,-6.106206621935483803e+00,2.004142526333333174e-01,2.239440722316019983e+00
8.750000000000000000e+00,1.187271647199999961e+03,-6.101513487096774213e+00,1.658793141586666353e+00,2.237916493310984745e+00
8.800000000000000711e+00,1.170280466500000102e+03,-6.102165049193549073e+00,3.952392850333333318e-01,2.227072386379677305e+00
8.849999999999999645e+00,1.121908121500000107e+03,-6.099078354112903000e+00,-7.297665797500000329e-01,2.213676771588839465e+00
8.900000000000000355e+00,1.223316183200000069e+03,-6.112169396935484222e+00,-4.850354357453333098e-01,2.207065682081140512e+00
8.950000000000001066e+00,1.167931023099999948e+03,-6.099436261612903643e+00,-1.603067042413333310e+00,2.203053861452215489e+00
9.000000000000000000e+00,1.235910837899999933e+03,-6.094614517822580346e+00,7.499138533299999354e-01,2.205590798180533607e+00
9.050000000000000711e+00,1.172814548900000091e+03,-6.073879044919355152e+00,5.012541240999999204e-01,2.205658872755003053e+00
9.099999999999999645e+00,1.358583492700000079e+03,-6.090689815483870895e+00,2.973853836466666123e-01,2.202691647758055371e+00
9.150000000000000355e+00,1.197293615000000045e+03,-6.068320761854838707e+00,-2.902592001066666705e-01,2.194699282857429878e+00
9.200000000000001066e+00,1.362845525100000032e+03,-6.094851822580644729e+00,1.397018693406666623e+00,2.189032636697812340e+00
9.250000000000000000e+00,1.215101063600000089e+03,-6.087953166532257931e+00,-7.285052668600000558e-01,2.187508438867311611e+00
9.300000000000000711e+00,1.133243594300000041e+03,-6.091044884838709983e+00,-1.803273576509999865e+00,2.195789737214484116e+00
9.349999999999999645e+00,1.136346220800000083e+03,-6.097901711935484137e+00,8.586000648466667329e-01,2.217837848127254929e+00
9.400000000000000355e+00,1.106186567400000058e+03,-6.092639663306451681e+00,-2.738902504199999810e-01,2.244465985490033955e+00
9.450000000000001066e+00,1.294117878499999961e+03,-6.112536538951612641e+00,8.282476447366667882e-01,2.272573489163979943e+00
9.500000000000000000e+00,1.075129487800000106e+03,-6.082773778870968151e+00,2.760894830799999866e+00,2.291072836927926293e+00
9.550000000000000711e+00,1.239509076199999981e+03,-6.101054062741934736e+00,1.431000669043333451e+00,2.291932307946995984e+00
9.600000000000001421e+00,1.229250462400000060e+03,-6.100454766048387434e+00,1.325750120233333273e-01,2.274460584690608744e+00
9.650000000000000355e+00,1.216410949399999936e+03,-6.099957067741935468e+00,-5.936832335599999677e-01,2.244871510537829185e+00
9.700000000000001066e+00,1.223093421600000056e+03,-6.098524059838710265e+00,-7.604129216066667363e-01,2.219953516394082449e+00
9.750000000000000000e+00,1.218432357800000091e+03,-6.093716060080645036e+00,-8.046710258999996424e-02,2.201111733376591051e+00
9.800000000000000711e+00,1.133777427299999999e+03,-6.078584011612902849e+00,1.036592534876666472e+00,2.186368129315414688e+00
9.850000000000001421e+00,1.165501876199999970e+03,-6.074962182580645020e+00,-1.443844710133333153e+00,2.174687080241425541e+00
9.900000000000000355e+00,1.206176622100000031e+03,-6.069461703709676748e+00,-6.847698057166665686e-01,2.172826750565619136e+00
9.950000000000001066e+00,1.391719270300000062e+03,-6.085073613387097069e+00,3.883188905200000707e-01,2.173723353634462008e+00
1.000000000000000000e+01,1.269196158100000048e+03,-6.069652217258064475e+00,2.692936751833333364e+00,2.167569998186707370e+00
1.005000000000000071e+01,1.207969784899999922e+03,-6.073869861693547811e+00,6.716458018496666016e-01,2.157574159290216453e+00
1.010000000000000142e+01,1.314711659300000065e+03,-6.107040452983871326e+00,-2.314672333200000320e+00,2.148728779007159861e+00
1.015000000000000036e+01,1.065779474200000095e+03,-6.085487544516128722e+00,-2.933051747333332848e-01,2.153956159046919172e+00
1.020000000000000107e+01,1.197707475500000101e+03,-6.105161454516128572e+00,-1.069412869728666671e+00,2.169357796538101013e+00
1.025000000000000000e+01,1.123060633900000084e+03,-6.094186717983870238e+00,-4.755194059366666948e-01,2.191045768637935875e+00
1.030000000000000071e+01,1.173950877900000023e+03,-6.091999620967742501e+00,-7.089289715193332064e-01,2.217116207058330346e+00
1.035000000000000142e+01,1.248416376200000059e+03,-6.089047932177418687e+00,-5.751931245000000553e-02,2.241124745864713219e+00
1.040000000000000036e+01,1.222106175899999926e+03,-6.080720165322580861e+00,1.148630312866666836e+00,2.257991174781564414e+00
1.045000000000000107e+01,1.310602370600000086e+03,-6.096771747822580245e+00,1.257902252876666793e+00,2.267188673504065832e+00
1.050000000000000000e+01,1.337311199199999919e+03,-6.112049546048386794e+00,4.580386422926666090e-01,2.265943127325796613e+00
1.055000000000000071e+01,1.238633569600000101e+03,-6.107753669435483701e+00,1.373847399566666683e-01,2.259662192524933833e+00
1.060000000000000142e+01,1.234053604599999971e+03,-6.110449361693548909e+00,4.358007549500000910e-01,2.245104527191248422e+00
1.065000000000000036e+01,1.211248609600000009e+03,-6.107279864112903134e+00,-1.655214356510000151e+00,2.229226784252348548e+00
1.070000000000000107e+01,1.241395107199999984e+03,-6.109377858870967515e+00,7.434736310000007731e-02,2.226430901364957471e+00
1.075000000000000000e+01,1.108519698600000083e+03,-6.091742035725806304e+00,1.636904051739999366e-01,2.227000215524370663e+00
1.080000000000000071e+01,1.245286793499999931e+03,-6.106145686774193670e+00,-1.207874810280000100e+00,2.224897282667919640e+00
1.085000000000000142e+01,1.217815432500000043e+03,-6.098123448951612957e+00,2.022864823699999981e+00,2.227211222227498233e+00
1.090000000000000036e+01,1.270067593600000009e+03,-6.098450127016128874e+00,-9.362963816166667286e-01,2.223437185159470975e+00
1.095000000000000107e+01,1.262658030800000006e+03,-6.090197018951612584e+00,1.967641285233333315e-01,2.220959167453880223e+00
1.100000000000000000e+01,1.282679707799999960e+03,-6.087801100725807046e+00,3.069240208406666670e-01,2.226843654240033832e+00
1.105000000000000071e+01,1.361748576400000047e+03,-6.097091347419355323e+00,9.779680949920001032e-01,2.235782812608332559e+00
1.110000000000000142e+01,1.247215866799999958e+03,-6.090172357177419116e+00,-1.374910444416666655e+00,2.236594905602926620e+00
1.115000000000000036e+01,1.243776103400000011e+03,-6.105533542016129189e+00,7.147455629466668015e-01,2.229831837296658126e+00
1.120000000000000107e+01,1.226062849400000005e+03,-6.114859385887096543e+00,-1.762008672503333484e+00,2.226958356828228514e+00
1.125000000000000000e+01,1.177794839299999921e+03,-6.115185154758064456e+00,-1.541633287499999838e+00,2.234532804387959093e+00
1.130000000000000071e+01,1.079161174000000074e+03,-6.103766945967741719e+00,5.883750898566666443e-01,2.242068249698596638e+00
1.135000000000000142e+01,1.148937993799999958e+03,-6.110447185161290484e+00,1.036686254116666595e+00,2.252547619730437933e+00
1.140000000000000036e+01,1.126279730199999904e+03,-6.104278170080645438e+00,-1.514643604483333350e+00,2.262239550345324535e+00
1.145000000000000107e+01,1.264070299700000078e+03,-6.114407604032257915e+00,-1.626525695330000021e+00,2.275743113036234000e+00
1.150000000000000000e+01,1.232253807499999994e+03,-6.100996524193548431e+00,1.807151963820000207e+00,2.291160081054692821e+00
1.155000000000000071e+01,1.304660977999999886e+03,-6.105242731693548031e+00,8.241719432123332245e-01,2.296432140236815744e+00
1.160000000000000142e+01,1.285417333599999893e+03,-6.102730316774193753e+00,1.026925308533333414e+00,2.294939877802753436e+00
1.165000000000000036e+01,1.321046129800000017e+03,-6.113917298145161716e+00,1.475889782506666803e+00,2.285883710727872664e+00
1.170000000000000107e+01,1.203248341100000061e+03,-6.109798168548387309e+00,-1.167689013983333135e+00,2.269538510895300565e+00
1.175000000000000000e+01,1.112155478599999924e+03,-6.108097130161290522e+00,1.723902996334333582e-01,2.253373918431060829e+00
1.180000000000000071e+01,1.131667994899999940e+03,-6.114890793951612835e+00,-8.550901803500000620e-01,2.237988213999942300e+00
1.185000000000000142e+01,1.082865420600000107e+03,-6.108390096370967193e+00,-6.693701837466666804e-01,2.229756845695152645e+00
1.190000000000000036e+01,1.115581396999999924e+03,-6.103711061774193425e+00,-2.588737784370001016e-01,2.226917917343576914e+00
1.195000000000000107e+01,1.188444680800000015e+03,-6.095411120806452310e+00,1.366168576440000004e+00,2.229520098900758640e+00
1.200000000000000000e+01,1.263084236299999930e+03,-6.093157227258064523e+00,1.308961815346666668e+00,2.226892334031372211e+00
1.205000000000000071e+01,1.205675795599999901e+03,-6.086578417096774274e+00,-2.905950617566666616e-01,2.226244582726974564e+00
1.210000000000000142e+01,1.285440334800000073e+03,-6.102595681532258176e+00,-1.194935633466666758e+00,2.228583634739273567e+00
1.215000000000000036e+01,1.149551580199999989e+03,-6.090597175241935446e+00,1.257244115380000027e+00,2.227871253765899340e+00
1.220000000000000107e+01,1.082833234599999969e+03,-6.084808589274193658e+00,1.414429028966666391e-01,2.224860103095165353e+00
1.225000000000000000e+01,1.157901048299999957e+03,-6.095393291370966971e+00,-5.236355176966666081e-01,2.224743628544415319e+00
1.230000000000000071e+01,1.227819175399999949e+03,-6.102499729999999900e+00,-1.321665346833333921e-01,2.224836975428401420e+00
1.235000000000000142e+01,1.304865245400000049e+03,-6.103991025403225912e+00,3.344709734766666553e-01,2.221756174524305294e+00
1.240000000000000036e+01,1.242367788300000029e+03,-6.083452629758064667e+00,-3.895536375266666629e-01,2.214889334262829745e+00
1.245000000000000107e+01,1.457746128700000099e+03,-6.098850714677419127e+00,-6.458728257523332905e-01,2.200196799148706361e+00
1.250000000000000000e+01,1.400251061799999889e+03,-6.088982216129032565e+00,6.469863663500000639e-01,2.183720787935147456e+00
1.255000000000000071e+01,1.225072930999999926e+03,-6.073557697096775065e+00,2.529925123666669148e-02,2.170018602871640834e+00
1.260000000000000142e+01,1.171349817999999914e+03,-6.076549053870967221e+00,-2.544613012033333455e+00,2.165353322536681002e+00
1.265000000000000036e+01,1.187700207999999975e+03,-6.090905882258064175e+00,5.988840075920000006e-01,2.169281430213536144e+00
1.270000000000000107e+01,1.159066768099999990e+03,-6.095680054193548081e+00,-1.222370306763666647e+00,2.174931387201814115e+00
1.275000000000000000e+01,1.172217997799999921e+03,-6.100723393064516387e+00,6.425419036666672745e-02,2.188306194681691519e+00
1.280000000000000071e+01,1.137790952000000061e+03,-6.095472712983871055e+00,-1.612647312033333169e-01,2.200502259387348669e+00
1.285000000000000142e+01,1.152010338699999920e+03,-6.095174217903226221e+00,5.076747339766667366e-01,2.210971739935660985e+00
1.290000000000000036e+01,1.163635846899999933e+03,-6.095511849435483853e+00,-3.272400193999999707e-01,2.222309060522926316e+00
1.295000000000000107e+01,1.131694537099999934e+03,-6.088257098064516093e+00,8.294960494366666603e-01,2.240572257543667511e+00
1.300000000000000000e+01,1.282773123700000042e+03,-6.099230426612903599e+00,3.960832196299999275e-01,2.258281159263970661e+00
1.305000000000000071e+01,1.287605328300000110e+03,-6.085850734274194096e+00,-5.303258287966666762e-01,2.266909146635638361e+00
1.310000000000000142e+01,1.312607830500000091e+03,-6.074989311854838370e+00,1.637605961166666901e+00,2.274532059929042394e+00
1.315000000000000036e+01,1.269979332200000044e+03,-6.065697482258064710e+00,3.009864185100002976e-02,2.270831315042950660e+00
1.320000000000000107e+01,1.349256040299999995e+03,-6.085014925161289945e+00,-4.560337367533334185e-01,2.263970878626837102e+00
1.325000000000000000e+01,1.355664008799999920e+03,-6.106092705806451804e+00,-2.782728762449999671e-01,2.250966293229119675e+00
1.330000000000000071e+01,1.211787047100000109e+03,-6.104627182822580878e+00,7.473478232399998200e-01,2.232443508616792638e+00
1.335000000000000142e+01,1.170069916800000101e+03,-6.106718775806451838e+00,-1.521303076419999956e+00,2.207010304335304429e+00
1.340000000000000036e+01,1.033666565600000013e+03,-6.090550816048387439e+00,-1.369593185746666775e+00,2.185106014999659951e+00
1.345000000000000107e+01,1.167192383800000016e+03,-6.105095456532258602e+00,-3.502189328066666191e-02,2.174775348578871448e+00
1.350000000000000000e+01,1.167143157299999984e+03,-6.100995482983870843e+00,-1.834094369666666724e+00,2.178213611802110705e+00
1.355000000000000071e+01,1.199431179100000008e+03,-6.095216664516128979e+00,-3.129285485026666591e-01,2.190914243906312731e+00
1.360000000000000142e+01,1.105432068200000003e+03,-6.069468962661289879e+00,1.672917336813333433e+00,2.206310618306507987e+00
1.365000000000000036e+01,1.337925907900000084e+03,-6.086899355887096519e+00,-4.905892881333332595e-02,2.212444445881822652e+00
1.370000000000000107e+01,1.364281967800000075e+03,-6.086196168467742140e+00,8.227467772100000021e-01,2.208893143651557978e+00
1.375000000000000000e+01,1.287122052200000098e+03,-6.077994933387096843e+00,-2.151960163366667123e-01,2.194084410304124155e+00
1.380000000000000071e+01,1.067097482399999990e+03,-6.051313426370967363e+00,-1.093121774106666555e+00,2.175716913334315272e+00
1.385000000000000142e+01,1.199864991599999939e+03,-6.068931118145161285e+00,-4.321035743556666531e-01,2.156066085114817010e+00
1.390000000000000036e+01,1.189476462800000036e+03,-6.068503940483870984e+00,1.293712052430000092e+00,2.138673736287093785e+00
1.395000000000000107e+01,1.271343999500000109e+03,-6.078827615564516229e+00,-2.668078908566666740e+00,2.121531913887173548e+00
1.400000000000000000e+01,1.260258004399999891e+03,-6.077340523870967459e+00,-2.294212673636666366e+00,2.114823831993619674e+00
1.405000000000000071e+01,1.374826524199999994e+03,-6.101161800645162003e+00,-7.789080430000001887e-02,2.118229166491981008e+00
1.410000000000000142e+01,1.182332677299999887e+03,-6.089276274112902954e+00,8.600709419999999841e-03,2.128753039932612445e+00
1.415000000000000036e+01,1.153862709600000017e+03,-6.093480214274193507e+00,-1.461823817080666776e+00,2.148441192556753698e+00
1.420000000000000107e+01,1.212556015299999899e+03,-6.103394407338709193e+00,-3.079848742200000378e-01,2.174923503563020333e+00
1.425000000000000000e+01,1.166921129900000096e+03,-6.098510866209677417e+00,1.051026889016666743e+00,2.204653782876330403e+00
1.430000000000000071e+01,1.162474365000000034e+03,-6.094819525483870848e+00,1.404372499419999976e+00,2.233050403533216155e+00
1.435000000000000142e+01,1.269848660200000040e+03,-6.102745502016128754e+00,5.467837465566666166e-01,2.250889946995130675e+00
1.440000000000000036e+01,1.344773483100000021e+03,-6.102274989032258290e+00,9.465125128733332671e-01,2.262922344481839598e+00
1.445000000000000107e+01,1.303203400599999895e+03,-6.093218613306451203e+00,1.135485624933333382e+00,2.264460402135257233e+00
1.450000000000000000e+01,1.265812847299999930e+03,-6.089093303467741691e+00,1.343089940516666525e+00,2.256159475033033157e+00
1.455000000000000071e+01,1.302942933300000050e+03,-6.101908658306451905e+00,1.026106053479999725e+00,2.240088698861264049e+00
1.460000000000000142e+01,1.191412855699999909e+03,-6.100107973306451825e+00,-3.095205051166666776e-01,2.220857639506290671e+00
1.465000000000000036e+01,1.133174279500000011e+03,-6.100195069596773934e+00,-1.058877356723333385e+00,2.204847853360384580e+00
1.470000000000000107e+01,1.195077399699999887e+03,-6.108140497499999988e+00,-3.123262315633333230e+00,2.199695707188879634e+00
1.475000000000000000e+01,1.181384533299999930e+03,-6.101515650483870346e+00,-1.798803628529999976e+00,2.204999167934755366e+00
1.480000000000000071e+01,1.134592919599999959e+03,-6.085678750322580655e+00,2.021336643194999727e+00,2.216917146924741733e+00
1.485000000000000142e+01,1.252039850500000057e+03,-6.086296423709677939e+00,-7.849082655266667041e-01,2.221884398948288819e+00
1.490000000000000036e+01,1.317716955000000098e+03,-6.089407292499999791e+00,-1.690662654866666517e-02,2.226640239090567519e+00
1.495000000000000107e+01,1.348060438299999987e+03,-6.095998317983871040e+00,3.135357976199998897e-01,2.230256326912130049e+00
1.500000000000000000e+01,1.322931773499999963e+03,-6.099175267580645432e+00,-1.999186318126666473e+00,2.233712016214385976e+00
1.505000000000000071e+01,1.207005820500000027e+03,-6.093887536048386622e+00,1.055442555219999967e+00,2.241671260718039793e+00
1.510000000000000142e+01,1.078139955200000031e+03,-6.084984633870967663e+00,-1.367488188133333393e-01,2.247191226468760128e+00
1.515000000000000036e+01,1.172756661200000053e+03,-6.097695100564516579e+00,7.192502824616665569e-01,2.257625041020173917e+00
1.520000000000000107e+01,1.360870641900000010e+03,-6.119461436129031817e+00,-3.084238724299999679e-01,2.258744084774585215e+00
1.525000000000000000e+01,1.209275244500000099e+03,-6.100302936451613256e+00,3.776736930000024195e-03,2.249708645298660326e+00
1.530000000000000071e+01,1.183370649199999889e+03,-6.098694372661290330e+00,-8.006497341666666268e-01,2.234176215277641209e+00
1.535000000000000142e+01,1.054585180799999989e+03,-6.089944796612903666e+00,-5.230817492433333937e-01,2.220098081518522726e+00
1.540000000000000036e+01,1.060891851099999940e+03,-6.099006014999999614e+00,-7.050202444800000023e-01,2.210410931110822652e+00
1.545000000000000107e+01,1.092846984400000110e+03,-6.106265231048387143e+00,-1.682847465766666772e+00,2.207151105751615550e+00
1.550000000000000000e+01,9.803181581200000210e+02,-6.084705609354839062e+00,7.471883799766666501e-01,2.210212980446859099e+00
1.555000000000000071e+01,1.125740182600000026e+03,-6.087463880403225502e+00,1.616353449033333334e+00,2.211803722833941332e+00
1.560000000000000142e+01,1.230030325899999980e+03,-6.089740810322580522e+00,-5.918576164633333470e-01,2.203575660865590535e+00
1.565000000000000036e+01,1.188755181499999935e+03,-6.079454670322580689e+00,-1.747587651993333324e+00,2.190707201131369075e+00
1.570000000000000107e+01,1.210240527800000109e+03,-6.076556083870968017e+00,5.258607969666665577e-02,2.185393036284367874e+00
1.575000000000000000e+01,1.291469808800000010e+03,-6.084955681129032179e+00,-2.899958690799999683e-01,2.181743977270696355e+00
1.580000000000000071e+01,1.104848237500000096e+03,-6.066171811370967504e+00,-3.533944580746666841e-01,2.180249466126506608e+00
1.585000000000000142e+01,1.297191784599999892e+03,-6.098967248225807047e+00,2.410023894733333838e-01,2.181205023076069338e+00
1.590000000000000036e+01,1.078471416099999942e+03,-6.083771299435484003e+00,-1.337809466573333550e+00,2.182396029030277074e+00
1.595000000000000107e+01,1.087364163499999904e+03,-6.093147407822581130e+00,-1.961678001266666582e+00,2.189589456997443229e+00
1.600000000000000000e+01,1.128895468599999958e+03,-6.099390278629032380e+00,1.553432548143333314e+00,2.206900344414675086e+00
1.605000000000000071e+01,1.133916209600000002e+03,-6.098161659838710058e+00,-4.984552827666666741e-01,2.227290560709554335e+00
1.610000000000000142e+01,1.264414206299999933e+03,-6.111900509596774000e+00,-2.557547999700000574e-01,2.246649865868473039e+00
1.615000000000000213e+01,1.223973928999999998e+03,-6.108044272580645639e+00,-4.625417949513333515e-01,2.260289771935433567e+00
1.619999999999999929e+01,1.113625402699999995e+03,-6.096212773548387531e+00,2.681759793066666453e-01,2.271900680028068997e+00
1.625000000000000000e+01,1.137011170600000014e+03,-6.097868740725806092e+00,1.684835025033333267e+00,2.278686857354555340e+00
1.630000000000000071e+01,1.178510644199999888e+03,-6.100790584274193407e+00,-1.615847696666666833e-01,2.273997956334830484e+00
1.635000000000000142e+01,1.151242357899999888e+03,-6.095219827580645067e+00,8.239469145666665773e-01,2.262402788067470194e+00
1.640000000000000213e+01,1.347689722000000074e+03,-6.115349108225807129e+00,1.766469101933333397e+00,2.242518240870444934e+00
1.644999999999999929e+01,1.118316440099999909e+03,-6.075030917499999461e+00,1.077356298826666503e+00,2.216924114883324748e+00
1.650000000000000000e+01,1.384383938100000023e+03,-6.093699241209677986e+00,-1.753445224066666697e+00,2.187511199218116875e+00
1.655000000000000071e+01,1.280830653400000074e+03,-6.072072513790322645e+00,-5.210658696833333492e-01,2.167813636488411078e+00
1.660000000000000142e+01,1.247224526299999980e+03,-6.066835272338710006e+00,-1.001610294583333394e+00,2.157439492386588498e+00
1.665000000000000213e+01,1.194303626299999905e+03,-6.064515110483871041e+00,-4.777567939336666569e-01,2.156288536431154590e+00
1.669999999999999929e+01,1.327690828499999952e+03,-6.090294958064515818e+00,-7.722990028999999756e-01,2.159541285495570229e+00
1.675000000000000000e+01,1.156877166199999920e+03,-6.080148396370967490e+00,-1.073130772513333220e+00,2.168718117766598841e+00
1.680000000000000071e+01,1.175478942199999892e+03,-6.093046125322580941e+00,-1.291207633269999988e+00,2.188396833482179282e+00
1.685000000000000142e+01,1.216288087500000074e+03,-6.105906164274193415e+00,-1.074321385999999628e-01,2.219720966800589501e+00
1.690000000000000213e+01,1.310019047000000000e+03,-6.118744797016129056e+00,1.128678823939999853e+00,2.258581620529406031e+00
1.694999999999999929e+01,1.384898238199999923e+03,-6.131063637419354784e+00,-1.006891542586666882e-01,2.292348774876181938e+00
1.700000000000000000e+01,1.194418570699999918e+03,-6.110564049758064442e+00,1.692472421799999793e+00,2.317433308798892977e+00
1.705000000000000071e+01,1.389983960199999956e+03,-6.140695409758063938e+00,1.286505227333334389e-02,2.331652397882967520e+00
1.710000000000000142e+01,1.113536676299999954e+03,-6.113323527258065049e+00,2.285304843733333147e-01,2.334353543871701575e+00
1.715000000000000213e+01,1.160898929499999895e+03,-6.124605237580645678e+00,4.267631299000000378e-01,2.325300640707434585e+00
1.719999999999999929e+01,1.216189523999999892e+03,-6.134662267258064183e+00,1.077388327713333149e+00,2.306224817767005941e+00
1.725000000000000000e+01,1.052513698199999908e+03,-6.112811459677419457e+00,-8.353095898066665859e-01,2.282682535369095156e+00
1.730000000000000071e+01,1.198622763099999929e+03,-6.120936228629032527e+00,2.741692286199999828e-01,2.262691019256972691e+00
1.735000000000000142e+01,1.243783762300000035e+03,-6.107751940241935351e+00,-5.211933638833333715e-01,2.248794134095786657e+00
1.740000000000000213e+01,1.136311007400000108e+03,-6.081625928306451989e+00,2.631034349333333799e-01,2.245266240993106344e+00
1.744999999999999929e+01,1.291419184999999970e+03,-6.098021859435483805e+00,4.242482609866666809e-01,2.245477639856382268e+00
1.750000000000000000e+01,1.309616128399999980e+03,-6.101333994596774168e+00,-1.117650878872866738e+00,2.245623120338235523e+00
1.755000000000000071e+01,1.360297827200000029e+03,-6.112685695483870418e+00,1.149140270003333297e+00,2.248726301691897689e+00
1.760000000000000142e+01,1.190043524700000034e+03,-6.099331969596773817e+00,6.157261734633333594e-01,2.241030499064718740e+00
1.765000000000000213e+01,1.125620971800000007e+03,-6.099614786935483757e+00,9.059967922999996592e-02,2.230235830676572828e+00
1.769999999999999929e+01,1.177559806900000012e+03,-6.109904954354838935e+00,-9.351074637066666417e-01,2.223959277766571319e+00
1.775000000000000000e+01,1.214767858599999954e+03,-6.116983808467741923e+00,-1.400042509200000174e+00,2.225440781064617290e+00
1.780000000000000071e+01,1.107965032000000065e+03,-6.106887014677419678e+00,6.604230869666666282e-02,2.238411362013727590e+00
1.785000000000000142e+01,1.152731574899999941e+03,-6.113954987580645373e+00,4.365741167106665377e-01,2.253568983073050980e+00
1.790000000000000213e+01,1.207010029600000053e+03,-6.118952109516128779e+00,-1.757004485399999982e-01,2.266520453920167100e+00
1.794999999999999929e+01,1.240528626100000110e+03,-6.117223153387096879e+00,9.014729242600000303e-01,2.275140277242471143e+00
1.800000000000000000e+01,1.235109372699999994e+03,-6.105548254596774527e+00,3.433433532543332944e-01,2.272170275601228528e+00
1.805000000000000071e+01,1.367666143800000100e+03,-6.111419248225806733e+00,-3.747359848600000376e-01,2.262979874749469822e+00
1.810000000000000142e+01,1.338400769600000103e+03,-6.103076302096773986e+00,-4.411865827099999415e-01,2.253631018422595389e+00
1.815000000000000213e+01,1.269733584999999948e+03,-6.098451746048387356e+00,1.653291331609999970e+00,2.244539723245675855e+00
1.819999999999999929e+01,1.189352588700000069e+03,-6.102601868225806747e+00,1.494180513899999951e+00,2.228949968961960515e+00
1.825000000000000000e+01,1.058134025999999949e+03,-6.099701005967742340e+00,-2.812797320933333456e-01,2.208854224203956829e+00
1.830000000000000071e+01,1.128430904099999907e+03,-6.114371575483870558e+00,2.088286765800000389e-01,2.192924980124552281e+00
1.835000000000000142e+01,9.958015755599999466e+02,-6.096740096451612523e+00,-4.971088115693333420e-01,2.187184384126720449e+00
1.840000000000000213e+01,1.088660182099999929e+03,-6.104843276935484120e+00,1.094097104153333389e+00,2.185320733428584905e+00
1.844999999999999929e+01,1.207695600799999966e+03,-6.115543208709677714e+00,1.369994619533333180e-01,2.188552606190537375e+00
1.850000000000000000e+01,1.126995590700000093e+03,-6.098939259193548068e+00,3.452014087790000185e-01,2.194642971733192116e+00
1.855000000000000071e+01,1.260473308600000109e+03,-6.107020909032257805e+00,-6.254025000566666437e-01,2.196430274271852667e+00
1.860000000000000142e+01,1.216474845400000049e+03,-6.093303977983871356e+00,5.776931186260000350e-01,2.200396063591744333e+00
1.865000000000000213e+01,1.369081600400000070e+03,-6.107804534838709998e+00,7.515418548633333584e-01,2.206567459043120571e+00
1.869999999999999929e+01,1.309990921699999944e+03,-6.098717226532257563e+00,-1.201265826630666611e+00,2.212227198311386811e+00
1.875000000000000000e+01,1.290329240199999958e+03,-6.101079052903226163e+00,5.812659372466667529e-01,2.218404878622165288e+00
1.880000000000000071e+01,1.111730357800000093e+03,-6.089158431935484117e+00,-2.734956470900000158e-01,2.227836681158522847e+00
1.885000000000000142e+01,1.049387964100000090e+03,-6.089889750483870934e+00,-9.455501231163334630e-01,2.241797948610984914e+00
1.890000000000000213e+01,1.035718514400000004e+03,-6.092000674677419347e+00,-3.605033302633333103e-01,2.259982219148230165e+00
1.894999999999999929e+01,1.239036263400000053e+03,-6.118644148709677211e+00,4.199693756333333639e-01,2.276345356182903235e+00
1.900000000000000000e+01,1.047225621399999909e+03,-6.096754816774193841e+00,-7.527975123333334462e-02,2.290721097869842016e+00
1.905000000000000071e+01,1.256152482299999974e+03,-6.128327752338710077e+00,-2.321634265166666322e-01,2.299265195477798951e+00
1.910000000000000142e+01,1.209461824400000069e+03,-6.128227917016128679e+00,-1.602978558050000002e+00,2.299221704451830828e+00
1.915000000000000213e+01,1.096694238000000041e+03,-6.120489565000000631e+00,6.212856426170000335e-01,2.299730932779382453e+00
1.920000000000000284e+01,1.231638013600000022e+03,-6.140622463951612708e+00,-1.329990209623333364e+00,2.296238228529704717e+00
1.925000000000000000e+01,1.090473486200000025e+03,-6.122395817016128561e+00,-2.887579194740000244e+00,2.297523768035867775e+00
1.930000000000000071e+01,1.214186814599999934e+03,-6.131323859112903563e+00,5.432572953566666696e-01,2.310106505905592300e+00
1.935000000000000142e+01,1.161091780299999982e+03,-6.109904004516129028e+00,7.057186731000001378e-01,2.323826886814623460e+00
1.940000000000000213e+01,1.250424267000000100e+03,-6.107069418951613038e+00,1.692670974190000122e+00,2.328069842057856498e+00
1.945000000000000284e+01,1.400206822599999896e+03,-6.122508875080645119e+00,1.381394918096666702e+00,2.318303339348339431e+00
1.950000000000000000e+01,1.177339474399999972e+03,-6.097378798467741667e+00,-1.493633484433333491e-01,2.294198071862060928e+00
1.955000000000000071e+01,1.250098635399999921e+03,-6.108951671612903311e+00,-7.965873886333332266e-01,2.264087300549681103e+00
1.960000000000000142e+01,1.181522424400000091e+03,-6.104230838467741727e+00,-1.663594726566666404e+00,2.236871021168912232e+00
1.965000000000000213e+01,1.063983508300000040e+03,-6.095200737016129189e+00,-1.666407296396666737e+00,2.217716530094757221e+00
1.970000000000000284e+01,1.101915180799999916e+03,-6.102102860403225471e+00,-2.410168363699999983e+00,2.209652607730927532e+00
1.975000000000000000e+01,1.030652515600000015e+03,-6.092407145806451041e+00,-2.480207336433333243e+00,2.220476210533070649e+00
1.980000000000000071e+01,1.159065114400000084e+03,-6.103166080241935632e+00,-3.054859985166666347e-01,2.248995450082798442e+00
1.985000000000000142e+01,1.160950192799999968e+03,-6.092749053951613369e+00,-1.681599025866666597e-01,2.284361044658644424e+00
1.990000000000000213e+01,1.304448428800000102e+03,-6.099884666612902961e+00,4.040020815466667248e-01,2.316820554302227997e+00
1.995000000000000284e+01,1.341931665399999929e+03,-6.099906004677419169e+00,3.171266293199999975e+00,2.337200229654492478e+00
2.000000000000000000e+01,1.376005648699999938e+03,-6.106856065806451461e+00,9.238159146116665665e-01,2.338102590751202747e+00
2.005000000000000071e+01,1.185948519999999917e+03,-6.092976294596774700e+00,-6.794057792283334507e-01,2.330765571967171823e+00
2.010000000000000142e+01,1.186857029199999943e+03,-6.107343344112903694e+00,3.550219412199999702e-01,2.319192881244596549e+00
2.015000000000000213e+01,1.130833299699999998e+03,-6.109172441209676840e+00,-1.903381262630000348e-01,2.299119451902756683e+00
2.020000000000000284e+01,1.164233607299999903e+03,-6.116512473467741628e+00,-2.392781248113332870e-01,2.281704737930579707e+00
2.025000000000000000e+01,1.054242035299999998e+03,-6.101298604435483774e+00,2.369005212666665250e-01,2.269179478961386831e+00
2.030000000000000071e+01,1.169561484999999948e+03,-6.111581893225806361e+00,2.019554850636666732e-01,2.256966545673171343e+00
2.035000000000000142e+01,1.328076702999999952e+03,-6.123765284919355345e+00,-9.464760484333334389e-01,2.244809977035489457e+00
2.040000000000000213e+01,1.201374823699999979e+03,-6.101399188548387365e+00,-2.089866344210000282e+00,2.232909109947118331e+00
2.045000000000000284e+01,1.212984412100000100e+03,-6.098990526370966947e+00,1.051824469843333221e+00,2.233257360030191041e+00
2.050000000000000000e+01,1.339730924299999970e+03,-6.109076712016129562e+00,2.457667281666664483e-02,2.238018555405501431e+00
2.055000000000000071e+01,1.288635509599999978e+03,-6.097608031532257833e+00,-5.034531174599999881e-01,2.242996378240371236e+00
2.060000000000000142e+01,1.231151201800000081e+03,-6.088897150161290739e+00,1.475976989690000130e+00,2.241372022349656934e+00
2.065000000000000213e+01,1.324373084000000063e+03,-6.103447685322580973e+00,-1.719345050333333236e-01,2.229239117106712520e+00
2.070000000000000284e+01,1.203543229899999915e+03,-6.100506066370967595e+00,-8.449645598066665153e-01,2.214129810314485525e+00
2.075000000000000000e+01,1.173967944799999941e+03,-6.110879333225805787e+00,-7.417132033733332408e-01,2.198156815492120941e+00
2.080000000000000071e+01,1.102871482400000104e+03,-6.107688263629031944e+00,-1.287185982666666784e-01,2.186799716936902005e+00
2.085000000000000142e+01,1.073497865099999899e+03,-6.102555322822580841e+00,-2.372950244033333433e+00,2.182290335581520857e+00
2.090000000000000213e+01,1.161117702700000109e+03,-6.108144652903225946e+00,-3.865939561466666397e-01,2.193999437445178557e+00
2.095000000000000284e+01,1.132297318599999926e+03,-6.096881975483871230e+00,1.254606757273333262e+00,2.223174326579694160e+00
2.100000000000000000e+01,1.287582481800000096e+03,-6.108274766854838944e+00,1.401551374713333464e+00,2.259318254463533737e+00
2.105000000000000071e+01,1.136839397599999984e+03,-6.086756699112902957e+00,2.927553864699999342e-01,2.290228759868025321e+00
2.110000000000000142e+01,1.153567445099999986e+03,-6.087193185967741726e+00,1.889038876666666811e+00,2.317107916667493939e+00
2.115000000000000213e+01,1.234937717499999962e+03,-6.097784963145160830e+00,1.918498324971666724e+00,2.333027626613668026e+00
2.120000000000000284e+01,1.328196240199999920e+03,-6.112622724354839221e+00,1.080946193296666635e+00,2.334333330389621874e+00
2.125000000000000000e+01,1.204950482599999987e+03,-6.106695789274193764e+00,4.205386843103333105e-01,2.319399964402633074e+00
2.130000000000000071e+01,1.163030316699999958e+03,-6.109650317822580057e+00,7.891254359733332890e-01,2.288743308363729856e+00
2.135000000000000142e+01,1.062083221000000094e+03,-6.100856738306451810e+00,5.726803580633332835e-01,2.255706617817580195e+00
2.140000000000000213e+01,1.072368340700000090e+03,-6.101629788548387445e+00,-3.406503207499999575e-01,2.220864376175269772e+00
2.145000000000000284e+01,1.123011038899999903e+03,-6.100098852177419317e+00,1.073005988066666888e-01,2.185558584110420810e+00
2.150000000000000000e+01,1.166724701599999889e+03,-6.094541122177419723e+00,-4.945938131333332266e-01,2.161194684177873082e+00
2.155000000000000071e+01,1.130534301099999993e+03,-6.083157915161289786e+00,-1.097546929633333029e-01,2.149074885444015148e+00
2.160000000000000142e+01,1.206266195899999957e+03,-6.090299937177419132e+00,-9.384235112999999018e-01,2.150317773682176803e+00
2.165000000000000213e+01,1.257588625899999897e+03,-6.094287445725806052e+00,-9.645906810199997850e-01,2.161807660384098551e+00
2.170000000000000284e+01,1.292054742499999975e+03,-6.097161042983871404e+00,-7.221362497999998797e-02,2.184575974140305910e+00
2.175000000000000000e+01,1.247887502699999914e+03,-6.092966729838710016e+00,-7.987578067199999632e-01,2.216002356051924416e+00
2.180000000000000071e+01,1.228312159300000076e+03,-6.096797910645161522e+00,3.419767647933333432e+00,2.247965413706650484e+00
2.185000000000000142e+01,1.118377256100000068e+03,-6.098493784435484066e+00,4.423752750353333041e-01,2.265866159627959675e+00
2.190000000000000213e+01,1.124027072000000089e+03,-6.112940892258063919e+00,1.061224687266666633e+00,2.267785695236887555e+00
2.195000000000000284e+01,1.159504780900000014e+03,-6.122013411532257976e+00,-1.072663622999999955e+00,2.258764692066209445e+00
2.200000000000000000e+01,1.088442382499999894e+03,-6.112276101935484540e+00,-1.041512089496666738e+00,2.256855851780054323e+00
2.205000000000000071e+01,1.152462360799999942e+03,-6.114255916935483981e+00,-3.346568505999998888e-01,2.262487071099109848e+00
2.210000000000000142e+01,1.130064785300000040e+03,-6.102519485483870909e+00,2.950675789533333315e+00,2.267242542305514696e+00
2.215000000000000213e+01,1.261076836100000037e+03,-6.110662457096774247e+00,-3.393928924566666505e-01,2.262535070998709763e+00
2.220000000000000284e+01,1.119646070000000009e+03,-6.088985052258064634e+00,1.049007767139999991e+00,2.257179112573847846e+00
2.225000000000000000e+01,1.181631434200000058e+03,-6.094589431612903674e+00,6.056406615233332902e-01,2.248541152741471372e+00
2.230000000000000071e+01,1.238149014800000032e+03,-6.099153355967741774e+00,-1.757156445433333269e+00,2.234988177996989567e+00
2.235000000000000142e+01,1.254020693299999948e+03,-6.098914086612903240e+00,-9.511875409266666859e-01,2.222297078962134353e+00
2.240000000000000213e+01,1.200516066800000090e+03,-6.092042861532258158e+00,7.102424372799999164e-01,2.210652433548516260e+00
2.245000000000000284e+01,1.268499236099999962e+03,-6.100901053629032234e+00,-3.862008878933333444e-01,2.198839666088106437e+00
2.250000000000000000e+01,1.207198177600000008e+03,-6.100076117419354738e+00,-2.117219052533333146e-01,2.196337791308995424e+00
2.255000000000000071e+01,1.183547780099999954e+03,-6.109995126612903782e+00,-2.458065494433333331e+00,2.201256912427564494e+00
2.260000000000000142e+01,1.197203773899999987e+03,-6.125338637499999628e+00,5.251421124899999793e-01,2.217196876585111998e+00
2.265000000000000213e+01,1.073285071000000016e+03,-6.117379207419355147e+00,-1.031591147112666640e+00,2.241097958967172232e+00
2.270000000000000284e+01,1.181616169299999910e+03,-6.131504779919355386e+00,-1.756402005333333349e+00,2.269616152264791520e+00
2.275000000000000000e+01,1.140730388899999980e+03,-6.120566410806451252e+00,1.895925153799999707e+00,2.299539525562046105e+00
2.280000000000000071e+01,1.215248579900000095e+03,-6.118316863951612561e+00,2.626638803733333472e+00,2.325323740667196937e+00
2.285000000000000142e+01,1.421078578599999901e+03,-6.134518672822580676e+00,3.246635690766666582e-01,2.331027556235703457e+00
2.290000000000000213e+01,1.251218069999999898e+03,-6.110771666209677377e+00,2.033044481533333059e+00,2.318534112473011000e+00
2.295000000000000284e+01,1.191797448499999973e+03,-6.106428825483870781e+00,3.770108963786666934e-01,2.288333312221760618e+00
2.300000000000000000e+01,1.122563513199999989e+03,-6.100140151612903239e+00,4.133838477433333658e-01,2.249492364133583777e+00
2.305000000000000071e+01,1.121326739500000031e+03,-6.097805364677419071e+00,1.416295281266666706e+00,2.209539392163892835e+00
2.310000000000000142e+01,1.161243046399999912e+03,-6.094232645322581021e+00,-1.643738488996333569e-01,2.174667363118462760e+00
2.315000000000000213e+01,1.128392236700000012e+03,-6.077144952419354595e+00,-5.489175717600000004e-01,2.150735851719128178e+00
2.320000000000000284e+01,1.295182484700000032e+03,-6.090141579596774157e+00,2.996710705666666974e-01,2.137326635628510996e+00
2.325000000000000000e+01,1.165428242700000055e+03,-6.072783109274193514e+00,-1.537230022849999544e+00,2.136471433315100477e+00
2.330000000000000071e+01,1.253813736199999994e+03,-6.086142146209677861e+00,-1.443676085319999913e+00,2.146857164385171934e+00
2.335000000000000142e+01,1.304192280600000004e+03,-6.093953987096774050e+00,8.661047619533333020e-01,2.169312688965843616e+00
2.340000000000000213e+01,1.286392348099999936e+03,-6.095479820967741880e+00,-1.022609262466666502e+00,2.194173501098288348e+00
2.345000000000000284e+01,1.282314923899999940e+03,-6.101605630967742222e+00,-2.371306965463333416e-01,2.222332738040866840e+00
2.350000000000000000e+01,1.247922295999999960e+03,-6.101640221451613222e+00,1.050312479170066871e+00,2.248382555149541329e+00
2.355000000000000071e+01,1.210010286499999893e+03,-6.101536246370967476e+00,5.923126038599999532e-01,2.266677044736097546e+00
2.360000000000000142e+01,1.227725795999999946e+03,-6.110169245483870526e+00,2.170877699600000099e+00,2.277079510348445357e+00
2.365000000000000213e+01,1.131801473299999998e+03,-6.104070997741935400e+00,2.675261093899999665e+00,2.277094704205178122e+00
2.370000000000000284e+01,1.158901611100000082e+03,-6.111964652580645030e+00,5.422307071833333270e-01,2.265707700758562648e+00
2.375000000000000000e+01,1.135523976499999890e+03,-6.109987562177419562e+00,-4.625416782106666069e-01,2.255325044986379091e+00
2.380000000000000071e+01,1.243198614700000007e+03,-6.119682689112902807e+00,-6.380819773333334943e-02,2.251521016066545755e+00
2.385000000000000142e+01,1.227414839199999960e+03,-6.103779886048386949e+00,6.682173590003332997e-01,2.249196946406162301e+00
2.390000000000000213e+01,1.204704192700000021e+03,-6.082577192983871228e+00,1.378723194730000046e+00,2.241975126038749710e+00
2.395000000000000284e+01,1.281930479699999978e+03,-6.083707377016128959e+00,9.506938565366667149e-01,2.228178246541782315e+00
2.400000000000000000e+01,1.272969290499999943e+03,-6.080922175725806511e+00,-5.412004265419999571e-01,2.210131629831101119e+00
2.405000000000000071e+01,1.402946382000000085e+03,-6.099743762338709629e+00,-3.521032883000000530e-02,2.189762075606084935e+00
2.410000000000000142e+01,1.231290740700000015e+03,-6.082361579677418639e+00,-8.774041469033333485e-01,2.165448701415686461e+00
2.415000000000000213e+01,1.380434083999999984e+03,-6.105012419596773654e+00,-4.896781137399999762e-01,2.147315099589282905e+00
2.420000000000000284e+01,1.226827076199999965e+03,-6.091771410161290312e+00,-1.566992304400000036e+00,2.141103336804765167e+00
2.425000000000000000e+01,1.203238819800000101e+03,-6.093626344596773770e+00,-2.075155189300000202e+00,2.148599394662922712e+00
2.430000000000000071e+01,1.076506316700000070e+03,-6.082439919274192697e+00,9.472055551000002627e-02,2.169649907866140648e+00
2.435000000000000142e+01,1.200361551400000053e+03,-6.102708241290322633e+00,8.566198051966665838e-01,2.199854436994099771e+00
2.440000000000000213e+01,1.049531130800000028e+03,-6.088737207822580544e+00,-5.579709961700000109e-01,2.234323905593364579e+00
2.445000000000000284e+01,1.112877739699999893e+03,-6.099836628145161477e+00,-8.350834753333202798e-03,2.269806170436343251e+00
2.450000000000000000e+01,1.313176783999999998e+03,-6.128352412499999957e+00,1.838278691450000002e+00,2.304970994614794488e+00
2.455000000000000071e+01,1.180533343300000070e+03,-6.118129111854838875e+00,-3.983338103839999533e-01,2.329027017556245749e+00
2.460000000000000142e+01,1.230639212600000064e+03,-6.132219654112903484e+00,1.372219134099999849e+00,2.334087437146171951e+00
2.465000000000000213e+01,1.102953918700000031e+03,-6.123147020403226115e+00,-5.754940629686665643e-01,2.323981162709806370e+00
2.470000000000000284e+01,1.025506828699999915e+03,-6.117546925887096698e+00,2.191365828366666213e-01,2.307244837419057504e+00
2.475000000000000000e+01,1.074994679299999916e+03,-6.123037581532257967e+00,9.317667680966668087e-01,2.286729720332295379e+00
2.480000000000000071e+01,1.140709541499999887e+03,-6.120891737338710392e+00,9.518330663030001304e-01,2.263471161901662754e+00
2.485000000000000142e+01,1.134969558400000096e+03,-6.103131472661289969e+00,-1.260763285466666828e+00,2.238243304388746413e+00
2.490000000000000213e+01,1.059430071400000088e+03,-6.085499552499999965e+00,1.954362770233334101e-01,2.218793250810375373e+00
2.495000000000000284e+01,1.200787416899999926e+03,-6.097661812500000167e+00,-1.650396061566666850e+00,2.203918325384111920e+00
2.500000000000000000e+01,1.162662600200000043e+03,-6.088666036370967483e+00,-2.160382751359999798e+00,2.200768513847043195e+00
2.505000000000000071e+01,1.267679247300000043e+03,-6.099018017499999722e+00,4.108276095754666568e-01,2.205137273482686844e+00
2.510000000000000142e+01,1.353016274900000099e+03,-6.110240617903225591e+00,-3.133886797066667285e-01,2.218230527803114693e+00
2.515000000000000213e+01,1.219729211600000099e+03,-6.100832523709676991e+00,4.225594441233333498e-01,2.239053957722242583e+00
2.520000000000000284e+01,1.273679371799999899e+03,-6.119343488387096741e+00,2.912286490683334006e-01,2.261243560340430392e+00
2.525000000000000000e+01,1.165430199500000072e+03,-6.115831738870967982e+00,5.768355727099999664e-01,2.281342961224264609e+00
2.530000000000000071e+01,1.197437982099999999e+03,-6.126197586290322405e+00,-1.434491998311666849e+00,2.297579176185646777e+00
2.535000000000000142e+01,1.152939743200000066e+03,-6.121313147177419367e+00,1.036361633090000067e+00,2.315432828547442146e+00
2.540000000000000213e+01,1.171355141499999945e+03,-6.120835898064515668e+00,1.785443066766666753e+00,2.327693338063061557e+00
2.545000000000000284e+01,1.185155598300000065e+03,-6.118072478387096780e+00,1.327547392678666505e+00,2.324505315775013070e+00
2.550000000000000000e+01,1.193932502000000113e+03,-6.115512208951612294e+00,-2.411584929333333294e-01,2.307256632867182855e+00
2.555000000000000071e+01,1.181371063999999933e+03,-6.112229103064516167e+00,-6.501614654000002769e-02,2.291757118253475944e+00
2.560000000000000142e+01,1.250995396100000107e+03,-6.120428656290322955e+00,-7.681571670400000329e-01,2.275626404566542416e+00
2.565000000000000213e+01,1.248022622700000056e+03,-6.118678903548387282e+00,2.672408365133333574e-01,2.259787798719013807e+00
2.570000000000000284e+01,1.188216762799999970e+03,-6.110712488467742176e+00,-1.479522701783333227e+00,2.243846087908631493e+00
2.575000000000000000e+01,1.256816523199999892e+03,-6.116819241693548292e+00,-2.987721522233333094e+00,2.231199905307557518e+00
2.580000000000000071e+01,1.198143511600000011e+03,-6.104833192500000116e+00,1.393878678833332663e-01,2.229916410363094847e+00
2.585000000000000142e+01,1.197455780300000015e+03,-6.096874365725805767e+00,-1.814273334000000293e-01,2.231367398413909520e+00
2.590000000000000213e+01,1.239531501599999956e+03,-6.089386253790322279e+00,-2.781650158466666967e-01,2.236249322578913290e+00
2.595000000000000284e+01,1.277202527099999998e+03,-6.084625902338709480e+00,4.092200958466665761e-01,2.238747252920254560e+00
2.600000000000000000e+01,1.393992700499999955e+03,-6.100520463790322978e+00,2.084449491400000021e+00,2.235037631903755262e+00
2.605000000000000071e+01,1.212463827900000069e+03,-6.087805402741935268e+00,-1.813529893233333468e+00,2.222460175492022127e+00
2.610000000000000142e+01,1.214550709800000050e+03,-6.100130710080645002e+00,-2.187942505066666765e+00,2.212715278923783391e+00
2.615000000000000213e+01,1.206595580599999948e+03,-6.104783270241935789e+00,-3.005430128666666256e-01,2.207839468188451448e+00
2.620000000000000284e+01,1.166615660100000014e+03,-6.100115613951612836e+00,-2.235757868999999953e+00,2.205396444727302896e+00
2.625000000000000000e+01,1.173418492400000105e+03,-6.099517732741935205e+00,-7.713103402999998970e-01,2.206474300083923534e+00
2.630000000000000071e+01,1.209632049699999925e+03,-6.101057885241935708e+00,-5.565225653656666882e-01,2.217666369701640328e+00
2.635000000000000142e+01,1.310897256100000050e+03,-6.110664905241935507e+00,4.710576720333334300e-01,2.239679361750198439e+00
2.640000000000000213e+01,1.161135956399999941e+03,-6.088326717822580392e+00,8.647856505666666749e-01,2.262460354582874089e+00
2.645000000000000284e+01,1.295538079800000105e+03,-6.099855219032257914e+00,8.238263181999999629e-02,2.274417782377155639e+00
2.650000000000000000e+01,1.218337159500000098e+03,-6.075010536774192893e+00,2.269560503899999748e+00,2.282620382480305743e+00
2.655000000000000071e+01,1.413615198299999975e+03,-6.084347330161289591e+00,2.269485311953333362e+00,2.286956281276006475e+00
2.660000000000000142e+01,1.234578589700000066e+03,-6.061610342499999859e+00,-1.499732526233333585e-01,2.277645636798235174e+00
2.665000000000000213e+01,1.266992246999999907e+03,-6.076375439193548722e+00,-1.059060749903333321e+00,2.258978317322823948e+00
2.670000000000000284e+01,1.303030626100000063e+03,-6.097681444032257758e+00,-9.196816331033333958e-01,2.241974073964637881e+00
2.675000000000000000e+01,1.231289151599999968e+03,-6.098284886048387143e+00,3.092462349633333107e-01,2.228570377600580521e+00
2.680000000000000071e+01,1.267137800700000071e+03,-6.108922828064516253e+00,-4.376460512666666691e-01,2.221330959916210990e+00
2.685000000000000142e+01,1.122769685299999992e+03,-6.095100527258064282e+00,-6.930842256133334933e-01,2.216153804408897976e+00
2.690000000000000213e+01,1.105136485199999925e+03,-6.096818054596774061e+00,-5.922686815833333451e-01,2.213784588408336251e+00
2.695000000000000284e+01,1.172201577099999895e+03,-6.106882383870968489e+00,1.007646243000000080e-01,2.216151294546591100e+00
2.700000000000000000e+01,1.121518817099999978e+03,-6.101127339032257346e+00,-1.015979203473333259e+00,2.224545583746352140e+00
2.705000000000000071e+01,1.199846772699999974e+03,-6.109147357338709838e+00,8.324954135099998931e-01,2.239708155523803423e+00
2.710000000000000142e+01,1.199053988899999922e+03,-6.102385979435484664e+00,-9.967919485333327778e-02,2.260159227635308188e+00
2.715000000000000213e+01,1.290480792000000065e+03,-6.104510588306451879e+00,3.624744712399999291e-01,2.280011356101022013e+00
2.720000000000000284e+01,1.350972359999999981e+03,-6.105170621129031971e+00,2.252972311400000260e-01,2.294284763328415799e+00
2.725000000000000000e+01,1.231091017499999907e+03,-6.088300542983870578e+00,5.126791363276667068e-01,2.299146339342994061e+00
2.730000000000000071e+01,1.360369048400000111e+03,-6.109112842741935445e+00,5.720835344333332628e-01,2.289577682194439134e+00
2.735000000000000142e+01,1.218180849500000022e+03,-6.106581379516129893e+00,2.891987999500000295e-01,2.272875573876675048e+00
2.740000000000000213e+01,1.095808929900000066e+03,-6.105977248145161518e+00,1.390074527366666757e-01,2.255540831744089481e+00
2.745000000000000284e+01,1.073164879599999949e+03,-6.105175614838709741e+00,-1.670671497666666172e-01,2.238572048625810051e+00
2.750000000000000000e+01,1.145430074999999988e+03,-6.111296475080645330e+00,-2.227892603799999927e-01,2.228425197265749169e+00
2.755000000000000071e+01,1.226168110399999932e+03,-6.114462698709677291e+00,1.439593491346666587e+00,2.221447208951894847e+00
2.760000000000000142e+01,1.169823125399999981e+03,-6.100190460483871036e+00,-6.682691038000000416e-01,2.215672415668801687e+00
2.765000000000000213e+01,1.075782007600000043e+03,-6.080884930483871464e+00,-2.859090699616666509e+00,2.218431912193105759e+00
2.770000000000000284e+01,1.412790738099999999e+03,-6.115177959032258137e+00,-8.794982329233332896e-01,2.230816122862776307e+00
2.775000000000000000e+01,1.369819989000000078e+03,-6.102163395241936072e+00,-2.315574156733333222e-01,2.241947644190847910e+00
2.780000000000000071e+01,1.234550594099999898e+03,-6.083754582500000119e+00,-4.847054300316666620e-01,2.247170296736917816e+00
2.785000000000000142e+01,1.282215516900000011e+03,-6.098519398709677297e+00,9.363133363266666898e-01,2.250211211197804761e+00
2.790000000000000213e+01,1.065342509399999926e+03,-6.094740359838709765e+00,1.911140133833333365e-01,2.250923528382777761e+00
2.795000000000000284e+01,1.077013253300000088e+03,-6.108214270967741832e+00,-8.909201629566667613e-01,2.258083160908359144e+00
2.800000000000000000e+01,1.178472919800000000e+03,-6.121156148951613751e+00,5.742042169923333716e-01,2.266847487247471982e+00
2.805000000000000071e+01,1.208190004699999918e+03,-6.122942406451612918e+00,4.479388848699999426e-01,2.274837657098191190e+00
2.810000000000000142e+01,1.132813257699999895e+03,-6.110159333629032297e+00,8.307753746000000605e-01,2.276736050293566738e+00
2.815000000000000213e+01,1.255396702499999947e+03,-6.117613552983870662e+00,7.878141010533333821e-01,2.268046789554184706e+00
2.820000000000000284e+01,1.254910025399999995e+03,-6.106301304516128958e+00,-9.686547440333331815e-01,2.252083758892763576e+00
2.825000000000000000e+01,1.194165968300000031e+03,-6.090547261290322645e+00,6.746962890000022910e-03,2.236148151344392154e+00
2.830000000000000071e+01,1.365945417700000007e+03,-6.107814366048387456e+00,-3.941791212566667091e-01,2.224247266684580726e+00
2.835000000000000142e+01,1.182537074099999927e+03,-6.085126571693548314e+00,-6.838093033666666765e-01,2.211895253492437874e+00
2.840000000000000213e+01,1.224435950800000001e+03,-6.093678587741935715e+00,3.485334417983333988e-01,2.199079250438460420e+00
2.845000000000000284e+01,1.078282008700000006e+03,-6.078837264516129046e+00,-8.447435946033333698e-01,2.189436052902102858e+00
2.850000000000000000e+01,1.079647850000000062e+03,-6.083672195241935476e+00,-1.778238757163333572e+00,2.187682275735223225e+00
2.855000000000000071e+01,1.173317916199999900e+03,-6.101291451129032595e+00,-3.102923604899999743e-01,2.194461396118733809e+00
2.860000000000000142e+01,1.094125219400000105e+03,-6.096907720241936168e+00,1.173969822026233345e+00,2.206569339371227567e+00
2.865000000000000213e+01,1.081499082199999975e+03,-6.096818090645161448e+00,7.029452546119999701e-01,2.226825450884862612e+00
2.870000000000000284e+01,1.194885031900000058e+03,-6.106043731854838619e+00,-1.729657897953333245e+00,2.248089370042575474e+00
2.875000000000000000e+01,1.225880708500000082e+03,-6.099212718467742711e+00,8.262848433333332965e-01,2.266521051231989325e+00
2.880000000000000071e+01,1.167464175200000000e+03,-6.077933707419354903e+00,1.015285727960000051e+00,2.273506330066336734e+00
2.885000000000000142e+01,1.236144618600000058e+03,-6.078094123709678165e+00,1.407676770023333246e+00,2.265842399682763020e+00
2.890000000000000213e+01,1.344167785000000094e+03,-6.089436329435483408e+00,2.584456351166666721e+00,2.248825877172276222e+00
2.895000000000000284e+01,1.270724943500000109e+03,-6.084729009838709679e+00,-1.638705336833333304e+00,2.226986297044459828e+00
2.900000000000000000e+01,1.327873306199999888e+03,-6.102730193145161408e+00,-3.152074633643333068e-01,2.208346387594342541e+00
2.905000000000000071e+01,1.224575965700000097e+03,-6.107565842096773778e+00,9.587389934666672164e-02,2.193004864927809994e+00
2.910000000000000142e+01,1.213850109900000007e+03,-6.118172839999999724e+00,-5.082131381933333580e-01,2.181261217245964890e+00
2.915000000000000213e+01,1.142789607800000113e+03,-6.112444119758064787e+00,-5.836385827000000193e-01,2.175747755460778698e+00
2.920000000000000284e+01,1.061253021100000069e+03,-6.099613921693548768e+00,-1.216590633596666526e+00,2.184018864414726924e+00
2.925000000000000000e+01,1.138100903400000107e+03,-6.103658364919355428e+00,-3.520666874633333054e-01,2.206506604572621821e+00
2.930000000000000071e+01,1.239737768299999971e+03,-6.110662826048386620e+00,3.557474753833333447e-01,2.239418672713509473e+00
2.935000000000000142e+01,1.243317990499999951e+03,-6.104863749758064451e+00,1.679284084709999902e+00,2.275152677224097975e+00
2.940000000000000213e+01,1.147927505999999994e+03,-6.089507863064516080e+00,1.388306896005333302e+00,2.297459959215874203e+00
2.945000000000000284e+01,1.181580154100000073e+03,-6.094235684112903506e+00,1.193074995973333330e+00,2.302375760947169336e+00
2.950000000000000000e+01,1.295704505500000096e+03,-6.112565881935484668e+00,1.091275967934666635e+00,2.289812010527576547e+00
2.955000000000000071e+01,1.232366553500000009e+03,-6.117222951935483266e+00,3.363333248666666719e-02,2.260945831221280677e+00
2.960000000000000142e+01,9.580002474100000427e+02,-6.099078050161290676e+00,-1.186357179090000047e+00,2.233506494152380562e+00
2.965000000000000213e+01,1.093149500199999920e+03,-6.122047004274192794e+00,6.228220588133334124e-01,2.214053241589293286e+00
2.970000000000000284e+01,9.906699900800000478e+02,-6.107589597983870355e+00,-3.331302510000000439e-02,2.201653374469969116e+00
2.975000000000000000e+01,1.033569923900000049e+03,-6.103431058064516357e+00,-8.280038945700001207e-01,2.195060517982451831e+00
2.980000000000000071e+01,1.242129219500000090e+03,-6.119497163629032066e+00,-1.586899249829999858e+00,2.201231428854052208e+00
2.985000000000000142e+01,1.052219481899999892e+03,-6.089903371532257914e+00,-1.045040418333333276e+00,2.220432411331525913e+00
2.990000000000000213e+01,1.203169188999999960e+03,-6.102237312822580861e+00,6.541465621333333313e-01,2.247614272268253721e+00
2.995000000000000284e+01,1.312560345300000108e+03,-6.107666572661289983e+00,1.730087823133333591e-01,2.270472696760383435e+00
3.000000000000000000e+01,1.302461692600000106e+03,-6.100228550645161896e+00,1.390565324756666499e+00,2.284724851841859472e+00
3.005000000000000071e+01,1.282980550199999925e+03,-6.097518061048386784e+00,1.556632347889999934e+00,2.284707114561408403e+00
3.010000000000000142e+01,1.271573166599999922e+03,-6.104576162741936152e+00,5.022770031433333449e-01,2.274119230312266815e+00
3.015000000000000213e+01,1.094432307499999979e+03,-6.096136179919354525e+00,-1.182118362346666673e+00,2.261672238712385319e+00
3.020000000000000284e+01,1.227528167799999892e+03,-6.122245078709677379e+00,-4.779077684699999939e-01,2.254441779954970748e+00
3.025000000000000000e+01,1.063264942900000051e+03,-6.104710409516128422e+00,-1.216780408240000222e+00,2.255482815615664993e+00
3.030000000000000071e+01,1.103316314599999941e+03,-6.108245944677419104e+00,8.588916523966666494e-01,2.258196378965968254e+00
3.035000000000000142e+01,1.222386212299999897e+03,-6.119023700725806592e+00,-3.634532040533333119e-01,2.256280174171066744e+00
3.040000000000000213e+01,1.154929010099999914e+03,-6.106629151612903428e+00,4.685355513533331906e-01,2.254945939283943268e+00
3.045000000000000284e+01,1.104740769300000011e+03,-6.096414030000000039e+00,-1.142985809900000510e-01,2.252834130894507236e+00
3.050000000000000000e+01,1.255400129999999990e+03,-6.110465142661290372e+00,1.199460967496666752e+00,2.253604514021694261e+00
3.055000000000000071e+01,1.213590073699999948e+03,-6.101981158064516464e+00,-1.702134028299999935e+00,2.251235668956980795e+00
3.060000000000000142e+01,1.168929402400000072e+03,-6.096030038709677079e+00,6.556704839066666013e-01,2.252280193571269074e+00
3.065000000000000213e+01,1.258992400300000099e+03,-6.107362741209676926e+00,-1.328256108599999985e-01,2.250923942494176266e+00
3.070000000000000284e+01,1.175995124199999964e+03,-6.097277235483870683e+00,5.521053272866667250e-01,2.247803765152293742e+00
3.075000000000000000e+01,1.198297458600000027e+03,-6.099763304112903128e+00,-5.626829280333334182e-02,2.241981981319788542e+00
3.080000000000000071e+01,1.137855288400000063e+03,-6.091742884919354672e+00,-6.134819953966665906e-01,2.234158191244345115e+00
3.085000000000000142e+01,1.212415027300000020e+03,-6.100874720241935556e+00,1.977437062900001263e-01,2.229189795496551607e+00
3.090000000000000213e+01,1.174881081700000095e+03,-6.099047104596773572e+00,-6.642845666666730153e-03,2.230680804306376608e+00
3.095000000000000284e+01,1.230704455699999926e+03,-6.111930317983871319e+00,-1.600817387770000211e-01,2.231144350277280530e+00
3.100000000000000000e+01,1.049850326300000006e+03,-6.101861789516129342e+00,1.039501078133333367e+00,2.233388075426177011e+00
3.105000000000000071e+01,1.017781193499999972e+03,-6.107091118951612607e+00,4.479994740333331782e-02,2.237707228008227744e+00
3.110000000000000142e+01,1.060838769299999967e+03,-6.112788635564516682e+00,2.840821319533332612e-01,2.245687062057122763e+00
3.115000000000000213e+01,1.078003470999999990e+03,-6.107374138387096529e+00,-1.068959709099999850e-01,2.252158417305279325e+00
3.120000000000000284e+01,1.194318568299999924e+03,-6.108523296370967692e+00,-4.463810961000000410e-01,2.255614343172926084e+00
3.125000000000000000e+01,1.309367003199999999e+03,-6.113797623790323321e+00,1.524193670570000103e+00,2.253705635964672549e+00
3.130000000000000071e+01,1.119153855600000043e+03,-6.084723085241935614e+00,1.597052700646666823e+00,2.242944128822232486e+00
3.135000000000000142e+01,1.193730934700000034e+03,-6.090576724354838767e+00,4.212399609833332725e-01,2.228314844874721867e+00
3.140000000000000213e+01,1.254539101099999925e+03,-6.096634192177419642e+00,1.018245099246666729e+00,2.207786371898982303e+00
3.145000000000000284e+01,1.197172271299999920e+03,-6.089833565161289819e+00,-8.282110830766665766e-01,2.184361883502973889e+00
3.150000000000000000e+01,1.241729084000000057e+03,-6.098883147016128881e+00,-2.135974480766666961e+00,2.167538552188727152e+00
3.155000000000000071e+01,1.196870549499999925e+03,-6.096412348467741715e+00,-1.674119214633333241e+00,2.157400931627514673e+00
3.160000000000000142e+01,1.221989928599999985e+03,-6.101394366935483760e+00,2.041152109263333347e-01,2.155054578613734506e+00
3.165000000000000213e+01,1.156851489099999981e+03,-6.095245655403226159e+00,-1.650540038236666618e+00,2.156581580260199527e+00
3.170000000000000284e+01,1.181401833299999907e+03,-6.098363224677419758e+00,-2.556389923626666838e-01,2.161039191470165211e+00
3.175000000000000000e+01,1.219710532199999989e+03,-6.102715300322580916e+00,2.762848631420000145e-01,2.175737878319868202e+00
3.180000000000000071e+01,1.106057087099999990e+03,-6.086909572177419570e+00,5.542176870013334478e-01,2.202645684866842757e+00
3.185000000000000142e+01,1.244137597899999946e+03,-6.097764889677419475e+00,-1.113067577830000099e+00,2.228802088954068505e+00
3.190000000000000213e+01,1.163768686500000058e+03,-6.078908908951612844e+00,8.602154077166667134e-01,2.252752844725078418e+00
3.195000000000000284e+01,1.273405929000000015e+03,-6.086741286129032424e+00,3.044187616463000179e+00,2.272045759847765467e+00
3.200000000000000000e+01,1.354319571199999928e+03,-6.097868523951612829e+00,-9.064564516666678839e-03,2.276862582665918566e+00
3.205000000000000426e+01,1.286751925300000039e+03,-6.101032297338710109e+00,-1.523389250699999364e-01,2.272892530869785599e+00
3.210000000000000142e+01,1.204912679499999967e+03,-6.105632083548386824e+00,1.947259557213333325e+00,2.257814475922798714e+00
3.214999999999999858e+01,1.068823891799999956e+03,-6.094786417258064581e+00,1.009649098266666600e+00,2.235594910987102946e+00
3.220000000000000284e+01,1.049382317199999989e+03,-6.092527453145160976e+00,9.060420213666665612e-01,2.212057812510399124e+00
3.225000000000000000e+01,1.156867360700000063e+03,-6.100906467419354939e+00,-5.510127617699999147e-01,2.184258414005020743e+00
3.230000000000000426e+01,1.199306903599999941e+03,-6.101430140322580797e+00,2.616155349133332808e-01,2.158913637599375601e+00
3.235000000000000142e+01,1.125883827599999904e+03,-6.088271872500000015e+00,-2.119222932396666703e+00,2.143364377980844893e+00
3.239999999999999858e+01,1.159439945300000090e+03,-6.087545674435483889e+00,-1.563658953400000051e+00,2.139763878174146150e+00
3.245000000000000284e+01,1.240104015599999912e+03,-6.092355660080644775e+00,9.114404405733332881e-01,2.147308916064421425e+00
3.250000000000000000e+01,1.146026963000000023e+03,-6.075785136370967621e+00,-1.279923066142333310e+00,2.164832645993892690e+00
3.255000000000000426e+01,1.126487786099999994e+03,-6.065931807661289810e+00,-6.160581357000000091e-01,2.190139486212921316e+00
3.260000000000000142e+01,1.354719002000000046e+03,-6.087407724354839011e+00,1.782155265663333266e+00,2.211215717300195838e+00
3.264999999999999858e+01,1.413502814299999955e+03,-6.087670667096774402e+00,1.677737850073333314e+00,2.227734307556291871e+00
3.270000000000000284e+01,1.337983929900000021e+03,-6.075557883306451856e+00,-1.062492200036666556e+00,2.239598457380567176e+00
3.275000000000000000e+01,1.299682224299999916e+03,-6.081741842661291031e+00,8.238994725499999561e-01,2.251015371417536493e+00
3.280000000000000426e+01,1.226196020000000090e+03,-6.092963921209677558e+00,3.571999418366667012e+00,2.263716692164007060e+00
3.285000000000000142e+01,1.093759061299999985e+03,-6.086764911209677997e+00,-1.307163219806666499e+00,2.270866132752398681e+00
3.289999999999999858e+01,1.332693920500000104e+03,-6.123916039354838858e+00,-3.587431590726666286e-01,2.280282894339188182e+00
3.295000000000000284e+01,1.119875025699999924e+03,-6.102114835725807040e+00,2.529265429233333418e+00,2.288701227748118683e+00
3.300000000000000000e+01,1.153212649399999918e+03,-6.109278022580644674e+00,1.652186649289999920e+00,2.279960303028889523e+00
3.305000000000000426e+01,1.129060438599999998e+03,-6.104813716693548109e+00,-2.856314345799999543e-01,2.258378720267044670e+00
3.310000000000000142e+01,1.161372766700000057e+03,-6.103405292177419561e+00,-7.295373861063333409e-01,2.237772761996189796e+00
3.314999999999999858e+01,1.273294969399999900e+03,-6.102145344435483842e+00,-9.728036373100000800e-01,2.221351034435921079e+00
3.320000000000000284e+01,1.193657192099999975e+03,-6.076685644354838267e+00,1.805643702090000025e+00,2.204512512872726315e+00
3.325000000000000000e+01,1.307837858699999970e+03,-6.084505921854838739e+00,-5.366606423766665523e-01,2.183495765588048698e+00
3.330000000000000426e+01,1.255152778599999920e+03,-6.076330175080644658e+00,-8.965363184969999955e-01,2.171542313637596866e+00
3.335000000000000142e+01,1.321183794300000045e+03,-6.085748622338710057e+00,-4.695822572866665823e-01,2.163825570162415168e+00
3.339999999999999858e+01,1.305810801699999956e+03,-6.086813914274193493e+00,-1.884062575463333333e+00,2.161236433864228257e+00
3.345000000000000284e+01,1.221499982900000077e+03,-6.081702053225805926e+00,-9.517386117000000700e-01,2.175110765891493436e+00
3.350000000000000000e+01,1.218480346399999917e+03,-6.090202402661289760e+00,1.381205638701333560e-01,2.195973468665588957e+00
3.355000000000000426e+01,1.278209635400000025e+03,-6.105113239677419479e+00,-6.211758243333331819e-02,2.214482683988201916e+00
3.360000000000000142e+01,1.158288208899999972e+03,-6.095284833064516405e+00,-5.381187621999999893e-01,2.235855597275508089e+00
3.364999999999999858e+01,1.260893053100000088e+03,-6.113237558870967980e+00,1.022962204519999974e+00,2.256569587664770005e+00
3.370000000000000284e+01,1.302751429500000086e+03,-6.127674925322581068e+00,-6.412280985666668487e-02,2.274113790632045884e+00
3.375000000000000000e+01,1.189604162699999961e+03,-6.125010435806450992e+00,-2.753146336800000316e-01,2.289450328875438867e+00
3.380000000000000426e+01,1.134831240600000001e+03,-6.128549412499999960e+00,1.665351654726666242e+00,2.301647249780217397e+00
3.385000000000000142e+01,1.050992553199999975e+03,-6.122201526048387521e+00,1.151325885000000104e+00,2.303461720653205091e+00
3.389999999999999858e+01,1.177496814300000096e+03,-6.137265363548387143e+00,4.302960932000001598e-02,2.297242231147001323e+00
3.395000000000000284e+01,1.139035014699999920e+03,-6.122883970403226073e+00,1.475440657666666766e-01,2.285626138290955733e+00
3.400000000000000000e+01,1.231107800900000029e+03,-6.116204196693548312e+00,1.159385650796666667e+00,2.264214489916290152e+00
3.405000000000000426e+01,1.130695792299999994e+03,-6.092954578387097087e+00,-5.010613152699999739e-01,2.236091952001905803e+00
3.410000000000000142e+01,1.253569976199999928e+03,-6.101473105725806256e+00,-6.616955175366666664e-01,2.208508562445656853e+00
3.414999999999999858e+01,1.140332884400000012e+03,-6.082498157580645604e+00,-8.393597825833333248e-01,2.181483927842730264e+00
3.420000000000000284e+01,1.287269659699999920e+03,-6.097081241935484286e+00,-1.448595348133333571e+00,2.159247998981715266e+00
3.425000000000000000e+01,1.217581138300000021e+03,-6.084584902419354790e+00,-5.551474110999999878e-01,2.143988607618751097e+00
3.430000000000000426e+01,1.202182669199999964e+03,-6.078085773629031685e+00,-7.349399462766667002e-01,2.130660665429358502e+00
3.435000000000000142e+01,1.205030289499999981e+03,-6.072141506451612436e+00,-2.649162223966666563e+00,2.121957576350231633e+00
3.439999999999999858e+01,1.276137234699999908e+03,-6.071781722822580996e+00,-3.868099755720000310e-01,2.122932445067711171e+00
3.445000000000000284e+01,1.461303797000000031e+03,-6.087082294838710439e+00,-5.901860867933332866e-01,2.136173055067880799e+00
3.450000000000000000e+01,1.312654834899999969e+03,-6.069824894193548204e+00,-1.997487136766666671e+00,2.159760186716161989e+00
3.455000000000000426e+01,1.276776919599999928e+03,-6.074256514838709542e+00,2.234172589789999996e+00,2.191483752681183450e+00
3.460000000000000142e+01,1.170227163400000109e+03,-6.074513621532258156e+00,1.062310503466666667e+00,2.224578244686597372e+00
3.464999999999999858e+01,1.259238754199999903e+03,-6.099128082822580232e+00,9.448074003333325685e-03,2.256702142218340423e+00
3.470000000000000284e+01,1.155934886600000027e+03,-6.091735226209676668e+00,1.177310854566666620e-01,2.284463761221033007e+00
3.475000000000000000e+01,1.227715411399999994e+03,-6.102977276854838706e+00,2.828552198866666867e+00,2.299472961768220802e+00
3.480000000000000426e+01,1.249421651999999995e+03,-6.107420947822580715e+00,7.041323073266667620e-01,2.300341075772275090e+00
3.485000000000000142e+01,1.364737061300000050e+03,-6.125491206451612491e+00,1.499887718304333317e+00,2.291918545285031694e+00
3.489999999999999858e+01,1.116872927399999980e+03,-6.099027227661290240e+00,3.562921280233333765e-01,2.273206438399770768e+00
3.495000000000000284e+01,1.087259587600000032e+03,-6.101500916532257790e+00,7.681998274300000373e-01,2.249324599821240334e+00
3.500000000000000000e+01,1.014693537500000048e+03,-6.103941494435483506e+00,-6.433282451299998650e-01,2.227772858146511936e+00
3.505000000000000426e+01,9.329900853300000563e+02,-6.105502039435483752e+00,-2.368927888066666654e+00,2.213932754405572911e+00
3.510000000000000142e+01,9.908963451299999861e+02,-6.115921913064515714e+00,-2.864552778999999827e+00,2.213110108283813826e+00
3.514999999999999858e+01,1.169614265899999964e+03,-6.132579185483871598e+00,-5.854766215366667970e-01,2.234023672913015179e+00
3.520000000000000284e+01,9.180889438899999959e+02,-6.086986135403225973e+00,1.222146494703333364e+00,2.258195858205967355e+00
3.525000000000000000e+01,1.230324427699999887e+03,-6.112976880564515270e+00,9.726999246666666599e-01,2.279424783276378541e+00
3.530000000000000426e+01,1.163293464399999948e+03,-6.096583060483871108e+00,1.701213377261666437e+00,2.291766548958543037e+00
3.535000000000000142e+01,1.207525405000000092e+03,-6.097966277983870143e+00,-1.094339109340000116e+00,2.287499509917422014e+00
3.539999999999999858e+01,1.294245182999999997e+03,-6.110686702983871399e+00,1.152633061596333386e+00,2.277422392659759875e+00
3.545000000000000284e+01,1.186695721900000080e+03,-6.101944131048386843e+00,1.998538431169999852e+00,2.256725679860093425e+00
3.550000000000000000e+01,1.133285831400000006e+03,-6.098927339354839106e+00,-1.098982291266666494e-01,2.230874857341759387e+00
3.555000000000000426e+01,1.098983378299999913e+03,-6.100708025161289960e+00,-2.302329087393333307e+00,2.210116261525882475e+00
3.560000000000000142e+01,1.080446554800000058e+03,-6.105483114919355359e+00,-6.091875787699999600e-01,2.198540574675442727e+00
3.564999999999999858e+01,1.142059789200000068e+03,-6.116405421370967765e+00,-2.087507119633333463e+00,2.196965155668735292e+00
3.570000000000000284e+01,9.887133740000000444e+02,-6.093237585241935150e+00,-1.654878420810000250e+00,2.206051804314950626e+00
3.575000000000000000e+01,1.260442966500000011e+03,-6.118743273387097226e+00,-2.609216418633333312e-01,2.217524428767700950e+00
3.580000000000000426e+01,1.263014572999999928e+03,-6.108697867580644925e+00,-5.267589337400000460e-01,2.234667743109536975e+00
3.585000000000000142e+01,1.135104966699999977e+03,-6.084608462419355490e+00,-1.458774570873333287e+00,2.253499962960866743e+00
3.589999999999999858e+01,1.264202100400000063e+03,-6.093026566612903316e+00,7.883037759333332284e-01,2.272548749493878084e+00
3.595000000000000284e+01,1.394668969600000082e+03,-6.104132174999999272e+00,1.107749918373333253e+00,2.286498873980031377e+00
3.600000000000000000e+01,1.169762259099999937e+03,-6.074301557983870836e+00,1.662591144200000093e+00,2.290783236530052225e+00
3.605000000000000426e+01,1.261141478900000038e+03,-6.090896136370967717e+00,2.059122647184999710e+00,2.279367635933814640e+00
3.610000000000000142e+01,1.097461575499999981e+03,-6.086441052499999671e+00,2.682884909566666809e-01,2.257123571214008972e+00
3.614999999999999858e+01,1.038959276999999929e+03,-6.095299931209677169e+00,-2.352788667306666692e+00,2.229907820120287987e+00
3.620000000000000284e+01,1.108048600600000100e+03,-6.107520021774194063e+00,-8.839838609666667013e-02,2.211624558427787601e+00
3.625000000000000000e+01,1.053297474299999976e+03,-6.098353659758064538e+00,-6.960820166666668030e-01,2.201389695659090595e+00
3.630000000000000426e+01,1.240979305300000078e+03,-6.115607738387097037e+00,-1.072702069633333366e+00,2.204531536915836032e+00
3.635000000000000142e+01,1.180335511900000029e+03,-6.101450748548387537e+00,-1.120125649730000061e+00,2.218474789229689215e+00
3.639999999999999858e+01,1.243469148200000063e+03,-6.103522352419354924e+00,1.756462996716666725e+00,2.240655682921157243e+00
3.645000000000000284e+01,1.200427290500000026e+03,-6.092984749435483849e+00,3.404338031633333816e-01,2.259636597524790957e+00
3.650000000000000000e+01,1.334624965700000075e+03,-6.110397447983871189e+00,-5.878808562999999765e-01,2.275042689417182018e+00
3.655000000000000426e+01,1.298713114800000085e+03,-6.113742913548386504e+00,1.930657363799999970e+00,2.285899342450258942e+00
3.660000000000000142e+01,1.197498226500000101e+03,-6.118270347419354493e+00,-5.204625520639999392e-01,2.283700183446064624e+00
3.664999999999999858e+01,1.114114593799999966e+03,-6.120281466129032566e+00,3.165888777570000090e-01,2.278703208527198321e+00
3.670000000000000284e+01,1.047566328899999917e+03,-6.114378327419355053e+00,1.099035261473333192e+00,2.267020203069347595e+00
3.675000000000000000e+01,1.193804993199999899e+03,-6.129178576209677765e+00,-5.088753980333333704e-01,2.251811180638350507e+00
3.680000000000000426e+01,1.158886272599999984e+03,-6.115858115645161242e+00,-9.749810775530000084e-01,2.236243693455637338e+00
3.685000000000000142e+01,1.151940830300000016e+03,-6.103851914596774897e+00,-1.562120502076666639e+00,2.223037322997329479e+00
3.689999999999999858e+01,1.123790655000000015e+03,-6.093889899758064388e+00,-4.920615575999998104e-02,2.216430319415698680e+00
3.695000000000000284e+01,1.087044324100000040e+03,-6.085195392661290725e+00,-2.143137600833333156e+00,2.211015415949272533e+00
3.700000000000000000e+01,1.205030527099999972e+03,-6.095359757903225706e+00,-5.247356712100000875e-01,2.213693930738534821e+00
3.705000000000000426e+01,1.213214250100000072e+03,-6.090826545403225545e+00,-5.975896985833334396e-01,2.221137853761586456e+00
3.710000000000000142e+01,1.326851784599999974e+03,-6.102697997419354259e+00,-1.489506222953333348e+00,2.237668064461103778e+00
3.714999999999999858e+01,1.267874069700000064e+03,-6.095139105645161592e+00,-1.663136499333333351e-01,2.262063757654180662e+00
3.720000000000000284e+01,1.263088087899999891e+03,-6.098964373629032210e+00,-1.186701461276666647e+00,2.285337287743502976e+00
3.725000000000000000e+01,1.285039647999999943e+03,-6.111937440080644990e+00,2.337467584966666789e-01,2.305134494556287272e+00
3.730000000000000426e+01,1.242875038099999983e+03,-6.120976859838710205e+00,1.214759806923333407e+00,2.314969061239478432e+00
3.735000000000000142e+01,1.207837073800000098e+03,-6.125937225967741817e+00,-6.404201199999996590e-03,2.316458277099596952e+00
3.739999999999999858e+01,1.085649271700000099e+03,-6.113700208951612147e+00,1.548268744266666497e+00,2.313700890982986369e+00
3.745000000000000284e+01,1.073986106900000095e+03,-6.110070722741935967e+00,1.990069776116666800e+00,2.299907841815660881e+00
3.750000000000000000e+01,1.012774872200000004e+03,-6.094343972016129207e+00,-3.018024256066667022e-01,2.279916210521744535e+00
3.755000000000000426e+01,1.111486399800000072e+03,-6.099174313790322266e+00,1.266339575333333300e+00,2.262510427775298982e+00
3.760000000000000142e+01,1.192899478799999997e+03,-6.105716122500000509e+00,-1.572576709199999812e+00,2.243907230894401472e+00
3.764999999999999858e+01,1.194447038300000031e+03,-6.102943041370967769e+00,-1.600232222500000079e+00,2.230814629821709527e+00
3.770000000000000284e+01,1.207222080499999947e+03,-6.101844715080644299e+00,4.452480393867999653e-01,2.223559926097765871e+00
3.775000000000000000e+01,1.191628346700000066e+03,-6.096762755564516745e+00,4.865791832243333004e-01,2.219055070837611332e+00
3.780000000000000426e+01,1.087875967100000025e+03,-6.082837381370968188e+00,1.509931433990000071e+00,2.219289253957741348e+00
3.785000000000000142e+01,1.228582717799999955e+03,-6.102268680564516323e+00,-7.265402186733332934e-01,2.215411823395949664e+00
3.789999999999999858e+01,1.288005002000000104e+03,-6.111507385564515893e+00,-2.586663245599999938e-01,2.211975127241664563e+00
3.795000000000000284e+01,1.080053140299999995e+03,-6.091986067016128992e+00,9.691664804333331995e-01,2.210661975485780140e+00
3.800000000000000000e+01,1.089765174800000068e+03,-6.101122041209676716e+00,-1.768064830899999995e+00,2.206555516613266210e+00
3.805000000000000426e+01,1.059681860899999947e+03,-6.102410524435483374e+00,2.556002613766666376e-01,2.208952278428980787e+00
3.810000000000000142e+01,1.039596946099999968e+03,-6.100299737741935679e+00,3.788339968443333317e-01,2.215562698369593964e+00
3.814999999999999858e+01,1.220363323199999968e+03,-6.115138911290323165e+00,3.147067084766667633e-01,2.221821291647198660e+00
3.820000000000000284e+01,1.247122200999999905e+03,-6.104158777177419282e+00,-1.078286503406666652e+00,2.228616316905304373e+00
3.825000000000000000e+01,1.365824954400000024e+03,-6.109658744274192976e+00,2.798986284566666427e+00,2.233210443133400780e+00
3.830000000000000426e+01,1.295317380599999979e+03,-6.100948632661290283e+00,-1.271708678096666656e+00,2.224105127446120989e+00
3.835000000000000142e+01,1.226250379999999950e+03,-6.095671497258064342e+00,-1.269588960089999885e+00,2.209623290167739285e+00
3.840000000000000568e+01,1.215590473799999927e+03,-6.099050586209677327e+00,3.909378765999999561e-01,2.198002387280568737e+00
3.845000000000000284e+01,1.146222038299999895e+03,-6.097030299274193155e+00,8.174647095333332780e-01,2.186053535457372021e+00
3.850000000000000000e+01,1.110241756299999906e+03,-6.111417939999999938e+00,1.894828307700000269e-01,2.178889111247087840e+00
3.855000000000000426e+01,9.867839389600000004e+02,-6.109995602419354910e+00,-9.836427992233333084e-01,2.176224837564924908e+00
3.860000000000000142e+01,1.155276654499999950e+03,-6.132987936854839006e+00,-5.739789542566665626e-01,2.180408279632003676e+00
3.865000000000000568e+01,9.752308301299999584e+02,-6.104370167419354232e+00,5.834629892776667104e-01,2.191586500846172125e+00
3.870000000000000284e+01,1.238385571799999980e+03,-6.126967664193548657e+00,-4.341789107480000243e-01,2.205281620507850704e+00
3.875000000000000000e+01,1.186377283799999987e+03,-6.110927468548386976e+00,-4.054364962466666111e-01,2.221760981655980682e+00
3.880000000000000426e+01,1.183860812500000065e+03,-6.104426317419354930e+00,1.335350959390000147e+00,2.239779646153883252e+00
3.885000000000000142e+01,1.254154423200000110e+03,-6.109079984596774260e+00,1.923190964659999835e+00,2.257787116297510277e+00
3.890000000000000568e+01,1.166261021699999901e+03,-6.098857630161290011e+00,-1.981393088066666808e+00,2.271864938258652877e+00
3.895000000000000284e+01,1.283672726100000091e+03,-6.118222076129032239e+00,1.001752797033333309e+00,2.287888564226882249e+00
3.900000000000000000e+01,1.195007391099999950e+03,-6.112789640725805995e+00,6.898953031666668068e-01,2.294089636033592949e+00
3.905000000000000426e+01,1.012094530899999995e+03,-6.097560316612903542e+00,4.646703924666666374e-01,2.286288670735736606e+00
3.910000000000000142e+01,1.175370232600000008e+03,-6.127348837661290126e+00,3.640262564299999171e-01,2.267282831486010064e+00
3.915000000000000568e+01,1.015702632399999970e+03,-6.120566212580645704e+00,3.780463296889999825e-01,2.243112103952435987e+00
3.920000000000000284e+01,1.009572296499999993e+03,-6.133898481612903630e+00,-1.835762684799999933e+00,2.221117561006769492e+00
3.925000000000000000e+01,9.424164788799999997e+02,-6.127447211693548113e+00,-8.946822318400000640e-01,2.207539662119580193e+00
3.930000000000000426e+01,9.765491924599999720e+02,-6.121622636532258355e+00,-1.676945755966666285e+00,2.203966383882032254e+00
3.935000000000000142e+01,1.107235820599999897e+03,-6.123602524596774010e+00,-1.277935585495999948e+00,2.214866370367293058e+00
3.940000000000000568e+01,1.227035391899999922e+03,-6.127544700645160880e+00,3.906000261666666695e-01,2.237727125817752682e+00
3.945000000000000284e+01,1.128211364000000003e+03,-6.106298760322580677e+00,-3.403954805666666306e-01,2.262534549389920713e+00
3.950000000000000000e+01,1.261244982400000026e+03,-6.116108693467741553e+00,1.297651964299999960e+00,2.284796389585000753e+00
3.955000000000000426e+01,1.308435788100000082e+03,-6.115389938951612869e+00,6.369041825666666989e-01,2.298670673234562312e+00
3.960000000000000142e+01,1.280186902899999950e+03,-6.110324234919354502e+00,6.895939293799999703e-01,2.300033747265751050e+00
3.965000000000000568e+01,1.002184673100000055e+03,-6.075935200241935341e+00,-2.740691420666667086e-02,2.294608920006508068e+00
3.970000000000000284e+01,1.249602513199999976e+03,-6.108745646693548359e+00,1.963241722833334035e-01,2.278557760474837046e+00
3.975000000000000000e+01,1.314336133300000029e+03,-6.122536352983870778e+00,-4.195270816316666873e-01,2.261023133507396032e+00
3.980000000000000426e+01,1.099481072600000061e+03,-6.105014529516129329e+00,-2.121781098866666604e-01,2.246842184362546568e+00
3.985000000000000142e+01,1.077251848899999914e+03,-6.110617060483870766e+00,-1.192605092136666656e+00,2.230425127722323708e+00
3.990000000000000568e+01,1.106565152500000067e+03,-6.117221791048387480e+00,5.439637450000016188e-03,2.217849447147671516e+00
3.995000000000000284e+01,1.205362952499999892e+03,-6.127261011854838735e+00,-1.300242277233333299e+00,2.210632478229562992e+00
4.000000000000000000e+01,1.170512758399999939e+03,-6.113353417499999942e+00,-1.284990101880000068e+00,2.209864489007115296e+00
4.005000000000000426e+01,1.209010661199999959e+03,-6.103942448709677393e+00,6.935922503733332745e-01,2.219707135580917701e+00
4.010000000000000142e+01,1.323429214000000002e+03,-6.108507006935484540e+00,3.466506670599999729e-01,2.236049270224631957e+00
4.015000000000000568e+01,1.153365501499999937e+03,-6.084218762096774036e+00,3.536334713166667143e+00,2.247752945713801687e+00
4.020000000000000284e+01,1.240931478499999912e+03,-6.096706633709677803e+00,7.464501693433334140e-01,2.245111367373104905e+00
4.025000000000000000e+01,1.201464220999999952e+03,-6.097144115725805946e+00,1.070764558836333480e+00,2.230346927389644573e+00
4.030000000000000426e+01,1.188721905099999958e+03,-6.102723920887096476e+00,9.959314707999999960e-02,2.208970342104071172e+00
4.035000000000000142e+01,1.076651182600000084e+03,-6.093996771290322911e+00,-1.628207487450000102e+00,2.188230963157865361e+00
4.040000000000000568e+01,1.127072589299999890e+03,-6.103306777177419207e+00,-4.373396232000000272e-01,2.173603706791062073e+00
4.045000000000000284e+01,1.127659557400000040e+03,-6.100973050645161599e+00,-1.327428439783333358e+00,2.165739185911776499e+00
4.050000000000000000e+01,1.223783264800000097e+03,-6.102136992822580375e+00,-1.447417376043333315e+00,2.170951082020826206e+00
4.055000000000000426e+01,1.216735959500000035e+03,-6.085421090483870366e+00,-6.385522115633334161e-01,2.181706001233437053e+00
4.060000000000000142e+01,1.297759463699999969e+03,-6.086453687661291134e+00,1.518151789400000062e+00,2.191576554167085522e+00
4.065000000000000568e+01,1.237485120600000073e+03,-6.075909959354839351e+00,9.518183850333333806e-01,2.196321933434635998e+00
4.070000000000000284e+01,1.263734045100000003e+03,-6.082022927741935980e+00,-8.645513321866666878e-01,2.198333410825618284e+00
4.075000000000000000e+01,1.257087759799999958e+03,-6.089702490887097142e+00,-4.233141746666667093e-01,2.200837277158822047e+00
4.080000000000000426e+01,1.283400869300000068e+03,-6.104235908467741112e+00,-1.942051634866666932e-01,2.203430548399076372e+00
4.085000000000000142e+01,1.187567902199999935e+03,-6.102689023387096512e+00,-9.923470652733333841e-01,2.204243867406411095e+00
4.090000000000000568e+01,1.183885642499999904e+03,-6.107385798145161360e+00,-9.847324235166666773e-01,2.203055491806177546e+00
4.095000000000000284e+01,1.211796670499999891e+03,-6.110485817016129140e+00,1.772187036533333371e-01,2.210405251225861623e+00
4.100000000000000000e+01,1.132900322199999891e+03,-6.097114548387096100e+00,-6.974038434900000638e-01,2.216514511003591537e+00
4.105000000000000426e+01,1.252234063500000047e+03,-6.109281442258064132e+00,-8.525479460000004103e-03,2.216436582287775625e+00
4.110000000000000142e+01,1.180094066800000064e+03,-6.096508218790322786e+00,6.977489686766666921e-01,2.218038099918477890e+00
4.115000000000000568e+01,1.127583460800000012e+03,-6.084273111451612870e+00,-5.883262890866666206e-01,2.220828145641508655e+00
4.120000000000000284e+01,1.317544166700000005e+03,-6.098461137661290721e+00,-4.800258578500000706e-01,2.228393154847337687e+00
4.125000000000000000e+01,1.199874793299999965e+03,-6.072904287903225118e+00,8.122905291633334413e-01,2.232077396800427493e+00
4.130000000000000426e+01,1.302908207599999969e+03,-6.076553665483870326e+00,1.383295555423333489e+00,2.233040584294140984e+00
4.135000000000000142e+01,1.322892227000000048e+03,-6.077074419435484209e+00,-8.264478713933334220e-01,2.224121860985588395e+00
4.140000000000000568e+01,1.286520635200000015e+03,-6.082780804838709976e+00,2.223172862533333571e+00,2.213931367190921318e+00
4.145000000000000284e+01,1.182210324099999980e+03,-6.092472141370967265e+00,-2.466116944549999968e+00,2.195684943820355173e+00
4.150000000000000000e+01,1.130116039199999932e+03,-6.095339141935483873e+00,-2.073823784740000065e+00,2.186530960889838227e+00
4.155000000000000426e+01,1.233479944599999953e+03,-6.109191351290322203e+00,-1.753783186833333341e+00,2.191567005445357985e+00
4.160000000000000142e+01,1.191355847999999924e+03,-6.100713135241935703e+00,-4.382349601266665728e-01,2.206961472108560418e+00
4.165000000000000568e+01,1.058168185300000005e+03,-6.079220743629032420e+00,-1.876810909206666489e+00,2.228036205121592950e+00
4.170000000000000284e+01,1.213489533799999890e+03,-6.093367525161290210e+00,-6.600436476000000330e-02,2.254309419927738478e+00
4.175000000000000000e+01,1.140155473399999892e+03,-6.078393334516129620e+00,6.695139032299999293e-01,2.274453718035216454e+00
4.180000000000000426e+01,1.279688882100000001e+03,-6.089199674516128979e+00,8.066927996699999603e-01,2.287350657328862003e+00
4.185000000000000142e+01,1.314598518900000045e+03,-6.084681183870968013e+00,4.150817200000000429e-01,2.281793079945905411e+00
4.190000000000000568e+01,1.366750304200000073e+03,-6.083241966612903617e+00,1.769659726709999825e+00,2.269371745157371834e+00
4.195000000000000284e+01,1.252830440100000033e+03,-6.071923014596773527e+00,2.775324067266666805e+00,2.247902052170159592e+00
4.200000000000000000e+01,1.336185655400000087e+03,-6.094255488709677593e+00,-1.060908853153333276e+00,2.206976942450408430e+00
4.205000000000000426e+01,1.200351935299999923e+03,-6.088967828306452112e+00,-2.047266832366666733e+00,2.165577303715315871e+00
4.210000000000000142e+01,1.214523253399999930e+03,-6.098216675725806724e+00,-1.814118776883333339e+00,2.139002812369959816e+00
4.215000000000000568e+01,1.185642419300000029e+03,-6.097313060645160654e+00,-2.434995710300000005e-01,2.131753456139522385e+00
4.220000000000000284e+01,1.088989204299999983e+03,-6.084963481209677560e+00,-7.974294235600000169e-01,2.137710336939339317e+00
4.225000000000000000e+01,1.046357032800000070e+03,-6.076480877983870599e+00,-3.902760969933332658e-01,2.155627779814399236e+00
4.230000000000000426e+01,9.601148293999999623e+02,-6.056788480806451602e+00,3.467411079166667354e-01,2.183730995814283204e+00
4.235000000000000142e+01,1.381158442200000081e+03,-6.088093418225806630e+00,2.173801414380000185e+00,2.215559257913870983e+00
4.240000000000000568e+01,1.380636343899999929e+03,-6.080613414758064827e+00,-9.713936072666662369e-02,2.238185620973596635e+00
4.245000000000000284e+01,1.429617898599999990e+03,-6.093267430887096658e+00,1.044412563120000081e+00,2.255566078154643161e+00
4.250000000000000000e+01,1.204075863699999900e+03,-6.075138990967741570e+00,2.095858008300000019e+00,2.260343125050473301e+00
4.255000000000000426e+01,1.194477897199999916e+03,-6.084531274999999795e+00,2.101486290666666201e-01,2.250096575293099921e+00
4.260000000000000142e+01,1.192426797600000100e+03,-6.094639987419355087e+00,1.382820817493333410e+00,2.234782081499173678e+00
4.265000000000000568e+01,1.101931833899999901e+03,-6.088985369919354795e+00,-1.185767850664666723e+00,2.214523649312151399e+00
4.270000000000000284e+01,1.094033122499999990e+03,-6.090612972580645490e+00,7.080077260999993911e-03,2.201371370381564940e+00
4.275000000000000000e+01,1.293353807700000061e+03,-6.113716927177419436e+00,-5.932225780563334938e-01,2.193151380226771252e+00
4.280000000000000426e+01,1.211762902899999972e+03,-6.099838546370967229e+00,-1.397246777609999713e+00,2.194235979759584954e+00
4.285000000000000142e+01,1.235094190000000026e+03,-6.094931434274193371e+00,1.202688394170000175e+00,2.198301343396974694e+00
4.290000000000000568e+01,1.187286964099999977e+03,-6.073220096693548342e+00,3.663911008633333188e-01,2.200089348269016920e+00
4.295000000000000284e+01,1.340997392799999943e+03,-6.075246690967741614e+00,-1.011220473899999917e+00,2.209037023444660353e+00
4.300000000000000000e+01,1.342200508299999910e+03,-6.071938245645161381e+00,9.509876874333335339e-02,2.221386058425435905e+00
4.305000000000000426e+01,1.346615116700000044e+03,-6.076853492903226517e+00,9.188540997799999888e-01,2.224954437331204016e+00
4.310000000000000142e+01,1.314090036499999997e+03,-6.081113733145161682e+00,-4.185483485000001114e-01,2.225493855929069564e+00
4.315000000000000568e+01,1.305188427799999999e+03,-6.088862071532258113e+00,-1.090857702626666592e+00,2.221364839694379700e+00
4.320000000000000284e+01,1.306206833899999992e+03,-6.100123251532258095e+00,-3.151874813666666886e-01,2.214587605620147226e+00
4.325000000000000000e+01,1.128330242100000078e+03,-6.084957058951612652e+00,-1.105496757576666766e+00,2.206606894247222339e+00
4.330000000000000426e+01,1.100773186599999917e+03,-6.084058440322580807e+00,-2.981405140886666527e-01,2.200865988895877479e+00
4.335000000000000142e+01,1.146200191500000074e+03,-6.090400069032257946e+00,-7.889287480266667929e-01,2.200708493954611544e+00
4.340000000000000568e+01,1.112987506200000098e+03,-6.087547562338709639e+00,-2.235299044196666696e+00,2.213135136949677673e+00
4.345000000000000284e+01,1.297184568500000069e+03,-6.111563941290322433e+00,1.881635323033333362e+00,2.233200246723126448e+00
4.350000000000000000e+01,1.238120624800000087e+03,-6.106143036854838613e+00,3.497934534000002316e-02,2.248487962461851009e+00
4.355000000000000426e+01,1.144580881699999964e+03,-6.101759583064516157e+00,-1.501296765300000613e-01,2.265075456367613427e+00
4.360000000000000142e+01,1.192862423999999919e+03,-6.117944508387096469e+00,-5.928957339666670462e-02,2.279849032850862933e+00
4.365000000000000568e+01,1.130056800300000077e+03,-6.118066461693548952e+00,-1.956059795499999476e-01,2.291085226932718211e+00
4.370000000000000284e+01,1.097842758499999945e+03,-6.116216403870967433e+00,9.926457004699998921e-01,2.299275191596872325e+00
4.375000000000000000e+01,9.872665063099999543e+02,-6.097146156612902601e+00,1.431439106476666723e+00,2.299592355025718238e+00
4.380000000000000426e+01,1.261732500399999935e+03,-6.119456611854839245e+00,1.317047844900000042e+00,2.287724735939087317e+00
4.385000000000000142e+01,1.218311828599999899e+03,-6.100767395322580278e+00,-1.408023776056666898e-01,2.268096854646048932e+00
4.390000000000000568e+01,1.282778984600000058e+03,-6.101776125645161031e+00,-6.174527503333330364e-02,2.239446994272473734e+00
4.395000000000000284e+01,1.213765536800000064e+03,-6.089884546451612479e+00,-1.329986680166666657e+00,2.202330658861032298e+00
4.400000000000000000e+01,1.248439746400000104e+03,-6.094110638064515584e+00,-1.988404647999999719e+00,2.173983411525373555e+00
4.405000000000000426e+01,1.118483356400000048e+03,-6.076600288145161066e+00,-1.105959829379999926e+00,2.160806086944910387e+00
4.410000000000000142e+01,1.139409508400000050e+03,-6.076375108790323054e+00,-2.615070826500000001e-01,2.161634466497100782e+00
4.415000000000000568e+01,1.155035968800000092e+03,-6.075991243467742109e+00,5.698712405900001610e-01,2.174404279667763173e+00
4.420000000000000284e+01,1.403914334900000085e+03,-6.105265603709677968e+00,-2.077515141333333426e-01,2.193815992884543764e+00
4.425000000000000000e+01,1.351264643499999920e+03,-6.099943907580644975e+00,-9.295718150666666402e-01,2.215955632173572720e+00
4.430000000000000426e+01,1.291980394400000023e+03,-6.100412922177419262e+00,9.667121724203333599e-01,2.241363119991333974e+00
4.435000000000000142e+01,1.234983387600000015e+03,-6.100689433709677090e+00,2.081854828999999893e-02,2.264393012510587333e+00
4.440000000000000568e+01,1.234189342899999929e+03,-6.107934495725806379e+00,1.188038614833333284e+00,2.281434726425876747e+00
4.445000000000000284e+01,1.182224679500000093e+03,-6.109452970725806509e+00,-4.734537086233334136e-01,2.292319896579611882e+00
4.450000000000000000e+01,1.134538402800000085e+03,-6.107223763225806401e+00,1.983124641333333438e+00,2.298127929571514905e+00
4.455000000000000426e+01,1.219219912300000033e+03,-6.117498136935484609e+00,-9.412716316233334934e-01,2.295704329646208741e+00
4.460000000000000142e+01,1.173124061299999994e+03,-6.109820649435484086e+00,1.487990328259999773e+00,2.292229728521617993e+00
4.465000000000000568e+01,1.143330737600000020e+03,-6.105411488548386778e+00,1.691741988643333583e+00,2.282340735226726203e+00
4.470000000000000284e+01,1.202160496400000056e+03,-6.109658884999999984e+00,-5.261018879633333478e-01,2.262937582197464881e+00
4.475000000000000000e+01,1.257976386199999979e+03,-6.104380930403226380e+00,5.991106076166666794e-01,2.240848637034569713e+00
4.480000000000000426e+01,1.216045365899999979e+03,-6.080579007741935271e+00,-2.253449485166666710e-01,2.221655650448282504e+00
4.485000000000000142e+01,1.277751247299999932e+03,-6.078195571854839052e+00,-9.944203627583000360e-01,2.206896010007822095e+00
4.490000000000000568e+01,1.278042636700000003e+03,-6.074442495403225450e+00,3.343032124019999496e-01,2.196529038150953017e+00
4.495000000000000284e+01,1.231034921899999972e+03,-6.072093175887096628e+00,2.589953534699999671e-01,2.185742118263938050e+00
4.500000000000000000e+01,1.199627782000000025e+03,-6.075141493709677931e+00,-3.807356089900000296e-01,2.173939689763665140e+00
4.505000000000000426e+01,1.265131270399999948e+03,-6.093325661129032511e+00,-1.151996940253333435e+00,2.167343951127186585e+00
4.510000000000000142e+01,1.126797624000000042e+03,-6.085016780403226022e+00,-1.523367564936666696e+00,2.170441683681958889e+00
4.515000000000000568e+01,1.161334145799999988e+03,-6.091060075806451479e+00,-3.436258836499999636e-01,2.182851190396058350e+00
4.520000000000000284e+01,1.109564744400000109e+03,-6.082711333225806705e+00,2.109656848433333121e+00,2.201420718280972189e+00
4.525000000000000000e+01,1.230321363699999893e+03,-6.095814560080644817e+00,3.711631215616666979e-01,2.218430011976125549e+00
4.530000000000000426e+01,1.171831747700000051e+03,-6.086745421129031719e+00,3.259621691466667026e-01,2.236293661578213410e+00
4.535000000000000142e+01,1.265826679000000013e+03,-6.098210992096774419e+00,2.497112669666667062e-01,2.253223375258364580e+00
4.540000000000000568e+01,1.149075445899999977e+03,-6.087141607661290088e+00,1.057553254843333290e+00,2.262973461259575547e+00
4.545000000000000284e+01,1.121758223399999906e+03,-6.094239369516128768e+00,1.573082813190000095e+00,2.264344457640348196e+00
4.550000000000000000e+01,1.042748791600000004e+03,-6.097891035161290496e+00,-1.358482753319999903e+00,2.264152908524857288e+00
4.555000000000000426e+01,1.186727621199999930e+03,-6.124571055725805735e+00,3.955172516753333034e-01,2.269050134088621107e+00
4.560000000000000142e+01,1.017272955600000046e+03,-6.105350688548386806e+00,-5.764069742000003244e-02,2.272974476712917635e+00
4.565000000000000568e+01,1.071126248900000064e+03,-6.109346475483871330e+00,-4.054963333533334047e-01,2.279569609975879096e+00
4.570000000000000284e+01,1.035008411999999907e+03,-6.094588246290323141e+00,1.166721764983333492e-01,2.290115689519468312e+00
4.575000000000000000e+01,1.241520096299999977e+03,-6.100425602419354831e+00,2.634224259113333133e+00,2.298944596162417309e+00
4.580000000000000426e+01,1.391621000699999968e+03,-6.111497120725806198e+00,2.847796502833332966e-01,2.297439553859734751e+00
4.585000000000000142e+01,1.276600969300000088e+03,-6.097848127661290363e+00,-1.158544184003333255e+00,2.289729651734557780e+00
4.590000000000000568e+01,1.236159803600000032e+03,-6.098284565645161415e+00,9.861848147210000581e-01,2.282776695813549139e+00
4.595000000000000284e+01,1.182984584099999893e+03,-6.098884670645161599e+00,-5.236894620233333297e-01,2.273197136326627010e+00
4.600000000000000000e+01,1.207930949499999997e+03,-6.108941104516128817e+00,-5.757970299666667069e-01,2.265852825810694693e+00
4.605000000000000426e+01,1.176211118400000032e+03,-6.108822631854838647e+00,-9.886892827266665629e-01,2.258847132422197923e+00
4.610000000000000142e+01,1.162731752899999947e+03,-6.106692085080645427e+00,1.507780639676666645e+00,2.251102392313798273e+00
4.615000000000000568e+01,1.235897340700000086e+03,-6.110026301048386621e+00,-2.017846224056666582e+00,2.242972803935022963e+00
4.620000000000000284e+01,1.230155685799999901e+03,-6.092271965967741565e+00,-1.176417998430000056e+00,2.243285411661430029e+00
4.625000000000000000e+01,1.343960235400000101e+03,-6.090360464435484289e+00,1.506714353793333183e+00,2.249977327542952210e+00
4.630000000000000426e+01,1.270351537999999891e+03,-6.076809067177419088e+00,-1.024727912284666642e+00,2.257277776204363207e+00
4.635000000000000142e+01,1.361670992900000101e+03,-6.094750438467741560e+00,-1.168148728643999990e+00,2.263049586603997021e+00
4.640000000000000568e+01,1.325968065999999908e+03,-6.103293553064515820e+00,1.053115526247333289e+00,2.263546770904101280e+00
4.645000000000000284e+01,1.078337665699999889e+03,-6.081276083951613565e+00,-3.176743841366667098e-01,2.254026239803128107e+00
4.650000000000000000e+01,1.239278408399999989e+03,-6.105919727016129173e+00,-7.419336535166666247e-01,2.246303504223098546e+00
4.655000000000000426e+01,1.134625753699999905e+03,-6.094993913387097173e+00,-1.430310421289999967e+00,2.241766083601441917e+00
4.660000000000000142e+01,1.141808797700000014e+03,-6.095210556290322046e+00,6.490236011966666885e-01,2.239108209395626048e+00
4.665000000000000568e+01,1.216886239100000012e+03,-6.099199022177419494e+00,-8.357292670333338336e-02,2.240008949454888931e+00
4.670000000000000284e+01,1.232138463199999933e+03,-6.094458503145160577e+00,1.019444189733333533e-01,2.247860463066858383e+00
4.675000000000000000e+01,1.284016984699999966e+03,-6.095384758790322266e+00,-1.635614056966666618e+00,2.259740511935660834e+00
4.680000000000000426e+01,1.314423193000000083e+03,-6.095536668225806309e+00,3.817535368100000159e-01,2.271775832338395418e+00
4.685000000000000142e+01,1.371530121000000008e+03,-6.101480589838709001e+00,1.632268931986666560e+00,2.281966653243871601e+00
4.690000000000000568e+01,1.099008981700000049e+03,-6.072686327500000480e+00,2.069644904186666690e+00,2.290498004592682157e+00
4.695000000000000284e+01,1.161166141500000094e+03,-6.091079897903226126e+00,1.552476585166666645e-01,2.286522406614346803e+00
4.700000000000000000e+01,1.111140209500000083e+03,-6.097563813306451586e+00,-3.101131595666666296e-01,2.275347624073534192e+00
4.705000000000000426e+01,1.096743949700000030e+03,-6.103317677338709224e+00,-1.878864318266666722e-01,2.263561589520255435e+00
4.710000000000000142e+01,1.127514441799999986e+03,-6.110902468709676683e+00,1.525480002429666859e+00,2.258774681735344458e+00
4.715000000000000568e+01,1.175819634400000041e+03,-6.116327273790322039e+00,-3.184099829999994385e-02,2.255886669552022550e+00
4.720000000000000284e+01,1.190149380199999996e+03,-6.110760372983870425e+00,7.669507450963334305e-01,2.254918675775079873e+00
4.725000000000000000e+01,1.211708815499999901e+03,-6.100321591370967411e+00,-9.556415696300000207e-01,2.250372134727942175e+00
4.730000000000000426e+01,1.241618954900000062e+03,-6.090026552741935717e+00,1.372892059259999797e+00,2.243037250040936126e+00
4.735000000000000142e+01,1.237360222999999905e+03,-6.084278496209678089e+00,-7.848171105666663927e-02,2.230113245443547054e+00
4.740000000000000568e+01,1.155997808900000109e+03,-6.071483391048387190e+00,-2.004747587033333556e+00,2.213803461861236332e+00
4.745000000000000284e+01,1.198223662399999967e+03,-6.076632540564515850e+00,1.781177733220000059e+00,2.200458643629662259e+00
4.750000000000000000e+01,1.217068143700000064e+03,-6.079488422338709341e+00,-1.138529120610000112e+00,2.188712483326994196e+00
4.755000000000000426e+01,1.279584481699999969e+03,-6.090889631451612551e+00,2.293557973799998650e-01,2.181879847091675817e+00
4.760000000000000142e+01,1.258662116799999922e+03,-6.095332441774193200e+00,1.297790270853333539e+00,2.174252080540733711e+00
4.765000000000000568e+01,1.174131303099999968e+03,-6.094443086451613034e+00,-1.742045715766666669e+00,2.170659082028971731e+00
4.770000000000000284e+01,1.116347592600000098e+03,-6.104184841129032257e+00,-1.494675173638666754e+00,2.183045911475371970e+00
4.775000000000000000e+01,1.098495204500000000e+03,-6.115570710483870798e+00,-6.294145539133334522e-01,2.207936247636416827e+00
4.780000000000000426e+01,1.045207945800000061e+03,-6.111149241370967822e+00,1.603827862609999988e-01,2.246412352051009531e+00
4.785000000000000142e+01,1.122586431799999900e+03,-6.116376520645161463e+00,-4.881967293666666929e-01,2.286142316350112225e+00
4.790000000000000568e+01,1.118516899700000067e+03,-6.108210649274193216e+00,2.109489156536666687e+00,2.320498569660182753e+00
4.795000000000000284e+01,1.090682079299999941e+03,-6.099732709919354789e+00,1.682871240446666583e+00,2.332828248966775320e+00
4.800000000000000000e+01,1.240401762199999894e+03,-6.116438239274193833e+00,2.109037856833333446e+00,2.318827024901390033e+00
4.805000000000000426e+01,1.083373489900000095e+03,-6.095480481290322494e+00,4.840868385840000343e-01,2.282240940795564832e+00
4.810000000000000142e+01,1.179527902699999913e+03,-6.102725741209677146e+00,1.959085496433332907e-01,2.238357297877830554e+00
4.815000000000000568e+01,1.259183555200000001e+03,-6.108762442096773881e+00,2.375390381499999926e-01,2.195941437467743729e+00
4.820000000000000284e+01,1.192229022299999997e+03,-6.095724970483870742e+00,1.875387538686666744e+00,2.154093331126561317e+00
4.825000000000000000e+01,1.187622799600000008e+03,-6.091235372580645624e+00,-2.196297726866666356e+00,2.119670117266077458e+00
4.830000000000000426e+01,1.065832287499999893e+03,-6.071059114274193647e+00,-3.065385099333333585e+00,2.103986105349251456e+00
4.835000000000000142e+01,1.167725086700000020e+03,-6.081248330564515747e+00,-3.125372736066666657e-01,2.106876017251912536e+00
4.840000000000000568e+01,1.244340660099999923e+03,-6.088296366774192947e+00,-1.049343673379999897e+00,2.122339592280323650e+00
4.845000000000000284e+01,1.217974593299999924e+03,-6.082194280080645221e+00,-3.062182366193333394e-01,2.148034741750871834e+00
4.850000000000000000e+01,1.313963489100000061e+03,-6.092721838709677762e+00,1.489785705730000132e-01,2.180717380762214663e+00
4.855000000000000426e+01,1.271969706300000098e+03,-6.089614136290322222e+00,1.749052202266666356e+00,2.217133889153910076e+00
4.860000000000000142e+01,1.203105176499999970e+03,-6.093076146854838449e+00,1.745992695333331568e-02,2.249939550537590094e+00
4.865000000000000568e+01,1.258685261000000082e+03,-6.119102170483871284e+00,1.269064015303333237e+00,2.281389689871385684e+00
4.870000000000000284e+01,1.150441425100000060e+03,-6.113748756935483364e+00,3.635612784000000208e-01,2.306514531410153168e+00
4.875000000000000000e+01,1.247353690700000016e+03,-6.127888046854838677e+00,1.079746020751386704e+00,2.319175284706960660e+00
4.880000000000000426e+01,1.106797422599999891e+03,-6.110819098145161554e+00,1.836887017390000265e+00,2.320399295323830824e+00
4.885000000000000142e+01,1.132701581300000043e+03,-6.113161374112903168e+00,-1.186095448066666336e-01,2.310529407423023152e+00
4.890000000000000568e+01,1.205803302799999983e+03,-6.119362113790322688e+00,6.379184704900000558e-01,2.298649445554209247e+00
4.895000000000000284e+01,1.147697072899999966e+03,-6.106280499838709908e+00,3.920801783133334162e-01,2.282126601154276457e+00
4.900000000000000000e+01,1.311737579899999901e+03,-6.117953019435483419e+00,6.397830951666666488e-01,2.255753965939931938e+00
4.905000000000000426e+01,1.236759682899999916e+03,-6.100841533145161755e+00,-2.011986896966666549e+00,2.225336424371686661e+00
4.910000000000000142e+01,1.246945062300000018e+03,-6.094538560241935521e+00,-1.629387192233333392e+00,2.204184971883467181e+00
4.915000000000000568e+01,1.390382855699999936e+03,-6.106245814999999411e+00,-1.422349877143333385e+00,2.192923468722502545e+00
4.920000000000000284e+01,1.167604522000000088e+03,-6.073264349435483211e+00,-3.914717145999999648e-01,2.191136054922549370e+00
4.925000000000000000e+01,1.250300301400000080e+03,-6.080299972096774752e+00,-1.588035536643333190e+00,2.193337111448217858e+00
4.930000000000000426e+01,1.233488118199999917e+03,-6.077527695322580747e+00,-1.157920065715333457e+00,2.201684948186447777e+00
4.935000000000000142e+01,1.318110420700000077e+03,-6.089936092419354630e+00,4.673885366999996904e-02,2.216897582737513694e+00
4.940000000000000568e+01,1.265686093799999981e+03,-6.097424231209677359e+00,-1.267990888356666623e+00,2.233184601020647975e+00
4.945000000000000284e+01,1.095537210100000038e+03,-6.093855905241935211e+00,4.625852966833333135e-01,2.248900687632854112e+00
4.950000000000000000e+01,1.168524438700000019e+03,-6.111166102177419290e+00,-1.075071077399999853e+00,2.262117258992342173e+00
4.955000000000000426e+01,1.096796095299999934e+03,-6.106582926854838611e+00,1.281981116456666570e+00,2.276312426116644971e+00
4.960000000000000142e+01,1.113579274599999962e+03,-6.109081909112903830e+00,1.888779901499999525e-01,2.281952570962156646e+00
4.965000000000000568e+01,1.224731855199999927e+03,-6.120347162338709346e+00,8.793070426966668185e-01,2.289546077634290189e+00
4.970000000000000284e+01,1.203667766300000039e+03,-6.116075846693548534e+00,-1.962042021599999797e-01,2.295476298826653494e+00
4.975000000000000000e+01,1.109405724299999974e+03,-6.101224861854838366e+00,2.291199380029999677e+00,2.299557364825211447e+00
4.980000000000000426e+01,1.363203330199999982e+03,-6.122717281451612870e+00,-1.750646778266665982e-01,2.290936942501264451e+00
4.985000000000000142e+01,1.240953716499999928e+03,-6.096753691370967232e+00,9.136802332766666979e-01,2.271673735776617242e+00
4.990000000000000568e+01,1.328810442799999919e+03,-6.101934883709676960e+00,-1.411004892910000308e+00,2.239348942069127713e+00
4.995000000000000284e+01,1.342981901800000060e+03,-6.103482859596773835e+00,3.513615790233333702e-01,2.212066908685476285e+00
5.000000000000000000e+01,1.246998114400000077e+03,-6.093802342258064719e+00,-8.408675568200000283e-01,2.188817259838671703e+00
