lag_ps,Li_A2,Zr_A2,Cl_A2,S_A2,O_A2
0.000000000000000000e+00,0.000000000000000000e+00,0.000000000000000000e+00,0.000000000000000000e+00,0.000000000000000000e+00,0.000000000000000000e+00
1.000000000000000056e-01,2.429169808544920650e-01,4.245100540834952779e-02,1.195551075510957184e-01,4.301696703005503108e-02,8.829639793592575225e-02
2.000000000000000111e-01,3.290180145242930787e-01,9.416709792866580220e-02,2.343424332547913991e-01,8.192598867117188710e-02,1.429053023704428271e-01
3.000000000000000444e-01,3.769310366467930606e-01,1.368870728628363564e-01,3.146674580660712706e-01,1.206653520040015110e-01,1.924727550305079526e-01
4.000000000000000222e-01,4.231870690466493223e-01,1.788278557143169745e-01,3.797293349449497590e-01,1.490360594389696647e-01,2.271773359902309608e-01
5.000000000000000000e-01,4.569600470287971672e-01,2.084657851827271813e-01,4.228532487573985477e-01,1.716471216564830482e-01,2.545848672480233166e-01
6.000000000000000888e-01,4.843361824409154748e-01,2.328597249491967391e-01,4.583649642321087070e-01,1.888760706078937424e-01,2.758713047675451779e-01
7.000000000000000666e-01,5.068642561027761895e-01,2.515973275975617041e-01,4.846028094177689538e-01,2.027176858541042959e-01,2.933076602116090892e-01
8.000000000000000444e-01,5.238740173283318313e-01,2.635997464577373717e-01,5.016589495544020449e-01,2.123962195289930410e-01,3.050705716271584489e-01
9.000000000000000222e-01,5.348847009054030766e-01,2.705982120716525774e-01,5.127862554165563136e-01,2.190472905383755720e-01,3.126762456825639136e-01
1.000000000000000000e+00,5.457640807127552840e-01,2.745728176105814433e-01,5.196065536572352928e-01,2.233492775178104739e-01,3.185789075028199191e-01
1.100000000000000089e+00,5.527738030549008696e-01,2.760077036977721665e-01,5.229640091058077589e-01,2.253870128595557298e-01,3.215406386334381250e-01
1.200000000000000178e+00,5.599377563061229690e-01,2.752053215141104792e-01,5.228178866824877424e-01,2.250516722202865749e-01,3.222095957532602473e-01
1.300000000000000044e+00,5.642907641175023414e-01,2.726925737111124404e-01,5.206103054797467378e-01,2.232242475518034508e-01,3.206533320360197004e-01
1.400000000000000133e+00,5.677113686654440272e-01,2.687118339951412582e-01,5.168490475746891910e-01,2.203563991359512031e-01,3.181921935880276386e-01
1.500000000000000000e+00,5.721333432304269717e-01,2.643292282098436696e-01,5.120094232712540938e-01,2.168454753023304760e-01,3.149723046786609970e-01
1.600000000000000089e+00,5.737014139565567161e-01,2.603912716722317500e-01,5.089467792599707829e-01,2.139511491986519909e-01,3.123763967367965133e-01
1.700000000000000178e+00,5.765437127204905421e-01,2.570748092836400711e-01,5.068070974056257949e-01,2.113806795228605762e-01,3.101456615418790030e-01
1.800000000000000044e+00,5.786322622045700914e-01,2.546415571231555597e-01,5.051024081904402774e-01,2.096855729164211757e-01,3.091174683220810349e-01
1.900000000000000133e+00,5.800418463894955190e-01,2.528700542143711982e-01,5.032972776414103011e-01,2.085068692937710466e-01,3.080784221708411930e-01
2.000000000000000000e+00,5.817688055573707606e-01,2.515732642610066794e-01,5.024562320195937737e-01,2.075219710499547066e-01,3.076055056224630269e-01
2.100000000000000089e+00,5.833188308768005870e-01,2.506350253090799396e-01,5.022689573183811707e-01,2.067163308010163403e-01,3.072712946177120208e-01
2.200000000000000178e+00,5.858810569749594022e-01,2.498660022816132087e-01,5.025833249333373498e-01,2.061904437848256499e-01,3.071556370863982588e-01
2.300000000000000266e+00,5.876373984481143564e-01,2.492004335558039851e-01,5.034399049592240827e-01,2.060823063574433733e-01,3.071278480715949888e-01
2.400000000000000355e+00,5.883747782964829920e-01,2.491011076464883511e-01,5.045443481931716212e-01,2.059537864590849920e-01,3.072157342811832614e-01
2.500000000000000000e+00,5.903746924363857396e-01,2.495535855733110597e-01,5.065001987122423888e-01,2.060459123846097307e-01,3.076922544319594666e-01
2.600000000000000089e+00,5.946440477720366102e-01,2.502623712313632454e-01,5.091823122743920349e-01,2.063566978125234708e-01,3.087786272505183005e-01
2.700000000000000178e+00,5.996876065156407920e-01,2.510482293506476337e-01,5.116496646920842828e-01,2.070824895033672730e-01,3.100214277813768682e-01
2.800000000000000266e+00,6.044164555171240849e-01,2.521148044185627657e-01,5.145041432203093512e-01,2.082441902031881287e-01,3.116891671175004430e-01
2.900000000000000355e+00,6.086512285817430312e-01,2.534193346910568745e-01,5.172250289809698920e-01,2.097285532481626136e-01,3.138052603485187997e-01
3.000000000000000000e+00,6.128658152187452801e-01,2.547603557936496954e-01,5.198504809025953355e-01,2.110210079562426788e-01,3.154973362540860471e-01
3.100000000000000089e+00,6.163689891559592793e-01,2.562598684562276685e-01,5.222801399663483668e-01,2.124446213845160858e-01,3.176449273665226114e-01
3.200000000000000178e+00,6.212192602145562015e-01,2.579541346129083923e-01,5.245943272282044267e-01,2.140286790251465510e-01,3.198047733554381655e-01
3.300000000000000266e+00,6.250107449829404027e-01,2.596105132509959890e-01,5.270442938416368683e-01,2.157145854922250250e-01,3.219144267887959487e-01
3.400000000000000355e+00,6.299220510817556962e-01,2.609949351366452897e-01,5.294148921166930144e-01,2.177984456156378534e-01,3.245758820112830678e-01
3.500000000000000000e+00,6.347514805484000266e-01,2.621955115993678809e-01,5.320431741432724015e-01,2.193931801445305196e-01,3.264622309936771050e-01
3.600000000000000089e+00,6.396825785070432424e-01,2.630566087402538278e-01,5.346096213817292941e-01,2.209031060466248308e-01,3.282818735413820521e-01
3.700000000000000178e+00,6.439394567592210405e-01,2.640721284663996027e-01,5.369814579459017967e-01,2.216033786676778750e-01,3.294538835496429452e-01
3.800000000000000266e+00,6.484328453221093191e-01,2.651564692469385864e-01,5.391202300345455667e-01,2.224324203630956287e-01,3.306600573997253711e-01
3.900000000000000355e+00,6.506163716981097078e-01,2.658702193819718063e-01,5.405314119804933704e-01,2.232245291704683665e-01,3.319757660530490706e-01
4.000000000000000000e+00,6.524550675801916721e-01,2.665036001496345897e-01,5.414865964369669493e-01,2.239721874789102063e-01,3.333690762735094237e-01
4.100000000000000533e+00,6.562013353615974154e-01,2.671005651329316222e-01,5.426632475305501746e-01,2.247592287843334646e-01,3.343321128454873059e-01
4.200000000000000178e+00,6.596399842220965759e-01,2.677014730244209884e-01,5.444421110491969307e-01,2.252238277621322615e-01,3.348590806834291222e-01
4.299999999999999822e+00,6.616537748209637693e-01,2.681418952686175361e-01,5.459523781539816767e-01,2.253658795537042958e-01,3.347847055973467989e-01
4.400000000000000355e+00,6.649509579515600066e-01,2.684445978970255720e-01,5.470533100652863467e-01,2.254166408922761156e-01,3.347015608053152125e-01
4.500000000000000000e+00,6.676396228289480650e-01,2.686745810754663233e-01,5.481590847398614130e-01,2.252475381385599662e-01,3.346961367511973040e-01
4.600000000000000533e+00,6.688455011055677302e-01,2.688903470905084636e-01,5.494835450396237109e-01,2.252624198386315724e-01,3.351665515726756639e-01
4.700000000000000178e+00,6.716150884342712013e-01,2.693967861518700713e-01,5.506210385631153947e-01,2.262512196379755092e-01,3.364703910242352047e-01
4.800000000000000711e+00,6.758978862666407128e-01,2.708087658313618196e-01,5.527822515632813127e-01,2.274887118139300723e-01,3.382066607086761656e-01
4.900000000000000355e+00,6.798187249547016364e-01,2.726745795732803401e-01,5.555681689692617553e-01,2.295505742856029929e-01,3.404826386747800693e-01
5.000000000000000000e+00,6.844721448875150660e-01,2.744323042835898341e-01,5.588011690757813676e-01,2.312986683274231292e-01,3.431018659713308550e-01
5.100000000000000533e+00,6.894212390813543312e-01,2.759991932324478703e-01,5.624001405501070083e-01,2.332574954617947227e-01,3.459058635800954518e-01
5.200000000000000178e+00,6.955616617152712289e-01,2.772618051157994534e-01,5.653011856105952804e-01,2.346398150650393366e-01,3.479706219148336888e-01
5.300000000000000711e+00,6.997432757154858907e-01,2.782010169029770497e-01,5.665744888722961115e-01,2.359777099112266852e-01,3.498663696869589446e-01
5.400000000000000355e+00,7.038277182122384401e-01,2.787839805699419693e-01,5.673949194815787189e-01,2.368483930073830013e-01,3.514336845382736718e-01
5.500000000000000000e+00,7.042503128643230470e-01,2.790682118942146017e-01,5.681198246822188880e-01,2.373599208328373844e-01,3.522554275863113427e-01
5.600000000000000533e+00,7.066617967006068035e-01,2.790144589447952628e-01,5.687691296801890006e-01,2.375903415245853023e-01,3.527938537780536676e-01
5.700000000000000178e+00,7.092327111669457507e-01,2.790432571375722204e-01,5.704223659390802448e-01,2.378602166871468249e-01,3.531749304231139863e-01
5.800000000000000711e+00,7.121300679347455365e-01,2.795482722353141436e-01,5.731265572029946576e-01,2.383932243290595998e-01,3.541091799931050943e-01
5.900000000000000355e+00,7.162442062424217992e-01,2.799174300473714627e-01,5.749910509434386086e-01,2.384783894345019195e-01,3.544302687574024113e-01
6.000000000000000000e+00,7.194001002186202198e-01,2.801413776185454063e-01,5.763742501523136941e-01,2.386548491972419750e-01,3.549140899184408116e-01
6.100000000000000533e+00,7.219791286152204002e-01,2.804026618425308759e-01,5.777159703085136266e-01,2.386839722422691434e-01,3.552980131867114477e-01
6.200000000000000178e+00,7.236080907126389850e-01,2.803910137553041193e-01,5.790260371126357830e-01,2.386135952358621748e-01,3.558961937416949550e-01
6.300000000000000711e+00,7.270836331253164309e-01,2.801958766727231653e-01,5.801607347630161060e-01,2.385247062610723612e-01,3.563174557337295267e-01
6.400000000000000355e+00,7.298990864387452371e-01,2.799756877597241456e-01,5.809571517761387138e-01,2.384120973631476958e-01,3.566750092617085865e-01
6.500000000000000000e+00,7.316602503902470689e-01,2.800616917292529373e-01,5.816640929041211328e-01,2.381982289308634260e-01,3.568738173022842908e-01
6.600000000000000533e+00,7.349047587413620741e-01,2.801814882489158109e-01,5.823605109625692444e-01,2.380735015865889648e-01,3.570818527697937061e-01
6.700000000000000178e+00,7.368059974065364059e-01,2.807089981676924584e-01,5.836119022630353870e-01,2.388818596959851881e-01,3.584038000258353840e-01
6.800000000000000711e+00,7.392202323980201495e-01,2.816204395728434950e-01,5.857593474460710548e-01,2.401061732233046031e-01,3.597258711166313461e-01
6.900000000000000355e+00,7.411226635529361007e-01,2.829572010732052112e-01,5.879482316177654377e-01,2.417751469701752975e-01,3.620013810708801461e-01
7.000000000000000000e+00,7.445709633234743885e-01,2.844161383153810396e-01,5.902493539587985172e-01,2.431849002825897665e-01,3.636906789231984516e-01
7.100000000000000533e+00,7.485526352028535335e-01,2.854672571889254051e-01,5.927256591073428726e-01,2.447206056207290870e-01,3.653593322069546012e-01
7.200000000000000178e+00,7.534449824490702108e-01,2.864247237270441948e-01,5.946850346179288760e-01,2.455366704237601505e-01,3.664625369003137179e-01
7.300000000000000711e+00,7.585400963214136150e-01,2.877210026749982830e-01,5.973943801955735600e-01,2.466312637922601358e-01,3.681268513968287137e-01
7.400000000000000355e+00,7.633157862009998240e-01,2.890231855126159655e-01,6.005058631156990900e-01,2.477047630444648707e-01,3.695246234775942384e-01
7.500000000000000000e+00,7.688742825924076429e-01,2.902168058004231388e-01,6.038847797365737291e-01,2.485959090843350150e-01,3.709093735304849204e-01
7.600000000000000533e+00,7.708172499181694670e-01,2.909993014099505060e-01,6.057901275279069520e-01,2.493879324121597019e-01,3.720950873909311674e-01
7.700000000000000178e+00,7.729292312454165703e-01,2.912385073568690141e-01,6.069306208414775305e-01,2.497658456842242469e-01,3.727655191150838210e-01
7.800000000000000711e+00,7.740944303178530772e-01,2.915604634990045518e-01,6.087949347868466532e-01,2.503649870062080174e-01,3.738115819429863040e-01
7.900000000000000355e+00,7.767619872171852569e-01,2.923169830385877743e-01,6.107569956327220106e-01,2.509665443800114804e-01,3.752627891952605710e-01
8.000000000000000000e+00,7.795296467571480870e-01,2.929058861585863149e-01,6.126257459023636276e-01,2.516062976596913914e-01,3.759491005543301179e-01
8.099999999999999645e+00,7.802683058249366699e-01,2.929416389647510610e-01,6.135782735580795899e-01,2.516989365442174886e-01,3.764654358731472361e-01
8.200000000000001066e+00,7.809925360325905563e-01,2.925791764290086583e-01,6.140343589516200629e-01,2.513985888781446465e-01,3.765502299535172792e-01
8.300000000000000711e+00,7.827742030421669384e-01,2.923935676488698121e-01,6.140570903230956334e-01,2.510993463020873562e-01,3.764807294290767326e-01
8.400000000000000355e+00,7.847655914140353461e-01,2.923827715375545977e-01,6.138350884766249349e-01,2.509897073140126000e-01,3.766103939113326637e-01
8.500000000000000000e+00,7.854071384946517131e-01,2.925601640388308389e-01,6.134025431902659919e-01,2.513382821641603759e-01,3.765221439992917363e-01
8.599999999999999645e+00,7.854812985191698127e-01,2.932551617875793770e-01,6.136064321690714030e-01,2.517192452384627854e-01,3.774219981337116891e-01
8.700000000000001066e+00,7.879088880830258379e-01,2.939645540237032506e-01,6.148727029448111114e-01,2.524394700917139689e-01,3.782259651277601331e-01
8.800000000000000711e+00,7.883418131158460573e-01,2.947832756531981735e-01,6.165123968912470387e-01,2.531925407104527181e-01,3.794759620827278246e-01
8.900000000000000355e+00,7.904613531691104811e-01,2.955071979689546380e-01,6.182718351176867966e-01,2.539108894133482730e-01,3.801894022400670314e-01
9.000000000000000000e+00,7.927642018527792933e-01,2.963680306966958167e-01,6.205278863055335714e-01,2.547148428771767170e-01,3.812776705880347450e-01
9.099999999999999645e+00,7.951974312979164239e-01,2.974009754587273457e-01,6.234104745943332970e-01,2.559930422231698199e-01,3.826660180254098376e-01
9.200000000000001066e+00,7.982073833629167448e-01,2.983682498351113432e-01,6.263861860595191233e-01,2.570851838009378665e-01,3.842248918271571334e-01
9.300000000000000711e+00,8.017973645809818306e-01,2.989262187938189763e-01,6.285813215679278976e-01,2.582124293902084977e-01,3.850933444896766922e-01
9.400000000000000355e+00,8.025295716233619148e-01,2.994499996792673313e-01,6.299627923985900990e-01,2.594688860480774406e-01,3.865324832905994712e-01
9.500000000000000000e+00,8.050695332684364436e-01,3.000759236892794335e-01,6.312766397307467692e-01,2.605952894841761514e-01,3.878227717261997221e-01
9.600000000000001421e+00,8.081310383499293870e-01,3.006440206157806605e-01,6.326121663173159826e-01,2.615687633982643479e-01,3.889811817040842445e-01
9.700000000000001066e+00,8.108501170677757663e-01,3.010257767760658454e-01,6.334916654689011217e-01,2.621429572394878837e-01,3.902677729099292003e-01
9.800000000000000711e+00,8.125662881867430354e-01,3.014107646684487940e-01,6.348908694813080178e-01,2.622597353173957146e-01,3.907355438524481306e-01
9.900000000000000355e+00,8.154504924641294838e-01,3.015664299829156070e-01,6.362447320849262677e-01,2.626493736628044973e-01,3.915963733550788528e-01
1.000000000000000000e+01,8.184743712916221492e-01,3.016190852481147600e-01,6.371875092821827069e-01,2.626951437990910354e-01,3.916924447923605945e-01
1.010000000000000142e+01,8.202548936108065014e-01,3.019961952757857504e-01,6.382280484065264714e-01,2.630992760808982811e-01,3.919156824265531691e-01
1.020000000000000107e+01,8.208506352852554810e-01,3.022251818980719595e-01,6.388670290130742391e-01,2.629992647004686934e-01,3.924073022541630928e-01
1.030000000000000071e+01,8.203056442546668992e-01,3.022659578922558543e-01,6.394886653414102451e-01,2.627381101733644586e-01,3.926057591990765316e-01
1.040000000000000036e+01,8.216982781697671490e-01,3.021653340830166568e-01,6.402553827541126452e-01,2.627148915086052750e-01,3.923183215563506576e-01
1.050000000000000000e+01,8.233663686816804494e-01,3.023231633500313986e-01,6.410706384518494172e-01,2.629920987607535232e-01,3.925608156663264459e-01
1.060000000000000142e+01,8.262585999217743060e-01,3.030666349321218811e-01,6.423497874934078755e-01,2.633926954255812469e-01,3.932787492954125663e-01
1.070000000000000107e+01,8.286475007172272589e-01,3.036159592483607117e-01,6.430214365355960693e-01,2.637662748751192776e-01,3.936873058106280521e-01
1.080000000000000071e+01,8.316572776470583239e-01,3.039642491789826817e-01,6.437717299660754566e-01,2.641268340491364497e-01,3.943239525605414797e-01
1.090000000000000036e+01,8.323966904571179493e-01,3.035472317562151190e-01,6.433149981607447776e-01,2.640971071150666205e-01,3.944657320993094074e-01
1.100000000000000000e+01,8.342638921854828027e-01,3.028182753712410080e-01,6.422333183482210606e-01,2.641954170388131629e-01,3.947739943394196760e-01
1.110000000000000142e+01,8.358727766171638596e-01,3.023614205647996989e-01,6.416768177134821727e-01,2.642541808106549928e-01,3.950751360127976453e-01
1.120000000000000107e+01,8.377192075255006642e-01,3.017135608789673906e-01,6.407926871987076334e-01,2.643418268592663822e-01,3.953178694295063633e-01
1.130000000000000071e+01,8.394668983737706425e-01,3.014109259378353611e-01,6.406557261361730538e-01,2.646387666397803096e-01,3.955446553807623888e-01
1.140000000000000036e+01,8.418530201491131182e-01,3.012937407518739841e-01,6.412170131631226289e-01,2.648010170276818287e-01,3.963130958463801368e-01
1.150000000000000000e+01,8.432636892750888791e-01,3.013255452150849778e-01,6.419961874195123652e-01,2.652690336133369242e-01,3.971973872416502682e-01
1.160000000000000142e+01,8.454049250205092347e-01,3.017302142810494026e-01,6.434476399059610996e-01,2.656331447587758632e-01,3.980465603160882049e-01
1.170000000000000107e+01,8.466575507413930390e-01,3.023059646234039777e-01,6.453691318199017424e-01,2.661287081675004496e-01,3.991336293051819251e-01
1.180000000000000071e+01,8.507196187239935981e-01,3.036026878159453490e-01,6.485031359920830907e-01,2.668792429820404655e-01,4.003824185415155168e-01
1.190000000000000036e+01,8.540510148475071173e-01,3.051901937725641223e-01,6.515465700238994851e-01,2.679603638535655863e-01,4.019053540320837170e-01
1.200000000000000000e+01,8.566839198085113294e-01,3.065826503468228048e-01,6.542123609287147090e-01,2.690424175209816804e-01,4.035266397752750311e-01
1.210000000000000142e+01,8.592803468151727353e-01,3.076566416921344138e-01,6.563127076420341988e-01,2.697544947625291623e-01,4.048358208919560219e-01
1.220000000000000107e+01,8.627982793480423185e-01,3.085541760824747071e-01,6.584207421239092195e-01,2.706021026424893505e-01,4.058719433825816458e-01
1.230000000000000071e+01,8.638350405703510981e-01,3.090981901710432855e-01,6.600070056214781822e-01,2.712521164897593873e-01,4.070596866693054761e-01
1.240000000000000036e+01,8.667556136244167764e-01,3.091680616545798288e-01,6.606717296279208673e-01,2.712296115995078138e-01,4.073073628072533814e-01
1.250000000000000000e+01,8.679494092786552706e-01,3.089840387403304800e-01,6.604608926977160177e-01,2.710803829033512358e-01,4.069833751277589506e-01
1.260000000000000142e+01,8.689910005426291217e-01,3.086013004085823574e-01,6.603198145777394723e-01,2.711583356052017502e-01,4.070138849664564074e-01
1.270000000000000107e+01,8.704053367486275228e-01,3.083581459600772678e-01,6.607816616859392145e-01,2.717131111889005135e-01,4.077634073693012229e-01
1.280000000000000071e+01,8.722212181079177507e-01,3.081540038694273176e-01,6.617255572060205537e-01,2.722750381852951373e-01,4.083380865068153009e-01
1.290000000000000036e+01,8.743676271541426237e-01,3.081391682064885118e-01,6.626030879692551556e-01,2.728548428694105299e-01,4.089823222198744612e-01
1.300000000000000000e+01,8.773484964791284924e-01,3.087245090596602015e-01,6.644201490652411612e-01,2.736058845831382813e-01,4.098625181872053158e-01
1.310000000000000142e+01,8.787100404882708382e-01,3.096252742846938300e-01,6.667373296899633539e-01,2.747900600742489430e-01,4.112474938446064598e-01
1.320000000000000107e+01,8.815526331014469363e-01,3.104473286508800389e-01,6.687355138650240560e-01,2.756225433153813298e-01,4.123191642288743242e-01
1.330000000000000071e+01,8.843767376136884018e-01,3.111743713435005110e-01,6.700596020206226466e-01,2.764744889591095323e-01,4.131482997273430158e-01
1.340000000000000036e+01,8.870442663652524651e-01,3.116669917236805643e-01,6.707847583835879757e-01,2.769176434431601108e-01,4.133215002428112239e-01
1.350000000000000000e+01,8.874588373745636583e-01,3.123718130663498682e-01,6.724008804465472222e-01,2.775804638716274919e-01,4.140193865587757927e-01
1.360000000000000142e+01,8.900524310323512100e-01,3.134353583654289621e-01,6.745208433649577673e-01,2.781826510526168028e-01,4.145424824547689902e-01
1.370000000000000107e+01,8.920650482963436989e-01,3.141645652328210470e-01,6.765676240305302791e-01,2.789635841788015713e-01,4.158734252873105830e-01
1.380000000000000071e+01,8.930172404610253745e-01,3.145300939546527008e-01,6.777940885870245014e-01,2.794487843926244941e-01,4.166297515206899282e-01
1.390000000000000036e+01,8.951276715546483409e-01,3.148538378630944545e-01,6.787010087870692931e-01,2.795331737146390938e-01,4.170382117199383232e-01
1.400000000000000000e+01,8.975324033070131158e-01,3.147830553976628254e-01,6.793921565117615469e-01,2.795453763459786467e-01,4.174473862063760587e-01
1.410000000000000142e+01,8.984770596335578396e-01,3.148675164211824362e-01,6.800223061121318802e-01,2.800681764911059357e-01,4.182448569038627051e-01
1.420000000000000107e+01,8.997789377637244179e-01,3.153580437440784978e-01,6.807642145594116068e-01,2.809698347177603805e-01,4.191941646708025604e-01
1.430000000000000071e+01,9.022292646140718242e-01,3.159680781434874297e-01,6.818533476411232641e-01,2.816335625981972735e-01,4.198932119302782318e-01
1.440000000000000036e+01,9.046677941768755948e-01,3.165398535673095148e-01,6.834831682670586828e-01,2.823292050971519251e-01,4.210507347794617550e-01
1.450000000000000000e+01,9.079070579804292551e-01,3.171882648869438492e-01,6.852447104243989395e-01,2.830414614846736288e-01,4.221512850120848204e-01
1.460000000000000142e+01,9.092848911619830776e-01,3.179794322328341472e-01,6.872583195378892951e-01,2.836823958872969897e-01,4.229725656973670755e-01
1.470000000000000107e+01,9.094757939044502137e-01,3.188373842422674298e-01,6.887174737144757808e-01,2.842194296709156243e-01,4.239887994755622280e-01
1.480000000000000071e+01,9.115334766579519243e-01,3.200130577830772038e-01,6.907980729260471131e-01,2.849528721420839794e-01,4.253818704735981004e-01
1.490000000000000036e+01,9.153611389404350263e-01,3.209031665176332870e-01,6.925464868563410148e-01,2.857041083491838607e-01,4.263625803364506917e-01
1.500000000000000000e+01,9.187686720348527958e-01,3.217886529298449316e-01,6.946932131024017298e-01,2.866071085047757760e-01,4.280046748175608817e-01
1.510000000000000142e+01,9.207723834816390340e-01,3.223952201352291991e-01,6.963684615719725191e-01,2.873074421428366554e-01,4.291080222657223109e-01
1.520000000000000107e+01,9.225607726758119354e-01,3.223802556217343906e-01,6.962926949064872639e-01,2.876399732305664481e-01,4.292561255511062046e-01
1.530000000000000071e+01,9.249919256552521230e-01,3.217643368562935757e-01,6.957318764072095707e-01,2.880980876478674291e-01,4.296603465057216020e-01
1.540000000000000036e+01,9.265424992782902436e-01,3.209900377137463456e-01,6.949482274273156568e-01,2.881445057159354173e-01,4.292721133654727184e-01
1.550000000000000000e+01,9.269454710129637620e-01,3.200393863853993603e-01,6.944914823763731482e-01,2.877176838608655474e-01,4.283920954280707738e-01
1.560000000000000142e+01,9.266730190528728039e-01,3.188583566249790779e-01,6.935695097838602274e-01,2.869667232051874017e-01,4.270839609852421503e-01
1.570000000000000107e+01,9.265718444227758477e-01,3.177403340161544798e-01,6.924469241433452993e-01,2.861373753178078627e-01,4.262777095707016017e-01
1.580000000000000071e+01,9.273027185024579344e-01,3.168286730469984103e-01,6.914291103157041984e-01,2.852886110297932487e-01,4.254355800213295846e-01
1.590000000000000036e+01,9.278798055200760952e-01,3.160512806582607692e-01,6.913437376854887351e-01,2.846080479204832758e-01,4.249762828780392909e-01
1.600000000000000000e+01,9.281557736054122376e-01,3.155316641544916312e-01,6.920076287959276984e-01,2.841787195768302743e-01,4.249750689990358099e-01
1.610000000000000142e+01,9.303743717874125574e-01,3.153520178872021296e-01,6.934457549894820216e-01,2.834348251554111298e-01,4.246616468277402134e-01
1.619999999999999929e+01,9.314731102244494521e-01,3.149861972241032038e-01,6.949125983935156015e-01,2.830260786622065816e-01,4.246513560414896804e-01
1.630000000000000071e+01,9.324627248394891099e-01,3.147752197734980939e-01,6.969325151563151577e-01,2.826619814938193809e-01,4.245375025111794987e-01
1.640000000000000213e+01,9.331478894426274984e-01,3.146918313209347562e-01,6.980290717298709424e-01,2.825690473085572529e-01,4.243498851836279839e-01
1.650000000000000000e+01,9.327466851992015640e-01,3.148250278945464165e-01,6.990671403488296631e-01,2.827048597996781321e-01,4.242408807310223406e-01
1.660000000000000142e+01,9.362722350703274188e-01,3.159412080130569178e-01,7.013695676604694285e-01,2.835384901953871273e-01,4.255820148253678381e-01
1.669999999999999929e+01,9.384947465376366482e-01,3.172245823906537088e-01,7.036039883064898470e-01,2.844551494719498863e-01,4.273166339952863546e-01
1.680000000000000071e+01,9.398058993065867561e-01,3.184319090793392149e-01,7.053578008037231228e-01,2.857373464592229406e-01,4.292986393260150302e-01
1.690000000000000213e+01,9.411320878918538746e-01,3.197505695986179175e-01,7.073639807072064078e-01,2.865828460891794993e-01,4.304980488754209245e-01
1.700000000000000000e+01,9.441911185570406317e-01,3.212789087795249743e-01,7.092083875441064222e-01,2.876087605871103237e-01,4.322992530767615360e-01
1.710000000000000142e+01,9.474611509884423022e-01,3.225537955161457138e-01,7.107776061710726623e-01,2.888500857020198098e-01,4.333254653115034549e-01
1.719999999999999929e+01,9.494741825421256776e-01,3.236454660429535224e-01,7.124250032182753989e-01,2.898970933315365150e-01,4.348477688983236056e-01
1.730000000000000071e+01,9.514436181162891915e-01,3.244325387515135106e-01,7.140989298477886660e-01,2.909546260415494801e-01,4.359703223089916313e-01
1.740000000000000213e+01,9.510955327761446698e-01,3.249799184992621104e-01,7.151875857602471021e-01,2.920650244799650186e-01,4.375440245372794745e-01
1.750000000000000000e+01,9.528108353989556134e-01,3.252167508787053296e-01,7.169020445993385948e-01,2.927568841980727754e-01,4.387890953926010806e-01
1.760000000000000142e+01,9.549217823555813389e-01,3.253480407205498470e-01,7.184076491644266760e-01,2.935315181987495636e-01,4.401235164544290424e-01
1.769999999999999929e+01,9.547050805754436764e-01,3.254907611652861910e-01,7.195308914555877955e-01,2.936514315584719537e-01,4.402950488418742592e-01
1.780000000000000071e+01,9.564859182860163678e-01,3.256737523686325519e-01,7.202424127208095772e-01,2.941046971549204914e-01,4.411024653751655644e-01
1.790000000000000213e+01,9.572628477850999573e-01,3.259838117316776196e-01,7.207990749146060416e-01,2.948154348095659572e-01,4.420583258507179703e-01
1.800000000000000000e+01,9.594060962944012116e-01,3.262384477495826607e-01,7.209239624535753732e-01,2.951938870931326564e-01,4.428177403555818015e-01
1.810000000000000142e+01,9.612496287232387138e-01,3.263710655668751737e-01,7.208912066260871887e-01,2.955899956749919455e-01,4.433248601420775037e-01
1.819999999999999929e+01,9.623045102917492377e-01,3.264445309550910168e-01,7.207372359436133857e-01,2.953561578722794789e-01,4.434675456341034550e-01
1.830000000000000071e+01,9.636283377351083645e-01,3.265276743578475194e-01,7.202442723123447799e-01,2.954173344697338943e-01,4.436390834197762034e-01
1.840000000000000213e+01,9.642426881550067996e-01,3.265849397895796979e-01,7.202354636825333278e-01,2.956128733882098514e-01,4.435617828939703577e-01
1.850000000000000000e+01,9.646315059130382563e-01,3.266257118745342081e-01,7.209679209552546375e-01,2.957553905845582420e-01,4.444146721013497170e-01
1.860000000000000142e+01,9.664999682194513886e-01,3.266559993338934431e-01,7.222548887090006753e-01,2.955334816544650245e-01,4.441685317056352500e-01
1.869999999999999929e+01,9.688431555326320055e-01,3.266009452483841780e-01,7.232018474354895421e-01,2.952818126387655173e-01,4.438859530368290396e-01
1.880000000000000071e+01,9.705156364251510404e-01,3.266197294677449792e-01,7.242664660729533077e-01,2.954707786083929921e-01,4.442871850117012245e-01
1.890000000000000213e+01,9.721994877509074762e-01,3.272527816312335025e-01,7.263782876051069204e-01,2.957993507872618832e-01,4.449279739230184161e-01
1.900000000000000000e+01,9.747619006822654253e-01,3.283217514587284946e-01,7.287607674937771618e-01,2.960974605449719355e-01,4.459229415437386268e-01
1.910000000000000142e+01,9.762346700343336181e-01,3.292999413923867191e-01,7.312075430451161484e-01,2.968562940434488762e-01,4.468741577021489442e-01
1.920000000000000284e+01,9.780372896542328665e-01,3.302643106889390778e-01,7.336754389834726497e-01,2.975401793894125735e-01,4.478742393493387874e-01
1.930000000000000071e+01,9.801365318469048571e-01,3.311513041871406715e-01,7.356407162011743273e-01,2.985210162799383782e-01,4.491579050613786483e-01
1.940000000000000213e+01,9.810970320037376569e-01,3.317502933785986263e-01,7.366813506742649897e-01,2.992685899190308252e-01,4.501499369275387408e-01
1.950000000000000000e+01,9.830896098914890802e-01,3.322163817208034220e-01,7.377805882614613120e-01,3.001014178268999744e-01,4.511252883779380274e-01
1.960000000000000142e+01,9.845113467046978650e-01,3.323961162309655437e-01,7.387599991531080823e-01,3.006947684464429948e-01,4.517582763176308247e-01
1.970000000000000284e+01,9.881982017483756930e-01,3.326460059331770580e-01,7.397584105765064866e-01,3.014801092218610812e-01,4.524224142656823600e-01
1.980000000000000071e+01,9.892197293927963431e-01,3.329406761786216640e-01,7.404842169417837905e-01,3.021075550560046730e-01,4.532966196536227788e-01
1.990000000000000213e+01,9.907421028179639322e-01,3.334467608725628085e-01,7.416825531429106499e-01,3.026624489276081853e-01,4.539006680074711420e-01
2.000000000000000000e+01,9.922199671719366121e-01,3.341966924988232779e-01,7.431668387392508235e-01,3.035007027809313862e-01,4.551122709179770132e-01
2.010000000000000142e+01,9.935208510682891347e-01,3.347047238445491346e-01,7.436779241349810166e-01,3.042237814110974603e-01,4.558376701424936006e-01
2.020000000000000284e+01,9.952546644431242706e-01,3.346547852844542481e-01,7.432575357433308660e-01,3.041270475888513958e-01,4.561382156740845795e-01
2.030000000000000071e+01,9.949629114751352699e-01,3.344444031333388412e-01,7.427450625243052773e-01,3.039568575006721951e-01,4.559603495298231168e-01
2.040000000000000213e+01,9.936546173513850500e-01,3.343402268985167791e-01,7.423949638478452018e-01,3.035364413449744281e-01,4.553002037581967421e-01
2.050000000000000000e+01,9.932241650580173609e-01,3.341653718447737953e-01,7.423258048959087141e-01,3.030779869611751054e-01,4.550198408611224599e-01
2.060000000000000142e+01,9.940195542674645779e-01,3.338335425347504493e-01,7.422716812578311618e-01,3.025170820395716165e-01,4.547993290058661153e-01
2.070000000000000284e+01,9.956536486838523103e-01,3.338813914347248946e-01,7.433756794264235745e-01,3.029073775072832486e-01,4.552119504990593812e-01
2.080000000000000071e+01,9.973484974315769414e-01,3.342527542363100679e-01,7.444260924502168475e-01,3.035591326105438470e-01,4.561391986074636029e-01
2.090000000000000213e+01,9.982858503759224345e-01,3.343230399027732336e-01,7.446983640412013772e-01,3.043477745736625217e-01,4.565218631710579178e-01
2.100000000000000000e+01,1.000098069830942515e+00,3.348207448284284959e-01,7.458457964773519411e-01,3.053161364330773120e-01,4.574758665660197954e-01
2.110000000000000142e+01,1.001680520470422886e+00,3.355291141516661968e-01,7.476393233189777554e-01,3.061485706860938016e-01,4.582798013810218674e-01
2.120000000000000284e+01,1.003696569983728359e+00,3.360368430300862963e-01,7.490871686348069547e-01,3.067394377700631836e-01,4.593529775970880413e-01
2.130000000000000071e+01,1.004897612552474673e+00,3.365046482071355483e-01,7.504711135038848457e-01,3.068071058268289630e-01,4.597400928460572134e-01
2.140000000000000213e+01,1.007381969556070400e+00,3.371013617342363267e-01,7.524109935161483742e-01,3.077002364311819949e-01,4.611419594864346605e-01
2.150000000000000000e+01,1.008696807003786278e+00,3.380455004026323707e-01,7.539864062107369813e-01,3.082300504522773044e-01,4.622665062470698305e-01
2.160000000000000142e+01,1.010882443951027110e+00,3.393379036781354330e-01,7.559875585071494930e-01,3.092732795165767934e-01,4.637527564125777380e-01
2.170000000000000284e+01,1.013155718291613994e+00,3.410314803343004186e-01,7.590879488050291668e-01,3.108647594495388966e-01,4.656244658552973203e-01
2.180000000000000071e+01,1.017577228512018817e+00,3.426174749885115278e-01,7.626746015296327341e-01,3.123799176454251092e-01,4.674441024512788756e-01
2.190000000000000213e+01,1.019210092233686193e+00,3.438956806886108719e-01,7.658522323088112760e-01,3.131915633371676333e-01,4.683222811118755158e-01
2.200000000000000000e+01,1.021417565960732299e+00,3.444585489815403800e-01,7.671406375593139426e-01,3.134917621003227017e-01,4.688384566493856154e-01
2.210000000000000142e+01,1.023576394170995885e+00,3.442659352876514256e-01,7.669776096563745149e-01,3.134400912923550053e-01,4.691372593486527465e-01
2.220000000000000284e+01,1.024843032735891502e+00,3.438257802689046461e-01,7.662870913178743137e-01,3.128517893259233351e-01,4.687177417336613194e-01
2.230000000000000071e+01,1.026534813310765237e+00,3.432525069349545710e-01,7.655282671584454635e-01,3.125365108154971594e-01,4.683287552623395800e-01
2.240000000000000213e+01,1.027847482534263834e+00,3.423178285654154274e-01,7.643251597189437696e-01,3.122242955748162352e-01,4.681501777913735229e-01
2.250000000000000000e+01,1.028201769879172334e+00,3.415439010054100999e-01,7.637807767632202038e-01,3.119395910637957625e-01,4.685064162766250928e-01
2.260000000000000142e+01,1.029151508708754825e+00,3.410679888118700043e-01,7.641597962846208292e-01,3.114179673418291383e-01,4.685103082080470105e-01
2.270000000000000284e+01,1.031591486281392855e+00,3.402534338219634358e-01,7.641242860178555363e-01,3.109138652512018486e-01,4.679459224944555462e-01
2.280000000000000071e+01,1.031849065280211919e+00,3.391968768045915961e-01,7.633034098312271309e-01,3.098937592079230585e-01,4.671784682860298243e-01
2.290000000000000213e+01,1.031166689712711193e+00,3.381353077866171009e-01,7.625684664883347619e-01,3.088839038655740721e-01,4.661507829309446405e-01
2.300000000000000000e+01,1.031155252718913840e+00,3.373156865392135662e-01,7.623117948217390527e-01,3.085865531842392762e-01,4.660038865514678497e-01
2.310000000000000142e+01,1.032769468571056004e+00,3.369209713633963266e-01,7.622433957617940070e-01,3.090271449209805454e-01,4.663682318792342074e-01
2.320000000000000284e+01,1.034713990211834744e+00,3.371792383064315390e-01,7.627658003126164266e-01,3.091857761430785723e-01,4.667151516261210942e-01
2.330000000000000071e+01,1.035931737569795397e+00,3.379461252009314798e-01,7.636668266308332953e-01,3.100131515641640356e-01,4.678089951367562227e-01
2.340000000000000213e+01,1.036136958521283402e+00,3.388802153863639255e-01,7.647731911656411308e-01,3.109655991811223763e-01,4.692328052219853496e-01
2.350000000000000000e+01,1.037558032450025092e+00,3.399602706994886980e-01,7.662508061213131327e-01,3.121956167954021422e-01,4.701962901994346522e-01
2.360000000000000142e+01,1.039192951725002922e+00,3.406911545077749848e-01,7.672267664591354563e-01,3.130926719408026471e-01,4.710220553194293669e-01
2.370000000000000284e+01,1.039655983470844980e+00,3.411424788516663753e-01,7.681588622220467677e-01,3.137585962563859687e-01,4.721337276985001496e-01
2.380000000000000071e+01,1.040719257795061026e+00,3.415382511475669736e-01,7.687737887676383552e-01,3.146505240815093973e-01,4.728807805183003476e-01
2.390000000000000213e+01,1.040944063978957113e+00,3.420695535536134035e-01,7.699851983083066953e-01,3.151111181513932546e-01,4.732773882703085744e-01
2.400000000000000000e+01,1.042319542245758512e+00,3.427275704644233145e-01,7.719185607383234338e-01,3.159891831955223274e-01,4.741350025687911529e-01
2.410000000000000142e+01,1.044971202586556513e+00,3.434508152807246306e-01,7.738690331196701466e-01,3.168963677316851690e-01,4.757236541946835984e-01
2.420000000000000284e+01,1.045122481698708583e+00,3.440997522418973165e-01,7.760745741660239894e-01,3.177057380304996737e-01,4.766347675064864786e-01
2.430000000000000071e+01,1.046729579699739121e+00,3.444620553596237089e-01,7.780255956328018252e-01,3.180449060191273825e-01,4.770970124860944295e-01
2.440000000000000213e+01,1.048357513719372802e+00,3.449005405637422528e-01,7.797732766187083220e-01,3.176743860910079542e-01,4.766661347028999240e-01
2.450000000000000000e+01,1.049321531648122141e+00,3.451551053601714658e-01,7.807555898736252553e-01,3.176999456276971556e-01,4.769667881527308584e-01
2.460000000000000142e+01,1.049840614663517080e+00,3.451407690418998864e-01,7.811733125927463606e-01,3.171781513387973428e-01,4.767938204126793700e-01
2.470000000000000284e+01,1.051642984964225036e+00,3.450848795670526936e-01,7.816113035619035587e-01,3.167455000232519136e-01,4.765827124345154431e-01
2.480000000000000071e+01,1.053623225365232896e+00,3.446545077731364426e-01,7.812521886699782536e-01,3.158647236548822179e-01,4.759989535726485421e-01
2.490000000000000213e+01,1.054585872101120980e+00,3.442798331207965745e-01,7.811069129861475391e-01,3.148499924883715884e-01,4.748510173378107102e-01
2.500000000000000000e+01,1.055269946532939818e+00,3.437168968899284027e-01,7.810668208068880514e-01,3.139282525278974667e-01,4.737179643321125511e-01
2.510000000000000142e+01,1.056643611527601001e+00,3.430668914242583356e-01,7.806085476423422209e-01,3.136880062204319142e-01,4.740549831707521755e-01
2.520000000000000284e+01,1.055585672624944626e+00,3.428057935971000059e-01,7.800299275318213210e-01,3.133798316320098309e-01,4.739377002652863102e-01
2.530000000000000071e+01,1.055811676768575236e+00,3.426725285643028029e-01,7.792329971943935396e-01,3.137584817055258379e-01,4.745641995253352952e-01
2.540000000000000213e+01,1.057247493906052549e+00,3.428419400047220122e-01,7.787267774240422824e-01,3.145186590971514318e-01,4.748279817548008985e-01
2.550000000000000000e+01,1.059245079178351423e+00,3.438966990321395412e-01,7.795422906554165809e-01,3.162467411586537547e-01,4.765820991996668754e-01
2.560000000000000142e+01,1.060301519038996165e+00,3.455718951204581058e-01,7.811107929756492263e-01,3.182932450290376636e-01,4.788754744390501528e-01
2.570000000000000284e+01,1.063177544874669644e+00,3.473751728382906689e-01,7.831286731958699843e-01,3.204590449329646207e-01,4.817205973519016471e-01
2.580000000000000071e+01,1.066151146563960816e+00,3.491929290433291033e-01,7.852521816839076463e-01,3.222361314856547754e-01,4.838554306961475038e-01
2.590000000000000213e+01,1.067612240618509567e+00,3.505232323267713501e-01,7.874943457923530010e-01,3.236257844029602482e-01,4.854368768310610149e-01
2.600000000000000000e+01,1.067919330611331263e+00,3.514849515924074463e-01,7.891394278336886225e-01,3.247520547670635360e-01,4.867460460317948323e-01
2.610000000000000142e+01,1.067965373869617540e+00,3.521457466002593795e-01,7.902081983592570413e-01,3.255687653625686240e-01,4.876050498590173143e-01
2.620000000000000284e+01,1.069430416647611182e+00,3.524727062834803748e-01,7.910460585133699540e-01,3.256390425960163371e-01,4.877376524647369371e-01
2.630000000000000071e+01,1.069072019291991360e+00,3.526794561098246517e-01,7.919823366784738417e-01,3.257920111000700558e-01,4.878796519389799746e-01
2.640000000000000213e+01,1.069416961480391004e+00,3.524754176968490360e-01,7.929417857500741240e-01,3.254896603037663039e-01,4.876559214069793868e-01
2.650000000000000000e+01,1.070180985998556933e+00,3.522374081269536439e-01,7.938890284619901649e-01,3.253504876865550566e-01,4.878179684981607811e-01
2.660000000000000142e+01,1.071343181451864801e+00,3.518962478427596907e-01,7.945927057541778415e-01,3.252924055098996292e-01,4.877993596184698188e-01
2.670000000000000284e+01,1.072383905833169226e+00,3.515698264718474242e-01,7.949307272832566440e-01,3.249048275681860054e-01,4.877869438477310249e-01
2.680000000000000071e+01,1.074398468225583381e+00,3.511351141435724021e-01,7.951258262500130458e-01,3.246338707779320987e-01,4.874308407357120787e-01
2.690000000000000213e+01,1.076019248048317944e+00,3.508346552775038485e-01,7.945746278268855933e-01,3.243597252856896263e-01,4.871476149302280123e-01
2.700000000000000000e+01,1.077447817985865752e+00,3.508979561937293212e-01,7.949665821595579551e-01,3.245549586411695664e-01,4.874877055934389580e-01
2.710000000000000142e+01,1.079377771574741685e+00,3.510910438718549686e-01,7.952733455747516000e-01,3.254001591447957531e-01,4.889527765192534514e-01
2.720000000000000284e+01,1.080259140293624798e+00,3.512669496161908711e-01,7.955021658794317885e-01,3.260495671205246859e-01,4.896437616373969792e-01
2.730000000000000071e+01,1.082158753882457081e+00,3.512408323147980793e-01,7.959147582810770505e-01,3.270026394805503056e-01,4.902780731575657747e-01
2.740000000000000213e+01,1.082953568104461528e+00,3.515180781472198035e-01,7.969581025363461357e-01,3.283145527109699868e-01,4.920232126283841656e-01
2.750000000000000000e+01,1.085141903762410598e+00,3.520410183283402827e-01,7.990026636561152751e-01,3.293687656212281878e-01,4.939138607569276695e-01
2.760000000000000142e+01,1.087306374808788112e+00,3.524502164828683948e-01,8.004481618702493639e-01,3.298164093274349451e-01,4.946475551860308184e-01
2.770000000000000284e+01,1.088122155510243383e+00,3.527331061357085740e-01,8.003827340858101769e-01,3.300736573693210385e-01,4.949647915652261587e-01
2.780000000000000071e+01,1.091138638337106892e+00,3.530348969209309296e-01,8.006744798881362257e-01,3.301326890500901889e-01,4.950097340758946030e-01
2.790000000000000213e+01,1.092054704288678346e+00,3.532829854545041504e-01,8.008313074916763030e-01,3.302176133109034351e-01,4.953392509699359736e-01
2.800000000000000000e+01,1.093655594930058816e+00,3.534740527007554922e-01,8.011515287786856732e-01,3.304084643446310032e-01,4.955811841643082416e-01
2.810000000000000142e+01,1.095985209481332712e+00,3.535956935561126446e-01,8.017011753250414818e-01,3.302605729099841181e-01,4.955952565133424637e-01
2.820000000000000284e+01,1.096951271649817095e+00,3.535590645240873631e-01,8.020694495012543612e-01,3.299938829575898569e-01,4.956918026175552439e-01
2.830000000000000071e+01,1.097196128362022183e+00,3.534088395873924426e-01,8.021898154045769003e-01,3.295092713812317053e-01,4.952915214479039485e-01
2.840000000000000213e+01,1.098589200882100103e+00,3.533550997769785984e-01,8.019358320793466000e-01,3.291278666774832828e-01,4.951797743596252355e-01
2.850000000000000000e+01,1.098837760632219940e+00,3.535281179455078693e-01,8.019995804270503292e-01,3.291406194430935850e-01,4.952679287438016553e-01
2.860000000000000142e+01,1.100045486868350242e+00,3.537952181143772523e-01,8.029895571112033448e-01,3.293969142623136559e-01,4.956521842490385632e-01
2.870000000000000284e+01,1.102202656540486325e+00,3.541834835010275184e-01,8.043278091255182671e-01,3.294348647159781596e-01,4.960660658681275148e-01
2.880000000000000071e+01,1.102494157851987344e+00,3.546846591677000893e-01,8.057643797454706602e-01,3.295812537297775902e-01,4.963758423279513443e-01
2.890000000000000213e+01,1.103510947163792499e+00,3.549851804721910753e-01,8.067422253762933648e-01,3.296696732388149642e-01,4.969501727778447009e-01
2.900000000000000000e+01,1.105447826458890948e+00,3.552433256622696267e-01,8.074354244148914672e-01,3.298049163359910163e-01,4.975057589417125059e-01
2.910000000000000142e+01,1.107586629245122412e+00,3.553431217892773497e-01,8.082887641736413720e-01,3.302366448711727687e-01,4.984301285511923973e-01
2.920000000000000284e+01,1.108542165845992411e+00,3.552392777362544662e-01,8.084290066470933844e-01,3.306703353083149666e-01,4.989425187185910771e-01
2.930000000000000071e+01,1.109494628468017385e+00,3.553281530945324729e-01,8.074044820812276146e-01,3.313491355637145919e-01,4.994164677283575715e-01
2.940000000000000213e+01,1.110287169362246473e+00,3.553806447866794116e-01,8.062243441065712890e-01,3.319175936427548046e-01,4.999283217107488020e-01
2.950000000000000000e+01,1.111364637448383874e+00,3.558343701089330957e-01,8.064860975164298562e-01,3.326808509610150733e-01,5.012277751005183024e-01
2.960000000000000142e+01,1.114573399740342419e+00,3.568266647139611836e-01,8.079024805633561179e-01,3.334475518982679687e-01,5.019558231477182497e-01
2.970000000000000284e+01,1.115174282249914661e+00,3.580852603363868791e-01,8.100775403464973712e-01,3.345636377539705775e-01,5.031968318212738378e-01
2.980000000000000071e+01,1.116459259957290007e+00,3.592491265594126015e-01,8.121688249624090528e-01,3.357984979585585950e-01,5.048889711100776889e-01
2.990000000000000213e+01,1.118696653510068195e+00,3.601699005185563518e-01,8.138115599150281820e-01,3.370693452285513647e-01,5.062698901839248755e-01
3.000000000000000000e+01,1.119561126547053087e+00,3.611395598602569756e-01,8.150212968896771715e-01,3.379803541182461180e-01,5.074741419682284871e-01
3.010000000000000142e+01,1.120705143478515131e+00,3.619921251776775928e-01,8.157436139926684815e-01,3.389913454628314393e-01,5.086236785943702987e-01
3.020000000000000284e+01,1.122579129746614557e+00,3.628482400209975256e-01,8.162100804130201226e-01,3.394029620590900409e-01,5.088483397395398011e-01
3.030000000000000071e+01,1.125169575454659121e+00,3.638887756212443314e-01,8.174042306034747796e-01,3.401653634286375127e-01,5.093354442247720604e-01
3.040000000000000213e+01,1.127362062262308839e+00,3.649373524147221937e-01,8.189575766208102570e-01,3.408918997648447968e-01,5.103782485934529323e-01
3.050000000000000000e+01,1.129330022526793931e+00,3.661332538462675479e-01,8.217537968538752846e-01,3.418624325314456036e-01,5.117552212695216651e-01
3.060000000000000142e+01,1.131566938556496149e+00,3.673771648581192206e-01,8.252004377722912398e-01,3.430841533289750167e-01,5.133763983932948527e-01
3.070000000000000284e+01,1.133598009666912931e+00,3.681448125530037974e-01,8.275177508627833411e-01,3.438961616065970839e-01,5.143674918864331591e-01
3.080000000000000071e+01,1.133262591570216138e+00,3.685151788521182636e-01,8.281276326447245539e-01,3.443753235886269359e-01,5.148793451212665406e-01
3.090000000000000213e+01,1.133509650217998210e+00,3.688804322707600614e-01,8.283910393736689803e-01,3.447762157755147050e-01,5.155025097786108956e-01
3.100000000000000000e+01,1.135898013013606489e+00,3.688576419261774264e-01,8.284644767425004552e-01,3.448087724492865935e-01,5.157215547220646013e-01
3.110000000000000142e+01,1.136535006346854448e+00,3.686418820070941904e-01,8.285784903660362577e-01,3.450362509411363798e-01,5.160502392174400876e-01
3.120000000000000284e+01,1.136851050213804060e+00,3.683229447486391361e-01,8.277555521165782526e-01,3.441563108899468593e-01,5.154065734731925197e-01
3.130000000000000071e+01,1.138450743159465706e+00,3.681508657569277920e-01,8.275624702718296088e-01,3.442290338767179936e-01,5.155628279685903204e-01
3.140000000000000213e+01,1.139282119990208342e+00,3.679851384899944788e-01,8.281114089195046324e-01,3.441819071664502516e-01,5.153777833538912834e-01
3.150000000000000000e+01,1.141163842339800727e+00,3.678037061170990052e-01,8.286103750759844511e-01,3.438926792100672203e-01,5.152101051455246772e-01
3.160000000000000142e+01,1.142202491336000714e+00,3.675974538461998509e-01,8.294630044869414354e-01,3.437698382247301732e-01,5.154214169609974139e-01
3.170000000000000284e+01,1.143070667374011418e+00,3.673595704513351601e-01,8.300589363669169662e-01,3.437134131760020139e-01,5.156281618939485556e-01
3.180000000000000071e+01,1.144165042373569863e+00,3.670450805659269955e-01,8.306456625092839552e-01,3.434827637605599726e-01,5.153949424617164654e-01
3.190000000000000213e+01,1.145622034092935504e+00,3.670037424332850406e-01,8.305867443021620611e-01,3.433947620209703566e-01,5.154634737219394580e-01
3.200000000000000000e+01,1.144179795070333405e+00,3.671973042107724017e-01,8.306149029607975409e-01,3.430018980970295228e-01,5.154971483677082134e-01
3.210000000000000142e+01,1.145939746459611275e+00,3.676942574952417608e-01,8.316592841918263312e-01,3.428977372301548754e-01,5.154881410059644065e-01
3.220000000000000284e+01,1.147878150003001752e+00,3.685287827059243182e-01,8.329315245145444413e-01,3.432393310343405668e-01,5.157926116309958786e-01
3.230000000000000426e+01,1.149784045739693061e+00,3.694436525341537325e-01,8.345099104110487165e-01,3.437685921225878127e-01,5.169659516744656846e-01
3.239999999999999858e+01,1.150161847954477956e+00,3.700419761278570530e-01,8.355937934589987570e-01,3.438918913931027221e-01,5.175914135732598842e-01
3.250000000000000000e+01,1.152432252194183881e+00,3.706123735379713291e-01,8.368741563134506345e-01,3.443288349702739448e-01,5.184847479994820763e-01
3.260000000000000142e+01,1.153474693472919199e+00,3.711010385147854862e-01,8.379075188498548155e-01,3.449317380480500517e-01,5.192482061456953346e-01
3.270000000000000284e+01,1.154963676897312608e+00,3.712698849973204984e-01,8.374178649083424686e-01,3.455350632472738437e-01,5.196822390525259738e-01
3.280000000000000426e+01,1.155591872054545277e+00,3.710062808179543925e-01,8.367599515097943197e-01,3.456967721533978910e-01,5.195249522322484825e-01
3.289999999999999858e+01,1.156845536606676328e+00,3.708591195412627717e-01,8.361614171609302870e-01,3.458412777023131546e-01,5.195054822376606873e-01
3.300000000000000000e+01,1.157199345566379378e+00,3.708643055808594213e-01,8.356887809984602233e-01,3.461528520381919605e-01,5.199266668555425630e-01
3.310000000000000142e+01,1.159198695971774606e+00,3.708431177066779383e-01,8.359577681502758928e-01,3.462238333431661985e-01,5.199285845262132666e-01
3.320000000000000284e+01,1.160449638698678676e+00,3.709685422708964286e-01,8.363023391864781164e-01,3.467551175114216289e-01,5.207489032897113512e-01
3.330000000000000426e+01,1.161710265836573663e+00,3.711540140454254733e-01,8.366700837923962686e-01,3.471448129353378875e-01,5.210122792535673009e-01
3.339999999999999858e+01,1.163015733612781322e+00,3.713450522432405476e-01,8.370663103742390643e-01,3.472917031650404329e-01,5.214436328760900796e-01
3.350000000000000000e+01,1.163845402593589595e+00,3.716350218253151039e-01,8.374325937709018453e-01,3.473892284155058463e-01,5.212651139708179837e-01
3.360000000000000142e+01,1.164465329989493370e+00,3.721914584850700147e-01,8.380517087628789330e-01,3.475930243032848144e-01,5.216258030410033664e-01
3.370000000000000284e+01,1.165755386181711817e+00,3.730289654849086034e-01,8.393228317932476257e-01,3.474244465145656657e-01,5.217161672311546594e-01
3.380000000000000426e+01,1.166380702653008639e+00,3.737368727733517138e-01,8.406938260348217895e-01,3.476599741108615804e-01,5.220961220785083068e-01
3.389999999999999858e+01,1.167026501076538381e+00,3.743280160135832868e-01,8.422238862755638822e-01,3.480357485424262487e-01,5.228216547369448630e-01
3.400000000000000000e+01,1.167888379139600419e+00,3.747375964858229436e-01,8.434203037647278745e-01,3.484616838218054236e-01,5.233730525922311028e-01
3.410000000000000142e+01,1.167747115553663173e+00,3.750122190769260011e-01,8.443748582500968380e-01,3.484048478796166193e-01,5.236761699634258083e-01
3.420000000000000284e+01,1.167661900876566072e+00,3.747082850018352285e-01,8.452947736618675600e-01,3.484513660103256139e-01,5.233383308856321969e-01
3.430000000000000426e+01,1.167857813744971773e+00,3.740688801225718896e-01,8.447405874491512590e-01,3.482136752936624280e-01,5.230436376685346778e-01
3.439999999999999858e+01,1.167534399406089607e+00,3.732196366339370908e-01,8.432606753752802664e-01,3.477252330045745854e-01,5.219717488528331506e-01
3.450000000000000000e+01,1.166357902924958001e+00,3.723951423365676194e-01,8.415649546064712938e-01,3.470361662582867601e-01,5.215411962531710799e-01
3.460000000000000142e+01,1.167273897036908537e+00,3.718578993572519975e-01,8.402237583750515881e-01,3.462278891147025361e-01,5.208377898703118181e-01
3.470000000000000284e+01,1.168033527170746932e+00,3.717403654854427586e-01,8.397094918771979000e-01,3.461163149175504050e-01,5.211364172208863277e-01
3.480000000000000426e+01,1.170192217539294477e+00,3.722011618289640111e-01,8.410080192849530567e-01,3.464124375141531820e-01,5.221288918566582282e-01
3.489999999999999858e+01,1.171221309429030910e+00,3.725896957637979123e-01,8.420512040828579403e-01,3.471237112218360510e-01,5.236895205770828454e-01
3.500000000000000000e+01,1.171556069794908783e+00,3.726684002380886152e-01,8.430200473978209930e-01,3.476107458025570196e-01,5.243899746448295041e-01
3.510000000000000142e+01,1.171104437483113880e+00,3.725439743212433097e-01,8.432630622388695985e-01,3.478778153347413249e-01,5.245592915321379834e-01
3.520000000000000284e+01,1.170637974624294309e+00,3.724667689493863509e-01,8.434665712069499000e-01,3.477253099385412272e-01,5.245356240257904590e-01
3.530000000000000426e+01,1.170286928473732724e+00,3.723668083062381950e-01,8.434873489885273967e-01,3.470606494295751521e-01,5.241560751778081562e-01
3.539999999999999858e+01,1.172079395341490748e+00,3.724939692607836528e-01,8.438332198589264532e-01,3.468137169096925931e-01,5.236074172446096853e-01
3.550000000000000000e+01,1.172525958093653564e+00,3.727506072792211578e-01,8.443984301411973092e-01,3.464770985849667806e-01,5.233988212948413876e-01
3.560000000000000142e+01,1.172310355919301106e+00,3.730729957883142101e-01,8.449051326339419576e-01,3.463545711097942847e-01,5.231503181000308755e-01
3.570000000000000284e+01,1.172961390856835484e+00,3.739328206004816080e-01,8.457989082974518569e-01,3.468210285590767050e-01,5.239488823331451828e-01
3.580000000000000426e+01,1.172851161202915549e+00,3.747387563439641411e-01,8.465657037492154702e-01,3.470552485034876788e-01,5.242041490650493074e-01
3.589999999999999858e+01,1.172037318774546089e+00,3.753208561445254832e-01,8.465318890366506643e-01,3.472711504621128209e-01,5.244123697723862554e-01
3.600000000000000000e+01,1.174078291253400907e+00,3.758230690595810719e-01,8.461444966150156732e-01,3.477110400206784302e-01,5.249489715616694196e-01
3.610000000000000142e+01,1.174220330338948681e+00,3.757647360715824503e-01,8.456447431805083070e-01,3.477632167067950530e-01,5.250751100913472191e-01
3.620000000000000284e+01,1.174207783222681600e+00,3.758010474331233142e-01,8.455478734882778680e-01,3.479464602438349652e-01,5.255439692756085357e-01
3.630000000000000426e+01,1.175638555339491020e+00,3.761793665098644990e-01,8.461396122228851402e-01,3.485608659535222587e-01,5.260704153086651624e-01
3.639999999999999858e+01,1.176364797072904311e+00,3.765322316438198813e-01,8.469618989653739938e-01,3.493149306222666506e-01,5.267042868886935292e-01
3.650000000000000000e+01,1.178410036419689000e+00,3.769773514057381814e-01,8.482539033231520920e-01,3.499644732464652908e-01,5.272828749320768171e-01
3.660000000000000142e+01,1.181452584687518126e+00,3.772297572245302266e-01,8.490636122955383946e-01,3.503367052699305484e-01,5.278847727690521019e-01
3.670000000000000284e+01,1.181557178388768392e+00,3.772708678540181992e-01,8.488193308130413950e-01,3.501853537142591288e-01,5.275857491847713021e-01
3.680000000000000426e+01,1.180264836880499768e+00,3.772255115795126179e-01,8.483344975703509538e-01,3.496265084210581908e-01,5.270109496386412573e-01
3.689999999999999858e+01,1.179933268827239701e+00,3.771942260093507082e-01,8.477995813414472837e-01,3.491239751340641240e-01,5.266283736380810154e-01
3.700000000000000000e+01,1.178747663641805943e+00,3.772274685804529182e-01,8.477471928766359133e-01,3.488620866606957915e-01,5.262432147468381061e-01
3.710000000000000142e+01,1.177349896962781806e+00,3.770316089366999024e-01,8.476581859496306048e-01,3.489975436993493219e-01,5.265027501035705049e-01
3.720000000000000284e+01,1.176754149792532900e+00,3.766090293725647964e-01,8.479848980528655877e-01,3.490149021977199117e-01,5.268626868462586987e-01
3.730000000000000426e+01,1.175512388643335182e+00,3.761713511820987677e-01,8.481408820212594790e-01,3.485766370212862175e-01,5.266216354571480185e-01
3.739999999999999858e+01,1.175525275507473433e+00,3.757724997873060357e-01,8.480607666176585013e-01,3.482070959713709501e-01,5.259370662893105841e-01
3.750000000000000000e+01,1.174016789128059290e+00,3.755444879103102540e-01,8.477248370114125464e-01,3.481022127920445075e-01,5.257914565329150358e-01
3.760000000000000142e+01,1.173215145071829779e+00,3.750684212813736873e-01,8.469677056272703064e-01,3.479145638946798957e-01,5.251750878855104832e-01
3.770000000000000284e+01,1.173385201479397955e+00,3.749128930607019128e-01,8.471556025135311696e-01,3.471426693960497079e-01,5.246050358631967336e-01
3.780000000000000426e+01,1.172224452171891418e+00,3.748416084599908715e-01,8.475799212630210633e-01,3.463894475238842308e-01,5.238855557486866710e-01
3.789999999999999858e+01,1.172236011975215986e+00,3.743357946753052001e-01,8.472824356698166470e-01,3.456932434032689572e-01,5.235064178245844024e-01
3.800000000000000000e+01,1.173486689247682513e+00,3.739692565617007136e-01,8.477317857165418413e-01,3.453057560220096911e-01,5.225977932088430311e-01
3.810000000000000142e+01,1.173397045345063061e+00,3.739017520317521881e-01,8.479656668048413115e-01,3.449560351479064590e-01,5.223279209862560224e-01
3.820000000000000284e+01,1.171942250220741277e+00,3.742097620953481196e-01,8.477677261119915819e-01,3.451062366587658858e-01,5.225354282624622426e-01
3.830000000000000426e+01,1.171659355041614337e+00,3.750243058779935135e-01,8.476480940516182283e-01,3.452023672835479173e-01,5.225046570265230450e-01
3.840000000000000568e+01,1.173110839755723944e+00,3.759853729179911674e-01,8.492233815769713035e-01,3.457795162131532263e-01,5.230988862413077367e-01
3.850000000000000000e+01,1.176099328754820927e+00,3.767214867280850310e-01,8.503311077600969048e-01,3.467909165958259488e-01,5.242995091167935717e-01
3.860000000000000142e+01,1.178261620959976330e+00,3.771798185270970882e-01,8.501991752126462076e-01,3.473248737245124285e-01,5.251487271370356424e-01
3.870000000000000284e+01,1.177908340505767981e+00,3.773382145042084024e-01,8.495292812694691387e-01,3.475081249835977881e-01,5.249620039946387706e-01
3.880000000000000426e+01,1.178022682771688867e+00,3.773272731465060481e-01,8.491749603854124029e-01,3.471668773144741538e-01,5.243553663252324970e-01
3.890000000000000568e+01,1.176302954268575229e+00,3.767667894808092721e-01,8.488025178145960359e-01,3.466035133069910734e-01,5.237817571067397981e-01
3.900000000000000000e+01,1.174326911007927521e+00,3.756119681782671416e-01,8.477947534647487515e-01,3.457648748054298338e-01,5.230502240774378420e-01
3.910000000000000142e+01,1.173355143631803266e+00,3.743963730097803477e-01,8.466052257897018762e-01,3.450423323212726823e-01,5.224240171531218113e-01
3.920000000000000284e+01,1.172437615259226185e+00,3.732810047526529673e-01,8.459920536625916698e-01,3.446873067734306240e-01,5.224640604103272246e-01
3.930000000000000426e+01,1.171411281201772514e+00,3.725426158611929162e-01,8.461503676296706633e-01,3.441064616638172535e-01,5.219129567367679634e-01
3.940000000000000568e+01,1.171286975195605873e+00,3.718084322946567100e-01,8.460665163379826881e-01,3.434013222422355738e-01,5.216211546176580116e-01
3.950000000000000000e+01,1.171943431643067912e+00,3.714003126301899105e-01,8.463911327949136254e-01,3.428821176174270957e-01,5.210166988249349540e-01
3.960000000000000142e+01,1.172933265493002031e+00,3.715099520721354409e-01,8.467244154863103889e-01,3.428661991947949406e-01,5.212824905089477046e-01
3.970000000000000284e+01,1.174593001058207298e+00,3.718502360830527320e-01,8.472953463848400535e-01,3.431992480791447031e-01,5.214200846253749244e-01
3.980000000000000426e+01,1.175921350918365027e+00,3.723305896556220462e-01,8.480560477666905239e-01,3.432872878911732983e-01,5.213066385965320348e-01
3.990000000000000568e+01,1.176827458543883376e+00,3.728652578107581883e-01,8.484568821288630547e-01,3.430128801020117524e-01,5.213709685330882859e-01
4.000000000000000000e+01,1.176935112052826637e+00,3.731379222923903449e-01,8.487543760019966577e-01,3.428646700192157226e-01,5.209702844149302070e-01
4.010000000000000142e+01,1.177343424623539025e+00,3.731984556824364252e-01,8.480672124705559423e-01,3.428874164645304146e-01,5.208779317440745960e-01
4.020000000000000284e+01,1.177047245178032497e+00,3.739165358111767312e-01,8.485235293955940561e-01,3.435377576013030620e-01,5.216686434432876718e-01
4.030000000000000426e+01,1.177590437662144218e+00,3.746918608724237321e-01,8.487552156541594561e-01,3.440228409640052609e-01,5.223197527642582383e-01
4.040000000000000568e+01,1.178750474581479191e+00,3.757782815185797265e-01,8.499811424840385543e-01,3.449110930754928361e-01,5.234729940669839987e-01
4.050000000000000000e+01,1.180030117817183033e+00,3.767975188759871141e-01,8.518967160303713149e-01,3.453513403865058340e-01,5.244494790212557156e-01
4.060000000000000142e+01,1.180963419917625101e+00,3.771228084445686357e-01,8.527520257281430149e-01,3.454119734410984743e-01,5.249203593274351931e-01
4.070000000000000284e+01,1.180591768944083242e+00,3.770451227781062009e-01,8.527631657097185514e-01,3.455604682559046958e-01,5.248956273343083900e-01
4.080000000000000426e+01,1.179613264307636689e+00,3.768590681534437214e-01,8.527694080612059357e-01,3.458164803709609658e-01,5.246986427673264730e-01
4.090000000000000568e+01,1.180532348206934312e+00,3.764977428747035559e-01,8.522184993341922477e-01,3.459150537920582247e-01,5.245387618319413692e-01
4.100000000000000000e+01,1.180834610968092946e+00,3.762848311160752468e-01,8.520156784177722598e-01,3.460069120460175229e-01,5.246666040950359600e-01
4.110000000000000142e+01,1.179239150271945702e+00,3.759936248012192284e-01,8.516782837309022636e-01,3.454872394093153054e-01,5.240472224457989325e-01
4.120000000000000284e+01,1.178310376454053454e+00,3.759463994704557721e-01,8.520524714751172013e-01,3.452260029682484022e-01,5.236861846589483394e-01
4.130000000000000426e+01,1.179456098054817659e+00,3.765700669135767509e-01,8.536931270557618356e-01,3.454890711389575486e-01,5.241543990441698275e-01
4.140000000000000568e+01,1.181694209764034831e+00,3.772834580069153732e-01,8.556184903126374808e-01,3.460064999393471230e-01,5.251617925545634114e-01
4.150000000000000000e+01,1.182008661193938215e+00,3.775771854187103815e-01,8.565772785203294992e-01,3.459911022488634247e-01,5.250232752149542881e-01
4.160000000000000142e+01,1.181367877563206603e+00,3.774747156248888791e-01,8.565872122695400437e-01,3.458321245140413835e-01,5.247096869108992534e-01
4.170000000000000284e+01,1.181706374301443985e+00,3.774478897013215928e-01,8.565392679923325980e-01,3.457476670406188779e-01,5.247180756870806206e-01
4.180000000000000426e+01,1.182573927682483594e+00,3.776534526799182889e-01,8.564033322282121885e-01,3.453534725263929794e-01,5.241323640375240567e-01
4.190000000000000568e+01,1.181893186677255514e+00,3.778401781376536372e-01,8.564750569858048390e-01,3.454717545988507110e-01,5.238622280432546630e-01
4.200000000000000000e+01,1.181410808765321674e+00,3.780063773601904376e-01,8.564420654938214028e-01,3.453173656016778614e-01,5.243658703770063267e-01
4.210000000000000142e+01,1.181675605616716362e+00,3.779997344424743666e-01,8.565354179076244412e-01,3.451946956003970057e-01,5.241928297615420229e-01
4.220000000000000284e+01,1.181422547844475757e+00,3.778635577994041150e-01,8.562290584612621824e-01,3.449064212241136351e-01,5.244139683945123753e-01
4.230000000000000426e+01,1.181226585283699393e+00,3.774556620414162844e-01,8.555576511392714023e-01,3.446541844002619093e-01,5.235685029356967890e-01
4.240000000000000568e+01,1.183375868554449095e+00,3.772721998415511369e-01,8.554652287000741318e-01,3.440821622450300210e-01,5.231172559394697830e-01
4.250000000000000000e+01,1.183927499041676379e+00,3.774286968321428071e-01,8.565410962458359645e-01,3.440594544724061010e-01,5.226415623289785151e-01
4.260000000000000142e+01,1.185181655243037868e+00,3.775316499051044050e-01,8.574475586645087244e-01,3.440789812984195173e-01,5.227976872640730521e-01
4.270000000000000284e+01,1.185443949826416432e+00,3.777064279775028122e-01,8.578236137772733416e-01,3.442705795191355334e-01,5.231422578549699276e-01
4.280000000000000426e+01,1.187274138600314943e+00,3.778619937550998231e-01,8.582319821460089315e-01,3.443396063403952323e-01,5.234352979218547253e-01
4.290000000000000568e+01,1.187707001295843057e+00,3.776759682028729137e-01,8.584979857417540661e-01,3.446997690488070587e-01,5.235391591060845062e-01
4.300000000000000000e+01,1.188098693089062907e+00,3.774875681432114938e-01,8.583284875404691983e-01,3.447671006356808898e-01,5.236447931079019069e-01
4.310000000000000142e+01,1.188852575085962648e+00,3.774308637041904890e-01,8.580476135284114125e-01,3.448935950141798212e-01,5.239812640660900245e-01
4.320000000000000284e+01,1.190247780986895876e+00,3.775132518283813576e-01,8.586289122252658279e-01,3.452464053343862749e-01,5.244956158083754483e-01
4.330000000000000426e+01,1.190135325819622558e+00,3.776885501382493127e-01,8.590872810398383352e-01,3.455180437357469048e-01,5.248095397448797605e-01
4.340000000000000568e+01,1.190463758976673114e+00,3.778745951065355380e-01,8.597569848304077444e-01,3.459290290410412250e-01,5.250007557720993701e-01
4.350000000000000000e+01,1.191317390474454507e+00,3.777860216968314533e-01,8.601117574649824737e-01,3.456930085739607916e-01,5.250661225825282719e-01
4.360000000000000142e+01,1.193072773298143430e+00,3.774441738346114850e-01,8.600921176756446407e-01,3.452610021846799770e-01,5.246278280061562604e-01
4.370000000000000284e+01,1.195960426335902271e+00,3.772809887653862937e-01,8.597936592983375093e-01,3.446125561081743172e-01,5.242188515663432913e-01
4.380000000000000426e+01,1.195137114476374052e+00,3.770205428416498750e-01,8.584894743342564860e-01,3.440596372560433269e-01,5.237840732393919119e-01
4.390000000000000568e+01,1.195395821431838979e+00,3.769435435739132423e-01,8.575720501304643362e-01,3.436396668591493175e-01,5.232676820903818804e-01
4.400000000000000000e+01,1.197021225627928009e+00,3.772279884696884689e-01,8.573273294757919327e-01,3.436272945851817640e-01,5.231147712246819736e-01
4.410000000000000142e+01,1.197359958131811286e+00,3.773151776147861125e-01,8.573869243135753271e-01,3.433530390564438761e-01,5.226268482155955741e-01
4.420000000000000284e+01,1.198081497880641111e+00,3.771567932959701830e-01,8.575384013200245681e-01,3.430672684945055284e-01,5.224563799659315277e-01
4.430000000000000426e+01,1.197623355561617586e+00,3.769874712015847118e-01,8.577590542033250998e-01,3.424037862830787704e-01,5.217197235055246463e-01
4.440000000000000568e+01,1.198053655968982500e+00,3.769699539200395688e-01,8.580993688317858359e-01,3.423044446574977084e-01,5.216859509446335474e-01
4.450000000000000000e+01,1.197592097881412077e+00,3.771194777271889009e-01,8.583087972554225287e-01,3.421861945867794019e-01,5.216622474557260913e-01
4.460000000000000142e+01,1.199969190084366977e+00,3.772025048013666892e-01,8.582725155136230466e-01,3.420071653995227501e-01,5.211338929963893474e-01
4.470000000000000284e+01,1.200402466440343430e+00,3.771695933061547934e-01,8.592120386763580919e-01,3.421965739848411570e-01,5.211666614088620308e-01
4.480000000000000426e+01,1.202187984888936301e+00,3.770838809437712102e-01,8.593787477968040101e-01,3.423925454322505058e-01,5.212332345044266013e-01
4.490000000000000568e+01,1.204336727106214422e+00,3.770880142204602326e-01,8.594129059932408277e-01,3.429330723307301154e-01,5.217267185245308969e-01
4.500000000000000000e+01,1.204808118553662544e+00,3.770152491022651375e-01,8.593559642531448661e-01,3.430345684114134430e-01,5.217805125263009769e-01
4.510000000000000142e+01,1.206028789411984770e+00,3.771912252843906965e-01,8.598484398942263240e-01,3.433296922665135531e-01,5.220964403253203212e-01
4.520000000000000284e+01,1.207371428615311881e+00,3.773676059341252720e-01,8.600522325504418308e-01,3.434415278699367025e-01,5.225704435660670777e-01
4.530000000000000426e+01,1.208842447825847044e+00,3.775373595199111865e-01,8.603793239959516281e-01,3.439490431478756105e-01,5.234421438377439006e-01
4.540000000000000568e+01,1.210329522414607561e+00,3.779471656191340512e-01,8.611235975236065654e-01,3.444032627517208400e-01,5.238396754338651151e-01
4.550000000000000000e+01,1.211310830273507166e+00,3.783755379873286473e-01,8.618309286552213733e-01,3.448848879928275712e-01,5.243637014637492211e-01
4.560000000000000142e+01,1.212935546421392008e+00,3.786717014252303226e-01,8.623918527227317776e-01,3.453161533867887822e-01,5.245719103478536649e-01
4.570000000000000284e+01,1.214409249205170127e+00,3.788215231641390290e-01,8.628506774441092597e-01,3.450524014231171610e-01,5.241359660363397177e-01
4.580000000000000426e+01,1.214027676176469672e+00,3.788974510477338686e-01,8.630624853732994373e-01,3.446242762076068833e-01,5.234941499172519608e-01
4.590000000000000568e+01,1.212445785313894797e+00,3.790860441331459496e-01,8.633770960943843997e-01,3.444737213980879620e-01,5.229159429903472711e-01
4.600000000000000000e+01,1.213690414483296287e+00,3.793124785288686796e-01,8.640250327195553304e-01,3.444656394980963876e-01,5.229944242494015683e-01
4.610000000000000142e+01,1.214519494045153580e+00,3.796904365274259563e-01,8.649886312270745892e-01,3.447369720337510324e-01,5.231973647176595410e-01
4.620000000000000284e+01,1.215206868584357114e+00,3.799993863456480048e-01,8.659367884645022828e-01,3.452161751359866249e-01,5.240216473211692927e-01
4.630000000000000426e+01,1.217461402866816700e+00,3.802246710797731466e-01,8.669794763233439339e-01,3.456128035610403493e-01,5.241380511031455969e-01
4.640000000000000568e+01,1.218270555759977558e+00,3.808176369016087470e-01,8.679720138240386573e-01,3.462807244376263638e-01,5.250585102277289806e-01
4.650000000000000000e+01,1.219409135296810387e+00,3.812101977738172054e-01,8.678280107156268741e-01,3.462922231108083171e-01,5.248521420775983382e-01
4.660000000000000142e+01,1.220205128191812260e+00,3.815529785010532970e-01,8.675843203424217220e-01,3.460865279616975876e-01,5.250864118475153663e-01
4.670000000000000284e+01,1.222485166399367662e+00,3.820561140728814808e-01,8.683171874321061745e-01,3.460076428795560988e-01,5.246456012457254570e-01
4.680000000000000426e+01,1.224827027913688360e+00,3.824755149819392686e-01,8.696245285342125708e-01,3.460305622851607699e-01,5.250754543945465036e-01
4.690000000000000568e+01,1.226075168476314925e+00,3.826895294386298829e-01,8.703352553564663863e-01,3.460491810640224930e-01,5.249541954331374827e-01
4.700000000000000000e+01,1.225830107831153093e+00,3.825770457955842141e-01,8.702877608451555780e-01,3.460244397262940419e-01,5.250351977182928787e-01
4.710000000000000142e+01,1.226823205984571619e+00,3.823449522611677143e-01,8.704422481201388173e-01,3.462203217639981956e-01,5.251474600643003532e-01
4.720000000000000284e+01,1.228755227127683813e+00,3.825367346442138938e-01,8.712477610637155978e-01,3.464435021003581250e-01,5.255734677421876055e-01
4.730000000000000426e+01,1.230494606875305985e+00,3.829496505306261289e-01,8.723285186606247743e-01,3.466785151422291933e-01,5.261221456815265984e-01
4.740000000000000568e+01,1.231687538376608826e+00,3.835139230251427556e-01,8.732180900631245635e-01,3.473724773632650420e-01,5.270038487848651698e-01
4.750000000000000000e+01,1.234284569497814399e+00,3.839629623016301840e-01,8.737208595590635340e-01,3.480252239909845113e-01,5.274427294998244031e-01
4.760000000000000142e+01,1.235351203834715861e+00,3.840799615278585599e-01,8.743813691193068616e-01,3.482754694558596320e-01,5.276945995522641653e-01
4.770000000000000284e+01,1.236524746678289599e+00,3.844205570061023924e-01,8.746674572237841394e-01,3.488172009737222634e-01,5.284377539549497405e-01
4.780000000000000426e+01,1.237236703918991321e+00,3.850157038032864243e-01,8.754197185305186979e-01,3.494319017721854159e-01,5.290332943213708061e-01
4.790000000000000568e+01,1.238642534277643925e+00,3.854262667660658392e-01,8.756447389670176662e-01,3.500873251166485289e-01,5.297196357775524334e-01
4.800000000000000000e+01,1.241056721735411372e+00,3.860342757844209549e-01,8.768917303340484359e-01,3.506669713250042952e-01,5.307023609016147114e-01
4.810000000000000142e+01,1.243251999582715150e+00,3.866948320106745052e-01,8.788203653898097878e-01,3.509475893668272950e-01,5.314597732977288658e-01
4.820000000000000284e+01,1.244914631181086140e+00,3.872511844185423380e-01,8.808832639254271513e-01,3.510952247491082034e-01,5.322668891020853055e-01
4.830000000000000426e+01,1.245358445142742632e+00,3.876102555602400357e-01,8.823290761529788417e-01,3.510523793562234096e-01,5.321338246611322376e-01
4.840000000000000568e+01,1.246476991629916098e+00,3.877502504783478798e-01,8.825519914587787174e-01,3.508417469468277927e-01,5.320605005564412737e-01
4.850000000000000000e+01,1.247754767095830886e+00,3.876416339963340008e-01,8.825613277118418143e-01,3.504149136650469565e-01,5.317501770097960989e-01
4.860000000000000142e+01,1.250133775767677369e+00,3.873275865426124009e-01,8.819058090977575093e-01,3.495341955715333127e-01,5.312175939081793530e-01
4.870000000000000284e+01,1.249669683379387664e+00,3.867801820915210409e-01,8.812181811382000518e-01,3.487764363087011987e-01,5.304226785711643188e-01
4.880000000000000426e+01,1.250846195975698238e+00,3.863112034537398154e-01,8.807427623747011713e-01,3.480956894898435405e-01,5.298296473758105085e-01
4.890000000000000568e+01,1.251492148405832339e+00,3.859317205832384912e-01,8.805231575572068925e-01,3.480810665276961036e-01,5.298726094428437561e-01
4.900000000000000000e+01,1.252325511387416546e+00,3.856874079971869262e-01,8.810226900314725995e-01,3.481193873222508950e-01,5.297214086125352495e-01
4.910000000000000142e+01,1.254686265488205610e+00,3.855615946993630749e-01,8.815829024929096036e-01,3.480152630980959394e-01,5.298992059809274346e-01
4.920000000000000284e+01,1.256221586501533372e+00,3.853937842671033565e-01,8.820524902048473281e-01,3.483600652240583795e-01,5.301367763669193600e-01
4.930000000000000426e+01,1.259391408453452321e+00,3.850053865912818618e-01,8.824684565389760982e-01,3.483457902962552311e-01,5.298565436899966841e-01
4.940000000000000568e+01,1.258112245954975839e+00,3.843456150121508097e-01,8.822324226961268945e-01,3.481050462979964899e-01,5.296732499610841138e-01
4.950000000000000000e+01,1.259613214513086943e+00,3.837991573136303458e-01,8.816857285914928566e-01,3.481524947960690231e-01,5.296982301595062337e-01
4.960000000000000142e+01,1.261268352870254406e+00,3.835561591175643548e-01,8.814473066970588411e-01,3.476358018717611298e-01,5.288318661132290766e-01
4.970000000000000284e+01,1.260279183588524532e+00,3.833628127725300372e-01,8.810496569824408652e-01,3.472789517850921603e-01,5.281509196984446319e-01
4.980000000000000426e+01,1.260806210248480275e+00,3.834599187500826734e-01,8.807945837509560949e-01,3.469172017996455248e-01,5.280488967375743803e-01
4.990000000000000568e+01,1.262117282452005718e+00,3.841075929409581424e-01,8.820508772436548295e-01,3.473357848052740504e-01,5.285555172196002571e-01
5.000000000000000000e+01,1.262160568111382997e+00,3.848284480782045991e-01,8.831701343634685841e-01,3.479843332171030368e-01,5.296648893976130257e-01
5.010000000000000142e+01,1.264066316915835264e+00,3.854761121444804095e-01,8.838750464150977315e-01,3.481308889163268749e-01,5.300839814995781385e-01
5.020000000000000284e+01,1.265795018674633843e+00,3.859243518582864962e-01,8.845178586349760064e-01,3.482799804455642412e-01,5.303055717392155533e-01
5.030000000000000426e+01,1.268117113423376408e+00,3.860532333006139738e-01,8.847268894913612458e-01,3.486232241323970471e-01,5.309398058209712223e-01
5.040000000000000568e+01,1.270228857983778381e+00,3.863760104724270894e-01,8.848699551202403590e-01,3.493572811384545451e-01,5.321856716710207102e-01
5.050000000000000000e+01,1.271014217480193276e+00,3.868511921640339635e-01,8.848222153497343756e-01,3.500143582921108609e-01,5.325872967206911612e-01
5.060000000000000142e+01,1.272604407484610567e+00,3.874623124956527165e-01,8.852993644571388598e-01,3.504883950042853025e-01,5.334896990018457297e-01
5.070000000000000284e+01,1.273915281732015625e+00,3.880701717938314088e-01,8.865755782487392267e-01,3.510722454824068417e-01,5.338304521987791151e-01
5.080000000000000426e+01,1.274541952469039119e+00,3.892040360499244289e-01,8.889472634908703874e-01,3.515016718412785068e-01,5.341792808718949237e-01
5.090000000000000568e+01,1.275309346230838692e+00,3.910295263642895591e-01,8.916905269269811418e-01,3.520393467164009138e-01,5.347912025685974680e-01
5.100000000000000000e+01,1.278512511767103010e+00,3.926655891244242857e-01,8.945910127825094094e-01,3.527021526005181262e-01,5.354952007750893861e-01
5.110000000000000142e+01,1.280631057536176121e+00,3.939904369749763768e-01,8.971373241499087658e-01,3.532753904331725758e-01,5.362614603974280580e-01
5.120000000000000284e+01,1.282407702506614067e+00,3.949294693173096560e-01,8.994547426807710799e-01,3.539920039269692786e-01,5.367323308127434078e-01
5.130000000000000426e+01,1.285258377857964707e+00,3.952222575961649165e-01,9.011632678529981622e-01,3.544478168982738153e-01,5.374987669439861282e-01
5.140000000000000568e+01,1.285071938587224905e+00,3.948878392315741115e-01,9.012965857781943813e-01,3.544491075617568487e-01,5.374593241032331603e-01
5.150000000000000000e+01,1.283357393403085744e+00,3.939228727846692535e-01,9.001159283183327586e-01,3.540481680329067293e-01,5.366414785965974987e-01
5.160000000000000142e+01,1.283824279833578386e+00,3.925697055504540622e-01,8.986878902185791995e-01,3.536035050496063592e-01,5.362673739272014739e-01
5.170000000000000284e+01,1.284195151761413412e+00,3.910146161719688096e-01,8.968282387448230919e-01,3.530049663284355876e-01,5.353750787440616499e-01
5.180000000000000426e+01,1.285843671482590711e+00,3.897054750641853471e-01,8.957341030871543985e-01,3.522349655353883002e-01,5.347040874098030194e-01
5.190000000000000568e+01,1.286471820311067660e+00,3.890483066880066620e-01,8.958827749891040693e-01,3.515790661575242115e-01,5.340579026822112052e-01
5.200000000000000000e+01,1.289519351556418503e+00,3.890019023605342241e-01,8.969270305707408575e-01,3.519250939364200748e-01,5.348242320501818137e-01
5.210000000000000142e+01,1.292101101695116938e+00,3.894127483809922130e-01,8.980520966550366024e-01,3.522919384060135273e-01,5.351179579320261004e-01
5.220000000000000284e+01,1.293324297874062223e+00,3.898395543209404734e-01,8.986570352756696467e-01,3.528271374515078995e-01,5.358523552867698880e-01
5.230000000000000426e+01,1.295573377990899555e+00,3.905139465266186383e-01,8.995535207293350322e-01,3.533045032170282762e-01,5.363318837074719792e-01
5.240000000000000568e+01,1.296861335053666631e+00,3.914127268764525103e-01,9.007252933850198318e-01,3.538022635744532129e-01,5.364799569905209786e-01
5.250000000000000000e+01,1.297641396290785121e+00,3.922473808099299353e-01,9.019876466815076599e-01,3.545585833996392489e-01,5.372224290714326944e-01
5.260000000000000142e+01,1.299968420560149163e+00,3.932124963441166465e-01,9.037528937143871621e-01,3.551279389610842996e-01,5.381967401012103247e-01
5.270000000000000284e+01,1.301628158483165487e+00,3.940820521972161483e-01,9.049832977171484716e-01,3.559496586666191509e-01,5.386648665940585445e-01
5.280000000000000426e+01,1.303937538602899737e+00,3.947489222606561099e-01,9.055455563091511229e-01,3.566452826410780874e-01,5.394955902080943444e-01
5.290000000000000568e+01,1.305295415473886722e+00,3.954117769553815442e-01,9.065565955693821731e-01,3.571088772488178464e-01,5.399027441263791749e-01
5.300000000000000000e+01,1.306058621560883148e+00,3.957720707478916689e-01,9.076476510514551732e-01,3.574743626680175201e-01,5.403075010870935779e-01
5.310000000000000142e+01,1.309079433266948422e+00,3.957969105122379760e-01,9.084212724284079776e-01,3.577678719953693021e-01,5.408664178408898460e-01
5.320000000000000284e+01,1.310040291295599957e+00,3.958061190272288421e-01,9.088242850451865307e-01,3.578603906073251628e-01,5.407883242522804057e-01
5.330000000000000426e+01,1.309712329369433714e+00,3.959147031223864133e-01,9.086772505055361604e-01,3.577114555313599675e-01,5.409077332630253254e-01
5.340000000000000568e+01,1.310593861708530428e+00,3.960587550304422999e-01,9.087509873440128283e-01,3.574575238893293316e-01,5.408601468384278688e-01
5.350000000000000000e+01,1.310502576960012489e+00,3.962075457243947607e-01,9.086289014063597680e-01,3.565315363455064945e-01,5.405231181829091014e-01
5.360000000000000142e+01,1.310944881680783158e+00,3.964894548419219400e-01,9.094605450976818162e-01,3.560853799369756989e-01,5.406347799429983558e-01
5.370000000000000284e+01,1.311146668912862800e+00,3.967201625946927823e-01,9.105512989765794929e-01,3.560811329235432643e-01,5.412241153560193307e-01
5.380000000000000426e+01,1.312645519872444044e+00,3.966106347151196476e-01,9.112408971296654947e-01,3.562417577084027176e-01,5.411421648927637884e-01
5.390000000000000568e+01,1.313957436857056793e+00,3.965125303352077801e-01,9.115585621217092704e-01,3.567575308048954730e-01,5.414530033111349949e-01
5.400000000000000000e+01,1.313906054120662636e+00,3.966462995190389029e-01,9.122383059231122804e-01,3.571191074430354329e-01,5.419842220107535802e-01
5.410000000000000142e+01,1.315128621076619098e+00,3.965918196164224807e-01,9.120918303385548986e-01,3.574290198739951685e-01,5.420526397387953610e-01
5.420000000000000284e+01,1.316635030552921970e+00,3.965338882101653306e-01,9.120543791760754582e-01,3.575631302515192012e-01,5.421634124848139225e-01
5.430000000000000426e+01,1.319025975031349329e+00,3.965465575719908098e-01,9.116158568119485661e-01,3.579317123818209767e-01,5.424880185212649364e-01
5.440000000000000568e+01,1.320783216588678366e+00,3.966273536953845991e-01,9.114105021293347209e-01,3.584813726214964857e-01,5.430647452454975266e-01
5.450000000000000000e+01,1.321317570518043105e+00,3.969212332596419590e-01,9.120829725912444896e-01,3.592205196466110029e-01,5.439647118223734923e-01
5.460000000000000142e+01,1.323645610010009799e+00,3.972759132789099312e-01,9.130231995258862865e-01,3.597648659159762285e-01,5.447394277351649272e-01
5.470000000000000284e+01,1.325088262410079709e+00,3.980086155915432133e-01,9.148875030228124094e-01,3.604098504516570212e-01,5.454951712304810796e-01
5.480000000000000426e+01,1.326098827695259219e+00,3.986181806802190364e-01,9.168521942919480860e-01,3.606031943196904010e-01,5.456460065838221185e-01
5.490000000000000568e+01,1.325689868275056194e+00,3.989224881485203267e-01,9.181069060332499587e-01,3.605986839487486106e-01,5.458964332545425124e-01
5.500000000000000000e+01,1.326534409716905394e+00,3.990770128101308600e-01,9.188380346961345646e-01,3.601301758218551363e-01,5.454518447775758005e-01
5.510000000000000142e+01,1.327553703480100378e+00,3.991888040526005987e-01,9.189593833219490415e-01,3.593803543328919492e-01,5.446118714086443102e-01
5.520000000000000284e+01,1.327466793255457578e+00,3.991139724635618946e-01,9.186336287404808232e-01,3.584073052952421179e-01,5.437814838978118903e-01
5.530000000000000426e+01,1.326300340931792165e+00,3.987171154387099681e-01,9.180443528142119280e-01,3.580477548777304397e-01,5.433217656305032728e-01
5.540000000000000568e+01,1.325123936965566518e+00,3.977944311079634754e-01,9.168522925255816469e-01,3.575664145381421966e-01,5.422099542665107519e-01
5.550000000000000000e+01,1.324027481387584526e+00,3.968460195785201150e-01,9.157462799800906161e-01,3.573688021962845851e-01,5.419429850824609707e-01
5.560000000000000142e+01,1.323792531737794098e+00,3.964851785293110331e-01,9.157942834963239687e-01,3.574347511689359158e-01,5.415339241903648348e-01
5.570000000000000284e+01,1.324592417705007907e+00,3.967829218811070868e-01,9.160732643471715120e-01,3.576196901915998372e-01,5.415034642386741259e-01
5.580000000000000426e+01,1.324925111119253707e+00,3.972950612669691184e-01,9.168152832306097899e-01,3.584302468394480190e-01,5.426023549740746077e-01
5.590000000000000568e+01,1.327860575300084278e+00,3.979334080294197329e-01,9.183178460909456886e-01,3.590636928353545532e-01,5.434947695319606309e-01
5.600000000000000000e+01,1.328844169414249876e+00,3.985838922252206151e-01,9.198902877811709899e-01,3.594146222454661643e-01,5.441678817978730098e-01
5.610000000000000142e+01,1.329502882409953735e+00,3.993606586456809882e-01,9.214067939042452915e-01,3.597836912165413015e-01,5.448007226193222197e-01
5.620000000000000284e+01,1.330606674556949365e+00,4.000304113642920711e-01,9.226908114191695320e-01,3.603215199081249986e-01,5.453196345118838106e-01
5.630000000000000426e+01,1.331742554900918085e+00,4.005554231116712494e-01,9.237486408328833276e-01,3.609683608155621615e-01,5.463165645569981743e-01
5.640000000000000568e+01,1.335140634283573879e+00,4.007054308426912792e-01,9.242059615804180117e-01,3.614417763789358751e-01,5.467391497693794289e-01
5.650000000000000000e+01,1.334840620965780600e+00,4.003615095561807724e-01,9.238269943032936249e-01,3.612881391271248188e-01,5.465899818794603959e-01
5.660000000000000142e+01,1.335277317212291370e+00,4.002298091162804772e-01,9.240050924040705826e-01,3.614383590369513732e-01,5.465055409211371229e-01
5.670000000000000284e+01,1.338273168951351400e+00,4.001080110570007786e-01,9.241203951698705454e-01,3.610505269516429139e-01,5.463479706187097662e-01
5.680000000000000426e+01,1.339457149745683084e+00,4.000926490477239583e-01,9.248551666950226569e-01,3.610488417128236427e-01,5.465413873208241347e-01
5.690000000000000568e+01,1.339852158803737536e+00,4.004326067786585508e-01,9.255788483515473564e-01,3.609991979947557716e-01,5.464145776458749770e-01
5.700000000000000000e+01,1.340945294043580427e+00,4.006350155001999758e-01,9.257147176490451157e-01,3.606683294272033380e-01,5.460984768749304052e-01
5.710000000000000142e+01,1.342333685385382225e+00,4.008792979596884631e-01,9.261795507260575100e-01,3.604103745953062821e-01,5.459528361193769497e-01
5.720000000000000284e+01,1.343250715206039780e+00,4.013396842734640590e-01,9.276223682073435617e-01,3.603392300104629187e-01,5.465694265494058790e-01
5.730000000000000426e+01,1.343635971939419749e+00,4.018477135469322725e-01,9.284274071980855858e-01,3.608135479329925288e-01,5.470990608116104159e-01
5.740000000000000568e+01,1.345473732786068632e+00,4.021593920351474449e-01,9.289868338456382935e-01,3.615752432597495458e-01,5.482963731565108079e-01
5.750000000000000000e+01,1.345370582341226084e+00,4.025615831017453905e-01,9.297899828853694038e-01,3.618933584008420801e-01,5.486182622848591039e-01
5.760000000000000142e+01,1.346792804645714936e+00,4.029833303612885276e-01,9.302306116328125096e-01,3.619171933424253917e-01,5.487754516182601350e-01
5.770000000000000284e+01,1.347540879350528797e+00,4.031909537666023002e-01,9.306497421375283796e-01,3.616764249395796882e-01,5.485825301471757287e-01
5.780000000000000426e+01,1.348249679258201716e+00,4.035342013437144826e-01,9.312896028288702999e-01,3.613028548545185181e-01,5.488860709744030064e-01
5.790000000000000568e+01,1.349282402203187070e+00,4.036638077167457594e-01,9.311741651870015790e-01,3.612842036227720266e-01,5.492718969426463316e-01
5.800000000000000000e+01,1.348948210120008095e+00,4.031688201512162451e-01,9.303604467716050097e-01,3.609137868898354973e-01,5.488228121174246743e-01
5.810000000000000142e+01,1.347724044418761480e+00,4.022459705099362681e-01,9.292719445088968300e-01,3.605939040285003339e-01,5.481758050292970808e-01
5.820000000000000284e+01,1.347317907468148945e+00,4.008269066524918767e-01,9.277830244308795660e-01,3.600488828214725157e-01,5.474249866022750100e-01
5.830000000000000426e+01,1.347663764059203517e+00,3.992491982769150183e-01,9.262258518920954975e-01,3.592776463402528320e-01,5.462864961443173462e-01
5.840000000000000568e+01,1.346221890282983669e+00,3.981093476544012577e-01,9.250290692828017081e-01,3.589500019502482320e-01,5.460361346264083204e-01
5.850000000000000000e+01,1.347193171385287602e+00,3.971344487097656084e-01,9.237124802549875335e-01,3.582812952011057428e-01,5.454374378435266069e-01
5.860000000000000142e+01,1.346934643069401583e+00,3.968079501120598818e-01,9.232791662653794251e-01,3.577317511166140940e-01,5.448170930917068944e-01
5.870000000000000284e+01,1.348937590381945384e+00,3.973148254472537166e-01,9.239782609687037240e-01,3.578649300012969880e-01,5.451833851883094439e-01
5.880000000000000426e+01,1.350948562330823499e+00,3.982731706564838214e-01,9.254569956926215202e-01,3.585694267073348263e-01,5.461505426120569773e-01
5.890000000000000568e+01,1.353055897494545912e+00,3.997655609695967005e-01,9.277844959849207429e-01,3.596028726225949379e-01,5.471814167376229943e-01
5.900000000000000000e+01,1.355641923405627614e+00,4.015395964063624978e-01,9.306602625144791974e-01,3.610092227109209517e-01,5.490279363724421824e-01
5.910000000000000142e+01,1.357706505622185977e+00,4.036812866836461122e-01,9.338459420541302958e-01,3.625573130754060625e-01,5.509102109248116275e-01
5.920000000000000284e+01,1.359841728795234017e+00,4.058609272859966532e-01,9.364308775269741814e-01,3.643407333942600967e-01,5.528422749325331287e-01
5.930000000000000426e+01,1.363399785502524386e+00,4.076359329545958254e-01,9.392780891025103163e-01,3.658119748340768473e-01,5.546745781988954294e-01
5.940000000000000568e+01,1.364496286501505118e+00,4.091946544844264899e-01,9.422693538642084032e-01,3.671423204411812247e-01,5.566512465142571253e-01
5.950000000000000000e+01,1.365522728310000433e+00,4.103976044562384629e-01,9.446206604198514878e-01,3.681153389428185596e-01,5.578614930970532404e-01
5.960000000000000142e+01,1.367994891539985103e+00,4.112228996974094941e-01,9.464432704540048924e-01,3.688100965375927798e-01,5.582848763119189206e-01
5.970000000000000284e+01,1.368407589763206200e+00,4.119271027325586698e-01,9.480635693814943865e-01,3.699024513237261780e-01,5.599403050437818941e-01
5.980000000000000426e+01,1.369485308893893860e+00,4.120846236339996138e-01,9.482926178907098436e-01,3.702705233784804872e-01,5.604612934133339497e-01
5.990000000000000568e+01,1.368152583882763507e+00,4.115927793366975784e-01,9.474394211104164576e-01,3.701820167651377891e-01,5.607174192081622044e-01
6.000000000000000000e+01,1.367965408203923650e+00,4.105540588540328995e-01,9.461000182028862504e-01,3.700666989974478738e-01,5.600276442983576075e-01
6.010000000000000142e+01,1.367958564006333866e+00,4.095750274774106470e-01,9.446814710223740974e-01,3.696809560968058461e-01,5.595075543572294308e-01
6.020000000000000284e+01,1.368001251322364498e+00,4.086762407325938984e-01,9.438096399738019615e-01,3.691823800485627416e-01,5.588861201842710846e-01
6.030000000000000426e+01,1.367043602843655448e+00,4.078379263980049241e-01,9.422826818645603231e-01,3.684553004654255171e-01,5.582704924033106142e-01
6.040000000000000568e+01,1.366061641290281736e+00,4.073661914211061386e-01,9.410818117075753220e-01,3.681796986162609309e-01,5.585055983526731049e-01
6.050000000000000000e+01,1.366311104468756144e+00,4.073538895902295009e-01,9.406267021538060602e-01,3.678793763687950302e-01,5.585719370050856725e-01
6.060000000000000142e+01,1.367389824607678994e+00,4.071838119503993214e-01,9.401355687092701752e-01,3.673757928785657545e-01,5.580962181290320956e-01
6.070000000000000284e+01,1.365574081692429109e+00,4.066785212944760142e-01,9.390162987564191210e-01,3.666600575326645628e-01,5.568858204145924473e-01
6.080000000000000426e+01,1.366149997506318936e+00,4.065648975703665680e-01,9.387271270479481400e-01,3.661013676129135641e-01,5.563355823307258863e-01
6.090000000000000568e+01,1.367911424088177341e+00,4.066573457002268799e-01,9.392237414842617982e-01,3.657968160826345905e-01,5.557451829265654952e-01
6.100000000000000000e+01,1.369591557113475355e+00,4.066289966912552400e-01,9.401448920660556707e-01,3.652554255007113837e-01,5.552360397941378256e-01
6.110000000000000142e+01,1.371445385914984438e+00,4.065651223605437625e-01,9.410832468520615723e-01,3.652591014034432537e-01,5.550620745449620363e-01
6.120000000000000284e+01,1.371999696927522994e+00,4.064561177275947124e-01,9.412896409745541426e-01,3.652569730439187978e-01,5.547686268512285190e-01
6.130000000000000426e+01,1.373540418627102522e+00,4.065203065588113285e-01,9.411757679669712218e-01,3.647209748196508228e-01,5.542759393432270532e-01
6.140000000000000568e+01,1.374259326197576181e+00,4.067962344221471849e-01,9.413031525724873116e-01,3.648602447710631025e-01,5.546176814683225764e-01
6.150000000000000000e+01,1.374492017080549022e+00,4.072373503157303287e-01,9.419091951512812422e-01,3.652752362884714721e-01,5.551305503619785586e-01
6.160000000000000142e+01,1.377947346768453762e+00,4.078214669675649384e-01,9.432995522972635882e-01,3.657366601237906911e-01,5.556242468494444475e-01
6.170000000000000284e+01,1.380884605643408980e+00,4.082466088654883030e-01,9.447028829336285849e-01,3.666113600444751430e-01,5.564474308829816529e-01
6.180000000000000426e+01,1.380601246157469042e+00,4.089112434588171863e-01,9.457575520113187251e-01,3.671814268872698461e-01,5.572160903938707666e-01
6.190000000000000568e+01,1.382348627252246720e+00,4.093801827976394359e-01,9.461195630962970782e-01,3.678348173525827769e-01,5.575592016280228602e-01
6.200000000000000000e+01,1.383929131542271929e+00,4.098805825581047224e-01,9.468813158703519584e-01,3.682820089552737430e-01,5.581926451967921254e-01
6.210000000000000142e+01,1.384655306495674587e+00,4.103177492250575931e-01,9.476091161303551447e-01,3.688441035869584605e-01,5.589126181634428425e-01
6.220000000000000284e+01,1.384255593420701702e+00,4.105574213622255053e-01,9.479001733321640311e-01,3.695276940275782351e-01,5.598057296755434287e-01
6.230000000000000426e+01,1.386072123059934880e+00,4.107363522039756409e-01,9.480386318822894287e-01,3.697780116905200476e-01,5.597381863196103646e-01
6.240000000000000568e+01,1.386062329037121454e+00,4.109334125991795927e-01,9.483412573161156267e-01,3.696964048070867093e-01,5.598179247876833298e-01
6.250000000000000000e+01,1.385835894062642071e+00,4.110551451902429987e-01,9.487050170227464552e-01,3.698995643910948372e-01,5.597664448076522525e-01
6.260000000000000142e+01,1.386315514678536864e+00,4.114501928468808356e-01,9.491059447255998371e-01,3.701709581254757353e-01,5.600388880126588864e-01
6.270000000000000284e+01,1.386027640848819686e+00,4.117339822313654807e-01,9.489644076656001959e-01,3.699615667388400642e-01,5.596595123055463361e-01
6.280000000000000426e+01,1.383909422903080166e+00,4.116304878557698887e-01,9.488700678116058773e-01,3.693818196553816935e-01,5.590205269390177145e-01
6.290000000000000568e+01,1.384397086621484529e+00,4.116911417523540506e-01,9.498772043959535782e-01,3.689567209954541793e-01,5.586628848427159788e-01
6.300000000000000000e+01,1.385795491089469866e+00,4.114968869566552612e-01,9.504547912448364499e-01,3.689169278986129119e-01,5.588596785688179081e-01
6.310000000000000142e+01,1.387022478529420288e+00,4.111942369331993974e-01,9.507048048344916014e-01,3.685915151739564410e-01,5.587476628887562136e-01
6.320000000000000284e+01,1.387344998062204793e+00,4.108326042775534148e-01,9.506378862740554325e-01,3.684626445734033307e-01,5.586446233804847061e-01
6.330000000000000426e+01,1.387982729351842748e+00,4.105174706236985882e-01,9.509681047695426326e-01,3.684077653317080481e-01,5.586151028530471629e-01
6.340000000000000568e+01,1.387329958549116338e+00,4.098962934185368945e-01,9.502446850579352455e-01,3.686755909622861371e-01,5.586652181399966999e-01
6.350000000000000000e+01,1.386578033497792628e+00,4.095810082278207864e-01,9.495949128623215607e-01,3.688210012789976955e-01,5.586329171508633840e-01
6.360000000000000142e+01,1.388114095385676316e+00,4.097859903397114700e-01,9.498051628042635253e-01,3.694188311461767404e-01,5.595379301570478914e-01
6.370000000000000284e+01,1.389605482509759682e+00,4.099498057769827009e-01,9.503281460274246584e-01,3.696624927942503414e-01,5.599043992161975014e-01
6.380000000000000426e+01,1.389719642758843410e+00,4.105041295879712226e-01,9.513020495923348863e-01,3.703605169506652417e-01,5.612316743619956139e-01
6.390000000000000568e+01,1.388091666594806428e+00,4.112422359120528892e-01,9.519151254290756370e-01,3.713362264098401533e-01,5.626620194327465185e-01
6.400000000000000000e+01,1.387823519429501218e+00,4.120990388369174529e-01,9.523931967538536991e-01,3.722512305395772603e-01,5.634422242425073390e-01
6.410000000000000853e+01,1.389768512976330417e+00,4.130814071293174017e-01,9.535170353370785445e-01,3.733335045916116868e-01,5.645447553265316998e-01
6.420000000000000284e+01,1.390505611596373869e+00,4.144684105538409269e-01,9.555224995280020561e-01,3.743381465569038946e-01,5.656118711903311835e-01
6.429999999999999716e+01,1.392518426836351741e+00,4.157440209415630417e-01,9.571635049611753043e-01,3.752341349366348777e-01,5.665105216957363465e-01
6.440000000000000568e+01,1.392963447314422343e+00,4.165405042828577709e-01,9.580521783610007613e-01,3.757805362290650986e-01,5.675238527895095642e-01
6.450000000000000000e+01,1.395143505272716133e+00,4.169891300249634614e-01,9.587786907268464054e-01,3.757555752403886618e-01,5.679179073874667250e-01
6.460000000000000853e+01,1.395899035632816920e+00,4.173207565065627511e-01,9.592739595112047546e-01,3.752815801692045428e-01,5.676993734303287242e-01
6.470000000000000284e+01,1.396560595870779631e+00,4.172035644404193389e-01,9.590927949446552692e-01,3.747265451578645212e-01,5.671340362014113401e-01
6.479999999999999716e+01,1.396872936286781774e+00,4.167253961247714411e-01,9.586752339750836960e-01,3.736288259140561618e-01,5.661406705455140909e-01
6.490000000000000568e+01,1.399035051523970674e+00,4.162195879825074663e-01,9.589121507570884662e-01,3.723937808184848430e-01,5.647389361612300540e-01
6.500000000000000000e+01,1.397317137204774573e+00,4.152700027923411086e-01,9.589421453027582309e-01,3.711796796706784418e-01,5.634988472352387978e-01
6.510000000000000853e+01,1.396300553284608892e+00,4.143512728172566995e-01,9.585347613694009672e-01,3.705787014917239497e-01,5.626275431278406902e-01
6.520000000000000284e+01,1.397934792458909614e+00,4.136283080116547883e-01,9.584712153479540975e-01,3.704544206459071121e-01,5.624251864662810352e-01
6.529999999999999716e+01,1.397961491710538517e+00,4.130182740919462470e-01,9.585687129135757045e-01,3.706405225659317182e-01,5.624489434167425639e-01
6.540000000000000568e+01,1.397905538482119958e+00,4.125412299034034169e-01,9.586886172035266052e-01,3.709257794013159359e-01,5.627327794995382604e-01
6.550000000000000000e+01,1.399041914837168665e+00,4.124420048996016996e-01,9.589897475249197223e-01,3.710797792053361910e-01,5.626778084326613527e-01
6.560000000000000853e+01,1.398576388045661645e+00,4.131117892086026422e-01,9.602719744922701972e-01,3.719994734405754899e-01,5.639727290114461278e-01
6.570000000000000284e+01,1.400520436881121933e+00,4.140648575872919457e-01,9.613604394872808934e-01,3.731710011149589890e-01,5.654054347292174487e-01
6.579999999999999716e+01,1.400681000966302658e+00,4.147746518541901017e-01,9.618525758654979940e-01,3.739161736512618961e-01,5.663645247269503136e-01
6.590000000000000568e+01,1.400526952218873911e+00,4.151213344393117066e-01,9.618952183173959947e-01,3.741424100386056550e-01,5.668372788753206493e-01
6.600000000000000000e+01,1.401167492056600850e+00,4.148003027980741164e-01,9.614470808140531677e-01,3.738978632683298553e-01,5.668592038894467722e-01
6.610000000000000853e+01,1.402514993098906038e+00,4.144701710604306588e-01,9.608215363745986615e-01,3.734689364633569375e-01,5.666381316030826287e-01
6.620000000000000284e+01,1.402438154934538161e+00,4.140840398634096364e-01,9.606838787620355369e-01,3.733089234721804206e-01,5.667068651699087578e-01
6.629999999999999716e+01,1.401265790905050102e+00,4.137927872488011971e-01,9.609175630513074884e-01,3.735688765488300311e-01,5.671877349010199243e-01
6.640000000000000568e+01,1.402354173721217956e+00,4.138166703031785354e-01,9.614801779628745493e-01,3.733758811884113071e-01,5.669327868500759759e-01
6.650000000000000000e+01,1.402375937542464923e+00,4.140740289289335241e-01,9.616713075647523867e-01,3.730123043503353331e-01,5.662503963248274319e-01
6.660000000000000853e+01,1.403519484388530136e+00,4.146500871903597285e-01,9.623744596057106637e-01,3.727796309465166713e-01,5.662509522828221842e-01
6.670000000000000284e+01,1.406299721175307438e+00,4.153940069726630990e-01,9.636046572484510131e-01,3.728596699313884710e-01,5.663969604498494403e-01
6.679999999999999716e+01,1.408950200434930133e+00,4.161305657700857807e-01,9.650952616113450677e-01,3.730651085990753235e-01,5.669622552724147280e-01
6.690000000000000568e+01,1.410169788904450439e+00,4.171516266776450488e-01,9.665341881044595684e-01,3.734902717872078393e-01,5.676521236992523312e-01
6.700000000000000000e+01,1.410963616168607215e+00,4.182390403372153731e-01,9.680140123123072149e-01,3.743559152389435152e-01,5.687950334801300523e-01
6.710000000000000853e+01,1.412162457823269657e+00,4.189343388676908253e-01,9.686001882982889777e-01,3.755489192299404921e-01,5.701763788624765183e-01
6.720000000000000284e+01,1.412555110839644357e+00,4.195748103661083861e-01,9.685555783876953484e-01,3.765293386524373731e-01,5.712057646612336281e-01
6.729999999999999716e+01,1.415343177848436218e+00,4.199054183513332150e-01,9.687576639885225882e-01,3.773176977648592390e-01,5.721212622577416251e-01
6.740000000000000568e+01,1.415594390264885982e+00,4.200086408827711226e-01,9.692881676478305453e-01,3.778628599682376521e-01,5.728838158312743456e-01
6.750000000000000000e+01,1.416090278631740418e+00,4.198791999651840245e-01,9.701504998946319791e-01,3.782506602401158324e-01,5.736735244749534557e-01
6.760000000000000853e+01,1.418079881397765529e+00,4.193894167790773730e-01,9.701802644331212200e-01,3.781439371694648721e-01,5.736859130890757941e-01
6.770000000000000284e+01,1.418776491901573067e+00,4.186419306820139408e-01,9.694942361096703376e-01,3.782100629903946132e-01,5.740092013395027282e-01
6.779999999999999716e+01,1.418407627982435804e+00,4.179165386146052041e-01,9.689194190375649551e-01,3.776126280818312142e-01,5.731992401034308182e-01
6.790000000000000568e+01,1.417088433434296801e+00,4.175023111684608157e-01,9.690827221463347296e-01,3.775068186189249331e-01,5.729618841406854957e-01
6.800000000000000000e+01,1.418480197912325824e+00,4.172239524329337534e-01,9.698330368892282838e-01,3.769184080943346893e-01,5.729923419304783216e-01
6.810000000000000853e+01,1.417915183561395898e+00,4.171749006393200565e-01,9.694589060523270962e-01,3.769007023608138551e-01,5.726221851778627858e-01
6.820000000000000284e+01,1.417485225916915503e+00,4.173682380687974702e-01,9.692337956297261137e-01,3.766762912641735683e-01,5.719871770593050186e-01
6.829999999999999716e+01,1.418212201041828546e+00,4.177610442805657631e-01,9.695565402856579640e-01,3.765608523224835968e-01,5.713878811605274111e-01
6.840000000000000568e+01,1.418947433860890284e+00,4.184628662354979434e-01,9.710391146964475473e-01,3.765460609518112012e-01,5.715608019831079911e-01
6.850000000000000000e+01,1.421431481538400599e+00,4.198712042609353268e-01,9.736608747372349493e-01,3.772114815471456772e-01,5.726159777634448611e-01
6.860000000000000853e+01,1.424764085492659538e+00,4.210220999976278522e-01,9.759974716864293631e-01,3.776777368300488491e-01,5.736297793195668238e-01
6.870000000000000284e+01,1.426693374012964588e+00,4.215439578018203570e-01,9.770999263219839470e-01,3.784235939986424491e-01,5.743731005458424521e-01
6.879999999999999716e+01,1.426813457279077602e+00,4.217643067833437565e-01,9.777227339034694209e-01,3.787032957132170918e-01,5.743124188859367596e-01
6.890000000000000568e+01,1.425288300259770047e+00,4.215337965278357912e-01,9.776230127749065968e-01,3.785755857537985158e-01,5.741069960673501615e-01
6.900000000000000000e+01,1.424746791787516953e+00,4.211568224619733902e-01,9.772126475549037794e-01,3.776811472020226157e-01,5.731829102212691041e-01
6.910000000000000853e+01,1.426134455112194832e+00,4.207263529331617402e-01,9.769898306229112261e-01,3.772681429412750309e-01,5.728727496411480935e-01
6.920000000000000284e+01,1.426893917018217106e+00,4.204580101543584636e-01,9.772798934922901637e-01,3.770195620752272436e-01,5.723865396075825673e-01
6.929999999999999716e+01,1.429369699074364952e+00,4.206121355539551021e-01,9.781210839489402620e-01,3.774375997214831080e-01,5.729643209039761986e-01
6.940000000000000568e+01,1.430927361600908609e+00,4.210478702283235730e-01,9.791776241291878513e-01,3.778581013740073824e-01,5.737981617909475585e-01
6.950000000000000000e+01,1.432686158564199674e+00,4.219070751139186171e-01,9.810830486939782213e-01,3.782243831825239933e-01,5.748904292334923172e-01
6.960000000000000853e+01,1.432557337855969948e+00,4.224269606671618993e-01,9.825533846038300156e-01,3.787863257646356674e-01,5.754128957915182196e-01
6.970000000000000284e+01,1.434219781575829300e+00,4.227203907425219898e-01,9.832528698155991176e-01,3.790482607784004809e-01,5.756145317447000087e-01
6.979999999999999716e+01,1.434574851850189736e+00,4.231475468356994396e-01,9.835694585521262967e-01,3.790813031988308213e-01,5.760809212948108105e-01
6.990000000000000568e+01,1.435245868085094134e+00,4.237238868984013473e-01,9.848819395133744381e-01,3.794008082695153883e-01,5.767426551163413739e-01
7.000000000000000000e+01,1.437491943127646499e+00,4.247033297219074965e-01,9.861020654492010928e-01,3.803665762646449289e-01,5.780990838605573057e-01
7.010000000000000853e+01,1.438854838195175345e+00,4.254501463393560723e-01,9.873097179160120751e-01,3.814403898398641135e-01,5.787248087311483991e-01
7.020000000000000284e+01,1.440234282873918747e+00,4.263902670281234375e-01,9.886428303324630296e-01,3.827234772939790419e-01,5.805440421513082816e-01
7.029999999999999716e+01,1.440975205342294840e+00,4.276268523250856823e-01,9.896987565002081100e-01,3.839248063111113107e-01,5.823602193446895114e-01
7.040000000000000568e+01,1.442320172803663425e+00,4.288466610221045028e-01,9.908400567902367895e-01,3.851085820464211218e-01,5.842817782946232441e-01
7.050000000000000000e+01,1.442448991981059025e+00,4.296884138944440656e-01,9.910010348400717373e-01,3.854853781978679339e-01,5.849254080695504010e-01
7.060000000000000853e+01,1.444042657656520179e+00,4.297707124499153264e-01,9.899256359071543221e-01,3.858300969705184547e-01,5.851578789015456916e-01
7.070000000000000284e+01,1.445718539534085467e+00,4.292125980042618139e-01,9.882845353145426337e-01,3.855409316970401234e-01,5.840998571538621453e-01
7.079999999999999716e+01,1.448447704151362370e+00,4.286015870159262109e-01,9.876318297664996582e-01,3.849699748460666537e-01,5.838124068012923162e-01
7.090000000000000568e+01,1.448799944968530262e+00,4.280191483598528301e-01,9.877835595077363307e-01,3.844593878765948936e-01,5.832635691138777778e-01
7.100000000000000000e+01,1.449912640997280011e+00,4.277126365506171979e-01,9.881085252110981543e-01,3.841995124015443741e-01,5.832586809100764880e-01
7.110000000000000853e+01,1.448635931827253476e+00,4.276516191034980263e-01,9.879936975698044854e-01,3.839625943079930104e-01,5.827459077813982313e-01
7.120000000000000284e+01,1.449489904472622159e+00,4.274195792192084231e-01,9.879545350353933220e-01,3.837354481700045450e-01,5.824241807225241097e-01
7.129999999999999716e+01,1.450485433006161839e+00,4.275075253917475226e-01,9.882967317762255677e-01,3.841135614280727362e-01,5.829213894293174825e-01
7.140000000000000568e+01,1.450523885871071617e+00,4.278242165715820944e-01,9.894926848018030796e-01,3.846173469687003132e-01,5.833564877179996389e-01
7.150000000000000000e+01,1.451024198758473105e+00,4.280432252817121253e-01,9.903584729874039816e-01,3.846669546983419452e-01,5.835447449321741198e-01
7.160000000000000853e+01,1.452260899137167938e+00,4.283897189237079184e-01,9.914399322272268167e-01,3.844940834780618544e-01,5.833809859022998090e-01
7.170000000000000284e+01,1.454304918680257019e+00,4.289208296470299331e-01,9.928202366844995908e-01,3.843684118104471747e-01,5.842137537014256976e-01
7.179999999999999716e+01,1.455168174343741461e+00,4.290797791020622420e-01,9.938882496608608674e-01,3.846988685517703788e-01,5.844144151642661766e-01
7.190000000000000568e+01,1.455357739948024420e+00,4.290392709134517868e-01,9.941438654994341206e-01,3.847855467488509040e-01,5.839828213122453260e-01
7.200000000000000000e+01,1.455283407607474100e+00,4.291894773588414980e-01,9.935535775145331039e-01,3.855352674280322911e-01,5.847957964794034957e-01
7.210000000000000853e+01,1.455926790845248453e+00,4.292304275930637902e-01,9.927964833478303275e-01,3.861630035563636265e-01,5.851000938170503041e-01
7.220000000000000284e+01,1.455748617910513909e+00,4.292689164252605494e-01,9.925672876710380788e-01,3.868592933353753316e-01,5.858713732682634401e-01
7.229999999999999716e+01,1.457178656856384258e+00,4.297378046485023639e-01,9.931884468337672800e-01,3.873651721699053474e-01,5.867698827015778162e-01
7.240000000000000568e+01,1.458974776444410981e+00,4.302289792383524047e-01,9.942294409793120957e-01,3.874522354385820933e-01,5.869083846856512077e-01
7.250000000000000000e+01,1.460956419258977901e+00,4.304353450699313077e-01,9.950473512303852353e-01,3.872992277016097384e-01,5.868128951285072059e-01
7.260000000000000853e+01,1.461894475951047490e+00,4.303653481582441764e-01,9.944599700291383293e-01,3.873718138681201961e-01,5.866960906216462934e-01
7.270000000000000284e+01,1.462014091575858821e+00,4.298102950402980515e-01,9.927907041343271288e-01,3.869703261988516885e-01,5.865719646088211059e-01
7.279999999999999716e+01,1.461121842050502773e+00,4.290749710061927402e-01,9.909698976542802296e-01,3.866057500392042767e-01,5.859454833458358491e-01
7.290000000000000568e+01,1.461034054564600337e+00,4.281947517668101000e-01,9.890825071880205988e-01,3.859225572898536405e-01,5.853849741765745351e-01
7.300000000000000000e+01,1.460643511179397391e+00,4.267076321681483320e-01,9.877333469181255321e-01,3.851280108968210825e-01,5.844572791517623767e-01
7.310000000000000853e+01,1.460231264917096983e+00,4.249172387054147015e-01,9.869508976637825226e-01,3.842365001910290068e-01,5.834353709128633492e-01
7.320000000000000284e+01,1.459701485584735448e+00,4.232392996752863401e-01,9.856364784776464605e-01,3.831885136568597972e-01,5.822324409563623959e-01
7.329999999999999716e+01,1.458746360173407863e+00,4.216410089276377837e-01,9.835803962590971006e-01,3.819720838637705729e-01,5.806054216953786540e-01
7.340000000000000568e+01,1.459299945108477603e+00,4.204619900661535903e-01,9.816584157651216946e-01,3.808622092648420998e-01,5.792716229268360939e-01
7.350000000000000000e+01,1.457792424548644883e+00,4.197749990430120204e-01,9.803971734178006381e-01,3.799745060330378399e-01,5.780077053490153549e-01
7.360000000000000853e+01,1.458074273901065476e+00,4.194135305748449838e-01,9.790724411505595803e-01,3.794413320854396199e-01,5.776190070280828870e-01
7.370000000000000284e+01,1.459164516012044777e+00,4.196588114292854055e-01,9.789077882957120114e-01,3.794853847470221475e-01,5.779926796220147267e-01
7.379999999999999716e+01,1.460925600926838763e+00,4.203576204867212063e-01,9.796928210237357826e-01,3.803373651056802807e-01,5.793299631790680415e-01
7.390000000000000568e+01,1.462666959895492003e+00,4.208954046209939515e-01,9.798069308400357835e-01,3.809573131153605186e-01,5.798273062567619318e-01
7.400000000000000000e+01,1.462662060103626427e+00,4.213197656040334471e-01,9.799557628428922085e-01,3.813624664048574364e-01,5.808435410078778283e-01
7.410000000000000853e+01,1.465106598983519914e+00,4.217339660788494982e-01,9.810072139056155160e-01,3.817559770904096483e-01,5.813371361501836754e-01
7.420000000000000284e+01,1.466288347629957745e+00,4.222991745456310397e-01,9.823781874543467962e-01,3.819735844754372778e-01,5.824200185815610054e-01
7.429999999999999716e+01,1.467282739829134153e+00,4.227657519209475079e-01,9.835241637320780717e-01,3.824120338170213240e-01,5.827732327322330264e-01
7.440000000000000568e+01,1.469518380921173151e+00,4.236148669367757469e-01,9.854532527739645609e-01,3.831901811277308445e-01,5.834568794410557313e-01
7.450000000000000000e+01,1.473012443496509727e+00,4.251803223724883174e-01,9.888665063452386494e-01,3.845182391918374742e-01,5.851431731328704533e-01
7.460000000000000853e+01,1.474354630223666307e+00,4.266650630514903231e-01,9.918047097858818661e-01,3.855968840871217829e-01,5.865806643562320177e-01
7.470000000000000284e+01,1.476603667179129165e+00,4.283244150290081986e-01,9.941106408647846227e-01,3.865067624572074423e-01,5.878831896660159373e-01
7.479999999999999716e+01,1.478441776840440092e+00,4.299541007933617154e-01,9.962973464656533773e-01,3.875775577278711692e-01,5.887140022549601781e-01
7.490000000000000568e+01,1.479826047015859958e+00,4.316671190433647443e-01,9.986323781156766222e-01,3.883965734322455399e-01,5.900827328427151741e-01
7.500000000000000000e+01,1.481744398301597654e+00,4.335868190061969996e-01,1.001231310782678019e+00,3.893318950589936822e-01,5.914998050719144640e-01
7.510000000000000853e+01,1.484588660361017221e+00,4.351681246356479682e-01,1.003401957510522191e+00,3.905157599661186474e-01,5.930713200314255973e-01
7.520000000000000284e+01,1.485746434417919870e+00,4.361158696384920264e-01,1.004690174302186323e+00,3.911487646924126649e-01,5.938622192891278573e-01
7.529999999999999716e+01,1.485931034459227362e+00,4.366119243494049895e-01,1.005527403080894056e+00,3.917131416057182403e-01,5.944928730532555994e-01
7.540000000000000568e+01,1.487727564757792553e+00,4.370014452802336025e-01,1.006312906296557674e+00,3.919864623826775918e-01,5.950312655498962711e-01
7.550000000000000000e+01,1.487685683019990490e+00,4.368189485406742678e-01,1.005781286006922182e+00,3.916847461765797789e-01,5.949633726791373478e-01
7.560000000000000853e+01,1.487071705021429269e+00,4.365931569793795042e-01,1.004671330049336619e+00,3.915454090456573222e-01,5.944368168271917385e-01
7.570000000000000284e+01,1.489210419161964838e+00,4.365312581514270152e-01,1.004070149389874045e+00,3.915316368849062201e-01,5.948019910961528378e-01
7.579999999999999716e+01,1.490540613730769293e+00,4.361003245789212279e-01,1.003278788407100830e+00,3.914597022907404522e-01,5.949150402591222297e-01
7.590000000000000568e+01,1.491958823309538218e+00,4.354392243203009105e-01,1.002723332798423073e+00,3.919280309072655788e-01,5.953294947107724555e-01
7.600000000000000000e+01,1.492599684360016221e+00,4.345142654196965659e-01,1.001817580741074742e+00,3.921557923591248440e-01,5.956701752487003620e-01
7.610000000000000853e+01,1.493649385061933899e+00,4.334622420373053231e-01,1.000810959125140398e+00,3.917718331267973642e-01,5.951713753835684573e-01
7.620000000000000284e+01,1.492942695915815188e+00,4.322250327147308391e-01,9.996516193824301899e-01,3.907474652811940841e-01,5.940023148941910858e-01
7.629999999999999716e+01,1.493950838905272693e+00,4.308421797843279277e-01,9.984008378701243469e-01,3.895386800351678391e-01,5.928418620262349004e-01
7.640000000000000568e+01,1.493389156685400065e+00,4.294372315035195897e-01,9.968253476011011971e-01,3.886049294826970923e-01,5.917877559524428177e-01
7.650000000000000000e+01,1.492806897040074521e+00,4.281312473343837910e-01,9.949655513965525166e-01,3.879788723346109247e-01,5.910811989346561601e-01
7.660000000000000853e+01,1.492160302273458417e+00,4.266455922469826745e-01,9.933872936018811606e-01,3.870500344033366291e-01,5.900683190484314888e-01
7.670000000000000284e+01,1.492082086600776458e+00,4.254103762969738134e-01,9.919580410757414812e-01,3.863203319543526137e-01,5.892602212246438320e-01
7.680000000000001137e+01,1.492354768156978873e+00,4.246495438578985482e-01,9.910493982862732532e-01,3.858974303491374824e-01,5.889953869541546538e-01
7.690000000000000568e+01,1.493244644709041280e+00,4.242203615866222410e-01,9.908864893403231955e-01,3.857233414450416675e-01,5.889803577356385045e-01
7.700000000000000000e+01,1.494985071481233385e+00,4.244270459185174871e-01,9.914653368963283198e-01,3.857084852583462231e-01,5.892424292919901108e-01
7.710000000000000853e+01,1.496487893579648398e+00,4.250069990653144170e-01,9.932208219907791014e-01,3.860960567249672182e-01,5.899965707102384771e-01
7.720000000000000284e+01,1.497361310516273747e+00,4.259849011857907986e-01,9.946161989952491123e-01,3.865652934682106134e-01,5.903714626401360688e-01
7.730000000000001137e+01,1.497700118460911112e+00,4.271225742815770721e-01,9.957041922666707290e-01,3.873149535664975329e-01,5.913070063270227106e-01
7.740000000000000568e+01,1.498778407514530953e+00,4.282474607367396380e-01,9.965083570314862138e-01,3.880080557223776205e-01,5.920006812067530877e-01
7.750000000000000000e+01,1.499952285093974824e+00,4.295284192917931954e-01,9.980316757521153770e-01,3.886775077706746129e-01,5.927247951986078789e-01
7.760000000000000853e+01,1.503205167066444581e+00,4.305700963843699935e-01,9.998372887149999944e-01,3.893444497455553766e-01,5.934821635063791678e-01
7.770000000000000284e+01,1.505421169393843961e+00,4.315233269010261830e-01,1.001471377621740544e+00,3.902618987345555790e-01,5.944153816511310584e-01
7.780000000000001137e+01,1.506903685004730820e+00,4.326497206086199476e-01,1.002782830230052546e+00,3.912968527644093975e-01,5.954146104179988130e-01
7.790000000000000568e+01,1.509672890581224669e+00,4.338351477136133671e-01,1.004220676383190902e+00,3.919382822518422405e-01,5.956463056172421888e-01
7.800000000000000000e+01,1.511910928974921964e+00,4.349489867729690040e-01,1.005333953097192090e+00,3.925487361899228644e-01,5.962795785436515450e-01
7.810000000000000853e+01,1.515059328777512704e+00,4.354585511604219250e-01,1.006544121781687728e+00,3.930587140099094379e-01,5.966190585784393319e-01
7.820000000000000284e+01,1.517038647500300819e+00,4.358472809390281366e-01,1.007728770744171776e+00,3.935288311807297879e-01,5.974947780716476364e-01
7.830000000000001137e+01,1.518391220660485930e+00,4.366264497458920424e-01,1.008645682732603355e+00,3.939690707607981235e-01,5.978386184054164110e-01
7.840000000000000568e+01,1.519054395432278826e+00,4.375664686108760026e-01,1.009777691563570112e+00,3.946618957421840768e-01,5.986508788711897289e-01
7.850000000000000000e+01,1.520525768874957606e+00,4.386296226019690825e-01,1.011717210609934581e+00,3.954227998196618854e-01,5.996812741223178644e-01
7.860000000000000853e+01,1.521466151924278476e+00,4.392293875211302767e-01,1.012894705710169818e+00,3.957616080869022501e-01,6.001925843990156828e-01
7.870000000000000284e+01,1.521459754985781121e+00,4.392658089705753777e-01,1.013925768467275779e+00,3.960346285653362775e-01,6.004974965605525128e-01
7.880000000000001137e+01,1.524423950396600169e+00,4.391614146037512989e-01,1.014982279053532332e+00,3.963166495181567606e-01,6.009621457722149618e-01
7.890000000000000568e+01,1.526686276232415596e+00,4.388141682583358016e-01,1.015432012864729616e+00,3.962546767318548824e-01,6.010115231762049870e-01
7.900000000000000000e+01,1.525932430457903610e+00,4.388027002061782866e-01,1.015273458684596841e+00,3.961383251349860912e-01,6.008232156171898763e-01
7.910000000000000853e+01,1.526171128294284030e+00,4.385697107602232747e-01,1.014477985745135369e+00,3.959864781926559218e-01,6.007394436058738352e-01
7.920000000000000284e+01,1.527000028713061175e+00,4.383286191059501125e-01,1.014124793474948660e+00,3.959229681881911156e-01,6.007834493417752997e-01
7.930000000000001137e+01,1.528430907746962220e+00,4.382371164688859677e-01,1.014796833840427404e+00,3.960080452075923629e-01,6.007200988318217583e-01
7.940000000000000568e+01,1.528527579381235180e+00,4.384116325042006768e-01,1.015298615198213517e+00,3.966492916488288389e-01,6.020255636313109893e-01
7.950000000000000000e+01,1.530140762485745931e+00,4.385188727012230281e-01,1.015510378476744968e+00,3.971568726478832412e-01,6.028905558849523283e-01
7.960000000000000853e+01,1.532464402944061055e+00,4.383481903721471173e-01,1.015882702439869112e+00,3.976525063256990955e-01,6.031704308150114269e-01
7.970000000000000284e+01,1.533213330971093580e+00,4.380786098572518328e-01,1.016045991891668443e+00,3.982020689514736977e-01,6.034054262937570412e-01
7.980000000000001137e+01,1.534587003245125647e+00,4.376001666492304598e-01,1.015509387212478298e+00,3.987140199022708442e-01,6.041898606109410430e-01
7.990000000000000568e+01,1.536355154849859739e+00,4.376263074237773387e-01,1.015059775789931340e+00,3.992711252346344275e-01,6.044365717466836374e-01
8.000000000000000000e+01,1.535868410282080543e+00,4.379616144479933082e-01,1.014894663532945218e+00,3.993494029197012241e-01,6.045942754665998287e-01
8.010000000000000853e+01,1.536700466024536915e+00,4.377361032106991678e-01,1.014427752686567041e+00,3.992198450699444567e-01,6.049123450041451466e-01
8.020000000000000284e+01,1.535886427082853167e+00,4.374048568701158768e-01,1.013890950910209643e+00,3.985505511071955609e-01,6.038895799088845884e-01
8.030000000000001137e+01,1.534254521441334562e+00,4.373382062917394730e-01,1.013500449724792141e+00,3.982468091479275385e-01,6.039311309149792972e-01
8.040000000000000568e+01,1.532854523331532492e+00,4.373326440338615173e-01,1.013609023946388410e+00,3.977100464678973157e-01,6.035239312988631699e-01
8.050000000000000000e+01,1.533206961540973357e+00,4.376142737214174794e-01,1.014573563945144308e+00,3.974512986070684595e-01,6.034955596401708755e-01
8.060000000000000853e+01,1.534689927513406937e+00,4.375794664234611830e-01,1.015343386400799242e+00,3.974812134229562255e-01,6.037277168721247866e-01
8.070000000000000284e+01,1.536443366352577833e+00,4.375779339820209946e-01,1.016358379542905199e+00,3.977838419263900471e-01,6.042351628987789880e-01
8.080000000000001137e+01,1.538517768196623559e+00,4.380958661568405410e-01,1.017608057180765302e+00,3.980611090002126318e-01,6.045298413284992955e-01
8.090000000000000568e+01,1.539184754733071703e+00,4.387545490987648233e-01,1.018505520582324575e+00,3.980083664616841377e-01,6.046595862401950017e-01
8.100000000000000000e+01,1.541349908457360751e+00,4.392803180689043296e-01,1.019832160456898507e+00,3.982734218277208527e-01,6.053835585888511783e-01
8.110000000000000853e+01,1.544140119503687014e+00,4.398295526705766068e-01,1.021312148733640068e+00,3.988693206694886584e-01,6.064661357234819583e-01
8.120000000000000284e+01,1.544291574126221533e+00,4.402276169467172484e-01,1.021796323601663614e+00,3.992522772851287982e-01,6.072397305497717612e-01
8.130000000000001137e+01,1.544533621331771300e+00,4.407696081338229321e-01,1.022440198324692684e+00,3.996892770453994714e-01,6.082130154613099027e-01
8.140000000000000568e+01,1.547144159960275767e+00,4.412647812204837372e-01,1.023675632850445272e+00,3.998405995966846649e-01,6.085879024117183400e-01
8.150000000000000000e+01,1.547112650604187678e+00,4.416039131923814032e-01,1.024526237200964252e+00,3.997815389896665628e-01,6.087656587293314159e-01
8.160000000000000853e+01,1.547232064576651966e+00,4.417225768691018795e-01,1.024561321558566718e+00,4.000506292592017066e-01,6.087586804086392300e-01
8.170000000000000284e+01,1.547513743472052949e+00,4.417870509617635166e-01,1.023889269404652191e+00,4.006851868397766081e-01,6.095377423044748832e-01
8.180000000000001137e+01,1.547799229813271449e+00,4.419013274122134405e-01,1.023031183214914375e+00,4.011736480385283965e-01,6.103651817013512337e-01
8.190000000000000568e+01,1.547690598009789253e+00,4.422161769774647921e-01,1.022530670622922466e+00,4.017706746053657518e-01,6.109928492970784220e-01
8.200000000000000000e+01,1.548610333840577002e+00,4.429918969128515682e-01,1.022981665979932675e+00,4.022754636089621028e-01,6.115167650655956022e-01
8.210000000000000853e+01,1.551258351146968861e+00,4.436434462975318294e-01,1.024285752082775502e+00,4.027741811230797775e-01,6.120564558603069916e-01
8.220000000000000284e+01,1.553434964382029992e+00,4.439702351659898238e-01,1.025548275309109636e+00,4.029387746766046052e-01,6.119029918907405996e-01
8.230000000000001137e+01,1.554792516890817433e+00,4.442409964773006981e-01,1.026029445519586414e+00,4.031699790552709661e-01,6.121791442243312842e-01
8.240000000000000568e+01,1.556434264215378338e+00,4.449224101687533905e-01,1.026970270493624993e+00,4.037760647328960673e-01,6.126086498125054014e-01
8.250000000000000000e+01,1.556192866744070091e+00,4.460154858349044127e-01,1.028412908151366434e+00,4.045985236986277545e-01,6.136500552317513124e-01
8.260000000000000853e+01,1.557852704649554054e+00,4.469985036489813046e-01,1.029710386922513932e+00,4.050591270605076732e-01,6.139778900841909026e-01
8.270000000000000284e+01,1.558939793591696654e+00,4.478521806882048706e-01,1.031056559527106842e+00,4.053976322064545279e-01,6.150147071801234100e-01
8.280000000000001137e+01,1.560080717353139468e+00,4.481617826316150466e-01,1.031736394912827759e+00,4.059137930503579628e-01,6.153946067823496957e-01
8.290000000000000568e+01,1.561141507046980070e+00,4.477719788968409498e-01,1.031013352228110413e+00,4.059743934620225758e-01,6.158178551925125310e-01
8.300000000000000000e+01,1.562360862424497343e+00,4.472913092684379643e-01,1.030640962132427063e+00,4.063349803816521666e-01,6.166321117230176840e-01
8.310000000000000853e+01,1.564177161873794075e+00,4.468142461358154405e-01,1.030681324110948482e+00,4.062917596808698906e-01,6.170044537671629525e-01
8.320000000000000284e+01,1.564448742232605216e+00,4.464980502337888568e-01,1.030554442464505227e+00,4.058149436566841906e-01,6.170880148934169140e-01
8.330000000000001137e+01,1.565380716036483211e+00,4.461941956857684577e-01,1.030791443407535812e+00,4.054847280337727788e-01,6.171652666437621448e-01
8.340000000000000568e+01,1.566778624821334454e+00,4.459989635089762205e-01,1.031042866640887956e+00,4.052180399757411844e-01,6.167596539438595649e-01
8.350000000000000000e+01,1.569789744504885620e+00,4.462029066028403435e-01,1.031590659958092626e+00,4.050163588384860791e-01,6.170624776701564285e-01
8.360000000000000853e+01,1.569877170093927132e+00,4.457368360894539694e-01,1.030730366379000618e+00,4.047669986438170442e-01,6.168435487446333187e-01
8.370000000000000284e+01,1.570254026912954570e+00,4.450362055906913472e-01,1.029484617330435503e+00,4.045559268145310083e-01,6.164041195908745996e-01
8.380000000000001137e+01,1.570041657652250677e+00,4.445434643809669795e-01,1.027630934624371273e+00,4.039860871836024048e-01,6.156851044786748606e-01
8.390000000000000568e+01,1.572038630193364650e+00,4.438279237374579966e-01,1.025916272631964832e+00,4.033188577402045394e-01,6.144972971955433572e-01
8.400000000000000000e+01,1.573173198288308816e+00,4.429969506370088905e-01,1.024314001238618044e+00,4.026587428735591279e-01,6.135653346886895676e-01
8.410000000000000853e+01,1.572665921522787391e+00,4.425884292328126635e-01,1.023286697359558461e+00,4.021411890672454414e-01,6.128448512564207418e-01
8.420000000000000284e+01,1.571375968611713470e+00,4.424754253804148996e-01,1.023170980329282331e+00,4.019324071766944839e-01,6.127331931314629054e-01
8.430000000000001137e+01,1.572991342370913426e+00,4.430359665194661956e-01,1.024994203143513527e+00,4.024782152906404287e-01,6.134515069814802102e-01
8.440000000000000568e+01,1.573815903490486834e+00,4.438224766418933931e-01,1.027035355715628651e+00,4.032334610741816761e-01,6.142255434094537891e-01
8.450000000000000000e+01,1.575042111045207971e+00,4.444077559633743402e-01,1.028444305655378255e+00,4.041186404627297168e-01,6.151504826243886503e-01
8.460000000000000853e+01,1.576261788130064678e+00,4.451708602131077552e-01,1.029537536539300691e+00,4.050862853785214823e-01,6.162917839697367173e-01
8.470000000000000284e+01,1.576903286412612237e+00,4.460620894380863954e-01,1.030269092261555164e+00,4.060909855705740479e-01,6.174488716293973223e-01
8.480000000000001137e+01,1.579738802543198872e+00,4.465350425867066209e-01,1.030156455845718133e+00,4.062892303749647827e-01,6.179407272343274693e-01
8.490000000000000568e+01,1.581218768134731167e+00,4.472100170079205683e-01,1.030436538030579330e+00,4.067144671509845266e-01,6.186461542747858644e-01
8.500000000000000000e+01,1.582830857746809761e+00,4.476151442882442821e-01,1.030732830730572758e+00,4.070908205450541884e-01,6.194040865365042503e-01
8.510000000000000853e+01,1.584979280687342840e+00,4.476982897086357882e-01,1.031471092470035877e+00,4.075777266475003047e-01,6.200101035295152441e-01
8.520000000000000284e+01,1.586566552733259527e+00,4.483550786723497494e-01,1.033306608782353697e+00,4.085199484968728978e-01,6.212362785246553498e-01
8.530000000000001137e+01,1.589241940549448229e+00,4.490681188014622460e-01,1.035187234343211138e+00,4.090719753235451117e-01,6.220647473753148082e-01
8.540000000000000568e+01,1.588802420285325034e+00,4.496475063026463825e-01,1.036631780379736245e+00,4.095031904067561457e-01,6.227598715021889220e-01
8.550000000000000000e+01,1.589369516404375737e+00,4.503144250536504911e-01,1.037416670039869038e+00,4.095365994662645281e-01,6.231976881005569791e-01
8.560000000000000853e+01,1.591461666158786148e+00,4.507856843855668205e-01,1.037673890467704307e+00,4.097255963690414893e-01,6.237019957796001712e-01
8.570000000000000284e+01,1.592295298836288397e+00,4.512918903524328340e-01,1.037557682600587228e+00,4.097114532325736858e-01,6.235887494090778249e-01
8.580000000000001137e+01,1.593823882179916662e+00,4.520444262756100895e-01,1.038544407051667395e+00,4.101985288902484927e-01,6.243428363325982389e-01
8.590000000000000568e+01,1.597011795081188623e+00,4.524703633792717672e-01,1.039667984757638886e+00,4.105724254865287248e-01,6.247638281393429471e-01
8.600000000000000000e+01,1.599082679953540920e+00,4.526493128489691431e-01,1.040156060336407728e+00,4.110203112615662402e-01,6.252621717898607656e-01
8.610000000000000853e+01,1.600239487775545033e+00,4.525227156608939150e-01,1.039602072356273332e+00,4.111341066197542471e-01,6.252859522972105122e-01
8.620000000000000284e+01,1.601188583705735580e+00,4.522932375684293738e-01,1.038716517334013600e+00,4.115756547191039560e-01,6.259866215985049331e-01
8.630000000000001137e+01,1.600588634551891376e+00,4.518554956424730151e-01,1.037835013315723476e+00,4.113284418142459375e-01,6.252815808917020490e-01
8.640000000000000568e+01,1.600107624796831329e+00,4.515285410214370798e-01,1.036978678342001858e+00,4.112363442291664950e-01,6.255563847454378434e-01
8.650000000000000000e+01,1.601577296948118345e+00,4.516937623053024486e-01,1.036841147473397617e+00,4.116323464773023466e-01,6.259446120152841742e-01
8.660000000000000853e+01,1.602477218789222668e+00,4.521110876091077313e-01,1.037480685246502832e+00,4.121627015723038912e-01,6.270245376684586702e-01
8.670000000000000284e+01,1.604361784745392372e+00,4.526138287109736646e-01,1.038259535955651014e+00,4.127866414924339367e-01,6.277946346591355420e-01
8.680000000000001137e+01,1.604899250574204794e+00,4.531601658577850689e-01,1.038533867285313050e+00,4.136122609327660404e-01,6.285887811047703444e-01
8.690000000000000568e+01,1.607429340009286722e+00,4.538092062504083812e-01,1.039372672339593073e+00,4.143395796775576900e-01,6.299086100671617006e-01
8.700000000000000000e+01,1.607885462604642157e+00,4.547401888582264240e-01,1.040407187523863186e+00,4.153670163121110370e-01,6.315019425397503383e-01
8.710000000000000853e+01,1.610256239829521041e+00,4.554283647771722454e-01,1.041758154822683968e+00,4.162708361262875689e-01,6.324745001307290337e-01
8.720000000000000284e+01,1.613613007873652139e+00,4.556700196659470570e-01,1.042945917792941879e+00,4.167612352208685533e-01,6.328946155948678154e-01
8.730000000000001137e+01,1.615380843056636317e+00,4.557986872299278347e-01,1.043917878892519413e+00,4.169484043337621793e-01,6.328281528392322164e-01
8.740000000000000568e+01,1.616521513807253729e+00,4.560294889866888801e-01,1.045195593627656461e+00,4.169779587117229958e-01,6.326946118689219523e-01
8.750000000000000000e+01,1.617800643853664511e+00,4.560112739022577633e-01,1.045639123873835841e+00,4.169166246414898191e-01,6.329139166183449516e-01
8.760000000000000853e+01,1.618737191845126100e+00,4.553163321553634346e-01,1.044722004619680344e+00,4.168720926334611443e-01,6.331274569656324402e-01
8.770000000000000284e+01,1.619950452972160670e+00,4.544465794724611984e-01,1.043642676970346406e+00,4.171730875809142591e-01,6.336337654962724830e-01
8.780000000000001137e+01,1.620497181249200169e+00,4.538752693581653563e-01,1.042795713972865412e+00,4.174615654734354364e-01,6.340847321104255974e-01
8.790000000000000568e+01,1.618798148166015194e+00,4.535347206385002550e-01,1.041973807699215548e+00,4.174110599688192758e-01,6.339971062740884511e-01
8.800000000000000000e+01,1.620404145100334148e+00,4.535850526826453177e-01,1.042010261665212267e+00,4.171538844378304689e-01,6.333383773536729322e-01
8.810000000000000853e+01,1.622237348622025843e+00,4.535601821650032672e-01,1.041589295574482321e+00,4.168034419678212643e-01,6.330196764803646126e-01
8.820000000000000284e+01,1.621121722539221599e+00,4.535616079941777179e-01,1.041653653622747866e+00,4.167287086613556402e-01,6.328171990787559986e-01
8.830000000000001137e+01,1.622658467087385592e+00,4.538002345554161820e-01,1.041782541865433620e+00,4.168652894597962844e-01,6.332397727929750531e-01
8.840000000000000568e+01,1.624735888016319185e+00,4.546610091982582480e-01,1.042924652656675333e+00,4.169755207383076812e-01,6.333183719104468201e-01
8.850000000000000000e+01,1.625308239665122390e+00,4.553503590873752560e-01,1.044247560865469326e+00,4.172939723541971291e-01,6.339604764522079883e-01
8.860000000000000853e+01,1.627881482202332863e+00,4.562562895876561275e-01,1.045850404398031896e+00,4.181192914352602208e-01,6.350624109025796438e-01
8.870000000000000284e+01,1.629817944798964247e+00,4.573979766719749596e-01,1.048098860004245125e+00,4.193524354212695981e-01,6.364455399574784344e-01
8.880000000000001137e+01,1.631441746437771956e+00,4.580067732665947244e-01,1.049111705702367336e+00,4.202750836776367183e-01,6.380800992519186643e-01
8.890000000000000568e+01,1.634738190563619353e+00,4.585793827493807040e-01,1.049606445586090953e+00,4.211076142501460340e-01,6.392805376977271914e-01
8.900000000000000000e+01,1.636434441094527070e+00,4.590427052213905124e-01,1.049676796537376555e+00,4.218738912200574176e-01,6.397218926400088934e-01
8.910000000000000853e+01,1.639172951669233047e+00,4.597046166534392575e-01,1.050471622048122722e+00,4.225316682728459949e-01,6.404966447074038616e-01
8.920000000000000284e+01,1.640850389795095676e+00,4.610874484734312495e-01,1.052322762066793871e+00,4.232361577392014240e-01,6.413700634764361030e-01
8.930000000000001137e+01,1.643500539397761528e+00,4.622504634077231889e-01,1.054077376793102871e+00,4.240749216751301121e-01,6.424692848962598735e-01
8.940000000000000568e+01,1.645113143593203153e+00,4.630038016272885470e-01,1.055117174054307716e+00,4.247215584038665503e-01,6.428891337647029136e-01
8.950000000000000000e+01,1.646690107668679071e+00,4.635247949094608022e-01,1.056250848074529403e+00,4.249283052850418296e-01,6.432486337732259418e-01
8.960000000000000853e+01,1.649254214624457093e+00,4.637970223855546470e-01,1.056927301716180656e+00,4.249480787832409234e-01,6.429125746928036067e-01
8.970000000000000284e+01,1.649083273626153590e+00,4.639910534043529822e-01,1.057755138057485444e+00,4.246113014976885536e-01,6.430183264216764449e-01
8.980000000000001137e+01,1.650515258926356088e+00,4.644056410576529736e-01,1.059360706096405869e+00,4.244025823177071111e-01,6.430685764377154223e-01
8.990000000000000568e+01,1.651278734994161335e+00,4.651075871448889787e-01,1.060659739520019684e+00,4.243240140704845897e-01,6.431332033975829532e-01
9.000000000000000000e+01,1.652520692734692709e+00,4.652456959712631956e-01,1.061547340812061480e+00,4.242892635147724190e-01,6.433962812251052821e-01
9.010000000000000853e+01,1.652318042989865621e+00,4.646445867994394296e-01,1.060782358732968111e+00,4.239722672680895643e-01,6.426730778331218863e-01
9.020000000000000284e+01,1.653344829630631230e+00,4.635500139118583496e-01,1.059793656988246013e+00,4.235258899150963208e-01,6.424030785207603955e-01
9.030000000000001137e+01,1.653318655404991899e+00,4.623046613880723021e-01,1.058632048918175306e+00,4.231664444818893367e-01,6.425028928914421344e-01
9.040000000000000568e+01,1.654659544274079908e+00,4.607617763940107247e-01,1.057361691922994007e+00,4.227061447784911663e-01,6.421186145175841187e-01
9.050000000000000000e+01,1.654491084232702525e+00,4.595328013712136062e-01,1.055984050249012096e+00,4.216172468711991694e-01,6.403487891583973246e-01
9.060000000000000853e+01,1.655967131947640114e+00,4.589215100597112129e-01,1.056057315584306711e+00,4.211999456352162885e-01,6.404545530964085298e-01
9.070000000000000284e+01,1.658634566672511301e+00,4.583396423445627588e-01,1.055825111383985160e+00,4.208638164645162605e-01,6.406173647321089515e-01
9.080000000000001137e+01,1.658134469010014600e+00,4.575998999046058668e-01,1.054902239607848902e+00,4.207074982775813599e-01,6.399401915370805938e-01
9.090000000000000568e+01,1.658924950080426397e+00,4.572800211060921716e-01,1.054438183853442679e+00,4.202054296607786177e-01,6.392109888921939653e-01
9.100000000000000000e+01,1.659106672953502892e+00,4.571485641323872473e-01,1.054326210468692349e+00,4.201642887588092901e-01,6.390341806959263238e-01
9.110000000000000853e+01,1.657927257945716271e+00,4.573912581841480529e-01,1.055255927520535542e+00,4.205779188137996893e-01,6.390274489386263967e-01
9.120000000000000284e+01,1.660354215254233878e+00,4.586162318197860022e-01,1.057185065490915177e+00,4.217371780727864894e-01,6.403357372583081686e-01
9.130000000000001137e+01,1.662276477851543088e+00,4.610388683371216545e-01,1.060213728133785338e+00,4.235487335436478040e-01,6.430717668848205948e-01
9.140000000000000568e+01,1.664996679938236968e+00,4.638905241312127892e-01,1.063816283412291286e+00,4.252184120442172310e-01,6.455026632634079942e-01
9.150000000000000000e+01,1.668997165716851416e+00,4.663139402302603487e-01,1.066611401002849346e+00,4.267186024260689603e-01,6.474198176951142525e-01
9.160000000000000853e+01,1.672464012504857322e+00,4.680520929099714067e-01,1.068904922266746826e+00,4.284434455888621041e-01,6.493288174909571664e-01
9.170000000000000284e+01,1.672908889336291338e+00,4.692324476684932022e-01,1.070317913001668675e+00,4.299527144405937418e-01,6.509190826395975238e-01
9.180000000000001137e+01,1.676636974290850679e+00,4.704513457257276099e-01,1.071763507447231367e+00,4.314965260079415832e-01,6.524413875372628846e-01
9.190000000000000568e+01,1.679071253897716165e+00,4.719062245923387189e-01,1.072712525778203529e+00,4.329516035972593713e-01,6.543589737794102135e-01
9.200000000000000000e+01,1.682008442565332773e+00,4.734105702089067558e-01,1.074226644827046329e+00,4.342268868151242245e-01,6.558115622096838404e-01
9.210000000000000853e+01,1.684381451297456644e+00,4.746809455589384719e-01,1.076246397640925334e+00,4.352712857568045712e-01,6.571763468669296060e-01
9.220000000000000284e+01,1.686446531152087758e+00,4.758466120087863072e-01,1.078374102219603836e+00,4.359606141638236454e-01,6.580853816894323138e-01
9.230000000000001137e+01,1.689951720493851672e+00,4.769723286190574729e-01,1.080796860414263927e+00,4.369546752790116617e-01,6.598732632464640036e-01
9.240000000000000568e+01,1.691471806855254778e+00,4.776224161566089976e-01,1.082349831719109146e+00,4.376468571713319489e-01,6.610462886226533552e-01
9.250000000000000000e+01,1.691703305939930457e+00,4.777226392623895035e-01,1.083173001083081788e+00,4.384598675970928783e-01,6.624039826706826783e-01
9.260000000000000853e+01,1.693247108178205229e+00,4.770966954600493470e-01,1.082483192699913221e+00,4.383850013317893701e-01,6.624047477972053732e-01
9.270000000000000284e+01,1.694762160479621027e+00,4.757636350301225336e-01,1.081674724351786576e+00,4.377255260061055919e-01,6.617110594391979461e-01
9.280000000000001137e+01,1.692559943342669460e+00,4.740092262658426314e-01,1.079809376602767212e+00,4.366559167689751386e-01,6.609354748252783684e-01
9.290000000000000568e+01,1.691347119525962839e+00,4.719665854098772373e-01,1.077691174295132281e+00,4.355178686943574906e-01,6.592867573752693167e-01
9.300000000000000000e+01,1.689557804753035519e+00,4.697356741520800072e-01,1.075617643020105652e+00,4.340597138889062956e-01,6.576248699176812096e-01
9.310000000000000853e+01,1.689863791737817422e+00,4.678321705707852995e-01,1.073740083003095425e+00,4.329071385036388220e-01,6.561475528916653754e-01
9.320000000000000284e+01,1.691478502317534049e+00,4.667292170476291524e-01,1.072181699133889943e+00,4.319872615467805765e-01,6.550845995904213126e-01
9.330000000000001137e+01,1.691393937296765015e+00,4.658906743856883748e-01,1.070684896181641310e+00,4.309962870172913685e-01,6.540144548215807152e-01
9.340000000000000568e+01,1.691537328450287037e+00,4.655108312553436489e-01,1.070047923981292559e+00,4.303510826682870327e-01,6.530644645875193222e-01
9.350000000000000000e+01,1.691899953647528987e+00,4.657043188004884593e-01,1.070196385356496860e+00,4.301547272218141926e-01,6.529661999529569050e-01
9.360000000000000853e+01,1.694032595139085329e+00,4.666029465480091010e-01,1.071448771821347012e+00,4.305961905102367870e-01,6.531262497918709498e-01
9.370000000000000284e+01,1.698579458973250134e+00,4.683355460700893702e-01,1.074642918371959688e+00,4.322211138671598341e-01,6.551984321788422161e-01
9.380000000000001137e+01,1.700596782209123026e+00,4.705041013563124874e-01,1.077893235491340418e+00,4.339386977002667733e-01,6.573866637381499123e-01
9.390000000000000568e+01,1.705265009587996872e+00,4.727279915129068422e-01,1.080873812576800708e+00,4.355002623527985950e-01,6.591425032017610430e-01
9.400000000000000000e+01,1.707145032538047058e+00,4.747539459909644877e-01,1.083733290935054105e+00,4.368514049209425987e-01,6.606214787650895870e-01
9.410000000000000853e+01,1.709876057884959222e+00,4.766934323993131661e-01,1.087185933437539109e+00,4.381018405434731755e-01,6.624017780280644363e-01
9.420000000000000284e+01,1.712043884530599858e+00,4.784844241608709470e-01,1.090616717342436148e+00,4.397891322761379729e-01,6.640248731240813163e-01
9.430000000000001137e+01,1.713392398286812446e+00,4.801393725978133631e-01,1.093431825759330067e+00,4.411899342568212923e-01,6.657728464603381857e-01
9.440000000000000568e+01,1.715330757182405019e+00,4.815408307174576241e-01,1.095328686156187947e+00,4.422884875930060411e-01,6.670654915620337633e-01
9.450000000000000000e+01,1.716517207543295287e+00,4.822850035124744417e-01,1.096271233338286466e+00,4.426011980494515274e-01,6.680318251610090075e-01
9.460000000000000853e+01,1.718134644034177372e+00,4.820378899411044138e-01,1.096871785363020324e+00,4.426934104713443618e-01,6.682458656759062698e-01
9.470000000000000284e+01,1.719860034143478877e+00,4.813043842237906267e-01,1.096714284407710016e+00,4.427494791796555140e-01,6.685134376897501340e-01
9.480000000000001137e+01,1.721875443173001008e+00,4.804064115808479030e-01,1.096104099215848393e+00,4.423629296662745514e-01,6.679444326054172487e-01
9.490000000000000568e+01,1.721743591788277072e+00,4.794916232833023040e-01,1.094799248042357176e+00,4.417800997715995992e-01,6.676490269266279753e-01
9.500000000000000000e+01,1.723153333197717574e+00,4.787146419117446206e-01,1.092932962308524880e+00,4.411562817015111104e-01,6.669091136182685453e-01
9.510000000000000853e+01,1.724859393331978685e+00,4.781445623663505562e-01,1.091235231918865622e+00,4.406906062889577869e-01,6.665766219784200475e-01
9.520000000000000284e+01,1.726481431387996812e+00,4.775755112554220250e-01,1.090912755306569171e+00,4.404854623073783948e-01,6.662382565257061184e-01
9.530000000000001137e+01,1.727283218629527717e+00,4.774291693776512302e-01,1.091487511708022717e+00,4.406146303290592869e-01,6.667937404797649181e-01
9.540000000000000568e+01,1.729138913320780624e+00,4.777406879521102212e-01,1.092777619205021145e+00,4.405687114634019852e-01,6.674621766230223185e-01
9.550000000000000000e+01,1.731996523356124973e+00,4.780512785939887710e-01,1.094923766428432144e+00,4.410015845084695463e-01,6.681641982988250072e-01
9.560000000000000853e+01,1.733255246249443715e+00,4.783628059499816509e-01,1.096397860891477727e+00,4.413895285017470083e-01,6.689084993569700544e-01
9.570000000000000284e+01,1.733510430207212405e+00,4.791339207102892628e-01,1.098018263624183533e+00,4.421024902262488121e-01,6.694172090114072216e-01
9.580000000000001137e+01,1.735196860115261197e+00,4.804150211569260254e-01,1.099782233681938948e+00,4.432369885972843870e-01,6.703579850955897479e-01
9.590000000000000568e+01,1.736197677772164827e+00,4.816411440047440040e-01,1.101216823812978696e+00,4.442989457472752979e-01,6.715677518926678191e-01
9.600000000000000000e+01,1.736160309300904148e+00,4.828681186219664356e-01,1.103459167593445756e+00,4.459028313656809850e-01,6.733335038017388419e-01
9.610000000000000853e+01,1.738111625664523929e+00,4.838103459670372031e-01,1.104902009856856271e+00,4.472778267495340909e-01,6.750331816156049936e-01
9.620000000000000284e+01,1.740163375882171293e+00,4.846583971117822132e-01,1.105897023634945908e+00,4.484922339706785555e-01,6.763479322931074122e-01
9.630000000000001137e+01,1.740899591307121907e+00,4.853587565105464963e-01,1.105724825976096115e+00,4.493737858357338411e-01,6.775722271459848622e-01
9.640000000000000568e+01,1.740257738154034950e+00,4.858730289171873662e-01,1.105060012184571505e+00,4.499695083962174103e-01,6.784637422401186280e-01
9.650000000000000000e+01,1.741893823733355218e+00,4.859069361482745153e-01,1.104897576180141172e+00,4.504743614345885216e-01,6.791732482846040142e-01
9.660000000000000853e+01,1.742366626166319765e+00,4.853673143724585026e-01,1.104278112939590439e+00,4.508656590697675548e-01,6.797060154304780388e-01
9.670000000000000284e+01,1.742967149797584936e+00,4.845091443012462529e-01,1.103370662013637205e+00,4.509551144768000897e-01,6.795824767438608527e-01
9.680000000000001137e+01,1.743915027520338112e+00,4.835346785656194912e-01,1.102414453136718819e+00,4.502788221536451752e-01,6.792362084304357506e-01
9.690000000000000568e+01,1.743855440449164407e+00,4.827932286826905339e-01,1.101274250550728029e+00,4.498002123497895632e-01,6.789318196349141132e-01
9.700000000000000000e+01,1.743858387990598002e+00,4.822119432076423795e-01,1.100610707709555491e+00,4.497893050939325010e-01,6.790110318577090576e-01
9.710000000000000853e+01,1.746075703065725682e+00,4.818411676483014272e-01,1.100334137670375689e+00,4.498782616832395220e-01,6.791766390156217525e-01
9.720000000000000284e+01,1.746495892099110936e+00,4.818148829607593053e-01,1.100486870348821533e+00,4.500610455985576963e-01,6.794146648992108739e-01
9.730000000000001137e+01,1.747747967555504101e+00,4.822102963930944841e-01,1.101302147299894951e+00,4.500800893056145502e-01,6.793719462215184191e-01
9.740000000000000568e+01,1.750673974340894778e+00,4.827560736124161811e-01,1.102622530289190106e+00,4.502945487300008542e-01,6.798080931781866898e-01
9.750000000000000000e+01,1.751345986800840748e+00,4.829500221350584988e-01,1.104381920247181181e+00,4.504790768717757410e-01,6.795653901318844392e-01
9.760000000000000853e+01,1.753682699521336374e+00,4.831625292032731278e-01,1.105834336437198306e+00,4.503060934846969121e-01,6.789857376444652370e-01
9.770000000000000284e+01,1.756360501977148658e+00,4.835755964398334994e-01,1.107120506020810025e+00,4.504470788362250344e-01,6.787291911384997212e-01
9.780000000000001137e+01,1.759177701611828182e+00,4.844323094953013054e-01,1.108737419131333057e+00,4.505881152784180776e-01,6.790490560606091686e-01
9.790000000000000568e+01,1.760386781246066734e+00,4.853340520563247940e-01,1.109932707613347169e+00,4.507806447292403429e-01,6.789960762917891524e-01
9.800000000000000000e+01,1.761725703041649993e+00,4.860141377481142499e-01,1.111177390355570838e+00,4.510666069394018152e-01,6.793315739259857544e-01
9.810000000000000853e+01,1.762556835252961251e+00,4.866511763843953120e-01,1.112590690231495705e+00,4.517728421378670589e-01,6.798266375240644699e-01
9.820000000000000284e+01,1.767217738403197513e+00,4.873354076126100165e-01,1.114070498430449918e+00,4.526736136998525950e-01,6.816037142321578202e-01
9.830000000000001137e+01,1.768035579146726821e+00,4.881317038938717268e-01,1.115305072281479903e+00,4.537928240852631689e-01,6.825364563021890651e-01
9.840000000000000568e+01,1.769478170183171439e+00,4.887419463914725037e-01,1.116177592385865891e+00,4.548272043997630965e-01,6.838990397081152750e-01
9.850000000000000000e+01,1.771003230007077045e+00,4.890601352555725145e-01,1.116420781211451052e+00,4.554955407514662546e-01,6.840974762341205384e-01
9.860000000000000853e+01,1.772048159407437984e+00,4.892531881905880509e-01,1.117073589983162085e+00,4.559289272369821955e-01,6.845197784022840626e-01
9.870000000000000284e+01,1.773238969773783369e+00,4.893217702080102094e-01,1.117018613461887577e+00,4.561742542135408529e-01,6.844900098855480897e-01
9.880000000000001137e+01,1.773430336696828258e+00,4.894470938412381344e-01,1.117191944546103377e+00,4.563584430450202123e-01,6.842966866397655057e-01
9.890000000000000568e+01,1.774673123812289699e+00,4.898206249877184448e-01,1.117587942694975078e+00,4.563726502711492050e-01,6.843132287532206481e-01
9.900000000000000000e+01,1.777804493365008121e+00,4.903853586146182386e-01,1.118832573721748380e+00,4.568012240041179894e-01,6.850211544518727269e-01
9.910000000000000853e+01,1.780337559382300761e+00,4.906272003416152216e-01,1.120021591506897618e+00,4.574526390356996597e-01,6.860879349010577943e-01
9.920000000000000284e+01,1.782340877795142164e+00,4.912500041721629129e-01,1.121845237261954509e+00,4.581191358801103841e-01,6.874698915144077382e-01
9.930000000000001137e+01,1.784117704213528555e+00,4.917959954690880875e-01,1.123958701088212386e+00,4.584147301046732070e-01,6.883057760032319505e-01
9.940000000000000568e+01,1.784250187062920601e+00,4.918159550345626019e-01,1.124745175634891181e+00,4.583656656254906370e-01,6.882515053789303172e-01
9.950000000000000000e+01,1.784786966820731902e+00,4.918376177856726983e-01,1.125261299463214293e+00,4.585225503705027683e-01,6.883683760551334574e-01
9.960000000000000853e+01,1.787294797527988477e+00,4.923864940773101662e-01,1.126152172740877644e+00,4.588489648946652011e-01,6.892355676489517746e-01
9.970000000000000284e+01,1.787727823656217518e+00,4.933008943767298038e-01,1.127723692481856332e+00,4.600905098693909845e-01,6.909509920766542246e-01
9.980000000000001137e+01,1.789139451760210608e+00,4.942917083935501887e-01,1.129080142127330211e+00,4.609830793354242617e-01,6.921612904086081874e-01
9.990000000000000568e+01,1.790578089051504174e+00,4.951248248920587791e-01,1.129840772994352927e+00,4.611921516791561704e-01,6.923094257244064575e-01
1.000000000000000000e+02,1.791197808717995832e+00,4.957015825713965707e-01,1.130682387541390277e+00,4.619044503694866299e-01,6.928800314631751167e-01
1.001000000000000085e+02,1.791296326263061900e+00,4.961607089148102334e-01,1.131012359262068223e+00,4.621632406703914953e-01,6.929724278724530562e-01
1.002000000000000028e+02,1.791571520092102077e+00,4.959246887382338098e-01,1.131263036674043043e+00,4.619585018889885708e-01,6.926285900634610027e-01
1.003000000000000114e+02,1.793242321311170340e+00,4.953236331302433015e-01,1.130613172048100301e+00,4.619606602712470478e-01,6.925975787634891523e-01
1.004000000000000057e+02,1.794732861496188603e+00,4.949090659213126187e-01,1.130303415910548281e+00,4.621397555402241841e-01,6.927259960550037343e-01
1.005000000000000000e+02,1.797432622864427954e+00,4.947724108719654401e-01,1.129613025610279653e+00,4.627474441193389354e-01,6.932423744965349188e-01
1.006000000000000085e+02,1.797675490909311335e+00,4.946216978672349218e-01,1.128942123431479816e+00,4.633953230581830396e-01,6.941984892878069191e-01
1.007000000000000028e+02,1.798571557897188145e+00,4.940679256110293016e-01,1.128548376837836820e+00,4.637140061712560768e-01,6.950791020047702995e-01
1.008000000000000114e+02,1.801729911283959540e+00,4.934371207033296236e-01,1.128416037569030861e+00,4.640112999430229812e-01,6.954833981377654961e-01
1.009000000000000057e+02,1.800843269412756742e+00,4.928133260951643724e-01,1.127740564267532886e+00,4.638264100714741822e-01,6.954330868775422392e-01
1.010000000000000000e+02,1.803041916378882892e+00,4.921464830443207372e-01,1.126918778752360017e+00,4.633842006004808001e-01,6.945918103972505975e-01
1.011000000000000085e+02,1.804576057065139905e+00,4.916545001494431744e-01,1.126167640096985112e+00,4.628314268944849208e-01,6.940765059638258627e-01
1.012000000000000028e+02,1.805205545820912860e+00,4.912977681075906822e-01,1.125779376166123447e+00,4.622791200677636159e-01,6.931778102923534801e-01
1.013000000000000114e+02,1.805794618127199103e+00,4.911374866061797295e-01,1.125754299575855821e+00,4.615291683300751790e-01,6.923373637367659095e-01
1.014000000000000057e+02,1.805551835919975590e+00,4.912582240816901757e-01,1.126626514791652767e+00,4.609761464198426917e-01,6.923118436868951342e-01
1.015000000000000000e+02,1.805976620187883963e+00,4.913197844184098440e-01,1.127574969999736387e+00,4.609920701849551383e-01,6.921550392028701371e-01
1.016000000000000085e+02,1.806903652865134102e+00,4.911675917573694039e-01,1.128287006382035607e+00,4.607827376809792153e-01,6.922339458317434691e-01
1.017000000000000028e+02,1.807269771432338912e+00,4.908513939318352448e-01,1.128618364845993094e+00,4.608018405129186146e-01,6.925890322139539590e-01
1.018000000000000114e+02,1.808811245734724515e+00,4.907339434351387086e-01,1.128931763992475856e+00,4.613978880397036630e-01,6.929187699745376072e-01
1.019000000000000057e+02,1.811055711711459848e+00,4.906874657748350743e-01,1.129102463715588422e+00,4.616688365111766279e-01,6.934216190367710198e-01
1.020000000000000000e+02,1.814162774468336403e+00,4.905708386634538565e-01,1.129684219087816688e+00,4.614461792652885253e-01,6.930819900855731408e-01
1.021000000000000085e+02,1.817382489028700032e+00,4.906184153123299696e-01,1.130499112043844123e+00,4.615885644240450558e-01,6.927986732844125806e-01
1.022000000000000028e+02,1.817395187193646233e+00,4.904289735683717844e-01,1.130522907503598740e+00,4.616996753975747270e-01,6.929687776612895034e-01
1.023000000000000114e+02,1.819278589939140156e+00,4.905073333103111555e-01,1.130253667928091454e+00,4.622879451252846494e-01,6.932509336788835741e-01
1.024000000000000057e+02,1.821732681696007328e+00,4.909553700252277109e-01,1.129940273954826102e+00,4.627764777510434691e-01,6.935221763420887919e-01
1.025000000000000000e+02,1.823353595161990137e+00,4.917852941506477560e-01,1.129841001882327944e+00,4.635478292706655679e-01,6.941264240741666924e-01
1.026000000000000085e+02,1.823947223712512500e+00,4.929023937211666762e-01,1.130917768482570418e+00,4.641435221668339106e-01,6.947591899874260291e-01
1.027000000000000028e+02,1.826350466726183841e+00,4.943986120467355749e-01,1.133050297051650945e+00,4.653825045981506703e-01,6.964175516020438828e-01
1.028000000000000114e+02,1.828117216024496061e+00,4.962251671386045948e-01,1.135801686363412388e+00,4.669532120533287367e-01,6.979252938551288032e-01
1.029000000000000057e+02,1.829848928770454242e+00,4.979067322236316318e-01,1.138020509412650316e+00,4.685458849590039554e-01,6.995759346101291243e-01
1.030000000000000000e+02,1.832433854824447428e+00,4.996693137137693252e-01,1.140160459440852314e+00,4.701549464763299380e-01,7.012281996076321633e-01
1.031000000000000085e+02,1.835982069717248422e+00,5.010751773434991563e-01,1.142464412572011367e+00,4.713538232465817601e-01,7.025380314310951668e-01
1.032000000000000028e+02,1.835008143794261137e+00,5.020461576117362101e-01,1.144161794733749238e+00,4.720438022125119648e-01,7.035678931362330246e-01
1.033000000000000114e+02,1.837926022421878969e+00,5.029290906509854553e-01,1.145314376272419610e+00,4.728217149992283708e-01,7.047323440509279946e-01
1.034000000000000057e+02,1.839903399495510739e+00,5.033290076732994667e-01,1.146206631211564630e+00,4.734653704183563461e-01,7.062593109859844898e-01
1.035000000000000000e+02,1.839243869949007459e+00,5.037213692186602865e-01,1.147123501169357684e+00,4.740730883835350129e-01,7.069176119779947420e-01
1.036000000000000085e+02,1.840486286130544213e+00,5.040142519672239363e-01,1.148632307970099520e+00,4.744613074950568277e-01,7.075809597025800590e-01
1.037000000000000028e+02,1.840223855351236448e+00,5.043483813289579842e-01,1.150635531316229088e+00,4.742126623852747080e-01,7.073728271623834774e-01
1.038000000000000114e+02,1.841493155117035041e+00,5.044581382229603728e-01,1.151739222514933880e+00,4.736317161677995324e-01,7.070776070303504968e-01
1.039000000000000057e+02,1.843092627107415948e+00,5.041624851389040485e-01,1.152107575463331868e+00,4.724907506027268278e-01,7.061965589426602019e-01
1.040000000000000000e+02,1.843648194803541251e+00,5.035509997320651854e-01,1.152036994938153036e+00,4.713235215405297551e-01,7.053083753766576924e-01
1.041000000000000085e+02,1.843875971795922553e+00,5.028116663104544859e-01,1.151694656756644841e+00,4.700207934296851686e-01,7.048813132438260798e-01
1.042000000000000028e+02,1.845974904551794138e+00,5.021886626836039591e-01,1.150936260067461081e+00,4.687832209966786845e-01,7.037976447642133593e-01
1.043000000000000114e+02,1.848018331633250577e+00,5.019402001685179249e-01,1.150809053141450988e+00,4.686625070755943145e-01,7.034628603937147506e-01
1.044000000000000057e+02,1.849957314781000672e+00,5.019530524152161499e-01,1.151567023939468859e+00,4.688567751673505812e-01,7.037628443717608429e-01
1.045000000000000000e+02,1.853465097238165882e+00,5.020708472617185780e-01,1.151992155804286044e+00,4.699601280426254357e-01,7.049948008183133386e-01
1.046000000000000085e+02,1.856514838955492186e+00,5.024010643827667710e-01,1.152867865168274664e+00,4.713498606159295390e-01,7.061881116187294083e-01
1.047000000000000028e+02,1.858074356301102625e+00,5.031392659182821747e-01,1.153910506391188751e+00,4.730051342002621895e-01,7.080693239453788035e-01
1.048000000000000114e+02,1.861171755509763992e+00,5.041773654969211593e-01,1.155450656530456754e+00,4.745742155185855293e-01,7.097886388097298660e-01
1.049000000000000057e+02,1.863036166168769547e+00,5.049491205442052655e-01,1.155958866805040897e+00,4.758272000673286484e-01,7.108669803134949339e-01
1.050000000000000000e+02,1.863356321847706054e+00,5.057731165289945929e-01,1.156585574189951338e+00,4.772723923175088423e-01,7.125789372238278130e-01
1.051000000000000085e+02,1.866704048591408371e+00,5.067299267852777289e-01,1.157806782776603205e+00,4.786442066307877719e-01,7.139543067305645918e-01
1.052000000000000028e+02,1.868162309922113407e+00,5.078890366218051788e-01,1.159335441591944127e+00,4.800844358190157757e-01,7.157323175274169502e-01
1.053000000000000114e+02,1.869958510896154946e+00,5.090993110936776755e-01,1.160973613442194408e+00,4.813205338970468761e-01,7.172236731697479994e-01
1.054000000000000057e+02,1.871724261475970597e+00,5.096158711486432624e-01,1.161303947665156322e+00,4.817722334359270109e-01,7.177562020106338370e-01
1.055000000000000000e+02,1.870422431708420152e+00,5.099088115891607931e-01,1.161269999959856580e+00,4.818403617378923531e-01,7.177483257553525231e-01
1.056000000000000085e+02,1.870752275479557358e+00,5.098693529879296804e-01,1.160726206168655406e+00,4.818090007962244070e-01,7.174358226701090802e-01
1.057000000000000028e+02,1.870207172555093944e+00,5.092429831711600130e-01,1.160274931311130908e+00,4.812253727008237725e-01,7.167319856627841768e-01
1.058000000000000114e+02,1.868967467300315599e+00,5.084848133953735472e-01,1.160382820555755146e+00,4.806549988049107491e-01,7.158419799470173706e-01
1.059000000000000057e+02,1.868631036712833149e+00,5.080155501501025794e-01,1.161146198958828313e+00,4.802347443746338151e-01,7.152788534387866104e-01
1.060000000000000000e+02,1.870341654790435459e+00,5.076803687912698759e-01,1.161904962840131450e+00,4.800366222929416948e-01,7.152903838260881164e-01
1.061000000000000085e+02,1.871092792960949769e+00,5.072912400471155658e-01,1.161755074416984446e+00,4.793347580529601082e-01,7.145041238352410895e-01
1.062000000000000028e+02,1.871263318440856915e+00,5.072034922854341543e-01,1.161399957166085795e+00,4.788572897421211061e-01,7.143643044805516595e-01
1.063000000000000114e+02,1.872568425689627780e+00,5.072689908980551055e-01,1.162136668740266776e+00,4.782638801771763037e-01,7.140362294927943276e-01
1.064000000000000057e+02,1.872475384582837021e+00,5.076632089171692064e-01,1.163309791628842182e+00,4.782970681109413036e-01,7.140440600937829618e-01
1.065000000000000000e+02,1.875173489397803372e+00,5.087770206287964836e-01,1.165329301100650916e+00,4.784118087951743648e-01,7.144606627491263406e-01
1.066000000000000085e+02,1.877296689469760471e+00,5.100134033608718642e-01,1.167765289981318677e+00,4.787583460601821383e-01,7.151210502356234455e-01
1.067000000000000028e+02,1.880499367729560944e+00,5.109719274573641945e-01,1.170018182453794964e+00,4.795179680945836909e-01,7.160784115332500255e-01
1.068000000000000114e+02,1.884019143146050235e+00,5.116079740918232366e-01,1.171378566527765397e+00,4.803397724636672139e-01,7.168983504400031626e-01
1.069000000000000057e+02,1.883947885080751616e+00,5.123635184398860343e-01,1.171945853674196680e+00,4.813858520734051183e-01,7.180322532217567888e-01
1.070000000000000000e+02,1.885629912715736101e+00,5.130472976829129061e-01,1.172297088069707005e+00,4.819962373700653058e-01,7.180778583052211950e-01
1.071000000000000085e+02,1.887659712913681620e+00,5.134975894578679423e-01,1.172602483790211370e+00,4.823042638761879108e-01,7.188963329473557762e-01
1.072000000000000028e+02,1.889259206324953588e+00,5.141250775751398105e-01,1.173536927913934491e+00,4.827296830106548864e-01,7.192423328466716059e-01
1.073000000000000114e+02,1.889755440329123459e+00,5.143962331148526079e-01,1.173940998665031321e+00,4.832682202674550842e-01,7.199317273016977436e-01
1.074000000000000057e+02,1.890164816057072983e+00,5.141298902603240739e-01,1.174007891360406619e+00,4.832858535926914390e-01,7.196864785248748841e-01
1.075000000000000000e+02,1.890044814557538810e+00,5.135491147044705107e-01,1.173410129911595101e+00,4.836370883596832204e-01,7.204878207474817442e-01
1.076000000000000085e+02,1.890322005450487008e+00,5.123283617472330631e-01,1.171873938406200466e+00,4.833448837188251690e-01,7.200896833389323071e-01
1.077000000000000028e+02,1.889954450138773501e+00,5.110884356457059408e-01,1.170116773067501059e+00,4.828529407105186522e-01,7.195758276454564673e-01
1.078000000000000114e+02,1.890815799471194936e+00,5.101318791935641750e-01,1.169810697420511580e+00,4.823681254442656052e-01,7.187471463233007229e-01
1.079000000000000057e+02,1.890404772478657458e+00,5.098269373385765357e-01,1.170463500667214163e+00,4.816193411888939346e-01,7.186424637889566869e-01
1.080000000000000000e+02,1.891331269439940677e+00,5.097584732047054645e-01,1.171234412541065639e+00,4.815432692179338892e-01,7.187481689834688270e-01
1.081000000000000085e+02,1.892173335943624135e+00,5.096669576322495621e-01,1.171256667859001288e+00,4.814297537955756767e-01,7.184457621989970288e-01
1.082000000000000028e+02,1.892431506114223838e+00,5.098530899353539425e-01,1.170700166070882675e+00,4.811488054818433557e-01,7.182757758100047907e-01
1.083000000000000114e+02,1.894212387670694220e+00,5.100332987544911045e-01,1.171288757837195771e+00,4.808487117851630299e-01,7.179244753581929261e-01
1.084000000000000057e+02,1.896381324552319114e+00,5.105485202372442854e-01,1.173005612082054450e+00,4.811006658468644503e-01,7.185211687918569012e-01
1.085000000000000000e+02,1.898283597474800022e+00,5.113666499872450144e-01,1.174581034182727635e+00,4.816108720727398929e-01,7.189182118879647865e-01
1.086000000000000085e+02,1.898432559588089097e+00,5.120005606387673103e-01,1.175693662730213696e+00,4.823737375733803123e-01,7.197962340393678771e-01
1.087000000000000028e+02,1.899327458728575779e+00,5.130077052035532104e-01,1.176361550773338038e+00,4.829837593711763244e-01,7.204372538100938250e-01
1.088000000000000114e+02,1.902253225061264041e+00,5.137028017990782347e-01,1.176628741858993354e+00,4.838674617873799377e-01,7.215785605210510711e-01
1.089000000000000057e+02,1.902926390077493535e+00,5.141906060266419054e-01,1.177062915312205416e+00,4.845489111108556846e-01,7.224313586027918399e-01
1.090000000000000000e+02,1.905316616176101263e+00,5.147295465038642659e-01,1.177643753681502536e+00,4.853691389266663325e-01,7.236661139775978357e-01
1.091000000000000085e+02,1.906759198095020702e+00,5.148555616800076784e-01,1.178226664177540295e+00,4.858206965879470207e-01,7.244460075775255303e-01
1.092000000000000028e+02,1.906341535802099196e+00,5.148447001663358780e-01,1.178558780908765646e+00,4.862971843152564810e-01,7.249370508428594206e-01
1.093000000000000114e+02,1.907637764703020933e+00,5.151711881066086685e-01,1.179354362144464208e+00,4.866187428018530770e-01,7.254256584810460096e-01
1.094000000000000057e+02,1.909745974582121475e+00,5.153317417366675146e-01,1.179782128016649168e+00,4.869113488543340695e-01,7.259238719539333751e-01
1.095000000000000000e+02,1.909389542811973373e+00,5.157747000094625722e-01,1.180188081379622167e+00,4.874376578519561409e-01,7.263648051406370598e-01
1.096000000000000085e+02,1.910319596758279337e+00,5.163043872863102290e-01,1.180198945850259751e+00,4.883777614955367441e-01,7.277238859903571999e-01
1.097000000000000028e+02,1.911090411410486301e+00,5.170435626919920313e-01,1.180669287707263093e+00,4.898511537841336305e-01,7.293561685470079103e-01
1.098000000000000114e+02,1.911382184264483364e+00,5.177969141579211731e-01,1.181864138899773486e+00,4.908775900241955648e-01,7.302093667239937247e-01
1.099000000000000057e+02,1.912896291951501793e+00,5.182110048811093828e-01,1.183181918175688851e+00,4.915389125109489443e-01,7.308209011209197969e-01
1.100000000000000000e+02,1.915601526912614760e+00,5.185030326694828329e-01,1.184074787516998573e+00,4.920977639172744444e-01,7.312412799765395377e-01
1.101000000000000085e+02,1.917380348801540846e+00,5.186638788761277485e-01,1.185087083717964118e+00,4.924971729470882797e-01,7.315511904813842836e-01
1.102000000000000028e+02,1.917705366464684147e+00,5.187199515344023126e-01,1.186069406056033282e+00,4.925678844003058554e-01,7.318743446712574485e-01
1.103000000000000114e+02,1.918720349192064356e+00,5.183518858485818281e-01,1.186339468285488863e+00,4.921489399179849733e-01,7.316989541747149772e-01
1.104000000000000057e+02,1.917954328989430079e+00,5.177549973295875185e-01,1.185353683123499202e+00,4.914054605153315713e-01,7.304964560763842485e-01
1.105000000000000000e+02,1.917529253147769230e+00,5.169783943069859999e-01,1.184441348520706816e+00,4.908720107554898071e-01,7.304967207161108256e-01
1.106000000000000085e+02,1.917801258026298639e+00,5.157879466993912088e-01,1.183458373118083218e+00,4.900425563268602791e-01,7.296258485079798461e-01
1.107000000000000028e+02,1.918447336575050288e+00,5.148839540756340316e-01,1.182784268492713231e+00,4.889855883738367104e-01,7.282866717442322280e-01
1.108000000000000114e+02,1.918759135227761758e+00,5.139115047649148726e-01,1.182382568901028774e+00,4.874429427898596123e-01,7.265941171484086025e-01
1.109000000000000057e+02,1.917574852188950185e+00,5.129804095283246879e-01,1.181790878386816068e+00,4.863307441351916172e-01,7.251263539451588969e-01
1.110000000000000000e+02,1.916770587026387584e+00,5.127547156300780173e-01,1.182004520463956210e+00,4.859964882135350273e-01,7.251362650038332136e-01
1.111000000000000085e+02,1.919004858957595872e+00,5.129475009993129664e-01,1.182608684185684655e+00,4.862695238846318491e-01,7.254480469316679780e-01
1.112000000000000028e+02,1.920824819661983263e+00,5.131166341074875348e-01,1.183254234715829245e+00,4.866324812111850195e-01,7.259834059002316931e-01
1.113000000000000114e+02,1.920784446896184106e+00,5.132732067960180666e-01,1.183618596178761750e+00,4.869707898687312686e-01,7.265508135894519492e-01
1.114000000000000057e+02,1.922839422195704362e+00,5.137744497816972844e-01,1.184735644757400674e+00,4.874934327617415630e-01,7.273030643393969541e-01
1.115000000000000000e+02,1.924890616611984573e+00,5.140803389186922034e-01,1.185721072227946093e+00,4.883482249805892184e-01,7.279353003448030268e-01
1.116000000000000085e+02,1.926415658880248349e+00,5.144500350802674316e-01,1.186681522769733377e+00,4.890534102808688499e-01,7.285450643959610062e-01
1.117000000000000028e+02,1.928987450174396656e+00,5.151140844970907295e-01,1.187874030872973607e+00,4.898172142913725935e-01,7.293438974066922542e-01
1.118000000000000114e+02,1.929810688168394739e+00,5.159806176681404066e-01,1.189152585522341044e+00,4.906661402978549358e-01,7.302601338680898557e-01
1.119000000000000057e+02,1.932212521218174661e+00,5.167349712617492763e-01,1.189866769691538151e+00,4.912430940448712646e-01,7.307791370273294396e-01
1.120000000000000000e+02,1.933360285740790108e+00,5.174439657555308658e-01,1.190333551940305323e+00,4.917960858696422410e-01,7.310355229317289094e-01
1.121000000000000085e+02,1.933168254705083688e+00,5.177946967659400324e-01,1.190243559794742279e+00,4.924139661076605279e-01,7.319875523733329059e-01
1.122000000000000028e+02,1.935072867219697956e+00,5.178152379266363070e-01,1.189228192885325663e+00,4.925608803718556916e-01,7.322409732598234022e-01
1.123000000000000114e+02,1.934911636326408280e+00,5.178033636501090387e-01,1.188116003581090485e+00,4.927174308059066310e-01,7.319351034412153734e-01
1.124000000000000057e+02,1.936108727870506474e+00,5.182477160544174399e-01,1.188294361560564782e+00,4.929402132507886836e-01,7.321762113749178402e-01
1.125000000000000000e+02,1.938157257783964971e+00,5.185692607775712615e-01,1.189248421962670887e+00,4.929208016221898192e-01,7.319722064740553646e-01
1.126000000000000085e+02,1.940402384282698067e+00,5.188970935767931447e-01,1.190483389444748852e+00,4.928112272470671629e-01,7.321998413345761625e-01
1.127000000000000028e+02,1.940415771009102786e+00,5.191008888062990101e-01,1.191927828761291330e+00,4.932977415139926380e-01,7.324339956620278258e-01
1.128000000000000114e+02,1.943398859075480267e+00,5.191082812063952945e-01,1.193162140615565692e+00,4.934161981226312110e-01,7.327734768706128943e-01
1.129000000000000057e+02,1.945920632933581862e+00,5.192579081572673561e-01,1.194139909189415594e+00,4.936987733576825854e-01,7.337494775022124216e-01
1.130000000000000000e+02,1.946863519658973862e+00,5.189569594992129442e-01,1.194172972917402875e+00,4.938131587543133083e-01,7.337668754356273526e-01
1.131000000000000085e+02,1.947794885913605833e+00,5.186591596784636549e-01,1.194208879563394943e+00,4.937739158076470125e-01,7.332833144379414803e-01
1.132000000000000028e+02,1.948281379842442540e+00,5.181552127534669872e-01,1.193764930394186186e+00,4.936165115648070145e-01,7.332153136683159378e-01
1.133000000000000114e+02,1.949244237643623645e+00,5.173838972976658734e-01,1.193502069654589715e+00,4.931779783457469479e-01,7.325144178215146074e-01
1.134000000000000057e+02,1.951192643480709643e+00,5.166655213689382853e-01,1.193632386910810528e+00,4.928909725529531105e-01,7.320938101825088529e-01
1.135000000000000000e+02,1.950883903208655568e+00,5.158074544845430154e-01,1.193240358632019715e+00,4.921103116140947975e-01,7.315033793636493975e-01
1.136000000000000085e+02,1.953086585464254066e+00,5.152147922532700486e-01,1.192726565776229375e+00,4.911317125882565526e-01,7.311369172261936722e-01
1.137000000000000028e+02,1.954484395786244333e+00,5.149029509664792004e-01,1.192537848810044654e+00,4.904011102143109313e-01,7.309717715597516818e-01
1.138000000000000114e+02,1.954567326134610372e+00,5.148249770501682754e-01,1.192250140249493606e+00,4.899812233692775187e-01,7.307438041148087704e-01
1.139000000000000057e+02,1.954246227886745624e+00,5.151342480728108297e-01,1.192758437644565683e+00,4.903875764811485016e-01,7.314907510990589223e-01
1.140000000000000000e+02,1.954468641765405801e+00,5.155923841072831415e-01,1.193631720439677801e+00,4.910167508870428299e-01,7.320187096897402546e-01
1.141000000000000085e+02,1.955972982345512756e+00,5.162659450255328020e-01,1.194345411722697037e+00,4.919571264094870777e-01,7.325084673031748705e-01
1.142000000000000028e+02,1.958204021748233714e+00,5.172792302822729615e-01,1.195033234215210571e+00,4.930914886231654304e-01,7.338591946859992499e-01
1.143000000000000114e+02,1.959727494318683982e+00,5.181077156771084491e-01,1.195518756751724698e+00,4.942571354373158088e-01,7.352538606851837244e-01
1.144000000000000057e+02,1.959833029613117894e+00,5.186467678955557492e-01,1.195597095763621054e+00,4.954200453866847709e-01,7.363164104709152280e-01
1.145000000000000000e+02,1.962077447008341968e+00,5.195166822879617730e-01,1.196157790879488925e+00,4.968350277918780478e-01,7.380446980764616693e-01
1.146000000000000085e+02,1.962332550144122667e+00,5.205460911645959365e-01,1.197580403664944892e+00,4.978583526647184510e-01,7.389759028805168439e-01
1.147000000000000028e+02,1.964897182287443700e+00,5.217966364789098366e-01,1.199349014522486101e+00,4.988118146317367940e-01,7.404038050369579071e-01
1.148000000000000114e+02,1.966325620092993498e+00,5.227809738028167397e-01,1.201339960992778177e+00,4.994460879255512298e-01,7.410812786555972531e-01
1.149000000000000057e+02,1.967017940725745095e+00,5.237654811088794382e-01,1.203788251967423228e+00,5.001959372457381869e-01,7.424108692877868787e-01
1.150000000000000000e+02,1.967462932959243682e+00,5.249576817770520432e-01,1.206267417904871575e+00,5.006561296354676838e-01,7.428648950685543539e-01
1.151000000000000085e+02,1.970294571635729630e+00,5.257617207222109457e-01,1.208181191382644348e+00,5.012614051290292805e-01,7.432959836489930749e-01
1.152000000000000028e+02,1.970667186579171615e+00,5.261525823011664604e-01,1.209151387361528274e+00,5.018968921561548502e-01,7.437600726369610893e-01
1.153000000000000114e+02,1.971127801669586788e+00,5.265096436213181352e-01,1.209752584314051527e+00,5.021993358326631851e-01,7.438449221004724832e-01
1.154000000000000057e+02,1.972263780326409588e+00,5.266558686697559999e-01,1.209940222405005983e+00,5.019054649296467163e-01,7.431391575773064195e-01
1.155000000000000000e+02,1.975617116799528006e+00,5.264049636238675722e-01,1.210247156976854033e+00,5.012242357923288871e-01,7.424730266708182702e-01
1.156000000000000085e+02,1.975495452601143453e+00,5.261989925788749245e-01,1.209653019152607367e+00,5.012151842669090307e-01,7.424752138828004666e-01
1.157000000000000028e+02,1.974765051281787809e+00,5.259982989995948266e-01,1.209141052233961844e+00,5.013938490569039841e-01,7.425256735311396294e-01
1.158000000000000114e+02,1.973943083628380224e+00,5.255674310709866903e-01,1.209185724001537787e+00,5.017273809240593296e-01,7.428453267802279658e-01
1.159000000000000057e+02,1.974863893215437205e+00,5.251395135933991654e-01,1.208864822881170253e+00,5.021685818080587893e-01,7.432571579091015179e-01
1.160000000000000000e+02,1.975923467060750838e+00,5.250162827311007918e-01,1.209301134065145167e+00,5.026465501079429021e-01,7.433637336499293591e-01
1.161000000000000085e+02,1.978186473559684133e+00,5.250662832601270535e-01,1.210013498191128800e+00,5.033148335668433671e-01,7.442849781156396505e-01
1.162000000000000028e+02,1.980676420043342434e+00,5.252740813241351114e-01,1.210710675556746052e+00,5.042909277954529257e-01,7.449849167865673083e-01
1.163000000000000114e+02,1.980278141588497132e+00,5.257689682382312713e-01,1.211967108591309739e+00,5.052231796241678508e-01,7.460319193568343277e-01
1.164000000000000057e+02,1.982069258890146068e+00,5.264604509915556951e-01,1.213967706787404399e+00,5.061524040378128086e-01,7.472521150530143652e-01
1.165000000000000000e+02,1.984102971860834064e+00,5.275969680322851740e-01,1.215984008292166463e+00,5.072533751498844445e-01,7.487389331813149029e-01
1.166000000000000085e+02,1.985774395402334136e+00,5.291163911053987645e-01,1.217991658137379751e+00,5.080112208016562825e-01,7.498115073232689554e-01
1.167000000000000028e+02,1.987564684720886765e+00,5.306183398452608557e-01,1.219886607718871918e+00,5.089821008323641705e-01,7.502363509215528303e-01
1.168000000000000114e+02,1.988199009322042743e+00,5.316094315858248542e-01,1.221099220724874534e+00,5.092883018187603916e-01,7.504687590697359800e-01
1.169000000000000057e+02,1.988947552345816439e+00,5.319529645827888453e-01,1.221335213541009823e+00,5.093249813232316736e-01,7.507777905446376687e-01
1.170000000000000000e+02,1.988601470330335186e+00,5.320231163944876274e-01,1.221560870532280685e+00,5.095270058825707160e-01,7.510039841797604421e-01
1.171000000000000085e+02,1.989629281846357678e+00,5.321796349449229302e-01,1.221474304827710355e+00,5.098012438261074752e-01,7.510535673220362085e-01
1.172000000000000028e+02,1.990843233316912375e+00,5.318425590916943113e-01,1.221378065284205450e+00,5.096604795423422818e-01,7.505540109815015404e-01
1.173000000000000114e+02,1.993638625372351703e+00,5.313787278621827648e-01,1.221887377291001942e+00,5.095708141918410261e-01,7.504998100125774840e-01
1.174000000000000057e+02,1.995010553828648225e+00,5.308566233645064525e-01,1.221673669633162707e+00,5.090531023501805308e-01,7.501415118555110340e-01
1.175000000000000000e+02,1.994443144695416725e+00,5.300695071145186121e-01,1.220937212017082052e+00,5.083065616473315673e-01,7.496505875736401148e-01
1.176000000000000085e+02,1.993339377467346463e+00,5.296062684378701757e-01,1.219759046027331983e+00,5.080759727635757450e-01,7.497416480492848923e-01
1.177000000000000028e+02,1.993499879895685556e+00,5.290739586634560787e-01,1.218578209925226474e+00,5.079158736263105212e-01,7.487944064762505070e-01
1.178000000000000114e+02,1.993563455937142681e+00,5.289793634754421658e-01,1.218233991960905094e+00,5.081669706830029831e-01,7.493878762280300476e-01
1.179000000000000057e+02,1.992824470609838583e+00,5.289777728835109993e-01,1.218291898857712052e+00,5.088063233499134919e-01,7.496522436249127841e-01
1.180000000000000000e+02,1.993390512303861772e+00,5.290353803728832238e-01,1.219312885552250814e+00,5.092998670129295080e-01,7.504909271442760099e-01
1.181000000000000085e+02,1.992897870287101414e+00,5.290844490742178108e-01,1.220476858354654581e+00,5.094889024923003884e-01,7.507330971092117666e-01
1.182000000000000028e+02,1.995389334895434574e+00,5.295287060832141179e-01,1.222157353654451661e+00,5.099148484679072446e-01,7.506239493167606858e-01
1.183000000000000114e+02,1.998012747305555115e+00,5.302276719253924409e-01,1.223772495696796359e+00,5.103631456217693207e-01,7.509860160185778399e-01
1.184000000000000057e+02,2.000063615564840358e+00,5.309187268230786128e-01,1.225658885351986083e+00,5.112095559532100486e-01,7.523455225709583249e-01
1.185000000000000000e+02,2.000138726519475441e+00,5.315124330857846635e-01,1.226617433575709848e+00,5.118426863255040038e-01,7.531847368663799891e-01
1.186000000000000085e+02,1.999830633197459351e+00,5.319328109923077141e-01,1.227568122547026519e+00,5.122027164727798176e-01,7.543120881036208258e-01
1.187000000000000028e+02,2.001754118998122500e+00,5.321773242704729290e-01,1.227921890936596760e+00,5.123463715909002403e-01,7.547167918692413435e-01
1.188000000000000114e+02,2.001375434462026703e+00,5.324060992758262723e-01,1.228114146003935980e+00,5.122822235777014788e-01,7.547667318251688462e-01
1.189000000000000057e+02,2.000501750373716803e+00,5.322624349896462048e-01,1.227640205646402194e+00,5.114429421806598874e-01,7.541163284802901989e-01
1.190000000000000000e+02,2.000851691758640527e+00,5.319684023966652076e-01,1.227274222143464488e+00,5.104232398321540964e-01,7.528815487520139627e-01
1.191000000000000085e+02,2.003229471444498699e+00,5.318533364818185394e-01,1.226966827574213381e+00,5.097820272022133281e-01,7.524864977704205371e-01
1.192000000000000028e+02,2.004508678694011170e+00,5.313293821142550666e-01,1.226466771724774585e+00,5.089577085370273757e-01,7.517813351784465858e-01
1.193000000000000114e+02,2.004661767608942657e+00,5.306405391446794573e-01,1.225396197678158439e+00,5.082071535687651131e-01,7.511568833281984103e-01
1.194000000000000057e+02,2.005135941750365358e+00,5.298414767950564430e-01,1.224073067256242764e+00,5.075746979031282580e-01,7.506387675942168825e-01
1.195000000000000000e+02,2.005441897385036309e+00,5.292351837205158116e-01,1.223302951426453511e+00,5.071029849017603119e-01,7.499769172046656385e-01
1.196000000000000085e+02,2.004782381316838169e+00,5.288324283793975900e-01,1.223169888554321849e+00,5.066196399044605725e-01,7.498883810532510630e-01
1.197000000000000028e+02,2.005137769140185711e+00,5.285549829457365512e-01,1.223584837156682648e+00,5.063867563740527267e-01,7.492339784718494711e-01
1.198000000000000114e+02,2.005303801019943766e+00,5.282501512938853061e-01,1.223891987395238523e+00,5.063389112833635020e-01,7.491252700210591087e-01
1.199000000000000057e+02,2.005842815070704166e+00,5.278472328129517610e-01,1.224556724576142619e+00,5.067861923566062687e-01,7.491913416028781469e-01
1.200000000000000000e+02,2.006921779302458297e+00,5.276214143898555475e-01,1.225975409140445116e+00,5.077137797911314143e-01,7.504123690221238263e-01
1.201000000000000085e+02,2.007657481430480395e+00,5.280809427718041738e-01,1.227809425769882168e+00,5.083648339916411185e-01,7.512427340747424021e-01
1.202000000000000028e+02,2.010236179570374038e+00,5.286569794703035452e-01,1.229687828921193882e+00,5.086948107504943861e-01,7.513027076214207067e-01
1.203000000000000114e+02,2.011158710425122287e+00,5.295954767369529526e-01,1.231788311925061219e+00,5.090905155435551110e-01,7.517482075736316993e-01
1.204000000000000057e+02,2.012613324295520201e+00,5.309876513727491698e-01,1.233555115989403816e+00,5.094472237390599290e-01,7.522033025970024100e-01
1.205000000000000000e+02,2.012695573285482986e+00,5.321050514717035052e-01,1.234800974719947098e+00,5.099859320766612081e-01,7.532069806023046210e-01
1.206000000000000085e+02,2.012795443326972133e+00,5.330141897682569851e-01,1.235705558776669211e+00,5.107284408402188447e-01,7.545474054839048650e-01
1.207000000000000028e+02,2.012951090869087079e+00,5.335708968124652785e-01,1.236056747982609449e+00,5.117399253960035477e-01,7.563335292482510352e-01
1.208000000000000114e+02,2.013901836670832335e+00,5.337361356513887767e-01,1.235978148761952555e+00,5.121546874100548763e-01,7.567286143603072501e-01
1.209000000000000057e+02,2.014362955724674720e+00,5.341630603891488471e-01,1.235825931893511420e+00,5.126330159745358106e-01,7.574700205675386488e-01
1.210000000000000000e+02,2.016475135689404397e+00,5.348499456663484697e-01,1.235856079977506017e+00,5.133445146001001103e-01,7.578789921280977282e-01
1.211000000000000085e+02,2.018275176131498760e+00,5.358817797102737313e-01,1.236464620891500665e+00,5.143768528277152807e-01,7.586555794510245754e-01
1.212000000000000028e+02,2.020310424969721019e+00,5.370654306930318089e-01,1.237680619015328221e+00,5.158212944683184809e-01,7.596264641288612562e-01
1.213000000000000114e+02,2.023439139587028368e+00,5.388600429433099137e-01,1.239705936231670913e+00,5.172126391020821501e-01,7.614827337204808089e-01
1.214000000000000057e+02,2.024384900705934243e+00,5.407789207094667594e-01,1.242189144042402216e+00,5.185409839258381393e-01,7.632562088265115730e-01
1.215000000000000000e+02,2.025581374750919483e+00,5.421765734695550565e-01,1.244693662315299099e+00,5.196274186424106878e-01,7.643234044495172963e-01
1.216000000000000085e+02,2.028252716116948129e+00,5.430284471403185043e-01,1.246545946742269706e+00,5.201958363085084081e-01,7.651417280885455252e-01
1.217000000000000028e+02,2.030649932388503665e+00,5.433591103587852578e-01,1.247920826781425241e+00,5.201007291572965485e-01,7.648532595857369110e-01
1.218000000000000114e+02,2.032045791520133537e+00,5.431727183725229002e-01,1.248799207762389507e+00,5.200869330620119246e-01,7.650163770921759587e-01
1.219000000000000057e+02,2.031515843305442992e+00,5.424266530476056225e-01,1.248952741150212820e+00,5.193841125999414388e-01,7.641629438932422413e-01
1.220000000000000000e+02,2.030945174541054055e+00,5.417887769338523007e-01,1.249082567895358098e+00,5.188305458960944527e-01,7.641314652989307232e-01
1.221000000000000085e+02,2.029077492361934354e+00,5.410830832394011303e-01,1.249258911247410619e+00,5.182046581287772513e-01,7.636148958837823963e-01
1.222000000000000028e+02,2.031873357414778258e+00,5.403337351174268832e-01,1.248421840678636929e+00,5.174094926664007943e-01,7.629168801898698060e-01
1.223000000000000114e+02,2.031159388011128275e+00,5.394913276135493430e-01,1.247525829771625849e+00,5.170294475648893329e-01,7.624968399499002514e-01
1.224000000000000057e+02,2.031430963494360142e+00,5.385794107050903001e-01,1.246477445024505526e+00,5.160170115069450114e-01,7.612703735705228514e-01
1.225000000000000000e+02,2.030988600626643326e+00,5.377743625418680562e-01,1.245383273007117708e+00,5.159109501648464491e-01,7.612940178102389766e-01
1.226000000000000085e+02,2.031432178800463451e+00,5.375686883369403812e-01,1.244983411960451258e+00,5.161115678530755480e-01,7.617838356387424126e-01
1.227000000000000028e+02,2.033989542326732014e+00,5.377154662202030533e-01,1.245200645560450070e+00,5.167621204192892614e-01,7.621047794485839022e-01
1.228000000000000114e+02,2.034126981201187956e+00,5.377480136843488800e-01,1.244659442397649363e+00,5.166228960459103847e-01,7.619808414177285938e-01
1.229000000000000057e+02,2.035262399055643545e+00,5.376762997883411943e-01,1.243773236808107363e+00,5.164235526221262473e-01,7.619500290847046609e-01
1.230000000000000000e+02,2.035308971161642777e+00,5.378694766992522247e-01,1.243581478546012198e+00,5.162015105340356236e-01,7.620559054121299747e-01
1.231000000000000085e+02,2.035706838226995607e+00,5.381547633678801512e-01,1.244249328025134105e+00,5.164310882100511257e-01,7.623291103657363621e-01
1.232000000000000028e+02,2.037210203306147438e+00,5.385885558758691793e-01,1.244385504295550282e+00,5.166320124967666017e-01,7.627704512130163428e-01
1.233000000000000114e+02,2.038439517326521511e+00,5.390167255738038676e-01,1.245269973699028032e+00,5.166431220472230690e-01,7.629215055840037341e-01
1.234000000000000057e+02,2.038548076323954295e+00,5.393468360415548668e-01,1.246225117466822185e+00,5.168772409470484552e-01,7.633211624758599045e-01
1.235000000000000000e+02,2.039964985008618115e+00,5.398383407883448060e-01,1.247368297171373763e+00,5.172965354371305002e-01,7.637301262421234416e-01
1.236000000000000085e+02,2.041400806265386780e+00,5.406821429489455655e-01,1.248530146998160228e+00,5.179700279396429741e-01,7.645265490883358384e-01
1.237000000000000028e+02,2.043642981347602472e+00,5.413304194507838618e-01,1.249467401783222353e+00,5.185869196992392016e-01,7.650758143441696024e-01
1.238000000000000114e+02,2.043911141282878319e+00,5.414882025562093304e-01,1.250124116722287626e+00,5.187653610289033601e-01,7.651514129962122546e-01
1.239000000000000057e+02,2.045052110204387930e+00,5.412228034789036135e-01,1.250281608804469036e+00,5.190066253088083670e-01,7.654710063161672684e-01
1.240000000000000000e+02,2.047197938715425103e+00,5.407948796522612511e-01,1.250680204564550646e+00,5.188155124712365840e-01,7.649855586478565561e-01
1.241000000000000085e+02,2.049015240710875041e+00,5.403605146854363328e-01,1.250937682709304388e+00,5.184573594033120569e-01,7.649580307355884345e-01
1.242000000000000028e+02,2.050794155348038661e+00,5.400129736177379236e-01,1.250811198328531937e+00,5.177483390899988436e-01,7.642783711613897468e-01
1.243000000000000114e+02,2.051416462672804197e+00,5.395378228941931642e-01,1.250417496196883915e+00,5.168677424531615827e-01,7.631654990712920528e-01
1.244000000000000057e+02,2.050841617072305390e+00,5.391089013144776398e-01,1.249903989659213899e+00,5.163778294671815816e-01,7.626291914935425797e-01
1.245000000000000000e+02,2.050893768815201135e+00,5.389260949582049820e-01,1.249732807965561188e+00,5.159855214748070296e-01,7.623363303534362867e-01
1.246000000000000085e+02,2.050878055519581356e+00,5.395219802018660360e-01,1.250273324899139338e+00,5.159583512362491131e-01,7.629030527235414194e-01
1.247000000000000028e+02,2.052042443152137352e+00,5.401778682920315156e-01,1.251211704635467159e+00,5.161559054585470596e-01,7.630570984459285055e-01
1.248000000000000114e+02,2.052075630129626127e+00,5.408751842158998624e-01,1.252690937044035557e+00,5.165478824300823169e-01,7.636487974336073625e-01
1.249000000000000057e+02,2.053208361824519823e+00,5.419184599514322853e-01,1.254554401611563952e+00,5.173163789735053530e-01,7.641690510820997595e-01
1.250000000000000000e+02,2.053984119237753259e+00,5.430851195311278135e-01,1.256574792054359957e+00,5.181236158184393537e-01,7.654029013463058417e-01
1.251000000000000085e+02,2.056039901361744526e+00,5.446206605048227178e-01,1.258457376486936230e+00,5.187485568920933154e-01,7.660343311277670875e-01
1.252000000000000028e+02,2.058373192021530684e+00,5.455131937290247368e-01,1.259489770608773762e+00,5.193709564117283684e-01,7.668009535546852495e-01
1.253000000000000114e+02,2.059412530784866746e+00,5.461237342552944796e-01,1.260142483829743920e+00,5.202263741224483207e-01,7.670792369554912948e-01
1.254000000000000057e+02,2.061232726527054471e+00,5.469427561151548600e-01,1.260715346253067137e+00,5.208920219601779200e-01,7.678481637502846402e-01
1.255000000000000000e+02,2.062938772633895024e+00,5.477351092722695380e-01,1.261545836414956767e+00,5.217186916851279666e-01,7.685718098339888726e-01
1.256000000000000085e+02,2.065517893923303205e+00,5.483387509217134692e-01,1.262124877116002519e+00,5.222768774086062882e-01,7.694084092893007654e-01
1.257000000000000028e+02,2.065734227265052958e+00,5.483050279626170420e-01,1.262652268859387528e+00,5.225617003821706463e-01,7.698633237411550700e-01
1.258000000000000114e+02,2.065512974568794125e+00,5.474969921646587467e-01,1.262199220113186637e+00,5.218378656058156873e-01,7.690818567063510969e-01
1.259000000000000057e+02,2.065170555670508001e+00,5.464622596807225952e-01,1.261666259417165481e+00,5.208158362231314342e-01,7.681290743428790257e-01
1.260000000000000000e+02,2.065713951404507309e+00,5.450056772885131240e-01,1.260908557803319230e+00,5.191973172733092001e-01,7.656025584935988171e-01
1.261000000000000085e+02,2.065265532649641411e+00,5.434548655724324995e-01,1.259678020540873300e+00,5.176018902948634759e-01,7.637928080138390863e-01
1.262000000000000028e+02,2.066640694912429410e+00,5.417531284414957016e-01,1.257812849533636035e+00,5.160626560384068418e-01,7.619445767134318537e-01
1.263000000000000114e+02,2.067933321396021373e+00,5.401296468672167617e-01,1.255883702783577416e+00,5.153137226822003258e-01,7.606524700371405379e-01
1.264000000000000057e+02,2.067806757500352699e+00,5.389078718699981119e-01,1.254356514397815481e+00,5.154787644231778598e-01,7.605070520001819823e-01
1.265000000000000000e+02,2.069467089272916116e+00,5.385990648018202931e-01,1.253816249732476962e+00,5.161247274952411868e-01,7.615928884931546516e-01
1.266000000000000085e+02,2.070899242112092420e+00,5.392176989765241624e-01,1.254452280235849093e+00,5.171535684961539037e-01,7.626404900461106751e-01
1.267000000000000028e+02,2.072861082013358835e+00,5.404645151297318151e-01,1.256413790310955791e+00,5.178214061307632177e-01,7.638575407334905476e-01
1.268000000000000114e+02,2.076506558468900199e+00,5.418458382303563692e-01,1.258177690958300454e+00,5.185132854300144034e-01,7.644679335979466250e-01
1.269000000000000057e+02,2.078042527259410299e+00,5.433436544807175306e-01,1.259841090909296080e+00,5.193053545168193619e-01,7.653245777476219702e-01
1.270000000000000000e+02,2.077807662660541510e+00,5.447586445326221272e-01,1.260889785386515749e+00,5.201449106370052977e-01,7.664504664900899655e-01
1.271000000000000085e+02,2.076897534060293538e+00,5.456885729020704012e-01,1.261612847011447380e+00,5.205052525075329894e-01,7.670357677187822354e-01
1.272000000000000028e+02,2.075976938053346377e+00,5.461515913694273694e-01,1.261829251353604242e+00,5.210148443544921903e-01,7.675876301475210717e-01
1.273000000000000114e+02,2.074869554418994788e+00,5.463572703890023918e-01,1.262832205363327187e+00,5.210936129726884136e-01,7.673947129035623149e-01
1.274000000000000057e+02,2.074933139867186416e+00,5.461374988048445234e-01,1.262644450503922489e+00,5.210768492781987504e-01,7.671918552876282327e-01
1.275000000000000000e+02,2.075311633262383104e+00,5.459774135155762709e-01,1.262323874275101065e+00,5.213298071799017386e-01,7.671803783234137919e-01
1.276000000000000085e+02,2.077167573305960246e+00,5.463947688576303863e-01,1.263166785720373886e+00,5.219753883180253684e-01,7.681282765990062877e-01
1.277000000000000028e+02,2.076546200174499202e+00,5.470410956137193859e-01,1.264459775192340762e+00,5.224883644791243897e-01,7.689442749502289898e-01
1.278000000000000114e+02,2.077691977527047040e+00,5.478552598904362636e-01,1.265024775450306116e+00,5.227353308452229452e-01,7.699195177575041127e-01
1.279000000000000057e+02,2.080656615390752417e+00,5.485647168150326047e-01,1.265584040571154922e+00,5.227417569755669069e-01,7.705542475505199329e-01
1.280000000000000000e+02,2.081606147482837343e+00,5.487734829141545090e-01,1.265891134603537305e+00,5.223191087391948484e-01,7.700272990373232540e-01
1.280999999999999943e+02,2.081428161651843300e+00,5.487721902032534071e-01,1.265648873844686273e+00,5.220913894883248973e-01,7.699453320728503192e-01
1.282000000000000171e+02,2.082220273145359180e+00,5.488392728962208089e-01,1.265913428591669110e+00,5.218672583990469072e-01,7.692272261737845840e-01
1.283000000000000114e+02,2.084060133135306803e+00,5.487928499395505755e-01,1.266537733513628972e+00,5.213936221014161543e-01,7.691812701707981814e-01
1.284000000000000057e+02,2.082281956513237109e+00,5.482599501740686998e-01,1.266284218828604535e+00,5.216384565032663456e-01,7.690731262019829817e-01
1.285000000000000000e+02,2.083004442541732892e+00,5.478194974106626036e-01,1.266022879126583733e+00,5.214927820129838798e-01,7.694798564034091015e-01
1.285999999999999943e+02,2.084873125885171152e+00,5.475391266890484721e-01,1.266562065589651676e+00,5.212904491760550485e-01,7.702701457136087448e-01
1.287000000000000171e+02,2.086720426168488629e+00,5.467933860349998287e-01,1.266783152777947841e+00,5.206603148151422999e-01,7.696560341288486429e-01
1.288000000000000114e+02,2.087396142885031392e+00,5.462925232263695641e-01,1.267247381063649536e+00,5.203148033467723810e-01,7.691421020556410415e-01
1.289000000000000057e+02,2.085410023118319245e+00,5.457443250911240273e-01,1.267534661442190513e+00,5.204569219746937314e-01,7.690496968781451725e-01
1.290000000000000000e+02,2.086859657603523210e+00,5.450118688632368258e-01,1.266648678939758854e+00,5.203039938666851327e-01,7.688738595005597531e-01
1.290999999999999943e+02,2.087861199133419721e+00,5.448288849616927942e-01,1.266480994853716124e+00,5.201405913601021558e-01,7.692910291397800915e-01
1.292000000000000171e+02,2.086773925615089453e+00,5.445601260895016615e-01,1.266215844776581001e+00,5.199569607190442921e-01,7.688963071821230955e-01
1.293000000000000114e+02,2.087738696364198177e+00,5.448802955935756476e-01,1.267247915757241827e+00,5.201669825116752577e-01,7.695025393542391789e-01
1.294000000000000057e+02,2.089516590128927209e+00,5.454161577794233162e-01,1.268320400284014049e+00,5.212945746754635845e-01,7.706988994410871596e-01
1.295000000000000000e+02,2.088525178927416182e+00,5.461651471450362783e-01,1.269235641068187537e+00,5.225618292931082376e-01,7.723411271239488674e-01
1.295999999999999943e+02,2.090926790229180376e+00,5.472358644311050568e-01,1.270813813979209561e+00,5.236855460406388829e-01,7.733374681329460154e-01
1.297000000000000171e+02,2.090883414533272866e+00,5.481580809020939471e-01,1.272549301031538960e+00,5.242318026206713721e-01,7.736749938278791872e-01
1.298000000000000114e+02,2.093685516150293857e+00,5.489973853286823635e-01,1.274640589056130979e+00,5.245052757211070560e-01,7.738466094850775523e-01
1.299000000000000057e+02,2.095891269678045177e+00,5.498045783745121318e-01,1.276027007166967042e+00,5.249558518017972686e-01,7.737212013798303589e-01
1.300000000000000000e+02,2.097226019579437217e+00,5.504546983374661862e-01,1.276472381544938361e+00,5.251231593803303843e-01,7.739895434929950913e-01
1.300999999999999943e+02,2.097507498557792616e+00,5.506084936675432751e-01,1.276606740350875846e+00,5.251049279964868921e-01,7.741756869034926991e-01
1.302000000000000171e+02,2.101213319292936532e+00,5.505654663136092530e-01,1.276878229165289813e+00,5.250261809387480882e-01,7.743471294725888798e-01
1.303000000000000114e+02,2.102580391845940255e+00,5.505306517588856030e-01,1.277160077034901198e+00,5.254998943749448204e-01,7.747805486076135839e-01
1.304000000000000057e+02,2.104630634536267308e+00,5.507119692776165643e-01,1.276981236391779406e+00,5.258676906802445261e-01,7.749376936568509455e-01
1.305000000000000000e+02,2.104791571257340621e+00,5.512555690773683903e-01,1.277040732643531573e+00,5.263232125029361219e-01,7.753765756827134537e-01
1.305999999999999943e+02,2.104880689563733309e+00,5.517494452368398861e-01,1.277132934313252699e+00,5.262607953828067897e-01,7.755102208410011855e-01
1.307000000000000171e+02,2.104997081985461982e+00,5.518712857986436404e-01,1.277237630272264113e+00,5.261642180263307322e-01,7.751461277522168070e-01
1.308000000000000114e+02,2.105787866747362624e+00,5.517562173689154470e-01,1.277874793663387409e+00,5.263133348448265636e-01,7.756034258194454134e-01
1.309000000000000057e+02,2.106506323908459599e+00,5.518352353606796878e-01,1.279186753683785982e+00,5.264094770102054621e-01,7.758550853279948534e-01
1.310000000000000000e+02,2.107477338023664437e+00,5.521740427327636036e-01,1.280371468820326930e+00,5.264344862583878459e-01,7.761553477370745080e-01
1.310999999999999943e+02,2.107575124429025948e+00,5.526003896360551781e-01,1.281771457163598971e+00,5.264103354064652018e-01,7.754428638572721244e-01
1.312000000000000171e+02,2.107781791486338374e+00,5.530382599650039976e-01,1.282948563803569586e+00,5.267785638253401626e-01,7.753401229994659749e-01
1.313000000000000114e+02,2.110138905802882547e+00,5.537626286612483684e-01,1.284963384584332902e+00,5.276211298639482683e-01,7.761261241327972460e-01
1.314000000000000057e+02,2.110580624958111606e+00,5.541296503365454873e-01,1.286373027340594000e+00,5.282460557012021996e-01,7.769027507210898298e-01
1.315000000000000000e+02,2.112280484170111716e+00,5.548049239441716907e-01,1.289124236769448206e+00,5.286631342321145288e-01,7.774688945133318985e-01
1.315999999999999943e+02,2.115223092398498039e+00,5.557462564349558987e-01,1.291782226966246006e+00,5.287646220609594216e-01,7.774937504901326957e-01
1.317000000000000171e+02,2.115117693062955162e+00,5.560663671464770585e-01,1.293193718011991233e+00,5.285455631737260296e-01,7.775963736128994608e-01
1.318000000000000114e+02,2.114374043846368956e+00,5.560888401921525448e-01,1.293909275739214770e+00,5.280244960597105797e-01,7.773114577019284432e-01
1.319000000000000057e+02,2.113662790304343453e+00,5.561259778767908557e-01,1.293926422237948737e+00,5.273149139049428946e-01,7.770665394882878552e-01
1.320000000000000000e+02,2.113460587483475095e+00,5.558032695981084403e-01,1.293749816616529325e+00,5.265419522171268518e-01,7.760885262707956089e-01
1.320999999999999943e+02,2.114395044994116901e+00,5.552120920545140503e-01,1.292811274301857605e+00,5.264351955807657912e-01,7.757643373285205701e-01
1.322000000000000171e+02,2.115500332656677696e+00,5.546399913912301027e-01,1.291784622435614649e+00,5.268674943051644410e-01,7.758219707238551699e-01
1.323000000000000114e+02,2.116638721304735071e+00,5.545242100754227410e-01,1.291723812935155591e+00,5.270493732127310427e-01,7.758864529491495965e-01
1.324000000000000057e+02,2.117654450432077784e+00,5.546466484103499406e-01,1.292188019762969597e+00,5.276329314749126365e-01,7.762621948789372173e-01
1.325000000000000000e+02,2.119869551332476565e+00,5.551045214714465104e-01,1.293661496601658634e+00,5.283716655516824678e-01,7.767989972994581160e-01
1.325999999999999943e+02,2.122901289946253822e+00,5.563395175832925865e-01,1.295723609578006252e+00,5.289690426574360504e-01,7.776772690535642685e-01
1.327000000000000171e+02,2.125671159969506618e+00,5.577835277896276978e-01,1.297707122582053119e+00,5.297525511461651515e-01,7.788644565487917726e-01
1.328000000000000114e+02,2.128466355878076754e+00,5.585917098586932195e-01,1.299221810228506691e+00,5.299946332529100745e-01,7.796373244249449330e-01
1.329000000000000057e+02,2.127994484827008481e+00,5.588525139640945216e-01,1.300265655542701682e+00,5.295610595887128014e-01,7.793296255822145246e-01
1.330000000000000000e+02,2.128361277503785676e+00,5.587744181478161432e-01,1.300784309129952687e+00,5.286014615654273108e-01,7.785472284254943975e-01
1.330999999999999943e+02,2.129121912306151554e+00,5.590112444735808594e-01,1.301562370257529633e+00,5.281065894424648022e-01,7.779945042560699742e-01
1.332000000000000171e+02,2.130131463195784391e+00,5.594784191092492254e-01,1.303338331520209170e+00,5.279503110291580148e-01,7.786100762103409512e-01
1.333000000000000114e+02,2.132147229648742925e+00,5.598336557102400191e-01,1.304836257341426942e+00,5.281083674491965363e-01,7.791347897402574052e-01
1.334000000000000057e+02,2.132818723048197640e+00,5.600544120506100176e-01,1.305819674165696220e+00,5.283921457862152948e-01,7.793344996577762362e-01
1.335000000000000000e+02,2.134683612715703394e+00,5.599046906436189186e-01,1.305622225347465415e+00,5.284090037847788413e-01,7.795754783714478053e-01
1.335999999999999943e+02,2.135631925554077881e+00,5.595482503429481946e-01,1.305448738891892058e+00,5.287422632804744671e-01,7.800779578168878237e-01
1.337000000000000171e+02,2.135440965190448459e+00,5.588670993756288397e-01,1.304529753805740544e+00,5.282855453019675851e-01,7.801320160006733895e-01
1.338000000000000114e+02,2.135746559950634449e+00,5.581503049760621060e-01,1.303587142771820417e+00,5.277864828340368408e-01,7.798533109043341849e-01
1.339000000000000057e+02,2.134130779368390574e+00,5.577951532298373039e-01,1.302502080859546219e+00,5.274909683826887186e-01,7.792298175383067793e-01
1.340000000000000000e+02,2.135607613645120306e+00,5.579701704469243184e-01,1.301746847892655934e+00,5.277125252263575872e-01,7.791652997361996347e-01
1.340999999999999943e+02,2.138891031005196730e+00,5.583211784942583300e-01,1.301828108064666312e+00,5.278148185406486004e-01,7.796376607115477197e-01
1.342000000000000171e+02,2.141892462393654384e+00,5.581874684501784145e-01,1.301859559145023715e+00,5.277039289543233869e-01,7.795907712477379015e-01
1.343000000000000114e+02,2.142427022841704609e+00,5.583670460681735559e-01,1.302735783087642707e+00,5.280535660741143555e-01,7.804718408474542457e-01
1.344000000000000057e+02,2.143797206735293503e+00,5.587316784546952908e-01,1.303272346513743907e+00,5.281568119920034832e-01,7.812229351170195679e-01
1.345000000000000000e+02,2.146156642208068455e+00,5.591048638795165227e-01,1.304552291605876935e+00,5.284941362547491694e-01,7.812368885183711420e-01
1.345999999999999943e+02,2.145888734681633991e+00,5.596427156997365593e-01,1.305495155130290019e+00,5.288681184751792275e-01,7.823588343866278993e-01
1.347000000000000171e+02,2.146501040917847991e+00,5.598066135424385470e-01,1.305738180882641819e+00,5.292623133759850607e-01,7.823297645638613851e-01
1.348000000000000114e+02,2.149277073363668134e+00,5.601692741644875850e-01,1.306299133941461355e+00,5.291049176495788986e-01,7.821575418500397170e-01
1.349000000000000057e+02,2.149523448850611640e+00,5.611083172540153319e-01,1.307772804720055415e+00,5.291419178658449685e-01,7.821155109331899835e-01
1.350000000000000000e+02,2.150984825674989942e+00,5.621627960666120138e-01,1.309191554999564300e+00,5.287616802595054288e-01,7.817066470749002294e-01
1.350999999999999943e+02,2.151490604022509245e+00,5.629741670847477897e-01,1.310002637282679183e+00,5.283703309033611628e-01,7.813010410728686850e-01
1.352000000000000171e+02,2.152604322763338462e+00,5.636449677355792609e-01,1.310720494700934768e+00,5.283119968443862335e-01,7.815619458672535824e-01
1.353000000000000114e+02,2.153361451511267788e+00,5.643129434398781452e-01,1.311430767065418612e+00,5.285179963449639917e-01,7.821230208463424427e-01
1.354000000000000057e+02,2.153860969421121485e+00,5.648237631385861768e-01,1.313007405126030314e+00,5.287444665533876931e-01,7.823820448103604441e-01
1.355000000000000000e+02,2.155549599847122355e+00,5.653764358554704827e-01,1.313533762305616914e+00,5.291180630266273388e-01,7.825811297505246289e-01
1.355999999999999943e+02,2.156024911805506150e+00,5.654026298918194415e-01,1.312806380904350645e+00,5.292285842230816106e-01,7.826858087059179736e-01
1.357000000000000171e+02,2.157225156161391322e+00,5.650040589478715347e-01,1.312209065956817966e+00,5.291705162255595507e-01,7.825157549998723594e-01
1.358000000000000114e+02,2.158805136445850703e+00,5.647524212467274207e-01,1.312486978045310337e+00,5.289546585001858592e-01,7.824685593987934507e-01
1.359000000000000057e+02,2.160886007561668709e+00,5.643790567286284254e-01,1.312996750113252897e+00,5.288872317898912767e-01,7.821819060722841055e-01
1.360000000000000000e+02,2.161000659811206592e+00,5.636618218782722955e-01,1.312276213762922916e+00,5.283284985007715706e-01,7.814775624355204675e-01
1.360999999999999943e+02,2.161292084330859620e+00,5.626241595950524088e-01,1.310936398769323663e+00,5.277596482586287552e-01,7.801517046813465361e-01
1.362000000000000171e+02,2.161083547768254842e+00,5.618187443730463526e-01,1.310375077402078370e+00,5.271289047777175663e-01,7.794727325248881344e-01
1.363000000000000114e+02,2.162335091059377490e+00,5.611298009518755903e-01,1.309961969799556591e+00,5.266636443291315972e-01,7.788433060311307221e-01
1.364000000000000057e+02,2.161843035156665760e+00,5.610336149850418952e-01,1.310740585170207639e+00,5.263558915214983092e-01,7.788064597390631505e-01
1.365000000000000000e+02,2.163673015504342434e+00,5.615711115073062087e-01,1.312942819202300715e+00,5.266186241020907044e-01,7.794599635823783457e-01
1.365999999999999943e+02,2.164736273184815207e+00,5.626590392878410007e-01,1.315465142260934028e+00,5.268446546971373712e-01,7.795502265211105009e-01
1.367000000000000171e+02,2.166423251029985675e+00,5.635987178088210925e-01,1.317487867088000808e+00,5.267579658171663848e-01,7.793377572687555377e-01
1.368000000000000114e+02,2.167206237956639914e+00,5.641451714652104821e-01,1.318508242158882515e+00,5.270430963252593637e-01,7.789906102302387447e-01
1.369000000000000057e+02,2.169540824598687578e+00,5.644421418353496867e-01,1.319222421229287567e+00,5.271907401676062532e-01,7.792130709682117962e-01
1.370000000000000000e+02,2.172999505507779983e+00,5.647203822157016440e-01,1.319887291722327660e+00,5.272994478035466503e-01,7.788882413083276779e-01
1.370999999999999943e+02,2.172808895453871347e+00,5.645801567890049721e-01,1.319700123617294718e+00,5.267765500362088238e-01,7.788278578477767500e-01
1.372000000000000171e+02,2.174487903676237011e+00,5.644798443197263094e-01,1.319887864599874172e+00,5.266294459760094693e-01,7.784009254192947314e-01
1.373000000000000114e+02,2.175950723622320115e+00,5.648107118684121408e-01,1.320535614009479941e+00,5.271207857603272817e-01,7.793780914421873929e-01
1.374000000000000057e+02,2.177269201117947972e+00,5.655336449511645380e-01,1.321084374129039229e+00,5.277960103742136422e-01,7.807010764166604222e-01
1.375000000000000000e+02,2.178414766922972756e+00,5.663499373728262398e-01,1.321977295606157066e+00,5.284158963768226247e-01,7.817276274785732726e-01
1.375999999999999943e+02,2.180777412577313612e+00,5.672876565305896568e-01,1.323353262602817493e+00,5.288096868072419410e-01,7.824297263564993221e-01
1.377000000000000171e+02,2.182686548345991184e+00,5.685833694338389144e-01,1.324759786947766527e+00,5.294806252263642987e-01,7.838821714291875908e-01
1.378000000000000114e+02,2.183249172000977900e+00,5.695895183491497260e-01,1.326247355395779870e+00,5.302290412313346302e-01,7.853309773191861076e-01
1.379000000000000057e+02,2.182922866717112775e+00,5.707160230722940764e-01,1.327471823038981924e+00,5.313660356065426082e-01,7.868340061262304452e-01
1.380000000000000000e+02,2.184250232054307794e+00,5.717733724634020964e-01,1.328685941903498202e+00,5.323931026819477275e-01,7.880079411038306558e-01
1.380999999999999943e+02,2.185818347259500083e+00,5.722241432328136757e-01,1.329636241476507941e+00,5.335318229012724345e-01,7.889326809031900201e-01
1.382000000000000171e+02,2.186020907865025453e+00,5.725923345925226782e-01,1.330656242239201870e+00,5.344832043051110926e-01,7.894863301190057081e-01
1.383000000000000114e+02,2.187077465171099355e+00,5.725344285614943907e-01,1.332137214524570679e+00,5.347492547804336693e-01,7.900796226630211194e-01
1.384000000000000057e+02,2.186683820348442442e+00,5.718399202509900636e-01,1.332660239231910237e+00,5.348620988428399725e-01,7.903584847147555603e-01
1.385000000000000000e+02,2.188435842882866300e+00,5.710611258155746661e-01,1.332621461197479817e+00,5.337900685850081040e-01,7.893281473129670767e-01
1.385999999999999943e+02,2.189158877251091262e+00,5.702802410589425941e-01,1.332628991780249628e+00,5.324696522826696254e-01,7.879468887439157188e-01
1.387000000000000171e+02,2.188342928424976463e+00,5.694634538833076576e-01,1.332742554403929081e+00,5.308023316647390022e-01,7.869375886006266807e-01
1.388000000000000114e+02,2.189047077469588487e+00,5.692913207896598271e-01,1.333534851263800336e+00,5.293689372539215343e-01,7.856997084554959709e-01
1.389000000000000057e+02,2.192237236561067171e+00,5.691295981994292097e-01,1.334424558132294214e+00,5.285814799184336277e-01,7.851007384319543814e-01
1.390000000000000000e+02,2.194404993889329081e+00,5.691625119781152931e-01,1.335442924717419322e+00,5.288827258047194002e-01,7.854383111314781063e-01
1.390999999999999943e+02,2.197060743380245817e+00,5.697690883119139738e-01,1.336573455390495990e+00,5.300135029853944024e-01,7.864209001535418242e-01
1.392000000000000171e+02,2.200464865232567124e+00,5.705825063586683621e-01,1.338256370364069081e+00,5.312871859381952389e-01,7.876380576818795554e-01
1.393000000000000114e+02,2.201384981757680936e+00,5.714546979074379696e-01,1.339622448726748072e+00,5.328783676404268421e-01,7.890768537570329588e-01
1.394000000000000057e+02,2.203344377003608745e+00,5.723696727415925611e-01,1.341480147984541071e+00,5.341345674692740131e-01,7.905473228975213873e-01
1.395000000000000000e+02,2.202832739739498447e+00,5.731780770883273535e-01,1.343148561643910499e+00,5.347988314296757695e-01,7.911644029570491510e-01
1.395999999999999943e+02,2.205015154523179977e+00,5.736072734408954599e-01,1.343867916867803380e+00,5.348266147811534532e-01,7.911667111203308789e-01
1.397000000000000171e+02,2.207394327840122461e+00,5.742376573382145244e-01,1.344348331893907789e+00,5.345566670134019871e-01,7.908920085921370413e-01
1.398000000000000114e+02,2.208915166730203605e+00,5.744178309575387331e-01,1.344579565383503983e+00,5.343520223320954443e-01,7.909978261362561325e-01
1.399000000000000057e+02,2.208864211418689383e+00,5.743343154156862473e-01,1.344164920421506260e+00,5.342924180559703862e-01,7.907236357464747512e-01
1.400000000000000000e+02,2.209647399392083322e+00,5.748445237036019506e-01,1.344699462604253881e+00,5.344694191118121163e-01,7.912645987148969606e-01
1.400999999999999943e+02,2.210400451762658758e+00,5.753548167054493012e-01,1.345277783773275893e+00,5.348548641531674086e-01,7.918549678475679254e-01
1.402000000000000171e+02,2.209553886295432257e+00,5.757216544177282680e-01,1.346075799355897828e+00,5.352935041469857325e-01,7.919360496400487115e-01
1.403000000000000114e+02,2.208688510536667149e+00,5.760267362381521483e-01,1.347277723714332520e+00,5.349129077036357538e-01,7.920907159021670640e-01
1.404000000000000057e+02,2.210065973756641711e+00,5.760233381330377433e-01,1.348397147163326926e+00,5.346482743426805850e-01,7.917080568741199365e-01
1.405000000000000000e+02,2.210204724511885210e+00,5.758911950381548905e-01,1.349050257454552204e+00,5.340984798781841514e-01,7.918014618692795770e-01
1.405999999999999943e+02,2.210065458694189022e+00,5.758919996398159658e-01,1.349973520402325100e+00,5.336536147025489063e-01,7.911680289499111174e-01
1.407000000000000171e+02,2.212032915952744538e+00,5.755851076623602625e-01,1.349764921669476037e+00,5.331526290894601505e-01,7.904716956781105974e-01
1.408000000000000114e+02,2.213590538615243908e+00,5.758369929257830533e-01,1.349437488368641747e+00,5.332343042201024286e-01,7.908508194069200359e-01
1.409000000000000057e+02,2.213634601616806474e+00,5.761779527101806853e-01,1.349591987388652381e+00,5.336980311000077970e-01,7.912272563043144524e-01
1.410000000000000000e+02,2.216839255907251616e+00,5.760918786448369078e-01,1.349567862548626485e+00,5.345847610173178888e-01,7.919832751226094647e-01
1.410999999999999943e+02,2.217916654307140245e+00,5.763563238479226802e-01,1.349733750342834604e+00,5.358315776103800276e-01,7.937635574709809294e-01
1.412000000000000171e+02,2.218782423904214873e+00,5.764815014807382898e-01,1.349960746349345264e+00,5.367549362577488381e-01,7.945648333750302550e-01
1.413000000000000114e+02,2.221487472007902308e+00,5.767506374840657424e-01,1.350655933680575460e+00,5.376058225260962331e-01,7.955457612934531131e-01
1.414000000000000057e+02,2.223487279138703698e+00,5.768856702273054138e-01,1.351597270084976987e+00,5.379195739166112711e-01,7.957676021168109681e-01
1.415000000000000000e+02,2.222416834786471451e+00,5.763951730804672824e-01,1.350977034107545327e+00,5.374651143847934964e-01,7.942822506156752560e-01
1.415999999999999943e+02,2.224263623107854748e+00,5.760638602323292501e-01,1.349677488689535743e+00,5.368226889978561234e-01,7.935309716909545452e-01
1.417000000000000171e+02,2.223960604158536469e+00,5.756075969694183225e-01,1.348792127014434294e+00,5.359807913270132618e-01,7.928957489859167485e-01
1.418000000000000114e+02,2.224427569743164135e+00,5.748503695742939179e-01,1.348019755078938342e+00,5.354511552155415410e-01,7.923371121409624740e-01
1.419000000000000057e+02,2.224938537444605569e+00,5.740363538062176474e-01,1.347483963035206234e+00,5.349073996079110049e-01,7.916316640813919614e-01
1.420000000000000000e+02,2.228015309453684534e+00,5.735672890877320240e-01,1.347452636494517408e+00,5.353427274132427360e-01,7.927967707623039262e-01
1.420999999999999943e+02,2.229037086627442932e+00,5.734274576235843801e-01,1.347785637073007470e+00,5.361486969998693342e-01,7.940114060277978503e-01
1.422000000000000171e+02,2.228807203624628919e+00,5.736654737366918555e-01,1.348762341562337097e+00,5.368164258226196806e-01,7.942905569076714745e-01
1.423000000000000114e+02,2.230883863683589485e+00,5.743901537193508711e-01,1.350467618077700216e+00,5.376340334190228276e-01,7.947197603676052768e-01
1.424000000000000057e+02,2.234299891956508244e+00,5.756025605475333373e-01,1.353330139664030707e+00,5.385847580341415197e-01,7.963312644856679334e-01
1.425000000000000000e+02,2.236960502838199805e+00,5.768664752834862242e-01,1.356232713920156874e+00,5.398120916641889755e-01,7.980215663471927900e-01
1.425999999999999943e+02,2.237591509696045922e+00,5.781326084754074834e-01,1.357743375818932563e+00,5.407788792765856334e-01,7.992271668368758908e-01
1.427000000000000171e+02,2.238390286276856322e+00,5.789681359976902586e-01,1.358467845278219066e+00,5.415871109676121398e-01,7.997743957581783247e-01
1.428000000000000114e+02,2.240893375837830881e+00,5.793745409744336383e-01,1.359264343964407873e+00,5.421475935972145388e-01,8.007252607590809035e-01
1.429000000000000057e+02,2.241295490052647388e+00,5.793282549317820829e-01,1.360331280858862790e+00,5.421156720148196939e-01,8.012318107801839062e-01
1.430000000000000000e+02,2.240587353954581751e+00,5.786501681207538716e-01,1.360581185633111811e+00,5.413956175134535531e-01,8.010235790204279782e-01
1.430999999999999943e+02,2.241125777935067287e+00,5.778477887710214977e-01,1.360665791419576554e+00,5.406920033270927739e-01,8.008077637389873216e-01
1.432000000000000171e+02,2.243317533424932453e+00,5.769264107974366729e-01,1.359591623012628370e+00,5.398534123976505006e-01,7.999001161664009985e-01
1.433000000000000114e+02,2.243481058794584815e+00,5.759493562918364118e-01,1.358282393360601192e+00,5.394160675363161017e-01,7.996633156610262194e-01
1.434000000000000057e+02,2.241986194734431503e+00,5.750810520058544650e-01,1.358378316495369997e+00,5.385204162071052236e-01,7.987694843460998451e-01
1.435000000000000000e+02,2.241858094897645426e+00,5.748161059150039831e-01,1.358748526724445238e+00,5.376553839177844463e-01,7.983931117977232095e-01
1.435999999999999943e+02,2.241032286687341557e+00,5.752580471382988669e-01,1.359252183302342543e+00,5.377366146577556849e-01,7.990233494373938372e-01
1.437000000000000171e+02,2.239573142342128786e+00,5.762220962545611114e-01,1.360332093984629731e+00,5.382185731941763196e-01,7.997229080125831668e-01
1.438000000000000114e+02,2.242878918119728837e+00,5.780144843395136345e-01,1.362320967380648673e+00,5.393984980542698704e-01,8.014203326313954490e-01
1.439000000000000057e+02,2.244839957553452336e+00,5.799850836947456623e-01,1.364992745145491071e+00,5.409188130639470682e-01,8.036360608051570376e-01
1.440000000000000000e+02,2.246490314082530304e+00,5.820286166780124226e-01,1.368525828945730494e+00,5.427996321650137013e-01,8.058821404146127021e-01
1.440999999999999943e+02,2.248896005286606936e+00,5.840011283731298963e-01,1.371816446334916062e+00,5.444137523851608762e-01,8.082097956298652797e-01
1.442000000000000171e+02,2.251664658434572974e+00,5.853788279369859238e-01,1.374617038578896278e+00,5.456442553477738322e-01,8.095362714536111781e-01
1.443000000000000114e+02,2.252348168760853753e+00,5.862685992153312542e-01,1.376738424048067122e+00,5.466198340363070951e-01,8.103743267239090775e-01
1.444000000000000057e+02,2.252634175442965958e+00,5.869956373910251157e-01,1.377889033297898358e+00,5.471663846831809064e-01,8.108613665377233382e-01
1.445000000000000000e+02,2.253997054043755277e+00,5.873228132140478897e-01,1.377970709811456640e+00,5.473551239006921865e-01,8.118355664857329623e-01
1.445999999999999943e+02,2.254772190116193897e+00,5.872437771562736275e-01,1.377836550583419362e+00,5.474101619460602919e-01,8.119683830897290733e-01
1.447000000000000171e+02,2.254985526474187374e+00,5.868573378588340939e-01,1.377534538393696772e+00,5.472685878720503494e-01,8.120134922223051221e-01
1.448000000000000114e+02,2.256559167180448799e+00,5.864151291225537799e-01,1.377177322135537230e+00,5.468080001466903983e-01,8.114046072907397100e-01
1.449000000000000057e+02,2.258046469857429628e+00,5.861577011011889216e-01,1.376986456583981999e+00,5.463422030002376140e-01,8.109713290457351009e-01
1.450000000000000000e+02,2.259579425379652395e+00,5.859975699084444267e-01,1.377696310150596348e+00,5.463656866524445599e-01,8.113800086721028038e-01
1.450999999999999943e+02,2.263211694753240355e+00,5.856045385007722093e-01,1.378371391633633314e+00,5.464425644903575519e-01,8.119689164000905013e-01
1.452000000000000171e+02,2.262283641444590820e+00,5.848918697149436685e-01,1.377559669501014605e+00,5.462675876641189809e-01,8.119718224498143622e-01
1.453000000000000114e+02,2.262769545472149257e+00,5.846018405005244389e-01,1.376586035338305036e+00,5.462035772485739349e-01,8.116514296813147622e-01
1.454000000000000057e+02,2.262689142922014174e+00,5.845358415529950946e-01,1.375697780065742393e+00,5.464649335354146986e-01,8.115053376419807396e-01
1.455000000000000000e+02,2.264474572777601225e+00,5.846655409294932992e-01,1.375564820795744270e+00,5.468782925696169528e-01,8.117205103022553381e-01
1.455999999999999943e+02,2.266425078091783174e+00,5.850694015982641494e-01,1.376862134605588261e+00,5.474217126433491565e-01,8.127059296774156172e-01
1.457000000000000171e+02,2.267309493199495041e+00,5.853369513551134329e-01,1.377728125223099953e+00,5.476537621367868480e-01,8.131140243732249973e-01
1.458000000000000114e+02,2.268390677971194425e+00,5.860355016581707543e-01,1.379173190247298786e+00,5.479861743056790857e-01,8.137680442053388807e-01
1.459000000000000057e+02,2.269980886435523537e+00,5.867494357518082682e-01,1.380322071642249737e+00,5.483346180666316405e-01,8.140856973200054636e-01
1.460000000000000000e+02,2.270981212731746801e+00,5.872177375195667404e-01,1.381153571444503569e+00,5.488371076624710687e-01,8.146996172584812790e-01
1.460999999999999943e+02,2.270118938171326040e+00,5.878264067729218612e-01,1.381988554641734757e+00,5.496442970255152050e-01,8.153214018201052626e-01
1.462000000000000171e+02,2.271923685612084132e+00,5.883731730397491200e-01,1.382756264177350980e+00,5.504262130050786572e-01,8.160177061883068239e-01
1.463000000000000114e+02,2.273869391895338765e+00,5.885232586627403562e-01,1.383042320439751283e+00,5.505298854120834751e-01,8.162807213344849266e-01
1.464000000000000057e+02,2.276996265798135965e+00,5.882591660539460143e-01,1.382734633956091752e+00,5.503547700428248479e-01,8.163112574913871100e-01
1.465000000000000000e+02,2.276632379095559156e+00,5.875147773107591842e-01,1.382350559993916761e+00,5.502114801333539695e-01,8.160032047930144694e-01
1.465999999999999943e+02,2.278033695091397082e+00,5.867309436155269120e-01,1.381830836271034979e+00,5.501905615861047982e-01,8.159147424957746697e-01
1.467000000000000171e+02,2.277219781579356450e+00,5.864521349366021985e-01,1.381313757565466149e+00,5.507252787097186575e-01,8.157780824238669570e-01
1.468000000000000114e+02,2.276821482571068866e+00,5.866854738222704313e-01,1.380842394660897643e+00,5.515786739288074392e-01,8.167901494300499055e-01
1.469000000000000057e+02,2.277050598337036824e+00,5.870894898471208379e-01,1.381134564994655367e+00,5.518321952205476055e-01,8.171607757301827535e-01
1.470000000000000000e+02,2.278674465158483375e+00,5.875106793925662929e-01,1.382308773523170053e+00,5.519057636425559465e-01,8.170570786194184532e-01
1.470999999999999943e+02,2.280040841860355272e+00,5.879946286749777595e-01,1.384033373838975622e+00,5.516977202487489684e-01,8.169395427039826130e-01
1.472000000000000171e+02,2.281874096252284545e+00,5.882505631278266423e-01,1.385405743059757944e+00,5.519546601127935936e-01,8.177450587779020452e-01
1.473000000000000114e+02,2.284354395012070160e+00,5.883684532330447636e-01,1.385264932788532910e+00,5.519751017960528028e-01,8.175858561394461210e-01
1.474000000000000057e+02,2.284189199103569656e+00,5.883009200008749717e-01,1.385203271110527767e+00,5.515067697902944488e-01,8.173992538303067601e-01
1.475000000000000000e+02,2.286781923652125403e+00,5.882282003960886962e-01,1.385121713904813090e+00,5.514391080853615623e-01,8.174244263900239948e-01
1.475999999999999943e+02,2.287366745647271493e+00,5.877445801638109257e-01,1.383740191055859103e+00,5.510536828000395237e-01,8.166583526312009012e-01
1.477000000000000171e+02,2.289031709825636085e+00,5.874861452174168219e-01,1.383176730794885456e+00,5.508323780939894387e-01,8.165180397040212590e-01
1.478000000000000114e+02,2.290538133503939644e+00,5.875221825247715079e-01,1.383064301545325447e+00,5.506352109365143521e-01,8.162162376796213703e-01
1.479000000000000057e+02,2.290218546722089243e+00,5.881140182908491942e-01,1.383896651348788032e+00,5.512566290006212233e-01,8.173131310192511823e-01
1.480000000000000000e+02,2.291529715756737584e+00,5.894265172406411013e-01,1.386245490183021900e+00,5.524454619569383329e-01,8.189625060672992563e-01
1.480999999999999943e+02,2.295153349363026063e+00,5.911157046373121116e-01,1.389790997481584744e+00,5.539061215322785836e-01,8.204330861662496588e-01
1.482000000000000171e+02,2.298120674629106297e+00,5.928575786431780070e-01,1.393467370632573310e+00,5.545377860713442963e-01,8.215990019255166033e-01
1.483000000000000114e+02,2.301009562424556343e+00,5.942339196208235030e-01,1.397105871355618145e+00,5.546622266550883529e-01,8.223856663641391229e-01
1.484000000000000057e+02,2.301502493675904759e+00,5.951849894791373385e-01,1.399098429512604991e+00,5.543476479080429176e-01,8.225293852957654694e-01
1.485000000000000000e+02,2.303551450140437051e+00,5.954896669914919727e-01,1.400459684853965214e+00,5.538735329431302423e-01,8.219535486702225224e-01
1.485999999999999943e+02,2.305786849163403929e+00,5.958595029079511995e-01,1.401044824495360386e+00,5.539746893478297851e-01,8.222999791330539709e-01
1.487000000000000171e+02,2.306942689459028362e+00,5.965900515789903658e-01,1.401177892500925060e+00,5.541873298634532041e-01,8.226028911102815089e-01
1.488000000000000114e+02,2.309234164293821667e+00,5.969717414456651161e-01,1.401028673601018903e+00,5.546624067081250553e-01,8.237094928069123023e-01
1.489000000000000057e+02,2.310268999857326033e+00,5.964574154720700960e-01,1.400046641154812255e+00,5.544571513727807321e-01,8.234736908043910342e-01
1.490000000000000000e+02,2.312540595009628497e+00,5.957443284423432628e-01,1.399360552998049512e+00,5.540960087586290772e-01,8.231515422159562112e-01
1.490999999999999943e+02,2.310826504169819717e+00,5.951357707681421694e-01,1.399244077946697473e+00,5.541071082984938556e-01,8.238259332408033320e-01
1.492000000000000171e+02,2.311308728790459011e+00,5.945452231433165924e-01,1.398941918456418021e+00,5.545276716388507499e-01,8.245149669429567840e-01
1.493000000000000114e+02,2.312772294670043749e+00,5.945846791625720718e-01,1.398595591527137749e+00,5.546664657482358596e-01,8.251741442769209289e-01
1.494000000000000057e+02,2.311952669568694052e+00,5.945439626683011181e-01,1.398361398512169673e+00,5.550269998805501537e-01,8.261178384907650329e-01
1.495000000000000000e+02,2.312943207049423133e+00,5.945918234035113548e-01,1.397839426796972484e+00,5.550896924992938519e-01,8.259697050438046251e-01
1.495999999999999943e+02,2.314034729096884124e+00,5.945323623129999957e-01,1.397493501344629241e+00,5.549356330682276850e-01,8.260655432220492811e-01
1.497000000000000171e+02,2.314820572434468371e+00,5.943378792901350405e-01,1.398514790806506758e+00,5.550068960159737497e-01,8.262004531871874891e-01
1.498000000000000114e+02,2.318303528007227943e+00,5.948622913267993528e-01,1.400504679675092845e+00,5.550141921852587146e-01,8.266567486295222089e-01
1.499000000000000057e+02,2.319999272353794773e+00,5.957405613832895686e-01,1.403259369884081176e+00,5.556884159439976489e-01,8.280763841751686005e-01
1.500000000000000000e+02,2.322530160548088585e+00,5.968496985454125880e-01,1.405889301963200166e+00,5.572588358564851685e-01,8.296261761426796388e-01
1.500999999999999943e+02,2.325317689907846042e+00,5.981985470980855091e-01,1.408150291510436025e+00,5.585560682420757095e-01,8.310276544922814423e-01
1.502000000000000171e+02,2.326910212437166781e+00,5.995051802627855420e-01,1.409931508836802294e+00,5.599637861967609043e-01,8.321031651332126966e-01
1.503000000000000114e+02,2.329461100951590424e+00,6.009223003270689478e-01,1.412264407926951959e+00,5.612365376848543752e-01,8.331690522656431952e-01
1.504000000000000057e+02,2.332633713456758962e+00,6.025293873139901946e-01,1.414916760198780210e+00,5.625432552746090220e-01,8.347510998036807850e-01
1.505000000000000000e+02,2.335137547920941081e+00,6.034713295787736964e-01,1.416806249045424071e+00,5.638540160214339236e-01,8.357459194347778286e-01
1.505999999999999943e+02,2.335273205366389160e+00,6.036794689752518206e-01,1.417909669831002528e+00,5.636750587041144955e-01,8.358801231101143925e-01
1.507000000000000171e+02,2.336281037037380326e+00,6.037698278005489971e-01,1.418541449844087143e+00,5.634405731324865219e-01,8.354295315093601682e-01
1.508000000000000114e+02,2.336781697538381053e+00,6.036487245680265401e-01,1.418004683031653723e+00,5.629982732845313365e-01,8.351582745509070760e-01
1.509000000000000057e+02,2.335786589363606502e+00,6.037807331076096018e-01,1.417674435807926070e+00,5.624195656967597712e-01,8.344899555585533202e-01
1.510000000000000000e+02,2.334679341106868034e+00,6.035800134054088995e-01,1.416592182960024759e+00,5.617007842866266198e-01,8.340577682638481427e-01
1.510999999999999943e+02,2.335734489068457265e+00,6.026026365710519528e-01,1.415669161226152273e+00,5.608186380129706050e-01,8.330666485535316301e-01
1.512000000000000171e+02,2.336243709606261820e+00,6.016090235404119024e-01,1.415029855607720100e+00,5.599485023921307869e-01,8.324040084126320682e-01
1.513000000000000114e+02,2.336029180557602114e+00,6.006617339160585933e-01,1.414356009595091557e+00,5.587368431683354952e-01,8.314761239375161317e-01
1.514000000000000057e+02,2.333425228875267710e+00,5.994796293214746941e-01,1.414622351179344761e+00,5.573828196897357978e-01,8.304607081010649816e-01
1.515000000000000000e+02,2.332574189283217247e+00,5.984350893270947713e-01,1.414672662212193455e+00,5.563900393326295379e-01,8.297451874749325329e-01
1.515999999999999943e+02,2.333129177422125000e+00,5.978382690785989384e-01,1.414586409474929640e+00,5.559934110857437384e-01,8.294590610665103503e-01
1.517000000000000171e+02,2.334341010538190098e+00,5.972741792633946556e-01,1.414699339068065553e+00,5.562428786750339693e-01,8.300438378452001942e-01
1.518000000000000114e+02,2.335177810877602234e+00,5.968799237714840222e-01,1.414468918983334822e+00,5.561544881102677973e-01,8.294248373604248270e-01
1.519000000000000057e+02,2.335937959325922630e+00,5.965581357124830619e-01,1.414436541474034525e+00,5.558673360956454257e-01,8.291000068857575789e-01
1.520000000000000000e+02,2.336726495023175865e+00,5.961807051046003059e-01,1.414412018856620046e+00,5.551980250340237122e-01,8.282144218618185949e-01
1.520999999999999943e+02,2.338670652155249829e+00,5.962878769401274148e-01,1.415103701158029859e+00,5.554767903950827979e-01,8.288849287142361355e-01
1.522000000000000171e+02,2.338320499743188119e+00,5.965301474504441925e-01,1.416097337446043269e+00,5.561515166608962391e-01,8.291132888112263677e-01
1.523000000000000114e+02,2.340248581513955095e+00,5.973221980980943924e-01,1.417428708797747960e+00,5.573407982452404097e-01,8.304921753177195720e-01
1.524000000000000057e+02,2.344186621326333597e+00,5.987064382718281230e-01,1.418718777675531006e+00,5.588290091447091212e-01,8.319479971091977566e-01
1.525000000000000000e+02,2.344701987247869823e+00,5.999947190106551531e-01,1.419961167064570873e+00,5.604087591901888432e-01,8.334954956385436375e-01
1.525999999999999943e+02,2.346429761932485647e+00,6.019861691908862111e-01,1.422369373778884061e+00,5.623629825201966748e-01,8.352127894796347318e-01
1.527000000000000171e+02,2.349909336321343911e+00,6.045403753815382641e-01,1.426111897570096376e+00,5.646362686913660722e-01,8.378853716129570639e-01
1.528000000000000114e+02,2.354781123388008268e+00,6.067895314239765137e-01,1.430062995947717353e+00,5.667029874152180735e-01,8.402098206212565978e-01
1.529000000000000057e+02,2.356703721554976649e+00,6.090230247988135392e-01,1.433536336873256101e+00,5.686437323742863370e-01,8.428423574744818847e-01
1.530000000000000000e+02,2.358532377733363106e+00,6.107883777093017219e-01,1.436786008492696887e+00,5.702033778196722302e-01,8.447863220281478513e-01
1.530999999999999943e+02,2.360504784136332912e+00,6.120102772008906289e-01,1.438777749914410098e+00,5.707698179109136349e-01,8.456429643465018797e-01
1.532000000000000171e+02,2.361924066295953306e+00,6.125218452979050987e-01,1.439769704942438944e+00,5.705254637941904461e-01,8.458813570755664424e-01
1.533000000000000114e+02,2.362998150508805573e+00,6.120244439663703462e-01,1.439590250404508387e+00,5.702037362810391530e-01,8.452611034875692209e-01
1.534000000000000057e+02,2.365768742649059231e+00,6.112643775281468850e-01,1.438371228906313970e+00,5.699665309725693296e-01,8.446643545516135942e-01
1.535000000000000000e+02,2.367172750017582761e+00,6.106545105693345077e-01,1.437753559823866434e+00,5.701533028293040983e-01,8.441463305258271044e-01
1.536000000000000227e+02,2.369615017986466121e+00,6.103226451573356970e-01,1.437540063081459429e+00,5.698614427858322840e-01,8.441740242031211539e-01
1.537000000000000171e+02,2.371184852482685734e+00,6.100456816196073717e-01,1.437494063419820556e+00,5.699422508386335906e-01,8.444413468826802438e-01
1.538000000000000114e+02,2.370489069812839578e+00,6.095294039339896885e-01,1.437387217894736224e+00,5.694848913160912574e-01,8.443067584769747835e-01
1.539000000000000057e+02,2.372035908414129590e+00,6.089130139616151238e-01,1.437545715650565326e+00,5.688021875518730619e-01,8.433849729435302089e-01
1.540000000000000000e+02,2.371814482595776763e+00,6.083185662691106277e-01,1.436523080655743190e+00,5.680717211648221854e-01,8.431937319384414931e-01
1.541000000000000227e+02,2.372542593335780658e+00,6.074041641641587663e-01,1.435454049692408862e+00,5.673105288321577122e-01,8.422112603826300559e-01
1.542000000000000171e+02,2.371967961505849321e+00,6.058389993201994672e-01,1.434351293858771248e+00,5.664226964756453597e-01,8.417572174126807250e-01
1.543000000000000114e+02,2.372709779034455124e+00,6.043795720501564661e-01,1.433675841247567417e+00,5.654455019787646419e-01,8.408234887759279408e-01
1.544000000000000057e+02,2.371705390087096355e+00,6.032487737097633751e-01,1.432774132124126076e+00,5.644395947536074987e-01,8.401207006766940877e-01
1.545000000000000000e+02,2.373934352557219185e+00,6.028691609357791359e-01,1.432882206895341737e+00,5.638646828423373725e-01,8.385204807611005284e-01
1.546000000000000227e+02,2.374816040911287285e+00,6.034792789317217077e-01,1.434388859877077760e+00,5.643676362605336561e-01,8.392296062444517535e-01
1.547000000000000171e+02,2.375670829494813230e+00,6.044290566416042898e-01,1.435969165041232287e+00,5.651565532948427117e-01,8.404244116364930628e-01
1.548000000000000114e+02,2.377853969254165367e+00,6.055687905911014690e-01,1.438155207331941465e+00,5.658210875511485716e-01,8.412310192327000502e-01
1.549000000000000057e+02,2.379074977444373573e+00,6.064851294159511186e-01,1.439524655684806920e+00,5.663633600782598254e-01,8.418808083774553808e-01
1.550000000000000000e+02,2.377886308818776939e+00,6.074074310260378917e-01,1.440620008410029573e+00,5.670075138441066365e-01,8.429038281193682591e-01
1.551000000000000227e+02,2.379836301879788341e+00,6.083804798513328116e-01,1.442488656979523221e+00,5.683502789921801579e-01,8.446768763285016357e-01
1.552000000000000171e+02,2.380383801481113171e+00,6.097989088705384475e-01,1.444926320712300427e+00,5.701155395367578649e-01,8.463545129837336534e-01
1.553000000000000114e+02,2.380799231684490813e+00,6.110829081834985299e-01,1.446609798746565145e+00,5.724700123646593308e-01,8.489955917250274764e-01
1.554000000000000057e+02,2.382676604677250953e+00,6.121504906110634137e-01,1.448092922598392951e+00,5.741773635657060337e-01,8.507829763251899546e-01
1.555000000000000000e+02,2.384714567969252741e+00,6.133903288413249388e-01,1.449542700064368139e+00,5.759203187312045280e-01,8.525795029444270812e-01
1.556000000000000227e+02,2.385447341225209072e+00,6.143062377455440481e-01,1.451043693122426870e+00,5.769362710804413208e-01,8.538838925690162007e-01
1.557000000000000171e+02,2.387968621660764956e+00,6.150741833725842378e-01,1.451723405175698645e+00,5.775445585676551863e-01,8.547023486322986585e-01
1.558000000000000114e+02,2.389346754389646499e+00,6.155191303557835392e-01,1.451424132773567077e+00,5.776476825025089745e-01,8.545778657037155224e-01
1.559000000000000057e+02,2.389461291508519380e+00,6.152530693307206588e-01,1.450087086719527463e+00,5.771815535366455752e-01,8.541141944209171832e-01
1.560000000000000000e+02,2.387880868981610671e+00,6.146358629250214811e-01,1.448783934521467032e+00,5.768272250461562445e-01,8.537667427883470772e-01
1.561000000000000227e+02,2.389089234521052152e+00,6.137017330794962700e-01,1.447502870684618248e+00,5.763645828152952344e-01,8.533313508141402437e-01
1.562000000000000171e+02,2.390826911335175886e+00,6.130682911439586658e-01,1.447380299659390523e+00,5.762133453939562999e-01,8.530573405918503438e-01
1.563000000000000114e+02,2.391679517138612265e+00,6.127158916627605256e-01,1.447243113143417581e+00,5.761766620988573173e-01,8.521380281426133019e-01
1.564000000000000057e+02,2.394711605485058126e+00,6.129353183624105528e-01,1.447708392652842013e+00,5.759749558184569240e-01,8.526218396600780958e-01
1.565000000000000000e+02,2.395236652935216703e+00,6.131156741755602324e-01,1.448315956062314003e+00,5.757109034473867348e-01,8.521625256746235832e-01
1.566000000000000227e+02,2.396911490523074395e+00,6.136565019091455575e-01,1.449289535552378938e+00,5.758940293045037295e-01,8.530253883070915144e-01
1.567000000000000171e+02,2.399208067150777612e+00,6.140903659775183154e-01,1.450869417501959857e+00,5.764064735232812264e-01,8.533419856365209721e-01
1.568000000000000114e+02,2.398626653674419629e+00,6.144470280773126625e-01,1.451866463228368431e+00,5.770751036219402552e-01,8.538656632463512697e-01
1.569000000000000057e+02,2.399120842825056776e+00,6.147740744629924814e-01,1.452245205968228481e+00,5.774740755087254263e-01,8.542239496274386390e-01
1.570000000000000000e+02,2.399931068278546409e+00,6.147649178445568907e-01,1.451988513748169174e+00,5.774918553832434354e-01,8.541416583870115042e-01
1.571000000000000227e+02,2.399109974298113013e+00,6.145079163749199713e-01,1.451870399676999046e+00,5.769128125831476384e-01,8.532015087185220725e-01
1.572000000000000171e+02,2.399374413434508746e+00,6.142343426871894607e-01,1.452182554094193057e+00,5.764785451410983086e-01,8.530083164766162351e-01
1.573000000000000114e+02,2.400380250516124914e+00,6.141497489976992519e-01,1.452427756840910966e+00,5.766098392720895305e-01,8.530808857060390160e-01
1.574000000000000057e+02,2.403097969477752116e+00,6.143286937864057551e-01,1.453501474723902342e+00,5.768628826238418883e-01,8.536010955447148607e-01
1.575000000000000000e+02,2.401419760277477611e+00,6.139859385386169377e-01,1.453051164983771404e+00,5.773964309998694810e-01,8.540101032407667603e-01
1.576000000000000227e+02,2.400966059667333674e+00,6.136414431283555571e-01,1.452076855176957837e+00,5.774293490497303116e-01,8.538211083115416766e-01
1.577000000000000171e+02,2.401785864849179664e+00,6.139505132191094283e-01,1.451908838134001734e+00,5.778503547664262108e-01,8.549192518445757338e-01
1.578000000000000114e+02,2.400515702470715773e+00,6.140237299546607019e-01,1.451288567020952991e+00,5.776310011736512928e-01,8.554990940994837700e-01
1.579000000000000057e+02,2.402428497307143029e+00,6.138094318369707869e-01,1.450841967894419549e+00,5.773310704535029592e-01,8.549130118729334482e-01
1.580000000000000000e+02,2.405360058473213325e+00,6.133558062338639871e-01,1.450487447994164736e+00,5.774371976246595040e-01,8.553979583057119696e-01
1.581000000000000227e+02,2.408221397493383709e+00,6.126930128493417449e-01,1.450277998982398842e+00,5.773113753761237588e-01,8.554210917960722860e-01
1.582000000000000171e+02,2.410696455996739207e+00,6.124053070388449926e-01,1.450053181308717853e+00,5.772172252953285954e-01,8.557022764913573276e-01
1.583000000000000114e+02,2.413231237963717746e+00,6.125707733062697447e-01,1.450747893683427270e+00,5.770447623423731187e-01,8.557438776341664832e-01
1.584000000000000057e+02,2.416943585587851384e+00,6.128190343122283945e-01,1.451912327295149518e+00,5.775493942401460634e-01,8.565087740977024300e-01
1.585000000000000000e+02,2.420186808740594220e+00,6.130415203461404561e-01,1.452821903274114534e+00,5.784609510227213258e-01,8.571066282737357378e-01
1.586000000000000227e+02,2.420792405172944584e+00,6.134720462389224860e-01,1.454969974989403170e+00,5.795519031616759298e-01,8.580214178986091955e-01
1.587000000000000171e+02,2.422687402033774084e+00,6.141078366250244391e-01,1.457089522140667004e+00,5.809233300920375598e-01,8.594785794152930425e-01
1.588000000000000114e+02,2.425038637555742671e+00,6.148366064097805506e-01,1.459075797034918853e+00,5.822863127195113675e-01,8.604535459881519355e-01
1.589000000000000057e+02,2.424962670045579749e+00,6.159997985843758128e-01,1.460570114309618583e+00,5.837702596057112725e-01,8.626792369580412734e-01
1.590000000000000000e+02,2.427153229811728430e+00,6.172432666414738867e-01,1.462272303673077811e+00,5.853191854230178626e-01,8.643080207548237137e-01
1.591000000000000227e+02,2.426594477841053532e+00,6.187594883172241600e-01,1.464335198835561291e+00,5.860992663162151173e-01,8.651268973144803365e-01
1.592000000000000171e+02,2.429870427175193637e+00,6.202055840141816878e-01,1.466054689681361545e+00,5.863152844207093484e-01,8.655767165305782163e-01
1.593000000000000114e+02,2.430700908207489963e+00,6.212371473079412176e-01,1.467363403546474210e+00,5.868525810066536064e-01,8.664017046633074592e-01
1.594000000000000057e+02,2.431822170114036119e+00,6.217491062890410092e-01,1.468147239473411192e+00,5.880325935618394562e-01,8.676377548857567845e-01
1.595000000000000000e+02,2.430472182757265287e+00,6.217918642805967400e-01,1.467520935533780380e+00,5.889571480347027821e-01,8.679027169595293634e-01
1.596000000000000227e+02,2.432459391763406753e+00,6.210678134569651565e-01,1.466352107599230514e+00,5.889720625350832739e-01,8.682739759849796846e-01
1.597000000000000171e+02,2.433068797867111055e+00,6.202922926518147362e-01,1.465651303671146932e+00,5.875910002244362218e-01,8.674239983525106057e-01
1.598000000000000114e+02,2.435161901543736018e+00,6.195558473693827395e-01,1.464842992883639727e+00,5.865884458688228609e-01,8.671441547288375462e-01
1.599000000000000057e+02,2.433983223440826738e+00,6.188505527507197623e-01,1.464060929202962269e+00,5.859078343497555741e-01,8.667682477292891763e-01
1.600000000000000000e+02,2.432552211821527255e+00,6.186282415557006198e-01,1.464165775103430489e+00,5.854904301948549161e-01,8.666091853894970498e-01
1.601000000000000227e+02,2.433977068702585456e+00,6.185996023846390690e-01,1.465121821414376635e+00,5.849296452788133038e-01,8.663626034556011213e-01
1.602000000000000171e+02,2.434530128196702226e+00,6.189507639174625098e-01,1.466339986785196947e+00,5.846754168012694430e-01,8.664066350853890652e-01
1.603000000000000114e+02,2.434608433218078183e+00,6.196543190369674381e-01,1.467836863840080719e+00,5.843883951809029087e-01,8.659297908393315257e-01
1.604000000000000057e+02,2.435359232073626590e+00,6.200757881434116880e-01,1.469308860887899915e+00,5.847444726686673588e-01,8.662322651324514400e-01
1.605000000000000000e+02,2.437738132959708537e+00,6.201861734634902534e-01,1.470691455130276770e+00,5.848397316335146590e-01,8.661913497539239781e-01
1.606000000000000227e+02,2.437181986150467328e+00,6.204275297387017440e-01,1.472904221837444849e+00,5.855740827634928758e-01,8.669093148826801931e-01
1.607000000000000171e+02,2.440956993560351229e+00,6.203572196539318684e-01,1.473705031191514303e+00,5.856941628695639945e-01,8.672684643278179006e-01
1.608000000000000114e+02,2.443304339841916306e+00,6.205586825827549280e-01,1.474432714262957411e+00,5.867011926569694058e-01,8.680736300873839184e-01
1.609000000000000057e+02,2.442793825850489764e+00,6.210377288150235042e-01,1.475555527339402317e+00,5.874848096183569179e-01,8.687271098137135938e-01
1.610000000000000000e+02,2.445742706631839791e+00,6.212916953130507292e-01,1.476506674326777846e+00,5.887622596317398926e-01,8.699372196786813172e-01
1.611000000000000227e+02,2.447364063453698613e+00,6.213372737656911449e-01,1.476650298548302098e+00,5.895163652379828978e-01,8.707104417245030703e-01
1.612000000000000171e+02,2.448647976924028580e+00,6.213498130025070232e-01,1.475906133981781165e+00,5.904558137517114114e-01,8.715982303634188799e-01
1.613000000000000114e+02,2.449902056317968313e+00,6.213326353179225991e-01,1.475236007460051235e+00,5.907000451207915503e-01,8.727057145053637166e-01
1.614000000000000057e+02,2.453086198278334962e+00,6.212084646182878256e-01,1.475127016439419236e+00,5.913813936740472954e-01,8.734275684342495127e-01
1.615000000000000000e+02,2.455753816060647576e+00,6.214766958177987410e-01,1.475161336850990823e+00,5.921739549121278756e-01,8.746730215600475589e-01
1.616000000000000227e+02,2.457518588304326457e+00,6.214444765993323294e-01,1.475309250472873979e+00,5.926793165688888365e-01,8.748273668652210011e-01
1.617000000000000171e+02,2.458102347825088074e+00,6.211840372751232797e-01,1.475548988455275046e+00,5.923721584640753157e-01,8.756297576623202072e-01
1.618000000000000114e+02,2.459307379930460336e+00,6.206226682457594013e-01,1.475139898838302210e+00,5.915041131240598160e-01,8.744583171702022817e-01
1.619000000000000057e+02,2.457915542976841561e+00,6.191902137407941931e-01,1.473559617877671313e+00,5.898090051686531998e-01,8.726769817693966758e-01
1.620000000000000000e+02,2.458017645412904351e+00,6.179819570818523289e-01,1.472524593090190459e+00,5.884606901364030085e-01,8.706151108121800153e-01
1.621000000000000227e+02,2.458028606960729778e+00,6.172541992856628301e-01,1.472508109373860341e+00,5.876485573549068420e-01,8.692890583121358761e-01
1.622000000000000171e+02,2.457929714389274878e+00,6.167965879150085762e-01,1.473383199237808139e+00,5.869061428120675439e-01,8.688596042279298493e-01
1.623000000000000114e+02,2.458804590764225306e+00,6.169108878577977961e-01,1.475653392973344857e+00,5.862512223824156710e-01,8.681753265506025885e-01
1.624000000000000057e+02,2.459439360192639867e+00,6.174568896608013668e-01,1.477416246555410373e+00,5.864726917538108930e-01,8.685242270188621161e-01
1.625000000000000000e+02,2.460196109981510837e+00,6.183214401687041617e-01,1.478762910800227148e+00,5.862139064208323758e-01,8.681759569169875679e-01
1.626000000000000227e+02,2.463135596522892712e+00,6.189652520325965579e-01,1.480300898908264440e+00,5.857057522841842001e-01,8.677598038729447127e-01
1.627000000000000171e+02,2.464628481300459750e+00,6.196082773488913453e-01,1.481718259462836862e+00,5.857724374333334039e-01,8.676882054089107843e-01
1.628000000000000114e+02,2.466566294865256914e+00,6.204331539231554560e-01,1.482902822862896652e+00,5.870186662007168543e-01,8.683690911843580107e-01
1.629000000000000057e+02,2.467535108748883932e+00,6.214411788141555038e-01,1.484419880090449562e+00,5.883762379751631411e-01,8.697125800837829379e-01
1.630000000000000000e+02,2.468697524694240641e+00,6.224726985916561040e-01,1.486378873470133533e+00,5.897563008044669486e-01,8.711276735070720978e-01
1.631000000000000227e+02,2.469328081164503086e+00,6.231641697864117591e-01,1.487204590666823201e+00,5.905991167294575295e-01,8.719921408859836465e-01
1.632000000000000171e+02,2.469687132593258561e+00,6.234963210201904804e-01,1.487959160942320391e+00,5.916593858277658935e-01,8.730759110875780937e-01
1.633000000000000114e+02,2.469675062599091309e+00,6.240234615875460689e-01,1.488564606381822308e+00,5.926897002011852766e-01,8.739928889600233619e-01
1.634000000000000057e+02,2.470899313417675103e+00,6.248789309798306046e-01,1.489390905185117964e+00,5.934855222155941412e-01,8.745351121626163682e-01
1.635000000000000000e+02,2.473592488566516590e+00,6.256795011793973016e-01,1.490628526822502131e+00,5.938545048914808389e-01,8.753137092391014562e-01
1.636000000000000227e+02,2.475064189155499861e+00,6.267698054214739800e-01,1.492544684443899206e+00,5.949895702842525891e-01,8.768133263731477944e-01
1.637000000000000171e+02,2.477081012010117433e+00,6.281966660757403176e-01,1.494281129249899642e+00,5.960231027388018799e-01,8.780845176158672549e-01
1.638000000000000114e+02,2.478695475578125862e+00,6.291705170849839490e-01,1.495465395870225533e+00,5.967154980497086925e-01,8.790671398883563858e-01
1.639000000000000057e+02,2.479711825263821279e+00,6.297864335655271040e-01,1.496189879753081931e+00,5.970545382298888537e-01,8.791468974865124242e-01
1.640000000000000000e+02,2.481841380329118607e+00,6.299059187702359397e-01,1.497095679619882658e+00,5.971555480634787028e-01,8.791547748552457353e-01
1.641000000000000227e+02,2.480271073373450541e+00,6.294683361516824061e-01,1.497291639594265034e+00,5.968080400241999595e-01,8.783486685102155356e-01
1.642000000000000171e+02,2.479823372087432087e+00,6.287616557293822517e-01,1.497281269541707260e+00,5.960655161878788411e-01,8.778106036742953089e-01
1.643000000000000114e+02,2.479506120174981287e+00,6.275676149885444088e-01,1.496395432604030962e+00,5.951127763658514702e-01,8.773308187112404122e-01
1.644000000000000057e+02,2.480746955926375730e+00,6.265621360992326139e-01,1.495516859951192545e+00,5.940155769402766239e-01,8.766530038503485001e-01
1.645000000000000000e+02,2.483915895933427986e+00,6.258943796228516598e-01,1.495004630726309180e+00,5.936042157498739869e-01,8.760956392184220398e-01
1.646000000000000227e+02,2.485421297328199497e+00,6.251656276078100261e-01,1.494054081503068954e+00,5.930159338534793934e-01,8.754267305874293692e-01
1.647000000000000171e+02,2.484877731520060973e+00,6.247032777372587553e-01,1.493555924196550366e+00,5.924460655704166800e-01,8.751341106521083324e-01
1.648000000000000114e+02,2.483909122338291642e+00,6.246396124989767040e-01,1.493132059949333401e+00,5.919868430575065954e-01,8.748992860091342472e-01
1.649000000000000057e+02,2.484904031306019778e+00,6.253401390599059306e-01,1.493206207243183758e+00,5.922681871492734285e-01,8.757812112294460771e-01
1.650000000000000000e+02,2.485085760885737294e+00,6.261820727049718371e-01,1.492670139075809477e+00,5.925243650414977470e-01,8.762093507794138647e-01
1.651000000000000227e+02,2.484469213967850365e+00,6.268062698527673282e-01,1.492684843852250420e+00,5.933555418816037763e-01,8.773132364211974066e-01
1.652000000000000171e+02,2.485764621477501546e+00,6.273516608220124358e-01,1.493324580610772667e+00,5.941085875630719437e-01,8.777126530015348926e-01
1.653000000000000114e+02,2.486254907679808390e+00,6.281198045712280686e-01,1.494276130329052377e+00,5.950691208104604835e-01,8.794027044616213873e-01
1.654000000000000057e+02,2.486774863206331787e+00,6.290212227768974262e-01,1.495437174105536338e+00,5.963384879206018452e-01,8.803408166797752621e-01
1.655000000000000000e+02,2.488672903564637995e+00,6.299057430965069315e-01,1.496908514157058834e+00,5.976857253115377411e-01,8.818098689332413143e-01
1.656000000000000227e+02,2.488797355516706222e+00,6.305644152284425319e-01,1.498574165677334813e+00,5.988699367606232782e-01,8.834035967853098859e-01
1.657000000000000171e+02,2.487776966017920977e+00,6.310191421543939194e-01,1.501054550079412575e+00,6.000407076662697126e-01,8.847792539222024688e-01
1.658000000000000114e+02,2.487200052366258962e+00,6.315182726571907379e-01,1.503452515317827309e+00,6.005642672644415647e-01,8.851195446245285758e-01
1.659000000000000057e+02,2.487438824248642710e+00,6.321234117844978240e-01,1.505645238402288255e+00,6.013506499738271449e-01,8.858703929047535564e-01
1.660000000000000000e+02,2.488031750982681700e+00,6.326733040420294829e-01,1.506406527825305597e+00,6.015533543519849813e-01,8.864716573738640193e-01
1.661000000000000227e+02,2.487813716311172207e+00,6.330673997658046170e-01,1.506896829065827559e+00,6.011619409632248390e-01,8.861940325972336163e-01
1.662000000000000171e+02,2.488831921920141355e+00,6.333433873970445438e-01,1.506961091706099154e+00,6.006796379222867355e-01,8.853803433942999401e-01
1.663000000000000114e+02,2.487907004117384080e+00,6.338417120770234447e-01,1.507438551774109348e+00,6.005027467328687418e-01,8.852383441562301503e-01
1.664000000000000057e+02,2.487786157600002213e+00,6.343210810912784936e-01,1.508364718149208583e+00,6.010222721733664564e-01,8.860307090530655794e-01
1.665000000000000000e+02,2.489354281748313191e+00,6.346955094346693471e-01,1.509023809991585141e+00,6.009906598534319189e-01,8.863068625016233826e-01
1.666000000000000227e+02,2.490502835910865187e+00,6.346432337296656900e-01,1.508738388620207926e+00,6.010530808955829585e-01,8.869103540337213154e-01
1.667000000000000171e+02,2.490921085226455833e+00,6.340535159203137816e-01,1.508555131168182628e+00,6.008059135532334283e-01,8.866780197774032368e-01
1.668000000000000114e+02,2.490188948813873537e+00,6.333879055215888565e-01,1.508334354963362989e+00,6.004680575075322935e-01,8.863399603299618734e-01
1.669000000000000057e+02,2.489833309482703427e+00,6.328460003979363702e-01,1.508199628612238552e+00,5.999845156488959885e-01,8.855899063620802369e-01
1.670000000000000000e+02,2.490405775628131924e+00,6.321722874596609199e-01,1.507791164726503208e+00,5.989232037770345629e-01,8.840636231146199453e-01
1.671000000000000227e+02,2.491546305402069894e+00,6.312124545854637114e-01,1.506671474833614077e+00,5.980533753041310518e-01,8.831700206322908864e-01
1.672000000000000171e+02,2.489967491142214495e+00,6.306678028594232543e-01,1.505544523026698389e+00,5.977685303689042051e-01,8.829393669317145976e-01
1.673000000000000114e+02,2.490623075564832867e+00,6.308761995104721354e-01,1.505026906276359489e+00,5.985593324640574586e-01,8.841859476686999564e-01
1.674000000000000057e+02,2.490309958716110383e+00,6.317057238012888654e-01,1.505371431246629310e+00,6.002990272770176716e-01,8.856186078520900118e-01
1.675000000000000000e+02,2.492901533918616241e+00,6.329002475989903287e-01,1.505935892394720144e+00,6.017932395372299625e-01,8.869853896721295872e-01
1.676000000000000227e+02,2.492978161395541736e+00,6.345801437542918366e-01,1.507660364787532181e+00,6.034788892293407869e-01,8.888616706056643446e-01
1.677000000000000171e+02,2.495607214856844891e+00,6.365407754264317264e-01,1.510291112756825260e+00,6.051715813840808922e-01,8.908519585971003130e-01
1.678000000000000114e+02,2.498321278401557599e+00,6.386441210956709247e-01,1.513222364750027804e+00,6.070299601238690057e-01,8.923923433645556402e-01
1.679000000000000057e+02,2.498377300390068445e+00,6.403342603964204960e-01,1.516525108279414891e+00,6.080454395011819502e-01,8.935813384971648121e-01
1.680000000000000000e+02,2.499542069223834595e+00,6.418493795775449540e-01,1.519853403112454426e+00,6.088799904863702039e-01,8.942069719711875919e-01
1.681000000000000227e+02,2.499896317360341236e+00,6.430532508696986671e-01,1.522475249112587692e+00,6.087359077024473430e-01,8.939652156737404320e-01
1.682000000000000171e+02,2.502181287213026906e+00,6.434433531810649365e-01,1.524471174087731473e+00,6.086653151118051053e-01,8.940342417785692719e-01
1.683000000000000114e+02,2.503778949469597226e+00,6.430765154925952576e-01,1.524994960432613622e+00,6.080957680387212294e-01,8.940143374163967982e-01
1.684000000000000057e+02,2.503568899628168420e+00,6.418880813487505277e-01,1.524170519392021861e+00,6.072481346984870409e-01,8.931363805642328346e-01
1.685000000000000000e+02,2.502910765260073500e+00,6.400267510942817539e-01,1.522444418108480413e+00,6.059653856706112007e-01,8.913429496884675007e-01
1.686000000000000227e+02,2.505031314650556951e+00,6.381205055359113754e-01,1.520364078660939144e+00,6.050096878985218307e-01,8.903778782162876659e-01
1.687000000000000171e+02,2.504128564126565148e+00,6.361258680011858679e-01,1.518489258883673587e+00,6.037423216173662954e-01,8.884783504587062675e-01
1.688000000000000114e+02,2.503967036249111100e+00,6.340831653683153268e-01,1.516683054439617040e+00,6.024314705515613211e-01,8.871383484823123222e-01
1.689000000000000057e+02,2.503667362474372382e+00,6.324767782484277401e-01,1.515152467701782912e+00,6.015620234876121186e-01,8.861559400359509953e-01
1.690000000000000000e+02,2.502857098028769212e+00,6.311807171523736715e-01,1.513911974818097361e+00,6.008835426296289528e-01,8.854112209202893435e-01
1.691000000000000227e+02,2.501508022194187220e+00,6.306361814486097783e-01,1.513172739232357733e+00,6.003756115311105201e-01,8.845401161007131474e-01
1.692000000000000171e+02,2.503334461218210016e+00,6.306280000961858034e-01,1.512825479446025856e+00,6.006143929712377538e-01,8.849663019018949583e-01
1.693000000000000114e+02,2.502363019868434790e+00,6.307885481933208638e-01,1.512246135198882513e+00,6.008101706834981792e-01,8.845983218772253132e-01
1.694000000000000057e+02,2.502751625354201259e+00,6.316547626836603868e-01,1.513234156467470504e+00,6.013505493204878150e-01,8.844925079157582859e-01
1.695000000000000000e+02,2.503513441210120760e+00,6.336312887555732853e-01,1.515914021481997276e+00,6.023946202240159087e-01,8.854800944401357565e-01
1.696000000000000227e+02,2.503740019854198806e+00,6.358671986151555044e-01,1.518743212492266181e+00,6.034956526190085047e-01,8.870933592733805106e-01
1.697000000000000171e+02,2.506961967234888622e+00,6.379814039630439249e-01,1.521868783438999007e+00,6.047619713095966354e-01,8.886635461376841683e-01
1.698000000000000114e+02,2.506846751026962306e+00,6.395395621741564174e-01,1.524242479727478283e+00,6.060458979107389288e-01,8.896720420284659481e-01
1.699000000000000057e+02,2.509262627267013546e+00,6.407015680482672781e-01,1.526114708393572661e+00,6.073451524328746798e-01,8.906994847442908370e-01
1.700000000000000000e+02,2.508323920154998721e+00,6.415593516551590936e-01,1.527211819467457765e+00,6.078639681802797679e-01,8.915380928633472868e-01
1.701000000000000227e+02,2.509191335392446653e+00,6.417456796180101009e-01,1.528394219942082355e+00,6.082383914462894392e-01,8.913086552302816878e-01
1.702000000000000171e+02,2.508298885176031501e+00,6.412145237404065501e-01,1.528396980654286974e+00,6.078380804710515894e-01,8.911762197164322385e-01
1.703000000000000114e+02,2.507500193700732627e+00,6.405246155097581440e-01,1.528387937515285122e+00,6.077065541545896288e-01,8.916081321311588592e-01
1.704000000000000057e+02,2.505287992863427959e+00,6.396203360593839538e-01,1.528637663227209398e+00,6.074755290270994479e-01,8.910662828205242469e-01
1.705000000000000000e+02,2.506224848565429042e+00,6.387165688374627504e-01,1.528101043158386130e+00,6.067094966456494376e-01,8.901618489804236090e-01
1.706000000000000227e+02,2.504690102445887412e+00,6.383974307481055099e-01,1.528760162170931469e+00,6.061220280400284599e-01,8.897227681886428208e-01
1.707000000000000171e+02,2.506481704499409435e+00,6.382239282806618785e-01,1.529755731613445358e+00,6.055820597784697945e-01,8.892882640517876247e-01
1.708000000000000114e+02,2.508186574136493707e+00,6.380915374444061650e-01,1.530695689373318347e+00,6.054517040623225155e-01,8.902456668551197438e-01
1.709000000000000057e+02,2.509370222557085750e+00,6.381724463586880836e-01,1.530321983409460795e+00,6.051281832091252033e-01,8.902727885493495474e-01
1.710000000000000000e+02,2.510830821060532347e+00,6.376553537995954812e-01,1.529778805073272130e+00,6.046829705323546467e-01,8.899553248489253665e-01
1.711000000000000227e+02,2.511206133605373925e+00,6.372132296163455223e-01,1.529036893666670949e+00,6.044509205986337008e-01,8.893814143561591390e-01
1.712000000000000171e+02,2.512883835120711673e+00,6.371142407809348152e-01,1.528324992454653142e+00,6.046806177786031578e-01,8.889295809541506443e-01
1.713000000000000114e+02,2.514389180630282272e+00,6.372528463572920687e-01,1.527937192675436595e+00,6.050736063246158203e-01,8.896683166367659323e-01
1.714000000000000057e+02,2.515436180306400704e+00,6.381194241703518344e-01,1.529446735436797544e+00,6.058212185945680561e-01,8.908295628838669433e-01
1.715000000000000000e+02,2.513547407134715250e+00,6.389965765769165529e-01,1.530441808831588313e+00,6.065216948236723526e-01,8.915957501814711916e-01
1.716000000000000227e+02,2.515065457710989882e+00,6.396166246192129812e-01,1.531841029639251062e+00,6.071529259239515364e-01,8.925721746798350731e-01
1.717000000000000171e+02,2.514766342018788681e+00,6.400540283172349021e-01,1.532595676742480650e+00,6.072035857916340262e-01,8.927059982987400888e-01
1.718000000000000114e+02,2.514395543086541451e+00,6.412046226678349559e-01,1.534346413860824931e+00,6.076848640984903183e-01,8.939568777751926154e-01
1.719000000000000057e+02,2.515879529252651459e+00,6.428034536715901970e-01,1.536795817121347385e+00,6.086109310071056155e-01,8.952711221552888121e-01
1.720000000000000000e+02,2.515364599119616518e+00,6.443603785168042775e-01,1.539245599352018212e+00,6.098631516579660072e-01,8.962509616707502458e-01
1.721000000000000227e+02,2.514669246523909329e+00,6.459698959568612731e-01,1.541688356130768600e+00,6.110166017698461793e-01,8.975835033822727738e-01
1.722000000000000171e+02,2.516512402284107885e+00,6.475214717260374675e-01,1.543754621321419940e+00,6.123798873274609589e-01,8.989959884473061047e-01
1.723000000000000114e+02,2.518057524774100830e+00,6.491137952541945477e-01,1.545923121988401761e+00,6.131547935621510792e-01,8.995894767730275854e-01
1.724000000000000057e+02,2.520857349284759241e+00,6.507514059492703895e-01,1.548220468606847033e+00,6.140362314813488931e-01,9.006219400385875318e-01
1.725000000000000000e+02,2.520876726491694697e+00,6.517504814441984484e-01,1.550145581412121887e+00,6.154233435416639475e-01,9.022810190563869126e-01
1.726000000000000227e+02,2.522139342071906043e+00,6.519789616798234988e-01,1.551354600041567444e+00,6.162076882273996858e-01,9.026430204804890556e-01
1.727000000000000171e+02,2.523423445226705031e+00,6.517798289127256783e-01,1.552162387672874955e+00,6.165405318837831050e-01,9.029097978023298277e-01
1.728000000000000114e+02,2.522616282716154679e+00,6.513400659521639824e-01,1.552248613516882925e+00,6.164324078201744994e-01,9.027570733266698788e-01
1.729000000000000057e+02,2.524689467248428354e+00,6.509738370485272929e-01,1.553283578433097611e+00,6.164021255344834804e-01,9.028425830568076460e-01
1.730000000000000000e+02,2.528132745602547082e+00,6.510444280145795126e-01,1.554868414904063023e+00,6.164295508701069792e-01,9.030225415145586298e-01
1.731000000000000227e+02,2.530033434372729761e+00,6.508945836246734507e-01,1.556293063669839993e+00,6.165844762464185447e-01,9.034035099943459324e-01
1.732000000000000171e+02,2.530854805588990342e+00,6.510507720005653809e-01,1.556889338866509487e+00,6.161386364067531485e-01,9.027430657995936247e-01
1.733000000000000114e+02,2.532235476544642427e+00,6.515362581683872278e-01,1.557743722052723934e+00,6.160944342866274681e-01,9.030240463185674749e-01
1.734000000000000057e+02,2.533714940377793212e+00,6.516800987769093556e-01,1.557925968603853129e+00,6.162479872475551401e-01,9.028946205166242800e-01
1.735000000000000000e+02,2.532153412015659466e+00,6.516439538838298962e-01,1.558321161988894366e+00,6.159805346720733654e-01,9.033349417022199512e-01
1.736000000000000227e+02,2.533003526545105633e+00,6.518601640003840458e-01,1.558752712739335688e+00,6.161251422543732037e-01,9.038338220793272759e-01
1.737000000000000171e+02,2.533742259552984599e+00,6.521025722500491950e-01,1.558440043298478406e+00,6.161035154109584244e-01,9.042867978246504901e-01
1.738000000000000114e+02,2.533138131449307551e+00,6.523702488903960761e-01,1.558581990565488073e+00,6.164425462601968997e-01,9.044703050555592538e-01
1.739000000000000057e+02,2.532608339541308151e+00,6.524949959863679538e-01,1.558682025308921304e+00,6.168182426272660335e-01,9.045721679683177419e-01
1.740000000000000000e+02,2.533004392513310332e+00,6.521865281409137127e-01,1.557533047791280101e+00,6.172888281764261631e-01,9.054694974316565004e-01
1.741000000000000227e+02,2.533470806408386622e+00,6.517960158500182288e-01,1.555816043110144209e+00,6.166248348231904153e-01,9.048165881408704037e-01
1.742000000000000171e+02,2.535146284261160954e+00,6.518747119666564727e-01,1.555484999386086642e+00,6.164860397746029230e-01,9.052629725951427675e-01
1.743000000000000114e+02,2.534649305221134963e+00,6.518600570303070274e-01,1.554965125236086321e+00,6.163665089696961363e-01,9.053749435779334664e-01
1.744000000000000057e+02,2.535988682764576563e+00,6.525157269158143869e-01,1.555853851255734055e+00,6.160820639531915388e-01,9.052254746266402696e-01
1.745000000000000000e+02,2.539779716222520189e+00,6.536898441743645982e-01,1.556994196250554685e+00,6.162443335758829299e-01,9.053858249052620932e-01
1.746000000000000227e+02,2.540180655297083145e+00,6.545430705522149450e-01,1.558942904437857990e+00,6.171386891139996056e-01,9.060944597118201216e-01
1.747000000000000171e+02,2.541043044686005725e+00,6.557786687023698935e-01,1.560739236596085044e+00,6.180264618223724193e-01,9.067147401387890548e-01
1.748000000000000114e+02,2.540200065647349348e+00,6.571707629637811854e-01,1.562848589646544717e+00,6.195148374863838070e-01,9.083320979885520785e-01
1.749000000000000057e+02,2.540977863933330916e+00,6.578353286543816569e-01,1.564075915093884772e+00,6.205062389154808455e-01,9.097611464214475641e-01
1.750000000000000000e+02,2.541568919523489178e+00,6.578982136941288195e-01,1.565285141957853510e+00,6.211699675749071670e-01,9.104193640349357297e-01
1.751000000000000227e+02,2.542478625096892042e+00,6.577616456843954351e-01,1.566451909429545042e+00,6.212974285454553325e-01,9.105765861062260491e-01
1.752000000000000171e+02,2.542210787210524625e+00,6.576719764933230961e-01,1.567756121387786195e+00,6.218116602054338804e-01,9.112085055853939020e-01
1.753000000000000114e+02,2.543585784758753299e+00,6.580033595537252422e-01,1.569124850756084877e+00,6.219280770399594482e-01,9.119882775616204862e-01
1.754000000000000057e+02,2.545532114993814599e+00,6.588156712796437997e-01,1.570186605606168406e+00,6.226202187366198793e-01,9.131079889603003208e-01
1.755000000000000000e+02,2.546804462638346145e+00,6.592423829189577589e-01,1.570866325476479863e+00,6.234456980902166601e-01,9.138689423577838200e-01
1.756000000000000227e+02,2.548328349441335572e+00,6.592309037769893409e-01,1.571049129250266407e+00,6.245628427603073796e-01,9.147662072073576844e-01
1.757000000000000171e+02,2.548860443930355935e+00,6.594629758577621459e-01,1.571210476393380295e+00,6.251846253409528709e-01,9.154706656951477894e-01
1.758000000000000114e+02,2.549383559421420475e+00,6.595128545814438192e-01,1.571451469533358347e+00,6.258924077202423497e-01,9.161049429252775544e-01
1.759000000000000057e+02,2.552282663897213588e+00,6.596724570638209384e-01,1.572078536312435437e+00,6.261575372851808652e-01,9.161395139087502582e-01
1.760000000000000000e+02,2.554386497831965475e+00,6.595664033064987386e-01,1.572253555836441885e+00,6.257721054258135185e-01,9.154143279327280336e-01
1.761000000000000227e+02,2.554214592073250412e+00,6.591051948580605169e-01,1.571723473155923534e+00,6.251423968806926190e-01,9.154287722580281006e-01
1.762000000000000171e+02,2.553078563752739338e+00,6.585498373249478732e-01,1.571244242023536852e+00,6.250528014408153199e-01,9.156718291310866897e-01
1.763000000000000114e+02,2.555032394417580122e+00,6.584936446735167870e-01,1.570777667193766103e+00,6.248532606271731682e-01,9.155540463596814060e-01
1.764000000000000057e+02,2.556080960148338743e+00,6.587189216868912789e-01,1.571315473009656793e+00,6.249443893613504386e-01,9.162551244211585288e-01
1.765000000000000000e+02,2.558140618841673763e+00,6.586093071660593656e-01,1.572156100686107116e+00,6.251930552392148677e-01,9.165135093224824336e-01
1.766000000000000227e+02,2.556946997874460781e+00,6.584216453383479051e-01,1.573006306996794779e+00,6.256114012153431991e-01,9.176027320141505461e-01
1.767000000000000171e+02,2.557425558473663152e+00,6.583860840172377493e-01,1.573742963173404563e+00,6.259302043111627523e-01,9.181921853387913224e-01
1.768000000000000114e+02,2.557741301211201801e+00,6.590297482296425535e-01,1.575136791582281370e+00,6.262013762543496842e-01,9.187272943730873109e-01
1.769000000000000057e+02,2.557155755774671135e+00,6.596191850495474185e-01,1.576049333152887533e+00,6.263491301666088695e-01,9.187797446404287749e-01
1.770000000000000000e+02,2.557978583804845218e+00,6.601338457154843908e-01,1.577154446954632805e+00,6.260531476184093558e-01,9.184722104595482994e-01
1.771000000000000227e+02,2.558186723974643417e+00,6.605398107358811943e-01,1.578070031911825266e+00,6.254632503455974657e-01,9.174084984456252201e-01
1.772000000000000171e+02,2.558000980516761835e+00,6.606869139118590750e-01,1.578147204535748971e+00,6.250609990538931182e-01,9.170264266371263018e-01
1.773000000000000114e+02,2.560003915560778776e+00,6.611283287062731384e-01,1.578904862903158124e+00,6.255872156990285315e-01,9.177148985696185202e-01
1.774000000000000057e+02,2.562175240433686163e+00,6.615385268270529417e-01,1.580010982197577407e+00,6.266204477464096811e-01,9.186341848384259601e-01
1.775000000000000000e+02,2.564088362180364289e+00,6.617679683043521388e-01,1.581504564504409904e+00,6.275849528474376493e-01,9.203200971533037622e-01
1.776000000000000227e+02,2.566354454309589528e+00,6.616250864941520815e-01,1.582683147420013592e+00,6.276434342473248273e-01,9.204323012674454629e-01
1.777000000000000171e+02,2.568167553844040274e+00,6.613214322118736721e-01,1.583107716168412393e+00,6.277150425330700889e-01,9.203677177200186854e-01
1.778000000000000114e+02,2.568920321567637721e+00,6.609857974495120247e-01,1.583456317412957226e+00,6.271739207801488858e-01,9.198683892405614682e-01
1.779000000000000057e+02,2.567210812959617616e+00,6.604563315791461831e-01,1.583257431959306683e+00,6.263870798212631819e-01,9.193401566064803854e-01
1.780000000000000000e+02,2.566549019905637330e+00,6.600413738965642541e-01,1.583201246630771886e+00,6.260784845111037056e-01,9.195147775102080479e-01
1.781000000000000227e+02,2.567569856027291486e+00,6.595705158673988988e-01,1.582773074503204924e+00,6.253527611768453509e-01,9.190239678004978874e-01
1.782000000000000171e+02,2.568317198353061936e+00,6.593757126414430125e-01,1.582622370105907006e+00,6.247918749767579216e-01,9.188178949787980665e-01
1.783000000000000114e+02,2.571529537560261147e+00,6.597037063449308070e-01,1.583246580091312250e+00,6.248250978192082528e-01,9.188052161813452523e-01
1.784000000000000057e+02,2.570603845933149056e+00,6.604143861106197555e-01,1.584626920168704656e+00,6.249734979228593890e-01,9.183081068996464813e-01
1.785000000000000000e+02,2.571763939022798429e+00,6.610404862395480308e-01,1.586610862463965432e+00,6.246161150471141177e-01,9.175794499003400162e-01
1.786000000000000227e+02,2.574124805789132164e+00,6.612164605808084072e-01,1.588197318664188451e+00,6.236601817524994873e-01,9.165236100983571443e-01
1.787000000000000171e+02,2.573820855158729159e+00,6.607624980422454053e-01,1.587830576451438880e+00,6.222959622986805606e-01,9.154861123616924168e-01
1.788000000000000114e+02,2.574953959107499468e+00,6.606283150236716972e-01,1.587081501147537654e+00,6.212595633420637808e-01,9.143747184540461648e-01
1.789000000000000057e+02,2.576229499410495283e+00,6.605246937895439263e-01,1.585768816734845821e+00,6.206740816250553294e-01,9.138990184524159455e-01
1.790000000000000000e+02,2.578603473907577381e+00,6.605898637801935758e-01,1.585475615729065701e+00,6.214859480588917906e-01,9.144055367172930771e-01
1.791000000000000227e+02,2.580677113673490286e+00,6.612709242266469056e-01,1.586286360703003773e+00,6.224390958570281684e-01,9.158883152878806166e-01
1.792000000000000171e+02,2.583372781142870167e+00,6.623153391980564075e-01,1.587891037109158132e+00,6.238766669877076065e-01,9.173221823995089119e-01
1.793000000000000114e+02,2.584264722992720920e+00,6.633994804405310974e-01,1.589479285971864719e+00,6.254713274069049200e-01,9.186666370967928597e-01
1.794000000000000057e+02,2.584067707740308695e+00,6.641182105827379001e-01,1.591014736604666968e+00,6.264717007613543887e-01,9.196795283920817798e-01
1.795000000000000000e+02,2.584153563303719814e+00,6.643968960504034182e-01,1.591726094193660179e+00,6.266707261231450055e-01,9.201469179304586632e-01
1.796000000000000227e+02,2.583428999711950169e+00,6.644930160641897565e-01,1.591792876985001604e+00,6.267769060991852381e-01,9.203684537158087764e-01
1.797000000000000171e+02,2.582586101553089541e+00,6.642431706196624264e-01,1.590664896246322568e+00,6.263214711409190727e-01,9.200843282316046867e-01
1.798000000000000114e+02,2.582603316858465003e+00,6.640384724064612998e-01,1.590022223477483676e+00,6.258993144355348148e-01,9.191140022353080363e-01
1.799000000000000057e+02,2.583934641341667060e+00,6.640721183034140607e-01,1.590671096486247604e+00,6.248940251942413093e-01,9.180481457826363823e-01
1.800000000000000000e+02,2.585181966847842627e+00,6.637307566455976637e-01,1.591085119736134201e+00,6.243867769978527216e-01,9.173959405218183871e-01
1.801000000000000227e+02,2.586256648025638594e+00,6.635935450485525022e-01,1.592636551296920500e+00,6.236782482106728587e-01,9.165052163776584715e-01
1.802000000000000171e+02,2.587905347046926430e+00,6.636011186310740717e-01,1.593909889340541230e+00,6.229598103837870049e-01,9.157525498806742270e-01
1.803000000000000114e+02,2.589156081725437542e+00,6.633979636699126603e-01,1.594595219784094908e+00,6.224621456895738092e-01,9.151644723652294644e-01
1.804000000000000057e+02,2.588345738995398548e+00,6.629826758454959723e-01,1.593919784762661385e+00,6.222437552032437091e-01,9.148584165410613700e-01
1.805000000000000000e+02,2.586125209275997427e+00,6.626637670447533823e-01,1.593933564656599522e+00,6.216885476514802944e-01,9.138510835878789207e-01
1.806000000000000227e+02,2.586475969626691462e+00,6.624668834354744407e-01,1.595304529928978976e+00,6.213456772712566689e-01,9.133760830975364842e-01
1.807000000000000171e+02,2.588635904017642542e+00,6.622121449394167136e-01,1.596705852757143163e+00,6.210001194890539811e-01,9.130878893360661053e-01
1.808000000000000114e+02,2.591110426900743224e+00,6.622073381977272577e-01,1.598205668705084070e+00,6.215583703316162056e-01,9.130737705593761078e-01
1.809000000000000057e+02,2.593171969110651620e+00,6.621792065149538775e-01,1.599363918577503707e+00,6.224854560480195254e-01,9.143112762013548833e-01
1.810000000000000000e+02,2.593782007208458307e+00,6.628431016945908194e-01,1.601137956040162402e+00,6.234380028750416969e-01,9.149051517408937073e-01
1.811000000000000227e+02,2.598489539595688402e+00,6.639640992879112247e-01,1.603089818978444825e+00,6.242235657985187869e-01,9.161168437988337354e-01
1.812000000000000171e+02,2.601648801478514628e+00,6.641353726688528081e-01,1.602898991256846317e+00,6.241176362032460068e-01,9.165095398248105374e-01
1.813000000000000114e+02,2.600731433685813165e+00,6.631286891828520602e-01,1.600509297809978859e+00,6.230085890458241238e-01,9.152811928275518261e-01
1.814000000000000057e+02,2.600004366278707568e+00,6.614606415298430742e-01,1.597733135141633509e+00,6.217216715587764453e-01,9.146205360308410359e-01
1.815000000000000000e+02,2.599767696322227373e+00,6.603937914174745627e-01,1.596570147735897338e+00,6.207485918462781749e-01,9.136744658662583340e-01
1.816000000000000227e+02,2.600417549126865513e+00,6.600811514544305814e-01,1.596482643049448980e+00,6.202547530036663925e-01,9.132835178339028248e-01
1.817000000000000171e+02,2.600379302719386665e+00,6.601969755040022481e-01,1.596513772802683917e+00,6.203894068611095491e-01,9.131490893096251282e-01
1.818000000000000114e+02,2.602620986305644202e+00,6.604579621637874931e-01,1.596400546137146881e+00,6.219981800568046282e-01,9.151149618437933730e-01
1.819000000000000057e+02,2.604318296532279753e+00,6.608956690317496774e-01,1.596773466377586326e+00,6.234019142137211533e-01,9.167989011056861814e-01
1.820000000000000000e+02,2.603657916798761462e+00,6.615007824925879243e-01,1.596768394401219204e+00,6.250630668447170191e-01,9.176408462774856556e-01
1.821000000000000227e+02,2.604496478645017099e+00,6.623835042670347395e-01,1.597448178015190567e+00,6.264030443164424478e-01,9.186848175271962180e-01
1.822000000000000171e+02,2.605714214882578261e+00,6.637770025729200496e-01,1.600089852719221106e+00,6.283755175320959729e-01,9.205091053336474927e-01
1.823000000000000114e+02,2.606683728524062271e+00,6.649903254503347627e-01,1.602384458531340483e+00,6.295551409677864196e-01,9.219763694629278250e-01
1.824000000000000057e+02,2.607894217055444663e+00,6.658395340564426945e-01,1.603960694544406262e+00,6.306296291358387540e-01,9.234394119455840988e-01
1.825000000000000000e+02,2.610689538249566510e+00,6.662977019972160520e-01,1.605049200035747248e+00,6.318732348494027207e-01,9.246504133971045203e-01
1.826000000000000227e+02,2.609800737158523010e+00,6.665532311113826491e-01,1.606016781068263732e+00,6.315911763796296929e-01,9.244471548066309774e-01
1.827000000000000171e+02,2.611680278492393814e+00,6.666940868289786826e-01,1.607460988744761732e+00,6.310758548235151366e-01,9.236515944098865338e-01
1.828000000000000114e+02,2.612571521050048418e+00,6.670461048190832187e-01,1.608597132931469886e+00,6.294981202175887747e-01,9.235624484319143734e-01
1.829000000000000057e+02,2.613216693431366533e+00,6.673340754966715638e-01,1.609504436684818351e+00,6.280080425728085114e-01,9.223863045134350624e-01
1.830000000000000000e+02,2.615085512831721193e+00,6.675838395137542181e-01,1.611130551476680051e+00,6.277359657403198678e-01,9.216763642584009375e-01
1.831000000000000227e+02,2.618086256627953023e+00,6.678506920097168065e-01,1.612654168543314670e+00,6.275737710297947247e-01,9.216953504141629505e-01
1.832000000000000171e+02,2.618192476579245476e+00,6.681993920915895169e-01,1.614131566821696007e+00,6.277492860225453164e-01,9.220373407382925768e-01
1.833000000000000114e+02,2.622072835920241651e+00,6.683466383906240260e-01,1.615812363898795123e+00,6.278162059604294187e-01,9.221560397455833558e-01
1.834000000000000057e+02,2.620592603365118123e+00,6.684098485331149142e-01,1.616167685215502248e+00,6.280370284172153150e-01,9.228479702732724776e-01
1.835000000000000000e+02,2.623818442620983848e+00,6.689348798560788012e-01,1.616948850936978710e+00,6.281156682830092430e-01,9.229267118937449776e-01
1.836000000000000227e+02,2.625393749573851299e+00,6.699489149477930727e-01,1.618532623247539659e+00,6.283832505380715361e-01,9.234134859347379320e-01
1.837000000000000171e+02,2.626781530663875319e+00,6.710588886398020092e-01,1.620068126264186947e+00,6.281655404944983534e-01,9.230556460490292325e-01
1.838000000000000114e+02,2.625127907216556977e+00,6.715865671461049846e-01,1.620549630486354475e+00,6.278429566469735379e-01,9.220656961178986810e-01
1.839000000000000057e+02,2.622747962687969281e+00,6.718025247945176304e-01,1.620737600593196825e+00,6.285320357200702146e-01,9.227671771058212347e-01
1.840000000000000000e+02,2.623141789669599433e+00,6.711893890438894728e-01,1.619851637362108132e+00,6.291937852711619872e-01,9.229982681763644337e-01
1.841000000000000227e+02,2.625511732914810548e+00,6.707393280715365780e-01,1.620257242272504117e+00,6.299328225568852080e-01,9.238043744123203282e-01
1.842000000000000171e+02,2.625152061120817226e+00,6.700504396776272298e-01,1.620359059673438074e+00,6.304493634389123358e-01,9.244943850512278294e-01
1.843000000000000114e+02,2.624600348092033464e+00,6.690950367284516087e-01,1.620404339288820994e+00,6.307447643053400999e-01,9.246991896463340188e-01
1.844000000000000057e+02,2.624093821708447294e+00,6.681043866164451117e-01,1.620115085803912836e+00,6.299034565460910340e-01,9.239693902202614773e-01
1.845000000000000000e+02,2.624428863415540381e+00,6.669071600493897689e-01,1.618983281989110790e+00,6.289242754158398396e-01,9.232205526974797127e-01
1.846000000000000227e+02,2.626538439317117835e+00,6.660963346830058862e-01,1.618547848107621201e+00,6.283685231349387390e-01,9.223948017484202566e-01
1.847000000000000171e+02,2.624798820363093643e+00,6.655609320551204577e-01,1.618547918266603158e+00,6.281477303012498181e-01,9.222864605226994694e-01
1.848000000000000114e+02,2.624934489480855504e+00,6.659614066207871774e-01,1.620210451832832632e+00,6.283573170110678952e-01,9.224009412191070956e-01
1.849000000000000057e+02,2.624562439651174195e+00,6.670230812591255720e-01,1.622530173222376026e+00,6.285710341612258389e-01,9.226274322441108122e-01
1.850000000000000000e+02,2.625684375587113095e+00,6.682928738267667201e-01,1.625068412993812661e+00,6.293256276206147248e-01,9.241461252261075066e-01
1.851000000000000227e+02,2.626338059732397312e+00,6.696598427053089830e-01,1.627464049302806082e+00,6.304635684606029189e-01,9.253941340486364631e-01
1.852000000000000171e+02,2.629190672890429958e+00,6.710378364918330174e-01,1.629833924440901027e+00,6.315281452877317125e-01,9.267396991988011701e-01
1.853000000000000114e+02,2.628496468387372165e+00,6.726922172696817581e-01,1.632149427928404783e+00,6.316761496367084838e-01,9.265967205511960181e-01
1.854000000000000057e+02,2.629686586740405119e+00,6.741589409545177825e-01,1.633930488090984179e+00,6.321328025245190885e-01,9.273382589053736913e-01
1.855000000000000000e+02,2.633395867402477997e+00,6.757545380123826106e-01,1.635202398241859978e+00,6.322462710993105306e-01,9.275986706170001872e-01
1.856000000000000227e+02,2.630866959424790874e+00,6.773450697627837469e-01,1.636264175471536797e+00,6.331571452080907436e-01,9.291446736214236113e-01
1.857000000000000171e+02,2.635538027254482607e+00,6.789261383963425267e-01,1.637581636651822770e+00,6.341999564350232488e-01,9.296275558617418389e-01
1.858000000000000114e+02,2.636919155649087187e+00,6.803590951134527165e-01,1.639122615618758383e+00,6.354350809326018146e-01,9.309807878880186349e-01
1.859000000000000057e+02,2.638080431362818334e+00,6.813955137603429080e-01,1.640572469179280235e+00,6.357734767867466719e-01,9.310045132631087350e-01
1.860000000000000000e+02,2.639595432538116349e+00,6.820055364739753268e-01,1.641490213262696063e+00,6.365394038444761593e-01,9.319354561595816211e-01
1.861000000000000227e+02,2.640506379759046673e+00,6.820111273533525642e-01,1.642052297113083759e+00,6.368543356373911335e-01,9.321311078488534463e-01
1.862000000000000171e+02,2.641224125855629712e+00,6.815132722591995540e-01,1.642069322341536797e+00,6.368896098169714026e-01,9.321018703670551631e-01
1.863000000000000114e+02,2.642392630903298567e+00,6.803730712444137074e-01,1.641605121257099897e+00,6.365703794599715248e-01,9.309245297175291478e-01
1.864000000000000057e+02,2.642740994879435146e+00,6.788310777619986913e-01,1.641106723968681402e+00,6.358241527332999521e-01,9.307099046751946547e-01
1.865000000000000000e+02,2.645699260278826959e+00,6.775558298276184166e-01,1.641139958544440391e+00,6.354610739799412267e-01,9.300261310657699232e-01
1.866000000000000227e+02,2.646666536193914787e+00,6.771478246026567671e-01,1.641419888601787891e+00,6.354513957623481035e-01,9.304954885426983680e-01
1.867000000000000171e+02,2.648391097474369626e+00,6.765127261065815301e-01,1.640938032330285345e+00,6.357863565940271577e-01,9.304146600361780095e-01
1.868000000000000114e+02,2.649892817103966181e+00,6.758295817900120683e-01,1.641300861655529575e+00,6.360303095429374887e-01,9.308989238721168125e-01
1.869000000000000057e+02,2.650679578049891294e+00,6.755256016580009071e-01,1.641682666721969275e+00,6.361842558906539713e-01,9.309108888203739829e-01
1.870000000000000000e+02,2.648699958366119045e+00,6.750834911058610777e-01,1.641269514204688917e+00,6.362560804124451908e-01,9.309118392195954161e-01
1.871000000000000227e+02,2.651074989593151354e+00,6.749245811358557390e-01,1.641528003544779013e+00,6.359569309311557950e-01,9.310068107848786800e-01
1.872000000000000171e+02,2.650866661447358830e+00,6.744189435981055025e-01,1.641470534831243056e+00,6.356032466924943503e-01,9.309960628537092830e-01
1.873000000000000114e+02,2.649271705767775931e+00,6.738227600237406412e-01,1.642135368712597021e+00,6.350390728613259927e-01,9.307144042413793006e-01
1.874000000000000057e+02,2.649387052512892637e+00,6.733460906762583909e-01,1.642701412364164781e+00,6.340352125764907587e-01,9.303191197053329864e-01
1.875000000000000000e+02,2.650070354474075351e+00,6.731572488737730398e-01,1.643443246953887327e+00,6.330291674413938141e-01,9.302462071769060925e-01
1.876000000000000227e+02,2.651745061547531090e+00,6.731660590085102314e-01,1.643874189829469090e+00,6.323695180102195668e-01,9.302715752774670666e-01
1.877000000000000171e+02,2.651669088910177940e+00,6.735997868653804677e-01,1.644397848576291787e+00,6.319599228281421732e-01,9.298333764581006022e-01
1.878000000000000114e+02,2.652163822384530967e+00,6.740854722498486051e-01,1.644938518066802580e+00,6.325313272638218853e-01,9.303341256163101258e-01
1.879000000000000057e+02,2.655807270127943376e+00,6.751515118919402259e-01,1.646307006184150046e+00,6.335010783014008995e-01,9.311142568452409618e-01
1.880000000000000000e+02,2.658488399316953466e+00,6.770111889473146016e-01,1.649231459727117821e+00,6.342060341568253046e-01,9.323536959392365597e-01
1.881000000000000227e+02,2.659032681669808440e+00,6.788568654496300869e-01,1.652834480571519160e+00,6.354609858176546444e-01,9.341418583912663998e-01
1.882000000000000171e+02,2.661916973042054657e+00,6.809818751902120271e-01,1.656893600224397023e+00,6.371148965520238017e-01,9.364310191595913713e-01
1.883000000000000114e+02,2.664213985462077883e+00,6.829315233459999357e-01,1.660905148962966926e+00,6.391721464753372661e-01,9.393945232143644519e-01
1.884000000000000057e+02,2.667324188156189102e+00,6.844715517228066037e-01,1.663813806664973249e+00,6.411646229102037076e-01,9.417133164233005838e-01
1.885000000000000000e+02,2.668575336785685259e+00,6.852154475989091775e-01,1.664602250791935356e+00,6.414792618547825453e-01,9.416771806487065355e-01
1.886000000000000227e+02,2.669362070962628231e+00,6.856347900907543425e-01,1.665162277830933846e+00,6.413035953612677975e-01,9.413750658281019312e-01
1.887000000000000171e+02,2.670571278780001112e+00,6.858771639956373622e-01,1.665520138914878823e+00,6.414374781980322071e-01,9.413041295749678961e-01
1.888000000000000114e+02,2.670201740146302960e+00,6.857891676004882475e-01,1.665688030097571826e+00,6.412514023991525702e-01,9.419095034792560606e-01
1.889000000000000057e+02,2.669719531992289507e+00,6.848033838615040780e-01,1.664924460475973422e+00,6.409715207603592368e-01,9.409519358711929682e-01
1.890000000000000000e+02,2.671175131346345211e+00,6.832165046926919061e-01,1.663163930368764865e+00,6.402939060861522202e-01,9.400335658040541720e-01
1.891000000000000227e+02,2.670886019838065284e+00,6.821416397750695859e-01,1.661577017562178460e+00,6.399403414180557803e-01,9.394037499468259611e-01
1.892000000000000171e+02,2.668979516593458445e+00,6.815233161539347995e-01,1.660669873839309751e+00,6.401031140063521141e-01,9.396087300024515976e-01
1.893000000000000114e+02,2.670336407833672876e+00,6.814422187066941916e-01,1.660799396176240172e+00,6.407459228859212486e-01,9.401987181004151095e-01
1.894000000000000057e+02,2.671845735108040021e+00,6.823054916313094909e-01,1.662217740041515679e+00,6.415214827119932739e-01,9.414575915644021187e-01
1.895000000000000000e+02,2.673331057648908438e+00,6.834130027740863422e-01,1.664557632749023242e+00,6.422176442226208426e-01,9.431833028786216211e-01
1.896000000000000227e+02,2.673647525062557317e+00,6.839686468523729079e-01,1.667624377185573659e+00,6.426594610072121627e-01,9.445406668378548698e-01
1.897000000000000171e+02,2.673703528428296838e+00,6.843945498124377469e-01,1.669466725069369550e+00,6.428891668706701035e-01,9.452861751333558882e-01
1.898000000000000114e+02,2.676423110757406576e+00,6.849040881242738354e-01,1.671079104873519849e+00,6.430792578817898786e-01,9.455624838001022159e-01
1.899000000000000057e+02,2.676096010671815684e+00,6.852964776379246725e-01,1.672239919228103222e+00,6.432202502219144247e-01,9.460239942576450511e-01
1.900000000000000000e+02,2.675749854513899795e+00,6.856872184686423344e-01,1.672607512812102071e+00,6.425724256541288648e-01,9.461898330227070941e-01
1.901000000000000227e+02,2.675041916903803330e+00,6.866582398812194343e-01,1.672905244777092459e+00,6.424892501637011755e-01,9.459068650883335483e-01
1.902000000000000171e+02,2.677500155233225154e+00,6.874497700299454506e-01,1.673607410783003013e+00,6.422243548610162556e-01,9.459956377373858194e-01
1.903000000000000114e+02,2.677867927591204733e+00,6.880605926794967075e-01,1.674977942357103844e+00,6.427153229769758669e-01,9.464238572106076219e-01
1.904000000000000057e+02,2.679367892967837061e+00,6.887727785637804967e-01,1.675947583832805510e+00,6.434347507980918701e-01,9.465985531751448523e-01
1.905000000000000000e+02,2.681187685307265589e+00,6.892319820385454099e-01,1.676276435113851049e+00,6.445984304167392542e-01,9.483266098370739527e-01
1.906000000000000227e+02,2.685191573026691092e+00,6.895057836080671354e-01,1.676967312288870193e+00,6.459731521696924217e-01,9.494080604740565699e-01
1.907000000000000171e+02,2.686177167816824696e+00,6.898526144188850129e-01,1.677152836301227135e+00,6.471307838751511055e-01,9.511447815337744638e-01
1.908000000000000114e+02,2.688238098866037262e+00,6.898089205851519745e-01,1.677758764386772183e+00,6.474464622881976883e-01,9.515496012314049734e-01
1.909000000000000057e+02,2.687839028087841253e+00,6.896620825226262852e-01,1.677411277098435738e+00,6.474979675957827085e-01,9.517679697430873054e-01
1.910000000000000000e+02,2.689688998394228037e+00,6.897308798547111541e-01,1.677083177073920073e+00,6.477713883880517054e-01,9.523042650750371818e-01
1.911000000000000227e+02,2.688296693055922670e+00,6.902049019700753352e-01,1.677873121510575771e+00,6.485223338107484192e-01,9.535738142834028208e-01
1.912000000000000171e+02,2.690110971795396377e+00,6.907272843338617685e-01,1.679134766518920463e+00,6.491702611449725602e-01,9.539917850752236417e-01
1.913000000000000114e+02,2.690327558187856738e+00,6.909054353732068110e-01,1.680294257022249438e+00,6.492821802488668581e-01,9.549226630041215413e-01
1.914000000000000057e+02,2.689051500570016628e+00,6.907725901376723376e-01,1.681483998986240458e+00,6.492060205062135658e-01,9.545322027255923603e-01
1.915000000000000000e+02,2.691792124066528569e+00,6.906333335741436930e-01,1.682698628308691768e+00,6.493881782742931819e-01,9.548919412128675788e-01
1.916000000000000227e+02,2.691785709258306181e+00,6.906230299012752205e-01,1.683533294145213688e+00,6.492719189594458040e-01,9.550752975965587366e-01
1.917000000000000171e+02,2.692559355162345014e+00,6.905040956829523457e-01,1.683605924655751540e+00,6.488333472153205994e-01,9.543268253872939644e-01
1.918000000000000114e+02,2.693348944613760843e+00,6.906456712800319586e-01,1.683522232458236179e+00,6.492679425795709891e-01,9.546543333874727422e-01
1.919000000000000057e+02,2.692786016934349380e+00,6.912853844745395770e-01,1.684319024454280056e+00,6.495004055199538051e-01,9.546351987065132549e-01
1.920000000000000000e+02,2.693604519642441630e+00,6.919905710935806420e-01,1.684655527241548434e+00,6.499328419124928979e-01,9.561672632074151856e-01
1.921000000000000227e+02,2.696573565101386016e+00,6.931560079008473041e-01,1.685789549478269311e+00,6.505213722690595946e-01,9.570614579021146096e-01
1.922000000000000171e+02,2.697587315100851146e+00,6.941986635645730486e-01,1.687330448832565999e+00,6.511081053562348675e-01,9.573459876504218924e-01
1.923000000000000114e+02,2.699692296609900399e+00,6.955836120350711305e-01,1.689674258023690090e+00,6.520403053273272631e-01,9.583269539512194735e-01
1.924000000000000057e+02,2.699689720376574620e+00,6.971813162616132820e-01,1.692170207200532905e+00,6.531600213495021290e-01,9.600768371362818909e-01
1.925000000000000000e+02,2.702446025373780980e+00,6.986370728532780294e-01,1.694167368871119406e+00,6.548179088151652172e-01,9.616891656316304271e-01
1.926000000000000227e+02,2.705392067276404244e+00,6.998722922431589444e-01,1.696598581548886431e+00,6.562310785870488772e-01,9.632544031853158550e-01
1.927000000000000171e+02,2.709593966672559251e+00,7.005603817904504371e-01,1.698602317544330553e+00,6.566470024096940916e-01,9.635538613241585448e-01
1.928000000000000114e+02,2.712214295099139250e+00,7.007324689436964515e-01,1.699428437729804342e+00,6.564853271833026582e-01,9.633292610526748012e-01
1.929000000000000057e+02,2.716042062727017203e+00,7.002565897545958151e-01,1.699146175923384572e+00,6.553473439972503645e-01,9.623729202549865525e-01
1.930000000000000000e+02,2.715809835827365681e+00,6.984998085657269096e-01,1.697910241968190181e+00,6.538073708208469448e-01,9.607167958855412637e-01
1.931000000000000227e+02,2.715134496241315976e+00,6.958379256380913258e-01,1.696418703573596920e+00,6.512284633181507632e-01,9.576813213006474257e-01
1.932000000000000171e+02,2.713570810236072273e+00,6.929720596792361409e-01,1.694669377442579172e+00,6.481685863257936608e-01,9.544631345162923886e-01
1.933000000000000114e+02,2.712322982293108975e+00,6.906118386209655347e-01,1.692861241267945349e+00,6.459025536760292230e-01,9.520312434556259529e-01
1.934000000000000057e+02,2.711270709545202884e+00,6.889784067081382579e-01,1.691512496465862769e+00,6.436964289957105567e-01,9.501084553759429063e-01
1.935000000000000000e+02,2.710647110675336702e+00,6.882389561918192955e-01,1.691684014440295147e+00,6.422667047617589553e-01,9.484405078830753233e-01
1.936000000000000227e+02,2.711558154478739713e+00,6.877261155517727653e-01,1.691748571342991392e+00,6.414992010126222555e-01,9.479393502513021597e-01
1.937000000000000171e+02,2.711341877109115117e+00,6.874520163644177728e-01,1.691587909886962171e+00,6.411741626979624575e-01,9.473766133312000459e-01
1.938000000000000114e+02,2.711234302162409904e+00,6.876435592731995339e-01,1.692446138740692163e+00,6.408706931108285598e-01,9.476816340222602442e-01
1.939000000000000057e+02,2.713039587003195585e+00,6.885121505176435841e-01,1.694401085563717269e+00,6.417388702699881042e-01,9.483011548284463466e-01
1.940000000000000000e+02,2.713199116004961109e+00,6.903856539076821397e-01,1.698489034006639420e+00,6.433007159015252663e-01,9.499381417239246561e-01
1.941000000000000227e+02,2.716733374168792015e+00,6.928127112822879408e-01,1.702452623626684591e+00,6.450442587597055022e-01,9.519716322356073235e-01
1.942000000000000171e+02,2.716316353069341716e+00,6.955107018257344897e-01,1.706313478113106186e+00,6.472728319467949687e-01,9.543976435032412997e-01
1.943000000000000114e+02,2.715505636496644115e+00,6.985385310348634080e-01,1.709783657916274846e+00,6.494771696910892622e-01,9.567382307875822445e-01
1.944000000000000057e+02,2.718610049545639562e+00,7.014601559160736910e-01,1.713143860337956736e+00,6.522398013470199762e-01,9.596247308191954151e-01
1.945000000000000000e+02,2.721800942915206356e+00,7.041117946415603734e-01,1.716342570163343462e+00,6.546018436904003091e-01,9.629303601872111207e-01
1.946000000000000227e+02,2.724320697249004386e+00,7.060215593844303417e-01,1.718043138498147826e+00,6.565190083953761357e-01,9.652967178760322176e-01
1.947000000000000171e+02,2.724332312603718442e+00,7.068475150144161168e-01,1.719159533057218914e+00,6.574056055932734344e-01,9.665073200085302352e-01
1.948000000000000114e+02,2.728470801534602863e+00,7.066416821952370420e-01,1.719457932578865478e+00,6.581502827281550116e-01,9.679670410197880326e-01
1.949000000000000057e+02,2.728103925562985754e+00,7.055621985510174277e-01,1.719402158418182003e+00,6.576535552548445906e-01,9.681249793972638296e-01
1.950000000000000000e+02,2.728172798278598155e+00,7.040421195930220977e-01,1.718123602742869682e+00,6.569628901980461011e-01,9.671774553549024045e-01
1.951000000000000227e+02,2.726841190658906733e+00,7.024741897522526202e-01,1.715420429951655779e+00,6.554382792540259794e-01,9.654823640396293927e-01
1.952000000000000171e+02,2.726882653654342459e+00,7.006620233552897092e-01,1.712333818361224891e+00,6.535745158694096224e-01,9.633380704834918484e-01
1.953000000000000114e+02,2.725467392349928630e+00,6.987913194792915172e-01,1.709393491130528409e+00,6.525382227730627260e-01,9.627099579681652752e-01
1.954000000000000057e+02,2.724480625195598638e+00,6.971682405692923856e-01,1.708172633282202257e+00,6.518565955721522531e-01,9.615524921184553930e-01
1.955000000000000000e+02,2.725060697021342460e+00,6.960487372650497884e-01,1.708550361200234846e+00,6.510418501425968563e-01,9.611316254495199107e-01
1.956000000000000227e+02,2.725970031649206593e+00,6.952869130178765955e-01,1.708895397964868668e+00,6.504430798806609682e-01,9.599694331083241661e-01
1.957000000000000171e+02,2.727483696177686934e+00,6.948603726679862813e-01,1.708774560363972794e+00,6.496291421142141864e-01,9.591244137876682174e-01
1.958000000000000114e+02,2.728248651810535552e+00,6.945601233507494587e-01,1.708942149330678228e+00,6.490346668938029584e-01,9.589867542271907075e-01
1.959000000000000057e+02,2.726166448341881932e+00,6.943819054818409775e-01,1.710283343368466102e+00,6.488333541815146654e-01,9.591292870991940944e-01
1.960000000000000000e+02,2.724896943351127643e+00,6.942592896154871074e-01,1.711913105080082209e+00,6.485200654277620824e-01,9.589871398128780866e-01
1.961000000000000227e+02,2.727486642872902323e+00,6.944890551099699438e-01,1.713573814282175922e+00,6.485884637285092014e-01,9.586981583859970346e-01
1.962000000000000171e+02,2.730688881591291306e+00,6.946566279987711479e-01,1.714378184146216455e+00,6.488612865292658904e-01,9.579255788916583025e-01
1.963000000000000114e+02,2.731841866633942129e+00,6.954559491213793132e-01,1.715905272329171449e+00,6.491750937030902335e-01,9.585244682220328549e-01
1.964000000000000057e+02,2.731910647238599665e+00,6.962767072843694116e-01,1.717413497797593447e+00,6.495827859897672640e-01,9.584245471643824121e-01
1.965000000000000000e+02,2.733339159497198079e+00,6.969791939240838063e-01,1.718465058718496863e+00,6.499922917413980539e-01,9.590084295446060780e-01
1.966000000000000227e+02,2.736918556642169431e+00,6.978552478216486499e-01,1.719286098533514551e+00,6.501757804952611464e-01,9.583507399241155689e-01
1.967000000000000171e+02,2.740471586889436040e+00,6.988189667142125083e-01,1.720537038309302602e+00,6.502911094085443988e-01,9.591879679939031567e-01
1.968000000000000114e+02,2.742254060400823867e+00,6.993287009857753755e-01,1.722777375305823755e+00,6.506512160473907347e-01,9.602761199831161276e-01
1.969000000000000057e+02,2.744713192505388033e+00,7.001179449781674835e-01,1.724630416995984961e+00,6.512682895035931674e-01,9.617566200835493406e-01
1.970000000000000000e+02,2.744958468272417740e+00,7.011841030192352830e-01,1.726086280190867184e+00,6.518043803635342748e-01,9.627625865165280183e-01
1.971000000000000227e+02,2.745162197905640866e+00,7.019097940630613097e-01,1.727713047661500578e+00,6.522688647392983485e-01,9.639710588217055287e-01
1.972000000000000171e+02,2.746084884296556172e+00,7.021449293133270597e-01,1.728536120146133559e+00,6.525670966768634118e-01,9.644419479699785080e-01
1.973000000000000114e+02,2.744232824840838969e+00,7.018339592604494470e-01,1.728870127447694527e+00,6.524643502913646254e-01,9.644796946346699817e-01
1.974000000000000057e+02,2.744127784453219032e+00,7.009937798302499079e-01,1.727757284921735748e+00,6.522034393128562924e-01,9.643729454386857913e-01
1.975000000000000000e+02,2.746069803688054201e+00,7.001753200493370244e-01,1.725846450768085960e+00,6.513345594990933574e-01,9.634789122578313325e-01
1.976000000000000227e+02,2.744003347472872445e+00,6.992833745252695632e-01,1.724208156333676634e+00,6.504449310890113578e-01,9.616771835020413439e-01
1.977000000000000171e+02,2.744018435767816566e+00,6.985271875364649219e-01,1.723285423997942711e+00,6.496924094588329979e-01,9.609512128351465066e-01
1.978000000000000114e+02,2.742919626308110814e+00,6.975257840034229107e-01,1.721770422322903560e+00,6.491255230565753376e-01,9.595737863295329406e-01
1.979000000000000057e+02,2.742814708617190345e+00,6.966775978840653583e-01,1.721181728064575145e+00,6.488883254469649531e-01,9.589481110681489229e-01
1.980000000000000000e+02,2.745563991692921757e+00,6.964037521625759952e-01,1.721442151464722681e+00,6.485893662900203971e-01,9.591465177873521597e-01
1.981000000000000227e+02,2.746629839303211362e+00,6.962566066712121415e-01,1.722721824880448782e+00,6.479516302338734768e-01,9.589391754284664060e-01
1.982000000000000171e+02,2.745621101993160451e+00,6.962073687829860580e-01,1.724420753381327165e+00,6.467386428807805343e-01,9.578137367066896779e-01
1.983000000000000114e+02,2.746915845424082736e+00,6.964418098415348091e-01,1.727146247847820559e+00,6.464516417990284758e-01,9.570815610120317896e-01
1.984000000000000057e+02,2.748417867772222856e+00,6.972481119617534029e-01,1.729942276397858691e+00,6.467755184129417856e-01,9.575929087285788288e-01
1.985000000000000000e+02,2.750311172361377565e+00,6.984408004266760006e-01,1.732551861542730887e+00,6.474348448049180860e-01,9.582383307601950451e-01
1.986000000000000227e+02,2.751647034771304678e+00,7.005438681924677224e-01,1.735433385398294392e+00,6.491915161620587238e-01,9.603794876356190890e-01
1.987000000000000171e+02,2.752120029941982349e+00,7.032203867060522473e-01,1.738050523449758522e+00,6.513462067222514085e-01,9.629772853413058886e-01
1.988000000000000114e+02,2.754145375304161814e+00,7.051938745454674473e-01,1.740268543340871776e+00,6.525091704497936185e-01,9.648190652362499398e-01
1.989000000000000057e+02,2.753885158968149227e+00,7.068844602476646033e-01,1.742057334483890108e+00,6.528925734861577013e-01,9.658523360032346128e-01
1.990000000000000000e+02,2.753325127676543360e+00,7.081855331673817533e-01,1.742952076930444738e+00,6.530502793945455187e-01,9.664277321338298199e-01
1.991000000000000227e+02,2.755590626184465375e+00,7.084951301412514280e-01,1.743742209908852203e+00,6.530698791162022898e-01,9.671418133476493706e-01
1.992000000000000171e+02,2.757091771418684001e+00,7.080010955235691572e-01,1.744116321653524704e+00,6.528186771742489070e-01,9.669910142555170340e-01
1.993000000000000114e+02,2.758036010126027726e+00,7.067061123280276025e-01,1.743232126939344262e+00,6.519771492037307326e-01,9.663644847129074789e-01
1.994000000000000057e+02,2.758145154958348222e+00,7.052076724744729130e-01,1.741453578782804268e+00,6.507744213074214690e-01,9.641942290757470335e-01
1.995000000000000000e+02,2.759549003330398875e+00,7.034281797675973058e-01,1.739632418883373388e+00,6.497799265342789621e-01,9.632547332141518925e-01
1.996000000000000227e+02,2.759195178131077064e+00,7.016326150209732937e-01,1.737587670956227237e+00,6.490077620451421003e-01,9.629023342091735937e-01
1.997000000000000171e+02,2.761848187112390551e+00,7.003826606656330389e-01,1.736435181689223839e+00,6.485910458397757816e-01,9.620894829368774603e-01
1.998000000000000114e+02,2.766526113017091948e+00,6.996088113760894345e-01,1.736323824853556186e+00,6.487501023450816806e-01,9.618251147090098874e-01
1.999000000000000057e+02,2.767223750690765094e+00,6.992975955134067556e-01,1.736361374047362904e+00,6.487631167174616742e-01,9.614139526151094239e-01
2.000000000000000000e+02,2.768382042265900456e+00,6.992537166808745486e-01,1.736970010238833684e+00,6.491382222246800948e-01,9.613570715989313564e-01
2.001000000000000227e+02,2.768544007708855226e+00,6.993282219859018323e-01,1.737303226574411941e+00,6.485014178716760336e-01,9.610700346979076381e-01
2.002000000000000171e+02,2.769365206696903225e+00,6.995658543989117240e-01,1.737851345676726389e+00,6.481857920614508828e-01,9.607259602038817903e-01
2.003000000000000114e+02,2.765612181018588966e+00,6.993725501892432694e-01,1.738458183912359178e+00,6.478801906937654564e-01,9.603822626193031509e-01
2.004000000000000057e+02,2.765393152272910715e+00,6.993472391859149040e-01,1.738722140856633569e+00,6.474832671725732069e-01,9.595356331328949162e-01
2.005000000000000000e+02,2.767458195233502671e+00,6.997587310133274174e-01,1.739050741444464254e+00,6.480154707615519705e-01,9.598908853988876722e-01
2.006000000000000227e+02,2.765965659221662154e+00,7.004611454645778279e-01,1.739570983665233328e+00,6.494268102077980220e-01,9.620622157666484098e-01
2.007000000000000171e+02,2.765422298886899721e+00,7.013997748352611694e-01,1.740635155514356880e+00,6.513006126755516156e-01,9.636413267776028357e-01
2.008000000000000114e+02,2.764041868168606531e+00,7.025393809380130472e-01,1.743100756050548483e+00,6.528803811145507119e-01,9.655804643256247211e-01
2.009000000000000057e+02,2.764400135375610468e+00,7.040835801108277225e-01,1.745586850690919345e+00,6.544755332573556350e-01,9.675173806052843606e-01
2.010000000000000000e+02,2.763419459798486244e+00,7.057537840948913122e-01,1.748116209983082481e+00,6.559555758707462658e-01,9.691067613923106672e-01
2.011000000000000227e+02,2.762550020314967103e+00,7.072011303615232114e-01,1.750054870277811814e+00,6.567862257053731501e-01,9.702030710718072548e-01
2.012000000000000171e+02,2.763587516276712730e+00,7.086575673555827182e-01,1.751492718057140685e+00,6.582482849891916343e-01,9.721341033655545028e-01
2.013000000000000114e+02,2.765906784235717009e+00,7.096976684463582874e-01,1.753227942947290341e+00,6.593624586267624599e-01,9.737536153073375056e-01
2.014000000000000057e+02,2.764799773272127670e+00,7.100998875867076121e-01,1.753872656248025130e+00,6.598079386425798054e-01,9.746130431536753624e-01
2.015000000000000000e+02,2.765906737587953579e+00,7.101525474572715213e-01,1.754947199076254183e+00,6.598853461962982392e-01,9.750670373030856375e-01
2.016000000000000227e+02,2.766478700784153144e+00,7.096826413313338522e-01,1.755597494867716657e+00,6.596404903322719004e-01,9.743566029146264462e-01
2.017000000000000171e+02,2.764834438560474617e+00,7.089755134684195825e-01,1.755933007146158298e+00,6.591317457617302811e-01,9.734312207253984495e-01
2.018000000000000114e+02,2.766563679288840838e+00,7.081126986302572757e-01,1.755698486489397636e+00,6.583170842983092630e-01,9.728308806420381538e-01
2.019000000000000057e+02,2.767629729298342500e+00,7.073264617165946344e-01,1.755600949114900056e+00,6.568998077933412283e-01,9.713434640962277378e-01
2.020000000000000000e+02,2.765527058773640690e+00,7.064553960918925624e-01,1.754808493420451754e+00,6.552897683902461079e-01,9.704290652962352937e-01
2.021000000000000227e+02,2.765031422580403575e+00,7.053435857948131549e-01,1.752932503202596415e+00,6.540713073104167385e-01,9.689549189957138431e-01
2.022000000000000171e+02,2.765751328902466444e+00,7.047530381855459103e-01,1.752084650419961864e+00,6.540196863951965867e-01,9.688657509957987468e-01
2.023000000000000114e+02,2.765190326846886482e+00,7.043668155908301420e-01,1.752093520236860380e+00,6.546350988563752749e-01,9.694459746021966140e-01
2.024000000000000057e+02,2.764064888014020838e+00,7.042212856346909966e-01,1.752521044953919693e+00,6.553941130817838578e-01,9.694951846576244092e-01
2.025000000000000000e+02,2.764640235733667684e+00,7.046181984453773195e-01,1.753332100675221161e+00,6.565892634592009891e-01,9.701415247896978400e-01
2.026000000000000227e+02,2.764099187222555543e+00,7.052810761373117243e-01,1.754751780251186055e+00,6.571961397580364794e-01,9.719642350674102538e-01
2.027000000000000171e+02,2.765640683841050329e+00,7.058250312744601684e-01,1.756138632541325517e+00,6.573992738712906014e-01,9.730192775910997405e-01
2.028000000000000114e+02,2.765830453991140025e+00,7.056602122243040842e-01,1.756706824059738548e+00,6.567060515081869498e-01,9.720580398106636322e-01
2.029000000000000057e+02,2.767595855182451992e+00,7.053669156673814111e-01,1.757297729001436881e+00,6.562988329577702507e-01,9.715153602351621620e-01
2.030000000000000000e+02,2.769308226476466128e+00,7.052452067168113459e-01,1.757874375600412042e+00,6.552288994762454077e-01,9.709150955835090802e-01
2.031000000000000227e+02,2.771677027629364964e+00,7.054827784248300926e-01,1.758268769716657243e+00,6.546579095773384926e-01,9.715305704358491168e-01
2.032000000000000171e+02,2.773839823552623152e+00,7.051795354212742062e-01,1.758913409663596106e+00,6.547733470480829876e-01,9.721522543446675657e-01
2.033000000000000114e+02,2.773949257670965896e+00,7.042514726068686004e-01,1.758194183508875463e+00,6.555649440408781725e-01,9.722513229796208023e-01
2.034000000000000057e+02,2.775297386458020821e+00,7.032318897655848167e-01,1.756836851186223125e+00,6.558893594848405062e-01,9.720674927103485352e-01
2.035000000000000000e+02,2.775726257034638600e+00,7.015788385477972344e-01,1.754332990612372134e+00,6.556230017466456728e-01,9.718185139888723123e-01
2.036000000000000227e+02,2.773955509022588917e+00,6.996616559221281451e-01,1.751931594853521013e+00,6.545531784115541374e-01,9.708710934252662295e-01
2.037000000000000171e+02,2.772058811893557628e+00,6.991170026901569745e-01,1.751665515626971814e+00,6.542190916557624192e-01,9.704685554638986522e-01
2.038000000000000114e+02,2.774233004054774021e+00,6.999624251986219514e-01,1.753236590902328862e+00,6.549791969454688001e-01,9.713431664690357348e-01
2.039000000000000057e+02,2.775939211785918737e+00,7.010831619677185822e-01,1.755453770417738202e+00,6.564079806377816073e-01,9.731530738563726191e-01
2.040000000000000000e+02,2.778582848882768630e+00,7.027709573064492288e-01,1.757971815808613059e+00,6.577879197531131261e-01,9.744727191537456701e-01
2.041000000000000227e+02,2.780803648962967944e+00,7.043750856088213386e-01,1.760098346279552750e+00,6.589660505040872973e-01,9.759237674083449665e-01
2.042000000000000171e+02,2.785452026528087099e+00,7.055152441200553959e-01,1.762543542374149341e+00,6.595225775392133949e-01,9.764000892629367545e-01
2.043000000000000114e+02,2.785019248007432502e+00,7.070731698988939051e-01,1.765783434276284147e+00,6.605026722745042100e-01,9.775827954967186706e-01
2.044000000000000057e+02,2.786941382417079893e+00,7.092323017802066865e-01,1.769546871704589908e+00,6.612192676435344474e-01,9.783635250782720671e-01
2.045000000000000000e+02,2.786421611160423861e+00,7.103878564544081620e-01,1.772061959597879710e+00,6.615936959891217661e-01,9.792279659316253104e-01
2.046000000000000227e+02,2.786502318318115456e+00,7.107054620707232706e-01,1.773713740707949515e+00,6.610295039309376230e-01,9.787278399773173820e-01
2.047000000000000171e+02,2.785392375426057665e+00,7.104990874806561552e-01,1.774183345514168009e+00,6.604265107248207256e-01,9.778302522260331475e-01
2.048000000000000114e+02,2.785535377651189304e+00,7.102604289618402733e-01,1.773873025565616990e+00,6.601195699919787385e-01,9.785536785244891567e-01
2.049000000000000057e+02,2.783938929645981997e+00,7.101715869109110901e-01,1.773185292838452387e+00,6.602100987681500666e-01,9.789378017977997670e-01
2.050000000000000000e+02,2.781412275439258508e+00,7.096321381414063545e-01,1.771785406505866023e+00,6.593720775434350756e-01,9.782578037910015789e-01
2.051000000000000227e+02,2.783839565626475387e+00,7.087235739049073668e-01,1.769649195164678668e+00,6.583655846742313411e-01,9.772242594471242105e-01
2.052000000000000171e+02,2.781965855138330834e+00,7.075827964132014314e-01,1.767616879236329153e+00,6.580420854337962755e-01,9.760156277658005308e-01
2.053000000000000114e+02,2.780272608888117780e+00,7.066478091085842683e-01,1.767542027258391268e+00,6.574940754954121669e-01,9.758736831177979854e-01
2.054000000000000057e+02,2.780669243890284026e+00,7.062355085837968005e-01,1.768828421829635955e+00,6.576278066589206217e-01,9.766196589163307351e-01
2.055000000000000000e+02,2.780259351511750410e+00,7.064659967419746334e-01,1.770691666867400649e+00,6.579021111895949625e-01,9.770841263634563179e-01
2.056000000000000227e+02,2.780912651123573998e+00,7.066822424531955527e-01,1.772869606752966343e+00,6.578093661851164287e-01,9.776752531499609544e-01
2.057000000000000171e+02,2.781464609609833882e+00,7.069672754628126832e-01,1.774775106816509407e+00,6.579202810995090633e-01,9.781030425507030168e-01
2.058000000000000114e+02,2.784141778795269140e+00,7.076267423181067384e-01,1.775941210036659168e+00,6.578999749810732212e-01,9.774742935785983855e-01
2.059000000000000057e+02,2.785813438570784228e+00,7.085925637974007651e-01,1.777526523120409374e+00,6.579898004838498071e-01,9.783399183822618639e-01
2.060000000000000000e+02,2.786881261851838598e+00,7.094969297026220145e-01,1.778072195636912323e+00,6.578111772773265198e-01,9.784781375936362213e-01
2.061000000000000227e+02,2.788188116830550900e+00,7.093022575615008929e-01,1.777605575218959455e+00,6.568759162089139458e-01,9.778971078157687735e-01
2.062000000000000171e+02,2.789209154192492601e+00,7.079498605647335241e-01,1.775819440562452556e+00,6.555659012964020205e-01,9.768486262824915833e-01
2.063000000000000114e+02,2.786561884553254487e+00,7.058380428391052286e-01,1.773569213259688526e+00,6.540481864867799811e-01,9.746341829787897870e-01
2.064000000000000057e+02,2.787737595735865881e+00,7.037309098408083274e-01,1.772349383283144286e+00,6.533108308154663701e-01,9.737847928412762810e-01
2.065000000000000000e+02,2.787338732505153516e+00,7.027939615654865690e-01,1.772067844682561288e+00,6.533968379360322043e-01,9.737719665895741006e-01
2.066000000000000227e+02,2.788421611905933517e+00,7.032859799001672796e-01,1.773120145616307708e+00,6.544248059550560326e-01,9.750608290159360481e-01
2.067000000000000171e+02,2.791985922899423933e+00,7.050360198365319686e-01,1.775832764740228775e+00,6.553610660128713628e-01,9.764342597103099486e-01
2.068000000000000114e+02,2.793618271700836431e+00,7.068787440685339041e-01,1.778583502480173051e+00,6.565923443719665631e-01,9.779147720724263859e-01
2.069000000000000057e+02,2.795627358007974461e+00,7.087541296905723875e-01,1.781695109963616019e+00,6.579504545976168073e-01,9.792290530504763613e-01
2.070000000000000000e+02,2.796044849613773753e+00,7.100581348315010422e-01,1.784263579981910652e+00,6.589235837056512946e-01,9.808529777695560448e-01
2.071000000000000227e+02,2.794859125570687386e+00,7.101485749760657606e-01,1.784875060581689876e+00,6.590031736635539872e-01,9.811349424434836486e-01
2.072000000000000171e+02,2.795830721438769206e+00,7.101704780080291268e-01,1.783997972638799334e+00,6.591509761661058509e-01,9.816561319248177098e-01
2.073000000000000114e+02,2.791336034801824795e+00,7.095393270509514627e-01,1.782025913581428256e+00,6.579543064373398753e-01,9.807169796400011519e-01
2.074000000000000057e+02,2.788868551654811068e+00,7.083610024840755193e-01,1.779652998922500506e+00,6.574030643952444297e-01,9.808248596537485486e-01
2.075000000000000000e+02,2.787106558340799012e+00,7.066917744678199442e-01,1.776997709322609920e+00,6.567200036052610601e-01,9.806383721494860151e-01
2.076000000000000227e+02,2.784691769830625940e+00,7.052744903108730812e-01,1.776100870195622017e+00,6.561069256699422203e-01,9.798770451221745503e-01
2.077000000000000171e+02,2.786430140283322032e+00,7.044599897595746896e-01,1.776134847561056107e+00,6.557224298272527063e-01,9.801058585589214056e-01
2.078000000000000114e+02,2.782605624508185382e+00,7.039749782802802169e-01,1.776016311743840337e+00,6.551649204936863535e-01,9.788276525646395498e-01
2.079000000000000057e+02,2.782336389052915138e+00,7.039141073748386157e-01,1.775681763158173387e+00,6.545789528480158159e-01,9.784512988966656000e-01
2.080000000000000000e+02,2.782622267953833717e+00,7.042767605890846161e-01,1.776588501306624490e+00,6.549638325558642116e-01,9.780790838149334698e-01
2.081000000000000227e+02,2.781198681462201172e+00,7.052050444585682420e-01,1.778479830110163418e+00,6.552641236661440605e-01,9.785445295198925697e-01
2.082000000000000171e+02,2.781533850583516543e+00,7.066342762109437681e-01,1.780550594346444582e+00,6.554114085147094704e-01,9.791615675890537052e-01
2.083000000000000114e+02,2.781076968240318692e+00,7.081924329471501744e-01,1.782583074622211994e+00,6.561169739654194588e-01,9.798908121611045186e-01
2.084000000000000057e+02,2.783049600855560080e+00,7.092126383371968323e-01,1.784943064996989515e+00,6.564603522961368620e-01,9.800639023206674239e-01
2.085000000000000000e+02,2.782240911185494880e+00,7.097637753085914714e-01,1.787793872305097898e+00,6.568934153028400669e-01,9.806479727724635165e-01
2.086000000000000227e+02,2.784869332364430239e+00,7.103997026042564444e-01,1.790534981149771721e+00,6.571733689899229569e-01,9.815025504907306519e-01
2.087000000000000171e+02,2.784299664834970933e+00,7.109167989592469761e-01,1.792527342220072706e+00,6.571567733021758118e-01,9.819967778434182115e-01
2.088000000000000114e+02,2.784587691475408633e+00,7.112928797129043357e-01,1.794642408878970086e+00,6.569195049109175510e-01,9.817253397209402266e-01
2.089000000000000057e+02,2.784245766394515265e+00,7.110955233477543880e-01,1.795893414077220251e+00,6.561815485560301697e-01,9.807634041253261437e-01
2.090000000000000000e+02,2.784055386568577539e+00,7.112642122164776204e-01,1.797314941335583116e+00,6.552413651154713747e-01,9.791813886453303306e-01
2.091000000000000227e+02,2.784954430330307762e+00,7.111079041605055107e-01,1.797404428323592152e+00,6.541282494688290816e-01,9.778658974340173060e-01
2.092000000000000171e+02,2.787029607983039892e+00,7.107290712702927227e-01,1.797421913046443498e+00,6.531973887581813409e-01,9.773665118600950441e-01
2.093000000000000114e+02,2.785978500640355016e+00,7.103742316751532337e-01,1.796918768920434006e+00,6.528012402729985730e-01,9.770984212546515169e-01
2.094000000000000057e+02,2.786195758333636530e+00,7.097329208347908924e-01,1.796475790894881852e+00,6.528730736800876233e-01,9.774312607896933347e-01
2.095000000000000000e+02,2.785014876007766649e+00,7.093410113872008482e-01,1.795938231066908086e+00,6.527625878352907307e-01,9.771266387111341434e-01
2.096000000000000227e+02,2.782003847907565497e+00,7.088815482127904799e-01,1.795443293248938588e+00,6.525111481896241905e-01,9.771345369340225240e-01
2.097000000000000171e+02,2.782102578747050359e+00,7.087701948443992928e-01,1.795652454443070756e+00,6.520132932617218602e-01,9.766455921069197021e-01
2.098000000000000114e+02,2.779549498052378276e+00,7.088453173001841856e-01,1.796729929717436614e+00,6.521265096907375991e-01,9.775644347535971113e-01
2.099000000000000057e+02,2.782194112845422396e+00,7.086594851132842487e-01,1.798006637383213091e+00,6.518418029307233574e-01,9.770568825933595436e-01
2.100000000000000000e+02,2.783766353713970076e+00,7.088615974786310892e-01,1.799648753552899105e+00,6.514244818621898192e-01,9.765250730112687849e-01
2.101000000000000227e+02,2.784761888597086177e+00,7.087632007247879340e-01,1.800497348068962999e+00,6.506079236840003333e-01,9.749476109975430127e-01
2.102000000000000171e+02,2.783165638958768895e+00,7.084510578759000143e-01,1.800936961213194687e+00,6.499860640763088782e-01,9.741851937279103479e-01
2.103000000000000114e+02,2.783529325669686472e+00,7.080928219673695567e-01,1.801846707600955222e+00,6.494420008770193098e-01,9.732980201432142042e-01
2.104000000000000057e+02,2.782527484626174719e+00,7.077636670376286077e-01,1.803510325315023088e+00,6.490585739402561227e-01,9.721416218617479066e-01
2.105000000000000000e+02,2.784122419687665051e+00,7.076219608279229467e-01,1.804611226818093161e+00,6.488010681070619512e-01,9.716808685088612618e-01
2.106000000000000227e+02,2.780120194446878301e+00,7.075658899021725068e-01,1.804687736674389864e+00,6.479772517808448651e-01,9.704871006028772396e-01
2.107000000000000171e+02,2.780317836928185571e+00,7.078829215466552194e-01,1.805537189124756692e+00,6.475898123878062185e-01,9.703693381011626595e-01
2.108000000000000114e+02,2.784137289228937107e+00,7.085221920505925253e-01,1.806853462413923861e+00,6.482220722871793184e-01,9.714824391821165195e-01
2.109000000000000057e+02,2.785019584212478083e+00,7.094901651231166895e-01,1.807882055959196155e+00,6.492580007937844844e-01,9.730735824219133301e-01
2.110000000000000000e+02,2.786382638529341094e+00,7.110620955723154779e-01,1.808994148334281071e+00,6.507495161719074606e-01,9.745679357425062195e-01
2.111000000000000227e+02,2.788249156514316596e+00,7.126693300026036848e-01,1.810576853389378016e+00,6.524243948826339290e-01,9.771439739800834579e-01
2.112000000000000171e+02,2.788445143865036613e+00,7.142204277522764544e-01,1.812826078962702425e+00,6.544395417535123771e-01,9.789698821156881392e-01
2.113000000000000114e+02,2.790637000768844356e+00,7.162017246126476389e-01,1.816059400834354021e+00,6.567495629471078455e-01,9.819395983640053505e-01
2.114000000000000057e+02,2.790558738626617963e+00,7.185639775286137843e-01,1.819833052703555554e+00,6.588710749827120239e-01,9.847197605129039966e-01
2.115000000000000000e+02,2.790661792849455480e+00,7.207999782669940458e-01,1.823545649548021563e+00,6.605067426911699346e-01,9.867732257513638361e-01
2.116000000000000227e+02,2.793511787496948173e+00,7.225045813375039483e-01,1.826439960860720690e+00,6.619227770962559099e-01,9.881064809750761402e-01
2.117000000000000171e+02,2.793339386712479833e+00,7.232529665532941854e-01,1.827827993385270355e+00,6.626763792936065656e-01,9.896805169493241294e-01
2.118000000000000114e+02,2.792148496216112719e+00,7.229922134899362529e-01,1.827919789793584604e+00,6.625606453209068603e-01,9.890653161758288237e-01
2.119000000000000057e+02,2.790213022805547727e+00,7.219581838315659583e-01,1.827019702308655624e+00,6.605539816177440349e-01,9.870679479289954372e-01
2.120000000000000000e+02,2.787950812785040089e+00,7.199624733724431236e-01,1.824994088280056381e+00,6.584118704253802967e-01,9.849058310970661978e-01
2.121000000000000227e+02,2.785326003152877927e+00,7.182183287746127798e-01,1.822891281839895905e+00,6.556773478339312788e-01,9.821960430360185956e-01
2.122000000000000171e+02,2.783875934178371647e+00,7.168355612698857904e-01,1.822173842376869191e+00,6.533633677841456100e-01,9.797688119988263722e-01
2.123000000000000114e+02,2.783186127543632260e+00,7.155814523971115726e-01,1.822210856152399749e+00,6.509888036576790826e-01,9.779549063682483334e-01
2.124000000000000057e+02,2.781338762801718101e+00,7.151392277516566143e-01,1.823363344011311948e+00,6.488232549164782981e-01,9.756278053158997654e-01
2.125000000000000000e+02,2.778005292704966323e+00,7.147218150020047123e-01,1.823353349258726608e+00,6.462188536484094747e-01,9.731138657779191403e-01
2.126000000000000227e+02,2.777566626812732586e+00,7.139404721584958757e-01,1.822257247480179698e+00,6.445348017733008028e-01,9.719520992048630292e-01
2.127000000000000171e+02,2.777621309985125908e+00,7.135415974547133500e-01,1.821837096849705517e+00,6.431423809424591242e-01,9.705263979552875009e-01
2.128000000000000114e+02,2.776400050434662869e+00,7.132716725453506212e-01,1.821318709070270492e+00,6.420847220721930260e-01,9.699293463377237634e-01
2.129000000000000057e+02,2.776244245522173859e+00,7.134218808881500618e-01,1.821894923608853967e+00,6.422951423482600175e-01,9.696301119013459591e-01
2.130000000000000000e+02,2.775246402324250017e+00,7.142140385142654591e-01,1.823456533008971592e+00,6.430529388318697581e-01,9.705987844895078709e-01
2.131000000000000227e+02,2.772906120722931966e+00,7.150080216476558670e-01,1.825180418313011366e+00,6.442055364142524887e-01,9.719360572246918961e-01
2.132000000000000171e+02,2.774885054482283842e+00,7.161819215835665275e-01,1.828101285866823078e+00,6.454934906365928926e-01,9.730981058462579991e-01
2.133000000000000114e+02,2.774487334906369451e+00,7.174976102014087864e-01,1.830609586762703911e+00,6.464578962126865669e-01,9.742607529293006996e-01
2.134000000000000057e+02,2.775912919598198858e+00,7.184387474000596407e-01,1.831897626354038078e+00,6.466192307767635317e-01,9.753731910676737282e-01
2.135000000000000000e+02,2.775506098648407249e+00,7.187990113963025340e-01,1.832966995017694556e+00,6.469564671904497466e-01,9.760360523833541135e-01
2.136000000000000227e+02,2.774784136346212016e+00,7.188452762110054683e-01,1.833906138877443581e+00,6.470218970568609729e-01,9.757247060111291503e-01
2.137000000000000171e+02,2.777322270443626895e+00,7.182962451999964637e-01,1.834191833554290163e+00,6.462696090523755155e-01,9.748330343016278210e-01
2.138000000000000114e+02,2.773230322470068288e+00,7.169750137664524514e-01,1.833593645969960217e+00,6.453022900124152361e-01,9.728371249768902329e-01
2.139000000000000057e+02,2.773237279628277818e+00,7.153448041097176802e-01,1.831705969549269009e+00,6.440134914010700040e-01,9.714218169519269752e-01
2.140000000000000000e+02,2.770835051697359663e+00,7.144239189794505673e-01,1.829747401129611983e+00,6.433809242951511465e-01,9.699853726874461124e-01
2.141000000000000227e+02,2.771746597672520185e+00,7.137951955089187894e-01,1.828805288587916467e+00,6.425967675712992433e-01,9.689243897714849840e-01
2.142000000000000171e+02,2.772758840102016009e+00,7.137810183331972924e-01,1.828880817309910478e+00,6.424165008236112362e-01,9.687935055467008505e-01
2.143000000000000114e+02,2.772598687423101005e+00,7.142285240230532573e-01,1.829443068253337357e+00,6.424882439098157372e-01,9.689284911806108624e-01
2.144000000000000057e+02,2.770153172845596146e+00,7.148987838178659793e-01,1.829798113053996200e+00,6.428821599835454759e-01,9.691002741270956511e-01
2.145000000000000000e+02,2.773130704171570038e+00,7.158094793727601823e-01,1.830953262432536421e+00,6.438054793480439963e-01,9.695676678565257056e-01
2.146000000000000227e+02,2.773334882214385289e+00,7.173007625383160946e-01,1.833343700840537105e+00,6.444005896456748150e-01,9.700992914460433436e-01
2.147000000000000171e+02,2.775748719653018615e+00,7.195369024603700536e-01,1.836848899502194321e+00,6.455735670809619187e-01,9.709320379729309280e-01
2.148000000000000114e+02,2.776221699710100577e+00,7.221755223500671006e-01,1.839740747876194682e+00,6.466506441060664301e-01,9.721176566429629018e-01
2.149000000000000057e+02,2.776464515358149310e+00,7.244772778657861956e-01,1.843001756361347887e+00,6.475251939899027143e-01,9.732480190278525178e-01
2.150000000000000000e+02,2.775603990412280897e+00,7.255705182040085299e-01,1.845625994073521126e+00,6.478784755518538496e-01,9.738956717045311740e-01
2.151000000000000227e+02,2.778841490779238921e+00,7.263369765447733606e-01,1.848048545649540575e+00,6.477051296527368551e-01,9.735683879117419393e-01
2.152000000000000171e+02,2.779116859054766131e+00,7.270068831854030744e-01,1.850066015908866657e+00,6.468872898113277037e-01,9.729276426949375889e-01
2.153000000000000114e+02,2.782128305867093587e+00,7.268691864853753515e-01,1.851334436805136097e+00,6.456534834753067109e-01,9.716834179499825863e-01
2.154000000000000057e+02,2.781793259423627429e+00,7.266743383513278864e-01,1.851030815616732106e+00,6.445739159683022690e-01,9.705965402747194215e-01
2.155000000000000000e+02,2.782452899701027160e+00,7.263730831647529085e-01,1.850376077313484746e+00,6.442693054270128838e-01,9.696263719261697389e-01
2.156000000000000227e+02,2.783902249158114461e+00,7.254768419811959967e-01,1.849615595690305314e+00,6.442887890193318423e-01,9.699039816684535964e-01
2.157000000000000171e+02,2.782888235800174304e+00,7.242995998208380248e-01,1.848855189269128285e+00,6.438745730511159504e-01,9.692114931122144394e-01
2.158000000000000114e+02,2.784201769813736682e+00,7.229863818240398476e-01,1.847714691652800001e+00,6.429425527826547748e-01,9.680241259824098332e-01
2.159000000000000057e+02,2.784714127392989180e+00,7.209292513403787739e-01,1.846099576510781048e+00,6.412950300639781442e-01,9.652203717156159213e-01
2.160000000000000000e+02,2.784441569814017026e+00,7.185927256751181158e-01,1.843085244443644966e+00,6.388873401438577293e-01,9.621735267151587667e-01
2.161000000000000227e+02,2.782853385657614087e+00,7.161365719060094337e-01,1.839700939797725088e+00,6.360194477504792498e-01,9.590140828876910772e-01
2.162000000000000171e+02,2.778218777905688608e+00,7.134904421761157911e-01,1.836298803365883581e+00,6.331912366687968419e-01,9.561496323201784664e-01
2.163000000000000114e+02,2.775616453627404390e+00,7.115864264831655017e-01,1.833557667914879286e+00,6.311127335630343227e-01,9.532700789732319047e-01
2.164000000000000057e+02,2.774802362314797044e+00,7.102712283694070372e-01,1.831922054000412414e+00,6.298003842766775051e-01,9.513729949271070296e-01
2.165000000000000000e+02,2.773192418775632717e+00,7.096037122076697123e-01,1.831115312176632148e+00,6.297099166482919008e-01,9.505875851929591613e-01
2.166000000000000227e+02,2.772015745436643197e+00,7.094827190626828983e-01,1.831494704530792772e+00,6.303010231290789855e-01,9.511492719601235546e-01
2.167000000000000171e+02,2.773797492577985579e+00,7.100268647685900048e-01,1.832559387411014651e+00,6.307447934271289691e-01,9.517511876671758131e-01
2.168000000000000114e+02,2.774435717137594626e+00,7.110642066759191859e-01,1.833821431278903846e+00,6.315107153196147793e-01,9.526432778690255843e-01
2.169000000000000057e+02,2.775875265523256363e+00,7.125694202253731735e-01,1.835424810365337445e+00,6.333782812836431519e-01,9.547472490486542673e-01
2.170000000000000000e+02,2.776941562803806551e+00,7.141605423032127975e-01,1.836519645228285258e+00,6.352159864943294210e-01,9.564225994934243413e-01
2.171000000000000227e+02,2.780143757983017050e+00,7.157989136741664815e-01,1.838644433104087206e+00,6.365692442485768598e-01,9.577424989104528219e-01
2.172000000000000171e+02,2.778311415962566144e+00,7.173591380297221765e-01,1.841256067758915593e+00,6.380748765600782191e-01,9.586064674711753941e-01
2.173000000000000114e+02,2.780739880334666569e+00,7.191780597914816386e-01,1.845067245181084115e+00,6.385781035620393675e-01,9.590249733660038967e-01
2.174000000000000057e+02,2.779487126025580235e+00,7.207209776665610690e-01,1.847758149653999871e+00,6.384649457932008998e-01,9.594076273327086790e-01
2.175000000000000000e+02,2.778862893308086335e+00,7.215451838275207530e-01,1.849074045199431193e+00,6.382117830070533904e-01,9.584200344430592322e-01
2.176000000000000227e+02,2.783644614373265824e+00,7.227359288264503245e-01,1.851220957932101729e+00,6.383888419535168612e-01,9.595546161614716407e-01
2.177000000000000171e+02,2.783140053089258270e+00,7.239230197812601686e-01,1.853255965227083024e+00,6.392528429624276809e-01,9.605744956855697403e-01
2.178000000000000114e+02,2.785225728895857067e+00,7.252376574261386599e-01,1.856354307961444183e+00,6.406615643777002767e-01,9.623720438850900116e-01
2.179000000000000057e+02,2.789620424470709459e+00,7.268324620567967465e-01,1.859564543053324970e+00,6.422552302567325899e-01,9.637577009440945197e-01
2.180000000000000000e+02,2.790130961348899152e+00,7.278807516028855673e-01,1.862122648944760428e+00,6.435768593544756166e-01,9.650406127849283644e-01
2.181000000000000227e+02,2.791921194756454838e+00,7.286048334619850131e-01,1.863719902100973824e+00,6.443762603786148402e-01,9.661536126280600989e-01
2.182000000000000171e+02,2.791548261305606182e+00,7.293652346172920797e-01,1.864110986208825427e+00,6.444292420003914224e-01,9.655144303201723677e-01
2.183000000000000114e+02,2.791793934104751074e+00,7.294856206102990903e-01,1.863670966826568520e+00,6.444279939771263566e-01,9.654122274107860280e-01
2.184000000000000057e+02,2.791136787066180069e+00,7.286959148287758259e-01,1.862105422825593992e+00,6.437034087288661111e-01,9.649498417325435007e-01
2.185000000000000000e+02,2.791516201284400811e+00,7.277845341335876794e-01,1.860547697605663187e+00,6.423810192248841089e-01,9.638975142912651339e-01
2.186000000000000227e+02,2.791125841488045989e+00,7.264294903259317371e-01,1.859236968066382278e+00,6.409219572877248305e-01,9.621135468927878298e-01
2.187000000000000171e+02,2.789698911565610562e+00,7.256996013009596735e-01,1.857864876570126000e+00,6.397862395818566528e-01,9.615527625922343224e-01
2.188000000000000114e+02,2.787284957091960447e+00,7.249523155623008863e-01,1.857363372052150963e+00,6.381297603466651314e-01,9.599165054169038758e-01
2.189000000000000057e+02,2.785927831144761502e+00,7.233205318397387673e-01,1.855852470181784897e+00,6.359864812312043814e-01,9.585354205277236694e-01
2.190000000000000000e+02,2.785175521605352866e+00,7.213917935136612281e-01,1.853879177062870420e+00,6.331222470083843756e-01,9.552975207777284483e-01
2.191000000000000227e+02,2.786700963756433502e+00,7.200005716092782171e-01,1.852090457718067684e+00,6.306516620517572669e-01,9.522992375608754223e-01
2.192000000000000171e+02,2.788623783634951003e+00,7.186720862528790388e-01,1.851176900843752193e+00,6.285123677489578009e-01,9.498577652946922356e-01
2.193000000000000114e+02,2.786007239568317750e+00,7.176289171634733233e-01,1.851245558621790854e+00,6.266580392058169746e-01,9.480837289148087432e-01
2.194000000000000057e+02,2.786270205789056487e+00,7.172269812130985800e-01,1.851745638540046590e+00,6.256321220235918634e-01,9.466277677339394181e-01
2.195000000000000000e+02,2.788568364537560740e+00,7.168841732316184601e-01,1.852203779801944172e+00,6.252917622794341712e-01,9.473138662911773089e-01
2.196000000000000227e+02,2.790383886841894867e+00,7.166837524781181079e-01,1.853264380383245813e+00,6.246420825803675747e-01,9.458439956090718415e-01
2.197000000000000171e+02,2.791182921967475750e+00,7.165902345756473002e-01,1.853663568014758400e+00,6.247021885337937785e-01,9.455073627051842067e-01
2.198000000000000114e+02,2.789837777691079435e+00,7.165556966985543452e-01,1.852971600018162190e+00,6.247236230746335828e-01,9.454469657931506843e-01
2.199000000000000057e+02,2.787945288941112931e+00,7.166273033952175187e-01,1.853343663922643270e+00,6.251644668131300930e-01,9.463787604859570379e-01
2.200000000000000000e+02,2.787987128742831278e+00,7.176177923072248888e-01,1.855622764073114661e+00,6.255443891381530230e-01,9.473915317090483290e-01
2.201000000000000227e+02,2.789322974518855691e+00,7.186068180955774709e-01,1.857362373494607866e+00,6.256279016004158144e-01,9.476240605594599131e-01
2.202000000000000171e+02,2.790838594112377002e+00,7.191997293911326361e-01,1.859020166284241604e+00,6.262667075105446957e-01,9.479185938504393061e-01
2.203000000000000114e+02,2.792185553495464045e+00,7.199753991964787936e-01,1.860578567241744752e+00,6.269764448057931761e-01,9.481864394534089691e-01
2.204000000000000057e+02,2.795644163145139416e+00,7.214890838419454333e-01,1.862409376783420889e+00,6.285651036868630248e-01,9.501545676710813071e-01
2.205000000000000000e+02,2.796839599427078937e+00,7.228690032662302700e-01,1.863771093772836673e+00,6.294630387388028270e-01,9.510826262764182637e-01
2.206000000000000227e+02,2.798731375518447528e+00,7.240270202664983445e-01,1.865230964071288744e+00,6.296728330660259498e-01,9.514755628835928070e-01
2.207000000000000171e+02,2.800067841541995062e+00,7.245146043507204592e-01,1.866288887786251349e+00,6.284991677714674152e-01,9.507685638163136943e-01
2.208000000000000114e+02,2.796355446209398465e+00,7.240887664191637541e-01,1.866388771343182817e+00,6.285525311198583154e-01,9.495102419141364658e-01
2.209000000000000057e+02,2.796372425485587065e+00,7.234855308557541775e-01,1.866766760607045494e+00,6.283606901632446951e-01,9.502523234487281201e-01
2.210000000000000000e+02,2.796321529898472491e+00,7.227628703763219198e-01,1.866190975277291830e+00,6.284675279958477079e-01,9.500449398965240544e-01
2.211000000000000227e+02,2.795507437663923511e+00,7.227579517155049427e-01,1.866327261093474466e+00,6.288564914913810089e-01,9.512560341520635010e-01
2.212000000000000171e+02,2.795801126378171908e+00,7.233123585836553904e-01,1.867847240566259615e+00,6.289346042558187078e-01,9.517889165553420350e-01
2.213000000000000114e+02,2.797491869089526961e+00,7.244843071051522143e-01,1.870591387812417628e+00,6.295747602906245355e-01,9.528136933474664616e-01
2.214000000000000057e+02,2.801922720783153409e+00,7.254772149670438708e-01,1.871411107959234599e+00,6.296965385172960117e-01,9.530782203965724175e-01
2.215000000000000000e+02,2.805522403396019548e+00,7.260017284653379477e-01,1.871250353310692782e+00,6.298651953962135508e-01,9.533141454470394072e-01
2.216000000000000227e+02,2.808517864454631141e+00,7.261123568345212442e-01,1.871361632368207628e+00,6.300293485265116011e-01,9.537191768905280975e-01
2.217000000000000171e+02,2.808516529240519866e+00,7.260610542436423120e-01,1.873068836120901137e+00,6.298932294487257222e-01,9.539310939561764791e-01
2.218000000000000114e+02,2.811735049920448315e+00,7.257318489423260077e-01,1.874271160158273775e+00,6.295304970648473164e-01,9.535243133812956184e-01
2.219000000000000057e+02,2.815134962738091939e+00,7.254130499355908590e-01,1.875096912498488422e+00,6.290112394429197007e-01,9.528836319726715631e-01
2.220000000000000000e+02,2.817038034320550555e+00,7.251656740808606338e-01,1.876022876253707672e+00,6.290971854289624243e-01,9.536360561629427801e-01
2.221000000000000227e+02,2.819812780005054975e+00,7.246753957965185178e-01,1.876048542258041962e+00,6.283750111637955715e-01,9.529658448416550298e-01
2.222000000000000171e+02,2.822123864560520001e+00,7.248424722486056515e-01,1.875965946302839082e+00,6.286667739559556045e-01,9.530410168366501011e-01
2.223000000000000114e+02,2.823920855332516577e+00,7.257459456184147673e-01,1.877630675420698170e+00,6.294148661913907539e-01,9.533393109513181862e-01
2.224000000000000057e+02,2.827461364643885311e+00,7.266356347885951639e-01,1.879265922836393266e+00,6.309120447772605944e-01,9.549210724842781550e-01
2.225000000000000000e+02,2.828431987600349640e+00,7.272109642822696118e-01,1.880541230360527560e+00,6.316209145944987613e-01,9.551618550291420817e-01
2.226000000000000227e+02,2.829686973433621855e+00,7.277714224759951334e-01,1.882092471150533797e+00,6.316009119876486722e-01,9.551091370526610946e-01
2.227000000000000171e+02,2.832253668433606375e+00,7.286079785961083743e-01,1.884512775518948802e+00,6.315574780640630381e-01,9.552723275023905503e-01
2.228000000000000114e+02,2.830928604372633384e+00,7.290824096317242153e-01,1.885741488772624708e+00,6.313759475458970982e-01,9.551081617300869464e-01
2.229000000000000057e+02,2.832802427900517284e+00,7.294855227763449301e-01,1.886251520890136923e+00,6.311433740270183668e-01,9.544055934232560379e-01
2.230000000000000000e+02,2.835729309258679720e+00,7.295771471760628124e-01,1.886396291971240480e+00,6.308094273054670742e-01,9.549775286265919094e-01
2.231000000000000227e+02,2.838320304041080711e+00,7.295961512880164701e-01,1.887461166550374658e+00,6.311286655019882064e-01,9.551594815040873598e-01
2.232000000000000171e+02,2.842033090501101533e+00,7.293784331885954098e-01,1.888096318932576123e+00,6.314057390982511508e-01,9.554572776951747448e-01
2.233000000000000114e+02,2.843421035243851147e+00,7.287858252842053242e-01,1.888626303117559857e+00,6.313332804379796492e-01,9.560094416532157746e-01
2.234000000000000057e+02,2.844388041590823146e+00,7.279171080196473742e-01,1.888525544680719648e+00,6.315892198152738279e-01,9.563817556694359512e-01
2.235000000000000000e+02,2.844350652061526041e+00,7.272728223979973983e-01,1.888087067862044943e+00,6.304185518799713117e-01,9.560658406575377466e-01
2.236000000000000227e+02,2.845932870919870350e+00,7.271021586199674092e-01,1.889013237570591475e+00,6.300682274636670854e-01,9.560130515161245901e-01
2.237000000000000171e+02,2.850206546667557461e+00,7.273658274118043332e-01,1.890191287054236779e+00,6.304627465870056291e-01,9.560379876983504666e-01
2.238000000000000114e+02,2.851816014522212672e+00,7.284442743749044435e-01,1.891779511233288025e+00,6.309370250960804061e-01,9.566376250191926944e-01
2.239000000000000057e+02,2.852410690221341305e+00,7.298234634767352125e-01,1.894719952972975907e+00,6.306495184452279856e-01,9.565078476485247005e-01
2.240000000000000000e+02,2.853010555315453889e+00,7.315420060595322349e-01,1.897426521607668892e+00,6.309497880434992156e-01,9.573434105804966565e-01
2.241000000000000227e+02,2.856283183969971606e+00,7.331877879744731485e-01,1.899320799996687459e+00,6.306041183944772754e-01,9.568855198097543369e-01
2.242000000000000171e+02,2.861775382706860160e+00,7.341523930916158402e-01,1.901451516742482140e+00,6.306477990643145626e-01,9.577779981939887888e-01
2.243000000000000114e+02,2.864219093145703443e+00,7.349005275796230974e-01,1.903496113939692203e+00,6.310123034892104465e-01,9.580001296764010243e-01
2.244000000000000057e+02,2.867568621636459092e+00,7.354794102847462822e-01,1.905518027637763234e+00,6.317744107036616930e-01,9.587341941069582596e-01
2.245000000000000000e+02,2.868943563670002916e+00,7.359128117465287833e-01,1.906555157279642865e+00,6.318287201390153651e-01,9.589073478919121207e-01
2.246000000000000227e+02,2.873917142475606035e+00,7.365010713359469996e-01,1.909308579202188438e+00,6.323902069358531275e-01,9.596289372172879251e-01
2.247000000000000171e+02,2.878602626209107562e+00,7.376043765970584642e-01,1.912000163806367947e+00,6.325750295633205678e-01,9.604224307862506693e-01
2.248000000000000114e+02,2.879127369585166907e+00,7.382151471976792223e-01,1.912860211302988223e+00,6.325841819977610081e-01,9.605016867785577395e-01
2.249000000000000057e+02,2.879947823831768172e+00,7.379071856740935242e-01,1.912818847591778004e+00,6.320234496913809119e-01,9.599817864393229705e-01
2.250000000000000000e+02,2.879871950067570907e+00,7.374136067922898441e-01,1.912605434386273284e+00,6.314256435116071264e-01,9.592056667598962694e-01
2.251000000000000227e+02,2.882146296359824778e+00,7.368485082292439703e-01,1.912288007257071820e+00,6.306971190144970985e-01,9.587863360738018148e-01
2.252000000000000171e+02,2.882583719415787282e+00,7.364539835387164946e-01,1.911737709954423936e+00,6.302954898830649411e-01,9.576308709956194987e-01
2.253000000000000114e+02,2.883633700487822527e+00,7.363822302206711745e-01,1.910572083521175912e+00,6.297983457742161173e-01,9.574826052515512664e-01
2.254000000000000057e+02,2.885364881610901211e+00,7.362448472204046190e-01,1.910411351778259936e+00,6.295501503399701937e-01,9.577527031421003700e-01
2.255000000000000000e+02,2.889531360040896946e+00,7.359557037624888665e-01,1.911387056155488207e+00,6.292298972798798795e-01,9.577528716491888749e-01
2.256000000000000227e+02,2.892825175714892172e+00,7.355970914474927458e-01,1.912437923627626990e+00,6.297812482058114947e-01,9.585885633551184393e-01
2.257000000000000171e+02,2.894641847851534333e+00,7.352145083976772133e-01,1.912984776454294211e+00,6.302692185164112670e-01,9.591505043997645696e-01
2.258000000000000114e+02,2.898407053438007974e+00,7.362041727900536792e-01,1.913408498833551796e+00,6.310391796323292501e-01,9.589655590147546649e-01
2.259000000000000057e+02,2.902234456296637344e+00,7.374101844803450101e-01,1.914110183257862197e+00,6.316991714668022118e-01,9.579516353422884434e-01
2.260000000000000000e+02,2.901371277120569303e+00,7.382621506905118203e-01,1.915310440808789316e+00,6.327403232154893420e-01,9.588261295632776182e-01
2.261000000000000227e+02,2.905222855105406676e+00,7.396475257683281512e-01,1.918373208618739278e+00,6.342977520696869709e-01,9.599837174144555396e-01
2.262000000000000171e+02,2.909856411525273856e+00,7.406250991001962491e-01,1.920349665503562120e+00,6.358445419987127645e-01,9.613211312902020245e-01
2.263000000000000114e+02,2.913051213608351730e+00,7.417637533949595907e-01,1.922646250222988629e+00,6.369131806196862700e-01,9.629082212110199324e-01
2.264000000000000057e+02,2.917650535405424517e+00,7.426976178444565369e-01,1.924669438000539801e+00,6.369212150605989553e-01,9.626564149977369089e-01
2.265000000000000000e+02,2.922583489292405190e+00,7.430119359767981546e-01,1.926343151546343169e+00,6.374546372783735926e-01,9.626167034909078879e-01
2.266000000000000227e+02,2.926294080396935282e+00,7.430712513039589018e-01,1.926970968766065884e+00,6.370104683888865305e-01,9.628648061344005082e-01
2.267000000000000171e+02,2.928599820576954560e+00,7.424707489556564566e-01,1.926377541113343028e+00,6.364888902337132448e-01,9.616918075218654494e-01
2.268000000000000114e+02,2.931091641351123656e+00,7.417525823078808811e-01,1.925827786488607973e+00,6.358930264505318064e-01,9.614318203630026760e-01
2.269000000000000057e+02,2.933530583412267578e+00,7.412321869492275450e-01,1.925741679489384683e+00,6.352715410537178586e-01,9.607023086847830129e-01
2.270000000000000000e+02,2.935050248972832065e+00,7.411788860494777920e-01,1.926457325593505354e+00,6.349584296162007480e-01,9.603369551059675047e-01
2.271000000000000227e+02,2.935637120231638253e+00,7.413360786299666438e-01,1.927326725959347620e+00,6.344278297538321620e-01,9.600695208064264907e-01
2.272000000000000171e+02,2.939170979427925268e+00,7.418791504416982763e-01,1.928622669875827533e+00,6.342739346994650251e-01,9.602391996622827719e-01
2.273000000000000114e+02,2.945140500490418312e+00,7.428487222448395544e-01,1.931601321842503438e+00,6.339331921035600281e-01,9.605272267635522887e-01
2.274000000000000057e+02,2.947962904420404762e+00,7.434362774789406991e-01,1.935420796910965358e+00,6.348694820988990406e-01,9.623913036178930458e-01
2.275000000000000000e+02,2.951837846872806814e+00,7.432312519915308391e-01,1.938513768357312816e+00,6.351195896099188776e-01,9.622499049852296649e-01
2.276000000000000227e+02,2.954496232876153261e+00,7.425013519399407125e-01,1.938568646601935841e+00,6.358812483067062260e-01,9.633770084987021143e-01
2.277000000000000171e+02,2.957923453706297945e+00,7.426052231813905502e-01,1.937678950935185052e+00,6.370965849049772256e-01,9.638378785570005380e-01
2.278000000000000114e+02,2.961706066687819217e+00,7.438901747596211589e-01,1.937944241392876910e+00,6.391792166793174301e-01,9.659041016391778367e-01
2.279000000000000057e+02,2.963081831227324603e+00,7.454422332354458947e-01,1.938492946879740719e+00,6.406695226079399674e-01,9.674960896363249407e-01
2.280000000000000000e+02,2.965179368063624921e+00,7.473221632821980265e-01,1.940148366457327356e+00,6.410292767017952142e-01,9.676046471921061487e-01
2.281000000000000227e+02,2.965291567921768845e+00,7.487647717077773324e-01,1.941783369271828708e+00,6.416911834840435258e-01,9.682709752805942482e-01
2.282000000000000171e+02,2.967347077845907677e+00,7.504451219637447990e-01,1.945165120797527569e+00,6.425291699759003716e-01,9.693514876953684967e-01
2.283000000000000114e+02,2.967237926735139641e+00,7.522582105773296668e-01,1.948144952140563380e+00,6.429299097495666526e-01,9.700081650373986175e-01
2.284000000000000057e+02,2.969362280719257008e+00,7.529680246317929093e-01,1.950348559920807023e+00,6.432296134956635436e-01,9.699017702385541728e-01
2.285000000000000000e+02,2.970840585588053084e+00,7.536836264028812238e-01,1.952054664813181128e+00,6.432551641626909067e-01,9.695471607573461492e-01
2.286000000000000227e+02,2.972326443706953203e+00,7.539997788744206009e-01,1.952564870637718775e+00,6.431549252477589684e-01,9.694782139959706724e-01
2.287000000000000171e+02,2.973724354630324918e+00,7.535476791901871696e-01,1.953081722920011254e+00,6.429971700662834300e-01,9.684077237652035652e-01
2.288000000000000114e+02,2.974160482824736107e+00,7.529679940233628965e-01,1.953934242782427555e+00,6.428036679905867468e-01,9.684697592081111805e-01
2.289000000000000057e+02,2.972181364489155708e+00,7.516588416217275803e-01,1.953314097512671932e+00,6.416869098338213728e-01,9.678776004267964916e-01
2.290000000000000000e+02,2.971110144052761637e+00,7.503846444147217465e-01,1.952149290379596724e+00,6.395566444937940132e-01,9.656900477641425784e-01
2.291000000000000227e+02,2.970183628725260760e+00,7.491361048796906230e-01,1.951055745208335690e+00,6.372853926179603556e-01,9.634744303263442777e-01
2.292000000000000171e+02,2.970313629386901688e+00,7.469692593967731664e-01,1.950092394625460024e+00,6.360769974959801232e-01,9.627236734242753391e-01
2.293000000000000114e+02,2.971519529830524586e+00,7.451902176680924583e-01,1.949631266763472315e+00,6.357211030668494800e-01,9.624953729539084124e-01
2.294000000000000057e+02,2.971663218316123345e+00,7.440955315089876621e-01,1.949057447077282346e+00,6.359380946183144090e-01,9.619053471170171399e-01
2.295000000000000000e+02,2.974805029322615813e+00,7.436391952444416642e-01,1.949265518981626588e+00,6.360514418677065684e-01,9.627242491237538724e-01
2.296000000000000227e+02,2.979341291412574311e+00,7.436768569409654139e-01,1.950321735430186498e+00,6.363905552915019026e-01,9.641073050340311923e-01
2.297000000000000171e+02,2.980655170140048327e+00,7.440749528645181909e-01,1.951286900890998766e+00,6.375517357107783889e-01,9.655566581149520600e-01
2.298000000000000114e+02,2.983973660281935114e+00,7.453411707487617166e-01,1.954446453088046987e+00,6.390098181222102491e-01,9.669077702064433621e-01
2.299000000000000057e+02,2.989375069043951338e+00,7.468568710240059971e-01,1.958779310892154513e+00,6.403704122709471536e-01,9.691740741173133777e-01
2.300000000000000000e+02,2.993790854691680270e+00,7.489620337014185614e-01,1.962178757735307144e+00,6.413603023356919675e-01,9.702773116120978480e-01
2.301000000000000227e+02,2.999210663794820153e+00,7.513553724836474768e-01,1.964030384849048128e+00,6.423066260145148254e-01,9.711469716729200785e-01
2.302000000000000171e+02,3.000351023987366084e+00,7.533555435271772627e-01,1.965935099777990525e+00,6.430119414347401641e-01,9.712051561244097186e-01
2.303000000000000114e+02,3.004422526905449864e+00,7.557284825610621759e-01,1.969767953234181190e+00,6.440954481045848556e-01,9.719872452714852784e-01
2.304000000000000057e+02,3.007445386112744146e+00,7.577051313540021926e-01,1.973945661363830650e+00,6.451048069231392068e-01,9.728820279176916275e-01
2.305000000000000000e+02,3.009164037665636116e+00,7.595476775125332702e-01,1.977410283738294972e+00,6.460093071907185847e-01,9.738236758315654829e-01
2.306000000000000227e+02,3.011937370430540550e+00,7.605740723761031941e-01,1.978550453288931310e+00,6.466531064108814730e-01,9.738980595053752243e-01
2.307000000000000171e+02,3.014051192408183422e+00,7.612195818404237091e-01,1.980115360869219465e+00,6.469205719757522566e-01,9.745356996916209047e-01
2.308000000000000114e+02,3.016704226617408668e+00,7.619081223717234508e-01,1.982491256975324134e+00,6.473507563738212234e-01,9.756943191744711363e-01
2.309000000000000057e+02,3.019224670802347354e+00,7.619152882140969307e-01,1.982651530509318638e+00,6.475807588514511659e-01,9.763188260700712551e-01
2.310000000000000000e+02,3.022447847531659182e+00,7.617558077375280456e-01,1.982992816329505192e+00,6.486050281140529616e-01,9.773579184329622693e-01
2.311000000000000227e+02,3.024804327532505610e+00,7.608925490540828784e-01,1.982431308757232724e+00,6.494468210292376753e-01,9.773115925294072470e-01
2.312000000000000171e+02,3.027456279392523264e+00,7.601546903797847810e-01,1.981766371254735759e+00,6.497872648705638188e-01,9.767408980620614356e-01
2.313000000000000114e+02,3.027861242313631074e+00,7.596535586433655896e-01,1.981116376609517227e+00,6.496554916313246331e-01,9.760055785065500089e-01
2.314000000000000057e+02,3.029884022807050936e+00,7.599672127718699599e-01,1.981272337237176329e+00,6.496599698511018595e-01,9.765018572749117887e-01
2.315000000000000000e+02,3.033899240564673416e+00,7.611373628477646758e-01,1.982410854008037182e+00,6.496497631502916592e-01,9.772980663595230988e-01
2.316000000000000227e+02,3.037058271769766726e+00,7.622934385196614704e-01,1.984201728677401411e+00,6.500761892283919430e-01,9.780211640339498969e-01
2.317000000000000171e+02,3.041647125320761536e+00,7.633811293332877224e-01,1.986202421471874313e+00,6.510772019727613102e-01,9.796292173201437414e-01
2.318000000000000114e+02,3.043883407915282113e+00,7.648251029918242683e-01,1.988415492524966632e+00,6.513169482674939781e-01,9.804364163908356744e-01
2.319000000000000057e+02,3.042673581285399109e+00,7.666579118975670459e-01,1.990982050504446432e+00,6.528755977960146728e-01,9.822135655748841510e-01
2.320000000000000000e+02,3.046207112997953992e+00,7.686615100018837632e-01,1.993215502512992066e+00,6.545046457711921617e-01,9.836117402318425018e-01
2.321000000000000227e+02,3.049775307755450804e+00,7.704743395184995292e-01,1.994190101000253845e+00,6.555722102444698773e-01,9.851488188863791740e-01
2.322000000000000171e+02,3.050986177221776785e+00,7.714373502081880440e-01,1.994527639357498883e+00,6.566829755117600254e-01,9.866143125482162990e-01
2.323000000000000114e+02,3.055666349155068406e+00,7.713761692427737460e-01,1.994620691286259184e+00,6.571402473895365803e-01,9.870565372864180675e-01
2.324000000000000057e+02,3.057345111215948652e+00,7.707549455118777315e-01,1.994750964990656961e+00,6.573398033071189417e-01,9.876854392972399532e-01
2.325000000000000000e+02,3.058639423618646713e+00,7.699251294420290659e-01,1.993295111693433874e+00,6.575663300157073010e-01,9.871824410647840331e-01
2.326000000000000227e+02,3.061606688571341106e+00,7.694920950366386236e-01,1.991909082442074208e+00,6.572922748158925854e-01,9.873827985931742379e-01
2.327000000000000171e+02,3.063527110949396004e+00,7.683804102248407153e-01,1.990618303768284525e+00,6.565931588874907021e-01,9.865731206794774444e-01
2.328000000000000114e+02,3.067459208286836603e+00,7.665139014058680589e-01,1.989414201297778906e+00,6.558090026725195143e-01,9.851854643531822164e-01
2.329000000000000057e+02,3.069339297987333293e+00,7.651798384918890861e-01,1.989421555443677603e+00,6.553138624788623634e-01,9.851338070999957619e-01
2.330000000000000000e+02,3.073832528113646045e+00,7.638158443927500763e-01,1.988627814847912401e+00,6.544155778613501839e-01,9.835096474496062280e-01
2.331000000000000227e+02,3.076812158385970442e+00,7.624290413593985960e-01,1.988277428408749659e+00,6.528338818307788394e-01,9.819572913518047619e-01
2.332000000000000171e+02,3.081258335304332796e+00,7.619069851105311209e-01,1.988368090312089498e+00,6.513174122180508396e-01,9.801453910689265081e-01
2.333000000000000114e+02,3.084646227394833851e+00,7.619825007268303807e-01,1.988532097603281423e+00,6.500512622629867066e-01,9.790364614124105191e-01
2.334000000000000057e+02,3.087337489569626836e+00,7.630372734571565507e-01,1.989345732757722196e+00,6.489360018085517101e-01,9.781771054434965640e-01
2.335000000000000000e+02,3.089246536953175415e+00,7.651542377510351933e-01,1.992019651854594287e+00,6.484279696963086703e-01,9.777863531398732766e-01
2.336000000000000227e+02,3.090613460447356964e+00,7.672785806150347332e-01,1.994535818147144646e+00,6.478311088958023101e-01,9.778392196060136099e-01
2.337000000000000171e+02,3.094673129750152629e+00,7.686170114223919159e-01,1.996698596460069197e+00,6.487895907334876311e-01,9.781336342598033751e-01
2.338000000000000114e+02,3.096413060901595404e+00,7.699078561250068953e-01,1.998353215346934997e+00,6.494105821016340485e-01,9.787833791642001069e-01
2.339000000000000057e+02,3.099061572292933775e+00,7.713199099004467429e-01,2.000145555365219430e+00,6.508877409062830965e-01,9.799492625919401512e-01
2.340000000000000000e+02,3.101164835455147539e+00,7.720134956410095173e-01,2.001967701408449596e+00,6.521310015549127703e-01,9.809345850896762364e-01
2.341000000000000227e+02,3.104700818204043422e+00,7.721103028717412053e-01,2.004101476395936388e+00,6.529429322686487458e-01,9.818406561690414813e-01
2.342000000000000171e+02,3.107280069103979248e+00,7.724249690004996172e-01,2.005065941120062423e+00,6.534760170778721733e-01,9.830328121131879371e-01
2.343000000000000114e+02,3.109313455869967324e+00,7.730866658822335147e-01,2.004686576763090144e+00,6.537178618458777679e-01,9.831260304865080402e-01
2.344000000000000057e+02,3.108713657606576586e+00,7.742802947370522881e-01,2.004458680542562377e+00,6.549176222656780677e-01,9.849855175455137779e-01
2.345000000000000000e+02,3.114374502764921449e+00,7.755490427646419827e-01,2.003765556056329888e+00,6.569311183510530006e-01,9.870051594468236544e-01
2.346000000000000227e+02,3.118224897514044525e+00,7.765557803265696890e-01,2.004491719455742338e+00,6.584079080790251615e-01,9.881101329424634150e-01
2.347000000000000171e+02,3.119606331490828666e+00,7.777044314023358051e-01,2.006111650833795057e+00,6.602184892469831201e-01,9.903197418081898240e-01
2.348000000000000114e+02,3.121121151569679064e+00,7.784881174692155348e-01,2.007062341021264906e+00,6.605524976316876629e-01,9.906349246273086218e-01
2.349000000000000057e+02,3.123601055868260978e+00,7.797510214714417076e-01,2.007903004221211596e+00,6.619575734365454878e-01,9.917723788025206710e-01
2.350000000000000000e+02,3.126232247499929340e+00,7.804261474213345373e-01,2.009611176387734233e+00,6.628453834969195713e-01,9.930871096595845771e-01
2.351000000000000227e+02,3.129346531920380148e+00,7.796606664595223668e-01,2.009510920516637267e+00,6.631350125970049136e-01,9.928144880606406542e-01
2.352000000000000171e+02,3.127990772919485352e+00,7.792277251639296853e-01,2.010819965235618678e+00,6.619060382706772883e-01,9.917156624127310138e-01
2.353000000000000114e+02,3.130094946140619339e+00,7.784665120414309136e-01,2.011727266312778539e+00,6.607480517082671145e-01,9.906920964220609083e-01
2.354000000000000057e+02,3.131100839009151926e+00,7.773118697970803348e-01,2.011907231629914694e+00,6.591428696653220953e-01,9.889119605318446027e-01
2.355000000000000000e+02,3.133318476315224643e+00,7.765463149529781006e-01,2.012328175106445016e+00,6.574732052070270116e-01,9.880231150790758088e-01
2.356000000000000227e+02,3.136474301266085618e+00,7.761956930275347721e-01,2.013794766403457004e+00,6.563838084428724740e-01,9.868970339968771155e-01
2.357000000000000171e+02,3.136448202360857085e+00,7.763041416124052407e-01,2.014645724330969667e+00,6.551283395603751947e-01,9.861981230014985611e-01
2.358000000000000114e+02,3.139231892053527595e+00,7.763210279266896663e-01,2.014475220057234672e+00,6.540722943209016371e-01,9.850818718398418605e-01
2.359000000000000057e+02,3.140590183542620650e+00,7.763921222837800729e-01,2.014387642406161305e+00,6.540244904302026097e-01,9.860163221194029326e-01
2.360000000000000000e+02,3.145972902934555115e+00,7.775769948422425193e-01,2.015487323498697414e+00,6.543847067551823438e-01,9.864707399118907150e-01
2.361000000000000227e+02,3.148919325585738171e+00,7.796420243666584149e-01,2.017718444167713621e+00,6.550056154245205153e-01,9.879797889929161636e-01
2.362000000000000171e+02,3.152721008560620763e+00,7.812629686993862732e-01,2.020850001193053913e+00,6.559504404138030154e-01,9.890713970649656073e-01
2.363000000000000114e+02,3.152247295655356663e+00,7.826747380407929056e-01,2.023712054050438969e+00,6.567733218804295836e-01,9.903969653323430045e-01
2.364000000000000057e+02,3.153291980157641117e+00,7.832175673193677579e-01,2.024800690408047554e+00,6.574717595699155481e-01,9.909238594269624834e-01
2.365000000000000000e+02,3.152824116805875931e+00,7.831226675304410190e-01,2.024670053942952741e+00,6.578486072455609346e-01,9.916831527972763682e-01
2.366000000000000227e+02,3.154625771658231326e+00,7.827502117264160120e-01,2.024263025572350827e+00,6.577956086045841921e-01,9.916478585906524090e-01
2.367000000000000171e+02,3.157872927574735034e+00,7.824194103396822086e-01,2.023951377798623330e+00,6.581933553064354125e-01,9.914516594957414330e-01
2.368000000000000114e+02,3.160973928322056814e+00,7.828527061621024519e-01,2.023505655787600777e+00,6.588954710276857529e-01,9.917835806615435956e-01
2.369000000000000057e+02,3.165475795134276016e+00,7.838284842669438479e-01,2.024589799549816327e+00,6.597238909397027395e-01,9.923168789784743149e-01
2.370000000000000000e+02,3.169532819420184833e+00,7.854798920001685447e-01,2.026752994680208086e+00,6.612170496616487370e-01,9.936186566447382518e-01
2.371000000000000227e+02,3.171880240592745537e+00,7.871440604698952681e-01,2.028676811365822008e+00,6.626558576038638071e-01,9.950858112406505418e-01
2.372000000000000171e+02,3.172652106708452102e+00,7.887819375251382548e-01,2.030414116594352336e+00,6.640847566622694043e-01,9.962542015684244801e-01
2.373000000000000114e+02,3.175273375972342826e+00,7.900723595670217092e-01,2.031722090152306315e+00,6.648683357134298477e-01,9.970438736863986851e-01
2.374000000000000057e+02,3.175908596135903483e+00,7.909544731520539163e-01,2.033397930307474510e+00,6.649194444029348228e-01,9.968518678278289746e-01
2.375000000000000000e+02,3.175731948809763061e+00,7.917235403063752619e-01,2.036000012875412768e+00,6.649037023745012487e-01,9.968006576483743331e-01
2.376000000000000227e+02,3.177063771649256907e+00,7.930991949813153141e-01,2.039736513232436543e+00,6.645891617310512034e-01,9.958719491332627127e-01
2.377000000000000171e+02,3.180180213134943479e+00,7.953969942352890898e-01,2.043838790065537037e+00,6.647481595579571856e-01,9.956823165491252015e-01
2.378000000000000114e+02,3.182336398937534394e+00,7.980844423940328669e-01,2.047942526896473492e+00,6.651367355274138138e-01,9.954848227349921697e-01
2.379000000000000057e+02,3.185468591631225532e+00,8.001418360557209786e-01,2.050023166986463696e+00,6.647818875777575798e-01,9.960419079486613203e-01
2.380000000000000000e+02,3.187801309119405957e+00,8.013068753846809278e-01,2.050893435619038918e+00,6.641635747485367114e-01,9.949799011421324169e-01
2.381000000000000227e+02,3.190186452417243856e+00,8.013283009357909936e-01,2.052184060371508245e+00,6.631667097624862617e-01,9.946718482598696509e-01
2.382000000000000171e+02,3.188400489671737947e+00,8.004165764166134567e-01,2.052763819916203047e+00,6.632008515812043425e-01,9.954390580355746421e-01
2.383000000000000114e+02,3.188877337129300216e+00,7.988950961295633313e-01,2.052628565279481787e+00,6.625947661237333586e-01,9.944998619131881767e-01
2.384000000000000057e+02,3.192267196380194960e+00,7.971136702221330861e-01,2.051971867343254985e+00,6.626144497409077738e-01,9.945934939330214331e-01
2.385000000000000000e+02,3.195059952628215516e+00,7.954084837812971376e-01,2.050529985091810836e+00,6.629936428044331809e-01,9.944645857810913148e-01
2.386000000000000227e+02,3.196089679739471556e+00,7.943758701979084513e-01,2.048729777297282784e+00,6.632296623466670260e-01,9.949045331305005346e-01
2.387000000000000171e+02,3.197160623388670686e+00,7.936364200365200183e-01,2.046644454972678329e+00,6.637565818434276732e-01,9.949104140998814572e-01
2.388000000000000114e+02,3.196866698091511694e+00,7.921172202172456211e-01,2.043830917620595322e+00,6.636174635908109742e-01,9.943328535199130735e-01
2.389000000000000057e+02,3.200812420109985457e+00,7.912613394585967797e-01,2.042450854831853846e+00,6.628220559688332569e-01,9.939857830843875641e-01
2.390000000000000000e+02,3.199482731458210161e+00,7.910237680919322001e-01,2.041716074438923112e+00,6.625062117769066061e-01,9.936026545417599998e-01
2.391000000000000227e+02,3.200365690943705488e+00,7.909700194664506245e-01,2.041558912328112818e+00,6.613358653689529465e-01,9.923888943381788952e-01
2.392000000000000171e+02,3.201298092335402412e+00,7.913254558652502713e-01,2.042420815034856840e+00,6.607923275748756042e-01,9.910527577899376217e-01
2.393000000000000114e+02,3.201771539873868644e+00,7.919371751415247296e-01,2.042930255517359850e+00,6.604330296584512983e-01,9.900538363213663429e-01
2.394000000000000057e+02,3.201047400875333349e+00,7.926802441257990717e-01,2.042892626015844648e+00,6.605835598006949416e-01,9.893801009942022606e-01
2.395000000000000000e+02,3.205035394558077844e+00,7.938146086739008567e-01,2.043168238734869746e+00,6.618735573709620956e-01,9.911725095298655752e-01
2.396000000000000227e+02,3.207004392388215663e+00,7.949686950477257152e-01,2.045239895416152365e+00,6.626930509221958809e-01,9.918163688274542755e-01
2.397000000000000171e+02,3.206722647441179852e+00,7.954750020032982372e-01,2.047306932337158436e+00,6.629026804778540560e-01,9.926415623852061776e-01
2.398000000000000114e+02,3.209098480345094817e+00,7.958759876766562380e-01,2.048244086082984250e+00,6.626509966636456861e-01,9.923616244790406382e-01
2.399000000000000057e+02,3.209388056909255216e+00,7.964517735546773336e-01,2.049485480641334068e+00,6.626080008420138778e-01,9.927795992890900978e-01
2.400000000000000000e+02,3.210561366569847142e+00,7.968013708560918174e-01,2.050228626956597022e+00,6.631520380953631610e-01,9.931069403890749880e-01
2.401000000000000227e+02,3.214120999377865662e+00,7.982093362509529166e-01,2.051643422838741238e+00,6.640396494716048759e-01,9.945974489842754895e-01
2.402000000000000171e+02,3.219330705436056927e+00,7.998112001320926145e-01,2.053620369294578474e+00,6.656239490777268175e-01,9.968420526831387463e-01
2.403000000000000114e+02,3.220839614403279594e+00,8.015032367506792488e-01,2.055297830364315903e+00,6.670629503708445096e-01,9.988297827243157734e-01
2.404000000000000057e+02,3.224494082168553710e+00,8.033383747579281309e-01,2.058508983876516929e+00,6.696533045176994436e-01,1.002876602744072088e+00
2.405000000000000000e+02,3.228585118735115778e+00,8.059433288515309712e-01,2.062970568343355016e+00,6.723656878469546072e-01,1.006651213702240089e+00
2.406000000000000227e+02,3.234539477627508930e+00,8.091311601356795391e-01,2.067978083874901785e+00,6.750625184611276364e-01,1.009571074510718702e+00
2.407000000000000171e+02,3.239104409014727626e+00,8.126037069940178492e-01,2.073331327559482240e+00,6.776670572148392191e-01,1.012234844803841849e+00
2.408000000000000114e+02,3.243088240501038388e+00,8.159795562728873186e-01,2.077950018076190286e+00,6.802885888184608820e-01,1.015564820695843862e+00
2.409000000000000057e+02,3.242223595682403925e+00,8.184086996250836687e-01,2.080656871490461413e+00,6.821548634776970488e-01,1.018197311505304681e+00
2.410000000000000000e+02,3.243524970128349061e+00,8.202112874633986639e-01,2.082284454107424576e+00,6.837067636301658036e-01,1.020605558221075126e+00
2.411000000000000227e+02,3.246540857213955356e+00,8.212863810329918968e-01,2.083170253917791204e+00,6.852427505417458820e-01,1.022282471422216288e+00
2.412000000000000171e+02,3.246254537622729863e+00,8.218650595199208375e-01,2.084746920121064662e+00,6.861319801402915308e-01,1.023477896763282491e+00
2.413000000000000114e+02,3.251083594656190900e+00,8.224614327070460806e-01,2.086533978058682681e+00,6.871259744699541594e-01,1.023171684916344804e+00
2.414000000000000057e+02,3.252027741839626618e+00,8.233376204231460660e-01,2.089785036980447153e+00,6.882725599832490992e-01,1.025019420968739547e+00
2.415000000000000000e+02,3.253686998907777905e+00,8.242393146207132038e-01,2.091965132955820206e+00,6.889904056912949937e-01,1.026258921452097184e+00
2.416000000000000227e+02,3.255855029261535361e+00,8.249345670579578682e-01,2.095270485131863314e+00,6.892786256995760974e-01,1.026173269116537723e+00
2.417000000000000171e+02,3.254732963600807771e+00,8.249881506263635478e-01,2.097891579944322515e+00,6.892928527392414573e-01,1.025924590528017877e+00
2.418000000000000114e+02,3.257159328618504990e+00,8.244879937214745214e-01,2.099985631056351387e+00,6.885453990675282077e-01,1.025251500116025616e+00
2.419000000000000057e+02,3.254447546044921591e+00,8.232898638158190341e-01,2.100477914709153460e+00,6.879014806629385470e-01,1.023608516823349079e+00
2.420000000000000000e+02,3.255998642068524518e+00,8.209804932685959011e-01,2.099237889950223757e+00,6.863552572243539762e-01,1.021609125567227272e+00
2.421000000000000227e+02,3.256436750396761948e+00,8.178138149575182592e-01,2.094992977427038827e+00,6.840579747770885177e-01,1.018605703792152095e+00
2.422000000000000171e+02,3.257817362937676986e+00,8.147413767598653545e-01,2.091077212766500271e+00,6.821838235407448048e-01,1.015969143292559718e+00
2.423000000000000114e+02,3.255188881512122379e+00,8.121544442876025283e-01,2.087374000949625774e+00,6.806395362159372020e-01,1.013382606761176863e+00
2.424000000000000057e+02,3.255931143947232709e+00,8.105264672456471420e-01,2.085206076658601582e+00,6.803873062864070898e-01,1.011907098966986940e+00
2.425000000000000000e+02,3.253521704274611626e+00,8.094214861982814702e-01,2.084833650141852956e+00,6.805520302708936153e-01,1.011594893206904988e+00
2.426000000000000227e+02,3.253269064458773840e+00,8.084545886523198943e-01,2.084884461498337949e+00,6.811749937136919453e-01,1.012751902494265721e+00
2.427000000000000171e+02,3.252030917405769994e+00,8.084957852302268044e-01,2.085216537526584091e+00,6.827131635103169671e-01,1.014657966417147561e+00
2.428000000000000114e+02,3.249747191726257700e+00,8.086745352435622536e-01,2.084191249635905407e+00,6.838596616336929390e-01,1.015587666948772450e+00
2.429000000000000057e+02,3.247242439118798618e+00,8.092205585668106327e-01,2.084196561131431036e+00,6.852351823819651244e-01,1.016716463439866880e+00
2.430000000000000000e+02,3.251189220040377581e+00,8.106052910552444812e-01,2.085667622620171358e+00,6.870054117288429962e-01,1.018222677576355872e+00
2.431000000000000227e+02,3.253552483720408173e+00,8.132743966614410791e-01,2.088913700780155924e+00,6.894382307781142805e-01,1.020404810255359118e+00
2.432000000000000171e+02,3.256937142211199010e+00,8.171598882787838303e-01,2.095511448557071166e+00,6.939302809933816096e-01,1.025143196933797407e+00
2.433000000000000114e+02,3.261336927429712151e+00,8.216570418460454883e-01,2.103014434927485965e+00,6.988716045845687619e-01,1.031191045545717611e+00
2.434000000000000057e+02,3.264830370783857738e+00,8.256080012681769054e-01,2.108108734380282012e+00,7.039731261667057094e-01,1.036946114978899436e+00
2.435000000000000000e+02,3.268465908962769007e+00,8.284761337551020954e-01,2.110516878136101226e+00,7.080870056443036020e-01,1.040898296586319827e+00
2.436000000000000227e+02,3.269892280647151317e+00,8.307483881424216898e-01,2.112924197364388412e+00,7.118327411727646270e-01,1.044202720234633786e+00
2.437000000000000171e+02,3.268824082321332369e+00,8.324118498365398189e-01,2.116215917257341150e+00,7.147393042400446150e-01,1.047591024223937906e+00
2.438000000000000114e+02,3.276544415921084585e+00,8.336353796935221938e-01,2.119374356340433252e+00,7.171851784823310982e-01,1.050723651722648366e+00
2.439000000000000057e+02,3.283171741192393966e+00,8.345157751112520783e-01,2.123248012193058365e+00,7.195921913252156799e-01,1.054679217115742862e+00
2.440000000000000000e+02,3.286668707988684712e+00,8.355780992797688933e-01,2.125762023768344555e+00,7.215334855981683226e-01,1.055756480341075276e+00
2.441000000000000227e+02,3.288396516986252127e+00,8.372343798999669628e-01,2.127998152246814545e+00,7.235842745328056047e-01,1.057980998685442486e+00
2.442000000000000171e+02,3.291498588244811785e+00,8.390624021956626377e-01,2.130699521134004737e+00,7.249211006894110687e-01,1.058806406089022989e+00
2.443000000000000114e+02,3.293218598098166083e+00,8.408422818573725310e-01,2.132710085201932948e+00,7.261245669334153163e-01,1.059090720516229434e+00
2.444000000000000057e+02,3.297816577703838625e+00,8.419861121754231847e-01,2.134732380529333007e+00,7.280255326309514885e-01,1.061460353546945123e+00
2.445000000000000000e+02,3.297236587369186900e+00,8.427205632554286563e-01,2.135918133833179411e+00,7.290736260842319849e-01,1.062561609383945616e+00
2.446000000000000227e+02,3.299092485859220769e+00,8.425653764416281000e-01,2.136805394374808209e+00,7.285986319864957705e-01,1.060794895593310638e+00
2.447000000000000171e+02,3.304570466981348265e+00,8.419284846320037596e-01,2.139364024630652228e+00,7.271977982051385236e-01,1.059140310610902747e+00
2.448000000000000114e+02,3.303819526318480637e+00,8.404513172485028605e-01,2.139865969944405588e+00,7.256659777666185640e-01,1.058691437542798930e+00
2.449000000000000057e+02,3.306578356555999854e+00,8.387572515743999535e-01,2.137534188454385475e+00,7.247922206436905324e-01,1.057722267793463899e+00
2.450000000000000000e+02,3.307756993526924649e+00,8.377760434091363617e-01,2.135891682842179229e+00,7.250630682821173068e-01,1.058534635383142630e+00
2.451000000000000227e+02,3.309613881922293555e+00,8.363979935322664039e-01,2.134007468985731126e+00,7.259338089395840354e-01,1.058992690638817624e+00
2.452000000000000171e+02,3.305156795134168490e+00,8.344617853611211444e-01,2.131543504525446053e+00,7.264764453028207392e-01,1.060063558473271161e+00
2.453000000000000114e+02,3.302988966664850867e+00,8.319822134623072740e-01,2.129035419945889629e+00,7.263721968582991240e-01,1.059971049134810217e+00
2.454000000000000057e+02,3.299491876542467672e+00,8.295367390353239889e-01,2.126467408524290725e+00,7.256901557507607903e-01,1.059077760822366487e+00
2.455000000000000000e+02,3.297154705572114430e+00,8.266541528806743422e-01,2.124837791598946257e+00,7.249418394543499788e-01,1.058000920270684819e+00
2.456000000000000227e+02,3.295601533719598741e+00,8.246923914335851924e-01,2.124530680085627843e+00,7.232860427458805974e-01,1.056961942285442602e+00
2.457000000000000171e+02,3.298350361664287078e+00,8.231666258460162977e-01,2.125440586197663961e+00,7.222550998710208781e-01,1.056208547895399308e+00
2.458000000000000114e+02,3.299156849903855715e+00,8.226164538764449974e-01,2.126890432987291746e+00,7.214541242329182147e-01,1.055714793664940476e+00
2.459000000000000057e+02,3.301833986507799246e+00,8.234994887043856071e-01,2.129732921468202367e+00,7.215202685656727510e-01,1.055963798197100179e+00
2.460000000000000000e+02,3.306521103165692033e+00,8.248355458003993057e-01,2.133073871274345557e+00,7.220628245511192533e-01,1.056665325197920557e+00
2.461000000000000227e+02,3.309338286594748268e+00,8.275382306632290685e-01,2.137434651295789134e+00,7.228647446658766906e-01,1.058662702839676673e+00
2.462000000000000171e+02,3.312069665981816069e+00,8.306940208026800665e-01,2.141327245317865113e+00,7.252932113710216511e-01,1.062051267667022403e+00
2.463000000000000114e+02,3.312262818902548478e+00,8.336137334500395291e-01,2.144263177175401491e+00,7.272147195667155728e-01,1.065508319525539704e+00
2.464000000000000057e+02,3.317451050452007610e+00,8.359224075268898435e-01,2.147087377186207569e+00,7.300444592389718768e-01,1.069366846335121135e+00
2.465000000000000000e+02,3.318855103804053908e+00,8.373405391492797500e-01,2.149477353848175287e+00,7.334404396861952113e-01,1.073477283082588718e+00
2.466000000000000227e+02,3.322610947114123192e+00,8.390593281881623122e-01,2.151552607645728532e+00,7.370105635101411590e-01,1.076796770284195626e+00
2.467000000000000171e+02,3.328771010629343774e+00,8.416239070890993990e-01,2.154295821925375165e+00,7.406466346023330427e-01,1.080739227910568312e+00
2.468000000000000114e+02,3.332264437964207016e+00,8.443857074278410257e-01,2.157353981753096228e+00,7.444227036173919343e-01,1.085066476644218403e+00
2.469000000000000057e+02,3.334561486301600652e+00,8.472359217184972646e-01,2.160692507708199983e+00,7.475809672197046840e-01,1.087791149207010699e+00
2.470000000000000000e+02,3.341466523543247469e+00,8.503874942710955009e-01,2.164364998310942756e+00,7.492670172037749765e-01,1.088373285999122198e+00
2.471000000000000227e+02,3.348844500306656258e+00,8.529823069040308736e-01,2.169233415127633346e+00,7.503404306726702000e-01,1.089251205126172906e+00
2.472000000000000171e+02,3.355841488653612537e+00,8.542955087281588478e-01,2.173054142766434715e+00,7.498417506134636978e-01,1.088537131662489221e+00
2.473000000000000114e+02,3.357547103838005143e+00,8.540526905023764215e-01,2.174606537421150509e+00,7.495850792396963058e-01,1.089156122297469054e+00
2.474000000000000057e+02,3.354779442808274670e+00,8.526889386311615748e-01,2.174360088625466592e+00,7.491231664507463917e-01,1.088505860086449228e+00
2.475000000000000000e+02,3.355769496951269470e+00,8.516665513981719338e-01,2.175262830420259696e+00,7.493118088648832442e-01,1.088733160526029531e+00
2.476000000000000227e+02,3.358502237872601270e+00,8.504325986371364943e-01,2.176303002963006605e+00,7.488763421606340343e-01,1.087902064427753501e+00
2.477000000000000171e+02,3.357346851920198105e+00,8.484831191487209878e-01,2.175188679634933564e+00,7.476432660203626845e-01,1.086956252243504562e+00
2.478000000000000114e+02,3.361280342921616260e+00,8.463002566945914129e-01,2.172964052729180917e+00,7.473968856314703313e-01,1.086435105774409271e+00
2.479000000000000057e+02,3.364982415949643979e+00,8.440634348898032879e-01,2.170551743246443621e+00,7.466057935103546095e-01,1.085556290672304636e+00
2.480000000000000000e+02,3.368372343839850291e+00,8.427030134045356835e-01,2.169733795827552214e+00,7.466012498185113921e-01,1.085899251838618129e+00
2.481000000000000227e+02,3.373880741966726493e+00,8.424009523139824873e-01,2.170156011544370767e+00,7.464828645137291385e-01,1.085980160337229217e+00
2.482000000000000171e+02,3.377882034888104457e+00,8.429623506933616728e-01,2.172079482129834815e+00,7.483271780574343168e-01,1.088342355999601496e+00
2.483000000000000114e+02,3.379947952222039032e+00,8.433373519553140074e-01,2.173018009432187814e+00,7.501426571175456859e-01,1.090732042049070705e+00
2.484000000000000057e+02,3.383920200388264021e+00,8.442669810204730396e-01,2.174643616202753371e+00,7.525390623696835979e-01,1.092732474254275887e+00
2.485000000000000000e+02,3.382010778847490684e+00,8.459348106071150619e-01,2.176972521858883791e+00,7.542186826348651341e-01,1.094778243022572095e+00
2.486000000000000227e+02,3.384073314239028907e+00,8.471705781339284869e-01,2.179806076804474468e+00,7.557142728156162059e-01,1.096327154230383627e+00
2.487000000000000171e+02,3.384734810355752188e+00,8.478030291460033618e-01,2.182096130112229915e+00,7.557918190155390459e-01,1.095690852480533328e+00
2.488000000000000114e+02,3.386047793567981135e+00,8.481061063765580332e-01,2.184297322611469028e+00,7.552342774230456079e-01,1.094187222991156228e+00
2.489000000000000057e+02,3.388218722201928657e+00,8.477703619389911349e-01,2.185936030826040710e+00,7.546831138679488404e-01,1.093897991809142933e+00
2.490000000000000000e+02,3.388729800339298048e+00,8.472576486927198003e-01,2.187811985497014611e+00,7.538776509376040602e-01,1.093720806346663244e+00
2.491000000000000227e+02,3.393204271959530338e+00,8.469449041365719744e-01,2.189906189760741473e+00,7.531736660960153262e-01,1.092732127247147744e+00
2.492000000000000171e+02,3.394739761123007238e+00,8.464582421228732390e-01,2.190999149979299343e+00,7.522653210703770243e-01,1.091709106644393357e+00
2.493000000000000114e+02,3.393730251385375318e+00,8.458756382376478866e-01,2.191452566996735740e+00,7.516439809666057847e-01,1.090545058751809071e+00
2.494000000000000057e+02,3.392036233978373172e+00,8.457643716806104717e-01,2.192105673256541820e+00,7.516652355832691423e-01,1.090922887427787646e+00
2.495000000000000000e+02,3.394433706928836170e+00,8.458216368472440960e-01,2.193531215877514207e+00,7.515730451673844348e-01,1.090974181479251737e+00
2.496000000000000227e+02,3.393790626635630581e+00,8.455531211647306922e-01,2.193911610261881862e+00,7.516939436963145926e-01,1.091454798053031805e+00
2.497000000000000171e+02,3.395950408621741801e+00,8.454650433923286412e-01,2.193710850091575182e+00,7.530984284948655239e-01,1.092204581207122605e+00
2.498000000000000114e+02,3.396930317597419258e+00,8.453767014924697953e-01,2.193999155516066502e+00,7.553143739622005803e-01,1.094806062402346125e+00
2.499000000000000057e+02,3.401925664195385668e+00,8.461958342103871322e-01,2.194740056480837254e+00,7.572957625630759582e-01,1.096854542520071973e+00
2.500000000000000000e+02,3.400885106739147012e+00,8.476134871307227092e-01,2.198863204196289889e+00,7.600450903133517677e-01,1.100102172055408500e+00
2.501000000000000227e+02,3.404535188869566298e+00,8.494071344804713375e-01,2.202483407530156700e+00,7.624583871038164151e-01,1.103342918417714369e+00
2.502000000000000171e+02,3.406941621023648281e+00,8.516589283292528290e-01,2.207085177382751340e+00,7.655398237205600642e-01,1.106764696538845572e+00
2.503000000000000114e+02,3.410311951210118320e+00,8.545360634399034039e-01,2.211430988449214929e+00,7.685299795027646930e-01,1.110218331185518492e+00
2.504000000000000057e+02,3.413139869406921711e+00,8.579147333600591896e-01,2.215697037859329033e+00,7.722701550908830370e-01,1.113510478944478299e+00
2.505000000000000000e+02,3.413519720104245092e+00,8.603042267222938966e-01,2.219461646783464026e+00,7.744950516296630338e-01,1.115750710923935518e+00
2.506000000000000227e+02,3.416152257013853166e+00,8.626235594279965113e-01,2.222877441122388831e+00,7.763948185368310106e-01,1.117564782170056059e+00
2.507000000000000171e+02,3.417236618458580732e+00,8.652855918911892541e-01,2.226299191813637002e+00,7.778209746779479739e-01,1.119229231873017483e+00
2.508000000000000114e+02,3.421283414803073519e+00,8.676962318544606534e-01,2.230315361894692927e+00,7.785115924497695294e-01,1.120816050107773965e+00
2.509000000000000057e+02,3.421047774813303022e+00,8.698782459522635957e-01,2.235311389070426813e+00,7.795951895607902138e-01,1.122857580334377658e+00
2.510000000000000000e+02,3.422656523439003173e+00,8.718548048210925661e-01,2.240701031507670304e+00,7.815719140014840693e-01,1.125051456553615381e+00
2.511000000000000227e+02,3.422350387471502664e+00,8.740934293741423611e-01,2.245714236985037360e+00,7.829688927946928390e-01,1.127731857857593667e+00
2.512000000000000171e+02,3.422658627527987107e+00,8.750433528776343506e-01,2.247699924357967838e+00,7.839379072956235150e-01,1.128125101902851979e+00
2.513000000000000114e+02,3.423688445466378294e+00,8.754033828984879584e-01,2.250084012993621041e+00,7.851497864603538268e-01,1.129844655204805370e+00
2.514000000000000057e+02,3.427027964533446269e+00,8.756170999298159563e-01,2.251725875424633205e+00,7.863242737645274039e-01,1.131954812457891757e+00
2.515000000000000000e+02,3.426610214750059669e+00,8.758326274593788430e-01,2.252378379043053602e+00,7.866691463844299737e-01,1.132987875348046014e+00
2.516000000000000227e+02,3.424519986126759896e+00,8.750624810820907262e-01,2.252068907037880319e+00,7.860364266739173766e-01,1.132275513638633324e+00
2.517000000000000171e+02,3.428085092114214305e+00,8.734882906849942286e-01,2.250688926768508402e+00,7.842873509457171100e-01,1.132524442953656729e+00
2.518000000000000114e+02,3.426309247695636717e+00,8.716223851284011781e-01,2.248226644547886455e+00,7.824208057951739237e-01,1.130647938951920395e+00
2.519000000000000057e+02,3.421965271315626556e+00,8.694265051783064413e-01,2.245746414327476792e+00,7.806865572597611047e-01,1.129524633153640156e+00
2.520000000000000000e+02,3.418800768207078455e+00,8.675153085816443843e-01,2.244847856512532047e+00,7.795988841712722106e-01,1.129100921389032397e+00
2.521000000000000227e+02,3.419946300343467804e+00,8.651621398527882256e-01,2.244948821973580699e+00,7.778153562661334064e-01,1.128438476777261279e+00
2.522000000000000171e+02,3.416671541574127335e+00,8.629579432724701071e-01,2.244374175185778864e+00,7.750895840966260941e-01,1.125499116975109626e+00
2.523000000000000114e+02,3.414756752906745074e+00,8.603759127820299613e-01,2.243551322292070438e+00,7.718487691393648431e-01,1.122396801328451321e+00
2.524000000000000057e+02,3.415957345900280107e+00,8.582442016280028563e-01,2.242975613287805370e+00,7.703270172429240725e-01,1.121158392510786861e+00
2.525000000000000000e+02,3.416221400601965552e+00,8.577787920238885144e-01,2.243574768698193722e+00,7.702803443018312324e-01,1.121537331273855687e+00
2.526000000000000227e+02,3.415596519070110304e+00,8.589234570581226746e-01,2.245782386742265935e+00,7.712556430045729439e-01,1.123947466110158278e+00
2.527000000000000171e+02,3.421347089657698071e+00,8.607373800424236165e-01,2.248246492774983452e+00,7.737964050359288359e-01,1.126796907807833259e+00
2.528000000000000114e+02,3.422039135587533032e+00,8.630065745084218864e-01,2.252264508834009415e+00,7.765546609633355857e-01,1.129044236241153465e+00
2.529000000000000057e+02,3.421082437805119891e+00,8.660782409440320739e-01,2.257248301408908198e+00,7.801490381643858552e-01,1.133431684698822384e+00
2.530000000000000000e+02,3.422314828706263690e+00,8.684554951737619710e-01,2.262107443770322579e+00,7.835708768262977797e-01,1.136819219221720578e+00
2.531000000000000227e+02,3.420949616490087219e+00,8.702733798680217792e-01,2.264762604458065098e+00,7.864229216707818715e-01,1.139085137601712150e+00
2.532000000000000171e+02,3.419094060991299866e+00,8.730232647637987675e-01,2.267343449488792739e+00,7.887039558283103213e-01,1.142546424698956953e+00
2.533000000000000114e+02,3.419659680349263375e+00,8.753778567203607253e-01,2.270192111204787810e+00,7.906647799809295440e-01,1.144613928749907306e+00
2.534000000000000057e+02,3.419383811790570604e+00,8.765113789350431617e-01,2.272583725413252598e+00,7.913016434638709962e-01,1.145463338681893761e+00
2.535000000000000000e+02,3.419932388772420229e+00,8.772085164608626195e-01,2.275155565820421444e+00,7.913400145121853857e-01,1.145244474474324647e+00
2.536000000000000227e+02,3.424087053081307452e+00,8.778104389473243563e-01,2.277890903915945842e+00,7.905994310149224713e-01,1.145519984562158866e+00
2.537000000000000171e+02,3.423544585007827212e+00,8.779753726895883625e-01,2.278529202140578747e+00,7.906609516538571913e-01,1.146032131351191197e+00
2.538000000000000114e+02,3.421717385475074646e+00,8.768453519615216907e-01,2.277951839011303825e+00,7.898780247070246174e-01,1.145540278681158819e+00
2.539000000000000057e+02,3.421180879904062611e+00,8.752627149802462148e-01,2.276427548609390783e+00,7.882853902325520634e-01,1.143770609603228072e+00
2.540000000000000000e+02,3.420292545648337068e+00,8.732806869239144731e-01,2.274613881788482228e+00,7.844803375829838554e-01,1.141060320638981107e+00
2.541000000000000227e+02,3.417630141159912593e+00,8.705216544054305006e-01,2.273814212605944629e+00,7.804851949308602155e-01,1.137926312467275380e+00
2.542000000000000171e+02,3.413364212347175908e+00,8.673503776954459843e-01,2.273578537134087085e+00,7.773785383104505620e-01,1.136689082263367068e+00
2.543000000000000114e+02,3.409655100118604398e+00,8.644028232631524311e-01,2.272981157544974984e+00,7.747843039810119459e-01,1.134414560692558416e+00
2.544000000000000057e+02,3.404794080915920951e+00,8.618891692176395836e-01,2.270288524956287635e+00,7.732411547440420918e-01,1.132229501833347474e+00
2.545000000000000000e+02,3.402537349667456468e+00,8.602997200429027824e-01,2.269578493341182668e+00,7.730685372162401370e-01,1.132628079055436388e+00
2.546000000000000227e+02,3.403425003328772736e+00,8.590090077135400515e-01,2.271101121473460882e+00,7.737680530796239298e-01,1.132345874297957744e+00
2.547000000000000171e+02,3.404491712860573394e+00,8.586916406286391190e-01,2.272904197315749997e+00,7.744163958316614416e-01,1.134156907027097150e+00
2.548000000000000114e+02,3.403933254682548259e+00,8.594763929244553236e-01,2.275374778021452826e+00,7.753964779806540308e-01,1.136076268389717203e+00
2.549000000000000057e+02,3.400527062038819714e+00,8.613809187391563427e-01,2.277830799987913490e+00,7.768915865886472094e-01,1.138899359515710863e+00
2.550000000000000000e+02,3.399055910557659654e+00,8.640452038080438379e-01,2.281128598472719649e+00,7.792621640086961898e-01,1.141514379765261156e+00
2.551000000000000227e+02,3.398916549157355860e+00,8.674360089076420532e-01,2.285681613811051172e+00,7.828279117508604168e-01,1.145639933849841530e+00
2.552000000000000171e+02,3.397939124268894773e+00,8.710631356875454534e-01,2.291379034119855884e+00,7.866071159045137096e-01,1.148974865282938351e+00
2.553000000000000114e+02,3.399969482821089350e+00,8.745625298661527935e-01,2.296916058157275398e+00,7.902336169862432813e-01,1.153553197558810695e+00
2.554000000000000057e+02,3.404285228301061839e+00,8.774750106072033429e-01,2.303036261177651589e+00,7.932769177990584009e-01,1.156218091423346417e+00
2.555000000000000000e+02,3.406497310219323005e+00,8.793244540873357273e-01,2.305387936964742757e+00,7.943026210180135216e-01,1.157633802909806331e+00
2.556000000000000227e+02,3.403855774950826696e+00,8.798338449696768704e-01,2.305456165209694319e+00,7.940303226908806966e-01,1.157441411313399726e+00
2.557000000000000171e+02,3.398885225127715959e+00,8.799348476813410036e-01,2.305280631579503137e+00,7.928904626698128899e-01,1.156396194007051514e+00
2.558000000000000114e+02,3.397189024468465490e+00,8.800000827958561755e-01,2.306398943685382896e+00,7.927025691703097898e-01,1.157228368102870553e+00
2.559000000000000057e+02,3.396883542936549816e+00,8.809083931827418334e-01,2.306374056414274953e+00,7.924551055543329614e-01,1.157847960720892244e+00
2.560000000000000000e+02,3.399580327533471724e+00,8.817056829210200286e-01,2.306191237703398400e+00,7.925193987679597374e-01,1.159536060829980064e+00
2.561000000000000227e+02,3.397416555899671842e+00,8.811787832396946740e-01,2.305655942452543794e+00,7.922288612321498613e-01,1.160091297299873370e+00
2.561999999999999886e+02,3.396173531235072929e+00,8.810239353524936812e-01,2.305264641222767086e+00,7.907417870504829249e-01,1.158515284590677430e+00
2.563000000000000114e+02,3.395451741058033601e+00,8.811758292193395681e-01,2.305387326705931716e+00,7.894050353805771580e-01,1.157643820532270329e+00
2.564000000000000341e+02,3.395890049344435280e+00,8.814187407002220809e-01,2.306058184937536115e+00,7.882984633834763111e-01,1.157642409207595868e+00
2.565000000000000000e+02,3.400056676526985289e+00,8.817797795417625650e-01,2.306951975224965423e+00,7.874575924236527635e-01,1.157342954663753476e+00
2.566000000000000227e+02,3.401190499629751507e+00,8.816671717700207411e-01,2.308704592439322578e+00,7.872298350676009138e-01,1.156842076352167403e+00
2.566999999999999886e+02,3.402742426348619453e+00,8.813768558541681397e-01,2.310154627174548558e+00,7.885023189651866327e-01,1.159233989411835752e+00
2.568000000000000114e+02,3.407226240144277440e+00,8.812409456328058610e-01,2.311544691182844335e+00,7.895655150715985560e-01,1.161075670185572895e+00
2.569000000000000341e+02,3.409031763459362541e+00,8.807546990544072862e-01,2.311608183362972913e+00,7.896087668153062289e-01,1.161888730185511864e+00
2.570000000000000000e+02,3.409239247079215662e+00,8.805379464785475507e-01,2.311895539042417624e+00,7.886952760958522157e-01,1.161598770469060682e+00
2.571000000000000227e+02,3.411120729997136447e+00,8.809812329618869065e-01,2.311850971551881351e+00,7.883281748272890077e-01,1.161549351914388239e+00
2.571999999999999886e+02,3.413209316199204757e+00,8.817913911544620342e-01,2.312463617774541014e+00,7.881596137620122677e-01,1.162025472610958454e+00
2.573000000000000114e+02,3.417794291713759591e+00,8.831506974397725918e-01,2.312563655471720825e+00,7.882998103461149597e-01,1.162514636087140785e+00
2.574000000000000341e+02,3.423258232475459462e+00,8.853624960605470662e-01,2.314594050884416276e+00,7.896478314549977284e-01,1.163798538940872929e+00
2.575000000000000000e+02,3.423953453275287995e+00,8.877790887801315645e-01,2.318012611896714148e+00,7.925692704860964888e-01,1.166336060460144930e+00
2.576000000000000227e+02,3.427072833743544322e+00,8.906960641601786577e-01,2.322797551098582769e+00,7.954202293761197806e-01,1.170313740348887466e+00
2.576999999999999886e+02,3.429921924282232748e+00,8.932457406240871256e-01,2.326208228845083159e+00,7.982522593007064238e-01,1.173630768039528594e+00
2.578000000000000114e+02,3.433064219342183865e+00,8.947351044136154785e-01,2.329574893159915394e+00,8.001241218292389767e-01,1.175703110220028380e+00
2.579000000000000341e+02,3.436973783886976275e+00,8.962816835092924928e-01,2.332684295176229217e+00,8.016623074032573903e-01,1.177144726387562290e+00
2.580000000000000000e+02,3.439037722529302510e+00,8.971429088913476235e-01,2.334933906530327175e+00,8.017789317063167553e-01,1.176804955538777397e+00
2.581000000000000227e+02,3.434955544325167143e+00,8.980263850351309918e-01,2.335722038470808837e+00,8.015683339318394607e-01,1.176859287796208520e+00
2.581999999999999886e+02,3.432669390857421732e+00,8.991003670736532616e-01,2.337320372602029295e+00,8.013721172832495299e-01,1.176916886188935196e+00
2.583000000000000114e+02,3.432661054605695927e+00,9.002261588888048616e-01,2.339339016984991027e+00,8.012818647816177808e-01,1.178051914193237737e+00
2.584000000000000341e+02,3.429264557454602791e+00,9.003943117265739149e-01,2.338552547355037259e+00,8.014941899886617316e-01,1.178786440036325045e+00
2.585000000000000000e+02,3.425822302542833153e+00,8.996095031285885613e-01,2.336931119737967855e+00,8.019074250875806165e-01,1.179328905953300533e+00
2.586000000000000227e+02,3.424947057452131016e+00,8.981735823072345415e-01,2.333924911898276555e+00,8.008138925359280513e-01,1.177590549287327093e+00
2.586999999999999886e+02,3.420612961053850043e+00,8.965713445589388320e-01,2.332097103319532128e+00,7.984563260594891299e-01,1.175933929746630247e+00
2.588000000000000114e+02,3.414914640300064530e+00,8.952172056783953558e-01,2.331429960610789109e+00,7.958323438713382769e-01,1.172834384612185588e+00
2.589000000000000341e+02,3.414501727107805973e+00,8.938899308869259208e-01,2.329583795291409576e+00,7.942151942656138219e-01,1.170751694102531104e+00
2.590000000000000000e+02,3.413292807993959510e+00,8.933578802616521930e-01,2.329730293867994018e+00,7.932409618242302063e-01,1.170727217062420777e+00
2.591000000000000227e+02,3.412579204046482406e+00,8.926370556194919148e-01,2.329336239770749550e+00,7.934171521849248121e-01,1.170982762466032945e+00
2.591999999999999886e+02,3.409794351495460507e+00,8.911414481519228659e-01,2.328030088302953882e+00,7.921535120230660532e-01,1.170093632932996508e+00
2.593000000000000114e+02,3.410560727861545516e+00,8.900754938543522510e-01,2.327448047944876919e+00,7.911343329696569615e-01,1.169769278237739796e+00
2.594000000000000341e+02,3.410211866176319440e+00,8.885968312132527247e-01,2.325594804367456803e+00,7.894334841658420254e-01,1.167626088347189173e+00
2.595000000000000000e+02,3.412111877519153236e+00,8.865881171381246872e-01,2.323123067789253593e+00,7.871091230055992094e-01,1.165554911292278950e+00
2.596000000000000227e+02,3.408601677939960162e+00,8.843697892822323103e-01,2.319176061983478920e+00,7.848933755733394912e-01,1.163780617916642335e+00
2.596999999999999886e+02,3.408440125744050864e+00,8.830112799801941303e-01,2.316797922244905994e+00,7.835614787427157557e-01,1.162612231011523223e+00
2.598000000000000114e+02,3.404545166006787138e+00,8.815603794352416811e-01,2.314876642087093650e+00,7.809351701832176751e-01,1.160568991102153502e+00
2.599000000000000341e+02,3.405113729700665282e+00,8.803387107392919297e-01,2.311737571774367783e+00,7.786961278735672343e-01,1.158704851208714137e+00
2.600000000000000000e+02,3.401821337688843538e+00,8.789624900058824464e-01,2.308950130945801593e+00,7.755481400369561573e-01,1.154714723683084143e+00
2.601000000000000227e+02,3.400170855838946959e+00,8.777760642793119850e-01,2.307987284579549048e+00,7.723706130054709407e-01,1.151178870548175803e+00
2.601999999999999886e+02,3.396614593694823547e+00,8.768071082552434392e-01,2.309043072315100531e+00,7.680997446129839146e-01,1.146782111236347879e+00
2.603000000000000114e+02,3.392126599551647637e+00,8.760751066484446792e-01,2.310187380157554760e+00,7.648677202409336351e-01,1.143682484861564985e+00
2.604000000000000341e+02,3.389438038378909113e+00,8.759258188212590834e-01,2.310440671699261816e+00,7.625433041113404142e-01,1.140927458513368409e+00
2.605000000000000000e+02,3.386413563283801054e+00,8.762764545422586648e-01,2.310247057552873517e+00,7.615320498147276629e-01,1.139909421563732872e+00
2.606000000000000227e+02,3.384888520891745856e+00,8.771207604485463660e-01,2.310335694080521307e+00,7.607707215902469455e-01,1.139980901146400383e+00
2.606999999999999886e+02,3.384292481164668853e+00,8.790134995886994540e-01,2.311969171859853844e+00,7.613374499050999944e-01,1.140934801846892999e+00
2.608000000000000114e+02,3.384032303573958789e+00,8.814974069439019955e-01,2.315143052702834048e+00,7.627986072880358348e-01,1.143218607560603228e+00
2.609000000000000341e+02,3.386812814874574418e+00,8.842111721197487562e-01,2.318342585320021687e+00,7.644698950287428518e-01,1.146693049723254143e+00
2.610000000000000000e+02,3.394247682968058122e+00,8.872342862283535414e-01,2.321337357353711273e+00,7.656634777367543609e-01,1.148122307521848073e+00
2.611000000000000227e+02,3.395816835697193614e+00,8.897397142679245308e-01,2.323844094854994324e+00,7.663343768757083785e-01,1.148562396091325821e+00
2.611999999999999886e+02,3.398891705016453102e+00,8.910410544105642483e-01,2.325928737126086610e+00,7.669760871366032573e-01,1.148808266246542198e+00
2.613000000000000114e+02,3.396309456407819560e+00,8.915510749286575942e-01,2.326937504400110157e+00,7.667229592507394109e-01,1.148519802110637755e+00
2.614000000000000341e+02,3.395858627640578664e+00,8.914045048237281277e-01,2.327150535337866977e+00,7.657439859631353096e-01,1.146634605899795156e+00
2.615000000000000000e+02,3.395678713176931041e+00,8.906946665081424408e-01,2.326033586075450188e+00,7.641177333915148973e-01,1.144224198200946452e+00
2.616000000000000227e+02,3.390688082602435038e+00,8.885407385844035222e-01,2.323677272900935176e+00,7.618412119312355513e-01,1.141694947529141801e+00
2.616999999999999886e+02,3.389258432377373342e+00,8.849484170936182670e-01,2.319020139485783893e+00,7.589116044195872712e-01,1.138387986770902360e+00
2.618000000000000114e+02,3.385983807860807104e+00,8.814303384949310205e-01,2.315046704613305195e+00,7.554790265316150277e-01,1.134502301146410375e+00
2.619000000000000341e+02,3.385552936425120230e+00,8.790731978277287473e-01,2.312347313232501200e+00,7.528544667069113627e-01,1.131744139256513959e+00
2.620000000000000000e+02,3.382722326078969832e+00,8.765937035580330106e-01,2.307285398223380302e+00,7.496343398292998339e-01,1.128200970963135097e+00
2.621000000000000227e+02,3.377610984142275452e+00,8.744567156228216787e-01,2.305024411872916179e+00,7.460041020076370044e-01,1.125350964035911394e+00
2.621999999999999886e+02,3.375950584249716613e+00,8.723015965497068480e-01,2.301497228424535635e+00,7.436732942284257630e-01,1.122858151056244980e+00
2.623000000000000114e+02,3.375473099171371949e+00,8.713759379654602011e-01,2.299042657029266579e+00,7.431689112623883764e-01,1.123058375223865868e+00
2.624000000000000341e+02,3.373425527517351696e+00,8.716602698805810956e-01,2.298085167485827363e+00,7.439321653903587794e-01,1.123240841893540454e+00
2.625000000000000000e+02,3.372258785735090747e+00,8.716535352250255331e-01,2.296910888876044332e+00,7.432724928701045508e-01,1.124345644124667976e+00
2.626000000000000227e+02,3.373404419180358715e+00,8.711152353014030014e-01,2.296405560693178582e+00,7.417676714477444699e-01,1.123078595220542875e+00
2.626999999999999886e+02,3.377826133574388656e+00,8.708088787979235690e-01,2.295402177578668823e+00,7.401079186403367594e-01,1.121530556598959283e+00
2.628000000000000114e+02,3.375383410664537731e+00,8.711023417060087537e-01,2.294883487685349888e+00,7.387262809529365759e-01,1.120290121713618747e+00
2.629000000000000341e+02,3.373899596771530618e+00,8.716209170202371403e-01,2.295204622665401928e+00,7.374995492508934491e-01,1.118952065058276490e+00
2.630000000000000000e+02,3.375984619185959268e+00,8.729414025354536033e-01,2.296858717601968802e+00,7.365771179151657799e-01,1.118499605410900211e+00
2.631000000000000227e+02,3.376380725131649108e+00,8.741293779396901442e-01,2.299323215807432597e+00,7.355126556282539640e-01,1.116555430642298230e+00
2.631999999999999886e+02,3.378890675267128607e+00,8.748859723580436620e-01,2.301441725245480185e+00,7.345200256263993976e-01,1.114545092177118946e+00
2.633000000000000114e+02,3.383182382908267005e+00,8.751256068660372422e-01,2.302898512677540754e+00,7.331366272461453670e-01,1.112664802877244119e+00
2.634000000000000341e+02,3.383015857216282285e+00,8.742853330730859795e-01,2.301557777155716966e+00,7.312656183927872533e-01,1.110540405862241453e+00
2.635000000000000000e+02,3.380993057415773606e+00,8.730401996056892377e-01,2.298559499534992501e+00,7.280653767437340607e-01,1.108634780614169646e+00
2.636000000000000227e+02,3.380099069534280964e+00,8.718454352702084131e-01,2.295657469097839520e+00,7.257722742529899573e-01,1.106034463405864754e+00
2.636999999999999886e+02,3.382375956881805923e+00,8.712396171289424895e-01,2.295468867316097672e+00,7.253728282278112394e-01,1.106089098770190571e+00
2.638000000000000114e+02,3.384051977365317487e+00,8.709318402905035228e-01,2.295393067441549473e+00,7.255007282372747390e-01,1.107102712991510529e+00
2.639000000000000341e+02,3.386310178229213097e+00,8.709744936178102082e-01,2.294039849175667722e+00,7.247848280673951926e-01,1.106276736424292917e+00
2.640000000000000000e+02,3.390207626396916751e+00,8.715676368453615375e-01,2.294584229802631548e+00,7.251096648612334050e-01,1.106136798483841055e+00
2.641000000000000227e+02,3.389982934693212879e+00,8.717695015798396785e-01,2.295126845516888281e+00,7.257427575244931317e-01,1.106712527175866434e+00
2.641999999999999886e+02,3.393527185259598511e+00,8.720571384525759306e-01,2.296245911594157807e+00,7.261883233107186975e-01,1.107235779881479587e+00
2.643000000000000114e+02,3.393377002573196410e+00,8.734950991995336089e-01,2.298727927358165779e+00,7.266501440603343465e-01,1.108093055117857384e+00
2.644000000000000341e+02,3.389109992791345949e+00,8.747222237408154299e-01,2.300681319613081310e+00,7.259324827473864206e-01,1.108321178036466792e+00
2.645000000000000000e+02,3.388084559893466796e+00,8.753756973098749672e-01,2.301348224256076769e+00,7.247448377959618826e-01,1.106641501256115490e+00
2.646000000000000227e+02,3.389568515456804931e+00,8.757699890727418390e-01,2.301807046323086858e+00,7.227288150558972557e-01,1.104208343166504180e+00
2.646999999999999886e+02,3.392967514283278252e+00,8.766960524843403491e-01,2.302545780153903543e+00,7.219360060575267246e-01,1.104304031171501999e+00
2.648000000000000114e+02,3.388934921167315206e+00,8.770337789142915730e-01,2.301090426598121574e+00,7.194238590329867788e-01,1.102591526504387964e+00
2.649000000000000341e+02,3.388185114875546855e+00,8.763644321242182178e-01,2.300033049552787645e+00,7.168220354830239227e-01,1.099675474073987580e+00
2.650000000000000000e+02,3.396018304729616410e+00,8.744753688780788625e-01,2.298193167384173119e+00,7.138412590160155835e-01,1.097368088470672021e+00
2.651000000000000227e+02,3.397407840159283321e+00,8.716538779837036399e-01,2.295169995042098954e+00,7.118840821949380393e-01,1.094526577687763513e+00
2.651999999999999886e+02,3.399706094904276110e+00,8.690076881477951654e-01,2.292929981857143140e+00,7.101192369633139156e-01,1.092515310149221985e+00
2.653000000000000114e+02,3.399199828659287270e+00,8.678565467823706747e-01,2.291184101613667590e+00,7.098146769236194364e-01,1.092658857791686922e+00
2.654000000000000341e+02,3.402119415249067025e+00,8.677922513022232609e-01,2.292444502755748736e+00,7.101621669695797889e-01,1.094846224732833884e+00
2.655000000000000000e+02,3.404074243042462644e+00,8.677243693877378927e-01,2.293796589679393261e+00,7.104845947674421902e-01,1.096174411040009788e+00
2.656000000000000227e+02,3.408508258676458347e+00,8.686643911130267348e-01,2.295799521046557601e+00,7.107263878289337145e-01,1.097782626689047580e+00
2.656999999999999886e+02,3.409752133193025614e+00,8.694358861222495349e-01,2.297845336174191289e+00,7.100851157702580130e-01,1.097282087097292136e+00
2.658000000000000114e+02,3.408969183814376525e+00,8.700346076539687834e-01,2.298303656585740207e+00,7.103536464254485150e-01,1.098423418296314846e+00
2.659000000000000341e+02,3.412898305413357036e+00,8.703049128126683076e-01,2.298020475565549336e+00,7.104148976601653009e-01,1.097127651473785992e+00
2.660000000000000000e+02,3.410874261325742562e+00,8.703226592731925226e-01,2.297886273171869664e+00,7.102570370901866159e-01,1.096210120585842773e+00
2.661000000000000227e+02,3.411195131059098440e+00,8.697206795260296053e-01,2.295530448409379698e+00,7.098018030625828922e-01,1.096265515959995884e+00
2.661999999999999886e+02,3.412252911519672693e+00,8.693455673231220704e-01,2.292167772394710479e+00,7.101678733899633444e-01,1.096038700404551314e+00
2.663000000000000114e+02,3.413648131930692831e+00,8.690674759280867523e-01,2.290972349914468076e+00,7.094232577067415280e-01,1.096964015842635920e+00
2.664000000000000341e+02,3.417130215765763257e+00,8.689200200363080828e-01,2.291506340616078496e+00,7.084219676553166201e-01,1.095578880174267633e+00
2.665000000000000000e+02,3.421951084561653200e+00,8.691611271953189055e-01,2.292795448971378658e+00,7.080745584891384725e-01,1.096175615157099381e+00
2.666000000000000227e+02,3.424744963416458621e+00,8.688645830825925120e-01,2.293092394531538680e+00,7.073289311089379083e-01,1.095359615097366790e+00
2.666999999999999886e+02,3.424381748331098319e+00,8.688209204698646992e-01,2.293360181431731259e+00,7.067376693627874795e-01,1.094195772504229280e+00
2.668000000000000114e+02,3.427576710262650650e+00,8.694789835989739091e-01,2.294408273652780661e+00,7.060223649566256254e-01,1.094076564908754490e+00
2.669000000000000341e+02,3.430937309821688874e+00,8.693391595070523170e-01,2.295904029572136906e+00,7.064444846135373712e-01,1.095441773927390505e+00
2.670000000000000000e+02,3.434920526969484911e+00,8.694520723632905845e-01,2.296247201535738025e+00,7.067375009238830996e-01,1.093466567965689418e+00
2.671000000000000227e+02,3.436993515665769383e+00,8.696721505394884311e-01,2.298235155085815773e+00,7.069368706265606317e-01,1.093508403829485554e+00
2.671999999999999886e+02,3.442561133556099051e+00,8.706476633648743135e-01,2.301463042170585283e+00,7.082064727865785558e-01,1.095787940345024136e+00
2.673000000000000114e+02,3.446279745628950675e+00,8.717121420364726259e-01,2.304008506643150156e+00,7.098165318151566927e-01,1.098606781589118508e+00
2.674000000000000341e+02,3.448967696258140148e+00,8.729729026899232247e-01,2.305822502596642565e+00,7.123462070267183588e-01,1.102457455746455262e+00
2.675000000000000000e+02,3.450028395789286773e+00,8.739606877373121696e-01,2.306414922448948079e+00,7.144086668241078630e-01,1.104376791274120251e+00
2.676000000000000227e+02,3.452455657893343854e+00,8.750242782155407406e-01,2.307505212652269933e+00,7.165255860251261710e-01,1.106561872301633942e+00
2.676999999999999886e+02,3.458035031596756514e+00,8.754178844354175704e-01,2.307595697765486786e+00,7.180816023514886570e-01,1.109540579033267749e+00
2.678000000000000114e+02,3.461436846974963455e+00,8.762048124146838424e-01,2.309745123102847852e+00,7.200036849047326548e-01,1.112189335466908569e+00
2.679000000000000341e+02,3.468199423651396440e+00,8.771245440862436293e-01,2.311449713831863040e+00,7.215528126320687186e-01,1.114421645010625683e+00
2.680000000000000000e+02,3.472828410943306299e+00,8.765644389544703374e-01,2.311323655261310783e+00,7.223752610522455875e-01,1.114816264419018266e+00
2.681000000000000227e+02,3.474441022391030920e+00,8.760507432379009973e-01,2.311247669094065316e+00,7.232939671223442835e-01,1.116410812331577684e+00
2.681999999999999886e+02,3.476165525386384569e+00,8.751756356895260547e-01,2.309965111551831818e+00,7.233975373822838506e-01,1.117457886451358018e+00
2.683000000000000114e+02,3.479846983276172701e+00,8.739216812600241191e-01,2.308566467011386791e+00,7.223755566024480101e-01,1.117040775477659009e+00
2.684000000000000341e+02,3.488984418929984788e+00,8.720943150510638286e-01,2.306675766193424071e+00,7.199244791870446081e-01,1.115451537965667539e+00
2.685000000000000000e+02,3.495220506626991241e+00,8.692032770409662268e-01,2.305957072454642987e+00,7.178255671527942194e-01,1.113790479267784850e+00
2.686000000000000227e+02,3.497521021353819926e+00,8.666762042536549915e-01,2.305717576205777775e+00,7.154903548106537059e-01,1.112647774161824810e+00
2.686999999999999886e+02,3.503770478976164782e+00,8.640519627105006650e-01,2.302798386234910399e+00,7.131979014631864011e-01,1.110558053053526395e+00
2.688000000000000114e+02,3.507661993745567752e+00,8.615017276938858881e-01,2.300328370267382017e+00,7.122280946599157669e-01,1.110586633049230443e+00
2.689000000000000341e+02,3.509779589252273180e+00,8.596467538698799871e-01,2.297572408922246456e+00,7.111057334002734986e-01,1.108338294443123706e+00
2.690000000000000000e+02,3.511695237607729059e+00,8.589002856479355241e-01,2.296091937953418594e+00,7.110627846197119517e-01,1.107537478798503505e+00
2.691000000000000227e+02,3.517948009524572317e+00,8.594384356320461382e-01,2.297139369307545476e+00,7.121789936528150067e-01,1.108841433077650152e+00
2.691999999999999886e+02,3.519920527045429459e+00,8.605373903116939616e-01,2.299530164590025461e+00,7.138002785030221897e-01,1.110958279452322506e+00
2.693000000000000114e+02,3.524567935023099619e+00,8.622256268382266775e-01,2.301174665095526706e+00,7.148614163160897927e-01,1.112529237888874922e+00
2.694000000000000341e+02,3.532534699239835430e+00,8.646517154173690711e-01,2.304216248507442888e+00,7.171774110425783721e-01,1.114882922515813446e+00
2.695000000000000000e+02,3.536667381343260086e+00,8.669838459064233005e-01,2.306029726768611177e+00,7.189628400976798561e-01,1.117277863713862951e+00
2.696000000000000227e+02,3.544071994569539363e+00,8.687927331293449074e-01,2.307421590970060166e+00,7.203193159960747938e-01,1.118391841029592326e+00
2.696999999999999886e+02,3.554144881224805985e+00,8.706106358308992599e-01,2.309661308111914391e+00,7.220449017023398142e-01,1.120742705025472574e+00
2.698000000000000114e+02,3.561078512441374855e+00,8.722422850525852756e-01,2.310876571480666719e+00,7.236663229208313286e-01,1.122674799125173539e+00
2.699000000000000341e+02,3.568384800724877959e+00,8.732343334902661347e-01,2.312548881361041531e+00,7.262287140754161152e-01,1.126216807323920488e+00
2.700000000000000000e+02,3.576316597842933209e+00,8.746844042071432179e-01,2.314690292965604801e+00,7.293075254735021939e-01,1.129539448023866077e+00
2.701000000000000227e+02,3.580590454422301061e+00,8.766709267129931815e-01,2.317411574548870590e+00,7.308888771290742437e-01,1.131713760959208503e+00
2.701999999999999886e+02,3.584163264420798800e+00,8.787130049385155628e-01,2.318446541857082988e+00,7.323002503674866936e-01,1.133196661779191095e+00
2.703000000000000114e+02,3.586642777893704448e+00,8.802774684490518586e-01,2.319053437409758889e+00,7.331799114614195867e-01,1.135284431953913487e+00
2.704000000000000341e+02,3.591128485280129290e+00,8.811951383490237433e-01,2.319507662149813854e+00,7.336340808175564332e-01,1.135722280647219362e+00
2.705000000000000000e+02,3.596963926108530440e+00,8.811206017913338906e-01,2.317116818601392403e+00,7.334794452007427079e-01,1.135560133736671418e+00
2.706000000000000227e+02,3.601086874809488414e+00,8.794183783846897251e-01,2.313666348551883800e+00,7.327650110496204405e-01,1.134165015170088608e+00
2.706999999999999886e+02,3.605061837158895610e+00,8.779230249179515999e-01,2.312284486165994579e+00,7.320285001361342969e-01,1.133188740221547697e+00
2.708000000000000114e+02,3.607741375853678711e+00,8.761109129552999697e-01,2.308570036910801981e+00,7.311928993721824588e-01,1.133783547013199167e+00
2.709000000000000341e+02,3.607165300949949582e+00,8.740842815437441793e-01,2.304575533460147874e+00,7.301727977496192956e-01,1.132622633838748172e+00
2.710000000000000000e+02,3.609891499999335451e+00,8.730444542503941197e-01,2.301591052964097717e+00,7.308350230753926091e-01,1.133829482969451297e+00
2.711000000000000227e+02,3.610913456660649778e+00,8.730542445952276243e-01,2.300359609931367899e+00,7.313177222374621644e-01,1.133216801512028304e+00
2.711999999999999886e+02,3.615537588184220663e+00,8.743872767028598725e-01,2.300740532007370831e+00,7.313096803782050959e-01,1.133781684347497265e+00
2.713000000000000114e+02,3.620919752034332362e+00,8.764524686612489290e-01,2.298967094945957523e+00,7.310220874632595844e-01,1.133190612548857779e+00
2.714000000000000341e+02,3.624173684185433508e+00,8.778103662878399271e-01,2.299416572256941738e+00,7.329104771265506635e-01,1.135020781624798580e+00
2.715000000000000000e+02,3.630623119992468339e+00,8.799589438683111942e-01,2.300355003135809984e+00,7.343473621939168305e-01,1.136374448197215559e+00
2.716000000000000227e+02,3.631120026599619965e+00,8.812766953429995720e-01,2.300599106209385791e+00,7.356439650640769212e-01,1.137590858704541574e+00
2.716999999999999886e+02,3.631055427709414918e+00,8.808513289269702673e-01,2.300388851135675594e+00,7.358215019275194946e-01,1.136649448565611342e+00
2.718000000000000114e+02,3.632595728665510837e+00,8.799369207994195419e-01,2.299482622851019897e+00,7.347125880188817293e-01,1.135746436376403823e+00
2.719000000000000341e+02,3.634531967475610248e+00,8.794164768012977529e-01,2.299968194357800311e+00,7.335459211357403531e-01,1.136675408651934616e+00
2.720000000000000000e+02,3.634279728527740616e+00,8.787008936460822817e-01,2.298953047286873552e+00,7.303842537764120291e-01,1.134118903288419355e+00
2.721000000000000227e+02,3.643323544177069717e+00,8.775660228606280144e-01,2.296317055928824402e+00,7.276348473641993664e-01,1.133734551298463344e+00
2.721999999999999886e+02,3.646998069798469633e+00,8.752970912342099563e-01,2.291224384939957393e+00,7.252946809203898448e-01,1.131602771875256597e+00
2.723000000000000114e+02,3.648515243436741606e+00,8.723537449827183377e-01,2.286186190555665743e+00,7.232225061368453556e-01,1.130559057709149773e+00
2.724000000000000341e+02,3.651743730646106023e+00,8.701567728040083827e-01,2.283777433447534033e+00,7.214248833629561819e-01,1.127999435150504270e+00
2.725000000000000000e+02,3.656258149700831517e+00,8.677764282333680912e-01,2.281255251411412388e+00,7.186177447123407447e-01,1.127238350643851472e+00
2.726000000000000227e+02,3.654529426538934977e+00,8.644520759292864120e-01,2.277886536770627579e+00,7.148744048749499091e-01,1.124197127700866883e+00
2.726999999999999886e+02,3.654156060626328362e+00,8.612004447725772893e-01,2.275068049857666086e+00,7.106556109962705037e-01,1.121344815162221176e+00
2.728000000000000114e+02,3.652779069350736485e+00,8.579993134089585194e-01,2.271513494065182659e+00,7.058659339436219593e-01,1.116173366912483145e+00
2.729000000000000341e+02,3.651475710019079113e+00,8.550196421780744682e-01,2.268558774453846905e+00,7.014594428534453030e-01,1.111718119737126198e+00
2.730000000000000000e+02,3.654581347018848625e+00,8.528508549555632312e-01,2.265503724111185502e+00,6.971094352849722675e-01,1.108483203905263448e+00
2.731000000000000227e+02,3.660723203483355892e+00,8.513926973839459622e-01,2.263790486105925925e+00,6.950961624536308170e-01,1.107901471974464203e+00
2.731999999999999886e+02,3.667745534647508521e+00,8.510223575865363266e-01,2.262172761663368448e+00,6.955866158809047572e-01,1.107919483922051418e+00
2.733000000000000114e+02,3.674285674966375925e+00,8.526643682622763176e-01,2.262503803751983344e+00,6.969454952477363019e-01,1.111095268359566957e+00
2.734000000000000341e+02,3.681512609055584306e+00,8.539906354510465869e-01,2.263420147024212792e+00,6.987781418147992474e-01,1.112200494550297680e+00
2.735000000000000000e+02,3.684327243685033615e+00,8.547931351951564283e-01,2.264708744358441717e+00,6.993567402882933104e-01,1.113556471468648112e+00
2.736000000000000227e+02,3.692687303562839585e+00,8.560493917316445156e-01,2.265002223351195276e+00,7.006429862498582128e-01,1.113747679652602462e+00
2.736999999999999886e+02,3.696197437523825347e+00,8.581143797271609808e-01,2.266453847159063173e+00,7.014398232040636172e-01,1.115315051323257922e+00
2.738000000000000114e+02,3.698252688412144717e+00,8.604857524926798895e-01,2.268109143717185638e+00,7.048693924274115341e-01,1.118478362145184812e+00
2.739000000000000341e+02,3.706921825948667593e+00,8.641191346924516070e-01,2.271050426211693285e+00,7.082872248290748018e-01,1.123610267814903363e+00
2.740000000000000000e+02,3.706296781112982330e+00,8.671394365427612660e-01,2.273034616601637303e+00,7.119839556592875152e-01,1.128717831254784087e+00
2.741000000000000227e+02,3.702479738310478385e+00,8.690278202093867366e-01,2.273843598093542528e+00,7.149333487435280965e-01,1.131034902776268503e+00
2.741999999999999886e+02,3.705542497707210003e+00,8.692490588543557717e-01,2.273671567258681137e+00,7.162678495361808340e-01,1.132969865346253213e+00
2.743000000000000114e+02,3.707759126127676108e+00,8.689430026411246732e-01,2.272354116058169726e+00,7.167859711390845989e-01,1.132463170323410706e+00
2.744000000000000341e+02,3.708591233169472368e+00,8.683530033096429346e-01,2.270300878593494165e+00,7.169207959020817977e-01,1.133113876505216000e+00
2.745000000000000000e+02,3.700942242831796847e+00,8.661613672522392449e-01,2.267034711128456337e+00,7.163418175736353533e-01,1.133182587970510635e+00
2.746000000000000227e+02,3.694799128295050750e+00,8.640091098029428762e-01,2.263306364343472765e+00,7.154226012750153352e-01,1.131941227107470027e+00
2.746999999999999886e+02,3.692428135075050299e+00,8.625532639312148975e-01,2.260684158541975464e+00,7.132376695464710536e-01,1.130214893363699513e+00
2.748000000000000114e+02,3.694185650013080302e+00,8.611767583919123226e-01,2.259129438394878786e+00,7.113412286495653936e-01,1.129042002928771327e+00
2.749000000000000341e+02,3.693651176858416818e+00,8.589127390175947951e-01,2.255026111622702611e+00,7.072995660683231156e-01,1.126832016553451332e+00
2.750000000000000000e+02,3.692123134264860607e+00,8.570504313293267895e-01,2.251535272338348381e+00,7.052221447715708580e-01,1.124256547862492628e+00
2.751000000000000227e+02,3.691010591219337389e+00,8.544492401386911684e-01,2.246010450617427878e+00,7.047514190773080944e-01,1.125798148131671894e+00
2.751999999999999886e+02,3.685973392702171836e+00,8.525905264322218846e-01,2.242371210870173215e+00,7.039135617252904042e-01,1.126221018442416399e+00
2.753000000000000114e+02,3.685078386637456571e+00,8.525380537085399668e-01,2.242199302400228245e+00,7.031582478984906848e-01,1.126622049323199981e+00
2.754000000000000341e+02,3.687300895153718283e+00,8.518392276766859617e-01,2.242338451391000298e+00,7.013066925307384070e-01,1.126661288938616279e+00
2.755000000000000000e+02,3.686713555191094116e+00,8.510029591685316364e-01,2.242456727266305183e+00,7.008349591199968254e-01,1.126783756842780315e+00
2.756000000000000227e+02,3.683297794148196136e+00,8.519529466002611073e-01,2.244421221792032295e+00,7.005631682210178290e-01,1.127845227922637417e+00
2.756999999999999886e+02,3.686150317824680389e+00,8.537593171165602790e-01,2.248744685674187949e+00,7.010121417673293998e-01,1.129576477444629523e+00
2.758000000000000114e+02,3.683760954026057632e+00,8.553953845206929696e-01,2.253816607109034198e+00,7.027964765146301751e-01,1.132788373040498398e+00
2.759000000000000341e+02,3.687725214883037506e+00,8.580876523412905854e-01,2.258410852686376202e+00,7.049206347649383808e-01,1.134905361892063258e+00
2.760000000000000000e+02,3.682136915993117654e+00,8.601092210894120127e-01,2.261633811167540475e+00,7.067916192480883097e-01,1.137617511234691792e+00
2.761000000000000227e+02,3.679883159379899737e+00,8.618622400018826069e-01,2.263774517139426568e+00,7.071884406858283123e-01,1.137925503594490850e+00
2.761999999999999886e+02,3.680761568158116503e+00,8.639165608826275822e-01,2.265596455459907954e+00,7.070569215026771825e-01,1.140041830202785933e+00
2.763000000000000114e+02,3.683469054590172931e+00,8.643911703743417663e-01,2.265694730419475000e+00,7.064556333139978550e-01,1.140230721483715737e+00
2.764000000000000341e+02,3.686423086281179540e+00,8.644142512506308718e-01,2.265602872358313924e+00,7.069629163376227599e-01,1.141068304750813889e+00
2.765000000000000000e+02,3.681323813159058655e+00,8.638108050117020431e-01,2.265696266240305068e+00,7.062062026559953187e-01,1.140500816037252951e+00
2.766000000000000227e+02,3.680658200830812188e+00,8.633809398505921662e-01,2.266157043722309972e+00,7.043833364331111291e-01,1.141110531583722665e+00
2.766999999999999886e+02,3.680602769757930215e+00,8.629805656506662759e-01,2.265253814543876754e+00,7.018370296980359635e-01,1.139279798992475223e+00
2.768000000000000114e+02,3.680724294554672760e+00,8.623957398781275652e-01,2.261943589381972153e+00,6.991381977423357652e-01,1.136974264625587816e+00
2.769000000000000341e+02,3.679096541242395713e+00,8.619703653040353686e-01,2.258812372811210611e+00,6.970672211888291336e-01,1.137573407420986893e+00
2.770000000000000000e+02,3.676081012168122442e+00,8.626499241772964677e-01,2.257619651130099658e+00,6.968758132093942903e-01,1.139986489147530202e+00
2.771000000000000227e+02,3.678155256583583110e+00,8.654994100245024802e-01,2.257862416893073210e+00,6.978285807305233401e-01,1.142608106858692407e+00
2.771999999999999886e+02,3.679533566021094160e+00,8.687381317201243736e-01,2.261401030466602347e+00,6.994765984030276718e-01,1.145558816302908012e+00
2.773000000000000114e+02,3.682893859207482468e+00,8.702669582817355032e-01,2.263921533223086424e+00,7.013598051131945121e-01,1.148359504081136073e+00
2.774000000000000341e+02,3.682748043175211095e+00,8.725196166130113617e-01,2.266489905865238352e+00,7.010469893066386682e-01,1.148822765089677844e+00
2.775000000000000000e+02,3.695272439947463461e+00,8.749836935868205989e-01,2.270924843701288776e+00,7.001829936731872595e-01,1.149230424506408221e+00
2.776000000000000227e+02,3.699061702035614463e+00,8.765783554267445599e-01,2.273847404526408322e+00,6.999938440614380530e-01,1.151083699194066501e+00
2.776999999999999886e+02,3.698448735665868181e+00,8.771654754869321335e-01,2.274183845703611873e+00,6.987098365264123867e-01,1.150766479283631183e+00
2.778000000000000114e+02,3.700337588188645555e+00,8.780132990113748148e-01,2.275450492717214335e+00,6.983142451267136952e-01,1.152321012224829966e+00
2.779000000000000341e+02,3.701852644027904926e+00,8.790730849986081452e-01,2.278113883213364499e+00,6.978633716245791208e-01,1.152515647071523208e+00
2.780000000000000000e+02,3.700313410715502460e+00,8.794189265286520563e-01,2.281156122266888797e+00,6.987188594324218460e-01,1.154249821954972166e+00
2.781000000000000227e+02,3.698141085492342217e+00,8.793272145948112239e-01,2.282536957495922891e+00,6.978892913260058561e-01,1.154181391663444467e+00
2.781999999999999886e+02,3.701975973821572730e+00,8.789790871797364957e-01,2.282520194823394188e+00,6.962192707959590221e-01,1.153854265182955530e+00
2.783000000000000114e+02,3.699716599118002325e+00,8.778608063255671778e-01,2.281425145490086237e+00,6.957185099329213918e-01,1.152913339022042516e+00
2.784000000000000341e+02,3.700152911754720275e+00,8.768573502037998457e-01,2.279506316874831295e+00,6.955325569084468418e-01,1.153886776191504371e+00
2.785000000000000000e+02,3.702777635526513844e+00,8.762931503164781422e-01,2.279269874751768121e+00,6.950890468433931213e-01,1.154745148779038777e+00
2.786000000000000227e+02,3.699579875516648908e+00,8.765882860508799057e-01,2.280628866408666688e+00,6.966788142314723764e-01,1.156989919056464755e+00
2.786999999999999886e+02,3.695540858370618853e+00,8.771255915050669705e-01,2.282682634688245393e+00,6.970018221458480490e-01,1.157880129211909415e+00
2.788000000000000114e+02,3.692227397872849703e+00,8.781772495589905692e-01,2.285263007740487851e+00,6.988808014987086814e-01,1.160361595919710442e+00
2.789000000000000341e+02,3.702006471006655808e+00,8.799013462197660118e-01,2.288606213910100440e+00,7.009031923590384183e-01,1.163226752089924876e+00
2.790000000000000000e+02,3.706297060531326792e+00,8.831536083648945379e-01,2.290288881133429211e+00,7.040537714576530215e-01,1.166640508668914444e+00
2.791000000000000227e+02,3.700483785984016727e+00,8.869166654180195009e-01,2.290265635297374480e+00,7.052317786679780376e-01,1.168669099425399205e+00
2.791999999999999886e+02,3.701782574499562273e+00,8.909393138336469953e-01,2.290971826578262149e+00,7.079156785088347448e-01,1.172170930683413159e+00
2.793000000000000114e+02,3.699469136526869040e+00,8.941641602818661827e-01,2.291043009023954191e+00,7.109950286722488411e-01,1.175918260777171209e+00
2.794000000000000341e+02,3.698694820282532714e+00,8.957512925043810137e-01,2.290625733840323086e+00,7.138254900123648383e-01,1.179451283122411320e+00
2.795000000000000000e+02,3.700577420568064824e+00,8.962537818101616871e-01,2.291294469107222120e+00,7.129845630313657034e-01,1.179993292370213664e+00
2.796000000000000227e+02,3.700898807200693863e+00,8.958409960613711309e-01,2.289784812254754609e+00,7.119591125128167386e-01,1.180693837528312695e+00
2.796999999999999886e+02,3.700225480491118990e+00,8.944884563148830514e-01,2.284990443622110234e+00,7.090710230056717078e-01,1.178805962027838383e+00
2.798000000000000114e+02,3.693837713900980368e+00,8.917118641632678644e-01,2.279094318332986813e+00,7.061790034967431184e-01,1.176535277998831397e+00
2.799000000000000341e+02,3.695963477423100496e+00,8.890047830744844948e-01,2.274035371346084133e+00,7.041313723605718833e-01,1.175627361555250827e+00
2.800000000000000000e+02,3.692859637343451240e+00,8.860156845952680271e-01,2.271385996067038171e+00,7.014853583613045451e-01,1.173178743098418408e+00
2.801000000000000227e+02,3.687992805402856344e+00,8.829009894860411212e-01,2.269409542657683687e+00,6.983156242618078213e-01,1.172236352781813373e+00
2.801999999999999886e+02,3.690641675785075737e+00,8.797612846005291587e-01,2.268388180909147955e+00,6.952559168010467028e-01,1.169695356252794527e+00
2.803000000000000114e+02,3.690375439526527579e+00,8.764652418194264216e-01,2.266257231909629244e+00,6.936019832796522788e-01,1.167272424599284042e+00
2.804000000000000341e+02,3.688327164719912510e+00,8.748059036572930491e-01,2.263402167042419588e+00,6.909267645421043325e-01,1.165663062968234298e+00
2.805000000000000000e+02,3.682415603383863978e+00,8.730861768076839668e-01,2.260368888419826305e+00,6.890936322591399987e-01,1.164164877887996496e+00
2.806000000000000227e+02,3.680617091873312319e+00,8.717140000512781928e-01,2.258295086813803643e+00,6.861870663089433275e-01,1.162171222590338227e+00
2.806999999999999886e+02,3.680401896642655046e+00,8.717599099508935856e-01,2.258564342039279804e+00,6.863612441410261722e-01,1.162593859119018802e+00
2.808000000000000114e+02,3.686043137032270600e+00,8.719444832088392161e-01,2.259708130394681991e+00,6.880225324206536985e-01,1.165347936396122774e+00
2.809000000000000341e+02,3.683077878733819421e+00,8.731845588345508169e-01,2.260762954517098411e+00,6.902399615830496771e-01,1.168432095722848452e+00
2.810000000000000000e+02,3.675390084602164542e+00,8.754747313545580001e-01,2.264380240280265522e+00,6.926665854455151816e-01,1.172404881346737815e+00
2.811000000000000227e+02,3.682134636829605956e+00,8.788276438607764973e-01,2.269666867442138969e+00,6.952916275906338983e-01,1.176588050575837041e+00
2.811999999999999886e+02,3.681783424235959057e+00,8.826214925352847684e-01,2.275036524266401017e+00,6.975208787736044691e-01,1.180465487933292978e+00
2.813000000000000114e+02,3.685316080454160481e+00,8.854692613902481746e-01,2.279283821508481189e+00,7.013614424651437584e-01,1.185575091839457862e+00
2.814000000000000341e+02,3.688231762986935003e+00,8.881209898531259306e-01,2.283357332301417131e+00,7.050007049830585570e-01,1.190772723092109686e+00
2.815000000000000000e+02,3.689268867060366386e+00,8.911583168461948423e-01,2.286765362185373629e+00,7.101925719214957633e-01,1.196956927936505766e+00
2.816000000000000227e+02,3.690145580972611583e+00,8.927243685133049445e-01,2.289508550262399300e+00,7.143953040383412834e-01,1.201853605578954376e+00
2.816999999999999886e+02,3.695188641973366384e+00,8.930876043523920949e-01,2.292208051370698829e+00,7.187738428851448980e-01,1.207521060681689962e+00
2.818000000000000114e+02,3.696707815846477452e+00,8.935331597902211875e-01,2.293227798151838748e+00,7.234043735575009793e-01,1.212418359200799989e+00
2.819000000000000341e+02,3.693989741507346380e+00,8.946194544205704480e-01,2.296437376561134336e+00,7.259416289661635435e-01,1.215196511801184043e+00
2.820000000000000000e+02,3.700945761500394671e+00,8.948104923506015052e-01,2.298665966446393316e+00,7.274947026737830225e-01,1.216680370898299612e+00
2.821000000000000227e+02,3.704746838953012045e+00,8.941894404606393065e-01,2.298409154775226337e+00,7.278496558079903256e-01,1.217176849406712114e+00
2.821999999999999886e+02,3.703189033296960364e+00,8.930276809016640671e-01,2.298621307928751190e+00,7.273388127783967372e-01,1.218693275174093760e+00
2.823000000000000114e+02,3.694055442976255321e+00,8.913768199491581834e-01,2.296382141088697981e+00,7.250030028692655559e-01,1.216745017459609723e+00
2.824000000000000341e+02,3.688678920447861831e+00,8.892291674269626744e-01,2.292925555880174215e+00,7.235074534023764325e-01,1.216736824518179549e+00
2.825000000000000000e+02,3.681545321110490931e+00,8.876165908270041704e-01,2.289684715232105372e+00,7.229229824374687752e-01,1.215282887196007300e+00
2.826000000000000227e+02,3.679110880852882293e+00,8.862165514473591132e-01,2.287901748393782686e+00,7.225323072009611769e-01,1.213920309214647553e+00
2.826999999999999886e+02,3.676256125772435102e+00,8.852350412665710433e-01,2.286478069037160221e+00,7.221601183307622129e-01,1.212245320209716759e+00
2.828000000000000114e+02,3.667579756050940443e+00,8.857286977540592687e-01,2.286580372907676573e+00,7.220869117648134328e-01,1.212328788328665308e+00
2.829000000000000341e+02,3.667255216603093615e+00,8.876124164365116753e-01,2.289714949502403840e+00,7.220805909701226710e-01,1.212419293519342745e+00
2.830000000000000000e+02,3.666960924279922374e+00,8.896110630105477091e-01,2.293725666563280807e+00,7.226065630916834737e-01,1.213241600376240514e+00
2.831000000000000227e+02,3.672568644909515623e+00,8.914182604185812986e-01,2.296112721556302194e+00,7.236482567402549027e-01,1.213630021018091698e+00
2.831999999999999886e+02,3.672434053065613213e+00,8.923694613427753941e-01,2.297272714872603760e+00,7.239905947005048636e-01,1.212814528513020962e+00
2.833000000000000114e+02,3.670167947382604101e+00,8.918014214757028491e-01,2.296003528490516921e+00,7.224893517555457390e-01,1.212494951859347081e+00
2.834000000000000341e+02,3.667254493304361151e+00,8.907394823801967343e-01,2.295281627217538922e+00,7.211674195668533738e-01,1.211353479195031113e+00
2.835000000000000000e+02,3.671191570843963081e+00,8.887091990430866506e-01,2.294980262855346176e+00,7.199468531216006717e-01,1.209444916256910085e+00
2.836000000000000227e+02,3.671153101464364354e+00,8.865834299443711153e-01,2.294787794898299982e+00,7.208101260004111666e-01,1.210371156554101990e+00
2.836999999999999886e+02,3.671135788591716853e+00,8.856449254640812452e-01,2.294451439986287422e+00,7.226982921484441658e-01,1.210628753622364995e+00
2.838000000000000114e+02,3.674917055374869790e+00,8.853259407950356819e-01,2.296570516956712549e+00,7.252579359316587704e-01,1.211398790558674943e+00
2.839000000000000341e+02,3.671568651821101259e+00,8.847968801858616672e-01,2.295354119296655782e+00,7.274767897161948937e-01,1.211942451611185634e+00
2.840000000000000000e+02,3.674129472691628262e+00,8.836709307663123125e-01,2.294205423740326211e+00,7.278324211425020174e-01,1.211661769185782944e+00
2.841000000000000227e+02,3.680198305036246786e+00,8.839154714495920384e-01,2.295651497200123625e+00,7.283452424196700248e-01,1.213414718438927009e+00
2.841999999999999886e+02,3.683862102023005125e+00,8.842071467564043274e-01,2.297671162740478668e+00,7.290018505876553201e-01,1.214389811145178522e+00
2.843000000000000114e+02,3.688601629738763155e+00,8.857116896527366112e-01,2.300321252713421138e+00,7.297191569863082927e-01,1.214572179536335783e+00
2.844000000000000341e+02,3.697233604201949131e+00,8.870469409997070453e-01,2.302631917956167840e+00,7.308988502312352420e-01,1.215267788519316383e+00
2.845000000000000000e+02,3.711109833544454784e+00,8.881249289030895833e-01,2.304379894984821320e+00,7.300852464247729046e-01,1.214964502445377903e+00
2.846000000000000227e+02,3.720882893077091857e+00,8.897826592455885253e-01,2.307064810922440756e+00,7.312312875895320419e-01,1.216416037801384187e+00
2.846999999999999886e+02,3.728776257224582391e+00,8.934010466176912635e-01,2.311207196132209152e+00,7.332850988588892616e-01,1.219422613742397132e+00
2.848000000000000114e+02,3.739666850348455807e+00,8.982835433813981529e-01,2.315921883931884473e+00,7.360535368891569785e-01,1.221715236058235510e+00
2.849000000000000341e+02,3.746857308249807783e+00,9.028359050090022375e-01,2.322695903775268800e+00,7.397614907864624723e-01,1.224448215702289122e+00
2.850000000000000000e+02,3.752376042591311300e+00,9.068639596824725757e-01,2.330008194226167451e+00,7.421362101227898522e-01,1.225712549066592993e+00
2.851000000000000227e+02,3.762749371580600855e+00,9.113029510967798341e-01,2.336498150940713003e+00,7.441993902516664816e-01,1.227272976303097840e+00
2.851999999999999886e+02,3.771592272244920441e+00,9.145892075114622211e-01,2.343345979074994201e+00,7.458790423764428690e-01,1.228713105030641239e+00
2.853000000000000114e+02,3.782763426599424772e+00,9.181011630715374405e-01,2.349467321636085959e+00,7.488838684112992805e-01,1.233072908531140932e+00
2.854000000000000341e+02,3.780175712549406875e+00,9.231152628449269537e-01,2.355718411374402965e+00,7.513439903293231970e-01,1.235372191558845145e+00
2.855000000000000000e+02,3.785488122767731944e+00,9.287661782051178649e-01,2.360569486264612493e+00,7.526540630698038692e-01,1.237759758466500992e+00
2.856000000000000227e+02,3.792150949271547056e+00,9.329275948581631228e-01,2.365176856298387698e+00,7.531832832006903899e-01,1.239521804379386305e+00
2.856999999999999886e+02,3.795572245220721452e+00,9.352775906835029129e-01,2.369517481549250348e+00,7.533831714438705696e-01,1.239263890422669601e+00
2.858000000000000114e+02,3.800789980216467079e+00,9.368154966473221101e-01,2.372886744986803631e+00,7.541034078554590403e-01,1.238495646982471943e+00
2.859000000000000341e+02,3.802401624542493419e+00,9.373999771781141854e-01,2.376971993372342773e+00,7.543906343809994031e-01,1.239567516836155292e+00
2.860000000000000000e+02,3.803610197748235056e+00,9.387516058518340367e-01,2.379244276347022069e+00,7.550512877872734840e-01,1.239026643294794505e+00
2.861000000000000227e+02,3.805400270344720948e+00,9.394586253798804520e-01,2.382650828332309345e+00,7.572988167397569637e-01,1.242403548931854340e+00
2.861999999999999886e+02,3.805496421994290390e+00,9.397892947858390578e-01,2.384463400486692031e+00,7.585322529196131258e-01,1.242480150963718888e+00
2.863000000000000114e+02,3.804911732955650994e+00,9.408262090625488794e-01,2.386080715128563234e+00,7.597655344515047426e-01,1.243485053287153974e+00
2.864000000000000341e+02,3.800362325121034335e+00,9.414898925032242349e-01,2.389416740916360027e+00,7.597375270208135412e-01,1.244070293259172511e+00
2.865000000000000000e+02,3.805009245627295922e+00,9.427751914120325871e-01,2.393099638196110046e+00,7.600094070596772333e-01,1.244324801588650775e+00
2.866000000000000227e+02,3.802433552374775427e+00,9.435750741877383385e-01,2.396652950000535132e+00,7.610649716922552876e-01,1.247062605488631126e+00
2.866999999999999886e+02,3.800937641770838482e+00,9.435322016222457142e-01,2.399362536397992685e+00,7.613698068988464795e-01,1.246254439363743804e+00
2.868000000000000114e+02,3.799584682451866424e+00,9.445429606885000773e-01,2.403172848821476748e+00,7.598048003885133905e-01,1.243590482972241951e+00
2.869000000000000341e+02,3.803075955760872873e+00,9.452404477733471477e-01,2.408565409224361797e+00,7.615019073748049427e-01,1.243024647530927229e+00
2.870000000000000000e+02,3.805005402931123992e+00,9.459610613229563203e-01,2.411006443776235741e+00,7.653782770656961665e-01,1.247182692561715101e+00
2.871000000000000227e+02,3.807291173560819697e+00,9.474607572649843545e-01,2.409724970276408307e+00,7.684128957428213447e-01,1.247375383194032183e+00
2.871999999999999886e+02,3.813358304168520618e+00,9.493131857273695573e-01,2.408220134760336251e+00,7.699764722086014368e-01,1.248010278370906612e+00
2.873000000000000114e+02,3.810427517002547670e+00,9.500846994499196896e-01,2.409488682586036212e+00,7.702174423872275577e-01,1.249570371042917127e+00
2.874000000000000341e+02,3.810192533380484470e+00,9.516592530822487461e-01,2.412706226964017375e+00,7.730734994305038521e-01,1.252100769952177561e+00
2.875000000000000000e+02,3.814646847466100610e+00,9.537462230358576543e-01,2.414319909742090431e+00,7.767210835325568663e-01,1.255873000173515885e+00
2.876000000000000227e+02,3.814920065042789243e+00,9.541638591003122061e-01,2.416889597532366540e+00,7.808431409155937031e-01,1.258315229241597333e+00
2.876999999999999886e+02,3.822641514993154743e+00,9.554265378358208771e-01,2.421400521175000264e+00,7.841671660444555769e-01,1.260713753933115466e+00
2.878000000000000114e+02,3.826345220181703422e+00,9.566637736514161938e-01,2.425357112818716576e+00,7.865209308926408571e-01,1.262226048205273399e+00
2.879000000000000341e+02,3.827384161657239492e+00,9.582677845267429939e-01,2.430099063119322444e+00,7.913771925684758290e-01,1.268311336434890801e+00
2.880000000000000000e+02,3.830013325924638057e+00,9.602273929297919786e-01,2.436187623906846955e+00,7.959227522841398894e-01,1.275064807014465451e+00
2.881000000000000227e+02,3.835010182209440455e+00,9.612459143694714880e-01,2.440519443250841469e+00,8.010643994665886947e-01,1.278916600599578235e+00
2.881999999999999886e+02,3.839721747189259293e+00,9.624255550893185962e-01,2.445405006579188356e+00,8.024779035555554829e-01,1.279478900931620755e+00
2.883000000000000114e+02,3.848771350285186799e+00,9.626354602666215010e-01,2.450064986196043293e+00,8.008911391792216117e-01,1.275676042103206065e+00
2.884000000000000341e+02,3.857499656106833541e+00,9.612085928997230466e-01,2.453263834489484818e+00,7.987193619868679928e-01,1.271471745856315838e+00
2.885000000000000000e+02,3.870597535309860948e+00,9.604265189762850596e-01,2.456279635601673839e+00,7.974761577007671853e-01,1.269165626343711439e+00
2.886000000000000227e+02,3.878493707193105600e+00,9.603041901081857956e-01,2.458392908002873245e+00,7.981783265619877277e-01,1.269388129260604181e+00
2.886999999999999886e+02,3.896570272622555287e+00,9.628909226455185655e-01,2.462071061456591714e+00,8.020718086729721197e-01,1.272269389760342539e+00
2.888000000000000114e+02,3.915694195315184256e+00,9.683513024898684485e-01,2.467995500172800227e+00,8.071705808598111931e-01,1.277618426545211294e+00
2.889000000000000341e+02,3.921002483682827666e+00,9.722410632903424332e-01,2.473947016238210228e+00,8.113734451076027865e-01,1.284112611406060811e+00
2.890000000000000000e+02,3.926551812369060368e+00,9.741606956115299587e-01,2.479214701606601512e+00,8.152425567055198163e-01,1.289769835814313925e+00
2.891000000000000227e+02,3.937330365684298616e+00,9.760899234984389272e-01,2.483223058240792369e+00,8.155171441736942528e-01,1.289459066322700354e+00
2.891999999999999886e+02,3.949628938255299371e+00,9.791818995871374165e-01,2.486931673217983363e+00,8.167842855067271035e-01,1.291429314483392155e+00
2.893000000000000114e+02,3.956792894023175577e+00,9.819674681603748345e-01,2.492228196654531658e+00,8.186204062761812672e-01,1.293771170565729767e+00
2.894000000000000341e+02,3.963938094965555159e+00,9.857030468065638429e-01,2.497964971418990210e+00,8.216616944795390731e-01,1.297518498351602823e+00
2.895000000000000000e+02,3.978522936379838004e+00,9.896955375643025077e-01,2.505484456046893182e+00,8.244067345430048377e-01,1.300840198217727117e+00
2.896000000000000227e+02,3.985942283703052258e+00,9.926816357151235781e-01,2.512469044917870153e+00,8.276826638584013907e-01,1.302478131823856966e+00
2.896999999999999886e+02,3.989887344265435232e+00,9.964754824795314381e-01,2.516025974902511564e+00,8.318856324409117375e-01,1.306411085380723591e+00
2.898000000000000114e+02,3.997844263916392915e+00,1.001121374680207010e+00,2.522039090177230047e+00,8.329409544641487306e-01,1.309254197236604300e+00
2.899000000000000341e+02,4.010042281260993491e+00,1.005260387480422457e+00,2.531953256904662553e+00,8.329085883936445667e-01,1.308659946464829416e+00
2.900000000000000000e+02,4.014966157542760428e+00,1.009402241458781990e+00,2.541178359779840523e+00,8.339889483307417750e-01,1.308749023277033574e+00
2.901000000000000227e+02,4.023009668167167874e+00,1.015170652598473167e+00,2.551033673541706293e+00,8.367039963201996500e-01,1.309664878291577850e+00
2.901999999999999886e+02,4.031100382058052212e+00,1.022599041544956178e+00,2.559951482141434642e+00,8.402370499870969178e-01,1.313983642889166026e+00
2.903000000000000114e+02,4.037346912901965901e+00,1.031036124519609576e+00,2.570973469401885758e+00,8.462898851657167931e-01,1.319272857296273971e+00
2.904000000000000341e+02,4.053364986637597589e+00,1.038085608882552524e+00,2.580022503765854847e+00,8.515099485759167752e-01,1.325396872271529025e+00
2.905000000000000000e+02,4.061230042362100612e+00,1.043681699269445984e+00,2.586256701979652295e+00,8.549542190133014863e-01,1.330408706424067944e+00
2.906000000000000227e+02,4.064651951837267241e+00,1.047735268048569202e+00,2.590797724070941666e+00,8.594365768320775256e-01,1.336461590248523734e+00
2.906999999999999886e+02,4.072364177514061545e+00,1.051049835334764593e+00,2.593498686239672057e+00,8.625116640663121892e-01,1.338546136633115280e+00
2.908000000000000114e+02,4.074094977264371309e+00,1.051814373282489168e+00,2.596191152588455342e+00,8.640415056840643482e-01,1.341817866368731238e+00
2.909000000000000341e+02,4.077496695058319354e+00,1.050555761652608666e+00,2.592007520606782300e+00,8.646138108300318592e-01,1.343034863165338377e+00
2.910000000000000000e+02,4.078607363183095025e+00,1.049076594469788626e+00,2.585581530911117643e+00,8.630914753950231777e-01,1.343771803632968886e+00
2.911000000000000227e+02,4.084325546698056364e+00,1.049260732477222513e+00,2.580912419686119730e+00,8.633547085258859166e-01,1.345961741634485120e+00
2.911999999999999886e+02,4.099678060103077115e+00,1.050935500882439699e+00,2.580859166824656104e+00,8.649101974591799635e-01,1.349494706870433491e+00
2.913000000000000114e+02,4.093054141788981859e+00,1.053969717014066720e+00,2.580197337365628396e+00,8.668936472936443760e-01,1.355058220846885764e+00
2.914000000000000341e+02,4.099210752371863720e+00,1.055170023252325340e+00,2.583735083729273185e+00,8.668903319221250570e-01,1.357813906000147286e+00
2.915000000000000000e+02,4.102894805415488122e+00,1.056019536493064237e+00,2.590366772556730979e+00,8.688764341035797312e-01,1.360920268948799361e+00
2.916000000000000227e+02,4.109038283825980464e+00,1.058395544285958945e+00,2.593588772348816018e+00,8.691979716516651244e-01,1.362908405096190823e+00
2.916999999999999886e+02,4.112583119598411940e+00,1.060936984793700022e+00,2.595903377889945851e+00,8.709700820100847451e-01,1.367266371932150060e+00
2.918000000000000114e+02,4.132060587325208978e+00,1.062882646816682097e+00,2.596693276174607767e+00,8.710158693350680270e-01,1.369298207194357797e+00
2.919000000000000341e+02,4.147954699218222352e+00,1.064214300311792982e+00,2.598724969716952327e+00,8.678904511546755574e-01,1.364073544737755217e+00
2.920000000000000000e+02,4.155432369074452126e+00,1.064835322533368656e+00,2.599845490889003852e+00,8.629606843400366989e-01,1.360612121671997521e+00
2.921000000000000227e+02,4.159470811274021074e+00,1.063061318161683477e+00,2.600780554489869445e+00,8.581838116833981900e-01,1.355694511819435899e+00
2.921999999999999886e+02,4.152926415845943353e+00,1.061653226586812604e+00,2.601952657547335068e+00,8.541722187527461818e-01,1.354294393800240970e+00
2.923000000000000114e+02,4.160262354190424006e+00,1.062592464767704969e+00,2.606479818873509657e+00,8.521666120743998096e-01,1.356965544172796356e+00
2.924000000000000341e+02,4.164094502297287725e+00,1.062969997130007949e+00,2.610235417522273060e+00,8.512360594630460353e-01,1.355177333411275109e+00
2.925000000000000000e+02,4.174659088864082435e+00,1.063983341973489427e+00,2.614991198837287811e+00,8.534303082009377928e-01,1.360038363051157884e+00
2.926000000000000227e+02,4.181413500105461090e+00,1.067607514407546088e+00,2.620591238264346590e+00,8.580904669478036650e-01,1.364799011086353486e+00
2.926999999999999886e+02,4.189487923848448148e+00,1.072053896936435713e+00,2.630769930438660698e+00,8.629316557552794142e-01,1.373865099488989827e+00
2.928000000000000114e+02,4.201765678650361657e+00,1.075801414980467108e+00,2.642335679307168395e+00,8.661863685502056986e-01,1.376605874069013913e+00
2.929000000000000341e+02,4.228467907023620853e+00,1.080608700137021039e+00,2.652911323599354887e+00,8.706679779973595101e-01,1.381934051565471222e+00
2.930000000000000000e+02,4.245102355069874100e+00,1.084072253898253457e+00,2.657715705457768252e+00,8.733908544698494314e-01,1.385212598753261970e+00
2.931000000000000227e+02,4.251030078715182903e+00,1.084369018607190371e+00,2.659275113435731974e+00,8.767399861240118275e-01,1.386942887449969852e+00
2.931999999999999886e+02,4.260530814312008197e+00,1.085704245364793818e+00,2.662066403206192700e+00,8.782627168042022037e-01,1.389320590085860729e+00
2.933000000000000114e+02,4.266366573034777510e+00,1.087263996177127545e+00,2.665657423761401468e+00,8.760786007928705876e-01,1.388371357229918113e+00
2.934000000000000341e+02,4.278968198539482515e+00,1.088307227402395272e+00,2.671828736127119353e+00,8.743903574866722650e-01,1.387960844838049157e+00
2.935000000000000000e+02,4.286934572715225045e+00,1.091107112016757918e+00,2.675019450569128043e+00,8.760203991859419892e-01,1.390550653536019032e+00
2.936000000000000227e+02,4.298619129692477614e+00,1.094554177225362634e+00,2.678455118845258109e+00,8.805204876978932615e-01,1.397119441707241227e+00
2.936999999999999886e+02,4.299490998072512227e+00,1.099295580822549301e+00,2.686364001787689304e+00,8.867202567302586713e-01,1.403973919462534470e+00
2.938000000000000114e+02,4.325381476774396106e+00,1.105357934525554420e+00,2.695159876653035802e+00,8.946885709493468397e-01,1.413326586032061405e+00
2.939000000000000341e+02,4.328287612103334681e+00,1.113934414122506489e+00,2.704855999734996796e+00,9.025649693408379637e-01,1.424837222488674282e+00
2.940000000000000000e+02,4.346495852760324574e+00,1.121478337526467639e+00,2.718093579984055541e+00,9.068566519269219972e-01,1.428914457818838191e+00
2.941000000000000227e+02,4.348174841629385945e+00,1.127052238487572744e+00,2.729261937699132723e+00,9.118856130842165619e-01,1.435177165381966047e+00
2.941999999999999886e+02,4.346077893347506382e+00,1.132310925292594694e+00,2.743981205150729963e+00,9.159917751752384429e-01,1.440748310316404268e+00
2.943000000000000114e+02,4.363409883617197060e+00,1.139915102725922891e+00,2.758910685166117815e+00,9.194397665834818101e-01,1.446337799230795085e+00
2.944000000000000341e+02,4.371527857368295855e+00,1.145451200101634370e+00,2.768744266494767459e+00,9.202595212226970522e-01,1.445851615918584576e+00
2.945000000000000000e+02,4.385957010502870013e+00,1.147272707082484189e+00,2.779703612091861231e+00,9.182906834551808339e-01,1.441286164962054972e+00
2.946000000000000227e+02,4.370149689404754234e+00,1.147476662987459317e+00,2.783459191372725794e+00,9.128960249252735526e-01,1.439804032429903291e+00
2.946999999999999886e+02,4.357165152113764428e+00,1.144528873124621038e+00,2.786965275273856957e+00,9.044394622446182419e-01,1.432324482078618066e+00
2.948000000000000114e+02,4.357149490967645811e+00,1.142835654927414790e+00,2.789096516769200562e+00,8.932698746575514770e-01,1.421812045193874274e+00
2.949000000000000341e+02,4.355920441722895831e+00,1.138803496543196347e+00,2.783984520747421421e+00,8.866284753684106068e-01,1.414855567558653826e+00
2.950000000000000000e+02,4.346966054402006563e+00,1.133418166076080924e+00,2.775805229608736546e+00,8.797073812667132175e-01,1.407631539748642080e+00
2.951000000000000227e+02,4.356982390965608687e+00,1.128484946667811739e+00,2.765034644038428802e+00,8.785994879982021999e-01,1.405567721208372811e+00
2.951999999999999886e+02,4.348616339069281800e+00,1.123985129211233058e+00,2.755984212924370347e+00,8.827086301614073260e-01,1.410156106969242540e+00
2.953000000000000114e+02,4.346725172864236875e+00,1.120849218134289282e+00,2.748092764306512947e+00,8.898114469641127400e-01,1.417116821546952066e+00
2.954000000000000341e+02,4.337648839357099106e+00,1.119345222145816887e+00,2.738403456443911921e+00,8.929109140717946813e-01,1.420779648820997387e+00
2.955000000000000000e+02,4.337724520742791690e+00,1.121568111863634032e+00,2.733050993631793713e+00,8.990705725233104628e-01,1.424674759968497240e+00
2.956000000000000227e+02,4.349978730054171905e+00,1.124298561881652780e+00,2.729724949310916138e+00,9.049803651585061059e-01,1.432901107125018614e+00
2.956999999999999886e+02,4.350759490361569171e+00,1.123801063833668623e+00,2.727935984126794722e+00,9.092575990199974756e-01,1.439201121348901991e+00
2.958000000000000114e+02,4.354317053663652182e+00,1.124843027286118735e+00,2.724052661212095217e+00,9.167221134358677359e-01,1.448233680490740971e+00
2.959000000000000341e+02,4.362522940290260998e+00,1.126396234268764562e+00,2.721718521716961714e+00,9.205753960257080371e-01,1.452735171477246068e+00
2.960000000000000000e+02,4.348438469116075566e+00,1.129033667133612084e+00,2.725575145462397764e+00,9.235307307278165512e-01,1.453982638444744291e+00
2.961000000000000227e+02,4.352969045091851896e+00,1.133268109953217362e+00,2.733723663512531488e+00,9.272862673107749032e-01,1.458538826290584733e+00
2.961999999999999886e+02,4.369193164664348039e+00,1.137940963294024499e+00,2.742296704178288635e+00,9.318069104738514463e-01,1.463242624591857055e+00
2.963000000000000114e+02,4.387788480194062757e+00,1.144231865050273189e+00,2.751643268144726928e+00,9.363439315488433223e-01,1.467741539262406913e+00
2.964000000000000341e+02,4.415299260762632905e+00,1.151379959447296875e+00,2.765488921815242307e+00,9.396852695854154280e-01,1.476144126983971683e+00
2.965000000000000000e+02,4.450896520958074198e+00,1.159156990946107690e+00,2.776346160219492099e+00,9.455119303646084550e-01,1.481217386301525218e+00
2.966000000000000227e+02,4.482306535016514104e+00,1.167406826336979897e+00,2.792981721168426024e+00,9.475149678615871762e-01,1.486744399159769525e+00
2.966999999999999886e+02,4.515926446266369076e+00,1.175805429144851644e+00,2.810242346536769187e+00,9.503011507925482881e-01,1.493667428731678237e+00
2.968000000000000114e+02,4.527488301957006023e+00,1.187959891619678965e+00,2.823919316465239859e+00,9.510159974421389384e-01,1.499814644198725455e+00
2.969000000000000341e+02,4.545089490550422440e+00,1.197880107221306112e+00,2.833587868126111076e+00,9.505139355063785267e-01,1.506310577980776833e+00
2.970000000000000000e+02,4.575465048670953827e+00,1.207860454693720387e+00,2.844511043204264400e+00,9.546569844355451417e-01,1.514036554474172291e+00
2.971000000000000227e+02,4.594128528785944354e+00,1.218150349877105576e+00,2.857184860929860459e+00,9.556724976181451003e-01,1.522939831968539881e+00
2.971999999999999886e+02,4.595073724853913077e+00,1.223727933162714443e+00,2.869154123910141685e+00,9.571815054136706413e-01,1.525994271689555148e+00
2.973000000000000114e+02,4.602075573217137006e+00,1.228057080978824045e+00,2.874641224730223765e+00,9.487448123061339444e-01,1.520358709586349333e+00
2.974000000000000341e+02,4.597011271376534758e+00,1.230796965248154295e+00,2.877922155651989833e+00,9.407444246664249388e-01,1.510480955915164403e+00
2.975000000000000000e+02,4.566205678586547023e+00,1.235449396058770910e+00,2.883879110395416667e+00,9.292083079695309111e-01,1.506583059954841985e+00
2.976000000000000227e+02,4.565610624364470738e+00,1.237675701598047295e+00,2.898267524852256027e+00,9.264203809557138847e-01,1.506631898779895451e+00
2.976999999999999886e+02,4.541603955435586037e+00,1.240499045287884572e+00,2.909624386285139863e+00,9.222776323639805263e-01,1.502739534042316860e+00
2.978000000000000114e+02,4.561671107851975826e+00,1.241497086622008084e+00,2.910640927165434988e+00,9.248250587978001924e-01,1.505837399325267389e+00
2.979000000000000341e+02,4.518947345424393802e+00,1.235968801395288086e+00,2.906503079511008725e+00,9.282125094817975652e-01,1.500828849207176408e+00
2.980000000000000000e+02,4.489657400709015533e+00,1.232812929410685987e+00,2.898038709599735530e+00,9.323004946169144436e-01,1.498925834860616479e+00
2.981000000000000227e+02,4.459262153028968889e+00,1.230482566472818728e+00,2.890543040773480676e+00,9.343927354274171870e-01,1.499873338468827644e+00
2.981999999999999886e+02,4.430857518818494434e+00,1.225615095073672833e+00,2.884034372880799779e+00,9.358599949981161181e-01,1.505848753972339304e+00
2.983000000000000114e+02,4.414216175605700343e+00,1.214965114652820199e+00,2.872596772742060711e+00,9.327890245885455123e-01,1.504335009120735034e+00
2.984000000000000341e+02,4.386681776184863324e+00,1.205576740603223618e+00,2.854942672959565275e+00,9.294474015139500001e-01,1.501649093383995437e+00
2.985000000000000000e+02,4.385668872420113829e+00,1.191755988959164680e+00,2.839993407314348683e+00,9.269595009765535520e-01,1.495757665153669036e+00
2.986000000000000227e+02,4.375497952056359274e+00,1.189982691512611490e+00,2.838508155540858446e+00,9.314426862236466764e-01,1.496538725643466794e+00
2.986999999999999886e+02,4.396226165064597957e+00,1.196073671338880207e+00,2.864338328828810010e+00,9.321738724540954424e-01,1.493069399331934610e+00
2.988000000000000114e+02,4.417025118205514467e+00,1.201425451627266883e+00,2.914431460248514849e+00,9.277136845312923263e-01,1.482422747375617744e+00
2.989000000000000341e+02,4.444166616170995177e+00,1.210345419818640966e+00,2.971228135154056371e+00,9.222476325651071116e-01,1.478177980732727548e+00
2.990000000000000000e+02,4.505090933757627703e+00,1.221343803903266023e+00,3.020926188935963985e+00,9.247943818337809319e-01,1.479590537994958765e+00
2.991000000000000227e+02,4.518988412215383832e+00,1.231596918037427768e+00,3.045135920176789579e+00,9.288152587947443584e-01,1.480059249513761443e+00
2.991999999999999886e+02,4.550677283759231528e+00,1.233962851094695612e+00,3.074616704752458851e+00,9.251889191477467023e-01,1.466849600058484082e+00
2.993000000000000114e+02,4.556422730802970555e+00,1.230878186943504371e+00,3.088640073909672878e+00,9.214039400832039206e-01,1.454472640522099569e+00
2.994000000000000341e+02,4.566804196175602293e+00,1.225453564470867951e+00,3.088725045793130342e+00,9.221678892803002459e-01,1.444353359325111219e+00
2.995000000000000000e+02,4.581784999206154119e+00,1.209289974504104581e+00,3.086644881874776036e+00,9.389375071188256205e-01,1.453732299058927202e+00
2.996000000000000227e+02,4.584148990681253366e+00,1.209225691974165517e+00,3.078646937057559096e+00,9.591288231582042467e-01,1.445991306623749528e+00
2.996999999999999886e+02,4.584915087158346836e+00,1.225720819455203170e+00,3.048151787735513985e+00,9.564229328048560186e-01,1.450385548229989885e+00
2.998000000000000114e+02,4.595515241380137894e+00,1.224308118190511996e+00,3.015368791663255887e+00,9.357680435037215583e-01,1.415965363812725641e+00
2.999000000000000341e+02,4.589713110425521769e+00,1.210845426259286928e+00,2.981362212168844117e+00,8.994018439255276887e-01,1.383516461793223185e+00
3.000000000000000000e+02,4.617687652067925086e+00,1.249355434385975183e+00,2.916322018465268062e+00,8.918029362912346381e-01,1.440467155865203130e+00
