lag_ps,Li_MSD_A2
0.000000000000000000e+00,0.000000000000000000e+00
1.000000000000000056e-01,2.609133220703103162e-01
2.000000000000000111e-01,3.519536315443192454e-01
3.000000000000000444e-01,4.096038451385584644e-01
4.000000000000000222e-01,4.583565145615951519e-01
5.000000000000000000e-01,4.936739744313978218e-01
6.000000000000000888e-01,5.229359115465793684e-01
7.000000000000000666e-01,5.507143671865127876e-01
8.000000000000000444e-01,5.694858703830559810e-01
9.000000000000000222e-01,5.867238320231317195e-01
1.000000000000000000e+00,6.010973805569558293e-01
1.100000000000000089e+00,6.123801753249441537e-01
1.200000000000000178e+00,6.217186175169084894e-01
1.300000000000000044e+00,6.292184362155470723e-01
1.400000000000000133e+00,6.346798391444444798e-01
1.500000000000000000e+00,6.383967641318356590e-01
1.600000000000000089e+00,6.415172156429027606e-01
1.700000000000000178e+00,6.452636257354090743e-01
1.800000000000000044e+00,6.502830828733194846e-01
1.900000000000000133e+00,6.544212293004925129e-01
2.000000000000000000e+00,6.589262021550748027e-01
2.100000000000000089e+00,6.638487512462185602e-01
2.200000000000000178e+00,6.681521329252285701e-01
2.300000000000000266e+00,6.732413344783093612e-01
2.400000000000000355e+00,6.759962048240331089e-01
2.500000000000000000e+00,6.803810745015368422e-01
2.600000000000000089e+00,6.856305390790401466e-01
2.700000000000000178e+00,6.918477567466426725e-01
2.800000000000000266e+00,6.971232027261105024e-01
2.900000000000000355e+00,7.025135829701757428e-01
3.000000000000000000e+00,7.084654371198845224e-01
3.100000000000000089e+00,7.131032973945639064e-01
3.200000000000000178e+00,7.173693256699081866e-01
3.300000000000000266e+00,7.210630972204729039e-01
3.400000000000000355e+00,7.249347222663128365e-01
3.500000000000000000e+00,7.299086973792616728e-01
3.600000000000000089e+00,7.350787783845639245e-01
3.700000000000000178e+00,7.389215975861683772e-01
3.800000000000000266e+00,7.450404425987680046e-01
3.900000000000000355e+00,7.492171374892938607e-01
4.000000000000000000e+00,7.536516566175327503e-01
4.100000000000000533e+00,7.598985519949559286e-01
4.200000000000000178e+00,7.644499074231398961e-01
4.299999999999999822e+00,7.698929021550050544e-01
4.400000000000000355e+00,7.751499539122781446e-01
4.500000000000000000e+00,7.808104932031814105e-01
4.600000000000000533e+00,7.850442507557413574e-01
4.700000000000000178e+00,7.892632160613106684e-01
4.800000000000000711e+00,7.931972622246017401e-01
4.900000000000000355e+00,7.979364961257380262e-01
5.000000000000000000e+00,8.017580876470257190e-01
5.100000000000000533e+00,8.056304602402106774e-01
5.200000000000000178e+00,8.111368798355474974e-01
5.300000000000000711e+00,8.157121759175022246e-01
5.400000000000000355e+00,8.199488556426970387e-01
5.500000000000000000e+00,8.223942624629196896e-01
5.600000000000000533e+00,8.233862216651443022e-01
5.700000000000000178e+00,8.254718364585218460e-01
5.800000000000000711e+00,8.259238748911081895e-01
5.900000000000000355e+00,8.283790780913323770e-01
6.000000000000000000e+00,8.301676636564214729e-01
6.100000000000000533e+00,8.317185643921573002e-01
6.200000000000000178e+00,8.346672077081879193e-01
6.300000000000000711e+00,8.392393508554327752e-01
6.400000000000000355e+00,8.413109006080078389e-01
6.500000000000000000e+00,8.452946072038127756e-01
6.600000000000000533e+00,8.499668851128016067e-01
6.700000000000000178e+00,8.529165138665401047e-01
6.800000000000000711e+00,8.583505075190006606e-01
6.900000000000000355e+00,8.628693646917169335e-01
7.000000000000000000e+00,8.691144047477190604e-01
7.100000000000000533e+00,8.735490118960608230e-01
7.200000000000000178e+00,8.769789650338849496e-01
7.300000000000000711e+00,8.806416242952230800e-01
7.400000000000000355e+00,8.863840195599776983e-01
7.500000000000000000e+00,8.910297144587189244e-01
7.600000000000000533e+00,8.954657668724499420e-01
7.700000000000000178e+00,9.005283058571025290e-01
7.800000000000000711e+00,9.056447552401343248e-01
7.900000000000000355e+00,9.094891377068733407e-01
8.000000000000000000e+00,9.123018807724775359e-01
8.099999999999999645e+00,9.164448199542402085e-01
8.200000000000001066e+00,9.218181447670522610e-01
8.300000000000000711e+00,9.254964984684105334e-01
8.400000000000000355e+00,9.290424375753558728e-01
8.500000000000000000e+00,9.333188169840251902e-01
8.599999999999999645e+00,9.370831098572944828e-01
8.700000000000001066e+00,9.384515536675466230e-01
8.800000000000000711e+00,9.425091323496394002e-01
8.900000000000000355e+00,9.431386063883251403e-01
9.000000000000000000e+00,9.464531862841220056e-01
9.099999999999999645e+00,9.495636287701076927e-01
9.200000000000001066e+00,9.518354073716231989e-01
9.300000000000000711e+00,9.522433077967631387e-01
9.400000000000000355e+00,9.560948869046779208e-01
9.500000000000000000e+00,9.588645690073713812e-01
9.600000000000001421e+00,9.609761956094826640e-01
9.700000000000001066e+00,9.648501031995719845e-01
9.800000000000000711e+00,9.689645192655144124e-01
9.900000000000000355e+00,9.737625562709500970e-01
1.000000000000000000e+01,9.765590458490934767e-01
1.010000000000000142e+01,9.805607498770273489e-01
1.020000000000000107e+01,9.843230779039234823e-01
1.030000000000000071e+01,9.877802689071315534e-01
1.040000000000000036e+01,9.912690616885584394e-01
1.050000000000000000e+01,9.955510408933907485e-01
1.060000000000000142e+01,9.979518822641179066e-01
1.070000000000000107e+01,1.002093379871496825e+00
1.080000000000000071e+01,1.006013837120050658e+00
1.090000000000000036e+01,1.009608028507675836e+00
1.100000000000000000e+01,1.011428440547609275e+00
1.110000000000000142e+01,1.014528900174822335e+00
1.120000000000000107e+01,1.017432466320407736e+00
1.130000000000000071e+01,1.021949543161049023e+00
1.140000000000000036e+01,1.026400580872510737e+00
1.150000000000000000e+01,1.030724555993212554e+00
1.160000000000000142e+01,1.035284732803495977e+00
1.170000000000000107e+01,1.037602204612987800e+00
1.180000000000000071e+01,1.040168560375598794e+00
1.190000000000000036e+01,1.042888457032449478e+00
1.200000000000000000e+01,1.045656979258565267e+00
1.210000000000000142e+01,1.047055376804479465e+00
1.220000000000000107e+01,1.049978626789880298e+00
1.230000000000000071e+01,1.053008047687543858e+00
1.240000000000000036e+01,1.056075008501801582e+00
1.250000000000000000e+01,1.059293483408866088e+00
1.260000000000000142e+01,1.061308114370973943e+00
1.270000000000000107e+01,1.063666828331141456e+00
1.280000000000000071e+01,1.066764592657858390e+00
1.290000000000000036e+01,1.070882969506324889e+00
1.300000000000000000e+01,1.073299152810616164e+00
1.310000000000000142e+01,1.076682393262732962e+00
1.320000000000000107e+01,1.081831331396549967e+00
1.330000000000000071e+01,1.084589066627613230e+00
1.340000000000000036e+01,1.087036559575811134e+00
1.350000000000000000e+01,1.090749147289722387e+00
1.360000000000000142e+01,1.094170602639779943e+00
1.370000000000000107e+01,1.097361581960610621e+00
1.380000000000000071e+01,1.100329704424933386e+00
1.390000000000000036e+01,1.103068656260610014e+00
1.400000000000000000e+01,1.104991624942706974e+00
1.410000000000000142e+01,1.107353376458991567e+00
1.420000000000000107e+01,1.112759743577645288e+00
1.430000000000000071e+01,1.115343157750055880e+00
1.440000000000000036e+01,1.118352433633315268e+00
1.450000000000000000e+01,1.121650255010194108e+00
1.460000000000000142e+01,1.124556376952649428e+00
1.470000000000000107e+01,1.126867579006602060e+00
1.480000000000000071e+01,1.127911233727347806e+00
1.490000000000000036e+01,1.129484174486322434e+00
1.500000000000000000e+01,1.131550305730536499e+00
1.510000000000000142e+01,1.132868246607024343e+00
1.520000000000000107e+01,1.137039590405937828e+00
1.530000000000000071e+01,1.140819009968919051e+00
1.540000000000000036e+01,1.143403650778303859e+00
1.550000000000000000e+01,1.145286708046630464e+00
1.560000000000000142e+01,1.148948294205316634e+00
1.570000000000000107e+01,1.151517707647902400e+00
1.580000000000000071e+01,1.154800493798445071e+00
1.590000000000000036e+01,1.157392012557924899e+00
1.600000000000000000e+01,1.157712492192804810e+00
1.610000000000000142e+01,1.160656521000051455e+00
1.619999999999999929e+01,1.162653672228679325e+00
1.630000000000000071e+01,1.165970930156686736e+00
1.640000000000000213e+01,1.168261969328183936e+00
1.650000000000000000e+01,1.171295972361987570e+00
1.660000000000000142e+01,1.174721029529290472e+00
1.669999999999999929e+01,1.177646841128300981e+00
1.680000000000000071e+01,1.179402665743314760e+00
1.690000000000000213e+01,1.185560339001180630e+00
1.700000000000000000e+01,1.187190506446235361e+00
1.710000000000000142e+01,1.190428480677156564e+00
1.719999999999999929e+01,1.193466783546464516e+00
1.730000000000000071e+01,1.196628908223715149e+00
1.740000000000000213e+01,1.202548728100446995e+00
1.750000000000000000e+01,1.208007584443256732e+00
1.760000000000000142e+01,1.212533590597008049e+00
1.769999999999999929e+01,1.214655542081388040e+00
1.780000000000000071e+01,1.216399854643774425e+00
1.790000000000000213e+01,1.218027325707663477e+00
1.800000000000000000e+01,1.221446473235485719e+00
1.810000000000000142e+01,1.222626154082956162e+00
1.819999999999999929e+01,1.225406766167502326e+00
1.830000000000000071e+01,1.229408997513889323e+00
1.840000000000000213e+01,1.232885421325575104e+00
1.850000000000000000e+01,1.234589395715810278e+00
1.860000000000000142e+01,1.237927120861481489e+00
1.869999999999999929e+01,1.240402860085768166e+00
1.880000000000000071e+01,1.244416982201572708e+00
1.890000000000000213e+01,1.246947490918032031e+00
1.900000000000000000e+01,1.249995251009693664e+00
1.910000000000000142e+01,1.250800950365371200e+00
1.920000000000000284e+01,1.253083609762800865e+00
1.930000000000000071e+01,1.255182657083870001e+00
1.940000000000000213e+01,1.258155838224856993e+00
1.950000000000000000e+01,1.259331934309152690e+00
1.960000000000000142e+01,1.262913875644708472e+00
1.970000000000000284e+01,1.266425882985244167e+00
1.980000000000000071e+01,1.270681691190498563e+00
1.990000000000000213e+01,1.273663486617665042e+00
2.000000000000000000e+01,1.272997980425099041e+00
2.010000000000000142e+01,1.277260444207202417e+00
2.020000000000000284e+01,1.278677790537532610e+00
2.030000000000000071e+01,1.282467627099906027e+00
2.040000000000000213e+01,1.285757159402631800e+00
2.050000000000000000e+01,1.289654910003743105e+00
2.060000000000000142e+01,1.291044679439349530e+00
2.070000000000000284e+01,1.292207227387465185e+00
2.080000000000000071e+01,1.292936299048846882e+00
2.090000000000000213e+01,1.294571118746130400e+00
2.100000000000000000e+01,1.297656641741306904e+00
2.110000000000000142e+01,1.300218748240903999e+00
2.120000000000000284e+01,1.301606729565838450e+00
2.130000000000000071e+01,1.304497914729735308e+00
2.140000000000000213e+01,1.306524496974356353e+00
2.150000000000000000e+01,1.307503180352916461e+00
2.160000000000000142e+01,1.309663557403132561e+00
2.170000000000000284e+01,1.311212002822522038e+00
2.180000000000000071e+01,1.314735888275557318e+00
2.190000000000000213e+01,1.316281677883529788e+00
2.200000000000000000e+01,1.319573498359205566e+00
2.210000000000000142e+01,1.324088187568659647e+00
2.220000000000000284e+01,1.326215317243107705e+00
2.230000000000000071e+01,1.328618740279280175e+00
2.240000000000000213e+01,1.331753039494038893e+00
2.250000000000000000e+01,1.334333182390201156e+00
2.260000000000000142e+01,1.335371829614249384e+00
2.270000000000000284e+01,1.337975402563451599e+00
2.280000000000000071e+01,1.342217632628009305e+00
2.290000000000000213e+01,1.343921903525968409e+00
2.300000000000000000e+01,1.346153197864446982e+00
2.310000000000000142e+01,1.349136064675625413e+00
2.320000000000000284e+01,1.351109398533638428e+00
2.330000000000000071e+01,1.354349426583209670e+00
2.340000000000000213e+01,1.355171620251189646e+00
2.350000000000000000e+01,1.357662879379721632e+00
2.360000000000000142e+01,1.358531992334793381e+00
2.370000000000000284e+01,1.361104152117608157e+00
2.380000000000000071e+01,1.363358635536578545e+00
2.390000000000000213e+01,1.364376502160724813e+00
2.400000000000000000e+01,1.366454285116045497e+00
2.410000000000000142e+01,1.367365304426716666e+00
2.420000000000000284e+01,1.366672824691291810e+00
2.430000000000000071e+01,1.368337460454554622e+00
2.440000000000000213e+01,1.371007522760914865e+00
2.450000000000000000e+01,1.371800237596210392e+00
2.460000000000000142e+01,1.373424009690670466e+00
2.470000000000000284e+01,1.374182857406669456e+00
2.480000000000000071e+01,1.374646962651639770e+00
2.490000000000000213e+01,1.375363332623376289e+00
2.500000000000000000e+01,1.375453159141886150e+00
2.510000000000000142e+01,1.377423186242704656e+00
2.520000000000000284e+01,1.379028930041157119e+00
2.530000000000000071e+01,1.380596564595842013e+00
2.540000000000000213e+01,1.383498972693601781e+00
2.550000000000000000e+01,1.385091666738261784e+00
2.560000000000000142e+01,1.386524822274404212e+00
2.570000000000000284e+01,1.389045205654543924e+00
2.580000000000000071e+01,1.390107152300869453e+00
2.590000000000000213e+01,1.391583364338880635e+00
2.600000000000000000e+01,1.393029009033119214e+00
2.610000000000000142e+01,1.395216058629319411e+00
2.620000000000000284e+01,1.398103789690675169e+00
2.630000000000000071e+01,1.398713185418315907e+00
2.640000000000000213e+01,1.400062622706425453e+00
2.650000000000000000e+01,1.400280503949747457e+00
2.660000000000000142e+01,1.400832257541455572e+00
2.670000000000000284e+01,1.401851019256094455e+00
2.680000000000000071e+01,1.402350642984140805e+00
2.690000000000000213e+01,1.403149847947140483e+00
2.700000000000000000e+01,1.404853959683757925e+00
2.710000000000000142e+01,1.406379435386200916e+00
2.720000000000000284e+01,1.405949439060061090e+00
2.730000000000000071e+01,1.405646101704588480e+00
2.740000000000000213e+01,1.405019839569415119e+00
2.750000000000000000e+01,1.403805399169963719e+00
2.760000000000000142e+01,1.404376986732453148e+00
2.770000000000000284e+01,1.404492562119763477e+00
2.780000000000000071e+01,1.405865613149569038e+00
2.790000000000000213e+01,1.408787451437335525e+00
2.800000000000000000e+01,1.411757032998816275e+00
2.810000000000000142e+01,1.414319758723093567e+00
2.820000000000000284e+01,1.417048883457165731e+00
2.830000000000000071e+01,1.419729396525755583e+00
2.840000000000000213e+01,1.422549685180577894e+00
2.850000000000000000e+01,1.425951867913377802e+00
2.860000000000000142e+01,1.428404427585651781e+00
2.870000000000000284e+01,1.430884888320985926e+00
2.880000000000000071e+01,1.432333693469543423e+00
2.890000000000000213e+01,1.433993340700732144e+00
2.900000000000000000e+01,1.435285096545985573e+00
2.910000000000000142e+01,1.437087403181176004e+00
2.920000000000000284e+01,1.438991826710020128e+00
2.930000000000000071e+01,1.438911038428789535e+00
2.940000000000000213e+01,1.442158011127182560e+00
2.950000000000000000e+01,1.444636851350198370e+00
2.960000000000000142e+01,1.446263998339613943e+00
2.970000000000000284e+01,1.448620077422570818e+00
2.980000000000000071e+01,1.450528558877573149e+00
2.990000000000000213e+01,1.452589202498277166e+00
3.000000000000000000e+01,1.453602519466242526e+00
3.010000000000000142e+01,1.455507981066813228e+00
3.020000000000000284e+01,1.459795814078418852e+00
3.030000000000000071e+01,1.464780520112573425e+00
3.040000000000000213e+01,1.466463983432616081e+00
3.050000000000000000e+01,1.468718754616156641e+00
3.060000000000000142e+01,1.471996452310002423e+00
3.070000000000000284e+01,1.475476253890313894e+00
3.080000000000000071e+01,1.476991737672547433e+00
3.090000000000000213e+01,1.479018996101073791e+00
3.100000000000000000e+01,1.481944511945767706e+00
3.110000000000000142e+01,1.483675657468653819e+00
3.120000000000000284e+01,1.484569022671436311e+00
3.130000000000000071e+01,1.485099839040059155e+00
3.140000000000000213e+01,1.485505097529965068e+00
3.150000000000000000e+01,1.487199424464622721e+00
3.160000000000000142e+01,1.486789825660257636e+00
3.170000000000000284e+01,1.486991666232656994e+00
3.180000000000000071e+01,1.487999781233160679e+00
3.190000000000000213e+01,1.489631925725618089e+00
3.200000000000000000e+01,1.488873817306582081e+00
3.210000000000000142e+01,1.488868016175218134e+00
3.220000000000000284e+01,1.491809982414282532e+00
3.230000000000000426e+01,1.493755366268784579e+00
3.239999999999999858e+01,1.495127703069773606e+00
3.250000000000000000e+01,1.496152466289259131e+00
3.260000000000000142e+01,1.496529948401608801e+00
3.270000000000000284e+01,1.499980261081333310e+00
3.280000000000000426e+01,1.502325952590008118e+00
3.289999999999999858e+01,1.504414148054802114e+00
3.300000000000000000e+01,1.506215863588671100e+00
3.310000000000000142e+01,1.508353260803074747e+00
3.320000000000000284e+01,1.510848034388528216e+00
3.330000000000000426e+01,1.511096219604092905e+00
3.339999999999999858e+01,1.514262627407411133e+00
3.350000000000000000e+01,1.515486414717011954e+00
3.360000000000000142e+01,1.517770524555988487e+00
3.370000000000000284e+01,1.519671605404379733e+00
3.380000000000000426e+01,1.519246643178959522e+00
3.389999999999999858e+01,1.520276704614276664e+00
3.400000000000000000e+01,1.520262265614222397e+00
3.410000000000000142e+01,1.519482916879848933e+00
3.420000000000000284e+01,1.521119708198371612e+00
3.430000000000000426e+01,1.521937672496036287e+00
3.439999999999999858e+01,1.524740272667462371e+00
3.450000000000000000e+01,1.527618371841528155e+00
3.460000000000000142e+01,1.529379021537798922e+00
3.470000000000000284e+01,1.531114034586422923e+00
3.480000000000000426e+01,1.532464874057018367e+00
3.489999999999999858e+01,1.536197286916656246e+00
3.500000000000000000e+01,1.537904374577622857e+00
3.510000000000000142e+01,1.540099073592131385e+00
3.520000000000000284e+01,1.541234918407779819e+00
3.530000000000000426e+01,1.544482568608274375e+00
3.539999999999999858e+01,1.547583490674965256e+00
3.550000000000000000e+01,1.549802526735895469e+00
3.560000000000000142e+01,1.552863541280942838e+00
3.570000000000000284e+01,1.553835425354233468e+00
3.580000000000000426e+01,1.556550486654826093e+00
3.589999999999999858e+01,1.558104671411164377e+00
3.600000000000000000e+01,1.560760490893019048e+00
3.610000000000000142e+01,1.564756524737865195e+00
3.620000000000000284e+01,1.565987464575250954e+00
3.630000000000000426e+01,1.567635775871905279e+00
3.639999999999999858e+01,1.568379802325536865e+00
3.650000000000000000e+01,1.568640500349697486e+00
3.660000000000000142e+01,1.569248350655172652e+00
3.670000000000000284e+01,1.570145214558381630e+00
3.680000000000000426e+01,1.571401347989898944e+00
3.689999999999999858e+01,1.573658663908610089e+00
3.700000000000000000e+01,1.576642452130038174e+00
3.710000000000000142e+01,1.577156200055704671e+00
3.720000000000000284e+01,1.577091103272936445e+00
3.730000000000000426e+01,1.579668468646221902e+00
3.739999999999999858e+01,1.580282246343871044e+00
3.750000000000000000e+01,1.581704787823114300e+00
3.760000000000000142e+01,1.581917061843070238e+00
3.770000000000000284e+01,1.583329694266859766e+00
3.780000000000000426e+01,1.585386048927285296e+00
3.789999999999999858e+01,1.588246457559130409e+00
3.800000000000000000e+01,1.589924273672169042e+00
3.810000000000000142e+01,1.591519116794612554e+00
3.820000000000000284e+01,1.593171910846943984e+00
3.830000000000000426e+01,1.595880275653631220e+00
3.840000000000000568e+01,1.599139004539694930e+00
3.850000000000000000e+01,1.599966325100616427e+00
3.860000000000000142e+01,1.601120270382851318e+00
3.870000000000000284e+01,1.602266163917132280e+00
3.880000000000000426e+01,1.604810596224315988e+00
3.890000000000000568e+01,1.607474871969797325e+00
3.900000000000000000e+01,1.608602881403660145e+00
3.910000000000000142e+01,1.609704621492134002e+00
3.920000000000000284e+01,1.611890714908898126e+00
3.930000000000000426e+01,1.614366199942878000e+00
3.940000000000000568e+01,1.615149774328232590e+00
3.950000000000000000e+01,1.615448761502580988e+00
3.960000000000000142e+01,1.616088528031468075e+00
3.970000000000000284e+01,1.618371086552963245e+00
3.980000000000000426e+01,1.619368688384270394e+00
3.990000000000000568e+01,1.621428457496516318e+00
4.000000000000000000e+01,1.622699450471178917e+00
4.010000000000000142e+01,1.623008097738858346e+00
4.020000000000000284e+01,1.621882010706763744e+00
4.030000000000000426e+01,1.622326426662227483e+00
4.040000000000000568e+01,1.622239222322904295e+00
4.050000000000000000e+01,1.623970940493811188e+00
4.060000000000000142e+01,1.626261180276720397e+00
4.070000000000000284e+01,1.627036098804097719e+00
4.080000000000000426e+01,1.626292000146645211e+00
4.090000000000000568e+01,1.626438884891363790e+00
4.100000000000000000e+01,1.626919702033780446e+00
4.110000000000000142e+01,1.629661074832166490e+00
4.120000000000000284e+01,1.632503006423707603e+00
4.130000000000000426e+01,1.633963687412368415e+00
4.140000000000000568e+01,1.634174012102453499e+00
4.150000000000000000e+01,1.636336102035292006e+00
4.160000000000000142e+01,1.636988603149697186e+00
4.170000000000000284e+01,1.637965639919553684e+00
4.180000000000000426e+01,1.636737845774667965e+00
4.190000000000000568e+01,1.637140209735978624e+00
4.200000000000000000e+01,1.638177613365972451e+00
4.210000000000000142e+01,1.640040421512858559e+00
4.220000000000000284e+01,1.641385775668614988e+00
4.230000000000000426e+01,1.641526159642296756e+00
4.240000000000000568e+01,1.643592610027915235e+00
4.250000000000000000e+01,1.645371622945838608e+00
4.260000000000000142e+01,1.646130826890681798e+00
4.270000000000000284e+01,1.647369268222470762e+00
4.280000000000000426e+01,1.648404073951709181e+00
4.290000000000000568e+01,1.648526859949825951e+00
4.300000000000000000e+01,1.649819632583600981e+00
4.310000000000000142e+01,1.650580697611951697e+00
4.320000000000000284e+01,1.651671346333589030e+00
4.330000000000000426e+01,1.653574132936889596e+00
4.340000000000000568e+01,1.655527204167936972e+00
4.350000000000000000e+01,1.658222592265907291e+00
4.360000000000000142e+01,1.658822049843662105e+00
4.370000000000000284e+01,1.659449976183608344e+00
4.380000000000000426e+01,1.660794478142224584e+00
4.390000000000000568e+01,1.660720318453363653e+00
4.400000000000000000e+01,1.661560615065867275e+00
4.410000000000000142e+01,1.661279535968063881e+00
4.420000000000000284e+01,1.664710135081718390e+00
4.430000000000000426e+01,1.665154348577079002e+00
4.440000000000000568e+01,1.665734542272506502e+00
4.450000000000000000e+01,1.664253897830751949e+00
4.460000000000000142e+01,1.665643206676285182e+00
4.470000000000000284e+01,1.666221795568461728e+00
4.480000000000000426e+01,1.666892152230288859e+00
4.490000000000000568e+01,1.666797930626667368e+00
4.500000000000000000e+01,1.666808420604203089e+00
4.510000000000000142e+01,1.666551171076063431e+00
4.520000000000000284e+01,1.668328880526260161e+00
4.530000000000000426e+01,1.669360773413942400e+00
4.540000000000000568e+01,1.670834298344702651e+00
4.550000000000000000e+01,1.672746268841549533e+00
4.560000000000000142e+01,1.673501599192922074e+00
4.570000000000000284e+01,1.673250229322371441e+00
4.580000000000000426e+01,1.675375011978168960e+00
4.590000000000000568e+01,1.677646979519314296e+00
4.600000000000000000e+01,1.678697670163524780e+00
4.610000000000000142e+01,1.679176911046375897e+00
4.620000000000000284e+01,1.680732097579967554e+00
4.630000000000000426e+01,1.680638700418717324e+00
4.640000000000000568e+01,1.683399277423725637e+00
4.650000000000000000e+01,1.683406436448111387e+00
4.660000000000000142e+01,1.684765379383221351e+00
4.670000000000000284e+01,1.684966707293162669e+00
4.680000000000000426e+01,1.684168696385129671e+00
4.690000000000000568e+01,1.686118488686163985e+00
4.700000000000000000e+01,1.685286223360793922e+00
4.710000000000000142e+01,1.683262869741660506e+00
4.720000000000000284e+01,1.681257063631837578e+00
4.730000000000000426e+01,1.681934642927573442e+00
4.740000000000000568e+01,1.682191479115984656e+00
4.750000000000000000e+01,1.682504918444177822e+00
4.760000000000000142e+01,1.683093474084915053e+00
4.770000000000000284e+01,1.685332930852892819e+00
4.780000000000000426e+01,1.688373745374317503e+00
4.790000000000000568e+01,1.691051418183173283e+00
4.800000000000000000e+01,1.691762212456111358e+00
4.810000000000000142e+01,1.693705853583888921e+00
4.820000000000000284e+01,1.694689494675003960e+00
4.830000000000000426e+01,1.694718590118887480e+00
4.840000000000000568e+01,1.696217259907792929e+00
4.850000000000000000e+01,1.695174846321298334e+00
4.860000000000000142e+01,1.695785206016031887e+00
4.870000000000000284e+01,1.696432652968356658e+00
4.880000000000000426e+01,1.697385941104744278e+00
4.890000000000000568e+01,1.698465952159285752e+00
4.900000000000000000e+01,1.698798507300051996e+00
4.910000000000000142e+01,1.700809031973732122e+00
4.920000000000000284e+01,1.701719638181928174e+00
4.930000000000000426e+01,1.703593900201854749e+00
4.940000000000000568e+01,1.706143362511833406e+00
4.950000000000000000e+01,1.708384559600060415e+00
4.960000000000000142e+01,1.707945551429688846e+00
4.970000000000000284e+01,1.709718086621458077e+00
4.980000000000000426e+01,1.713359498526339841e+00
4.990000000000000568e+01,1.713723491815279054e+00
5.000000000000000000e+01,1.714828508318936517e+00
5.010000000000000142e+01,1.716057494335213374e+00
5.020000000000000284e+01,1.715877110549295814e+00
5.030000000000000426e+01,1.715452632343587691e+00
5.040000000000000568e+01,1.715534461679823375e+00
5.050000000000000000e+01,1.716674449288114079e+00
5.060000000000000142e+01,1.717012250621475999e+00
5.070000000000000284e+01,1.716488332380657900e+00
5.080000000000000426e+01,1.716985503181121420e+00
5.090000000000000568e+01,1.717885274909882964e+00
5.100000000000000000e+01,1.719561619825416887e+00
5.110000000000000142e+01,1.721018992840732009e+00
5.120000000000000284e+01,1.721436344666898322e+00
5.130000000000000426e+01,1.722647603349669598e+00
5.140000000000000568e+01,1.724145693861502737e+00
5.150000000000000000e+01,1.724179663428149212e+00
5.160000000000000142e+01,1.726145941438938847e+00
5.170000000000000284e+01,1.729084840605952023e+00
5.180000000000000426e+01,1.731058336909710338e+00
5.190000000000000568e+01,1.733468666426758231e+00
5.200000000000000000e+01,1.733605045845322268e+00
5.210000000000000142e+01,1.734931804322071613e+00
5.220000000000000284e+01,1.737220571070474673e+00
5.230000000000000426e+01,1.738802205432184333e+00
5.240000000000000568e+01,1.740420385221488120e+00
5.250000000000000000e+01,1.741473289317538198e+00
5.260000000000000142e+01,1.743042216223554153e+00
5.270000000000000284e+01,1.743827794828764155e+00
5.280000000000000426e+01,1.744012819054038266e+00
5.290000000000000568e+01,1.746082823805450435e+00
5.300000000000000000e+01,1.746216490184023362e+00
5.310000000000000142e+01,1.749066421110536451e+00
5.320000000000000284e+01,1.748832997294243574e+00
5.330000000000000426e+01,1.750057652002634301e+00
5.340000000000000568e+01,1.750095666558096674e+00
5.350000000000000000e+01,1.751221997857844714e+00
5.360000000000000142e+01,1.753262892202560597e+00
5.370000000000000284e+01,1.753419532757688692e+00
5.380000000000000426e+01,1.754447067030670437e+00
5.390000000000000568e+01,1.755903460477939104e+00
5.400000000000000000e+01,1.755306529555115569e+00
5.410000000000000142e+01,1.753793923753878214e+00
5.420000000000000284e+01,1.752105218285628707e+00
5.430000000000000426e+01,1.750913299882047580e+00
5.440000000000000568e+01,1.751425734917749777e+00
5.450000000000000000e+01,1.753521790809370540e+00
5.460000000000000142e+01,1.754369633508992221e+00
5.470000000000000284e+01,1.754064908632890329e+00
5.480000000000000426e+01,1.754687550301894161e+00
5.490000000000000568e+01,1.755854091948597651e+00
5.500000000000000000e+01,1.756332229001934753e+00
5.510000000000000142e+01,1.757878991852356076e+00
5.520000000000000284e+01,1.759668181568770029e+00
5.530000000000000426e+01,1.762222711705501599e+00
5.540000000000000568e+01,1.763314517693151728e+00
5.550000000000000000e+01,1.765370348868386730e+00
5.560000000000000142e+01,1.766778998356681951e+00
5.570000000000000284e+01,1.769330589525090369e+00
5.580000000000000426e+01,1.771938340797806433e+00
5.590000000000000568e+01,1.772935823981938164e+00
5.600000000000000000e+01,1.775118764763537804e+00
5.610000000000000142e+01,1.776719366200659733e+00
5.620000000000000284e+01,1.777366963529107169e+00
5.630000000000000426e+01,1.777498506874696904e+00
5.640000000000000568e+01,1.776711608900216621e+00
5.650000000000000000e+01,1.777233727315635115e+00
5.660000000000000142e+01,1.778026870053908581e+00
5.670000000000000284e+01,1.778935932227757810e+00
5.680000000000000426e+01,1.779708851108778855e+00
5.690000000000000568e+01,1.782206399386749851e+00
5.700000000000000000e+01,1.782426555761187137e+00
5.710000000000000142e+01,1.783386562079417814e+00
5.720000000000000284e+01,1.783867442124777769e+00
5.730000000000000426e+01,1.785607622371978565e+00
5.740000000000000568e+01,1.787674421290653681e+00
5.750000000000000000e+01,1.788313701151441171e+00
5.760000000000000142e+01,1.789596577045300618e+00
5.770000000000000284e+01,1.789351182049131905e+00
5.780000000000000426e+01,1.788590273197153468e+00
5.790000000000000568e+01,1.789287136559496005e+00
5.800000000000000000e+01,1.789383642491936710e+00
5.810000000000000142e+01,1.790714663479581636e+00
5.820000000000000284e+01,1.792559291516733433e+00
5.830000000000000426e+01,1.793922227903599342e+00
5.840000000000000568e+01,1.795390495459679991e+00
5.850000000000000000e+01,1.797405985295017050e+00
5.860000000000000142e+01,1.798091199986092681e+00
5.870000000000000284e+01,1.800324380916061395e+00
5.880000000000000426e+01,1.800983822030669312e+00
5.890000000000000568e+01,1.800241596175333747e+00
5.900000000000000000e+01,1.801891679870247343e+00
5.910000000000000142e+01,1.805079843589564526e+00
5.920000000000000284e+01,1.806357701349633471e+00
5.930000000000000426e+01,1.808994147028865296e+00
5.940000000000000568e+01,1.810781873165890676e+00
5.950000000000000000e+01,1.811961914144637253e+00
5.960000000000000142e+01,1.812988195336443953e+00
5.970000000000000284e+01,1.813689274981805877e+00
5.980000000000000426e+01,1.815136751845632057e+00
5.990000000000000568e+01,1.816035055601897596e+00
6.000000000000000000e+01,1.817406729327714965e+00
6.010000000000000142e+01,1.819306151679194627e+00
6.020000000000000284e+01,1.820226306099715252e+00
6.030000000000000426e+01,1.822042959330123280e+00
6.040000000000000568e+01,1.823632343822384261e+00
6.050000000000000000e+01,1.825683023051085208e+00
6.060000000000000142e+01,1.825203699192377238e+00
6.070000000000000284e+01,1.826802059715689097e+00
6.080000000000000426e+01,1.828129058098642012e+00
6.090000000000000568e+01,1.828870292587693402e+00
6.100000000000000000e+01,1.830355266035612605e+00
6.110000000000000142e+01,1.830529429947960640e+00
6.120000000000000284e+01,1.833271890090121037e+00
6.130000000000000426e+01,1.833606628125806548e+00
6.140000000000000568e+01,1.834370389696436732e+00
6.150000000000000000e+01,1.834885108294201927e+00
6.160000000000000142e+01,1.837611675393261201e+00
6.170000000000000284e+01,1.841008525641708804e+00
6.180000000000000426e+01,1.841607095441305741e+00
6.190000000000000568e+01,1.842160488080772485e+00
6.200000000000000000e+01,1.843049383658037943e+00
6.210000000000000142e+01,1.843535529314618726e+00
6.220000000000000284e+01,1.845740604041731014e+00
6.230000000000000426e+01,1.846222806359086199e+00
6.240000000000000568e+01,1.845788916578095407e+00
6.250000000000000000e+01,1.847240220932899968e+00
6.260000000000000142e+01,1.846960032280353659e+00
6.270000000000000284e+01,1.846714356496343301e+00
6.280000000000000426e+01,1.846557945077608176e+00
6.290000000000000568e+01,1.848661227810504792e+00
6.300000000000000000e+01,1.850515926714553894e+00
6.310000000000000142e+01,1.853635975211221920e+00
6.320000000000000284e+01,1.855389889201759068e+00
6.330000000000000426e+01,1.858284382690798653e+00
6.340000000000000568e+01,1.859942737301580218e+00
6.350000000000000000e+01,1.862228049338989999e+00
6.360000000000000142e+01,1.864948616904420930e+00
6.370000000000000284e+01,1.866488439690425549e+00
6.380000000000000426e+01,1.868392813670507913e+00
6.390000000000000568e+01,1.868421382076816961e+00
6.400000000000000000e+01,1.867919048313330554e+00
6.410000000000000853e+01,1.869008451694630590e+00
6.420000000000000284e+01,1.872086182194202753e+00
6.429999999999999716e+01,1.873940965003628722e+00
6.440000000000000568e+01,1.875586659763794239e+00
6.450000000000000000e+01,1.877690279794675066e+00
6.460000000000000853e+01,1.878501516953249739e+00
6.470000000000000284e+01,1.879445924088941622e+00
6.479999999999999716e+01,1.880345723084353882e+00
6.490000000000000568e+01,1.881270460261327715e+00
6.500000000000000000e+01,1.883545831225958755e+00
6.510000000000000853e+01,1.884899419247311414e+00
6.520000000000000284e+01,1.883924017383745930e+00
6.529999999999999716e+01,1.886332051149949285e+00
6.540000000000000568e+01,1.887006276570175833e+00
6.550000000000000000e+01,1.888795590783746814e+00
6.560000000000000853e+01,1.890267572140811980e+00
6.570000000000000284e+01,1.891124736776193860e+00
6.579999999999999716e+01,1.894085000032448063e+00
6.590000000000000568e+01,1.896526286184299748e+00
6.600000000000000000e+01,1.896787143348370286e+00
6.610000000000000853e+01,1.896196557083761558e+00
6.620000000000000284e+01,1.898071300723941590e+00
6.629999999999999716e+01,1.898480779767508286e+00
6.640000000000000568e+01,1.900799054321171466e+00
6.650000000000000000e+01,1.902831530419800465e+00
6.660000000000000853e+01,1.907473208314453217e+00
6.670000000000000284e+01,1.910051506462406179e+00
6.679999999999999716e+01,1.911191514179771955e+00
6.690000000000000568e+01,1.913004088709832518e+00
6.700000000000000000e+01,1.914398777687895015e+00
6.710000000000000853e+01,1.915679648849073047e+00
6.720000000000000284e+01,1.918483342273716419e+00
6.729999999999999716e+01,1.919793329894962319e+00
6.740000000000000568e+01,1.921028837996889171e+00
6.750000000000000000e+01,1.920559341373331064e+00
6.760000000000000853e+01,1.920427666025174229e+00
6.770000000000000284e+01,1.922586509963580603e+00
6.779999999999999716e+01,1.924071327074832638e+00
6.790000000000000568e+01,1.926618795619837066e+00
6.800000000000000000e+01,1.929798199764188427e+00
6.810000000000000853e+01,1.931154557966840546e+00
6.820000000000000284e+01,1.931023784581038960e+00
6.829999999999999716e+01,1.932674504649681158e+00
6.840000000000000568e+01,1.934266422001884589e+00
6.850000000000000000e+01,1.937190538393733341e+00
6.860000000000000853e+01,1.938943328997527082e+00
6.870000000000000284e+01,1.940726040712211553e+00
6.879999999999999716e+01,1.943154517804347226e+00
6.890000000000000568e+01,1.942425773922685783e+00
6.900000000000000000e+01,1.942696180331305422e+00
6.910000000000000853e+01,1.945320677647855323e+00
6.920000000000000284e+01,1.946407906055723336e+00
6.929999999999999716e+01,1.947300669176029508e+00
6.940000000000000568e+01,1.949283734968461745e+00
6.950000000000000000e+01,1.949853756138870464e+00
6.960000000000000853e+01,1.950808919704336564e+00
6.970000000000000284e+01,1.951500203493806263e+00
6.979999999999999716e+01,1.952375339330065129e+00
6.990000000000000568e+01,1.952768380639996026e+00
7.000000000000000000e+01,1.952560468665174298e+00
7.010000000000000853e+01,1.954964392201378409e+00
7.020000000000000284e+01,1.956833476441391495e+00
7.029999999999999716e+01,1.959220686165626280e+00
7.040000000000000568e+01,1.959654273032247040e+00
7.050000000000000000e+01,1.962333664144747969e+00
7.060000000000000853e+01,1.963413822725354807e+00
7.070000000000000284e+01,1.966080055377993574e+00
7.079999999999999716e+01,1.969334662075716613e+00
7.090000000000000568e+01,1.970755774721005382e+00
7.100000000000000000e+01,1.972788315124442748e+00
7.110000000000000853e+01,1.972923275364952822e+00
7.120000000000000284e+01,1.974403858827193936e+00
7.129999999999999716e+01,1.974908002348004343e+00
7.140000000000000568e+01,1.974168667000606447e+00
7.150000000000000000e+01,1.976247647849005640e+00
7.160000000000000853e+01,1.977353219715191734e+00
7.170000000000000284e+01,1.978070277972273860e+00
7.179999999999999716e+01,1.979656091603353651e+00
7.190000000000000568e+01,1.980727795356355569e+00
7.200000000000000000e+01,1.983938793396178069e+00
7.210000000000000853e+01,1.983432904956534015e+00
7.220000000000000284e+01,1.986222814802827363e+00
7.229999999999999716e+01,1.987638142023552268e+00
7.240000000000000568e+01,1.990021016862653314e+00
7.250000000000000000e+01,1.992191804810958589e+00
7.260000000000000853e+01,1.993995562921623055e+00
7.270000000000000284e+01,1.995330302157892088e+00
7.279999999999999716e+01,1.996905022688713949e+00
7.290000000000000568e+01,1.997700681262971845e+00
7.300000000000000000e+01,1.999168466842856651e+00
7.310000000000000853e+01,2.000764067200765162e+00
7.320000000000000284e+01,2.000374656830675058e+00
7.329999999999999716e+01,2.000707190104635380e+00
7.340000000000000568e+01,2.000950894406191338e+00
7.350000000000000000e+01,2.002805940487980774e+00
7.360000000000000853e+01,2.004241791856737009e+00
7.370000000000000284e+01,2.005620777143558353e+00
7.379999999999999716e+01,2.006429766852254382e+00
7.390000000000000568e+01,2.008652830984988924e+00
7.400000000000000000e+01,2.010027961572715238e+00
7.410000000000000853e+01,2.011845648810076881e+00
7.420000000000000284e+01,2.013490700534040556e+00
7.429999999999999716e+01,2.014599280585689822e+00
7.440000000000000568e+01,2.014849044113020238e+00
7.450000000000000000e+01,2.017173726817835799e+00
7.460000000000000853e+01,2.020141747834022450e+00
7.470000000000000284e+01,2.022593681028908463e+00
7.479999999999999716e+01,2.024454894150560236e+00
7.490000000000000568e+01,2.026744267343602690e+00
7.500000000000000000e+01,2.026665829965373700e+00
7.510000000000000853e+01,2.025154822845217417e+00
7.520000000000000284e+01,2.025462828712776275e+00
7.529999999999999716e+01,2.028921539969479326e+00
7.540000000000000568e+01,2.030283273956665635e+00
7.550000000000000000e+01,2.032925438570401866e+00
7.560000000000000853e+01,2.034888625983843458e+00
7.570000000000000284e+01,2.037130050309248652e+00
7.579999999999999716e+01,2.038169901137276696e+00
7.590000000000000568e+01,2.039909021157358726e+00
7.600000000000000000e+01,2.042113476765895275e+00
7.610000000000000853e+01,2.042771295346144989e+00
7.620000000000000284e+01,2.043628620568009868e+00
7.629999999999999716e+01,2.043624198652687518e+00
7.640000000000000568e+01,2.044569661367796609e+00
7.650000000000000000e+01,2.046391680048786466e+00
7.660000000000000853e+01,2.047273339528690617e+00
7.670000000000000284e+01,2.049014565668668908e+00
7.680000000000001137e+01,2.050728968547923969e+00
7.690000000000000568e+01,2.051233418905546113e+00
7.700000000000000000e+01,2.052002197319012122e+00
7.710000000000000853e+01,2.055756047593567448e+00
7.720000000000000284e+01,2.056111579749382301e+00
7.730000000000001137e+01,2.056548974558709553e+00
7.740000000000000568e+01,2.057124204651977095e+00
7.750000000000000000e+01,2.059299049746222465e+00
7.760000000000000853e+01,2.062385280479053673e+00
7.770000000000000284e+01,2.063927265302149650e+00
7.780000000000001137e+01,2.066367360348343230e+00
7.790000000000000568e+01,2.067110506745712062e+00
7.800000000000000000e+01,2.070114769073279959e+00
7.810000000000000853e+01,2.072093700241754988e+00
7.820000000000000284e+01,2.072904748485999260e+00
7.830000000000001137e+01,2.073628427722634449e+00
7.840000000000000568e+01,2.076700935480808141e+00
7.850000000000000000e+01,2.078363412737624483e+00
7.860000000000000853e+01,2.079196033944637367e+00
7.870000000000000284e+01,2.081718510367204455e+00
7.880000000000001137e+01,2.082354617008709496e+00
7.890000000000000568e+01,2.083456902040139447e+00
7.900000000000000000e+01,2.083503537178852394e+00
7.910000000000000853e+01,2.083307074718565133e+00
7.920000000000000284e+01,2.082942579669514682e+00
7.930000000000001137e+01,2.083899909760921876e+00
7.940000000000000568e+01,2.083479374993586930e+00
7.950000000000000000e+01,2.086239763262717428e+00
7.960000000000000853e+01,2.088791447589808836e+00
7.970000000000000284e+01,2.091045349311084323e+00
7.980000000000001137e+01,2.093574830418457378e+00
7.990000000000000568e+01,2.097297103953756903e+00
8.000000000000000000e+01,2.098860846769893485e+00
8.010000000000000853e+01,2.100261576991439672e+00
8.020000000000000284e+01,2.100785658436070680e+00
8.030000000000001137e+01,2.102123494755340438e+00
8.040000000000000568e+01,2.103096528104023033e+00
8.050000000000000000e+01,2.104329303326489153e+00
8.060000000000000853e+01,2.104166508887940878e+00
8.070000000000000284e+01,2.105950770680664608e+00
8.080000000000001137e+01,2.107178109702673385e+00
8.090000000000000568e+01,2.109685254733621562e+00
8.100000000000000000e+01,2.112915671158655861e+00
8.110000000000000853e+01,2.113712048401079624e+00
8.120000000000000284e+01,2.115255137921316475e+00
8.130000000000001137e+01,2.117567512683956821e+00
8.140000000000000568e+01,2.117864886214408937e+00
8.150000000000000000e+01,2.118767061686746001e+00
8.160000000000000853e+01,2.119470420057252280e+00
8.170000000000000284e+01,2.119213638699274149e+00
8.180000000000001137e+01,2.119802823586375506e+00
8.190000000000000568e+01,2.120639961915915084e+00
8.200000000000000000e+01,2.121932151426136226e+00
8.210000000000000853e+01,2.124157820706968902e+00
8.220000000000000284e+01,2.126543989690850456e+00
8.230000000000001137e+01,2.127522518248182504e+00
8.240000000000000568e+01,2.130013093885003261e+00
8.250000000000000000e+01,2.132272925312579837e+00
8.260000000000000853e+01,2.133339996139407280e+00
8.270000000000000284e+01,2.135137053714612598e+00
8.280000000000001137e+01,2.137144155751414143e+00
8.290000000000000568e+01,2.140331626386633435e+00
8.300000000000000000e+01,2.141999348812958281e+00
8.310000000000000853e+01,2.145815967097582710e+00
8.320000000000000284e+01,2.146488476824385483e+00
8.330000000000001137e+01,2.147288581575936828e+00
8.340000000000000568e+01,2.147906229554279900e+00
8.350000000000000000e+01,2.149192354572885044e+00
8.360000000000000853e+01,2.151384960761187681e+00
8.370000000000000284e+01,2.152793448888529859e+00
8.380000000000001137e+01,2.154086433150660174e+00
8.390000000000000568e+01,2.154550494452698750e+00
8.400000000000000000e+01,2.156503488532416579e+00
8.410000000000000853e+01,2.156291150458900407e+00
8.420000000000000284e+01,2.158235511420340647e+00
8.430000000000001137e+01,2.161649282227364743e+00
8.440000000000000568e+01,2.163040929422222813e+00
8.450000000000000000e+01,2.166368560080301986e+00
8.460000000000000853e+01,2.166601558917167214e+00
8.470000000000000284e+01,2.168797817807551986e+00
8.480000000000001137e+01,2.169633141995574555e+00
8.490000000000000568e+01,2.170731894122174488e+00
8.500000000000000000e+01,2.171292208892578568e+00
8.510000000000000853e+01,2.173083904334420779e+00
8.520000000000000284e+01,2.175423752945092826e+00
8.530000000000001137e+01,2.177110673121427364e+00
8.540000000000000568e+01,2.176154888591855574e+00
8.550000000000000000e+01,2.175588171931265968e+00
8.560000000000000853e+01,2.176239988505058953e+00
8.570000000000000284e+01,2.176782998021694837e+00
8.580000000000001137e+01,2.176820151635745937e+00
8.590000000000000568e+01,2.175329355811968401e+00
8.600000000000000000e+01,2.176001690940763567e+00
8.610000000000000853e+01,2.176266788679580788e+00
8.620000000000000284e+01,2.178283193484866764e+00
8.630000000000001137e+01,2.179615420176512774e+00
8.640000000000000568e+01,2.181785710241465726e+00
8.650000000000000000e+01,2.184045443810350928e+00
8.660000000000000853e+01,2.185926113602987275e+00
8.670000000000000284e+01,2.186226988843997354e+00
8.680000000000001137e+01,2.189422606048320841e+00
8.690000000000000568e+01,2.192673026825751048e+00
8.700000000000000000e+01,2.196308709775256052e+00
8.710000000000000853e+01,2.199726161802900926e+00
8.720000000000000284e+01,2.201252917385576602e+00
8.730000000000001137e+01,2.203601756386884603e+00
8.740000000000000568e+01,2.204551440845050614e+00
8.750000000000000000e+01,2.206977831300643622e+00
8.760000000000000853e+01,2.208041392587578589e+00
8.770000000000000284e+01,2.207215576741796692e+00
8.780000000000001137e+01,2.206579405875879640e+00
8.790000000000000568e+01,2.208087058334293751e+00
8.800000000000000000e+01,2.210969279823179257e+00
8.810000000000000853e+01,2.214154793552614908e+00
8.820000000000000284e+01,2.216350090611926671e+00
8.830000000000001137e+01,2.219485538675261438e+00
8.840000000000000568e+01,2.221772687175103567e+00
8.850000000000000000e+01,2.223425805912495168e+00
8.860000000000000853e+01,2.223405873422664047e+00
8.870000000000000284e+01,2.225446879223625718e+00
8.880000000000001137e+01,2.228213522902909194e+00
8.890000000000000568e+01,2.227811590448256940e+00
8.900000000000000000e+01,2.228554170424634329e+00
8.910000000000000853e+01,2.229279107938991089e+00
8.920000000000000284e+01,2.229554317252306017e+00
8.930000000000001137e+01,2.229170433925744543e+00
8.940000000000000568e+01,2.230060495377984786e+00
8.950000000000000000e+01,2.230268050585651807e+00
8.960000000000000853e+01,2.230828261308078098e+00
8.970000000000000284e+01,2.231453774441749527e+00
8.980000000000001137e+01,2.233402471124743105e+00
8.990000000000000568e+01,2.234646426221068349e+00
9.000000000000000000e+01,2.236548328043496348e+00
9.010000000000000853e+01,2.238457533970585001e+00
9.020000000000000284e+01,2.239514240722731753e+00
9.030000000000001137e+01,2.240871421559977428e+00
9.040000000000000568e+01,2.242314365104699281e+00
9.050000000000000000e+01,2.246139372081120467e+00
9.060000000000000853e+01,2.246890298506011074e+00
9.070000000000000284e+01,2.248238660592799754e+00
9.080000000000001137e+01,2.248774651157507076e+00
9.090000000000000568e+01,2.252010194707611657e+00
9.100000000000000000e+01,2.254531179479641434e+00
9.110000000000000853e+01,2.255925270252954196e+00
9.120000000000000284e+01,2.257337378473268874e+00
9.130000000000001137e+01,2.257507384104210146e+00
9.140000000000000568e+01,2.256891649700579094e+00
9.150000000000000000e+01,2.255755570822952638e+00
9.160000000000000853e+01,2.256735961191314477e+00
9.170000000000000284e+01,2.258431027551252690e+00
9.180000000000001137e+01,2.259886880741562631e+00
9.190000000000000568e+01,2.260800156364570768e+00
9.200000000000000000e+01,2.263798143546390751e+00
9.210000000000000853e+01,2.264028159087377201e+00
9.220000000000000284e+01,2.264098761978226459e+00
9.230000000000001137e+01,2.263163671816663225e+00
9.240000000000000568e+01,2.262240745318786050e+00
9.250000000000000000e+01,2.262819265146791547e+00
9.260000000000000853e+01,2.266363102119505424e+00
9.270000000000000284e+01,2.267651939696719854e+00
9.280000000000001137e+01,2.269309775143333763e+00
9.290000000000000568e+01,2.271948318058328198e+00
9.300000000000000000e+01,2.273205503778226610e+00
9.310000000000000853e+01,2.277086220010044570e+00
9.320000000000000284e+01,2.277433148525534801e+00
9.330000000000001137e+01,2.278411950910069539e+00
9.340000000000000568e+01,2.279198236618011908e+00
9.350000000000000000e+01,2.280032630219629208e+00
9.360000000000000853e+01,2.282985030086287281e+00
9.370000000000000284e+01,2.285405072097326684e+00
9.380000000000001137e+01,2.287235733478628852e+00
9.390000000000000568e+01,2.290475669263096758e+00
9.400000000000000000e+01,2.291219668633777573e+00
9.410000000000000853e+01,2.292106618410513885e+00
9.420000000000000284e+01,2.293682756996451744e+00
9.430000000000001137e+01,2.294609987077319779e+00
9.440000000000000568e+01,2.295259794222348937e+00
9.450000000000000000e+01,2.296441588475804707e+00
9.460000000000000853e+01,2.296286529358761097e+00
9.470000000000000284e+01,2.298005974618697600e+00
9.480000000000001137e+01,2.297809269958589251e+00
9.490000000000000568e+01,2.298397459665008746e+00
9.500000000000000000e+01,2.298980439665958109e+00
9.510000000000000853e+01,2.300024503507385187e+00
9.520000000000000284e+01,2.300712288874574796e+00
9.530000000000001137e+01,2.300975665193589759e+00
9.540000000000000568e+01,2.302452297922418456e+00
9.550000000000000000e+01,2.304650603965784139e+00
9.560000000000000853e+01,2.306590455473811918e+00
9.570000000000000284e+01,2.306485020723748836e+00
9.580000000000001137e+01,2.307242524335685108e+00
9.590000000000000568e+01,2.308811213549466057e+00
9.600000000000000000e+01,2.309273253603993936e+00
9.610000000000000853e+01,2.309481203095699264e+00
9.620000000000000284e+01,2.310536350320126608e+00
9.630000000000001137e+01,2.310406841902948205e+00
9.640000000000000568e+01,2.312601644752295904e+00
9.650000000000000000e+01,2.313669946407789446e+00
9.660000000000000853e+01,2.314626766913976841e+00
9.670000000000000284e+01,2.313761423781593773e+00
9.680000000000001137e+01,2.313440901162268748e+00
9.690000000000000568e+01,2.313837149301631868e+00
9.700000000000000000e+01,2.314069865016061378e+00
9.710000000000000853e+01,2.315273265649385515e+00
9.720000000000000284e+01,2.316716092188567000e+00
9.730000000000001137e+01,2.316529568336667566e+00
9.740000000000000568e+01,2.319782504552239555e+00
9.750000000000000000e+01,2.322281901377128310e+00
9.760000000000000853e+01,2.323736181526034894e+00
9.770000000000000284e+01,2.326038817558870431e+00
9.780000000000001137e+01,2.327994749040978917e+00
9.790000000000000568e+01,2.329070976323992959e+00
9.800000000000000000e+01,2.331245205389115505e+00
9.810000000000000853e+01,2.332229223017564301e+00
9.820000000000000284e+01,2.333354094356937747e+00
9.830000000000001137e+01,2.334618756393275874e+00
9.840000000000000568e+01,2.336231061154232069e+00
9.850000000000000000e+01,2.337454370234095524e+00
9.860000000000000853e+01,2.339406872084341060e+00
9.870000000000000284e+01,2.340662543352433733e+00
9.880000000000001137e+01,2.340283806577718284e+00
9.890000000000000568e+01,2.340910868896719954e+00
9.900000000000000000e+01,2.342074006534860420e+00
9.910000000000000853e+01,2.343357780979624216e+00
9.920000000000000284e+01,2.344345260940986275e+00
9.930000000000001137e+01,2.345156619214015858e+00
9.940000000000000568e+01,2.347317652148870781e+00
9.950000000000000000e+01,2.349638214429628391e+00
9.960000000000000853e+01,2.350899356370354631e+00
9.970000000000000284e+01,2.351810896863429701e+00
9.980000000000001137e+01,2.353737821271298269e+00
9.990000000000000568e+01,2.353513956021511255e+00
1.000000000000000000e+02,2.356349368650099141e+00
1.001000000000000085e+02,2.358928465065556868e+00
1.002000000000000028e+02,2.361456562683446503e+00
1.003000000000000114e+02,2.364162432241768474e+00
1.004000000000000057e+02,2.365118287780041850e+00
1.005000000000000000e+02,2.367192659129827348e+00
1.006000000000000085e+02,2.366625513717480978e+00
1.007000000000000028e+02,2.367767790110568704e+00
1.008000000000000114e+02,2.366908797667993003e+00
1.009000000000000057e+02,2.365923650003880940e+00
1.010000000000000000e+02,2.367683543106017474e+00
1.011000000000000085e+02,2.367060370257595192e+00
1.012000000000000028e+02,2.366537591618710579e+00
1.013000000000000114e+02,2.366754008662537156e+00
1.014000000000000057e+02,2.368174790155378240e+00
1.015000000000000000e+02,2.368740698848724513e+00
1.016000000000000085e+02,2.369660888545024324e+00
1.017000000000000028e+02,2.370247178408615429e+00
1.018000000000000114e+02,2.370147859812593349e+00
1.019000000000000057e+02,2.370759246531748854e+00
1.020000000000000000e+02,2.373966969492071311e+00
1.021000000000000085e+02,2.375952182143967306e+00
1.022000000000000028e+02,2.378732697076254343e+00
1.023000000000000114e+02,2.381789405262227710e+00
1.024000000000000057e+02,2.382550522595356046e+00
1.025000000000000000e+02,2.384975254664063904e+00
1.026000000000000085e+02,2.385746681881840026e+00
1.027000000000000028e+02,2.384612512975730070e+00
1.028000000000000114e+02,2.385263409456560346e+00
1.029000000000000057e+02,2.385992403524568317e+00
1.030000000000000000e+02,2.387613139392835926e+00
1.031000000000000085e+02,2.390170454776197051e+00
1.032000000000000028e+02,2.392279015226950190e+00
1.033000000000000114e+02,2.392957356247574996e+00
1.034000000000000057e+02,2.392945049813298475e+00
1.035000000000000000e+02,2.392142574514518838e+00
1.036000000000000085e+02,2.392826396865677552e+00
1.037000000000000028e+02,2.392807009783425976e+00
1.038000000000000114e+02,2.394745162373323577e+00
1.039000000000000057e+02,2.394676070142693014e+00
1.040000000000000000e+02,2.395059214987943275e+00
1.041000000000000085e+02,2.395377918168681397e+00
1.042000000000000028e+02,2.395141166032436875e+00
1.043000000000000114e+02,2.396264571534870047e+00
1.044000000000000057e+02,2.398036557545883518e+00
1.045000000000000000e+02,2.399899110008379743e+00
1.046000000000000085e+02,2.402013502808461265e+00
1.047000000000000028e+02,2.401550734873755921e+00
1.048000000000000114e+02,2.404752183849542480e+00
1.049000000000000057e+02,2.408263964122294265e+00
1.050000000000000000e+02,2.408675895459113203e+00
1.051000000000000085e+02,2.410430811180680255e+00
1.052000000000000028e+02,2.411672984452444268e+00
1.053000000000000114e+02,2.412158098554604280e+00
1.054000000000000057e+02,2.412428750757564355e+00
1.055000000000000000e+02,2.414255686157053216e+00
1.056000000000000085e+02,2.414649405458273890e+00
1.057000000000000028e+02,2.415636022371536296e+00
1.058000000000000114e+02,2.416960233572932104e+00
1.059000000000000057e+02,2.418509567499123047e+00
1.060000000000000000e+02,2.419524290822584245e+00
1.061000000000000085e+02,2.422881642068523966e+00
1.062000000000000028e+02,2.424859364635449932e+00
1.063000000000000114e+02,2.426001802312896416e+00
1.064000000000000057e+02,2.426816751042641940e+00
1.065000000000000000e+02,2.425776687373668139e+00
1.066000000000000085e+02,2.428102880151946863e+00
1.067000000000000028e+02,2.430656303905529558e+00
1.068000000000000114e+02,2.429691826382773812e+00
1.069000000000000057e+02,2.429132879436227910e+00
1.070000000000000000e+02,2.428172808456192211e+00
1.071000000000000085e+02,2.427986455591290671e+00
1.072000000000000028e+02,2.429521190320460544e+00
1.073000000000000114e+02,2.428260781222818743e+00
1.074000000000000057e+02,2.430469092134865949e+00
1.075000000000000000e+02,2.431907830617867639e+00
1.076000000000000085e+02,2.433297714195025829e+00
1.077000000000000028e+02,2.433815051618890557e+00
1.078000000000000114e+02,2.435394714908181157e+00
1.079000000000000057e+02,2.437589519905584368e+00
1.080000000000000000e+02,2.438169131834241110e+00
1.081000000000000085e+02,2.438896742049861288e+00
1.082000000000000028e+02,2.441364663812835900e+00
1.083000000000000114e+02,2.440714996824802530e+00
1.084000000000000057e+02,2.440103025579605234e+00
1.085000000000000000e+02,2.441340635473669529e+00
1.086000000000000085e+02,2.441857978289859510e+00
1.087000000000000028e+02,2.443179201286652891e+00
1.088000000000000114e+02,2.444681762874306052e+00
1.089000000000000057e+02,2.445721507591327892e+00
1.090000000000000000e+02,2.447482378882819276e+00
1.091000000000000085e+02,2.448356364033112076e+00
1.092000000000000028e+02,2.451004029141908624e+00
1.093000000000000114e+02,2.449523229146386427e+00
1.094000000000000057e+02,2.451359492653278238e+00
1.095000000000000000e+02,2.452701186980102754e+00
1.096000000000000085e+02,2.453242587222340010e+00
1.097000000000000028e+02,2.454867969334282307e+00
1.098000000000000114e+02,2.455718531541510874e+00
1.099000000000000057e+02,2.457450695682077857e+00
1.100000000000000000e+02,2.458841919234183937e+00
1.101000000000000085e+02,2.458241837764513438e+00
1.102000000000000028e+02,2.459786369765647240e+00
1.103000000000000114e+02,2.462738550280676453e+00
1.104000000000000057e+02,2.463316324289432924e+00
1.105000000000000000e+02,2.464923194224236447e+00
1.106000000000000085e+02,2.465469283370848697e+00
1.107000000000000028e+02,2.465053788275143098e+00
1.108000000000000114e+02,2.465735729824366729e+00
1.109000000000000057e+02,2.464143471662977980e+00
1.110000000000000000e+02,2.463963715314957614e+00
1.111000000000000085e+02,2.463127101271615604e+00
1.112000000000000028e+02,2.464367900267829370e+00
1.113000000000000114e+02,2.465363219730122513e+00
1.114000000000000057e+02,2.466630969425632092e+00
1.115000000000000000e+02,2.468711713111817918e+00
1.116000000000000085e+02,2.469809445270612525e+00
1.117000000000000028e+02,2.472001073885184752e+00
1.118000000000000114e+02,2.472797593215806167e+00
1.119000000000000057e+02,2.474044971202993271e+00
1.120000000000000000e+02,2.474472295913006548e+00
1.121000000000000085e+02,2.474793785084659969e+00
1.122000000000000028e+02,2.473114550344982288e+00
1.123000000000000114e+02,2.473766365774566101e+00
1.124000000000000057e+02,2.474126749563446470e+00
1.125000000000000000e+02,2.475434129617265722e+00
1.126000000000000085e+02,2.477682941394881322e+00
1.127000000000000028e+02,2.480304288777175792e+00
1.128000000000000114e+02,2.483594180924946659e+00
1.129000000000000057e+02,2.485775880665176185e+00
1.130000000000000000e+02,2.486656866172924918e+00
1.131000000000000085e+02,2.488037421934004456e+00
1.132000000000000028e+02,2.489573286891271664e+00
1.133000000000000114e+02,2.490976533896949174e+00
1.134000000000000057e+02,2.490918203059543590e+00
1.135000000000000000e+02,2.491694748093742806e+00
1.136000000000000085e+02,2.490074054495993394e+00
1.137000000000000028e+02,2.490917346887865147e+00
1.138000000000000114e+02,2.490148056362198936e+00
1.139000000000000057e+02,2.491210677371695326e+00
1.140000000000000000e+02,2.491763084394379213e+00
1.141000000000000085e+02,2.491471365986158037e+00
1.142000000000000028e+02,2.490616537898789673e+00
1.143000000000000114e+02,2.492979909219281254e+00
1.144000000000000057e+02,2.493132029598274624e+00
1.145000000000000000e+02,2.494209622717396435e+00
1.146000000000000085e+02,2.493602958800336111e+00
1.147000000000000028e+02,2.495231154655972450e+00
1.148000000000000114e+02,2.496149619798920583e+00
1.149000000000000057e+02,2.497164777098494159e+00
1.150000000000000000e+02,2.498357052945608281e+00
1.151000000000000085e+02,2.499328886310166364e+00
1.152000000000000028e+02,2.503232503979659462e+00
1.153000000000000114e+02,2.503824423255651244e+00
1.154000000000000057e+02,2.507361161725373933e+00
1.155000000000000000e+02,2.510264118040841375e+00
1.156000000000000085e+02,2.513846462391351455e+00
1.157000000000000028e+02,2.516595536224494722e+00
1.158000000000000114e+02,2.518020207611644246e+00
1.159000000000000057e+02,2.519057851135693138e+00
1.160000000000000000e+02,2.520486956696483816e+00
1.161000000000000085e+02,2.520204032810151595e+00
1.162000000000000028e+02,2.519162583228038876e+00
1.163000000000000114e+02,2.520737521098272538e+00
1.164000000000000057e+02,2.522508951628018803e+00
1.165000000000000000e+02,2.524162379639459886e+00
1.166000000000000085e+02,2.525494366314952277e+00
1.167000000000000028e+02,2.526265949904957786e+00
1.168000000000000114e+02,2.527373750118229179e+00
1.169000000000000057e+02,2.529778669076970132e+00
1.170000000000000000e+02,2.527947685862669935e+00
1.171000000000000085e+02,2.528161330783947669e+00
1.172000000000000028e+02,2.528027736800968484e+00
1.173000000000000114e+02,2.529375517144064833e+00
1.174000000000000057e+02,2.529650258925620232e+00
1.175000000000000000e+02,2.531901593996112254e+00
1.176000000000000085e+02,2.533467284276064380e+00
1.177000000000000028e+02,2.534005856938636114e+00
1.178000000000000114e+02,2.535471895003022169e+00
1.179000000000000057e+02,2.537306794011120026e+00
1.180000000000000000e+02,2.540249342642348473e+00
1.181000000000000085e+02,2.541302783024413259e+00
1.182000000000000028e+02,2.541681777834787770e+00
1.183000000000000114e+02,2.543506579215562891e+00
1.184000000000000057e+02,2.545731291106740901e+00
1.185000000000000000e+02,2.546783811282125498e+00
1.186000000000000085e+02,2.548165508050068695e+00
1.187000000000000028e+02,2.550244934443702594e+00
1.188000000000000114e+02,2.552158807132278717e+00
1.189000000000000057e+02,2.554008095355014163e+00
1.190000000000000000e+02,2.557731505960164853e+00
1.191000000000000085e+02,2.559358999418997360e+00
1.192000000000000028e+02,2.561631453165643002e+00
1.193000000000000114e+02,2.563295139571236003e+00
1.194000000000000057e+02,2.564661433444728189e+00
1.195000000000000000e+02,2.566822522148739960e+00
1.196000000000000085e+02,2.567719888208182422e+00
1.197000000000000028e+02,2.568753600975928197e+00
1.198000000000000114e+02,2.571659299275821819e+00
1.199000000000000057e+02,2.571956449397203581e+00
1.200000000000000000e+02,2.573170301875889354e+00
1.201000000000000085e+02,2.574804599918470771e+00
1.202000000000000028e+02,2.575093790405986738e+00
1.203000000000000114e+02,2.574127705888139772e+00
1.204000000000000057e+02,2.574828940527464916e+00
1.205000000000000000e+02,2.576603024425681454e+00
1.206000000000000085e+02,2.577783063409782915e+00
1.207000000000000028e+02,2.578430537290692826e+00
1.208000000000000114e+02,2.579163760102844538e+00
1.209000000000000057e+02,2.580650492234586313e+00
1.210000000000000000e+02,2.580468755797289848e+00
1.211000000000000085e+02,2.585070271520481633e+00
1.212000000000000028e+02,2.588221080602354007e+00
1.213000000000000114e+02,2.589475679580552026e+00
1.214000000000000057e+02,2.591688989788088815e+00
1.215000000000000000e+02,2.593830595510837611e+00
1.216000000000000085e+02,2.596632460916230123e+00
1.217000000000000028e+02,2.598395640429744802e+00
1.218000000000000114e+02,2.599176595536437429e+00
1.219000000000000057e+02,2.599694758779994785e+00
1.220000000000000000e+02,2.600605809478614194e+00
1.221000000000000085e+02,2.601506686988431127e+00
1.222000000000000028e+02,2.602208971452482977e+00
1.223000000000000114e+02,2.602302767593663635e+00
1.224000000000000057e+02,2.602969642431861796e+00
1.225000000000000000e+02,2.604623881089847437e+00
1.226000000000000085e+02,2.604576760068384900e+00
1.227000000000000028e+02,2.605857159077195728e+00
1.228000000000000114e+02,2.606133982367742963e+00
1.229000000000000057e+02,2.607146825396136958e+00
1.230000000000000000e+02,2.611275052992589440e+00
1.231000000000000085e+02,2.611768153837798589e+00
1.232000000000000028e+02,2.612347645032519150e+00
1.233000000000000114e+02,2.612572354387387996e+00
1.234000000000000057e+02,2.613163101960263024e+00
1.235000000000000000e+02,2.611718258207480048e+00
1.236000000000000085e+02,2.612913609243797897e+00
1.237000000000000028e+02,2.613875618130056644e+00
1.238000000000000114e+02,2.615219178078366014e+00
1.239000000000000057e+02,2.616856949968680457e+00
1.240000000000000000e+02,2.617876191185452228e+00
1.241000000000000085e+02,2.619258062881458127e+00
1.242000000000000028e+02,2.620403142385921313e+00
1.243000000000000114e+02,2.622356748703121188e+00
1.244000000000000057e+02,2.624429486049163263e+00
1.245000000000000000e+02,2.626390432286873633e+00
1.246000000000000085e+02,2.627615644726071231e+00
1.247000000000000028e+02,2.628444875133935987e+00
1.248000000000000114e+02,2.630237293017024580e+00
1.249000000000000057e+02,2.630544813222523981e+00
1.250000000000000000e+02,2.630382518939109460e+00
1.251000000000000085e+02,2.630948696549514132e+00
1.252000000000000028e+02,2.631850750323022847e+00
1.253000000000000114e+02,2.632769368379943575e+00
1.254000000000000057e+02,2.632923290631948632e+00
1.255000000000000000e+02,2.635686100091240824e+00
1.256000000000000085e+02,2.636543438681598239e+00
1.257000000000000028e+02,2.637969564915531695e+00
1.258000000000000114e+02,2.639090083733380165e+00
1.259000000000000057e+02,2.641733787981090931e+00
1.260000000000000000e+02,2.643941829669426369e+00
1.261000000000000085e+02,2.646152392806771836e+00
1.262000000000000028e+02,2.646775201040406866e+00
1.263000000000000114e+02,2.649419318551613056e+00
1.264000000000000057e+02,2.650619267471550966e+00
1.265000000000000000e+02,2.651913306315821561e+00
1.266000000000000085e+02,2.653202062313600784e+00
1.267000000000000028e+02,2.652562268129064815e+00
1.268000000000000114e+02,2.652997621390216665e+00
1.269000000000000057e+02,2.652024270928362792e+00
1.270000000000000000e+02,2.651342706673295524e+00
1.271000000000000085e+02,2.652093262837111443e+00
1.272000000000000028e+02,2.653023036691793735e+00
1.273000000000000114e+02,2.654152779278922125e+00
1.274000000000000057e+02,2.657074091038814867e+00
1.275000000000000000e+02,2.659016564803537541e+00
1.276000000000000085e+02,2.659398821693073511e+00
1.277000000000000028e+02,2.660326751647129395e+00
1.278000000000000114e+02,2.662669044902031601e+00
1.279000000000000057e+02,2.662850316978326859e+00
1.280000000000000000e+02,2.665365689549080930e+00
1.280999999999999943e+02,2.665680001372884522e+00
1.282000000000000171e+02,2.666426550654780847e+00
1.283000000000000114e+02,2.665862685746973604e+00
1.284000000000000057e+02,2.667368208309061295e+00
1.285000000000000000e+02,2.668781587709291969e+00
1.285999999999999943e+02,2.670725083369129393e+00
1.287000000000000171e+02,2.671682421729075330e+00
1.288000000000000114e+02,2.671939837087561997e+00
1.289000000000000057e+02,2.671849540994939431e+00
1.290000000000000000e+02,2.673898146100804674e+00
1.290999999999999943e+02,2.673161463633538126e+00
1.292000000000000171e+02,2.672563274470832972e+00
1.293000000000000114e+02,2.673676773385079475e+00
1.294000000000000057e+02,2.674067398275255858e+00
1.295000000000000000e+02,2.674076524977307745e+00
1.295999999999999943e+02,2.673345932881578957e+00
1.297000000000000171e+02,2.673171828794503213e+00
1.298000000000000114e+02,2.674110382038735079e+00
1.299000000000000057e+02,2.675432187690447439e+00
1.300000000000000000e+02,2.677367795636348191e+00
1.300999999999999943e+02,2.679234515228062552e+00
1.302000000000000171e+02,2.680247328360444214e+00
1.303000000000000114e+02,2.682690389180194757e+00
1.304000000000000057e+02,2.683807410886990930e+00
1.305000000000000000e+02,2.684210486094637638e+00
1.305999999999999943e+02,2.685679850873497365e+00
1.307000000000000171e+02,2.686398030623259992e+00
1.308000000000000114e+02,2.685868603943450061e+00
1.309000000000000057e+02,2.685917945515200689e+00
1.310000000000000000e+02,2.688272217698322475e+00
1.310999999999999943e+02,2.688789172338529099e+00
1.312000000000000171e+02,2.688978881078527561e+00
1.313000000000000114e+02,2.689033802653543859e+00
1.314000000000000057e+02,2.688954799803736417e+00
1.315000000000000000e+02,2.689251934302119285e+00
1.315999999999999943e+02,2.690108543569428079e+00
1.317000000000000171e+02,2.691793240610229621e+00
1.318000000000000114e+02,2.693174816965040463e+00
1.319000000000000057e+02,2.695753087887358568e+00
1.320000000000000000e+02,2.697691265986442044e+00
1.320999999999999943e+02,2.700307764742616357e+00
1.322000000000000171e+02,2.701434883608143878e+00
1.323000000000000114e+02,2.703364443415093188e+00
1.324000000000000057e+02,2.703624380994026577e+00
1.325000000000000000e+02,2.706105838779111927e+00
1.325999999999999943e+02,2.708862142376084137e+00
1.327000000000000171e+02,2.711202804736028593e+00
1.328000000000000114e+02,2.713772883376190936e+00
1.329000000000000057e+02,2.714684987703253949e+00
1.330000000000000000e+02,2.714363723726783029e+00
1.330999999999999943e+02,2.716614270366080497e+00
1.332000000000000171e+02,2.717339952956063343e+00
1.333000000000000114e+02,2.716294477410345465e+00
1.334000000000000057e+02,2.718586945097961838e+00
1.335000000000000000e+02,2.719405047087225302e+00
1.335999999999999943e+02,2.720092490445675359e+00
1.337000000000000171e+02,2.721631919439585268e+00
1.338000000000000114e+02,2.722086633000444511e+00
1.339000000000000057e+02,2.722579163383533452e+00
1.340000000000000000e+02,2.721933596108903508e+00
1.340999999999999943e+02,2.724587935195705413e+00
1.342000000000000171e+02,2.727327741358238189e+00
1.343000000000000114e+02,2.727443668653005471e+00
1.344000000000000057e+02,2.726823593869898588e+00
1.345000000000000000e+02,2.726607279627656144e+00
1.345999999999999943e+02,2.728216362141953066e+00
1.347000000000000171e+02,2.727913159269944821e+00
1.348000000000000114e+02,2.729894226035373794e+00
1.349000000000000057e+02,2.731901793736970507e+00
1.350000000000000000e+02,2.735115051725388824e+00
1.350999999999999943e+02,2.736623012372093378e+00
1.352000000000000171e+02,2.737689313274295877e+00
1.353000000000000114e+02,2.738855264279659973e+00
1.354000000000000057e+02,2.740445641306620050e+00
1.355000000000000000e+02,2.742438049669863265e+00
1.355999999999999943e+02,2.744238892826387222e+00
1.357000000000000171e+02,2.745072172354988016e+00
1.358000000000000114e+02,2.745622927933346613e+00
1.359000000000000057e+02,2.747099288340365320e+00
1.360000000000000000e+02,2.747552332518308660e+00
1.360999999999999943e+02,2.745436553994176521e+00
1.362000000000000171e+02,2.746893715605826625e+00
1.363000000000000114e+02,2.749143698084496990e+00
1.364000000000000057e+02,2.750890481490272599e+00
1.365000000000000000e+02,2.754361029057143639e+00
1.365999999999999943e+02,2.758107140433442961e+00
1.367000000000000171e+02,2.760437508875414281e+00
1.368000000000000114e+02,2.762931935029059094e+00
1.369000000000000057e+02,2.765384588264633958e+00
1.370000000000000000e+02,2.767521947982936048e+00
1.370999999999999943e+02,2.770026429737098894e+00
1.372000000000000171e+02,2.770164582806065479e+00
1.373000000000000114e+02,2.770724325819683198e+00
1.374000000000000057e+02,2.772563249017958142e+00
1.375000000000000000e+02,2.772720836261826083e+00
1.375999999999999943e+02,2.772872575926770722e+00
1.377000000000000171e+02,2.773266632433742274e+00
1.378000000000000114e+02,2.775137117993959901e+00
1.379000000000000057e+02,2.775195331105536400e+00
1.380000000000000000e+02,2.775995985502877961e+00
1.380999999999999943e+02,2.777696707318401792e+00
1.382000000000000171e+02,2.778385730764763917e+00
1.383000000000000114e+02,2.779566636311277872e+00
1.384000000000000057e+02,2.782534689456933830e+00
1.385000000000000000e+02,2.782904490322744007e+00
1.385999999999999943e+02,2.783078265189212086e+00
1.387000000000000171e+02,2.784360751580307269e+00
1.388000000000000114e+02,2.785444835084795123e+00
1.389000000000000057e+02,2.785806464039100927e+00
1.390000000000000000e+02,2.785059037678363048e+00
1.390999999999999943e+02,2.784101189396357867e+00
1.392000000000000171e+02,2.786539303435793258e+00
1.393000000000000114e+02,2.790129070885481344e+00
1.394000000000000057e+02,2.792266726362643059e+00
1.395000000000000000e+02,2.795371528764158509e+00
1.395999999999999943e+02,2.798173446048518365e+00
1.397000000000000171e+02,2.799873097785998244e+00
1.398000000000000114e+02,2.800870223561765293e+00
1.399000000000000057e+02,2.801733604198044070e+00
1.400000000000000000e+02,2.802764011444422998e+00
1.400999999999999943e+02,2.804005654179651419e+00
1.402000000000000171e+02,2.805434369608837297e+00
1.403000000000000114e+02,2.806598120658392315e+00
1.404000000000000057e+02,2.807764982670032605e+00
1.405000000000000000e+02,2.808393601676389739e+00
1.405999999999999943e+02,2.808375230141858303e+00
1.407000000000000171e+02,2.809076373448321284e+00
1.408000000000000114e+02,2.811053269966354851e+00
1.409000000000000057e+02,2.809390208733562488e+00
1.410000000000000000e+02,2.810626481459086889e+00
1.410999999999999943e+02,2.809886821060315398e+00
1.412000000000000171e+02,2.811712181924179710e+00
1.413000000000000114e+02,2.809965466058597094e+00
1.414000000000000057e+02,2.809779829777041549e+00
1.415000000000000000e+02,2.807854454245976683e+00
1.415999999999999943e+02,2.809042386648168854e+00
1.417000000000000171e+02,2.810356173671348490e+00
1.418000000000000114e+02,2.811668974742691951e+00
1.419000000000000057e+02,2.812330722907987912e+00
1.420000000000000000e+02,2.813363556802530585e+00
1.420999999999999943e+02,2.815087945585801776e+00
1.422000000000000171e+02,2.818273943912978474e+00
1.423000000000000114e+02,2.819322457998929554e+00
1.424000000000000057e+02,2.822459458663509224e+00
1.425000000000000000e+02,2.824088919621355664e+00
1.425999999999999943e+02,2.825831304975852998e+00
1.427000000000000171e+02,2.827533452363081068e+00
1.428000000000000114e+02,2.827445866504822547e+00
1.429000000000000057e+02,2.829756533989144174e+00
1.430000000000000000e+02,2.830724226270603161e+00
1.430999999999999943e+02,2.830377641535003708e+00
1.432000000000000171e+02,2.833485506093741169e+00
1.433000000000000114e+02,2.836924417665928289e+00
1.434000000000000057e+02,2.840280654399345739e+00
1.435000000000000000e+02,2.839816288694075652e+00
1.435999999999999943e+02,2.839183391985811600e+00
1.437000000000000171e+02,2.840475585483817511e+00
1.438000000000000114e+02,2.841747252156416881e+00
1.439000000000000057e+02,2.842306808609000868e+00
1.440000000000000000e+02,2.840884000305288648e+00
1.440999999999999943e+02,2.842998358534502223e+00
1.442000000000000171e+02,2.843438483662636518e+00
1.443000000000000114e+02,2.844093779864881988e+00
1.444000000000000057e+02,2.842628254183561687e+00
1.445000000000000000e+02,2.843817633469552408e+00
1.445999999999999943e+02,2.843605155363463588e+00
1.447000000000000171e+02,2.845666232577153121e+00
1.448000000000000114e+02,2.844661032833472269e+00
1.449000000000000057e+02,2.846774588110187132e+00
1.450000000000000000e+02,2.848448691776225949e+00
1.450999999999999943e+02,2.851872290059993986e+00
1.452000000000000171e+02,2.852709056973195878e+00
1.453000000000000114e+02,2.854661932658209000e+00
1.454000000000000057e+02,2.856536101183998699e+00
1.455000000000000000e+02,2.858616684567344191e+00
1.455999999999999943e+02,2.862938786210029729e+00
1.457000000000000171e+02,2.867433205427478704e+00
1.458000000000000114e+02,2.870411924778212942e+00
1.459000000000000057e+02,2.873382420915938429e+00
1.460000000000000000e+02,2.874536843908509720e+00
1.460999999999999943e+02,2.876394010635956011e+00
1.462000000000000171e+02,2.881372402722012893e+00
1.463000000000000114e+02,2.886869160102610632e+00
1.464000000000000057e+02,2.890037849557946181e+00
1.465000000000000000e+02,2.891568440897903880e+00
1.465999999999999943e+02,2.893980426721809884e+00
1.467000000000000171e+02,2.895386657542615705e+00
1.468000000000000114e+02,2.897990253637453328e+00
1.469000000000000057e+02,2.898150050503550457e+00
1.470000000000000000e+02,2.900557900789092258e+00
1.470999999999999943e+02,2.901258116084740823e+00
1.472000000000000171e+02,2.901041253023782129e+00
1.473000000000000114e+02,2.903013818348780362e+00
1.474000000000000057e+02,2.901259218304359511e+00
1.475000000000000000e+02,2.901317798161725747e+00
1.475999999999999943e+02,2.901358685245891245e+00
1.477000000000000171e+02,2.902093924714158391e+00
1.478000000000000114e+02,2.903380047825679711e+00
1.479000000000000057e+02,2.902052480932507894e+00
1.480000000000000000e+02,2.905204536627012946e+00
1.480999999999999943e+02,2.905002363578724989e+00
1.482000000000000171e+02,2.905130119848411407e+00
1.483000000000000114e+02,2.906344808603253949e+00
1.484000000000000057e+02,2.908111981970931126e+00
1.485000000000000000e+02,2.909928844165388107e+00
1.485999999999999943e+02,2.912081642971204420e+00
1.487000000000000171e+02,2.916070112660263280e+00
1.488000000000000114e+02,2.916136533439114942e+00
1.489000000000000057e+02,2.917688205409174618e+00
1.490000000000000000e+02,2.919561059269575765e+00
1.490999999999999943e+02,2.923102397594727009e+00
1.492000000000000171e+02,2.923049463150003469e+00
1.493000000000000114e+02,2.925275802503323863e+00
1.494000000000000057e+02,2.927038442780955485e+00
1.495000000000000000e+02,2.929407866419090567e+00
1.495999999999999943e+02,2.933417277514845267e+00
1.497000000000000171e+02,2.937466552081466453e+00
1.498000000000000114e+02,2.939640059108696413e+00
1.499000000000000057e+02,2.941572613717287066e+00
1.500000000000000000e+02,2.940848319834073354e+00
1.500999999999999943e+02,2.941532392761929682e+00
1.502000000000000171e+02,2.943441627244800518e+00
1.503000000000000114e+02,2.944496361939694218e+00
1.504000000000000057e+02,2.945900966934246412e+00
1.505000000000000000e+02,2.946946722986561795e+00
1.505999999999999943e+02,2.946311850775730434e+00
1.507000000000000171e+02,2.946978865221892452e+00
1.508000000000000114e+02,2.947985662035326637e+00
1.509000000000000057e+02,2.947028248248510618e+00
1.510000000000000000e+02,2.947500012555797522e+00
1.510999999999999943e+02,2.948676320794205274e+00
1.512000000000000171e+02,2.948881238912542280e+00
1.513000000000000114e+02,2.948740649703324390e+00
1.514000000000000057e+02,2.950372804755150291e+00
1.515000000000000000e+02,2.951738904611422409e+00
1.515999999999999943e+02,2.952928383545986968e+00
1.517000000000000171e+02,2.954914634119292227e+00
1.518000000000000114e+02,2.957030179769104983e+00
1.519000000000000057e+02,2.957810102629194304e+00
1.520000000000000000e+02,2.957484574947750744e+00
1.520999999999999943e+02,2.957604059691086640e+00
1.522000000000000171e+02,2.956607866625654779e+00
1.523000000000000114e+02,2.957389568315724748e+00
1.524000000000000057e+02,2.958055141504228658e+00
1.525000000000000000e+02,2.962460696007212846e+00
1.525999999999999943e+02,2.964154898241562197e+00
1.527000000000000171e+02,2.967596658759333650e+00
1.528000000000000114e+02,2.969973996582347286e+00
1.529000000000000057e+02,2.971992970574016901e+00
1.530000000000000000e+02,2.974221174521920474e+00
1.530999999999999943e+02,2.977747134740844626e+00
1.532000000000000171e+02,2.978817465040403345e+00
1.533000000000000114e+02,2.979763012808736011e+00
1.534000000000000057e+02,2.982496855831864302e+00
1.535000000000000000e+02,2.984855155459876563e+00
1.536000000000000227e+02,2.986422310121831458e+00
1.537000000000000171e+02,2.988515745714171334e+00
1.538000000000000114e+02,2.991494562085714293e+00
1.539000000000000057e+02,2.992719558748969000e+00
1.540000000000000000e+02,2.992117009376386694e+00
1.541000000000000227e+02,2.993812455662797412e+00
1.542000000000000171e+02,2.994831139154901400e+00
1.543000000000000114e+02,2.994371319134158771e+00
1.544000000000000057e+02,2.997814760545392421e+00
1.545000000000000000e+02,3.000539720806781663e+00
1.546000000000000227e+02,3.002387918311838266e+00
1.547000000000000171e+02,3.005632260471530426e+00
1.548000000000000114e+02,3.007610661849656086e+00
1.549000000000000057e+02,3.009727094245446821e+00
1.550000000000000000e+02,3.011298557292922506e+00
1.551000000000000227e+02,3.013611819010903137e+00
1.552000000000000171e+02,3.016602405319050995e+00
1.553000000000000114e+02,3.017688435860465201e+00
1.554000000000000057e+02,3.018530329664489198e+00
1.555000000000000000e+02,3.018172991433469399e+00
1.556000000000000227e+02,3.018604979371128039e+00
1.557000000000000171e+02,3.019107116555199699e+00
1.558000000000000114e+02,3.019032124612071932e+00
1.559000000000000057e+02,3.021731970004892354e+00
1.560000000000000000e+02,3.022771415752861568e+00
1.561000000000000227e+02,3.023437409440883794e+00
1.562000000000000171e+02,3.023638455992946561e+00
1.563000000000000114e+02,3.025214524387020543e+00
1.564000000000000057e+02,3.026095644076255642e+00
1.565000000000000000e+02,3.027389638778285263e+00
1.566000000000000227e+02,3.030247089671604055e+00
1.567000000000000171e+02,3.034133745690156481e+00
1.568000000000000114e+02,3.037039437563995303e+00
1.569000000000000057e+02,3.038733737427996573e+00
1.570000000000000000e+02,3.040253751486258871e+00
1.571000000000000227e+02,3.043633127665942517e+00
1.572000000000000171e+02,3.045195117778486615e+00
1.573000000000000114e+02,3.046935143149983816e+00
1.574000000000000057e+02,3.049953906481815302e+00
1.575000000000000000e+02,3.053157581622625738e+00
1.576000000000000227e+02,3.056900889662749421e+00
1.577000000000000171e+02,3.059558410955491414e+00
1.578000000000000114e+02,3.060200260371821468e+00
1.579000000000000057e+02,3.061063836610484756e+00
1.580000000000000000e+02,3.061513284813916158e+00
1.581000000000000227e+02,3.062635871715948532e+00
1.582000000000000171e+02,3.064520844108593600e+00
1.583000000000000114e+02,3.066552605139859722e+00
1.584000000000000057e+02,3.068722622872365413e+00
1.585000000000000000e+02,3.070461521357902512e+00
1.586000000000000227e+02,3.070405036108262209e+00
1.587000000000000171e+02,3.071317194947063900e+00
1.588000000000000114e+02,3.072113775413848114e+00
1.589000000000000057e+02,3.073968681442854400e+00
1.590000000000000000e+02,3.074702943534088906e+00
1.591000000000000227e+02,3.075362822767579996e+00
1.592000000000000171e+02,3.077829445105360939e+00
1.593000000000000114e+02,3.077414019552568991e+00
1.594000000000000057e+02,3.077731509184183700e+00
1.595000000000000000e+02,3.077970587465331143e+00
1.596000000000000227e+02,3.078117034176794053e+00
1.597000000000000171e+02,3.078711472595967447e+00
1.598000000000000114e+02,3.082250700882970484e+00
1.599000000000000057e+02,3.082636936789711957e+00
1.600000000000000000e+02,3.085857804579470010e+00
1.601000000000000227e+02,3.089197566097964032e+00
1.602000000000000171e+02,3.091120319185022502e+00
1.603000000000000114e+02,3.093015637065860357e+00
1.604000000000000057e+02,3.095943317273047057e+00
1.605000000000000000e+02,3.099184455288606088e+00
1.606000000000000227e+02,3.102320839987808387e+00
1.607000000000000171e+02,3.104114621291926834e+00
1.608000000000000114e+02,3.104560223107044603e+00
1.609000000000000057e+02,3.105521109779931344e+00
1.610000000000000000e+02,3.108087572006927424e+00
1.611000000000000227e+02,3.109549351097609104e+00
1.612000000000000171e+02,3.113978353913630315e+00
1.613000000000000114e+02,3.114800278984284798e+00
1.614000000000000057e+02,3.117588034137743769e+00
1.615000000000000000e+02,3.118965418087629171e+00
1.616000000000000227e+02,3.122023744397325551e+00
1.617000000000000171e+02,3.123704989517462671e+00
1.618000000000000114e+02,3.126027814565384588e+00
1.619000000000000057e+02,3.126163901407167600e+00
1.620000000000000000e+02,3.129753524898171158e+00
1.621000000000000227e+02,3.133758151095638045e+00
1.622000000000000171e+02,3.135429658011050336e+00
1.623000000000000114e+02,3.137396332386988451e+00
1.624000000000000057e+02,3.139661506465077245e+00
1.625000000000000000e+02,3.139776010308016563e+00
1.626000000000000227e+02,3.142345148540894861e+00
1.627000000000000171e+02,3.141747656333538696e+00
1.628000000000000114e+02,3.143215227204757767e+00
1.629000000000000057e+02,3.143874222535973928e+00
1.630000000000000000e+02,3.147037002399692973e+00
1.631000000000000227e+02,3.149210793867051272e+00
1.632000000000000171e+02,3.150034986985801311e+00
1.633000000000000114e+02,3.150012038573909656e+00
1.634000000000000057e+02,3.154201979267093225e+00
1.635000000000000000e+02,3.155251506845796250e+00
1.636000000000000227e+02,3.156997588598204452e+00
1.637000000000000171e+02,3.160562057828625981e+00
1.638000000000000114e+02,3.163417643767505893e+00
1.639000000000000057e+02,3.165862149492289834e+00
1.640000000000000000e+02,3.169585431819574417e+00
1.641000000000000227e+02,3.173061436687478309e+00
1.642000000000000171e+02,3.175430934661404692e+00
1.643000000000000114e+02,3.177476747157577108e+00
1.644000000000000057e+02,3.181831536339888800e+00
1.645000000000000000e+02,3.182231738780972208e+00
1.646000000000000227e+02,3.185005749776431472e+00
1.647000000000000171e+02,3.187503844158000810e+00
1.648000000000000114e+02,3.189477874633066090e+00
1.649000000000000057e+02,3.191866942345161995e+00
1.650000000000000000e+02,3.191827535487571144e+00
1.651000000000000227e+02,3.191111390919767477e+00
1.652000000000000171e+02,3.193528727342521911e+00
1.653000000000000114e+02,3.195022187804709812e+00
1.654000000000000057e+02,3.194988110176696150e+00
1.655000000000000000e+02,3.195555559932091505e+00
1.656000000000000227e+02,3.195129403502694920e+00
1.657000000000000171e+02,3.195452722902110576e+00
1.658000000000000114e+02,3.197047241013242225e+00
1.659000000000000057e+02,3.200022292897866993e+00
1.660000000000000000e+02,3.201859239103130417e+00
1.661000000000000227e+02,3.203819528321679044e+00
1.662000000000000171e+02,3.206419854757032617e+00
1.663000000000000114e+02,3.208256661596962100e+00
1.664000000000000057e+02,3.211726778888980061e+00
1.665000000000000000e+02,3.213232514875389523e+00
1.666000000000000227e+02,3.218303820766465595e+00
1.667000000000000171e+02,3.219207568148845677e+00
1.668000000000000114e+02,3.221766352983344905e+00
1.669000000000000057e+02,3.224112350494417800e+00
1.670000000000000000e+02,3.227351773957543468e+00
1.671000000000000227e+02,3.230563239907071171e+00
1.672000000000000171e+02,3.233770845857135701e+00
1.673000000000000114e+02,3.236209480313675613e+00
1.674000000000000057e+02,3.237186938994149887e+00
1.675000000000000000e+02,3.240032761327482191e+00
1.676000000000000227e+02,3.244034805340307415e+00
1.677000000000000171e+02,3.247898873469640346e+00
1.678000000000000114e+02,3.251706601085826431e+00
1.679000000000000057e+02,3.253621042702471655e+00
1.680000000000000000e+02,3.254301417506495486e+00
1.681000000000000227e+02,3.254482802729606217e+00
1.682000000000000171e+02,3.255932836437624545e+00
1.683000000000000114e+02,3.257711697183279131e+00
1.684000000000000057e+02,3.258685061616651613e+00
1.685000000000000000e+02,3.259434499914102279e+00
1.686000000000000227e+02,3.259565400310282968e+00
1.687000000000000171e+02,3.262938910058956754e+00
1.688000000000000114e+02,3.263762957618480787e+00
1.689000000000000057e+02,3.264281828562956012e+00
1.690000000000000000e+02,3.265536705267663375e+00
1.691000000000000227e+02,3.263797263895136691e+00
1.692000000000000171e+02,3.264878256053585837e+00
1.693000000000000114e+02,3.267770255342447250e+00
1.694000000000000057e+02,3.269392671570788611e+00
1.695000000000000000e+02,3.271366574675129257e+00
1.696000000000000227e+02,3.273556129588801600e+00
1.697000000000000171e+02,3.276009306983067138e+00
1.698000000000000114e+02,3.280630412009627239e+00
1.699000000000000057e+02,3.284452762295199779e+00
1.700000000000000000e+02,3.289096883940962446e+00
1.701000000000000227e+02,3.291490825914011431e+00
1.702000000000000171e+02,3.294879467026734954e+00
1.703000000000000114e+02,3.299150443958431378e+00
1.704000000000000057e+02,3.301683911944706562e+00
1.705000000000000000e+02,3.304540695987567389e+00
1.706000000000000227e+02,3.306505185844030859e+00
1.707000000000000171e+02,3.311216803946105181e+00
1.708000000000000114e+02,3.312068292590872431e+00
1.709000000000000057e+02,3.314499846956814544e+00
1.710000000000000000e+02,3.316886727323202333e+00
1.711000000000000227e+02,3.315750830182463638e+00
1.712000000000000171e+02,3.318555976497302940e+00
1.713000000000000114e+02,3.318717358288294506e+00
1.714000000000000057e+02,3.318953612099457828e+00
1.715000000000000000e+02,3.320629261519939757e+00
1.716000000000000227e+02,3.321617445790746359e+00
1.717000000000000171e+02,3.324001948774930604e+00
1.718000000000000114e+02,3.324273162549943095e+00
1.719000000000000057e+02,3.323867351122395064e+00
1.720000000000000000e+02,3.325276819690611951e+00
1.721000000000000227e+02,3.327040455131160090e+00
1.722000000000000171e+02,3.328579711573848243e+00
1.723000000000000114e+02,3.331115299345388525e+00
1.724000000000000057e+02,3.333766576089618461e+00
1.725000000000000000e+02,3.335366110420919128e+00
1.726000000000000227e+02,3.336701640339824415e+00
1.727000000000000171e+02,3.338746817706042425e+00
1.728000000000000114e+02,3.338707879784642785e+00
1.729000000000000057e+02,3.340697520130601283e+00
1.730000000000000000e+02,3.340752580489697809e+00
1.731000000000000227e+02,3.342630315235500138e+00
1.732000000000000171e+02,3.343677041063488176e+00
1.733000000000000114e+02,3.347631680837960477e+00
1.734000000000000057e+02,3.350113325851204582e+00
1.735000000000000000e+02,3.352278315441331369e+00
1.736000000000000227e+02,3.354819976760464950e+00
1.737000000000000171e+02,3.357858219480783113e+00
1.738000000000000114e+02,3.362834981360610875e+00
1.739000000000000057e+02,3.369465100048571138e+00
1.740000000000000000e+02,3.371039037727534993e+00
1.741000000000000227e+02,3.371777428096528695e+00
1.742000000000000171e+02,3.374770392040520761e+00
1.743000000000000114e+02,3.375922069631144939e+00
1.744000000000000057e+02,3.379069284232187886e+00
1.745000000000000000e+02,3.382374840623858958e+00
1.746000000000000227e+02,3.383244429409183684e+00
1.747000000000000171e+02,3.387144625446774526e+00
1.748000000000000114e+02,3.388633741813401823e+00
1.749000000000000057e+02,3.388956480965961582e+00
1.750000000000000000e+02,3.390024857757123034e+00
1.751000000000000227e+02,3.390065179528745531e+00
1.752000000000000171e+02,3.390418594886759784e+00
1.753000000000000114e+02,3.391293929927629680e+00
1.754000000000000057e+02,3.391073338153345773e+00
1.755000000000000000e+02,3.390648484089052950e+00
1.756000000000000227e+02,3.392915182703445165e+00
1.757000000000000171e+02,3.396969458097553574e+00
1.758000000000000114e+02,3.399593656949775777e+00
1.759000000000000057e+02,3.401619438273300045e+00
1.760000000000000000e+02,3.403484480330720707e+00
1.761000000000000227e+02,3.405507686866403372e+00
1.762000000000000171e+02,3.405820786801654343e+00
1.763000000000000114e+02,3.406555688707639806e+00
1.764000000000000057e+02,3.409812175131328615e+00
1.765000000000000000e+02,3.412147039544348281e+00
1.766000000000000227e+02,3.413959278532560315e+00
1.767000000000000171e+02,3.418628771208755968e+00
1.768000000000000114e+02,3.423641166642624523e+00
1.769000000000000057e+02,3.426995553723304777e+00
1.770000000000000000e+02,3.431047337714448364e+00
1.771000000000000227e+02,3.434161330340996354e+00
1.772000000000000171e+02,3.438228313919060142e+00
1.773000000000000114e+02,3.440946514298805603e+00
1.774000000000000057e+02,3.443505479536254299e+00
1.775000000000000000e+02,3.445993090777416779e+00
1.776000000000000227e+02,3.447460185147694922e+00
1.777000000000000171e+02,3.450010200837503316e+00
1.778000000000000114e+02,3.453080300606612418e+00
1.779000000000000057e+02,3.452574061835058661e+00
1.780000000000000000e+02,3.456325154860821591e+00
1.781000000000000227e+02,3.459182394800287330e+00
1.782000000000000171e+02,3.461809090275843825e+00
1.783000000000000114e+02,3.466663004061200759e+00
1.784000000000000057e+02,3.466947300731160198e+00
1.785000000000000000e+02,3.471564909126228393e+00
1.786000000000000227e+02,3.477037620315250877e+00
1.787000000000000171e+02,3.480120621424795058e+00
1.788000000000000114e+02,3.483135966661062621e+00
1.789000000000000057e+02,3.486414245270614831e+00
1.790000000000000000e+02,3.487524294663556290e+00
1.791000000000000227e+02,3.490975006635633981e+00
1.792000000000000171e+02,3.492455061104135172e+00
1.793000000000000114e+02,3.492789841049820598e+00
1.794000000000000057e+02,3.493577391254855780e+00
1.795000000000000000e+02,3.499014500999293897e+00
1.796000000000000227e+02,3.502046870206595663e+00
1.797000000000000171e+02,3.504460413989319623e+00
1.798000000000000114e+02,3.505754076427773036e+00
1.799000000000000057e+02,3.506751637400742805e+00
1.800000000000000000e+02,3.509706454524790686e+00
1.801000000000000227e+02,3.512241802723672812e+00
1.802000000000000171e+02,3.512434566211927844e+00
1.803000000000000114e+02,3.515866534300541080e+00
1.804000000000000057e+02,3.519289775521869057e+00
1.805000000000000000e+02,3.525353051842957885e+00
1.806000000000000227e+02,3.528433588751195948e+00
1.807000000000000171e+02,3.530769418214207533e+00
1.808000000000000114e+02,3.532028007845469997e+00
1.809000000000000057e+02,3.534892368771596516e+00
1.810000000000000000e+02,3.536055223332112085e+00
1.811000000000000227e+02,3.536990825978790998e+00
1.812000000000000171e+02,3.540076106938724543e+00
1.813000000000000114e+02,3.542446373172210894e+00
1.814000000000000057e+02,3.544146158281758385e+00
1.815000000000000000e+02,3.545020029183734156e+00
1.816000000000000227e+02,3.546313498244190399e+00
1.817000000000000171e+02,3.547467637407747620e+00
1.818000000000000114e+02,3.547820855596516054e+00
1.819000000000000057e+02,3.551471809713413474e+00
1.820000000000000000e+02,3.554931328920265088e+00
1.821000000000000227e+02,3.556028681757518406e+00
1.822000000000000171e+02,3.556017474810583057e+00
1.823000000000000114e+02,3.558374326951869282e+00
1.824000000000000057e+02,3.558790975771313647e+00
1.825000000000000000e+02,3.559125754930039243e+00
1.826000000000000227e+02,3.560135251225778674e+00
1.827000000000000171e+02,3.563000706232589021e+00
1.828000000000000114e+02,3.567058333590145569e+00
1.829000000000000057e+02,3.568691406233104768e+00
1.830000000000000000e+02,3.568603271233914409e+00
1.831000000000000227e+02,3.570058177863244531e+00
1.832000000000000171e+02,3.572774499860460473e+00
1.833000000000000114e+02,3.575232698914137419e+00
1.834000000000000057e+02,3.577806521659597117e+00
1.835000000000000000e+02,3.579903702669832377e+00
1.836000000000000227e+02,3.583275450804614959e+00
1.837000000000000171e+02,3.584698386036608841e+00
1.838000000000000114e+02,3.583017338566219401e+00
1.839000000000000057e+02,3.583148283780758891e+00
1.840000000000000000e+02,3.582424128156039611e+00
1.841000000000000227e+02,3.584471948343028291e+00
1.842000000000000171e+02,3.588169353914296700e+00
1.843000000000000114e+02,3.590397600398929967e+00
1.844000000000000057e+02,3.596275637721617624e+00
1.845000000000000000e+02,3.599741821388628971e+00
1.846000000000000227e+02,3.603056585502088627e+00
1.847000000000000171e+02,3.607184951357231828e+00
1.848000000000000114e+02,3.612679855329584466e+00
1.849000000000000057e+02,3.617497375791803638e+00
1.850000000000000000e+02,3.623644748115431025e+00
1.851000000000000227e+02,3.626858027355886804e+00
1.852000000000000171e+02,3.630604329204060843e+00
1.853000000000000114e+02,3.634287120973270557e+00
1.854000000000000057e+02,3.637975284752102745e+00
1.855000000000000000e+02,3.638170519075948128e+00
1.856000000000000227e+02,3.639567726959193283e+00
1.857000000000000171e+02,3.640829011294441031e+00
1.858000000000000114e+02,3.641684313104033510e+00
1.859000000000000057e+02,3.643680718248985428e+00
1.860000000000000000e+02,3.645995643879698545e+00
1.861000000000000227e+02,3.649371875991154202e+00
1.862000000000000171e+02,3.653387266548295820e+00
1.863000000000000114e+02,3.655860920809701931e+00
1.864000000000000057e+02,3.659179254097053136e+00
1.865000000000000000e+02,3.661646574901305407e+00
1.866000000000000227e+02,3.663187598704352510e+00
1.867000000000000171e+02,3.666304744739291355e+00
1.868000000000000114e+02,3.668243625020317200e+00
1.869000000000000057e+02,3.671931232866253669e+00
1.870000000000000000e+02,3.674758267959311819e+00
1.871000000000000227e+02,3.679483188023378482e+00
1.872000000000000171e+02,3.681513058622061685e+00
1.873000000000000114e+02,3.683710741099944119e+00
1.874000000000000057e+02,3.684501495743871313e+00
1.875000000000000000e+02,3.687952299818388013e+00
1.876000000000000227e+02,3.692250702475765145e+00
1.877000000000000171e+02,3.695236658034756871e+00
1.878000000000000114e+02,3.697311459139584144e+00
1.879000000000000057e+02,3.702818118781708634e+00
1.880000000000000000e+02,3.706949914405250457e+00
1.881000000000000227e+02,3.709054049284773225e+00
1.882000000000000171e+02,3.710769467360911289e+00
1.883000000000000114e+02,3.712993757262258221e+00
1.884000000000000057e+02,3.716384184361638976e+00
1.885000000000000000e+02,3.721272529383484962e+00
1.886000000000000227e+02,3.721203271490906683e+00
1.887000000000000171e+02,3.725696604640406306e+00
1.888000000000000114e+02,3.725738070664676993e+00
1.889000000000000057e+02,3.726830063264770398e+00
1.890000000000000000e+02,3.728885692460057744e+00
1.891000000000000227e+02,3.730334027751958992e+00
1.892000000000000171e+02,3.733175612586082437e+00
1.893000000000000114e+02,3.737513694338491899e+00
1.894000000000000057e+02,3.737686540398814650e+00
1.895000000000000000e+02,3.739266234964278457e+00
1.896000000000000227e+02,3.740794295305914563e+00
1.897000000000000171e+02,3.743878767587206724e+00
1.898000000000000114e+02,3.747496279399557206e+00
1.899000000000000057e+02,3.747549156651688751e+00
1.900000000000000000e+02,3.749083409159252867e+00
1.901000000000000227e+02,3.751209346474325468e+00
1.902000000000000171e+02,3.755514285344673464e+00
1.903000000000000114e+02,3.759422222697021088e+00
1.904000000000000057e+02,3.763129183590874227e+00
1.905000000000000000e+02,3.767564713431277301e+00
1.906000000000000227e+02,3.770550729791319444e+00
1.907000000000000171e+02,3.773663919268946287e+00
1.908000000000000114e+02,3.775897408071636985e+00
1.909000000000000057e+02,3.781162470693447020e+00
1.910000000000000000e+02,3.784925933359993167e+00
1.911000000000000227e+02,3.787974471347455019e+00
1.912000000000000171e+02,3.791946663870409573e+00
1.913000000000000114e+02,3.794647011041136331e+00
1.914000000000000057e+02,3.796063854384966074e+00
1.915000000000000000e+02,3.800440721156038926e+00
1.916000000000000227e+02,3.803388400540100189e+00
1.917000000000000171e+02,3.807229660870203425e+00
1.918000000000000114e+02,3.808370869832328420e+00
1.919000000000000057e+02,3.811454179905092055e+00
1.920000000000000000e+02,3.812846083494472182e+00
1.921000000000000227e+02,3.813654922089933841e+00
1.922000000000000171e+02,3.816778583992262774e+00
1.923000000000000114e+02,3.820453632642474950e+00
1.924000000000000057e+02,3.826232311784541817e+00
1.925000000000000000e+02,3.827698889663803783e+00
1.926000000000000227e+02,3.826274306115018842e+00
1.927000000000000171e+02,3.827919022933660820e+00
1.928000000000000114e+02,3.829559135964098804e+00
1.929000000000000057e+02,3.834164535784512218e+00
1.930000000000000000e+02,3.835752083552533609e+00
1.931000000000000227e+02,3.839686451702907899e+00
1.932000000000000171e+02,3.844302255993675921e+00
1.933000000000000114e+02,3.847996669885698662e+00
1.934000000000000057e+02,3.851307877078705477e+00
1.935000000000000000e+02,3.851694591984037075e+00
1.936000000000000227e+02,3.854069086530856225e+00
1.937000000000000171e+02,3.857481567864445182e+00
1.938000000000000114e+02,3.859423145150554735e+00
1.939000000000000057e+02,3.864635662015226014e+00
1.940000000000000000e+02,3.868566216837933336e+00
1.941000000000000227e+02,3.869746157655466146e+00
1.942000000000000171e+02,3.870294764647828512e+00
1.943000000000000114e+02,3.870893012377108811e+00
1.944000000000000057e+02,3.872073702348960200e+00
1.945000000000000000e+02,3.875715389912710140e+00
1.946000000000000227e+02,3.878507126581098419e+00
1.947000000000000171e+02,3.878114951121322651e+00
1.948000000000000114e+02,3.883095780201959002e+00
1.949000000000000057e+02,3.884247717980346515e+00
1.950000000000000000e+02,3.889319448608031138e+00
1.951000000000000227e+02,3.891556610939387539e+00
1.952000000000000171e+02,3.893003641166744355e+00
1.953000000000000114e+02,3.898299333109394915e+00
1.954000000000000057e+02,3.900819486599475194e+00
1.955000000000000000e+02,3.906175395373884029e+00
1.956000000000000227e+02,3.909585191234675960e+00
1.957000000000000171e+02,3.910791494769977561e+00
1.958000000000000114e+02,3.913167150140177242e+00
1.959000000000000057e+02,3.917801797705439348e+00
1.960000000000000000e+02,3.921452296745148391e+00
1.961000000000000227e+02,3.923015513831948908e+00
1.962000000000000171e+02,3.926019572021052451e+00
1.963000000000000114e+02,3.928214303804438146e+00
1.964000000000000057e+02,3.931136440732447834e+00
1.965000000000000000e+02,3.931799821478935808e+00
1.966000000000000227e+02,3.932016119620160843e+00
1.967000000000000171e+02,3.934089512218586826e+00
1.968000000000000114e+02,3.935333782448868334e+00
1.969000000000000057e+02,3.938819598999079741e+00
1.970000000000000000e+02,3.939870165831649285e+00
1.971000000000000227e+02,3.941894033192573144e+00
1.972000000000000171e+02,3.941497766982891449e+00
1.973000000000000114e+02,3.942565018103205254e+00
1.974000000000000057e+02,3.941114789987484990e+00
1.975000000000000000e+02,3.941802543932186431e+00
1.976000000000000227e+02,3.948330781477611406e+00
1.977000000000000171e+02,3.950805678132156995e+00
1.978000000000000114e+02,3.956195211917243437e+00
1.979000000000000057e+02,3.961507004897058870e+00
1.980000000000000000e+02,3.964186048973441512e+00
1.981000000000000227e+02,3.969133980081593904e+00
1.982000000000000171e+02,3.972054763327878657e+00
1.983000000000000114e+02,3.974950133795330132e+00
1.984000000000000057e+02,3.980799010812191785e+00
1.985000000000000000e+02,3.979145675555674000e+00
1.986000000000000227e+02,3.979896807593863439e+00
1.987000000000000171e+02,3.982850456382413196e+00
1.988000000000000114e+02,3.982928775004949351e+00
1.989000000000000057e+02,3.984456182849671180e+00
1.990000000000000000e+02,3.985378297077034837e+00
1.991000000000000227e+02,3.985162469183788136e+00
1.992000000000000171e+02,3.987443449173384113e+00
1.993000000000000114e+02,3.990759900585790110e+00
1.994000000000000057e+02,3.994387892587659916e+00
1.995000000000000000e+02,3.994258753895854497e+00
1.996000000000000227e+02,3.997610115373796180e+00
1.997000000000000171e+02,4.001395380277384284e+00
1.998000000000000114e+02,4.002816887355651332e+00
1.999000000000000057e+02,4.004308270636757427e+00
2.000000000000000000e+02,4.006976055996450903e+00
2.001000000000000227e+02,4.011462973380241159e+00
2.002000000000000171e+02,4.013525476648655221e+00
2.003000000000000114e+02,4.014026478918095719e+00
2.004000000000000057e+02,4.017656964989309465e+00
2.005000000000000000e+02,4.016822075862553021e+00
2.006000000000000227e+02,4.016481271328841807e+00
2.007000000000000171e+02,4.017093915699540219e+00
2.008000000000000114e+02,4.016129096564174716e+00
2.009000000000000057e+02,4.018335740013092128e+00
2.010000000000000000e+02,4.022909992437070592e+00
2.011000000000000227e+02,4.025149847255743651e+00
2.012000000000000171e+02,4.028700056764193072e+00
2.013000000000000114e+02,4.031118848996690041e+00
2.014000000000000057e+02,4.031436034908332466e+00
2.015000000000000000e+02,4.034876839269701421e+00
2.016000000000000227e+02,4.034425640351136266e+00
2.017000000000000171e+02,4.039977005347005878e+00
2.018000000000000114e+02,4.042833056910173362e+00
2.019000000000000057e+02,4.045840662232279783e+00
2.020000000000000000e+02,4.051096407334251914e+00
2.021000000000000227e+02,4.055468665550861829e+00
2.022000000000000171e+02,4.060115946350206784e+00
2.023000000000000114e+02,4.066155721153482894e+00
2.024000000000000057e+02,4.070916405664481985e+00
2.025000000000000000e+02,4.074751471552325199e+00
2.026000000000000227e+02,4.078060899881548629e+00
2.027000000000000171e+02,4.083578350540539859e+00
2.028000000000000114e+02,4.089745606617496421e+00
2.029000000000000057e+02,4.095067633818413988e+00
2.030000000000000000e+02,4.099739845693637363e+00
2.031000000000000227e+02,4.102104222315435145e+00
2.032000000000000171e+02,4.105161768060574090e+00
2.033000000000000114e+02,4.106344839666903113e+00
2.034000000000000057e+02,4.111124536655034412e+00
2.035000000000000000e+02,4.111997949775662242e+00
2.036000000000000227e+02,4.114388570066715545e+00
2.037000000000000171e+02,4.116726071751585891e+00
2.038000000000000114e+02,4.120577974846399094e+00
2.039000000000000057e+02,4.123414455570854287e+00
2.040000000000000000e+02,4.125884726211587861e+00
2.041000000000000227e+02,4.131392218319501985e+00
2.042000000000000171e+02,4.132259959041316932e+00
2.043000000000000114e+02,4.133240530329032048e+00
2.044000000000000057e+02,4.137089740149230366e+00
2.045000000000000000e+02,4.139143850384673584e+00
2.046000000000000227e+02,4.141800989529127897e+00
2.047000000000000171e+02,4.143719252670212683e+00
2.048000000000000114e+02,4.147428292266937433e+00
2.049000000000000057e+02,4.148465808980970948e+00
2.050000000000000000e+02,4.153150450860803033e+00
2.051000000000000227e+02,4.157707185883935175e+00
2.052000000000000171e+02,4.162424678836236680e+00
2.053000000000000114e+02,4.166978432896043749e+00
2.054000000000000057e+02,4.169501994729059469e+00
2.055000000000000000e+02,4.170898268217655414e+00
2.056000000000000227e+02,4.169974209938526855e+00
2.057000000000000171e+02,4.175643690115652618e+00
2.058000000000000114e+02,4.177654720805834998e+00
2.059000000000000057e+02,4.175663111029741081e+00
2.060000000000000000e+02,4.177751517637654288e+00
2.061000000000000227e+02,4.179773973400513931e+00
2.062000000000000171e+02,4.181035409137087377e+00
2.063000000000000114e+02,4.185044042642664941e+00
2.064000000000000057e+02,4.187563752757360369e+00
2.065000000000000000e+02,4.191113636991115499e+00
2.066000000000000227e+02,4.196846193073398901e+00
2.067000000000000171e+02,4.198592773736678829e+00
2.068000000000000114e+02,4.199140469387884878e+00
2.069000000000000057e+02,4.202672774411053247e+00
2.070000000000000000e+02,4.205298423854290313e+00
2.071000000000000227e+02,4.206688186343980007e+00
2.072000000000000171e+02,4.209564930236077807e+00
2.073000000000000114e+02,4.212774178959702631e+00
2.074000000000000057e+02,4.214024894465732807e+00
2.075000000000000000e+02,4.216137345247100932e+00
2.076000000000000227e+02,4.218930356453266306e+00
2.077000000000000171e+02,4.218584252180328953e+00
2.078000000000000114e+02,4.218457440801227420e+00
2.079000000000000057e+02,4.219596232851159812e+00
2.080000000000000000e+02,4.221673446474048852e+00
2.081000000000000227e+02,4.224770184151809715e+00
2.082000000000000171e+02,4.229337300294417901e+00
2.083000000000000114e+02,4.230684158531154537e+00
2.084000000000000057e+02,4.230212807231552574e+00
2.085000000000000000e+02,4.229584220369774883e+00
2.086000000000000227e+02,4.231066778863674216e+00
2.087000000000000171e+02,4.232218198710930857e+00
2.088000000000000114e+02,4.235329373147801668e+00
2.089000000000000057e+02,4.239150277520051802e+00
2.090000000000000000e+02,4.239634035795430300e+00
2.091000000000000227e+02,4.240381233951657336e+00
2.092000000000000171e+02,4.242796062360969067e+00
2.093000000000000114e+02,4.241924382196700094e+00
2.094000000000000057e+02,4.246525392274259403e+00
2.095000000000000000e+02,4.247023291206175166e+00
2.096000000000000227e+02,4.247202863011003693e+00
2.097000000000000171e+02,4.248156849890732722e+00
2.098000000000000114e+02,4.250801159305655830e+00
2.099000000000000057e+02,4.251470633901507590e+00
2.100000000000000000e+02,4.253050278520641214e+00
2.101000000000000227e+02,4.252739218760590134e+00
2.102000000000000171e+02,4.255179327331453543e+00
2.103000000000000114e+02,4.258384371695023596e+00
2.104000000000000057e+02,4.264725882024558601e+00
2.105000000000000000e+02,4.266736672677985176e+00
2.106000000000000227e+02,4.272829162741691889e+00
2.107000000000000171e+02,4.273718794497747275e+00
2.108000000000000114e+02,4.277685827361352722e+00
2.109000000000000057e+02,4.279898579434916250e+00
2.110000000000000000e+02,4.281236222048812046e+00
2.111000000000000227e+02,4.282918462531921655e+00
2.112000000000000171e+02,4.282084363739426358e+00
2.113000000000000114e+02,4.281889082346793884e+00
2.114000000000000057e+02,4.285675338837322101e+00
2.115000000000000000e+02,4.285220791734134060e+00
2.116000000000000227e+02,4.287807856334937995e+00
2.117000000000000171e+02,4.290767842067563009e+00
2.118000000000000114e+02,4.293103622788099649e+00
2.119000000000000057e+02,4.294779258448531145e+00
2.120000000000000000e+02,4.296357932113079592e+00
2.121000000000000227e+02,4.296825265705868091e+00
2.122000000000000171e+02,4.297540724730164463e+00
2.123000000000000114e+02,4.299641742232516606e+00
2.124000000000000057e+02,4.302807360844175477e+00
2.125000000000000000e+02,4.309288477276147944e+00
2.126000000000000227e+02,4.314101489709993409e+00
2.127000000000000171e+02,4.318901553838959906e+00
2.128000000000000114e+02,4.318578259660894147e+00
2.129000000000000057e+02,4.317842799170254153e+00
2.130000000000000000e+02,4.319972505635509386e+00
2.131000000000000227e+02,4.321681790344178431e+00
2.132000000000000171e+02,4.322623195382002237e+00
2.133000000000000114e+02,4.322587158036107269e+00
2.134000000000000057e+02,4.321531741822881578e+00
2.135000000000000000e+02,4.323214438659931602e+00
2.136000000000000227e+02,4.326500036064134136e+00
2.137000000000000171e+02,4.331375105686474214e+00
2.138000000000000114e+02,4.332771623843063580e+00
2.139000000000000057e+02,4.333076969138942580e+00
2.140000000000000000e+02,4.331018239515432633e+00
2.141000000000000227e+02,4.334494494154997213e+00
2.142000000000000171e+02,4.335534012284880667e+00
2.143000000000000114e+02,4.335106212094988365e+00
2.144000000000000057e+02,4.335083724928789017e+00
2.145000000000000000e+02,4.335980451899173360e+00
2.146000000000000227e+02,4.337733823484941631e+00
2.147000000000000171e+02,4.336951554074842008e+00
2.148000000000000114e+02,4.340866725079502331e+00
2.149000000000000057e+02,4.343801190677414326e+00
2.150000000000000000e+02,4.347906809648439896e+00
2.151000000000000227e+02,4.349979370362359710e+00
2.152000000000000171e+02,4.353165300920086800e+00
2.153000000000000114e+02,4.352406470055214527e+00
2.154000000000000057e+02,4.353074025481659781e+00
2.155000000000000000e+02,4.352655163650373638e+00
2.156000000000000227e+02,4.352707625285775705e+00
2.157000000000000171e+02,4.350650828195723463e+00
2.158000000000000114e+02,4.349954493033436620e+00
2.159000000000000057e+02,4.352480346138025702e+00
2.160000000000000000e+02,4.357736221925120113e+00
2.161000000000000227e+02,4.359538877047600458e+00
2.162000000000000171e+02,4.363570527813215527e+00
2.163000000000000114e+02,4.363469253323387420e+00
2.164000000000000057e+02,4.365736629173196270e+00
2.165000000000000000e+02,4.369112965769950563e+00
2.166000000000000227e+02,4.369616192966810253e+00
2.167000000000000171e+02,4.371916644006211605e+00
2.168000000000000114e+02,4.374316830464195505e+00
2.169000000000000057e+02,4.373213091762665705e+00
2.170000000000000000e+02,4.374447896931364710e+00
2.171000000000000227e+02,4.377847642888182733e+00
2.172000000000000171e+02,4.376603056512865741e+00
2.173000000000000114e+02,4.379226456593555916e+00
2.174000000000000057e+02,4.382750133732961295e+00
2.175000000000000000e+02,4.385133570259639235e+00
2.176000000000000227e+02,4.388520017908948745e+00
2.177000000000000171e+02,4.389120968764552266e+00
2.178000000000000114e+02,4.390825842503929266e+00
2.179000000000000057e+02,4.393008567981455670e+00
2.180000000000000000e+02,4.394687262285715157e+00
2.181000000000000227e+02,4.399047341535038846e+00
2.182000000000000171e+02,4.404768769106055082e+00
2.183000000000000114e+02,4.406791193465860346e+00
2.184000000000000057e+02,4.405088933485641789e+00
2.185000000000000000e+02,4.404183997668347672e+00
2.186000000000000227e+02,4.406921390899213087e+00
2.187000000000000171e+02,4.410136425646673963e+00
2.188000000000000114e+02,4.411969023508580001e+00
2.189000000000000057e+02,4.413851845149963538e+00
2.190000000000000000e+02,4.415648334666697927e+00
2.191000000000000227e+02,4.416025686670237427e+00
2.192000000000000171e+02,4.417438933454440608e+00
2.193000000000000114e+02,4.421185023561696958e+00
2.194000000000000057e+02,4.424002366315958668e+00
2.195000000000000000e+02,4.423969739267828771e+00
2.196000000000000227e+02,4.427699525547938109e+00
2.197000000000000171e+02,4.431220102572149599e+00
2.198000000000000114e+02,4.434890584876608699e+00
2.199000000000000057e+02,4.440439729847423855e+00
2.200000000000000000e+02,4.445669189456363135e+00
2.201000000000000227e+02,4.448899751311601314e+00
2.202000000000000171e+02,4.451491569523176040e+00
2.203000000000000114e+02,4.452019865496509965e+00
2.204000000000000057e+02,4.453005343114318393e+00
2.205000000000000000e+02,4.456693760459486953e+00
2.206000000000000227e+02,4.459381653826110181e+00
2.207000000000000171e+02,4.460416832949928967e+00
2.208000000000000114e+02,4.463481905326467825e+00
2.209000000000000057e+02,4.467383632330706789e+00
2.210000000000000000e+02,4.471636648516460255e+00
2.211000000000000227e+02,4.476819502384502769e+00
2.212000000000000171e+02,4.479671710710714017e+00
2.213000000000000114e+02,4.485157890956204874e+00
2.214000000000000057e+02,4.488422832640370785e+00
2.215000000000000000e+02,4.493495337236404374e+00
2.216000000000000227e+02,4.496266284403942493e+00
2.217000000000000171e+02,4.498910648813521540e+00
2.218000000000000114e+02,4.501789626435211744e+00
2.219000000000000057e+02,4.502410722946060595e+00
2.220000000000000000e+02,4.505769212955955005e+00
2.221000000000000227e+02,4.507887015595717806e+00
2.222000000000000171e+02,4.508908161086189637e+00
2.223000000000000114e+02,4.509810312480720285e+00
2.224000000000000057e+02,4.512391588011920085e+00
2.225000000000000000e+02,4.518089683352664032e+00
2.226000000000000227e+02,4.521607394592514595e+00
2.227000000000000171e+02,4.528077839279880834e+00
2.228000000000000114e+02,4.530426633454140095e+00
2.229000000000000057e+02,4.530809069562497626e+00
2.230000000000000000e+02,4.532675723533944101e+00
2.231000000000000227e+02,4.531917848956542372e+00
2.232000000000000171e+02,4.535131059708834123e+00
2.233000000000000114e+02,4.537217620035737475e+00
2.234000000000000057e+02,4.541005668207151125e+00
2.235000000000000000e+02,4.541289397503455838e+00
2.236000000000000227e+02,4.543667352852200914e+00
2.237000000000000171e+02,4.544582234957695199e+00
2.238000000000000114e+02,4.546493185251552660e+00
2.239000000000000057e+02,4.547895609738758615e+00
2.240000000000000000e+02,4.548972322994321971e+00
2.241000000000000227e+02,4.549690702202576986e+00
2.242000000000000171e+02,4.552304775198411591e+00
2.243000000000000114e+02,4.554430324759316306e+00
2.244000000000000057e+02,4.559740697160711953e+00
2.245000000000000000e+02,4.561538875370914958e+00
2.246000000000000227e+02,4.563833860926055586e+00
2.247000000000000171e+02,4.565397599888068036e+00
2.248000000000000114e+02,4.570911267963639446e+00
2.249000000000000057e+02,4.575151463607402214e+00
2.250000000000000000e+02,4.581480189062768993e+00
2.251000000000000227e+02,4.583933168252621648e+00
2.252000000000000171e+02,4.584714034833973884e+00
2.253000000000000114e+02,4.584567240188978765e+00
2.254000000000000057e+02,4.585532445354721709e+00
2.255000000000000000e+02,4.591012222075059768e+00
2.256000000000000227e+02,4.592554427768604342e+00
2.257000000000000171e+02,4.598003952122646787e+00
2.258000000000000114e+02,4.600369784379670257e+00
2.259000000000000057e+02,4.603314171560946910e+00
2.260000000000000000e+02,4.604858765556621769e+00
2.261000000000000227e+02,4.607998070612520536e+00
2.262000000000000171e+02,4.612234976382227458e+00
2.263000000000000114e+02,4.613630907850332363e+00
2.264000000000000057e+02,4.614545065192009687e+00
2.265000000000000000e+02,4.617213179271343115e+00
2.266000000000000227e+02,4.619850538699079578e+00
2.267000000000000171e+02,4.619850537430149728e+00
2.268000000000000114e+02,4.621984253181368629e+00
2.269000000000000057e+02,4.624137455490084925e+00
2.270000000000000000e+02,4.628649134713236357e+00
2.271000000000000227e+02,4.631993573933001151e+00
2.272000000000000171e+02,4.636662739002932909e+00
2.273000000000000114e+02,4.641624482133569707e+00
2.274000000000000057e+02,4.645649929770607756e+00
2.275000000000000000e+02,4.649816115280317241e+00
2.276000000000000227e+02,4.655900610266831663e+00
2.277000000000000171e+02,4.662219422641721955e+00
2.278000000000000114e+02,4.667228137851648917e+00
2.279000000000000057e+02,4.670439417064295107e+00
2.280000000000000000e+02,4.675163003407399209e+00
2.281000000000000227e+02,4.678673660096540843e+00
2.282000000000000171e+02,4.684442049635964445e+00
2.283000000000000114e+02,4.689883521519019993e+00
2.284000000000000057e+02,4.694391831219449251e+00
2.285000000000000000e+02,4.701795437905753161e+00
2.286000000000000227e+02,4.704673915739411072e+00
2.287000000000000171e+02,4.708669882943977925e+00
2.288000000000000114e+02,4.712878445397982397e+00
2.289000000000000057e+02,4.713195779735510627e+00
2.290000000000000000e+02,4.713403945374120774e+00
2.291000000000000227e+02,4.718577107581937824e+00
2.292000000000000171e+02,4.724447819138409166e+00
2.293000000000000114e+02,4.726209067255414453e+00
2.294000000000000057e+02,4.729088432571044720e+00
2.295000000000000000e+02,4.733011679531527349e+00
2.296000000000000227e+02,4.736450617036785715e+00
2.297000000000000171e+02,4.738925616489525261e+00
2.298000000000000114e+02,4.743548021164985862e+00
2.299000000000000057e+02,4.748307884417191538e+00
2.300000000000000000e+02,4.755427777617990515e+00
2.301000000000000227e+02,4.761667188998217171e+00
2.302000000000000171e+02,4.765537259341954268e+00
2.303000000000000114e+02,4.769219931835055881e+00
2.304000000000000057e+02,4.774046765642340873e+00
2.305000000000000000e+02,4.777473813382966839e+00
2.306000000000000227e+02,4.781932035745177778e+00
2.307000000000000171e+02,4.783208174731456985e+00
2.308000000000000114e+02,4.785246267751582572e+00
2.309000000000000057e+02,4.786683704506338621e+00
2.310000000000000000e+02,4.793267924262695878e+00
2.311000000000000227e+02,4.797924811767142472e+00
2.312000000000000171e+02,4.805266203931770619e+00
2.313000000000000114e+02,4.809735483851558691e+00
2.314000000000000057e+02,4.815390673020440993e+00
2.315000000000000000e+02,4.816914728627748055e+00
2.316000000000000227e+02,4.819934637506006148e+00
2.317000000000000171e+02,4.822791157794014794e+00
2.318000000000000114e+02,4.825001490900405088e+00
2.319000000000000057e+02,4.827686432342486178e+00
2.320000000000000000e+02,4.829610522925247729e+00
2.321000000000000227e+02,4.833585844224871586e+00
2.322000000000000171e+02,4.836089522538261853e+00
2.323000000000000114e+02,4.843614303217552042e+00
2.324000000000000057e+02,4.847866339672645353e+00
2.325000000000000000e+02,4.852575685640426073e+00
2.326000000000000227e+02,4.858240315405754295e+00
2.327000000000000171e+02,4.863862440406962584e+00
2.328000000000000114e+02,4.867961804934941128e+00
2.329000000000000057e+02,4.866356614722759488e+00
2.330000000000000000e+02,4.868577372861256691e+00
2.331000000000000227e+02,4.871774923253965106e+00
2.332000000000000171e+02,4.877444168168597827e+00
2.333000000000000114e+02,4.881199756267238676e+00
2.334000000000000057e+02,4.883244427720638825e+00
2.335000000000000000e+02,4.885658013018987944e+00
2.336000000000000227e+02,4.886611353168354377e+00
2.337000000000000171e+02,4.889006061970926353e+00
2.338000000000000114e+02,4.889879325557973999e+00
2.339000000000000057e+02,4.891185142914187267e+00
2.340000000000000000e+02,4.892240398721877881e+00
2.341000000000000227e+02,4.897864295716479965e+00
2.342000000000000171e+02,4.900103095976648504e+00
2.343000000000000114e+02,4.901234799429364131e+00
2.344000000000000057e+02,4.905872274491134277e+00
2.345000000000000000e+02,4.905692941542628915e+00
2.346000000000000227e+02,4.904583860363582737e+00
2.347000000000000171e+02,4.908498539519841053e+00
2.348000000000000114e+02,4.910273205561917820e+00
2.349000000000000057e+02,4.916550709237836436e+00
2.350000000000000000e+02,4.924522965734277946e+00
2.351000000000000227e+02,4.929344093124456094e+00
2.352000000000000171e+02,4.934003026005695958e+00
2.353000000000000114e+02,4.937781764614571856e+00
2.354000000000000057e+02,4.942355379989201936e+00
2.355000000000000000e+02,4.945342090155866011e+00
2.356000000000000227e+02,4.950794813056546673e+00
2.357000000000000171e+02,4.956800745413636022e+00
2.358000000000000114e+02,4.965726981553515884e+00
2.359000000000000057e+02,4.969175336751179728e+00
2.360000000000000000e+02,4.972298753261701343e+00
2.361000000000000227e+02,4.976636239519973692e+00
2.362000000000000171e+02,4.980860380393266063e+00
2.363000000000000114e+02,4.982855641714142969e+00
2.364000000000000057e+02,4.984003858244633101e+00
2.365000000000000000e+02,4.985676365223625339e+00
2.366000000000000227e+02,4.990542557254309841e+00
2.367000000000000171e+02,4.995868715249528691e+00
2.368000000000000114e+02,4.999208980772989364e+00
2.369000000000000057e+02,5.001131695004103150e+00
2.370000000000000000e+02,5.006781480591981470e+00
2.371000000000000227e+02,5.009917939132394693e+00
2.372000000000000171e+02,5.013115768909958803e+00
2.373000000000000114e+02,5.019039330912890229e+00
2.374000000000000057e+02,5.024977637250796825e+00
2.375000000000000000e+02,5.027422471198380372e+00
2.376000000000000227e+02,5.030232207746865747e+00
2.377000000000000171e+02,5.034416673244366258e+00
2.378000000000000114e+02,5.035817429318803384e+00
2.379000000000000057e+02,5.040769470896083959e+00
2.380000000000000000e+02,5.040708621536212242e+00
2.381000000000000227e+02,5.042384123735415891e+00
2.382000000000000171e+02,5.046823611025491374e+00
2.383000000000000114e+02,5.049552251912132306e+00
2.384000000000000057e+02,5.048710334545200240e+00
2.385000000000000000e+02,5.054263988225467408e+00
2.386000000000000227e+02,5.057675725587837512e+00
2.387000000000000171e+02,5.063306374676962207e+00
2.388000000000000114e+02,5.069660056265971271e+00
2.389000000000000057e+02,5.074085525262534979e+00
2.390000000000000000e+02,5.076389390961939085e+00
2.391000000000000227e+02,5.082655564306691964e+00
2.392000000000000171e+02,5.086761288491786104e+00
2.393000000000000114e+02,5.089218132991211618e+00
2.394000000000000057e+02,5.094152829058178789e+00
2.395000000000000000e+02,5.096800641211338245e+00
2.396000000000000227e+02,5.099620481848557318e+00
2.397000000000000171e+02,5.106842088371323918e+00
2.398000000000000114e+02,5.108480759261023074e+00
2.399000000000000057e+02,5.116171654048559780e+00
2.400000000000000000e+02,5.117769248998019549e+00
2.401000000000000227e+02,5.119970889956899640e+00
2.402000000000000171e+02,5.124066970501247376e+00
2.403000000000000114e+02,5.127906449379235454e+00
2.404000000000000057e+02,5.131684867602682942e+00
2.405000000000000000e+02,5.138564726059608567e+00
2.406000000000000227e+02,5.144176740068483689e+00
2.407000000000000171e+02,5.151203068771538440e+00
2.408000000000000114e+02,5.152442353458250857e+00
2.409000000000000057e+02,5.157648895420430257e+00
2.410000000000000000e+02,5.162204862257659954e+00
2.411000000000000227e+02,5.163142545835612829e+00
2.412000000000000171e+02,5.167685843757896080e+00
2.413000000000000114e+02,5.171064115732593613e+00
2.414000000000000057e+02,5.175408436104715015e+00
2.415000000000000000e+02,5.177443908751641288e+00
2.416000000000000227e+02,5.182222378351292846e+00
2.417000000000000171e+02,5.187565967988863491e+00
2.418000000000000114e+02,5.191171128449057370e+00
2.419000000000000057e+02,5.195685153890330810e+00
2.420000000000000000e+02,5.198001549079049433e+00
2.421000000000000227e+02,5.202353578812112467e+00
2.422000000000000171e+02,5.203235739008788663e+00
2.423000000000000114e+02,5.209223431351182931e+00
2.424000000000000057e+02,5.211606028150448822e+00
2.425000000000000000e+02,5.218584344792734697e+00
2.426000000000000227e+02,5.224112085033548070e+00
2.427000000000000171e+02,5.230252501373565899e+00
2.428000000000000114e+02,5.239984915975784752e+00
2.429000000000000057e+02,5.247466688185384420e+00
2.430000000000000000e+02,5.253154844087154274e+00
2.431000000000000227e+02,5.261437559189499957e+00
2.432000000000000171e+02,5.268875799902751567e+00
2.433000000000000114e+02,5.275902164976290720e+00
2.434000000000000057e+02,5.282460486106594466e+00
2.435000000000000000e+02,5.291610053550277470e+00
2.436000000000000227e+02,5.300831965810800739e+00
2.437000000000000171e+02,5.305855790914337788e+00
2.438000000000000114e+02,5.310464100653850217e+00
2.439000000000000057e+02,5.315052291426129116e+00
2.440000000000000000e+02,5.317866616096921462e+00
2.441000000000000227e+02,5.318174994898245522e+00
2.442000000000000171e+02,5.319464025531762452e+00
2.443000000000000114e+02,5.323722752476640174e+00
2.444000000000000057e+02,5.328863629187139850e+00
2.445000000000000000e+02,5.329248904554593658e+00
2.446000000000000227e+02,5.332492514891756130e+00
2.447000000000000171e+02,5.335530809386174411e+00
2.448000000000000114e+02,5.341464723833031059e+00
2.449000000000000057e+02,5.344312837004499883e+00
2.450000000000000000e+02,5.349942728422488081e+00
2.451000000000000227e+02,5.353441624464064574e+00
2.452000000000000171e+02,5.358607202203502951e+00
2.453000000000000114e+02,5.366009251799138013e+00
2.454000000000000057e+02,5.369409062828557566e+00
2.455000000000000000e+02,5.373314777282469201e+00
2.456000000000000227e+02,5.378594567630342382e+00
2.457000000000000171e+02,5.386724279138326743e+00
2.458000000000000114e+02,5.393206520566043771e+00
2.459000000000000057e+02,5.398171282436648788e+00
2.460000000000000000e+02,5.401949631967956300e+00
2.461000000000000227e+02,5.405113993536791561e+00
2.462000000000000171e+02,5.410333868092039644e+00
2.463000000000000114e+02,5.416959971692295817e+00
2.464000000000000057e+02,5.420667494449268098e+00
2.465000000000000000e+02,5.423155071978857045e+00
2.466000000000000227e+02,5.429545917554877477e+00
2.467000000000000171e+02,5.435618800900749115e+00
2.468000000000000114e+02,5.441550959911135799e+00
2.469000000000000057e+02,5.448367492432229398e+00
2.470000000000000000e+02,5.452222330242937787e+00
2.471000000000000227e+02,5.459091573499746275e+00
2.472000000000000171e+02,5.468393389313775721e+00
2.473000000000000114e+02,5.474271608868924055e+00
2.474000000000000057e+02,5.483092812407526218e+00
2.475000000000000000e+02,5.488543647329901631e+00
2.476000000000000227e+02,5.492763441837031024e+00
2.477000000000000171e+02,5.494711831003539437e+00
2.478000000000000114e+02,5.494138354744322328e+00
2.479000000000000057e+02,5.497183632673059428e+00
2.480000000000000000e+02,5.502113458107706023e+00
2.481000000000000227e+02,5.506456796394532560e+00
2.482000000000000171e+02,5.508803098498289863e+00
2.483000000000000114e+02,5.509895931324074070e+00
2.484000000000000057e+02,5.514222229073728165e+00
2.485000000000000000e+02,5.515342030019474429e+00
2.486000000000000227e+02,5.523749546808092603e+00
2.487000000000000171e+02,5.527520043557876406e+00
2.488000000000000114e+02,5.533087725438427640e+00
2.489000000000000057e+02,5.533392027942430680e+00
2.490000000000000000e+02,5.539103117857581360e+00
2.491000000000000227e+02,5.548517367625943386e+00
2.492000000000000171e+02,5.560720834634562237e+00
2.493000000000000114e+02,5.566740056060017316e+00
2.494000000000000057e+02,5.573583121293250286e+00
2.495000000000000000e+02,5.576258078549138908e+00
2.496000000000000227e+02,5.585635567366654897e+00
2.497000000000000171e+02,5.589976503038645461e+00
2.498000000000000114e+02,5.593991270925523729e+00
2.499000000000000057e+02,5.596553267979875734e+00
2.500000000000000000e+02,5.598970427419152074e+00
2.501000000000000227e+02,5.603313340554654687e+00
2.502000000000000171e+02,5.609562976113647181e+00
2.503000000000000114e+02,5.615028275303960648e+00
2.504000000000000057e+02,5.620829850082540879e+00
2.505000000000000000e+02,5.625981775821563780e+00
2.506000000000000227e+02,5.631654742667781655e+00
2.507000000000000171e+02,5.637201761494915253e+00
2.508000000000000114e+02,5.645187935913441812e+00
2.509000000000000057e+02,5.651955385513506513e+00
2.510000000000000000e+02,5.655911969716076015e+00
2.511000000000000227e+02,5.661825368710832862e+00
2.512000000000000171e+02,5.668634220504230825e+00
2.513000000000000114e+02,5.672245769967060092e+00
2.514000000000000057e+02,5.676790540397251839e+00
2.515000000000000000e+02,5.682036505593186071e+00
2.516000000000000227e+02,5.683215848366214296e+00
2.517000000000000171e+02,5.687167940974648950e+00
2.518000000000000114e+02,5.696623469370310389e+00
2.519000000000000057e+02,5.703926433907121840e+00
2.520000000000000000e+02,5.712270854441917400e+00
2.521000000000000227e+02,5.716709662682627702e+00
2.522000000000000171e+02,5.723981122956310230e+00
2.523000000000000114e+02,5.732890570948939057e+00
2.524000000000000057e+02,5.737505832015033391e+00
2.525000000000000000e+02,5.739143344898371524e+00
2.526000000000000227e+02,5.744211848306878032e+00
2.527000000000000171e+02,5.754398620735739378e+00
2.528000000000000114e+02,5.764863054682041188e+00
2.529000000000000057e+02,5.769101006070522786e+00
2.530000000000000000e+02,5.772980385643197820e+00
2.531000000000000227e+02,5.778908990847346772e+00
2.532000000000000171e+02,5.781600883822682668e+00
2.533000000000000114e+02,5.783730786629875276e+00
2.534000000000000057e+02,5.787579208898346650e+00
2.535000000000000000e+02,5.790950728120045632e+00
2.536000000000000227e+02,5.797217288361957266e+00
2.537000000000000171e+02,5.801897094663018173e+00
2.538000000000000114e+02,5.811489234856732189e+00
2.539000000000000057e+02,5.812189749988677434e+00
2.540000000000000000e+02,5.811922698853784652e+00
2.541000000000000227e+02,5.813552948467466841e+00
2.542000000000000171e+02,5.812347711296398600e+00
2.543000000000000114e+02,5.811065810348390315e+00
2.544000000000000057e+02,5.812505732550190984e+00
2.545000000000000000e+02,5.816922478495065718e+00
2.546000000000000227e+02,5.820290275821464299e+00
2.547000000000000171e+02,5.822755696146536764e+00
2.548000000000000114e+02,5.829187859020312779e+00
2.549000000000000057e+02,5.835913073218449654e+00
2.550000000000000000e+02,5.843547692080043099e+00
2.551000000000000227e+02,5.849500667849641289e+00
2.552000000000000171e+02,5.852201725356924733e+00
2.553000000000000114e+02,5.855123414976506346e+00
2.554000000000000057e+02,5.855574941335501826e+00
2.555000000000000000e+02,5.858860224256935645e+00
2.556000000000000227e+02,5.858594981967103266e+00
2.557000000000000171e+02,5.863384791793914808e+00
2.558000000000000114e+02,5.869892223376949936e+00
2.559000000000000057e+02,5.873158922353238331e+00
2.560000000000000000e+02,5.875857962333345341e+00
2.561000000000000227e+02,5.878845965048395072e+00
2.561999999999999886e+02,5.881656784413550554e+00
2.563000000000000114e+02,5.883290344306369768e+00
2.564000000000000341e+02,5.886326685758916710e+00
2.565000000000000000e+02,5.888008239342950922e+00
2.566000000000000227e+02,5.891678650974098375e+00
2.566999999999999886e+02,5.901592681800314821e+00
2.568000000000000114e+02,5.908805231978648820e+00
2.569000000000000341e+02,5.919929168424192589e+00
2.570000000000000000e+02,5.924263230578858952e+00
2.571000000000000227e+02,5.926493057651273766e+00
2.571999999999999886e+02,5.933527358669603124e+00
2.573000000000000114e+02,5.935574305687896235e+00
2.574000000000000341e+02,5.942697031786129180e+00
2.575000000000000000e+02,5.949051708787107096e+00
2.576000000000000227e+02,5.957405070874347786e+00
2.576999999999999886e+02,5.959863096680220629e+00
2.578000000000000114e+02,5.965949694350247690e+00
2.579000000000000341e+02,5.974149068193182366e+00
2.580000000000000000e+02,5.981480395658230087e+00
2.581000000000000227e+02,5.985244894923173575e+00
2.581999999999999886e+02,5.986109997808174654e+00
2.583000000000000114e+02,5.989994612997096013e+00
2.584000000000000341e+02,5.994380204510665777e+00
2.585000000000000000e+02,6.000343580267326615e+00
2.586000000000000227e+02,6.004938267831056109e+00
2.586999999999999886e+02,6.006793915123071592e+00
2.588000000000000114e+02,6.007184180251423200e+00
2.589000000000000341e+02,6.011743643627061040e+00
2.590000000000000000e+02,6.017257900206728571e+00
2.591000000000000227e+02,6.022485244222441025e+00
2.591999999999999886e+02,6.024542188293245282e+00
2.593000000000000114e+02,6.027316486144335350e+00
2.594000000000000341e+02,6.030157153996103858e+00
2.595000000000000000e+02,6.037155485302045044e+00
2.596000000000000227e+02,6.042134791219430312e+00
2.596999999999999886e+02,6.046520901956117022e+00
2.598000000000000114e+02,6.054330157721115491e+00
2.599000000000000341e+02,6.058858997068750085e+00
2.600000000000000000e+02,6.067027469653467620e+00
2.601000000000000227e+02,6.070311320036442915e+00
2.601999999999999886e+02,6.076930690964911896e+00
2.603000000000000114e+02,6.077571665732888206e+00
2.604000000000000341e+02,6.083120388532690548e+00
2.605000000000000000e+02,6.084972936157603485e+00
2.606000000000000227e+02,6.086324130771787466e+00
2.606999999999999886e+02,6.086300572621616389e+00
2.608000000000000114e+02,6.089804388917324118e+00
2.609000000000000341e+02,6.087918856383677024e+00
2.610000000000000000e+02,6.086444843073235411e+00
2.611000000000000227e+02,6.086058096116127025e+00
2.611999999999999886e+02,6.083878599166956391e+00
2.613000000000000114e+02,6.086345392794082265e+00
2.614000000000000341e+02,6.090357376935390477e+00
2.615000000000000000e+02,6.091479222268758598e+00
2.616000000000000227e+02,6.091619228381399687e+00
2.616999999999999886e+02,6.096091139613147192e+00
2.618000000000000114e+02,6.095120847464317038e+00
2.619000000000000341e+02,6.096732898724372518e+00
2.620000000000000000e+02,6.097049883181159480e+00
2.621000000000000227e+02,6.102677282551071336e+00
2.621999999999999886e+02,6.101913277780213640e+00
2.623000000000000114e+02,6.106819422948782439e+00
2.624000000000000341e+02,6.111919006978334679e+00
2.625000000000000000e+02,6.112793448118597261e+00
2.626000000000000227e+02,6.113480299036645249e+00
2.626999999999999886e+02,6.110956303804830014e+00
2.628000000000000114e+02,6.108744883547753801e+00
2.629000000000000341e+02,6.110580703985793782e+00
2.630000000000000000e+02,6.107173388646067735e+00
2.631000000000000227e+02,6.106935988076861221e+00
2.631999999999999886e+02,6.107424948317366820e+00
2.633000000000000114e+02,6.107958000254233966e+00
2.634000000000000341e+02,6.111003852716074825e+00
2.635000000000000000e+02,6.108696007422723007e+00
2.636000000000000227e+02,6.108825604521616270e+00
2.636999999999999886e+02,6.106780862122912268e+00
2.638000000000000114e+02,6.106056672033213673e+00
2.639000000000000341e+02,6.103919905384337596e+00
2.640000000000000000e+02,6.105523757561950760e+00
2.641000000000000227e+02,6.110853138430541343e+00
2.641999999999999886e+02,6.114691163076045655e+00
2.643000000000000114e+02,6.117912168101461212e+00
2.644000000000000341e+02,6.120251396834317070e+00
2.645000000000000000e+02,6.121732298760391267e+00
2.646000000000000227e+02,6.118071879074725494e+00
2.646999999999999886e+02,6.114516898069548567e+00
2.648000000000000114e+02,6.114713085888392463e+00
2.649000000000000341e+02,6.114142383704131767e+00
2.650000000000000000e+02,6.114845780527655705e+00
2.651000000000000227e+02,6.116711552040073663e+00
2.651999999999999886e+02,6.121637011142673224e+00
2.653000000000000114e+02,6.120074493248546688e+00
2.654000000000000341e+02,6.119035625441000548e+00
2.655000000000000000e+02,6.120776324840760729e+00
2.656000000000000227e+02,6.122380222600887656e+00
2.656999999999999886e+02,6.120653117456429371e+00
2.658000000000000114e+02,6.124503989391349990e+00
2.659000000000000341e+02,6.132481300382337075e+00
2.660000000000000000e+02,6.140358680602273189e+00
2.661000000000000227e+02,6.143875800242581953e+00
2.661999999999999886e+02,6.144502385928404031e+00
2.663000000000000114e+02,6.142547999836692085e+00
2.664000000000000341e+02,6.141398188753355747e+00
2.665000000000000000e+02,6.137618658917876502e+00
2.666000000000000227e+02,6.134852605656948121e+00
2.666999999999999886e+02,6.134865678126343091e+00
2.668000000000000114e+02,6.133592693515912408e+00
2.669000000000000341e+02,6.137257171418126767e+00
2.670000000000000000e+02,6.138105284318953636e+00
2.671000000000000227e+02,6.134753681870371622e+00
2.671999999999999886e+02,6.135705464688292032e+00
2.673000000000000114e+02,6.139080470067544759e+00
2.674000000000000341e+02,6.138879633071576691e+00
2.675000000000000000e+02,6.135177534630175344e+00
2.676000000000000227e+02,6.128715039402060860e+00
2.676999999999999886e+02,6.130878920265243615e+00
2.678000000000000114e+02,6.127253310467537517e+00
2.679000000000000341e+02,6.123669271672912195e+00
2.680000000000000000e+02,6.120632405566492018e+00
2.681000000000000227e+02,6.117596554671641762e+00
2.681999999999999886e+02,6.114804840392370266e+00
2.683000000000000114e+02,6.107785880769464271e+00
2.684000000000000341e+02,6.100271708443024465e+00
2.685000000000000000e+02,6.096219915066534156e+00
2.686000000000000227e+02,6.094783144222647664e+00
2.686999999999999886e+02,6.094659949537919452e+00
2.688000000000000114e+02,6.091183117892342125e+00
2.689000000000000341e+02,6.092296031761633479e+00
2.690000000000000000e+02,6.085354830993183306e+00
2.691000000000000227e+02,6.079886486606295826e+00
2.691999999999999886e+02,6.075646276705817250e+00
2.693000000000000114e+02,6.074365898061133251e+00
2.694000000000000341e+02,6.072098227933796721e+00
2.695000000000000000e+02,6.071490945017924190e+00
2.696000000000000227e+02,6.071122857507285531e+00
2.696999999999999886e+02,6.068299421915853920e+00
2.698000000000000114e+02,6.069516985714957791e+00
2.699000000000000341e+02,6.067686110361949936e+00
2.700000000000000000e+02,6.069393620067934592e+00
2.701000000000000227e+02,6.070527355830038552e+00
2.701999999999999886e+02,6.067847383134936656e+00
2.703000000000000114e+02,6.070241409475906735e+00
2.704000000000000341e+02,6.066059433903079778e+00
2.705000000000000000e+02,6.064297237182113776e+00
2.706000000000000227e+02,6.070684198358432759e+00
2.706999999999999886e+02,6.060680997500297096e+00
2.708000000000000114e+02,6.054293784757268426e+00
2.709000000000000341e+02,6.050168894101614292e+00
2.710000000000000000e+02,6.048003924402889808e+00
2.711000000000000227e+02,6.044299674257723076e+00
2.711999999999999886e+02,6.042700585388096179e+00
2.713000000000000114e+02,6.041960320311031474e+00
2.714000000000000341e+02,6.041125779080858571e+00
2.715000000000000000e+02,6.031734142939554566e+00
2.716000000000000227e+02,6.031714641660617104e+00
2.716999999999999886e+02,6.035875214606950756e+00
2.718000000000000114e+02,6.032443792987259634e+00
2.719000000000000341e+02,6.030717565578848749e+00
2.720000000000000000e+02,6.029832217322035781e+00
2.721000000000000227e+02,6.029034657981559242e+00
2.721999999999999886e+02,6.028433800843869150e+00
2.723000000000000114e+02,6.032907906635180950e+00
2.724000000000000341e+02,6.035338951669698915e+00
2.725000000000000000e+02,6.034978405745523133e+00
2.726000000000000227e+02,6.035140254964741047e+00
2.726999999999999886e+02,6.034592916990953348e+00
2.728000000000000114e+02,6.034916899847578620e+00
2.729000000000000341e+02,6.035797701056444531e+00
2.730000000000000000e+02,6.035633145297117252e+00
2.731000000000000227e+02,6.038375815791062529e+00
2.731999999999999886e+02,6.037786357183186681e+00
2.733000000000000114e+02,6.035480883046099976e+00
2.734000000000000341e+02,6.028415457067685779e+00
2.735000000000000000e+02,6.023830006156815742e+00
2.736000000000000227e+02,6.017171291915403231e+00
2.736999999999999886e+02,6.010121023730334855e+00
2.738000000000000114e+02,6.006252830444547719e+00
2.739000000000000341e+02,6.003419281380602435e+00
2.740000000000000000e+02,5.997688664975099115e+00
2.741000000000000227e+02,5.990002462731825794e+00
2.741999999999999886e+02,5.978881547192805179e+00
2.743000000000000114e+02,5.974841373191575045e+00
2.744000000000000341e+02,5.967590512280253279e+00
2.745000000000000000e+02,5.964096235075631469e+00
2.746000000000000227e+02,5.955071633919375884e+00
2.746999999999999886e+02,5.951206929636458476e+00
2.748000000000000114e+02,5.945302246832500082e+00
2.749000000000000341e+02,5.941578355772427322e+00
2.750000000000000000e+02,5.933571473096415971e+00
2.751000000000000227e+02,5.930968658434068175e+00
2.751999999999999886e+02,5.931693904803355899e+00
2.753000000000000114e+02,5.934495291819692930e+00
2.754000000000000341e+02,5.938486645693250132e+00
2.755000000000000000e+02,5.936941364802017951e+00
2.756000000000000227e+02,5.936617634148960931e+00
2.756999999999999886e+02,5.943376327683526306e+00
2.758000000000000114e+02,5.942387527877178499e+00
2.759000000000000341e+02,5.934842134314531670e+00
2.760000000000000000e+02,5.937072399882983298e+00
2.761000000000000227e+02,5.935008315206919960e+00
2.761999999999999886e+02,5.933849370299908443e+00
2.763000000000000114e+02,5.933988812777466038e+00
2.764000000000000341e+02,5.926490401384914897e+00
2.765000000000000000e+02,5.915655034556907665e+00
2.766000000000000227e+02,5.908437208201767099e+00
2.766999999999999886e+02,5.909042946183349798e+00
2.768000000000000114e+02,5.904234401534565357e+00
2.769000000000000341e+02,5.899581300473465184e+00
2.770000000000000000e+02,5.890766455429949033e+00
2.771000000000000227e+02,5.888703999080794560e+00
2.771999999999999886e+02,5.889831989743405494e+00
2.773000000000000114e+02,5.887344397311453648e+00
2.774000000000000341e+02,5.882992996806201802e+00
2.775000000000000000e+02,5.880383668552609855e+00
2.776000000000000227e+02,5.869113475974629957e+00
2.776999999999999886e+02,5.865161958965358302e+00
2.778000000000000114e+02,5.861803963680163321e+00
2.779000000000000341e+02,5.861855789144073903e+00
2.780000000000000000e+02,5.854957441830072717e+00
2.781000000000000227e+02,5.845806706469436342e+00
2.781999999999999886e+02,5.841375669581891472e+00
2.783000000000000114e+02,5.836453872643557972e+00
2.784000000000000341e+02,5.829168101775176858e+00
2.785000000000000000e+02,5.820796922655808281e+00
2.786000000000000227e+02,5.820621483870082713e+00
2.786999999999999886e+02,5.817777847566832250e+00
2.788000000000000114e+02,5.814659864944618839e+00
2.789000000000000341e+02,5.815287179025584230e+00
2.790000000000000000e+02,5.815437333445701462e+00
2.791000000000000227e+02,5.815453605023381378e+00
2.791999999999999886e+02,5.814556053923659817e+00
2.793000000000000114e+02,5.816434986758357795e+00
2.794000000000000341e+02,5.812393398314460669e+00
2.795000000000000000e+02,5.807737617916514772e+00
2.796000000000000227e+02,5.803923288523335167e+00
2.796999999999999886e+02,5.808964827291608124e+00
2.798000000000000114e+02,5.811477921052289553e+00
2.799000000000000341e+02,5.813710224472677268e+00
2.800000000000000000e+02,5.813911363417610723e+00
2.801000000000000227e+02,5.810921928169535455e+00
2.801999999999999886e+02,5.811166884303091251e+00
2.803000000000000114e+02,5.806543188190034677e+00
2.804000000000000341e+02,5.796936822062408012e+00
2.805000000000000000e+02,5.791986796129950044e+00
2.806000000000000227e+02,5.782295861693585337e+00
2.806999999999999886e+02,5.778904275772053900e+00
2.808000000000000114e+02,5.777067982124114209e+00
2.809000000000000341e+02,5.769264094337657411e+00
2.810000000000000000e+02,5.768658527067044517e+00
2.811000000000000227e+02,5.759054470180513086e+00
2.811999999999999886e+02,5.757616193915969127e+00
2.813000000000000114e+02,5.753443969033248173e+00
2.814000000000000341e+02,5.750517330856277809e+00
2.815000000000000000e+02,5.748637527898970312e+00
2.816000000000000227e+02,5.749089911257902585e+00
2.816999999999999886e+02,5.744248347504475660e+00
2.818000000000000114e+02,5.738671998038196165e+00
2.819000000000000341e+02,5.734774684831581482e+00
2.820000000000000000e+02,5.728108598368644166e+00
2.821000000000000227e+02,5.715855668371800036e+00
2.821999999999999886e+02,5.707812673549052640e+00
2.823000000000000114e+02,5.699863228687908290e+00
2.824000000000000341e+02,5.693124795904862978e+00
2.825000000000000000e+02,5.683722562550075352e+00
2.826000000000000227e+02,5.677516076832253233e+00
2.826999999999999886e+02,5.673770604280814922e+00
2.828000000000000114e+02,5.659326224515650594e+00
2.829000000000000341e+02,5.644742115561530937e+00
2.830000000000000000e+02,5.632572886830738312e+00
2.831000000000000227e+02,5.619226196641321280e+00
2.831999999999999886e+02,5.611671805771284660e+00
2.833000000000000114e+02,5.597577629141659017e+00
2.834000000000000341e+02,5.591406259922794497e+00
2.835000000000000000e+02,5.586397772883361590e+00
2.836000000000000227e+02,5.575293945855699818e+00
2.836999999999999886e+02,5.573630885955210168e+00
2.838000000000000114e+02,5.572335614356959788e+00
2.839000000000000341e+02,5.567210937438614060e+00
2.840000000000000000e+02,5.562234464049129024e+00
2.841000000000000227e+02,5.552490062328248932e+00
2.841999999999999886e+02,5.551352750476726605e+00
2.843000000000000114e+02,5.548581430829740313e+00
2.844000000000000341e+02,5.544290376401042941e+00
2.845000000000000000e+02,5.543406244781095893e+00
2.846000000000000227e+02,5.540462418205995831e+00
2.846999999999999886e+02,5.533001486688688964e+00
2.848000000000000114e+02,5.520948108258484588e+00
2.849000000000000341e+02,5.522921613802148855e+00
2.850000000000000000e+02,5.526767055805316353e+00
2.851000000000000227e+02,5.532104580607839495e+00
2.851999999999999886e+02,5.533161855335626100e+00
2.853000000000000114e+02,5.534091590270847405e+00
2.854000000000000341e+02,5.522644499150456632e+00
2.855000000000000000e+02,5.517796495687696812e+00
2.856000000000000227e+02,5.514874848601202473e+00
2.856999999999999886e+02,5.506410423675408339e+00
2.858000000000000114e+02,5.491893607210146300e+00
2.859000000000000341e+02,5.475707875493892374e+00
2.860000000000000000e+02,5.471889594426120773e+00
2.861000000000000227e+02,5.466901287052499114e+00
2.861999999999999886e+02,5.469465921817307397e+00
2.863000000000000114e+02,5.476260787030804877e+00
2.864000000000000341e+02,5.475573466512987153e+00
2.865000000000000000e+02,5.474860699489717319e+00
2.866000000000000227e+02,5.477760522532054033e+00
2.866999999999999886e+02,5.473132368347267906e+00
2.868000000000000114e+02,5.468954345066556755e+00
2.869000000000000341e+02,5.458927632872066837e+00
2.870000000000000000e+02,5.457874396489251545e+00
2.871000000000000227e+02,5.448422368945456284e+00
2.871999999999999886e+02,5.444989000253241507e+00
2.873000000000000114e+02,5.434369406588078988e+00
2.874000000000000341e+02,5.430893781102695606e+00
2.875000000000000000e+02,5.418226475766017458e+00
2.876000000000000227e+02,5.410293965299467267e+00
2.876999999999999886e+02,5.401894316131586216e+00
2.878000000000000114e+02,5.390126295462508210e+00
2.879000000000000341e+02,5.389376985049345592e+00
2.880000000000000000e+02,5.376853563907546096e+00
2.881000000000000227e+02,5.369381760411038762e+00
2.881999999999999886e+02,5.363546910882898366e+00
2.883000000000000114e+02,5.356673554561657724e+00
2.884000000000000341e+02,5.359327814174015714e+00
2.885000000000000000e+02,5.351699972646389192e+00
2.886000000000000227e+02,5.331484781052497013e+00
2.886999999999999886e+02,5.326749504191574225e+00
2.888000000000000114e+02,5.320852006669378298e+00
2.889000000000000341e+02,5.316724748364241471e+00
2.890000000000000000e+02,5.320829085631792132e+00
2.891000000000000227e+02,5.317214258674185956e+00
2.891999999999999886e+02,5.318164387616182154e+00
2.893000000000000114e+02,5.314260122653507779e+00
2.894000000000000341e+02,5.306873059952939009e+00
2.895000000000000000e+02,5.291693921981519111e+00
2.896000000000000227e+02,5.288229616192597682e+00
2.896999999999999886e+02,5.271762895355625034e+00
2.898000000000000114e+02,5.252611121088729185e+00
2.899000000000000341e+02,5.243131785465375394e+00
2.900000000000000000e+02,5.240995156337483252e+00
2.901000000000000227e+02,5.223985535662402313e+00
2.901999999999999886e+02,5.215496211384487601e+00
2.903000000000000114e+02,5.218006666774395619e+00
2.904000000000000341e+02,5.222382213290573283e+00
2.905000000000000000e+02,5.219753439787610638e+00
2.906000000000000227e+02,5.216236229734480645e+00
2.906999999999999886e+02,5.217233955684725366e+00
2.908000000000000114e+02,5.215363720118821433e+00
2.909000000000000341e+02,5.209560362509797038e+00
2.910000000000000000e+02,5.201208401719008556e+00
2.911000000000000227e+02,5.191804838653046872e+00
2.911999999999999886e+02,5.183420849886757331e+00
2.913000000000000114e+02,5.163202503413054423e+00
2.914000000000000341e+02,5.145396325788516023e+00
2.915000000000000000e+02,5.146074476876388637e+00
2.916000000000000227e+02,5.137801372603989059e+00
2.916999999999999886e+02,5.130068474112018606e+00
2.918000000000000114e+02,5.118495586771594219e+00
2.919000000000000341e+02,5.117148834642587296e+00
2.920000000000000000e+02,5.119071132295824000e+00
2.921000000000000227e+02,5.120943489384947256e+00
2.921999999999999886e+02,5.122560141157793900e+00
2.923000000000000114e+02,5.127590386758591023e+00
2.924000000000000341e+02,5.134097637356499710e+00
2.925000000000000000e+02,5.137534116619811186e+00
2.926000000000000227e+02,5.140963535400208784e+00
2.926999999999999886e+02,5.131352059084659523e+00
2.928000000000000114e+02,5.125657650524464870e+00
2.929000000000000341e+02,5.120565146690982061e+00
2.930000000000000000e+02,5.107616555701450345e+00
2.931000000000000227e+02,5.094407092149868532e+00
2.931999999999999886e+02,5.087734400262529100e+00
2.933000000000000114e+02,5.073445263187170262e+00
2.934000000000000341e+02,5.064363392155704524e+00
2.935000000000000000e+02,5.058963363450311945e+00
2.936000000000000227e+02,5.042879186247774648e+00
2.936999999999999886e+02,5.015541416756310156e+00
2.938000000000000114e+02,4.986248548032735428e+00
2.939000000000000341e+02,4.983352425093164229e+00
2.940000000000000000e+02,4.968874845737768275e+00
2.941000000000000227e+02,4.961589207767232779e+00
2.941999999999999886e+02,4.954807385076515303e+00
2.943000000000000114e+02,4.946394225756622021e+00
2.944000000000000341e+02,4.927344861572604984e+00
2.945000000000000000e+02,4.910711581791740166e+00
2.946000000000000227e+02,4.895488766441940420e+00
2.946999999999999886e+02,4.891995467979471712e+00
2.948000000000000114e+02,4.896237170310620890e+00
2.949000000000000341e+02,4.900356669303048029e+00
2.950000000000000000e+02,4.883978371305080834e+00
2.951000000000000227e+02,4.879322780802821669e+00
2.951999999999999886e+02,4.867803898650879368e+00
2.953000000000000114e+02,4.856740081226999628e+00
2.954000000000000341e+02,4.854699371777113193e+00
2.955000000000000000e+02,4.828339518325305946e+00
2.956000000000000227e+02,4.818377519233905559e+00
2.956999999999999886e+02,4.803260806125572380e+00
2.958000000000000114e+02,4.774763015215661710e+00
2.959000000000000341e+02,4.775050160780816455e+00
2.960000000000000000e+02,4.765376145737626246e+00
2.961000000000000227e+02,4.752798289610248972e+00
2.961999999999999886e+02,4.743682818615718055e+00
2.963000000000000114e+02,4.726517492617885452e+00
2.964000000000000341e+02,4.726921354573653034e+00
2.965000000000000000e+02,4.715530219427599867e+00
2.966000000000000227e+02,4.711361623769789730e+00
2.966999999999999886e+02,4.697785749080770401e+00
2.968000000000000114e+02,4.692472290509425825e+00
2.969000000000000341e+02,4.675395159168290959e+00
2.970000000000000000e+02,4.673815617800302746e+00
2.971000000000000227e+02,4.671012244853968376e+00
2.971999999999999886e+02,4.665333686072587582e+00
2.973000000000000114e+02,4.670403361748797444e+00
2.974000000000000341e+02,4.648981494471844833e+00
2.975000000000000000e+02,4.627750583351970093e+00
2.976000000000000227e+02,4.607502102337839744e+00
2.976999999999999886e+02,4.601517452368745431e+00
2.978000000000000114e+02,4.598029098624562216e+00
2.979000000000000341e+02,4.571007973303612637e+00
2.980000000000000000e+02,4.545111381039068199e+00
2.981000000000000227e+02,4.515643978206703046e+00
2.981999999999999886e+02,4.477291963629071780e+00
2.983000000000000114e+02,4.456754416932737328e+00
2.984000000000000341e+02,4.418759919659866142e+00
2.985000000000000000e+02,4.409273015631258730e+00
2.986000000000000227e+02,4.391328218917700532e+00
2.986999999999999886e+02,4.364028407649478858e+00
2.988000000000000114e+02,4.349405233345158273e+00
2.989000000000000341e+02,4.373508553092430695e+00
2.990000000000000000e+02,4.380890640494279786e+00
2.991000000000000227e+02,4.414864324430952891e+00
2.991999999999999886e+02,4.384284296995158314e+00
2.993000000000000114e+02,4.362531959215217192e+00
2.994000000000000341e+02,4.351141420207171429e+00
2.995000000000000000e+02,4.410524819409629593e+00
2.996000000000000227e+02,4.419965595396097235e+00
2.996999999999999886e+02,4.342031467261985966e+00
2.998000000000000114e+02,4.490090897445537799e+00
2.999000000000000341e+02,4.581031243210740733e+00
3.000000000000000000e+02,4.731419129984999472e+00
