lag_ps,Li_A2,Zr_A2,O_A2,Cl_A2
0.000000000000000000e+00,0.000000000000000000e+00,0.000000000000000000e+00,0.000000000000000000e+00,0.000000000000000000e+00
1.000000000000000056e-01,2.809056983054402656e-01,4.615952220920860327e-02,7.204597082611825798e-02,1.209925814371139580e-01
2.000000000000000111e-01,3.817775063152048509e-01,9.213541002899959531e-02,1.048928234906279372e-01,2.152889243090368998e-01
3.000000000000000444e-01,4.420299787488558008e-01,1.217413184503478851e-01,1.205811030558253949e-01,2.600720716201792015e-01
4.000000000000000222e-01,4.886278209037399067e-01,1.467498628493427715e-01,1.344368792821682979e-01,2.914838851107294238e-01
5.000000000000000000e-01,5.225691059806608640e-01,1.579714212447967669e-01,1.435032030494212130e-01,3.073694945754050223e-01
6.000000000000000888e-01,5.438749906357777109e-01,1.619283486442823217e-01,1.465595614886396059e-01,3.134840332837300347e-01
7.000000000000000666e-01,5.631376506385985525e-01,1.628873375746158481e-01,1.492005583656582091e-01,3.177684067324744732e-01
8.000000000000000444e-01,5.836786453098492533e-01,1.626356084726772455e-01,1.491324030337503326e-01,3.215018130217441317e-01
9.000000000000000222e-01,5.996726275002443041e-01,1.621410598729969288e-01,1.492620197477319555e-01,3.241834401215963335e-01
1.000000000000000000e+00,6.120725256061229080e-01,1.610370707785296895e-01,1.470624431543822719e-01,3.252081763389063629e-01
1.100000000000000089e+00,6.268514691448430209e-01,1.598076634464075385e-01,1.457146694204586035e-01,3.278637542198464816e-01
1.200000000000000178e+00,6.342868157836777376e-01,1.577965224663099020e-01,1.438002210395868674e-01,3.281866219456373024e-01
1.300000000000000044e+00,6.446558143083008785e-01,1.558372318254337974e-01,1.415621319650344767e-01,3.272210018278441379e-01
1.400000000000000133e+00,6.521990165571143194e-01,1.536710585663448592e-01,1.399182890104206378e-01,3.259969961104700609e-01
1.500000000000000000e+00,6.593278191770937102e-01,1.524184279099675410e-01,1.386368735265241237e-01,3.237598690270945267e-01
1.600000000000000089e+00,6.703292442477793989e-01,1.518395070687035553e-01,1.387870340309327044e-01,3.246029846743161418e-01
1.700000000000000178e+00,6.745237131225165772e-01,1.522350021201611392e-01,1.390757138789709135e-01,3.270459821532711309e-01
1.800000000000000044e+00,6.819837636751389098e-01,1.533057636264703871e-01,1.411044629368441161e-01,3.298287932894587993e-01
1.900000000000000133e+00,6.898350204458482127e-01,1.553528278552742947e-01,1.430518828050143798e-01,3.333359019402974410e-01
2.000000000000000000e+00,6.977688868036182601e-01,1.578293328084485192e-01,1.446435338718865260e-01,3.381993742872669295e-01
2.100000000000000089e+00,7.051400689521208909e-01,1.605018299907927104e-01,1.456313684331520530e-01,3.421504846903948294e-01
2.200000000000000178e+00,7.117713921040441649e-01,1.625690920268044182e-01,1.471808929537489763e-01,3.451292433088814504e-01
2.300000000000000266e+00,7.208169653506520946e-01,1.645175046668379548e-01,1.491867628238271737e-01,3.482271958886556384e-01
2.400000000000000355e+00,7.286975129089977576e-01,1.660827809877490624e-01,1.512149072532100180e-01,3.518797940209586472e-01
2.500000000000000000e+00,7.342952251107202066e-01,1.669954788643457644e-01,1.513908509700176430e-01,3.544737996705609184e-01
2.600000000000000089e+00,7.377432146792802792e-01,1.679358090806079562e-01,1.526602395387526012e-01,3.563615155351007036e-01
2.700000000000000178e+00,7.423682173148323793e-01,1.681142734101813419e-01,1.517374833515452992e-01,3.580590539478107903e-01
2.800000000000000266e+00,7.483001980506647222e-01,1.679007793486131661e-01,1.494285374617659590e-01,3.593149454511369023e-01
2.900000000000000355e+00,7.514475552159181060e-01,1.675334641897565646e-01,1.478097182255468656e-01,3.586535164963727262e-01
3.000000000000000000e+00,7.606131916849796504e-01,1.668679493693842886e-01,1.487945807072379167e-01,3.597041684262660133e-01
3.100000000000000089e+00,7.651907832130303566e-01,1.669588518793949650e-01,1.513282163177142869e-01,3.604323888026979561e-01
3.200000000000000178e+00,7.702219747991920773e-01,1.671552202447147417e-01,1.506859312139314511e-01,3.602002652748869660e-01
3.300000000000000266e+00,7.766665774595841176e-01,1.674502263099055810e-01,1.502525598365635207e-01,3.612291315841146822e-01
3.400000000000000355e+00,7.822895949431182272e-01,1.686904594502052213e-01,1.505080218152569926e-01,3.638707115931241187e-01
3.500000000000000000e+00,7.877969608025361392e-01,1.703680233954383283e-01,1.510780194734842319e-01,3.674445792227493679e-01
3.600000000000000089e+00,7.957705254902495140e-01,1.725704187064194817e-01,1.536863808167096834e-01,3.711811856255594622e-01
3.700000000000000178e+00,8.021399830381924501e-01,1.746371140364215702e-01,1.553048480988551971e-01,3.739799828815351113e-01
3.800000000000000266e+00,8.047771929590404882e-01,1.756401163790162756e-01,1.562313832593532625e-01,3.754380612435573861e-01
3.900000000000000355e+00,8.082101237468444221e-01,1.761803228482441142e-01,1.543191223158975611e-01,3.755840763887475231e-01
4.000000000000000000e+00,8.126343991213835771e-01,1.763251698052566985e-01,1.548274747402259566e-01,3.759902986588206653e-01
4.100000000000000533e+00,8.163614290596176160e-01,1.761536017761068385e-01,1.540567260046091791e-01,3.771003474816554957e-01
4.200000000000000178e+00,8.191680358650731408e-01,1.747217616047450628e-01,1.524377464650483738e-01,3.764110630008808411e-01
4.299999999999999822e+00,8.204978046582691587e-01,1.730788327422633777e-01,1.532391123069056227e-01,3.753835167234820247e-01
4.400000000000000355e+00,8.227265224109278074e-01,1.731446401974316152e-01,1.516636978032100680e-01,3.770817873724780500e-01
4.500000000000000000e+00,8.266171253827039322e-01,1.741337295509386152e-01,1.521107187634944680e-01,3.795033681853816621e-01
4.600000000000000533e+00,8.322910848067135436e-01,1.751365806780973422e-01,1.525152914589864017e-01,3.821604864951540503e-01
4.700000000000000178e+00,8.368301258654804453e-01,1.756441720381020088e-01,1.524970991357393058e-01,3.839199624037119007e-01
4.800000000000000711e+00,8.385508101301065720e-01,1.770936374499215149e-01,1.545746248738812667e-01,3.864242021534682880e-01
4.900000000000000355e+00,8.434392278905529228e-01,1.777709362897722245e-01,1.551986787926882549e-01,3.889489781110585520e-01
5.000000000000000000e+00,8.486895835682196632e-01,1.784443129911122139e-01,1.546614072395620099e-01,3.914287019917791488e-01
5.100000000000000533e+00,8.520316039909431316e-01,1.791908190775392540e-01,1.547237315664543589e-01,3.938983501212559579e-01
5.200000000000000178e+00,8.555313777834893108e-01,1.803063941420861849e-01,1.551494733553520355e-01,3.974245442791155547e-01
5.300000000000000711e+00,8.591627015670321166e-01,1.828412296199604659e-01,1.572326137258766576e-01,4.014627541917875631e-01
5.400000000000000355e+00,8.647127517693375953e-01,1.850545978752584919e-01,1.589131051546091300e-01,4.063188352453449559e-01
5.500000000000000000e+00,8.691816914600125621e-01,1.877327688203589418e-01,1.613432406300579491e-01,4.110919870167664691e-01
5.600000000000000533e+00,8.766269778109173627e-01,1.901347143664546269e-01,1.626743619907442262e-01,4.152318267462558610e-01
5.700000000000000178e+00,8.823276618274962235e-01,1.914905822283272108e-01,1.622220104640377802e-01,4.186775334419305383e-01
5.800000000000000711e+00,8.898846493407539526e-01,1.917847485057284085e-01,1.623999158823642708e-01,4.212557114805791647e-01
5.900000000000000355e+00,8.947607999895061948e-01,1.911301818265965513e-01,1.629348693284862482e-01,4.217939977877664948e-01
6.000000000000000000e+00,9.005440007409644121e-01,1.903309991871149354e-01,1.621860232239241695e-01,4.224582793209289977e-01
6.100000000000000533e+00,9.031604004565446653e-01,1.900457767564136258e-01,1.610834469062235597e-01,4.234601385349939240e-01
6.200000000000000178e+00,9.048401148986956466e-01,1.891165866078515223e-01,1.600824743239902537e-01,4.249652754029744628e-01
6.300000000000000711e+00,9.055052799408129793e-01,1.880587031331956982e-01,1.592510431580680119e-01,4.253405884646508928e-01
6.400000000000000355e+00,9.067527013919611800e-01,1.874293687202863712e-01,1.580208942734429578e-01,4.255638474749260380e-01
6.500000000000000000e+00,9.089763418200753620e-01,1.866651124635899106e-01,1.576441161565954319e-01,4.248598283208998017e-01
6.600000000000000533e+00,9.118163142064035220e-01,1.863306028227502964e-01,1.573555433690632388e-01,4.248547446421933604e-01
6.700000000000000178e+00,9.173633753391884360e-01,1.870769097826767424e-01,1.567696785897934597e-01,4.276297252880925659e-01
6.800000000000000711e+00,9.226032869209981335e-01,1.881050289354515848e-01,1.584362337557921885e-01,4.303103969838237841e-01
6.900000000000000355e+00,9.276733631729697782e-01,1.900435441822496407e-01,1.605007094149975833e-01,4.332578172731043620e-01
7.000000000000000000e+00,9.346381488239332569e-01,1.929207116403020006e-01,1.625499910125652869e-01,4.381639944805952869e-01
7.100000000000000533e+00,9.424763821176059819e-01,1.957325047672568985e-01,1.639191763083077957e-01,4.430971196786442912e-01
7.200000000000000178e+00,9.457283921372023894e-01,1.992953014281259871e-01,1.667119399524919221e-01,4.484477089837178854e-01
7.300000000000000711e+00,9.503258377207969287e-01,2.018075667805524498e-01,1.688425247986595767e-01,4.533907319944506242e-01
7.400000000000000355e+00,9.535437120116216914e-01,2.030740034727875620e-01,1.689699539057071265e-01,4.574128488864049324e-01
7.500000000000000000e+00,9.550553593367222538e-01,2.040170276399870808e-01,1.696722162928823996e-01,4.600074234573633403e-01
7.600000000000000533e+00,9.540975926253354444e-01,2.042346949250774535e-01,1.704184916194058652e-01,4.608434202048264927e-01
7.700000000000000178e+00,9.542955345580241833e-01,2.049864728473820286e-01,1.717473328938325938e-01,4.617402164715299628e-01
7.800000000000000711e+00,9.562868306109487682e-01,2.069860036216142896e-01,1.729248770056519280e-01,4.633604633766305048e-01
7.900000000000000355e+00,9.585205156418246109e-01,2.075734558198989721e-01,1.728345077892438630e-01,4.650840772176534355e-01
8.000000000000000000e+00,9.621845889679047081e-01,2.068289899302220847e-01,1.729599010798194836e-01,4.642564323550094074e-01
8.099999999999999645e+00,9.619711997651460011e-01,2.059062732638165250e-01,1.717089313440144094e-01,4.642169940589163102e-01
8.200000000000001066e+00,9.608678132975175812e-01,2.048746677715612419e-01,1.726014330857406354e-01,4.646943824049136751e-01
8.300000000000000711e+00,9.620375043867983589e-01,2.047398345558850419e-01,1.720169672312084896e-01,4.658888794920129639e-01
8.400000000000000355e+00,9.641367719005717873e-01,2.051583081523783991e-01,1.722288619394028719e-01,4.677577129333901351e-01
8.500000000000000000e+00,9.663297458242028348e-01,2.055924413817505625e-01,1.725084352154659939e-01,4.690272996746165934e-01
8.599999999999999645e+00,9.703459018236868516e-01,2.055659496464044556e-01,1.719954431886180080e-01,4.714099040273124763e-01
8.700000000000001066e+00,9.765917402642589895e-01,2.066137301231028012e-01,1.729953696889436066e-01,4.738865675465489535e-01
8.800000000000000711e+00,9.810527424076801450e-01,2.088749523383897910e-01,1.736896150243162351e-01,4.786314252623382060e-01
8.900000000000000355e+00,9.875550438178715140e-01,2.103200136899827100e-01,1.747094208182262964e-01,4.817206749875192484e-01
9.000000000000000000e+00,9.944582012451257391e-01,2.118821910716459089e-01,1.763247191034569283e-01,4.845570440520481914e-01
9.099999999999999645e+00,9.996366559769360727e-01,2.142304442319782898e-01,1.773671671849883780e-01,4.884678816719633110e-01
9.200000000000001066e+00,1.003357330925977342e+00,2.158038275512558779e-01,1.782950377978189116e-01,4.930169627517964615e-01
9.300000000000000711e+00,1.006566092206889751e+00,2.162102682988540081e-01,1.773549651658698767e-01,4.953949962321698708e-01
9.400000000000000355e+00,1.008861127822983761e+00,2.162295852228934001e-01,1.775235780908427929e-01,4.977457044938992659e-01
9.500000000000000000e+00,1.013698059034958687e+00,2.169155097522952325e-01,1.790712631884610329e-01,5.005249601288095374e-01
9.600000000000001421e+00,1.017340393323054037e+00,2.180659678735799856e-01,1.802597029055270639e-01,5.032466558023466208e-01
9.700000000000001066e+00,1.019581297958407795e+00,2.194014472336743016e-01,1.811121332581746568e-01,5.051040972235758542e-01
9.800000000000000711e+00,1.021464029656258266e+00,2.209147074440552527e-01,1.812760327751880007e-01,5.073324418237464828e-01
9.900000000000000355e+00,1.025575023343185510e+00,2.223668658682910471e-01,1.817066850855018345e-01,5.113002887632356330e-01
1.000000000000000000e+01,1.026835210477626603e+00,2.228362488031259137e-01,1.815611871741375505e-01,5.129648916606576181e-01
1.010000000000000142e+01,1.031773868151696361e+00,2.228990321597838498e-01,1.824953143013109680e-01,5.140713562552896576e-01
1.020000000000000107e+01,1.037878964431378614e+00,2.238296408310064267e-01,1.823833762884271015e-01,5.164106721469059469e-01
1.030000000000000071e+01,1.041627578131743004e+00,2.244291478198218726e-01,1.819121076410081805e-01,5.180678635624526018e-01
1.040000000000000036e+01,1.043413282193086378e+00,2.255977309513904627e-01,1.815096912331051471e-01,5.214546171246988715e-01
1.050000000000000000e+01,1.044651721938270494e+00,2.266106040502059160e-01,1.831024190760637826e-01,5.243971271454800354e-01
1.060000000000000142e+01,1.045991916670034216e+00,2.268219027313181368e-01,1.829086152317865033e-01,5.258589463960231525e-01
1.070000000000000107e+01,1.049498615598486007e+00,2.257557788861474235e-01,1.827438661517052920e-01,5.260501496730553006e-01
1.080000000000000071e+01,1.050721044804323157e+00,2.246487712437028328e-01,1.819858157946468991e-01,5.268622303826420161e-01
1.090000000000000036e+01,1.053817791986845664e+00,2.241564081756369786e-01,1.811704683023956930e-01,5.268237000294281325e-01
1.100000000000000000e+01,1.055036911834920987e+00,2.239765774359987194e-01,1.797253518254781635e-01,5.265371922540704741e-01
1.110000000000000142e+01,1.057720793422985084e+00,2.232474214831501880e-01,1.791841563535971626e-01,5.265975909582579773e-01
1.120000000000000107e+01,1.060026884978806150e+00,2.233795482028332613e-01,1.795267413677634760e-01,5.271169092448866333e-01
1.130000000000000071e+01,1.062751931822032425e+00,2.241777656515653028e-01,1.792825044808229462e-01,5.286267010593957982e-01
1.140000000000000036e+01,1.065654689210795869e+00,2.247163876984038244e-01,1.803085531856029045e-01,5.300329483840365841e-01
1.150000000000000000e+01,1.067387076886730402e+00,2.256140859658719300e-01,1.826633771866415235e-01,5.327605856154781216e-01
1.160000000000000142e+01,1.071741477113373087e+00,2.265131342714304108e-01,1.827782335009089376e-01,5.351478649292863432e-01
1.170000000000000107e+01,1.071891731329024156e+00,2.269602052043794005e-01,1.823810078708698046e-01,5.367361787893781822e-01
1.180000000000000071e+01,1.072682772178215949e+00,2.274527471031081716e-01,1.832854155838255228e-01,5.383427242178029370e-01
1.190000000000000036e+01,1.078182579398857754e+00,2.274411952071611343e-01,1.827863333281446179e-01,5.405618308000064154e-01
1.200000000000000000e+01,1.085694919634204947e+00,2.276108084734622949e-01,1.838934861447358848e-01,5.441425725896030796e-01
1.210000000000000142e+01,1.091327434903809790e+00,2.287165836420469722e-01,1.846952932013346815e-01,5.468158226497732421e-01
1.220000000000000107e+01,1.098509081284438471e+00,2.308809855792674781e-01,1.860173026687415576e-01,5.509333733749768314e-01
1.230000000000000071e+01,1.103342658630949158e+00,2.321967862843539732e-01,1.862022954750570392e-01,5.554693600819031740e-01
1.240000000000000036e+01,1.109278369624605132e+00,2.339689822937498220e-01,1.862898188732051152e-01,5.600178423970397779e-01
1.250000000000000000e+01,1.114688819721588509e+00,2.363005440306486515e-01,1.868221723690069447e-01,5.629346342949349546e-01
1.260000000000000142e+01,1.118194177800140077e+00,2.374991602827042358e-01,1.880345751459144288e-01,5.663269757387571213e-01
1.270000000000000107e+01,1.119971471030997145e+00,2.377542009291859770e-01,1.887850746668254254e-01,5.671787747469455576e-01
1.280000000000000071e+01,1.124216699461350721e+00,2.376268165383988162e-01,1.904884555068900032e-01,5.672428594799943102e-01
1.290000000000000036e+01,1.125060039888359453e+00,2.374375181180971850e-01,1.901468226284128427e-01,5.683989474258548391e-01
1.300000000000000000e+01,1.126661445200129119e+00,2.374274750933578204e-01,1.892854035603660778e-01,5.703650034580558525e-01
1.310000000000000142e+01,1.125813687961877863e+00,2.374731455164365290e-01,1.883156187194227338e-01,5.720799076239565517e-01
1.320000000000000107e+01,1.127748790231891229e+00,2.375115590517391795e-01,1.881350726819706887e-01,5.744083196178271233e-01
1.330000000000000071e+01,1.131653450688865803e+00,2.376084701460973447e-01,1.874273037941033837e-01,5.771263520541379810e-01
1.340000000000000036e+01,1.132342422263122206e+00,2.387447768355211997e-01,1.893851844067910295e-01,5.799800681463732621e-01
1.350000000000000000e+01,1.132945625219305086e+00,2.406491879033312020e-01,1.905304873976604585e-01,5.838459375491606984e-01
1.360000000000000142e+01,1.139536096833814183e+00,2.423690342183838498e-01,1.919981103119790533e-01,5.864462127079618226e-01
1.370000000000000107e+01,1.142415689012053592e+00,2.442255428862246114e-01,1.918438077552023502e-01,5.881500445070793059e-01
1.380000000000000071e+01,1.145987701752652965e+00,2.464113488338188218e-01,1.937666624938796378e-01,5.915787775692120665e-01
1.390000000000000036e+01,1.153202452264725952e+00,2.478989105859648323e-01,1.947304179976825367e-01,5.963215230032077319e-01
1.400000000000000000e+01,1.159757935981580390e+00,2.486748399761454786e-01,1.964258514177834591e-01,6.009308650529670004e-01
1.410000000000000142e+01,1.167139683919183435e+00,2.494510140894445616e-01,1.971409191306641995e-01,6.035350001089350158e-01
1.420000000000000107e+01,1.174517706737237877e+00,2.500229344607489135e-01,1.961126591329704072e-01,6.057986580961897127e-01
1.430000000000000071e+01,1.184009802227248942e+00,2.504726317324293960e-01,1.947638781870256186e-01,6.078775020640891924e-01
1.440000000000000036e+01,1.190658840984582412e+00,2.513504672835779608e-01,1.950834850463285808e-01,6.098127913599686867e-01
1.450000000000000000e+01,1.190552605810142550e+00,2.517371994976752014e-01,1.979419934193882291e-01,6.117817889583202495e-01
1.460000000000000142e+01,1.193215079886838170e+00,2.518534972191176502e-01,1.978284098955870041e-01,6.137986969879912769e-01
1.470000000000000107e+01,1.197166214144016028e+00,2.522644716097382500e-01,1.988096057029638819e-01,6.154726951194483542e-01
1.480000000000000071e+01,1.199368834344222146e+00,2.524851908717048454e-01,1.978607454286496203e-01,6.168371979353654000e-01
1.490000000000000036e+01,1.200398722942016327e+00,2.525485359919796280e-01,1.981600439552168025e-01,6.173099324943710497e-01
1.500000000000000000e+01,1.203185513511098037e+00,2.522280871378419498e-01,1.968836069758325147e-01,6.189310241308975113e-01
1.510000000000000142e+01,1.205218292825393389e+00,2.530628765344227760e-01,1.981185379951916625e-01,6.202362802140726217e-01
1.520000000000000107e+01,1.209889001731492275e+00,2.545074514884377859e-01,1.987817785024509343e-01,6.219136226329854411e-01
1.530000000000000071e+01,1.209409061445860134e+00,2.554195452268754329e-01,1.973626949314050694e-01,6.234434499503883620e-01
1.540000000000000036e+01,1.211904756284021278e+00,2.558161801898062304e-01,1.981142449320437149e-01,6.252114265194529397e-01
1.550000000000000000e+01,1.215033883705930684e+00,2.566592843669880386e-01,2.000972272462610280e-01,6.278801991946819649e-01
1.560000000000000142e+01,1.215162909045911066e+00,2.576711731545681117e-01,1.995954948664624418e-01,6.307200871714195856e-01
1.570000000000000107e+01,1.219307981020282927e+00,2.588851887219003611e-01,2.010508401937588507e-01,6.339141672274234418e-01
1.580000000000000071e+01,1.222091792629932838e+00,2.597318900571464195e-01,2.007766160033284120e-01,6.352304397928750790e-01
1.590000000000000036e+01,1.223953824221972075e+00,2.593601581819892088e-01,1.992959555839179386e-01,6.354556480658846151e-01
1.600000000000000000e+01,1.226667054347277075e+00,2.580859449273859574e-01,1.987335607643481716e-01,6.353437250109100765e-01
1.610000000000000142e+01,1.225662130727482202e+00,2.570351957565224499e-01,1.979659985984843218e-01,6.357994053062818729e-01
1.619999999999999929e+01,1.229258158741430185e+00,2.575734060038966655e-01,1.986198465985346273e-01,6.387045619454383427e-01
1.630000000000000071e+01,1.228334269996574246e+00,2.581392590003917520e-01,1.980607267717147679e-01,6.404899211066245046e-01
1.640000000000000213e+01,1.232201758175527573e+00,2.592178987587245853e-01,1.984488844102451632e-01,6.429805893116421478e-01
1.650000000000000000e+01,1.233319526247732556e+00,2.602271333978767309e-01,2.003111568150055255e-01,6.446216880048365461e-01
1.660000000000000142e+01,1.237895826253468945e+00,2.614186703767400477e-01,2.028197816284650623e-01,6.476269398256472298e-01
1.669999999999999929e+01,1.242170096632220444e+00,2.636623082724313671e-01,2.061491642538894331e-01,6.516741508943030281e-01
1.680000000000000071e+01,1.244373433163577625e+00,2.655231754566239610e-01,2.070109418888883557e-01,6.553337271476592507e-01
1.690000000000000213e+01,1.247854347773058148e+00,2.672427881443535380e-01,2.071826862623278587e-01,6.583938363973375063e-01
1.700000000000000000e+01,1.248423118900028328e+00,2.681280884907207840e-01,2.070174966115681803e-01,6.605376539868303976e-01
1.710000000000000142e+01,1.249620092702683927e+00,2.681350877090171725e-01,2.084727759242171741e-01,6.619773622818930781e-01
1.719999999999999929e+01,1.256105572173699780e+00,2.692826898321402096e-01,2.084340970058101705e-01,6.641676602657916595e-01
1.730000000000000071e+01,1.261032893701448110e+00,2.704999888982979606e-01,2.092536737683018955e-01,6.676167766371223777e-01
1.740000000000000213e+01,1.264566403433386776e+00,2.711415617651332099e-01,2.090644944953628792e-01,6.704915441688154010e-01
1.750000000000000000e+01,1.266020576224155869e+00,2.720177275662752914e-01,2.095341801468893761e-01,6.739167349904660043e-01
1.760000000000000142e+01,1.271696225775634792e+00,2.732769642001249277e-01,2.096671260540597936e-01,6.769291418207282751e-01
1.769999999999999929e+01,1.275342020026474232e+00,2.746482289112922026e-01,2.107136830887501311e-01,6.810384775899627208e-01
1.780000000000000071e+01,1.276897419292403857e+00,2.765199179193381651e-01,2.097714283065873486e-01,6.852260136344521246e-01
1.790000000000000213e+01,1.277638348565182991e+00,2.781842855935913739e-01,2.104282821559465000e-01,6.883729367248991871e-01
1.800000000000000000e+01,1.279016068646120940e+00,2.802580938606648586e-01,2.142173963823172378e-01,6.917528516073681022e-01
1.810000000000000142e+01,1.279408567424239029e+00,2.813052108191927414e-01,2.140354640648388374e-01,6.949779924020760280e-01
1.819999999999999929e+01,1.280697353911570469e+00,2.815478466820524051e-01,2.135996141579818430e-01,6.970302132524305305e-01
1.830000000000000071e+01,1.282415755203651031e+00,2.817665643129080855e-01,2.142021934811567385e-01,6.967603848944726730e-01
1.840000000000000213e+01,1.282562460313751318e+00,2.820026455397691700e-01,2.146168917612858995e-01,6.970693368570827220e-01
1.850000000000000000e+01,1.283016165115558715e+00,2.814984181285736242e-01,2.144666068350881694e-01,6.989074991994514985e-01
1.860000000000000142e+01,1.285566566058411242e+00,2.817157631070726365e-01,2.158450064665380086e-01,7.017362932118239582e-01
1.869999999999999929e+01,1.286603201208122771e+00,2.821525149587062464e-01,2.155030039928904351e-01,7.032756189027353777e-01
1.880000000000000071e+01,1.289471735270989239e+00,2.824546680173594670e-01,2.162232275754840949e-01,7.063264390166739126e-01
1.890000000000000213e+01,1.291290571132821308e+00,2.834330062489394675e-01,2.174850358605351364e-01,7.105661032012818845e-01
1.900000000000000000e+01,1.293860752763504429e+00,2.851697781754854999e-01,2.186084375897798249e-01,7.140228094080189880e-01
1.910000000000000142e+01,1.298417956492042835e+00,2.863892361929649133e-01,2.183344532144279038e-01,7.160531619954231264e-01
1.920000000000000284e+01,1.301292155473405154e+00,2.868393460787690974e-01,2.181796612712429695e-01,7.186992428146516954e-01
1.930000000000000071e+01,1.305124755489351029e+00,2.873473869420861138e-01,2.178088378097319533e-01,7.205761033629232148e-01
1.940000000000000213e+01,1.308104096648893044e+00,2.883996353329007500e-01,2.185508208869324787e-01,7.229663094085232444e-01
1.950000000000000000e+01,1.314842103139573393e+00,2.898168953826283367e-01,2.188470835120708002e-01,7.259695049912218145e-01
1.960000000000000142e+01,1.316013565213046688e+00,2.915933059742530920e-01,2.219269228919722170e-01,7.293462973123362447e-01
1.970000000000000284e+01,1.318726786057108136e+00,2.933651529933207214e-01,2.235649259822981294e-01,7.313891911540844060e-01
1.980000000000000071e+01,1.317876080348657108e+00,2.945955825049471621e-01,2.237307897840310200e-01,7.319819726487893918e-01
1.990000000000000213e+01,1.319890087806561807e+00,2.951477991551223479e-01,2.232503036903779881e-01,7.329200245217668552e-01
2.000000000000000000e+01,1.321105267193032118e+00,2.957691763081469749e-01,2.230971744332772289e-01,7.345939052475284337e-01
2.010000000000000142e+01,1.323440547602102058e+00,2.961381512223427714e-01,2.241332492160641177e-01,7.364915081812017927e-01
2.020000000000000284e+01,1.326601276940642338e+00,2.965989163474912482e-01,2.243802092033329587e-01,7.393709257213180175e-01
2.030000000000000071e+01,1.328400978421130585e+00,2.968774194603998051e-01,2.242672635830787187e-01,7.399401456301275548e-01
2.040000000000000213e+01,1.328179141742449332e+00,2.963564195317945904e-01,2.237591255316379313e-01,7.385363158177743470e-01
2.050000000000000000e+01,1.329353552836744612e+00,2.963499733047291196e-01,2.231067002436292190e-01,7.379068405700029976e-01
2.060000000000000142e+01,1.328183057030174696e+00,2.966119072115035449e-01,2.245175805004458736e-01,7.382960008847589961e-01
2.070000000000000284e+01,1.329076341124336924e+00,2.971919243854542203e-01,2.268494066825234023e-01,7.401979922569718040e-01
2.080000000000000071e+01,1.331525576231673336e+00,2.980553843362701572e-01,2.272602332946675463e-01,7.438117931591707865e-01
2.090000000000000213e+01,1.335417264109940438e+00,2.981749377929139855e-01,2.254166780038906193e-01,7.452672530706829779e-01
2.100000000000000000e+01,1.335364012507108900e+00,2.975564122714150495e-01,2.248761029183347915e-01,7.456726738732947224e-01
2.110000000000000142e+01,1.337249243131582777e+00,2.974771396239295762e-01,2.236335775153713012e-01,7.477237877784094211e-01
2.120000000000000284e+01,1.334948888122425625e+00,2.970490816458103422e-01,2.233588619336290826e-01,7.496829063782225466e-01
2.130000000000000071e+01,1.336162761814527977e+00,2.964944833774078026e-01,2.240133025249599341e-01,7.508918282935729271e-01
2.140000000000000213e+01,1.335345481047971905e+00,2.966704730758111808e-01,2.236805872750509128e-01,7.524033537849718067e-01
2.150000000000000000e+01,1.332755934663924613e+00,2.973422493925674814e-01,2.233904620894704152e-01,7.549110413391092456e-01
2.160000000000000142e+01,1.332819434586675067e+00,2.978535955133516100e-01,2.229316209417369354e-01,7.569140886792919964e-01
2.170000000000000284e+01,1.337335156585578666e+00,2.998724455857324500e-01,2.239169302458395849e-01,7.605965276436769118e-01
2.180000000000000071e+01,1.338686978953093076e+00,3.016338162377848464e-01,2.246586568268493789e-01,7.636456615867643904e-01
2.190000000000000213e+01,1.339512932364373521e+00,3.032534403415206303e-01,2.264645965511125070e-01,7.670885777248814819e-01
2.200000000000000000e+01,1.339128245534385364e+00,3.045090202602381280e-01,2.264705419453216240e-01,7.702100746628894878e-01
2.210000000000000142e+01,1.341827406617174923e+00,3.063330991499086942e-01,2.282761017142644899e-01,7.729133096965691285e-01
2.220000000000000284e+01,1.342598464792962965e+00,3.082180448640761128e-01,2.295341052075637045e-01,7.751784159763155380e-01
2.230000000000000071e+01,1.345712355072471667e+00,3.093770122516249499e-01,2.316011306810720205e-01,7.766516821569323659e-01
2.240000000000000213e+01,1.349964107492965582e+00,3.099804392042415646e-01,2.334908978128392154e-01,7.777860437892409884e-01
2.250000000000000000e+01,1.354719514526258051e+00,3.104386082215301879e-01,2.322434163342795288e-01,7.792280598903311706e-01
2.260000000000000142e+01,1.356931978262104321e+00,3.096858266283996630e-01,2.301685597247008774e-01,7.795170419330170741e-01
2.270000000000000284e+01,1.361059298735920020e+00,3.091463264616636231e-01,2.294430119819824421e-01,7.805327475585420727e-01
2.280000000000000071e+01,1.363263236568248660e+00,3.094219299827594138e-01,2.283568246331236506e-01,7.813605543670192333e-01
2.290000000000000213e+01,1.364095530288181424e+00,3.102726265328266675e-01,2.284897191611167111e-01,7.824099282211816053e-01
2.300000000000000000e+01,1.364018476342174546e+00,3.111706743918271068e-01,2.304599737530498571e-01,7.838964340743671544e-01
2.310000000000000142e+01,1.364092009332825040e+00,3.105409792071841535e-01,2.310791426150305139e-01,7.838850880404490962e-01
2.320000000000000284e+01,1.366547210017287517e+00,3.092368727911145032e-01,2.312188266884449561e-01,7.829470023966452752e-01
2.330000000000000071e+01,1.366065784108878356e+00,3.084355376909058699e-01,2.299471194524916606e-01,7.821506339773401928e-01
2.340000000000000213e+01,1.368767319651105652e+00,3.080571962404459740e-01,2.301690843490475646e-01,7.825792656750163445e-01
2.350000000000000000e+01,1.371410988639932160e+00,3.081133676937924948e-01,2.307994183115914810e-01,7.837917874680891961e-01
2.360000000000000142e+01,1.372873300027293464e+00,3.085875202888004321e-01,2.322069367463927281e-01,7.867969323480339394e-01
2.370000000000000284e+01,1.374595205661385933e+00,3.103553843897532416e-01,2.317389145673618978e-01,7.899075603715686178e-01
2.380000000000000071e+01,1.378298128244450860e+00,3.114251855427084825e-01,2.310339588654273246e-01,7.924708739286723258e-01
2.390000000000000213e+01,1.382988992557076635e+00,3.123444057579664035e-01,2.302791036801027369e-01,7.952701148957943555e-01
2.400000000000000000e+01,1.384790922906169675e+00,3.143773893033968703e-01,2.328391855541070699e-01,7.986293182400139301e-01
2.410000000000000142e+01,1.387265155680876605e+00,3.153682110286050722e-01,2.342678610605302414e-01,8.001465094874363748e-01
2.420000000000000284e+01,1.388804318708654284e+00,3.156389653281507779e-01,2.349297515566211025e-01,8.012256213079896883e-01
2.430000000000000071e+01,1.386064307083789693e+00,3.156455514472574220e-01,2.327196778168297286e-01,8.007407054042745553e-01
2.440000000000000213e+01,1.389423223888914594e+00,3.157013376523844506e-01,2.317017224162848110e-01,8.019536271682563555e-01
2.450000000000000000e+01,1.390092628637421779e+00,3.165506958115073544e-01,2.334010115383775841e-01,8.042083919647842194e-01
2.460000000000000142e+01,1.391619200285207913e+00,3.170360620715782507e-01,2.336373369139009837e-01,8.057151145363219413e-01
2.470000000000000284e+01,1.392468661472623603e+00,3.170659339193146464e-01,2.333672988738219600e-01,8.053205078451339816e-01
2.480000000000000071e+01,1.391960564565606573e+00,3.178068953404928898e-01,2.343726510140838604e-01,8.045820089482961235e-01
2.490000000000000213e+01,1.394495451184350809e+00,3.189687942166942736e-01,2.351083116542323215e-01,8.055890962176224246e-01
2.500000000000000000e+01,1.395969630896640501e+00,3.193739003876287508e-01,2.357868166748383065e-01,8.081712013418225204e-01
2.510000000000000142e+01,1.400308826842657561e+00,3.201542368711975395e-01,2.359564997720110802e-01,8.099718750772740838e-01
2.520000000000000284e+01,1.403352598161810239e+00,3.205336071894880345e-01,2.371006620011079646e-01,8.106999448992535662e-01
2.530000000000000071e+01,1.405316499607166758e+00,3.204049646854460476e-01,2.363218834078071040e-01,8.101587763189834757e-01
2.540000000000000213e+01,1.409554868250154636e+00,3.197749332972972258e-01,2.359266116530969737e-01,8.102229838313349530e-01
2.550000000000000000e+01,1.406613185144289568e+00,3.186192979710915085e-01,2.360704445752360991e-01,8.079631323094261797e-01
2.560000000000000142e+01,1.402618102934458433e+00,3.179140141590590662e-01,2.348531347697701277e-01,8.070250852677499642e-01
2.570000000000000284e+01,1.404907847912538976e+00,3.173577605116172373e-01,2.354316428544886985e-01,8.078537812841668497e-01
2.580000000000000071e+01,1.400517823965378161e+00,3.172156178242693247e-01,2.351208587631291869e-01,8.087113525761374655e-01
2.590000000000000213e+01,1.401938685303712351e+00,3.172588458920810317e-01,2.363763406876100148e-01,8.090325712878455588e-01
2.600000000000000000e+01,1.403881985610319516e+00,3.175029432186575740e-01,2.359644206649638698e-01,8.088009075441664475e-01
2.610000000000000142e+01,1.402621372878110062e+00,3.174714945391918786e-01,2.370001958825438126e-01,8.082000726742392116e-01
2.620000000000000284e+01,1.403605209188027558e+00,3.170764584204141534e-01,2.359034885122603398e-01,8.079142577860125574e-01
2.630000000000000071e+01,1.401211529675338907e+00,3.164755515807249897e-01,2.335501400701146257e-01,8.084590822545818511e-01
2.640000000000000213e+01,1.402826687895174507e+00,3.163892558611366423e-01,2.324583218760709058e-01,8.110136067480091526e-01
2.650000000000000000e+01,1.405391480597788956e+00,3.176973615404056206e-01,2.339876179459661754e-01,8.141288141093330211e-01
2.660000000000000142e+01,1.405209682910303126e+00,3.193297594739286094e-01,2.343882211253446035e-01,8.169508511127661077e-01
2.670000000000000284e+01,1.411072034563687128e+00,3.206381298494266896e-01,2.339387417772143263e-01,8.206707005160451818e-01
2.680000000000000071e+01,1.411899764533187662e+00,3.221232551936348831e-01,2.342681200672272757e-01,8.233666148814228203e-01
2.690000000000000213e+01,1.414848007334477575e+00,3.238429969887816617e-01,2.359579939154534678e-01,8.261110606686904445e-01
2.700000000000000000e+01,1.417664911596150601e+00,3.247519539990632031e-01,2.372296935234745885e-01,8.275815800118127008e-01
2.710000000000000142e+01,1.420110876974378655e+00,3.245993674190415512e-01,2.368942918530533848e-01,8.274697806585173954e-01
2.720000000000000284e+01,1.421994348870186498e+00,3.236057617314510582e-01,2.342423612765425212e-01,8.266245195265949919e-01
2.730000000000000071e+01,1.426858285699961204e+00,3.236765202538226527e-01,2.344981227874018415e-01,8.274038575154057940e-01
2.740000000000000213e+01,1.429550143922605043e+00,3.233766340385443305e-01,2.337086505438731310e-01,8.273423371521386738e-01
2.750000000000000000e+01,1.433511783619782598e+00,3.222530800383875960e-01,2.334079987404058809e-01,8.269601354367626111e-01
2.760000000000000142e+01,1.434074568068840927e+00,3.210111660733285244e-01,2.325142720720753398e-01,8.259842370485180885e-01
2.770000000000000284e+01,1.432737730795045072e+00,3.197390543847367095e-01,2.323233279792464856e-01,8.255724628959610900e-01
2.780000000000000071e+01,1.433304351100409546e+00,3.187439767516295763e-01,2.287390474946171537e-01,8.251629822110261303e-01
2.790000000000000213e+01,1.432986074698341605e+00,3.183223520529571138e-01,2.290900924931195959e-01,8.249055955173295596e-01
2.800000000000000000e+01,1.432993431470193979e+00,3.182112598816955185e-01,2.290875426001293957e-01,8.254681986083505230e-01
2.810000000000000142e+01,1.436835167005315661e+00,3.182490940366915488e-01,2.299569120932138944e-01,8.246680370498216117e-01
2.820000000000000284e+01,1.437193969462197796e+00,3.184468072961063601e-01,2.292173659098215022e-01,8.249793854269384941e-01
2.830000000000000071e+01,1.440430661555814673e+00,3.194544331357893618e-01,2.301683902173031482e-01,8.263434163121093912e-01
2.840000000000000213e+01,1.441783911682888331e+00,3.217345776944504632e-01,2.326695632022234006e-01,8.287000262077790502e-01
2.850000000000000000e+01,1.442237703692942352e+00,3.229986216596891224e-01,2.335103594051512188e-01,8.301491810287219275e-01
2.860000000000000142e+01,1.442889160135418125e+00,3.242086322081006999e-01,2.341807694112590377e-01,8.309581558469744111e-01
2.870000000000000284e+01,1.444505294056120048e+00,3.255805491391658979e-01,2.354080698854044418e-01,8.323124524134459801e-01
2.880000000000000071e+01,1.444470905245409886e+00,3.258023973264321249e-01,2.365542511528133107e-01,8.334336228151554282e-01
2.890000000000000213e+01,1.445656996969427066e+00,3.244676248703419752e-01,2.364399521525441250e-01,8.334380689119343932e-01
2.900000000000000000e+01,1.443946659393152032e+00,3.234314833791560595e-01,2.346867499370993426e-01,8.331907482745947169e-01
2.910000000000000142e+01,1.441060899708767717e+00,3.218222384174856399e-01,2.322773566864570205e-01,8.317138041172005281e-01
2.920000000000000284e+01,1.441922812857372227e+00,3.199615098471422225e-01,2.307423998762845874e-01,8.311236479024792789e-01
2.930000000000000071e+01,1.444097000994444935e+00,3.189453109435103628e-01,2.301057137588755352e-01,8.316423597232530662e-01
2.940000000000000213e+01,1.446375818103556421e+00,3.176249797339400494e-01,2.299463562992564991e-01,8.327240173452630234e-01
2.950000000000000000e+01,1.449222705629622077e+00,3.170785519262378505e-01,2.285100102694887503e-01,8.332691583233347021e-01
2.960000000000000142e+01,1.452675839214103259e+00,3.188286713059027555e-01,2.284695590871402560e-01,8.342701592474792704e-01
2.970000000000000284e+01,1.456490064092473391e+00,3.210316974464325068e-01,2.309900596404002027e-01,8.372654327295120380e-01
2.980000000000000071e+01,1.457196893007028926e+00,3.232906035697116209e-01,2.316127853893342747e-01,8.407451873957435540e-01
2.990000000000000213e+01,1.459673004522691331e+00,3.252859485481867652e-01,2.332477878863497833e-01,8.440684185918455595e-01
3.000000000000000000e+01,1.461384021892259799e+00,3.276053926737942934e-01,2.346116407936850723e-01,8.488063301447175135e-01
3.010000000000000142e+01,1.465380499930017066e+00,3.290242603995248150e-01,2.360829762963837786e-01,8.526161380823047420e-01
3.020000000000000284e+01,1.473143167508778939e+00,3.301914156489274554e-01,2.361051617787904289e-01,8.555409514112929381e-01
3.030000000000000071e+01,1.476770564747441394e+00,3.309843737630741578e-01,2.354683215509230376e-01,8.574354205836740572e-01
3.040000000000000213e+01,1.475385359280219966e+00,3.303530012932210935e-01,2.331093267879923714e-01,8.574567761891858098e-01
3.050000000000000000e+01,1.477197536922501442e+00,3.295890809218450235e-01,2.333695213242487909e-01,8.580753509963483516e-01
3.060000000000000142e+01,1.479501741080317956e+00,3.283093482523444240e-01,2.338499857245363855e-01,8.586587958344498173e-01
3.070000000000000284e+01,1.481183688339993809e+00,3.269872742342376792e-01,2.331820513936226080e-01,8.579196981775019104e-01
3.080000000000000071e+01,1.478608327754848517e+00,3.257796991347908233e-01,2.316457098748523902e-01,8.570278201340489899e-01
3.090000000000000213e+01,1.479026878447994964e+00,3.254963751024978480e-01,2.319916061224179260e-01,8.568333397325611500e-01
3.100000000000000000e+01,1.480910420294696550e+00,3.250905641358620701e-01,2.315778822608392240e-01,8.576300247845621838e-01
3.110000000000000142e+01,1.483635560658259189e+00,3.247155602964312271e-01,2.317034850724265793e-01,8.573160562378179250e-01
3.120000000000000284e+01,1.486864304113565849e+00,3.253003218445524869e-01,2.333533511775701674e-01,8.586433351078697207e-01
3.130000000000000071e+01,1.493226783773692778e+00,3.263862540998292427e-01,2.309303207709240691e-01,8.606897561135089525e-01
3.140000000000000213e+01,1.493995501974192175e+00,3.271154544140739140e-01,2.310204221825034598e-01,8.611213482288095911e-01
3.150000000000000000e+01,1.496936811949262980e+00,3.284372628114723414e-01,2.331467848511844243e-01,8.615170544472008363e-01
3.160000000000000142e+01,1.502230083382757986e+00,3.304323210023819568e-01,2.353462075643232287e-01,8.645001085325911827e-01
3.170000000000000284e+01,1.506457574261207188e+00,3.308281723174498201e-01,2.345513212614963872e-01,8.670049323410954356e-01
3.180000000000000071e+01,1.510787983135541523e+00,3.320260134666410123e-01,2.353948981052388367e-01,8.690372630228436757e-01
3.190000000000000213e+01,1.511040569873468131e+00,3.323952001416564106e-01,2.347965186415400252e-01,8.708528592332956952e-01
3.200000000000000000e+01,1.512166749993090198e+00,3.317475326493736776e-01,2.321235495601697285e-01,8.703131123408878178e-01
3.210000000000000142e+01,1.511521474255651087e+00,3.297510688699664128e-01,2.318333308916830371e-01,8.681216654795138599e-01
3.220000000000000284e+01,1.514271289102601781e+00,3.277311753202987732e-01,2.318428518243713932e-01,8.669472383444736252e-01
3.230000000000000426e+01,1.517481097324476114e+00,3.264626781233470054e-01,2.323289491031769460e-01,8.665634345721189291e-01
3.239999999999999858e+01,1.523681354633874774e+00,3.265087575386951824e-01,2.329609716397705588e-01,8.680611566787196365e-01
3.250000000000000000e+01,1.531111943795938179e+00,3.273179568415461871e-01,2.329049768624692762e-01,8.704941317278561685e-01
3.260000000000000142e+01,1.526748054825209922e+00,3.283664238288522830e-01,2.313388523620213133e-01,8.728103334966641480e-01
3.270000000000000284e+01,1.527214958892879837e+00,3.289983007216032429e-01,2.310193642281490600e-01,8.732415700121844981e-01
3.280000000000000426e+01,1.530408424676043433e+00,3.286723696118539206e-01,2.311659420373939622e-01,8.734717799263662652e-01
3.289999999999999858e+01,1.532793818012162967e+00,3.286941303725623431e-01,2.307285401088966514e-01,8.747378240515190084e-01
3.300000000000000000e+01,1.532412528009352348e+00,3.291909946138284471e-01,2.304764905093527882e-01,8.756239220869402873e-01
3.310000000000000142e+01,1.536415740535003405e+00,3.289095549165952925e-01,2.325867200040207528e-01,8.749361775300749100e-01
3.320000000000000284e+01,1.538469599063498672e+00,3.285352272305995247e-01,2.315516115560743715e-01,8.748650374405696484e-01
3.330000000000000426e+01,1.542207221606397560e+00,3.295119710368247246e-01,2.322575302160446442e-01,8.755454245306673045e-01
3.339999999999999858e+01,1.542823632247363630e+00,3.300833963749734146e-01,2.304932876387484342e-01,8.764970414221802120e-01
3.350000000000000000e+01,1.546418966349388802e+00,3.302772056124171907e-01,2.295367985668050337e-01,8.779878914853102012e-01
3.360000000000000142e+01,1.550941877807279656e+00,3.297094529194991019e-01,2.282919246362391796e-01,8.781464301686499052e-01
3.370000000000000284e+01,1.552329095950653493e+00,3.284835827372933337e-01,2.270894649561514822e-01,8.768331207412022321e-01
3.380000000000000426e+01,1.556154345791412874e+00,3.288416061768904552e-01,2.295171850192410656e-01,8.757301074547989561e-01
3.389999999999999858e+01,1.555962810696077891e+00,3.280923848506097085e-01,2.301620455043102698e-01,8.761205222658424718e-01
3.400000000000000000e+01,1.561853720065819795e+00,3.281276371672946501e-01,2.313888222343420953e-01,8.768963428815979011e-01
3.410000000000000142e+01,1.566230483052279299e+00,3.293112384630233480e-01,2.326983069847217422e-01,8.780930702233493701e-01
3.420000000000000284e+01,1.571171269750098798e+00,3.293644744510263456e-01,2.325427536935982809e-01,8.789382627588462338e-01
3.430000000000000426e+01,1.570896018933851224e+00,3.283009549317807974e-01,2.316667060810438383e-01,8.786144515056751869e-01
3.439999999999999858e+01,1.574615478171318861e+00,3.276642714167790627e-01,2.316043111962570733e-01,8.787596066129802486e-01
3.450000000000000000e+01,1.582436632915046104e+00,3.276948379330469896e-01,2.303757522825028992e-01,8.801144907721285549e-01
3.460000000000000142e+01,1.587990007140953175e+00,3.286588327269725496e-01,2.307329711141212214e-01,8.818698193739559210e-01
3.470000000000000284e+01,1.591270496210553498e+00,3.299134178100321946e-01,2.297954974644022541e-01,8.855727697133146670e-01
3.480000000000000426e+01,1.596993737993686047e+00,3.311943828755775643e-01,2.308581643088002955e-01,8.887023728208055529e-01
3.489999999999999858e+01,1.600448134892656915e+00,3.319051418685409760e-01,2.318659324312139780e-01,8.911860527144036537e-01
3.500000000000000000e+01,1.601089153930420839e+00,3.317004140958576541e-01,2.315989873817225764e-01,8.919239350868097826e-01
3.510000000000000142e+01,1.607420580423033707e+00,3.309913372877775761e-01,2.326981175302717808e-01,8.923002244114840442e-01
3.520000000000000284e+01,1.610376869255761179e+00,3.311879140653175013e-01,2.337971937089208530e-01,8.926193250756239150e-01
3.530000000000000426e+01,1.613424563015107394e+00,3.316063299353002036e-01,2.324295049846433481e-01,8.929898427051821130e-01
3.539999999999999858e+01,1.615336715009210833e+00,3.323538448136222345e-01,2.327532714008297976e-01,8.943509268943743429e-01
3.550000000000000000e+01,1.618107658362121448e+00,3.334396238752517783e-01,2.326301072468789366e-01,8.960409906690088855e-01
3.560000000000000142e+01,1.621257918526688657e+00,3.347800964868410389e-01,2.344192873146847822e-01,8.976911796955173717e-01
3.570000000000000284e+01,1.621520505469156603e+00,3.348644382585365675e-01,2.352558752707104850e-01,8.993690381296575165e-01
3.580000000000000426e+01,1.626050969989723427e+00,3.350844553588840369e-01,2.341439569300043932e-01,9.014750293562944217e-01
3.589999999999999858e+01,1.624983694866903861e+00,3.342608062104827638e-01,2.333681072022192049e-01,9.008513509785425200e-01
3.600000000000000000e+01,1.621251179767658757e+00,3.330402981119306993e-01,2.329753364603148746e-01,8.999162424811396610e-01
3.610000000000000142e+01,1.619341343102224773e+00,3.329514309754750823e-01,2.343546800886711634e-01,9.006925102834386632e-01
3.620000000000000284e+01,1.620001077863634675e+00,3.331383389317563171e-01,2.336312500485036026e-01,9.014411757935023584e-01
3.630000000000000426e+01,1.626225804272122044e+00,3.344931203020967136e-01,2.348895843084237156e-01,9.033937039428685534e-01
3.639999999999999858e+01,1.627273794373868876e+00,3.360640376699156051e-01,2.357310448607721765e-01,9.055202120059564486e-01
3.650000000000000000e+01,1.632007383304346915e+00,3.376137678407673537e-01,2.371613625889069932e-01,9.083566413771907433e-01
3.660000000000000142e+01,1.637478667666274701e+00,3.387221039702746350e-01,2.378371915528288694e-01,9.103340724491120195e-01
3.670000000000000284e+01,1.639377031606868318e+00,3.386514218851223723e-01,2.378436171527174292e-01,9.109714698792784615e-01
3.680000000000000426e+01,1.639755407888374705e+00,3.366225428379701623e-01,2.373482921000462653e-01,9.098472322254222977e-01
3.689999999999999858e+01,1.639976901818231525e+00,3.340937697207135293e-01,2.351088254960900514e-01,9.073619534134041986e-01
3.700000000000000000e+01,1.638748577606788936e+00,3.323721840740844757e-01,2.338872099299927898e-01,9.055457096268549888e-01
3.710000000000000142e+01,1.636549743426488179e+00,3.319486268744231139e-01,2.339578053702228710e-01,9.051681363243233580e-01
3.720000000000000284e+01,1.636807691600079107e+00,3.321419073002055411e-01,2.320875618504280036e-01,9.052373938970600387e-01
3.730000000000000426e+01,1.635051247553087395e+00,3.333447070358342978e-01,2.340482426089747769e-01,9.065946752830653654e-01
3.739999999999999858e+01,1.631859158454836978e+00,3.346530490151460313e-01,2.332660844402493772e-01,9.102590734538855699e-01
3.750000000000000000e+01,1.628455997102874253e+00,3.351792428466413565e-01,2.334279739261920228e-01,9.116724115558317854e-01
3.760000000000000142e+01,1.629124815424072503e+00,3.340845016239520349e-01,2.323056217346714247e-01,9.109209261368206301e-01
3.770000000000000284e+01,1.625364799166514329e+00,3.321548624750564338e-01,2.313380012454890056e-01,9.089397664291515300e-01
3.780000000000000426e+01,1.625793011091191564e+00,3.308039943169323593e-01,2.308537222502273500e-01,9.069215840767045345e-01
3.789999999999999858e+01,1.625640614569262787e+00,3.308936120962209237e-01,2.324597333244679265e-01,9.067575120217387097e-01
3.800000000000000000e+01,1.625021709975626782e+00,3.307834536458726382e-01,2.317740275808275463e-01,9.078359298807848754e-01
3.810000000000000142e+01,1.623512162923714808e+00,3.320751132306644648e-01,2.304437392906404647e-01,9.115529742523902357e-01
3.820000000000000284e+01,1.623602835876022166e+00,3.342711041323824239e-01,2.312151768323560119e-01,9.136593165347235423e-01
3.830000000000000426e+01,1.627070866446575392e+00,3.359822175183923010e-01,2.333291382463974772e-01,9.155102702558651773e-01
3.840000000000000568e+01,1.623606802569964147e+00,3.381000283995448941e-01,2.357222366931363555e-01,9.162379607319396380e-01
3.850000000000000000e+01,1.624540441638699928e+00,3.408006150258662825e-01,2.390070227490787014e-01,9.180044116918238961e-01
3.860000000000000142e+01,1.622768687263375531e+00,3.420572713609489890e-01,2.408977310752365153e-01,9.198561206851978422e-01
3.870000000000000284e+01,1.623539250862066741e+00,3.425275539226476096e-01,2.392781967820989120e-01,9.213365208688426566e-01
3.880000000000000426e+01,1.622524799902241632e+00,3.422777140545013030e-01,2.384888993230171728e-01,9.225633965527669789e-01
3.890000000000000568e+01,1.624572489403347308e+00,3.411780335160938260e-01,2.380793357861436255e-01,9.244523993181142929e-01
3.900000000000000000e+01,1.623875457303100234e+00,3.398259135290197519e-01,2.377165474892569963e-01,9.250883362875128579e-01
3.910000000000000142e+01,1.621858455807129396e+00,3.393507756718142088e-01,2.353721545794910941e-01,9.245395278784851456e-01
3.920000000000000284e+01,1.622990611591985877e+00,3.387265626254292172e-01,2.359154058134068366e-01,9.252456676393968626e-01
3.930000000000000426e+01,1.625001468014609207e+00,3.375225610051156289e-01,2.346628193343031910e-01,9.251211412732064376e-01
3.940000000000000568e+01,1.621094039937292175e+00,3.364326984014638366e-01,2.329590310146745502e-01,9.236234987520256512e-01
3.950000000000000000e+01,1.620896319761221616e+00,3.355087463179312057e-01,2.326786368437969987e-01,9.218480513868986259e-01
3.960000000000000142e+01,1.624231597339570010e+00,3.357431625637432027e-01,2.333399918197874845e-01,9.217674735138446929e-01
3.970000000000000284e+01,1.621975681399567382e+00,3.361994706289611057e-01,2.334162557933535664e-01,9.219968697587954676e-01
3.980000000000000426e+01,1.621755047886488388e+00,3.365378803496999471e-01,2.334895975039295302e-01,9.225092864278151561e-01
3.990000000000000568e+01,1.619672498510938974e+00,3.370721983321708914e-01,2.325239504902642529e-01,9.222659746940189418e-01
4.000000000000000000e+01,1.617852339304316933e+00,3.378460454938589930e-01,2.343855356130211953e-01,9.227263637930518403e-01
4.010000000000000142e+01,1.622060453256431778e+00,3.376451629589080627e-01,2.355824012828034719e-01,9.215327365431196238e-01
4.020000000000000284e+01,1.621894848765763175e+00,3.359584166858376464e-01,2.339639185262700483e-01,9.185864617443325608e-01
4.030000000000000426e+01,1.619840614194562933e+00,3.345079424706540738e-01,2.324675229128352616e-01,9.187746014087661006e-01
4.040000000000000568e+01,1.622555005109112880e+00,3.340948716597162416e-01,2.328031763072997140e-01,9.211787723377299342e-01
4.050000000000000000e+01,1.625255461735847673e+00,3.344121469321208462e-01,2.325674909821482117e-01,9.218631560920371726e-01
4.060000000000000142e+01,1.625599902351619219e+00,3.345887658592479608e-01,2.320129555381871544e-01,9.221468694110591668e-01
4.070000000000000284e+01,1.628183610362760492e+00,3.350815796930100010e-01,2.321377380985050753e-01,9.242042618216906869e-01
4.080000000000000426e+01,1.633105238773580936e+00,3.360043595974383512e-01,2.323526050459382986e-01,9.261539394249862500e-01
4.090000000000000568e+01,1.637984074613508367e+00,3.361283154628564862e-01,2.324866801431064167e-01,9.251689137461127643e-01
4.100000000000000000e+01,1.638544632454497663e+00,3.362899732595946434e-01,2.329294379454136255e-01,9.258324125590622344e-01
4.110000000000000142e+01,1.642883837506143196e+00,3.366617545501924824e-01,2.341845218668674178e-01,9.278285477821853755e-01
4.120000000000000284e+01,1.642505581053892660e+00,3.376249405488246369e-01,2.361146743739883369e-01,9.306438919382320485e-01
4.130000000000000426e+01,1.645165003315447905e+00,3.393784409021425863e-01,2.381446185909767144e-01,9.352708095738246907e-01
4.140000000000000568e+01,1.646039168301213884e+00,3.417244933534460127e-01,2.387150577209739832e-01,9.405547237647505776e-01
4.150000000000000000e+01,1.648353689896402408e+00,3.447452054713890379e-01,2.396748931384633519e-01,9.445652533767401327e-01
4.160000000000000142e+01,1.650485377402020948e+00,3.482282571889165901e-01,2.421493655869937922e-01,9.484290653459859222e-01
4.170000000000000284e+01,1.653841692488943638e+00,3.499323698367532431e-01,2.422526950714376237e-01,9.504639218240962251e-01
4.180000000000000426e+01,1.657253565290927710e+00,3.496076138417370527e-01,2.445196033690862913e-01,9.508526601892540731e-01
4.190000000000000568e+01,1.663497979837886387e+00,3.497675117844827319e-01,2.448022457725897716e-01,9.512133820701903497e-01
4.200000000000000000e+01,1.666373026476906993e+00,3.494349014110977314e-01,2.436875293758592187e-01,9.507897780242265950e-01
4.210000000000000142e+01,1.663761215920928960e+00,3.485535238772625166e-01,2.419893211488854667e-01,9.495346615989617156e-01
4.220000000000000284e+01,1.661580399660929297e+00,3.469171990694164820e-01,2.402265539438218911e-01,9.489501910264096507e-01
4.230000000000000426e+01,1.661661346538096717e+00,3.447818468140127490e-01,2.391045663281327616e-01,9.477894859762419077e-01
4.240000000000000568e+01,1.663340820171223200e+00,3.433337105401001454e-01,2.390106766739218958e-01,9.469103693364816499e-01
4.250000000000000000e+01,1.662928931300047486e+00,3.418593582744781090e-01,2.373750588632518865e-01,9.461308830928637503e-01
4.260000000000000142e+01,1.660178897672477394e+00,3.409792631517229999e-01,2.348291818130467945e-01,9.440445074588716956e-01
4.270000000000000284e+01,1.663751398493166667e+00,3.408299742553702605e-01,2.342272272804712674e-01,9.427130115622529560e-01
4.280000000000000426e+01,1.667172452948362471e+00,3.407894062941533297e-01,2.362946016356250734e-01,9.424065849375313775e-01
4.290000000000000568e+01,1.662395281784422307e+00,3.422829386865552936e-01,2.386777868296998673e-01,9.436946264736018053e-01
4.300000000000000000e+01,1.666085824435482587e+00,3.441685638694716998e-01,2.389473625945982282e-01,9.457915084837157371e-01
4.310000000000000142e+01,1.668337320360839149e+00,3.462126532804658541e-01,2.411483461370644843e-01,9.479551852790458755e-01
4.320000000000000284e+01,1.669629159640953597e+00,3.484832215847909476e-01,2.433156775165722652e-01,9.499998453884642702e-01
4.330000000000000426e+01,1.670815138790392673e+00,3.499748704410745592e-01,2.450091130717720056e-01,9.514964120641128398e-01
4.340000000000000568e+01,1.669715423611080940e+00,3.500475868869146190e-01,2.450470849392298867e-01,9.519126997575310112e-01
4.350000000000000000e+01,1.670323787336364774e+00,3.496473672691151058e-01,2.440200303090444001e-01,9.507860761840405406e-01
4.360000000000000142e+01,1.667952200943274788e+00,3.483496561765232480e-01,2.412188463024003970e-01,9.491454440844829810e-01
4.370000000000000284e+01,1.668706085573980369e+00,3.466943825864786666e-01,2.414758153382677019e-01,9.484497607763903160e-01
4.380000000000000426e+01,1.668941834996770401e+00,3.446838257917561044e-01,2.385285690316020502e-01,9.482842803060289594e-01
4.390000000000000568e+01,1.667836224091439057e+00,3.432839831177215140e-01,2.385370062175221351e-01,9.473318146113571814e-01
4.400000000000000000e+01,1.670011717047944710e+00,3.423030427374510465e-01,2.389877017099135414e-01,9.466836588360266758e-01
4.410000000000000142e+01,1.672486362156206496e+00,3.428337021791256212e-01,2.394959190902479496e-01,9.472178544692587687e-01
4.420000000000000284e+01,1.669880239429133439e+00,3.440792223377659997e-01,2.398800768239643944e-01,9.469696702198355798e-01
4.430000000000000426e+01,1.670785691720140020e+00,3.448977038870343348e-01,2.401590435745309948e-01,9.459030187325722094e-01
4.440000000000000568e+01,1.669907958782655744e+00,3.454541519869510080e-01,2.396403395370809986e-01,9.449514055644555599e-01
4.450000000000000000e+01,1.667827905889954554e+00,3.459328270803381233e-01,2.424759415494005532e-01,9.453643466472526624e-01
4.460000000000000142e+01,1.667357906553373015e+00,3.467580866148387564e-01,2.419318754901215174e-01,9.476278654146208513e-01
4.470000000000000284e+01,1.667790842043665123e+00,3.492675994845640397e-01,2.440009304562325565e-01,9.508264543179176798e-01
4.480000000000000426e+01,1.674195571855887632e+00,3.510878246617372689e-01,2.462918419182134888e-01,9.544867366151601473e-01
4.490000000000000568e+01,1.675153514018620005e+00,3.521545476280766862e-01,2.462373998963138799e-01,9.547387279873578159e-01
4.500000000000000000e+01,1.676741105729366410e+00,3.526573515837384543e-01,2.458060186285930537e-01,9.544483612069065703e-01
4.510000000000000142e+01,1.687360466965860839e+00,3.523356068833274901e-01,2.466960552335991097e-01,9.557658850576622456e-01
4.520000000000000284e+01,1.693005019674789002e+00,3.512957801161686877e-01,2.452661682922252506e-01,9.564267795179212106e-01
4.530000000000000426e+01,1.693921591815845673e+00,3.496754462249001549e-01,2.450366476539856120e-01,9.543661567241913390e-01
4.540000000000000568e+01,1.689663702923838606e+00,3.484992520399861626e-01,2.455524249879103560e-01,9.525317171528108195e-01
4.550000000000000000e+01,1.691485284415785495e+00,3.496446609312582332e-01,2.440261099386836774e-01,9.534270405699453166e-01
4.560000000000000142e+01,1.691084176777814418e+00,3.502359184980975426e-01,2.449936690332452094e-01,9.545291306791537922e-01
4.570000000000000284e+01,1.691118191741277421e+00,3.513571901275567289e-01,2.480571135182882136e-01,9.560014861797103691e-01
4.580000000000000426e+01,1.696724797610038582e+00,3.521302830524589145e-01,2.476365198853409666e-01,9.576639454306946631e-01
4.590000000000000568e+01,1.704745000016563150e+00,3.533873750534684555e-01,2.483409317928772508e-01,9.608808855836277196e-01
4.600000000000000000e+01,1.709761474042683416e+00,3.537768603994765892e-01,2.486410688751316544e-01,9.615756113570407271e-01
4.610000000000000142e+01,1.713753448835343862e+00,3.540955647324449118e-01,2.469970821396139660e-01,9.617251539684957828e-01
4.620000000000000284e+01,1.713888637685024419e+00,3.547005096863267704e-01,2.480948178122913406e-01,9.607542518758810379e-01
4.630000000000000426e+01,1.718485368635230381e+00,3.547819672301308902e-01,2.507940088122223021e-01,9.607346221827639532e-01
4.640000000000000568e+01,1.720961714020278421e+00,3.545397985811838959e-01,2.508427807636017803e-01,9.619026423348387977e-01
4.650000000000000000e+01,1.728854923547476607e+00,3.533379479113361032e-01,2.504514095703528898e-01,9.599608708905515986e-01
4.660000000000000142e+01,1.733503193828686895e+00,3.509111932479229701e-01,2.477407893274727324e-01,9.558927550142709562e-01
4.670000000000000284e+01,1.733029930485129322e+00,3.483193756623275683e-01,2.459658394277110804e-01,9.520424023800581059e-01
4.680000000000000426e+01,1.735312316049411496e+00,3.464970244219041651e-01,2.468172423197006471e-01,9.507139488435716324e-01
4.690000000000000568e+01,1.738229176107421114e+00,3.453809126393603823e-01,2.462107233403897644e-01,9.502030243553299949e-01
4.700000000000000000e+01,1.742369608516562529e+00,3.446831418959592774e-01,2.466697898523450561e-01,9.497156942958160375e-01
4.710000000000000142e+01,1.746073486181575873e+00,3.439737000986654580e-01,2.479031230334501346e-01,9.494290005348039463e-01
4.720000000000000284e+01,1.748456808110206540e+00,3.435789188735792754e-01,2.453562274356439477e-01,9.496966557650842189e-01
4.730000000000000426e+01,1.753662506599806825e+00,3.436338093984805386e-01,2.446047481829445036e-01,9.496501207081970986e-01
4.740000000000000568e+01,1.761430690839914215e+00,3.450667406451226049e-01,2.467420009934377656e-01,9.535395108848445656e-01
4.750000000000000000e+01,1.768045614876652349e+00,3.469688749336788391e-01,2.508886994143557092e-01,9.570761757542962656e-01
4.760000000000000142e+01,1.772819914765417559e+00,3.487581913637913811e-01,2.528506366033329011e-01,9.597707705452134253e-01
4.770000000000000284e+01,1.775588772408138949e+00,3.505527438233308479e-01,2.499285240510655537e-01,9.616732360216851960e-01
4.780000000000000426e+01,1.777840653269001203e+00,3.511928644106135922e-01,2.509761799134636040e-01,9.615611090224950308e-01
4.790000000000000568e+01,1.783688013655771343e+00,3.500917414581297127e-01,2.525421456807266374e-01,9.617073615066308312e-01
4.800000000000000000e+01,1.786972593824888378e+00,3.493449520811504616e-01,2.507213066817041702e-01,9.610398043246904942e-01
4.810000000000000142e+01,1.795527898274175582e+00,3.491219944012978194e-01,2.512335502873776494e-01,9.615555740421632969e-01
4.820000000000000284e+01,1.797657229446383065e+00,3.497247510432645590e-01,2.525584042775078641e-01,9.627530624574285323e-01
4.830000000000000426e+01,1.801217979300160810e+00,3.504371517521192581e-01,2.528971634156022552e-01,9.652617552597513306e-01
4.840000000000000568e+01,1.804407636284563576e+00,3.501901804229497484e-01,2.527627329652535337e-01,9.666072657325863737e-01
4.850000000000000000e+01,1.809483871217303586e+00,3.507625896758251871e-01,2.539671768206465119e-01,9.691207254299931684e-01
4.860000000000000142e+01,1.820668086642865724e+00,3.516914068429760065e-01,2.547368094862074162e-01,9.705070766171440821e-01
4.870000000000000284e+01,1.825351303030529504e+00,3.530044479728673967e-01,2.544213517189810037e-01,9.701756962053605937e-01
4.880000000000000426e+01,1.832178029842760791e+00,3.539580729407919568e-01,2.552519476704321888e-01,9.725484926402735431e-01
4.890000000000000568e+01,1.834659693725971596e+00,3.544324070777645774e-01,2.546904570218209152e-01,9.749040537707341914e-01
4.900000000000000000e+01,1.837891929197217777e+00,3.543355373101038097e-01,2.534147211060895910e-01,9.758916927678220610e-01
4.910000000000000142e+01,1.839985638686249869e+00,3.540008261198608897e-01,2.511512873294023951e-01,9.763394176110919975e-01
4.920000000000000284e+01,1.844314780576638446e+00,3.523173578496789915e-01,2.529264142576851948e-01,9.769450983521910103e-01
4.930000000000000426e+01,1.847195019221069323e+00,3.522673003964816307e-01,2.489137964838942230e-01,9.760909338252514722e-01
4.940000000000000568e+01,1.853032101103720297e+00,3.530316534518462834e-01,2.495418575729839994e-01,9.758689752435609766e-01
4.950000000000000000e+01,1.856506869798483672e+00,3.541496068554463306e-01,2.511519739245763883e-01,9.772896430091709830e-01
4.960000000000000142e+01,1.865374685714771497e+00,3.554406825689493954e-01,2.528435929335847709e-01,9.795986918871072424e-01
4.970000000000000284e+01,1.870001924891860234e+00,3.571678482809508282e-01,2.517759294452633911e-01,9.821529103945511041e-01
4.980000000000000426e+01,1.876872970576588529e+00,3.581398128526506741e-01,2.539128075059906009e-01,9.816662689931981989e-01
4.990000000000000568e+01,1.880892983442145061e+00,3.591938909165019456e-01,2.537645827466875059e-01,9.809524134976310705e-01
5.000000000000000000e+01,1.882108118378984729e+00,3.602595726729105885e-01,2.575834487807657225e-01,9.815742688043379571e-01
5.010000000000000142e+01,1.883937686896996144e+00,3.609043558250245032e-01,2.591365284384020695e-01,9.819145618472210346e-01
5.020000000000000284e+01,1.890626634981514842e+00,3.612714531808662866e-01,2.597499034239372229e-01,9.834772603615059561e-01
5.030000000000000426e+01,1.896565471181937523e+00,3.623810795625958536e-01,2.623830960437871784e-01,9.867578523234288301e-01
5.040000000000000568e+01,1.902742544482582066e+00,3.629141279506594708e-01,2.621982230260298530e-01,9.896335870964620973e-01
5.050000000000000000e+01,1.906213177330046804e+00,3.631627172134844206e-01,2.607348083487450174e-01,9.906303101403565181e-01
5.060000000000000142e+01,1.908892416849201856e+00,3.621231608548567404e-01,2.584936378380729427e-01,9.914121168908001103e-01
5.070000000000000284e+01,1.915671430182545265e+00,3.617054043221163973e-01,2.578509384956931827e-01,9.907689115933057122e-01
5.080000000000000426e+01,1.916634708983034896e+00,3.613850296842937571e-01,2.568984910067685368e-01,9.891056687143332526e-01
5.090000000000000568e+01,1.925117476236565928e+00,3.606598705262501481e-01,2.561345169301847413e-01,9.880861719845351887e-01
5.100000000000000000e+01,1.929473661846444310e+00,3.606865174884533731e-01,2.592285000310693976e-01,9.899845756536908015e-01
5.110000000000000142e+01,1.932487272994044325e+00,3.607302360389559870e-01,2.581797494538549675e-01,9.921109261945341151e-01
5.120000000000000284e+01,1.933536408902637005e+00,3.603713409559219927e-01,2.569663127707768058e-01,9.934717025939308055e-01
5.130000000000000426e+01,1.933919080404643998e+00,3.606852801619866433e-01,2.546808751811109883e-01,9.946535471906795545e-01
5.140000000000000568e+01,1.938806299822877222e+00,3.599035049509804463e-01,2.557724830717890696e-01,9.946985882787834354e-01
5.150000000000000000e+01,1.939525104999087590e+00,3.609218168333649945e-01,2.563528867565323388e-01,9.953846450563690329e-01
5.160000000000000142e+01,1.945610655603782213e+00,3.638129122613130706e-01,2.564476328910048619e-01,9.991466213568001020e-01
5.170000000000000284e+01,1.951800945007201360e+00,3.638569132167637221e-01,2.599432167395692717e-01,1.001091357997842435e+00
5.180000000000000426e+01,1.957198685466433163e+00,3.633138508338173422e-01,2.599176591657484381e-01,1.000822662919108819e+00
5.190000000000000568e+01,1.958361682412543381e+00,3.632910965648411539e-01,2.578820151056920862e-01,9.993551337912873755e-01
5.200000000000000000e+01,1.964307560006800291e+00,3.637564712392866162e-01,2.591448972927949401e-01,9.998728870756983245e-01
5.210000000000000142e+01,1.967232677447402489e+00,3.641159429944967330e-01,2.603521506084223724e-01,1.001090078257897975e+00
5.220000000000000284e+01,1.970870224599263976e+00,3.636276500559452174e-01,2.608142358617264178e-01,1.001604193471687276e+00
5.230000000000000426e+01,1.973120080218226713e+00,3.627964401149648133e-01,2.625329447639864200e-01,9.998936641993356744e-01
5.240000000000000568e+01,1.977883376303233964e+00,3.618034292283601183e-01,2.625566841881089020e-01,9.992485711266626547e-01
5.250000000000000000e+01,1.979878689249635171e+00,3.614314733941613178e-01,2.612386763126815503e-01,1.001553072614669082e+00
5.260000000000000142e+01,1.983767761419059639e+00,3.614308347129705501e-01,2.614972333884873490e-01,1.002809327220885116e+00
5.270000000000000284e+01,1.988896040980596025e+00,3.623028435476906561e-01,2.614531006962395598e-01,1.005242785157903773e+00
5.280000000000000426e+01,1.995636235032554495e+00,3.633771190646375993e-01,2.613373529167195564e-01,1.007538723444547424e+00
5.290000000000000568e+01,2.006907508877987301e+00,3.666726138571478333e-01,2.639848303965430798e-01,1.013401687278875807e+00
5.300000000000000000e+01,2.021501548883942512e+00,3.689129438079755685e-01,2.648490095136438183e-01,1.017432302996580384e+00
5.310000000000000142e+01,2.032795210128033769e+00,3.703946862132435069e-01,2.660645548793925119e-01,1.018177681557466352e+00
5.320000000000000284e+01,2.033681084652617432e+00,3.719070048512854165e-01,2.668273751702837093e-01,1.020609049211120611e+00
5.330000000000000426e+01,2.039646537540084292e+00,3.737842208674390099e-01,2.697246706758482104e-01,1.023238989511815467e+00
5.340000000000000568e+01,2.047454248420732092e+00,3.747774621906818093e-01,2.692009785225215612e-01,1.023889784835031236e+00
5.350000000000000000e+01,2.055133229773636661e+00,3.739566604031475117e-01,2.696746370583371077e-01,1.025754467604701015e+00
5.360000000000000142e+01,2.057925214246677736e+00,3.728326721121624776e-01,2.677367297200189400e-01,1.026095636533409738e+00
5.370000000000000284e+01,2.059271188463231983e+00,3.704790218906661714e-01,2.652916127642064859e-01,1.024354655774773581e+00
5.380000000000000426e+01,2.065867006716938903e+00,3.680298249520604359e-01,2.631092793990099654e-01,1.023822610022463220e+00
5.390000000000000568e+01,2.065174594711570055e+00,3.655447076442968068e-01,2.644753463926674542e-01,1.021831754358316857e+00
5.400000000000000000e+01,2.064320931332438658e+00,3.650852036370420550e-01,2.633461738221138382e-01,1.019969129216680370e+00
5.410000000000000142e+01,2.062712160372825121e+00,3.654772737214670997e-01,2.624589303983898558e-01,1.020717760696509213e+00
5.420000000000000284e+01,2.071461436839357351e+00,3.654378812878879002e-01,2.612758586001955874e-01,1.021348295602629408e+00
5.430000000000000426e+01,2.073343520908610849e+00,3.661008335614210907e-01,2.602030151976318928e-01,1.022607475747607575e+00
5.440000000000000568e+01,2.079280079267846748e+00,3.664475650527909689e-01,2.587303304760795730e-01,1.025358099911655163e+00
5.450000000000000000e+01,2.084918013683564997e+00,3.673195706657612636e-01,2.614910602133921902e-01,1.029026658666996719e+00
5.460000000000000142e+01,2.088854839683057740e+00,3.689852980369006108e-01,2.634667539905810041e-01,1.031603589555112110e+00
5.470000000000000284e+01,2.097325341733402571e+00,3.697054522485230255e-01,2.627692037972719774e-01,1.031223948868642770e+00
5.480000000000000426e+01,2.103565498137904832e+00,3.706492392895582300e-01,2.619573151462638028e-01,1.032435737591601566e+00
5.490000000000000568e+01,2.112894809602130053e+00,3.718720137174270635e-01,2.631782824425698553e-01,1.034715057893009771e+00
5.500000000000000000e+01,2.120909937351923791e+00,3.733102256563515242e-01,2.664994171231583886e-01,1.037241639219032452e+00
5.510000000000000142e+01,2.130555694653261778e+00,3.755783405890527060e-01,2.693313440169966544e-01,1.040813765228902232e+00
5.520000000000000284e+01,2.140311621220326810e+00,3.782010566677994623e-01,2.697901983381751356e-01,1.043436636523871419e+00
5.530000000000000426e+01,2.147952790197726447e+00,3.796275377224594960e-01,2.715107963447140338e-01,1.046356828542681638e+00
5.540000000000000568e+01,2.152746836442863021e+00,3.806997232921335850e-01,2.726675172400801483e-01,1.048716382194610164e+00
5.550000000000000000e+01,2.163452786545623674e+00,3.796666772069858253e-01,2.713703579111312325e-01,1.049608815621524860e+00
5.560000000000000142e+01,2.173951622496313796e+00,3.773836735658501751e-01,2.693728505399853312e-01,1.049854781640641832e+00
5.570000000000000284e+01,2.184751761407238035e+00,3.740429660055625827e-01,2.655561969160786795e-01,1.049847990438796286e+00
5.580000000000000426e+01,2.191577768238758495e+00,3.712558329405234447e-01,2.618965582785516277e-01,1.049609177691433803e+00
5.590000000000000568e+01,2.199705553148632031e+00,3.698492396547745087e-01,2.580401359250646398e-01,1.049422046719393542e+00
5.600000000000000000e+01,2.209201310522547868e+00,3.697478986328340267e-01,2.568446003914245934e-01,1.051043997220626469e+00
5.610000000000000142e+01,2.222371227264444915e+00,3.706546601320219736e-01,2.606651822634037940e-01,1.052812648923001637e+00
5.620000000000000284e+01,2.227284170615632330e+00,3.745513493128625471e-01,2.642371300699867809e-01,1.055794787418767644e+00
5.630000000000000426e+01,2.232790093784071228e+00,3.781451917463840018e-01,2.672958765525698110e-01,1.058305660639747847e+00
5.640000000000000568e+01,2.238067438663578379e+00,3.800677254805175931e-01,2.664601087136069246e-01,1.060288930600156387e+00
5.650000000000000000e+01,2.245173109017216007e+00,3.814201079683279816e-01,2.671833225148158020e-01,1.063047507371232880e+00
5.660000000000000142e+01,2.253383676901770549e+00,3.805616681427533288e-01,2.677659756119600831e-01,1.064294267238395042e+00
5.670000000000000284e+01,2.262984391677039131e+00,3.795495412886316089e-01,2.681793292538947604e-01,1.062906214665966020e+00
5.680000000000000426e+01,2.275158970481588661e+00,3.794521056397284209e-01,2.690934039969243852e-01,1.063097894839734492e+00
5.690000000000000568e+01,2.284174884023651320e+00,3.799561486534914212e-01,2.648065189906005923e-01,1.063421561912173852e+00
5.700000000000000000e+01,2.294481798430447306e+00,3.813871679151499272e-01,2.668351812893012265e-01,1.066236749446694443e+00
5.710000000000000142e+01,2.300901168011675324e+00,3.823908820131853847e-01,2.709457700458938745e-01,1.069823776589034159e+00
5.720000000000000284e+01,2.304417380770786394e+00,3.825439258551053268e-01,2.707619279140650037e-01,1.072786326220206865e+00
5.730000000000000426e+01,2.306510413541894788e+00,3.823677063625813277e-01,2.709828027736852496e-01,1.073557421760201303e+00
5.740000000000000568e+01,2.312184474384562094e+00,3.831570283530484899e-01,2.723278253958399953e-01,1.073969954287175010e+00
5.750000000000000000e+01,2.314615936595661339e+00,3.838786242196451926e-01,2.722512343177354022e-01,1.074143790119945319e+00
5.760000000000000142e+01,2.323868259601384878e+00,3.854191140698381424e-01,2.737609318696658245e-01,1.076592138957205513e+00
5.770000000000000284e+01,2.326148795557272386e+00,3.863106682452102092e-01,2.746273233192682572e-01,1.078869303592543405e+00
5.780000000000000426e+01,2.340536183318695507e+00,3.862048099390910649e-01,2.763106136447116556e-01,1.080630351344081808e+00
5.790000000000000568e+01,2.347653850425199806e+00,3.867418244759294188e-01,2.769792179849950298e-01,1.082147538854985269e+00
5.800000000000000000e+01,2.356030408973642132e+00,3.869276074969625334e-01,2.759986441275805724e-01,1.083674721542492669e+00
5.810000000000000142e+01,2.360258034607775279e+00,3.880144296647786151e-01,2.778706802312896906e-01,1.084712610771846109e+00
5.820000000000000284e+01,2.367404937900682516e+00,3.906532011216913292e-01,2.788867583461951405e-01,1.088287179704217511e+00
5.830000000000000426e+01,2.373591332988131075e+00,3.925784294218702675e-01,2.814733604068360151e-01,1.091847437260637932e+00
5.840000000000000568e+01,2.378524345297590603e+00,3.933667659603621303e-01,2.814964637388162050e-01,1.095360755326981517e+00
5.850000000000000000e+01,2.384161635810871704e+00,3.937188464614727046e-01,2.795093590486302237e-01,1.098726311716714088e+00
5.860000000000000142e+01,2.397203743636594275e+00,3.939148493590679534e-01,2.780677144594748129e-01,1.101634611232689132e+00
5.870000000000000284e+01,2.406940970016955728e+00,3.934312633034718343e-01,2.779375288734300398e-01,1.103097267949964877e+00
5.880000000000000426e+01,2.413606586097765128e+00,3.931099071666318556e-01,2.777739719718271272e-01,1.106234092408312941e+00
5.890000000000000568e+01,2.418934081721952456e+00,3.934242285809495532e-01,2.785004275915930472e-01,1.109769668909088791e+00
5.900000000000000000e+01,2.429347756058286567e+00,3.951340152548396545e-01,2.804793002103619926e-01,1.113595467754325163e+00
5.910000000000000142e+01,2.430651674913789861e+00,3.953630598503820037e-01,2.786724328587111277e-01,1.114549380493130570e+00
5.920000000000000284e+01,2.447756583370201966e+00,3.978180594763342515e-01,2.778629747731568567e-01,1.118582627859122436e+00
5.930000000000000426e+01,2.458100838634938778e+00,3.993974707671414381e-01,2.783480252214313166e-01,1.120910227675463000e+00
5.940000000000000568e+01,2.465387766540206638e+00,3.981030592363700160e-01,2.777807068451227379e-01,1.119335590602738684e+00
5.950000000000000000e+01,2.470653381243010482e+00,3.976569712527943112e-01,2.802591100637282784e-01,1.118328933296124150e+00
5.960000000000000142e+01,2.480349769364271317e+00,3.978456587187959026e-01,2.823424772590907850e-01,1.118000918571740998e+00
5.970000000000000284e+01,2.488146288258876737e+00,3.990347306219835799e-01,2.828707724303449744e-01,1.121663623209842253e+00
5.980000000000000426e+01,2.501924178438227120e+00,4.012756423067493916e-01,2.823633420451420184e-01,1.127398362477900040e+00
5.990000000000000568e+01,2.518573645476544165e+00,4.019826182512603041e-01,2.799109165684355860e-01,1.129956643673320160e+00
6.000000000000000000e+01,2.522682755681484146e+00,4.019593365487726944e-01,2.816324213458202275e-01,1.131548969280751660e+00
6.010000000000000142e+01,2.525367177407674912e+00,4.024192208579240315e-01,2.806372315401153283e-01,1.134445411544799276e+00
6.020000000000000284e+01,2.534761322641545966e+00,4.040982401454182860e-01,2.812405249608996849e-01,1.138269202196098284e+00
6.030000000000000426e+01,2.544190066193415145e+00,4.050666184845085338e-01,2.830775751407585417e-01,1.142115934889735840e+00
6.040000000000000568e+01,2.551341930373486111e+00,4.057792070064304979e-01,2.836260580323796687e-01,1.145677046984147740e+00
6.050000000000000000e+01,2.562156807534110570e+00,4.088407528936218172e-01,2.864855629836216000e-01,1.152265245516740366e+00
6.060000000000000142e+01,2.571213962746516035e+00,4.114709881298660443e-01,2.898292980152242793e-01,1.157990967876076915e+00
6.070000000000000284e+01,2.581719845742101338e+00,4.134784251024388180e-01,2.896428726999441539e-01,1.163002202390010176e+00
6.080000000000000426e+01,2.585364247436835239e+00,4.142195427110528239e-01,2.882417376320511870e-01,1.165987788160409044e+00
6.090000000000000568e+01,2.591499122498333918e+00,4.132071188871455636e-01,2.876230409178497927e-01,1.166720009880928943e+00
6.100000000000000000e+01,2.596179337661907560e+00,4.113972266901100294e-01,2.842847156566494782e-01,1.166171797801726751e+00
6.110000000000000142e+01,2.599648860088564994e+00,4.079726056071868445e-01,2.819860507937195226e-01,1.165047114367280034e+00
6.120000000000000284e+01,2.608196717943465082e+00,4.055756277274315535e-01,2.781633561489089690e-01,1.164455969340491892e+00
6.130000000000000426e+01,2.615720534880579873e+00,4.054748244379142164e-01,2.771318652035469343e-01,1.166049350869418300e+00
6.140000000000000568e+01,2.627517854307665157e+00,4.077042391305452096e-01,2.807166235449560787e-01,1.168977082699804937e+00
6.150000000000000000e+01,2.638254393148095289e+00,4.107894130925884846e-01,2.834423612303336726e-01,1.173009582609673807e+00
6.160000000000000142e+01,2.653093832189816759e+00,4.121107699992311857e-01,2.850210786016619258e-01,1.176766057450816527e+00
6.170000000000000284e+01,2.657666619275063535e+00,4.125984943702414309e-01,2.858279606965103414e-01,1.181197335204132726e+00
6.180000000000000426e+01,2.667555692320003669e+00,4.144861983050117105e-01,2.833725973459675362e-01,1.187032134051109189e+00
6.190000000000000568e+01,2.678472937052572167e+00,4.164533374806549948e-01,2.839944898046795063e-01,1.191158125958238889e+00
6.200000000000000000e+01,2.684823709381390699e+00,4.194851873866813907e-01,2.852567867787708100e-01,1.194425682850547732e+00
6.210000000000000142e+01,2.693942770402585563e+00,4.208733543863821258e-01,2.858432223185372600e-01,1.198891122718426017e+00
6.220000000000000284e+01,2.703960139893756942e+00,4.221262161204458740e-01,2.876629265241994471e-01,1.201126500795066443e+00
6.230000000000000426e+01,2.712754313494847302e+00,4.236171602203572806e-01,2.924772189070365402e-01,1.207136479425000353e+00
6.240000000000000568e+01,2.722263520069182263e+00,4.256539881526520408e-01,2.933059676857903142e-01,1.214081616020128207e+00
6.250000000000000000e+01,2.731510407940328289e+00,4.264705032598000156e-01,2.945478894519404367e-01,1.216351565152582692e+00
6.260000000000000142e+01,2.738612539833501724e+00,4.254016000857919200e-01,2.923803580174652028e-01,1.215542103561116694e+00
6.270000000000000284e+01,2.747027086883437441e+00,4.240219831141098239e-01,2.956363453478748071e-01,1.215325537645505882e+00
6.280000000000000426e+01,2.750198818696906855e+00,4.223596951257773680e-01,2.927957785376029132e-01,1.217729685729314948e+00
6.290000000000000568e+01,2.758576194424471772e+00,4.221755107477366264e-01,2.942033677140152292e-01,1.223070367553856563e+00
6.300000000000000000e+01,2.770511632009406977e+00,4.250612754386519643e-01,2.947763362276948906e-01,1.229305943656379574e+00
6.310000000000000142e+01,2.776304069998832613e+00,4.268763537190143897e-01,2.960432908324208134e-01,1.233712667594159429e+00
6.320000000000000284e+01,2.772412750470475640e+00,4.279682990335788584e-01,2.920131544480066288e-01,1.233995986451767779e+00
6.330000000000000426e+01,2.773988795942392116e+00,4.286459584854462879e-01,2.902626194445129260e-01,1.233626576399807551e+00
6.340000000000000568e+01,2.778205688926552508e+00,4.296220056167096568e-01,2.933856841469759669e-01,1.234537211780215804e+00
6.350000000000000000e+01,2.784467773552615988e+00,4.315628852064462007e-01,2.964440462869835646e-01,1.237568991756745840e+00
6.360000000000000142e+01,2.791107369156944351e+00,4.318726639374077525e-01,2.965100643983645812e-01,1.240660976951774686e+00
6.370000000000000284e+01,2.795624242548146565e+00,4.316222909778193451e-01,2.957160066293076928e-01,1.240299733402488780e+00
6.380000000000000426e+01,2.802688133775275148e+00,4.317935477314585602e-01,2.932788768767148890e-01,1.241091469686557813e+00
6.390000000000000568e+01,2.811917653664374850e+00,4.333020194847723161e-01,2.940591033833144241e-01,1.245719664332236354e+00
6.400000000000000000e+01,2.814646115170325924e+00,4.353952095365134500e-01,2.964641704613473205e-01,1.250250141271070925e+00
6.410000000000000853e+01,2.814155798244174722e+00,4.361856942300991191e-01,2.977378495650412349e-01,1.251981557740434292e+00
6.420000000000000284e+01,2.814821219119445939e+00,4.358015556456678596e-01,3.000639434712709663e-01,1.253375646307329339e+00
6.429999999999999716e+01,2.814044277945086492e+00,4.356409873645630260e-01,2.997544140233368015e-01,1.253876435428286085e+00
6.440000000000000568e+01,2.814492668603299386e+00,4.358841922462442509e-01,3.037354279631687692e-01,1.253974989515812988e+00
6.450000000000000000e+01,2.817132245026720661e+00,4.371439573282775992e-01,3.024932697829956774e-01,1.255848304585249320e+00
6.460000000000000853e+01,2.815505320739702722e+00,4.383209147989811094e-01,3.035850978465104433e-01,1.258600779092786448e+00
6.470000000000000284e+01,2.817538155752292273e+00,4.388002558112775175e-01,3.024341059633233741e-01,1.260145294184952913e+00
6.479999999999999716e+01,2.812941423227025783e+00,4.408463582725815622e-01,3.041814744521871838e-01,1.263067995432867185e+00
6.490000000000000568e+01,2.818924347439647704e+00,4.438861821201239288e-01,3.047941311831455780e-01,1.268638479140587805e+00
6.500000000000000000e+01,2.824509718143294990e+00,4.458512003929713807e-01,3.037047207457471698e-01,1.273499713796200750e+00
6.510000000000000853e+01,2.835086850508135470e+00,4.474765825632560645e-01,3.009274371735474185e-01,1.276482212067260313e+00
6.520000000000000284e+01,2.842088983026811011e+00,4.490241217398154849e-01,2.985504065416536568e-01,1.277651666536020025e+00
6.529999999999999716e+01,2.846354496721387406e+00,4.492426916849390217e-01,2.984013384669081947e-01,1.277705744252378040e+00
6.540000000000000568e+01,2.851139973526481963e+00,4.457466524599286162e-01,2.953898101880689797e-01,1.273031149668073958e+00
6.550000000000000000e+01,2.852925703561050241e+00,4.411694563860490415e-01,2.891751662628535002e-01,1.266311890372192828e+00
6.560000000000000853e+01,2.859986204851579839e+00,4.368547547871869385e-01,2.888886660773913317e-01,1.262636777900799645e+00
6.570000000000000284e+01,2.858921694976232608e+00,4.359034747681598265e-01,2.914798542123538949e-01,1.263032872703842902e+00
6.579999999999999716e+01,2.867526789758209294e+00,4.348919739441344801e-01,2.910777738086837152e-01,1.262588403291561967e+00
6.590000000000000568e+01,2.870708717964462586e+00,4.345360454595190158e-01,2.925064903445020459e-01,1.263117557672841951e+00
6.600000000000000000e+01,2.874153681209750122e+00,4.354781961579367033e-01,2.956878482328517133e-01,1.264581047174043515e+00
6.610000000000000853e+01,2.873392771254840383e+00,4.358330107364423167e-01,2.951235134500203028e-01,1.265415295615192059e+00
6.620000000000000284e+01,2.875098756510608755e+00,4.358641145073844925e-01,2.955398005308876308e-01,1.264901336211959881e+00
6.629999999999999716e+01,2.880713450651999796e+00,4.359318776987480826e-01,2.935987586177827291e-01,1.266358031925869154e+00
6.640000000000000568e+01,2.890639757036655766e+00,4.361418525723789741e-01,2.941762956431437370e-01,1.269350628429778860e+00
6.650000000000000000e+01,2.897271408528994119e+00,4.348199259153130991e-01,2.916237905280807396e-01,1.272170404619938466e+00
6.660000000000000853e+01,2.902743959476891344e+00,4.338932301130011271e-01,2.915908604560171757e-01,1.274999926073854706e+00
6.670000000000000284e+01,2.912398794486611653e+00,4.342741552668247240e-01,2.895234094597752272e-01,1.279980684867208840e+00
6.679999999999999716e+01,2.922942348425410675e+00,4.354978556422203773e-01,2.916316044358536752e-01,1.284594456077831293e+00
6.690000000000000568e+01,2.929332581463481855e+00,4.380434316608930456e-01,2.908590975822831215e-01,1.287640980174495464e+00
6.700000000000000000e+01,2.932489798307533313e+00,4.397556043142354931e-01,2.918743087661417324e-01,1.289056609431326272e+00
6.710000000000000853e+01,2.935367860434497267e+00,4.416369851515866141e-01,2.978767517027601786e-01,1.291561146155447037e+00
6.720000000000000284e+01,2.947237391464391010e+00,4.437355123582774064e-01,2.965441906503911706e-01,1.294357357169234835e+00
6.729999999999999716e+01,2.947852098905489271e+00,4.455187281242112274e-01,3.020652303264751426e-01,1.296882907298732901e+00
6.740000000000000568e+01,2.952555975359878460e+00,4.469346431567471356e-01,3.047694283068539400e-01,1.301573312827147166e+00
6.750000000000000000e+01,2.961015691934461014e+00,4.477238297616108476e-01,3.024873147350217728e-01,1.304674353289849043e+00
6.760000000000000853e+01,2.960947331921699011e+00,4.463223423762686659e-01,2.995658754379020849e-01,1.304591159413745816e+00
6.770000000000000284e+01,2.959973993082086974e+00,4.454023462296557989e-01,2.974400404477500759e-01,1.302052705555394319e+00
6.779999999999999716e+01,2.961404743556602437e+00,4.425756760454121475e-01,2.955308306451425171e-01,1.300877379654084676e+00
6.790000000000000568e+01,2.967264545758064642e+00,4.395600149208729879e-01,2.912593958705307906e-01,1.301653534702125636e+00
6.800000000000000000e+01,2.966616831446894587e+00,4.377016229160028971e-01,2.885794784365653953e-01,1.302489911771835818e+00
6.810000000000000853e+01,2.955440525329650292e+00,4.356638626384103374e-01,2.842839682524319067e-01,1.303009994631343815e+00
6.820000000000000284e+01,2.959164394474128823e+00,4.351086462061736215e-01,2.849615340854616541e-01,1.304845465560469986e+00
6.829999999999999716e+01,2.964009712852692768e+00,4.376084800221426985e-01,2.893988670528661600e-01,1.308271290863589620e+00
6.840000000000000568e+01,2.970144375788807967e+00,4.429100985760804354e-01,2.971266015295784824e-01,1.314381405869420982e+00
6.850000000000000000e+01,2.980382449406719925e+00,4.499619138317110800e-01,2.970422352145215550e-01,1.324770683963889306e+00
6.860000000000000853e+01,2.985105566327238780e+00,4.567242359292624787e-01,3.001260186215073400e-01,1.334368480230502252e+00
6.870000000000000284e+01,2.994706433248538691e+00,4.591319973599088944e-01,3.042862883983847855e-01,1.337744999475685592e+00
6.879999999999999716e+01,3.002732057973144464e+00,4.586790165837603128e-01,3.071609285508915543e-01,1.341960443963704508e+00
6.890000000000000568e+01,3.009467111033549358e+00,4.583285928606589676e-01,3.079840513575603511e-01,1.344317753058426046e+00
6.900000000000000000e+01,3.009855661208341804e+00,4.568183203903861123e-01,3.069323676780646992e-01,1.346401256266205770e+00
6.910000000000000853e+01,3.017599354150288793e+00,4.568790125946626812e-01,3.082474267887777009e-01,1.346854233164358483e+00
6.920000000000000284e+01,3.020788355210927367e+00,4.577448127173154857e-01,3.108407016332557227e-01,1.344646582314108274e+00
6.929999999999999716e+01,3.024617040904338694e+00,4.576386466904094896e-01,3.106816303021515124e-01,1.342791794117600412e+00
6.940000000000000568e+01,3.038435593759462705e+00,4.557038983283429601e-01,3.079068912091564303e-01,1.342900787041167110e+00
6.950000000000000000e+01,3.047142126106477278e+00,4.573504371660242485e-01,3.071660479170996161e-01,1.347917673828163521e+00
6.960000000000000853e+01,3.039888548383969269e+00,4.603249852821081900e-01,3.085628034091347782e-01,1.354038878989973549e+00
6.970000000000000284e+01,3.037526503021449553e+00,4.624261954050377099e-01,3.085294345757307322e-01,1.358133365353565436e+00
6.979999999999999716e+01,3.036867669825143334e+00,4.636701266512043285e-01,3.077269151036980399e-01,1.360424099114603935e+00
6.990000000000000568e+01,3.037970696925627934e+00,4.658290155641750530e-01,3.078396145116096272e-01,1.364240780755445970e+00
7.000000000000000000e+01,3.042614008522183777e+00,4.690933410976675377e-01,3.148115748173945239e-01,1.369301959503992583e+00
7.010000000000000853e+01,3.050603710974286287e+00,4.719602938813985404e-01,3.098658257263674498e-01,1.375655695759416375e+00
7.020000000000000284e+01,3.055508179292204307e+00,4.751521043705126957e-01,3.092119097104928382e-01,1.382338128378477249e+00
7.029999999999999716e+01,3.059241651280168561e+00,4.774544131624806620e-01,3.105962692750570686e-01,1.388397392482004555e+00
7.040000000000000568e+01,3.057810237563908018e+00,4.779894430092322399e-01,3.133131717360113089e-01,1.391985892002625347e+00
7.050000000000000000e+01,3.060015060356256811e+00,4.779573686483262751e-01,3.153197995923606722e-01,1.391358255209800054e+00
7.060000000000000853e+01,3.058770921669355936e+00,4.785850820949985596e-01,3.138379780830321542e-01,1.391301625976040679e+00
7.070000000000000284e+01,3.066986149388081451e+00,4.795727092733840236e-01,3.169589908551849189e-01,1.393751708970617065e+00
7.079999999999999716e+01,3.078612407629397030e+00,4.832444977743254322e-01,3.154897955156841793e-01,1.397717966191409422e+00
7.090000000000000568e+01,3.082656690910308139e+00,4.869489576098565142e-01,3.190893721191142562e-01,1.402837887740584932e+00
7.100000000000000000e+01,3.084245873395750959e+00,4.865540010468053511e-01,3.217346886671461070e-01,1.405990791852964827e+00
7.110000000000000853e+01,3.069627078715436941e+00,4.845558378856920645e-01,3.177856440470045452e-01,1.405819288213248086e+00
7.120000000000000284e+01,3.070127671477492992e+00,4.823944115031394975e-01,3.156741612665740493e-01,1.405987619217592632e+00
7.129999999999999716e+01,3.069561975532351106e+00,4.814759125765468717e-01,3.132810516104266862e-01,1.405748773409335239e+00
7.140000000000000568e+01,3.070657639334067657e+00,4.828726501836258511e-01,3.155750939539069821e-01,1.411586125580829520e+00
7.150000000000000000e+01,3.087230897339754865e+00,4.867516983215688375e-01,3.150047620197756193e-01,1.418563704768734945e+00
7.160000000000000853e+01,3.096184979633118672e+00,4.943673671102554734e-01,3.187179459978555229e-01,1.427818085679367410e+00
7.170000000000000284e+01,3.109936629854829881e+00,4.991646513114866290e-01,3.205980314461833180e-01,1.434910801529287294e+00
7.179999999999999716e+01,3.126072410169064675e+00,5.026833229192619878e-01,3.232060885631597436e-01,1.437629832017252696e+00
7.190000000000000568e+01,3.118748051459433679e+00,5.051303499614332448e-01,3.216525225700287982e-01,1.440527363535258232e+00
7.200000000000000000e+01,3.116958749678456542e+00,5.016573912242655586e-01,3.177771972457618110e-01,1.438944875400360202e+00
7.210000000000000853e+01,3.116031280533166470e+00,4.966930291456449487e-01,3.196967451320262277e-01,1.432266721532372333e+00
7.220000000000000284e+01,3.125372533757754479e+00,4.943982141411063513e-01,3.098643472746748229e-01,1.427730797030947851e+00
7.229999999999999716e+01,3.123197247502863316e+00,4.916471481174618519e-01,3.102180236670218361e-01,1.424317470203400049e+00
7.240000000000000568e+01,3.128392482531015872e+00,4.913531177006204009e-01,3.132731084696183110e-01,1.425069414104739529e+00
7.250000000000000000e+01,3.137629914894629835e+00,4.912446961089110276e-01,3.134430170328366128e-01,1.422545792897121464e+00
7.260000000000000853e+01,3.134421286431126941e+00,4.921064880990266843e-01,3.117531438212673978e-01,1.419476307822266525e+00
7.270000000000000284e+01,3.135391085056353777e+00,4.966896620215085489e-01,3.182381639719910615e-01,1.423165367525480507e+00
7.279999999999999716e+01,3.144328400533352941e+00,5.005290195195272185e-01,3.191119573819735100e-01,1.429833536557503448e+00
7.290000000000000568e+01,3.149812900743513833e+00,5.021086952138282822e-01,3.214223268825922575e-01,1.432767127057356316e+00
7.300000000000000000e+01,3.153586123641598515e+00,5.028958803177897563e-01,3.225534617040952678e-01,1.435519703138221193e+00
7.310000000000000853e+01,3.159636632329958950e+00,5.018993315250729337e-01,3.247300382412774966e-01,1.439020767533167211e+00
7.320000000000000284e+01,3.154000731715667971e+00,5.018077361803472414e-01,3.203693243107062494e-01,1.440744669165290093e+00
7.329999999999999716e+01,3.142770419182348007e+00,4.999936138521487439e-01,3.134977071425710804e-01,1.436440105657203370e+00
7.340000000000000568e+01,3.129642733250085573e+00,4.967025843922260875e-01,3.123601677508444641e-01,1.431107284355897846e+00
7.350000000000000000e+01,3.134019276825180889e+00,4.931491519274885937e-01,3.097783611285467309e-01,1.426444867788041027e+00
7.360000000000000853e+01,3.134298108314848452e+00,4.919718967761073647e-01,3.142821329609502001e-01,1.423712097896979278e+00
7.370000000000000284e+01,3.134872594838753024e+00,4.926627260295119437e-01,3.173242602159063730e-01,1.419161735937570334e+00
7.379999999999999716e+01,3.135044807597455740e+00,4.927805249778644536e-01,3.170578636194142375e-01,1.418472526659814381e+00
7.390000000000000568e+01,3.140643807767387941e+00,4.944361232562720643e-01,3.215819677394141096e-01,1.422489461160498125e+00
7.400000000000000000e+01,3.136151376346533404e+00,4.977243933246934260e-01,3.270224068222626346e-01,1.427292512822037507e+00
7.410000000000000853e+01,3.139235561968111377e+00,5.022557378618573987e-01,3.226040782473483803e-01,1.431363248804319310e+00
7.420000000000000284e+01,3.148524683286713977e+00,5.093928514428017751e-01,3.237045260681906123e-01,1.437645856845447989e+00
7.429999999999999716e+01,3.145523557002993797e+00,5.143908390246698659e-01,3.236581727294882693e-01,1.442759115517590285e+00
7.440000000000000568e+01,3.148781726934579694e+00,5.158790000688462385e-01,3.291276108167962011e-01,1.450309845134858167e+00
7.450000000000000000e+01,3.135751359556182116e+00,5.144095792950107437e-01,3.241050332622570362e-01,1.454125001293455233e+00
7.460000000000000853e+01,3.128255707594799429e+00,5.143349504724924470e-01,3.262378739548464357e-01,1.452633874444693385e+00
7.470000000000000284e+01,3.131107794906407893e+00,5.147885093847358595e-01,3.257486985761924303e-01,1.449466623074357585e+00
7.479999999999999716e+01,3.115722558602995740e+00,5.134505469966483826e-01,3.272623911381873363e-01,1.445925856558311517e+00
7.490000000000000568e+01,3.119160915644870524e+00,5.155223980785031967e-01,3.296041872208013146e-01,1.443801342482774031e+00
7.500000000000000000e+01,3.111479861236999600e+00,5.155096239523848656e-01,3.247854269810468986e-01,1.441165784307855580e+00
7.510000000000000853e+01,3.124894776730164025e+00,5.111900246447440566e-01,3.206218393903620956e-01,1.434056535629008255e+00
7.520000000000000284e+01,3.115546808850581773e+00,5.093286573120534566e-01,3.210712123104320637e-01,1.426908466736982461e+00
7.529999999999999716e+01,3.106079441915845951e+00,5.064188880557805028e-01,3.166735433274213696e-01,1.420568718005667863e+00
7.540000000000000568e+01,3.109498077056941145e+00,5.021595552498221426e-01,3.160515505425561811e-01,1.417313741610569666e+00
7.550000000000000000e+01,3.099264410872908826e+00,5.007242398611587708e-01,3.155866778737760892e-01,1.412541988776056412e+00
7.560000000000000853e+01,3.101930106603530302e+00,5.041275072842101856e-01,3.223087286155965625e-01,1.408749549828687275e+00
7.570000000000000284e+01,3.095505570671965412e+00,5.081388392372715446e-01,3.231702324964069173e-01,1.409444771013053765e+00
7.579999999999999716e+01,3.097071017800643755e+00,5.147830564601590941e-01,3.344730427004277140e-01,1.414067246582103587e+00
7.590000000000000568e+01,3.109052829925291306e+00,5.229650021624414613e-01,3.441264045882154177e-01,1.422211248332861278e+00
7.600000000000000000e+01,3.129114356460152901e+00,5.310037812720309613e-01,3.508280689756065329e-01,1.431813642874039116e+00
7.610000000000000853e+01,3.149299278348104636e+00,5.367743210402536880e-01,3.494517700857156517e-01,1.430509799109995983e+00
7.620000000000000284e+01,3.154264514097037342e+00,5.375529818957941464e-01,3.492009604223828556e-01,1.425058083097006767e+00
7.629999999999999716e+01,3.170358065294327510e+00,5.369014414197128549e-01,3.469197085657429458e-01,1.421478368409891280e+00
7.640000000000000568e+01,3.162408566675052324e+00,5.360465704035477508e-01,3.406927470365907484e-01,1.417821668030568194e+00
7.650000000000000000e+01,3.146143980898510772e+00,5.340736655181229642e-01,3.285446382937812215e-01,1.416733596878077206e+00
7.660000000000000853e+01,3.136921481215033669e+00,5.366899502183350990e-01,3.297065468269212429e-01,1.416173600263180843e+00
7.670000000000000284e+01,3.140121563443685204e+00,5.400561726731815115e-01,3.308152937191750631e-01,1.418601167272853347e+00
7.680000000000001137e+01,3.155884728676092710e+00,5.451639985145448897e-01,3.308521921701111368e-01,1.417726215518765542e+00
7.690000000000000568e+01,3.165030546575463344e+00,5.497220631013907122e-01,3.396338329845398074e-01,1.414759258394050256e+00
7.700000000000000000e+01,3.166960837421388231e+00,5.488552238315690390e-01,3.357324332892646646e-01,1.417652944219439437e+00
7.710000000000000853e+01,3.183678252867664149e+00,5.514778232303897409e-01,3.380421166165567537e-01,1.422192918165446240e+00
7.720000000000000284e+01,3.190862007044544146e+00,5.523430462210848768e-01,3.404893355215240502e-01,1.421687115049452332e+00
7.730000000000001137e+01,3.193768656460679534e+00,5.507840566078766598e-01,3.478940873498296282e-01,1.413995693102684692e+00
7.740000000000000568e+01,3.214178639051583630e+00,5.453876351982165360e-01,3.378877370160329741e-01,1.407525949252581121e+00
7.750000000000000000e+01,3.226889834677338253e+00,5.374444466992019942e-01,3.320710052461317008e-01,1.401945432841001482e+00
7.760000000000000853e+01,3.242106262140190598e+00,5.289977412490644015e-01,3.311964182715134708e-01,1.386855653783619191e+00
7.770000000000000284e+01,3.221593711889307876e+00,5.188404142440705691e-01,3.315806947668580307e-01,1.364294981846313926e+00
7.780000000000001137e+01,3.212447644663569690e+00,5.080186323699595885e-01,3.195596050345276828e-01,1.343811769355244046e+00
7.790000000000000568e+01,3.209765710232653557e+00,4.992063352231350670e-01,3.145642970937809757e-01,1.326335414600198437e+00
7.800000000000000000e+01,3.201436284854691117e+00,4.925801144202489601e-01,3.176421266637006191e-01,1.316913422387769428e+00
7.810000000000000853e+01,3.212305936058475808e+00,4.918400292431783782e-01,3.215489355758887613e-01,1.309472088465890804e+00
7.820000000000000284e+01,3.240373409674350835e+00,4.960185935206663510e-01,3.136731223410494929e-01,1.301458650329318179e+00
7.830000000000001137e+01,3.255348930393584972e+00,4.951449550307540082e-01,3.046933759974342903e-01,1.298942923556542395e+00
7.840000000000000568e+01,3.280444172383950363e+00,5.000540171109336685e-01,3.059089192387949296e-01,1.303041913358785830e+00
7.850000000000000000e+01,3.242019350103756192e+00,5.088834682334977266e-01,3.078389999491303874e-01,1.303999654408037445e+00
7.860000000000000853e+01,3.249701344427248451e+00,5.128202072340649620e-01,3.110577210951589455e-01,1.310754103601277976e+00
7.870000000000000284e+01,3.262887965388284517e+00,5.109773708935291259e-01,3.134785689585686264e-01,1.308649577730368829e+00
7.880000000000001137e+01,3.264510151903503132e+00,4.961525382928834715e-01,3.171455619642956636e-01,1.298617315945508111e+00
7.890000000000000568e+01,3.277271048117050167e+00,4.787356739464382893e-01,3.072784066428767558e-01,1.287897195443587162e+00
7.900000000000000000e+01,3.259159008946275637e+00,4.628211670330221739e-01,3.021080375435700183e-01,1.274352655219846087e+00
7.910000000000000853e+01,3.247462524715894805e+00,4.519134418690614607e-01,2.975374445004007051e-01,1.266371215937669215e+00
7.920000000000000284e+01,3.222750180453861191e+00,4.387162036889030725e-01,2.872086988649358852e-01,1.250860648052901647e+00
7.930000000000001137e+01,3.262056547772060888e+00,4.327506789159110689e-01,2.862383554465206537e-01,1.242406868140953469e+00
7.940000000000000568e+01,3.320536578825069363e+00,4.297898446860152211e-01,2.915361549710222544e-01,1.243997978913826241e+00
7.950000000000000000e+01,3.333485791673144405e+00,4.204877802804485309e-01,2.957909044335153559e-01,1.244057083426000299e+00
7.960000000000000853e+01,3.347535061501226039e+00,4.208383865157165338e-01,3.081282318111266960e-01,1.234361142976517556e+00
7.970000000000000284e+01,3.443409448157370267e+00,4.256018581784128396e-01,3.085536295949779517e-01,1.226054987986970657e+00
7.980000000000001137e+01,3.488541070370672958e+00,4.237510418963836289e-01,3.053560151110206733e-01,1.214739833516741641e+00
7.990000000000000568e+01,3.480541517984650390e+00,4.261622049777509802e-01,3.303590096614152372e-01,1.193006787308007022e+00
8.000000000000000000e+01,3.506106819608319825e+00,4.232786930843603357e-01,3.410679479868326536e-01,1.212605015767248107e+00
