lag_ps,Li_A2,Zr_A2,O_A2,Cl_A2
0.000000000000000000e+00,0.000000000000000000e+00,0.000000000000000000e+00,0.000000000000000000e+00,0.000000000000000000e+00
1.000000000000000056e-01,3.123910117474302250e-01,4.906555509698345280e-02,7.594051902229030648e-02,1.310731277664262950e-01
2.000000000000000111e-01,4.390081296326569515e-01,9.925188870816775699e-02,1.114394710694033286e-01,2.377830071390700239e-01
3.000000000000000444e-01,5.089578901558569068e-01,1.341596336902828313e-01,1.311359362056168931e-01,2.892855942278855230e-01
4.000000000000000222e-01,5.576951528707232431e-01,1.661750913178174360e-01,1.501318846447298738e-01,3.251828279932243992e-01
5.000000000000000000e-01,6.029476037314066561e-01,1.849278922178972662e-01,1.650050520824746514e-01,3.461961862198369433e-01
6.000000000000000888e-01,6.356762928990562500e-01,1.934098325181929368e-01,1.760836420403174285e-01,3.564254765562778204e-01
7.000000000000000666e-01,6.544146193153632662e-01,1.952887739888866381e-01,1.769773646087742236e-01,3.594938870533261888e-01
8.000000000000000444e-01,6.706812461709832363e-01,1.927411261976205437e-01,1.761008784288886908e-01,3.594037005099763871e-01
9.000000000000000222e-01,6.833141582389175017e-01,1.869782043983567177e-01,1.731048206665915246e-01,3.555271961589769880e-01
1.000000000000000000e+00,6.923774827775346363e-01,1.804120546958973836e-01,1.679540086938128840e-01,3.487972772128735133e-01
1.100000000000000089e+00,6.982072121482197913e-01,1.722722451681129585e-01,1.596628256148229230e-01,3.417358932900340096e-01
1.200000000000000178e+00,7.060006746174268821e-01,1.648551672180186556e-01,1.538461566454463747e-01,3.361355534207507989e-01
1.300000000000000044e+00,7.149450334251346018e-01,1.579707913951688136e-01,1.463198264519805225e-01,3.317028952532188879e-01
1.400000000000000133e+00,7.245143819929876772e-01,1.539588334404883851e-01,1.411224425642250979e-01,3.283610767805269504e-01
1.500000000000000000e+00,7.338891294935141474e-01,1.518134089176413348e-01,1.413937418697779613e-01,3.263692993545587173e-01
1.600000000000000089e+00,7.440047777769746018e-01,1.512551508782893628e-01,1.408307589809938143e-01,3.245727774839965996e-01
1.700000000000000178e+00,7.583193788906322785e-01,1.534300313771166935e-01,1.430160328275075776e-01,3.258165524168855076e-01
1.800000000000000044e+00,7.699534978473383529e-01,1.577067225508725357e-01,1.458942210749311907e-01,3.307185058538135158e-01
1.900000000000000133e+00,7.821941228070451446e-01,1.638231887338330028e-01,1.529513631924773465e-01,3.376379031349845405e-01
2.000000000000000000e+00,7.949087751344329211e-01,1.702597232923135362e-01,1.589324900318840605e-01,3.444067846261046895e-01
2.100000000000000089e+00,8.096482845222336966e-01,1.742978252281837392e-01,1.609540812270440213e-01,3.498813430355143250e-01
2.200000000000000178e+00,8.229768871180253020e-01,1.769497356376648900e-01,1.648203491668290277e-01,3.553726846156213814e-01
2.300000000000000266e+00,8.334812036458003615e-01,1.785490587856759237e-01,1.655088456598181323e-01,3.585016735153849776e-01
2.400000000000000355e+00,8.399001142736588488e-01,1.784217711888413105e-01,1.651589101343769461e-01,3.594528159431600312e-01
2.500000000000000000e+00,8.518906131992901587e-01,1.772992043351360736e-01,1.638279801473106201e-01,3.588733443218050656e-01
2.600000000000000089e+00,8.599253241468506337e-01,1.756887879291554322e-01,1.632615657213008498e-01,3.575599472325295403e-01
2.700000000000000178e+00,8.679045236418615472e-01,1.738922111449324182e-01,1.615290816097270099e-01,3.556150613940053384e-01
2.800000000000000266e+00,8.734117007492755436e-01,1.713282698385179825e-01,1.583631885439954201e-01,3.519028115389887246e-01
2.900000000000000355e+00,8.793721202561346484e-01,1.693715097496378275e-01,1.569172838700168549e-01,3.504657636746762450e-01
3.000000000000000000e+00,8.894946713671103566e-01,1.686695591150320084e-01,1.567525295727740797e-01,3.500898272718261373e-01
3.100000000000000089e+00,8.972974054122725418e-01,1.687021078013084818e-01,1.563753863047678827e-01,3.500484528973701326e-01
3.200000000000000178e+00,9.002015721279107430e-01,1.686763219319200868e-01,1.545123280062724036e-01,3.497724601753871565e-01
3.300000000000000266e+00,9.079589102433595071e-01,1.691884600350417878e-01,1.540489511424247004e-01,3.520067337281216902e-01
3.400000000000000355e+00,9.161901264116176780e-01,1.719541527587241381e-01,1.573080455417362467e-01,3.570567180111446359e-01
3.500000000000000000e+00,9.252598042483447527e-01,1.741015989075888060e-01,1.579032164576515129e-01,3.605532066184477524e-01
3.600000000000000089e+00,9.281481094943438981e-01,1.750328574802103021e-01,1.599932324495131619e-01,3.609252962651265384e-01
3.700000000000000178e+00,9.364471763166059004e-01,1.760234626661450197e-01,1.600656422813362956e-01,3.622855834007716602e-01
3.800000000000000266e+00,9.441062136935177707e-01,1.772456357134147287e-01,1.636087742130583889e-01,3.636148696582064965e-01
3.900000000000000355e+00,9.501791467236465616e-01,1.781692247637751692e-01,1.639687858615490879e-01,3.638581096333057263e-01
4.000000000000000000e+00,9.540891619278889513e-01,1.784123769185821662e-01,1.633208702550031366e-01,3.644347181695072879e-01
4.100000000000000533e+00,9.536906867990160297e-01,1.788354894420569052e-01,1.650072860742385072e-01,3.662290000933481338e-01
4.200000000000000178e+00,9.601958714857885546e-01,1.796247017971497884e-01,1.662198561411257491e-01,3.683925879407632942e-01
4.299999999999999822e+00,9.678439578865204451e-01,1.804708189226967852e-01,1.675574318793669748e-01,3.700146432513065076e-01
4.400000000000000355e+00,9.746062032370905737e-01,1.801652706617782873e-01,1.673382901869066575e-01,3.698352490996389408e-01
4.500000000000000000e+00,9.786783399216064661e-01,1.796077568927444690e-01,1.657917805490478902e-01,3.692977216284474284e-01
4.600000000000000533e+00,9.824115025993812589e-01,1.786523375947033365e-01,1.646591387329340572e-01,3.679381945835651369e-01
4.700000000000000178e+00,9.865054438486495769e-01,1.783080045500069211e-01,1.641279652017708368e-01,3.670258549418328187e-01
4.800000000000000711e+00,9.927916967780875401e-01,1.784804223577357296e-01,1.636148565521207132e-01,3.676999805093625895e-01
4.900000000000000355e+00,1.001374512249431081e+00,1.788467346110328982e-01,1.634465183227279683e-01,3.691584005279186509e-01
5.000000000000000000e+00,1.005449976035360571e+00,1.796914405889155630e-01,1.627324480882081092e-01,3.710166965869466371e-01
5.100000000000000533e+00,1.010038532475827200e+00,1.805621494354150702e-01,1.620807930058735802e-01,3.734880776969989324e-01
5.200000000000000178e+00,1.015034985448681537e+00,1.816013823833096119e-01,1.621694395944645595e-01,3.764739617211342315e-01
5.300000000000000711e+00,1.023347241685010234e+00,1.818248185005379713e-01,1.637390190429460768e-01,3.796269023665023168e-01
5.400000000000000355e+00,1.027038953168381674e+00,1.821656029213120642e-01,1.633143135421403769e-01,3.805721888532139219e-01
5.500000000000000000e+00,1.028662634458331837e+00,1.830432479828347780e-01,1.640496518146294658e-01,3.808302398665425748e-01
5.600000000000000533e+00,1.030548518993387175e+00,1.846508317192933346e-01,1.666643772817155700e-01,3.818884254713700299e-01
5.700000000000000178e+00,1.032797177250481369e+00,1.860295268302168958e-01,1.696750241832387651e-01,3.835230961751636691e-01
5.800000000000000711e+00,1.038165524810488183e+00,1.870444486542236218e-01,1.705350745767482412e-01,3.844023102217311583e-01
5.900000000000000355e+00,1.040152562290443061e+00,1.883746106695335376e-01,1.733218916491789385e-01,3.851819409657311621e-01
6.000000000000000000e+00,1.043271255834783640e+00,1.885054318204912871e-01,1.747503346914921485e-01,3.862085773932230626e-01
6.100000000000000533e+00,1.044484196273653298e+00,1.889834378172627616e-01,1.744234258885672961e-01,3.886841197759975386e-01
6.200000000000000178e+00,1.048660030195294190e+00,1.885070509928309934e-01,1.744756500869365234e-01,3.889073334445222185e-01
6.300000000000000711e+00,1.053129786834499759e+00,1.884242812748969653e-01,1.740001715429631002e-01,3.890678628023302998e-01
6.400000000000000355e+00,1.055594786427912046e+00,1.875190910209384165e-01,1.707096621609731635e-01,3.871029145752153955e-01
6.500000000000000000e+00,1.056655429222061349e+00,1.860647994272600358e-01,1.689329136776688556e-01,3.844647079146573665e-01
6.600000000000000533e+00,1.058983574141258099e+00,1.850477093313675492e-01,1.690256937020862549e-01,3.829986506596838036e-01
6.700000000000000178e+00,1.064919511827456811e+00,1.838033703962262677e-01,1.677866729600162865e-01,3.834381108530259263e-01
6.800000000000000711e+00,1.069498814523855312e+00,1.829320245759735175e-01,1.666825600938093843e-01,3.823948874615006877e-01
6.900000000000000355e+00,1.069623091488439259e+00,1.820263145279028272e-01,1.656399712413248460e-01,3.807253166515661702e-01
7.000000000000000000e+00,1.068397889070084039e+00,1.821868384222098125e-01,1.662124190703949123e-01,3.816618342974493205e-01
7.100000000000000533e+00,1.072690030818414186e+00,1.840917968046819897e-01,1.698644885371817792e-01,3.833738294251075041e-01
7.200000000000000178e+00,1.077528696901792982e+00,1.866815778163624928e-01,1.718493682614235796e-01,3.849967705891235714e-01
7.300000000000000711e+00,1.081354448344580277e+00,1.885337850884699906e-01,1.751783856561280328e-01,3.873938341945903918e-01
7.400000000000000355e+00,1.080323467427969586e+00,1.894411784118987530e-01,1.765238244702306558e-01,3.888236663075648747e-01
7.500000000000000000e+00,1.077522743440617825e+00,1.883322273077676912e-01,1.743773369194989431e-01,3.872062337694753276e-01
7.600000000000000533e+00,1.077158789517017157e+00,1.876295274593467177e-01,1.751076248110368105e-01,3.875747684878128041e-01
7.700000000000000178e+00,1.081935863207516668e+00,1.868627984536128106e-01,1.753623620746807554e-01,3.873683063741934496e-01
7.800000000000000711e+00,1.082466709576725972e+00,1.859901657103488759e-01,1.741855902994650929e-01,3.861572654825711215e-01
7.900000000000000355e+00,1.083131206600481677e+00,1.859034998218199453e-01,1.735187060004157733e-01,3.859560788971856393e-01
8.000000000000000000e+00,1.084194686164778654e+00,1.859390415586412160e-01,1.735554750515240774e-01,3.869657427649431103e-01
8.099999999999999645e+00,1.086298855623101023e+00,1.856859185687116109e-01,1.735618087770235130e-01,3.870671287811185413e-01
8.200000000000001066e+00,1.089924051189794074e+00,1.860850975884057734e-01,1.726031037554136005e-01,3.881860963031616429e-01
8.300000000000000711e+00,1.094484815191471228e+00,1.870817151000093714e-01,1.729583685233074819e-01,3.891562146454049520e-01
8.400000000000000355e+00,1.098707842231224197e+00,1.882453136172580477e-01,1.737454074138306270e-01,3.903063422759598944e-01
8.500000000000000000e+00,1.104118361619369271e+00,1.882895218149608363e-01,1.711133403466876257e-01,3.901920183614621673e-01
8.599999999999999645e+00,1.108234464991410206e+00,1.875771702341863523e-01,1.725695128990944183e-01,3.894999754489960608e-01
8.700000000000001066e+00,1.113041784996135153e+00,1.878993626127430094e-01,1.746060314628087307e-01,3.910633811963526996e-01
8.800000000000000711e+00,1.122939308535680247e+00,1.888045074367334375e-01,1.753778806640916288e-01,3.935981154832284279e-01
8.900000000000000355e+00,1.128607978622620633e+00,1.900625529413230985e-01,1.766135792924900805e-01,3.951601491420727030e-01
9.000000000000000000e+00,1.133352318525582270e+00,1.909640630257011529e-01,1.780503047496276026e-01,3.955995517642023063e-01
9.099999999999999645e+00,1.138781128308326007e+00,1.913045938233399745e-01,1.799256203093395623e-01,3.963110525721686428e-01
9.200000000000001066e+00,1.141476600778910555e+00,1.930407966620097115e-01,1.796485169011675653e-01,3.991197556810792690e-01
9.300000000000000711e+00,1.145049503408242408e+00,1.952480224192327252e-01,1.809300711782935722e-01,4.028719623008708561e-01
9.400000000000000355e+00,1.146682951764894209e+00,1.969085795225699875e-01,1.833440599568835483e-01,4.048182401705535671e-01
9.500000000000000000e+00,1.148465292916144520e+00,1.966569589516409255e-01,1.824865350876673509e-01,4.044412188247749063e-01
9.600000000000001421e+00,1.154880251629270882e+00,1.958444541696917895e-01,1.814350339333914430e-01,4.043975156531579018e-01
9.700000000000001066e+00,1.154973321964810618e+00,1.953214350550950551e-01,1.824661917046083437e-01,4.043406390457440214e-01
9.800000000000000711e+00,1.153075973297032597e+00,1.933702276197573622e-01,1.806906901316996661e-01,4.028184407375247633e-01
9.900000000000000355e+00,1.155618656923401488e+00,1.913122397253156082e-01,1.803432563352861950e-01,4.012063862322780561e-01
1.000000000000000000e+01,1.157405004561934625e+00,1.900771914669336649e-01,1.804038830902506274e-01,3.997082940662111117e-01
1.010000000000000142e+01,1.162458316739114039e+00,1.894952048933678246e-01,1.796558671930256479e-01,3.979207001497436780e-01
1.020000000000000107e+01,1.166729546253135963e+00,1.891943512966628993e-01,1.780670510621639169e-01,3.978207485830574930e-01
1.030000000000000071e+01,1.168634938146385860e+00,1.899983475489692986e-01,1.784111907204607717e-01,3.988916925706594285e-01
1.040000000000000036e+01,1.173643671916375641e+00,1.914078406286812140e-01,1.778839866759577837e-01,4.010326684086713001e-01
1.050000000000000000e+01,1.176016841122990320e+00,1.920529707739622449e-01,1.795231359069161814e-01,4.025347656710168143e-01
1.060000000000000142e+01,1.182101426780723941e+00,1.916036264690965663e-01,1.789179007418295053e-01,4.017947486589854011e-01
1.070000000000000107e+01,1.181921005490610188e+00,1.912927884645788112e-01,1.796005327458082834e-01,4.009551842005866784e-01
1.080000000000000071e+01,1.184043097744075901e+00,1.912684610547933650e-01,1.804541974629166878e-01,4.010457760530659610e-01
1.090000000000000036e+01,1.189735146704738344e+00,1.916918885269335293e-01,1.806551438056721026e-01,4.018758303601265847e-01
1.100000000000000000e+01,1.191140068123206497e+00,1.930543432954786864e-01,1.822605907580081286e-01,4.028078253749718951e-01
1.110000000000000142e+01,1.192298163965764601e+00,1.937059209516051317e-01,1.840774598592840594e-01,4.033463102317828564e-01
1.120000000000000107e+01,1.190371309917084064e+00,1.948426952296815340e-01,1.858924441612794798e-01,4.039706544694389723e-01
1.130000000000000071e+01,1.191457684730024225e+00,1.956716142647338952e-01,1.846476169884362639e-01,4.047319011785479592e-01
1.140000000000000036e+01,1.191915401395866159e+00,1.952838490706353125e-01,1.836300039955665042e-01,4.047465164248081337e-01
1.150000000000000000e+01,1.190599875187267065e+00,1.947288127984547479e-01,1.820817228313085789e-01,4.033983336090974925e-01
1.160000000000000142e+01,1.192135843781595872e+00,1.946118355809113853e-01,1.831648736480329109e-01,4.030652803823662200e-01
1.170000000000000107e+01,1.192547734644495927e+00,1.942592224712328397e-01,1.829237778405736758e-01,4.031260998590451283e-01
1.180000000000000071e+01,1.195821750554597829e+00,1.939667367296096512e-01,1.829726492806805216e-01,4.038403538563075656e-01
1.190000000000000036e+01,1.202256082140013227e+00,1.936910436674555702e-01,1.823058953375761015e-01,4.054170192801113681e-01
1.200000000000000000e+01,1.207509429729902717e+00,1.924595926301665705e-01,1.810278227421083241e-01,4.064511311487227219e-01
1.210000000000000142e+01,1.212557141153221441e+00,1.921166714892013905e-01,1.800830870552425911e-01,4.073389490307782190e-01
1.220000000000000107e+01,1.213501011824957176e+00,1.922618408643599619e-01,1.801769897382374253e-01,4.084771756790049890e-01
1.230000000000000071e+01,1.214763248446937949e+00,1.930315452259601938e-01,1.815266385504578917e-01,4.100189959300171716e-01
1.240000000000000036e+01,1.216562191746741517e+00,1.942957901069673754e-01,1.824696516774994004e-01,4.103206607049754706e-01
1.250000000000000000e+01,1.222624758181220184e+00,1.968742791546343462e-01,1.847614982908347692e-01,4.123689520082891025e-01
1.260000000000000142e+01,1.226251998652082564e+00,1.999558455238057975e-01,1.887520758107390229e-01,4.144366748464689554e-01
1.270000000000000107e+01,1.233043805233065227e+00,2.018807261096141059e-01,1.900538847895324457e-01,4.170156877368517145e-01
1.280000000000000071e+01,1.239690895699286255e+00,2.030702756177116264e-01,1.925974465940132885e-01,4.187012845701190145e-01
1.290000000000000036e+01,1.244736582495835631e+00,2.045826796936438818e-01,1.943068530909204394e-01,4.213007373064268091e-01
1.300000000000000000e+01,1.251241150178526107e+00,2.056510373825139182e-01,1.934644499889175140e-01,4.229857592320883097e-01
1.310000000000000142e+01,1.256403920813637276e+00,2.052125279093221233e-01,1.933989435723856842e-01,4.237412086590815474e-01
1.320000000000000107e+01,1.260132886769588678e+00,2.039753095718299658e-01,1.915386543490732174e-01,4.243304516728786391e-01
1.330000000000000071e+01,1.262198105491854738e+00,2.021267648124490113e-01,1.898945355874388230e-01,4.243529319847337278e-01
1.340000000000000036e+01,1.263374797477708089e+00,2.008409114020460740e-01,1.877171748316305289e-01,4.230753875399440589e-01
1.350000000000000000e+01,1.265109807156574284e+00,2.005819364920226888e-01,1.857987712117697698e-01,4.229741395291058970e-01
1.360000000000000142e+01,1.271285636875564062e+00,2.010105308744627728e-01,1.868418181086413665e-01,4.247866299278866831e-01
1.370000000000000107e+01,1.281116017710726362e+00,2.020411035675663547e-01,1.878040342544111951e-01,4.273556769509334607e-01
1.380000000000000071e+01,1.286621413813181736e+00,2.034789179785621571e-01,1.898409217112072001e-01,4.299597448093390173e-01
1.390000000000000036e+01,1.289869488324529190e+00,2.032059750562441591e-01,1.898047431951290775e-01,4.305185906758735581e-01
1.400000000000000000e+01,1.294041608013339006e+00,2.033441130718700585e-01,1.915912099511680733e-01,4.307957115300673490e-01
1.410000000000000142e+01,1.298633727726825393e+00,2.039598376351378084e-01,1.920874532432712001e-01,4.303895285208176325e-01
1.420000000000000107e+01,1.304903355975332024e+00,2.041922461727185834e-01,1.928375711716084906e-01,4.303695767090580104e-01
1.430000000000000071e+01,1.303378845196168312e+00,2.042380284270036150e-01,1.948391206184662550e-01,4.309615149302943871e-01
1.440000000000000036e+01,1.302523452517938329e+00,2.050615440365624320e-01,1.951188111240385603e-01,4.317148755214000877e-01
1.450000000000000000e+01,1.306278887855246262e+00,2.065549579410346781e-01,1.959709057511976604e-01,4.334022490536176830e-01
1.460000000000000142e+01,1.310248794034133413e+00,2.076752876314510166e-01,1.966388300087381913e-01,4.346526126343335794e-01
1.470000000000000107e+01,1.312839226455093655e+00,2.081746402403934215e-01,1.965915093929595792e-01,4.355258870604221677e-01
1.480000000000000071e+01,1.315701151753939424e+00,2.078710698457935657e-01,1.950865790532735067e-01,4.363649745290724136e-01
1.490000000000000036e+01,1.322302739799473548e+00,2.081872210428028225e-01,1.957245697408973306e-01,4.385425703187248447e-01
1.500000000000000000e+01,1.323940010619765406e+00,2.085518467380115260e-01,1.944015860721354516e-01,4.390900111196764377e-01
1.510000000000000142e+01,1.329161259386192118e+00,2.092919372805573663e-01,1.957643861362158844e-01,4.407268552500337999e-01
1.520000000000000107e+01,1.334156773509114435e+00,2.102590384421464398e-01,1.971550429821820327e-01,4.435408614381921022e-01
1.530000000000000071e+01,1.336909713426048363e+00,2.109057106342296928e-01,1.960446962913892643e-01,4.446450278057507144e-01
1.540000000000000036e+01,1.339148254335002619e+00,2.121191065087889849e-01,1.964136806116698608e-01,4.456349567090749919e-01
1.550000000000000000e+01,1.340067868875286283e+00,2.125114227582852455e-01,1.981108956786922781e-01,4.466540968541259926e-01
1.560000000000000142e+01,1.343103295516101081e+00,2.125399442691059404e-01,1.980028820950866242e-01,4.467111848215593040e-01
1.570000000000000107e+01,1.345153885919260883e+00,2.124684015284043492e-01,1.973690718679862177e-01,4.452310615050714682e-01
1.580000000000000071e+01,1.348972495478048872e+00,2.118667277876191413e-01,1.995922778140986065e-01,4.443218322416542798e-01
1.590000000000000036e+01,1.350891147135037995e+00,2.111878665794592325e-01,1.991485382384740876e-01,4.445457048562899693e-01
1.600000000000000000e+01,1.346870561532910182e+00,2.100137828870144441e-01,1.971411344877950778e-01,4.438714414861822943e-01
1.610000000000000142e+01,1.345499033017394597e+00,2.092699833600017434e-01,1.982721525876869895e-01,4.426071794219343936e-01
1.619999999999999929e+01,1.347796651849483496e+00,2.095774428019461233e-01,1.981244469799782748e-01,4.427741020142647033e-01
1.630000000000000071e+01,1.351133696259460670e+00,2.101072039919741063e-01,1.993062858671664495e-01,4.426947595624456944e-01
1.640000000000000213e+01,1.353175913920055651e+00,2.103840684052888932e-01,2.000196336092483484e-01,4.417544692511468085e-01
1.650000000000000000e+01,1.358372641115558332e+00,2.107382764476641857e-01,1.996460127747519964e-01,4.415228533989932758e-01
1.660000000000000142e+01,1.360708005745609572e+00,2.097514175254912017e-01,1.993192555973211100e-01,4.412492591500161709e-01
1.669999999999999929e+01,1.366223744596366307e+00,2.105460048215075375e-01,1.988696123501689506e-01,4.427972876898522148e-01
1.680000000000000071e+01,1.368356235902175477e+00,2.123555348457771552e-01,2.001832061606330371e-01,4.477078077831432301e-01
1.690000000000000213e+01,1.376117860382761293e+00,2.136458128809369805e-01,1.997078652722346637e-01,4.520386761482716453e-01
1.700000000000000000e+01,1.383360476435353537e+00,2.153558331073446019e-01,2.007034971454384475e-01,4.559012577214572315e-01
1.710000000000000142e+01,1.390140770147384908e+00,2.172733145556071110e-01,2.021391974936150304e-01,4.583614695875546929e-01
1.719999999999999929e+01,1.395491814509175921e+00,2.179323791248123365e-01,2.022735858671464437e-01,4.596826192738064920e-01
1.730000000000000071e+01,1.399431197111969283e+00,2.178577247118144433e-01,2.023575305331445362e-01,4.605031716616259652e-01
1.740000000000000213e+01,1.405718193761714030e+00,2.178804170831928622e-01,2.030294642211924461e-01,4.594748069684328473e-01
1.750000000000000000e+01,1.402293533092517697e+00,2.173661800464094795e-01,2.035684499681590098e-01,4.576682454120425958e-01
1.760000000000000142e+01,1.403349234445317117e+00,2.160118426391191282e-01,2.031384212436072034e-01,4.552009129156865397e-01
1.769999999999999929e+01,1.408104584578723006e+00,2.146016116435440213e-01,2.020128946104068068e-01,4.546226537180979577e-01
1.780000000000000071e+01,1.412571434365200718e+00,2.130555980867634147e-01,1.997450568638534096e-01,4.535900184073106689e-01
1.790000000000000213e+01,1.414842015449507606e+00,2.125895379185957501e-01,2.008257278122353717e-01,4.539814557522262595e-01
1.800000000000000000e+01,1.420285657210136332e+00,2.133935215847654887e-01,2.016890025026268907e-01,4.553177296082583370e-01
1.810000000000000142e+01,1.423253699301765929e+00,2.142510113644233993e-01,2.018526582525946855e-01,4.571956331711550803e-01
1.819999999999999929e+01,1.425953294676745031e+00,2.147250576251044096e-01,2.036144068495145398e-01,4.581407806996005694e-01
1.830000000000000071e+01,1.430930790451210299e+00,2.149456414780139546e-01,2.025880659601557721e-01,4.587940113912930551e-01
1.840000000000000213e+01,1.436414438847427366e+00,2.151975947401977840e-01,2.023722302776463644e-01,4.586158089241231250e-01
1.850000000000000000e+01,1.441308187730917956e+00,2.143711773376415497e-01,2.016616524607562355e-01,4.585615119056197231e-01
1.860000000000000142e+01,1.446802272216018315e+00,2.143930157755615240e-01,2.021182040771261901e-01,4.574640433214083868e-01
1.869999999999999929e+01,1.448784483349815133e+00,2.150923827049675829e-01,2.014061567533026453e-01,4.585652596999807429e-01
1.880000000000000071e+01,1.449886522183439830e+00,2.146200181203858637e-01,2.017893446230085430e-01,4.576860634535752648e-01
1.890000000000000213e+01,1.455003743618543455e+00,2.146681023144561551e-01,2.007807563442212118e-01,4.574885607548068167e-01
1.900000000000000000e+01,1.454287527975675287e+00,2.143552098065597822e-01,2.004536885067886298e-01,4.565807009845295195e-01
1.910000000000000142e+01,1.455862321856101760e+00,2.134296730489466665e-01,1.988659961578985447e-01,4.555465080830797819e-01
1.920000000000000284e+01,1.457453571223574551e+00,2.130548534468383881e-01,1.999144755425708575e-01,4.547000474471568077e-01
1.930000000000000071e+01,1.459866612611768755e+00,2.127228336156615218e-01,1.980692632297259836e-01,4.556511311465095693e-01
1.940000000000000213e+01,1.464398407338348473e+00,2.128911906920398778e-01,1.974325760932263141e-01,4.561573566171520655e-01
1.950000000000000000e+01,1.467435614999552440e+00,2.134359864394167194e-01,1.975712761872247258e-01,4.575120813353873994e-01
1.960000000000000142e+01,1.464397133202903101e+00,2.150065683808844441e-01,1.995585220189871056e-01,4.580354032914489837e-01
1.970000000000000284e+01,1.465257530629695992e+00,2.150616682581429073e-01,2.021079031315955732e-01,4.583798186121426088e-01
1.980000000000000071e+01,1.468354816903432170e+00,2.149225792540519486e-01,2.029845629713931954e-01,4.579720205316201165e-01
1.990000000000000213e+01,1.470352713286196211e+00,2.147092684083737879e-01,2.025338759055353710e-01,4.570004309066084125e-01
2.000000000000000000e+01,1.474947952722796440e+00,2.144276547305059288e-01,2.029704989269844884e-01,4.561395884898695186e-01
2.010000000000000142e+01,1.478261392954062448e+00,2.145756017961289175e-01,2.054542920522845206e-01,4.567795977722378664e-01
2.020000000000000284e+01,1.479082840801570375e+00,2.145516257562528339e-01,2.030574437475784755e-01,4.565749869507607639e-01
2.030000000000000071e+01,1.480826183685249431e+00,2.145353612297709045e-01,2.027036755899303544e-01,4.569766533987325019e-01
2.040000000000000213e+01,1.486423503669014101e+00,2.130223080774597266e-01,2.020320393565908645e-01,4.569759536408888878e-01
2.050000000000000000e+01,1.487529024890464457e+00,2.109647313782002931e-01,1.992317569091557328e-01,4.552436556316605820e-01
2.060000000000000142e+01,1.487181278433239440e+00,2.084059240446151928e-01,1.969698473473293632e-01,4.530471641311201725e-01
2.070000000000000284e+01,1.488622914219624782e+00,2.070685346611055577e-01,1.955402135144572728e-01,4.509598233106647536e-01
2.080000000000000071e+01,1.490567911646663024e+00,2.063842658204791403e-01,1.956315547139006739e-01,4.508474718318565833e-01
2.090000000000000213e+01,1.492529584665603704e+00,2.066846827649503338e-01,1.969510296781235570e-01,4.503620714171881478e-01
2.100000000000000000e+01,1.495614537886896800e+00,2.065057115887859451e-01,1.962814549789380358e-01,4.501303492098289172e-01
2.110000000000000142e+01,1.501590406217450768e+00,2.076795335442532808e-01,1.984720090149005300e-01,4.514501070701638086e-01
2.120000000000000284e+01,1.504392206729827652e+00,2.096117576257451043e-01,1.995201179607114794e-01,4.529387359638680777e-01
2.130000000000000071e+01,1.513373034897342428e+00,2.111907280685468569e-01,2.009181779451395533e-01,4.544920373924095092e-01
2.140000000000000213e+01,1.520347546540478989e+00,2.132795294167461331e-01,2.029446755483255149e-01,4.562350580294973756e-01
2.150000000000000000e+01,1.525526859008776270e+00,2.154119071750233427e-01,2.022745081987371851e-01,4.589152220565715923e-01
2.160000000000000142e+01,1.530859227198648975e+00,2.167714360997353706e-01,2.048029587045063771e-01,4.616844136821832700e-01
2.170000000000000284e+01,1.539665668964498302e+00,2.170954080476753534e-01,2.036853508880056285e-01,4.638788324782770478e-01
2.180000000000000071e+01,1.546371460159151390e+00,2.164746085012608234e-01,2.038449713647209893e-01,4.640310902857883169e-01
2.190000000000000213e+01,1.551959520944355519e+00,2.167906833760798180e-01,2.061473688360051515e-01,4.637010567712908649e-01
2.200000000000000000e+01,1.553706878118744417e+00,2.176564173299444238e-01,2.057156407994600034e-01,4.639500323757154154e-01
2.210000000000000142e+01,1.558885564045067618e+00,2.180896297303100695e-01,2.058182911132866444e-01,4.650431712734895418e-01
2.220000000000000284e+01,1.563851822481077791e+00,2.182966044573477205e-01,2.071690237727588368e-01,4.668524363776576647e-01
2.230000000000000071e+01,1.566570959499455240e+00,2.173897660621347538e-01,2.056347638727379634e-01,4.671159787106055061e-01
2.240000000000000213e+01,1.569253138606021558e+00,2.163393103696551467e-01,2.039073135637382572e-01,4.657208175713748455e-01
2.250000000000000000e+01,1.571838119447190429e+00,2.142993297874664360e-01,2.023094669343095120e-01,4.629363429826286458e-01
2.260000000000000142e+01,1.575460173063035096e+00,2.121295175905681396e-01,2.011850488116385949e-01,4.596200702059419219e-01
2.270000000000000284e+01,1.574508789090480310e+00,2.100262864968037713e-01,1.991096381179359720e-01,4.573126726179170820e-01
2.280000000000000071e+01,1.578403393882496175e+00,2.086404529084364412e-01,1.969524585034402309e-01,4.571976318097202285e-01
2.290000000000000213e+01,1.581008574704633185e+00,2.088409666525498087e-01,1.969154899087166011e-01,4.579064859470858284e-01
2.300000000000000000e+01,1.583940643734105924e+00,2.103757703687248182e-01,1.978958660615767473e-01,4.591511832424809425e-01
2.310000000000000142e+01,1.587583378641242771e+00,2.126317268415127137e-01,2.000795982722710087e-01,4.601441558101531104e-01
2.320000000000000284e+01,1.592610109568124876e+00,2.147524069465090446e-01,2.031696135198550746e-01,4.618011454657118819e-01
2.330000000000000071e+01,1.600844157806493362e+00,2.164527661155463689e-01,2.042785069014112498e-01,4.633369515626404866e-01
2.340000000000000213e+01,1.611048252883900522e+00,2.182364393266748026e-01,2.080753446159940290e-01,4.658872152439192393e-01
2.350000000000000000e+01,1.616943058469938688e+00,2.199936756930370718e-01,2.108590316437295442e-01,4.681234953293337275e-01
2.360000000000000142e+01,1.617631473472550763e+00,2.206694498963989726e-01,2.121452744169299298e-01,4.682109973668048819e-01
2.370000000000000284e+01,1.622508831332620804e+00,2.214485051952174988e-01,2.132461415874472577e-01,4.685537828155893481e-01
2.380000000000000071e+01,1.628035748871778265e+00,2.212497438504622549e-01,2.116398276115872834e-01,4.695288211024860048e-01
2.390000000000000213e+01,1.631573959221007897e+00,2.195501503898812934e-01,2.082642190117728609e-01,4.685629441891417390e-01
2.400000000000000000e+01,1.637646103639389894e+00,2.186342475524011841e-01,2.072678612964013733e-01,4.680978768888847674e-01
2.410000000000000142e+01,1.640805664222448890e+00,2.178108297054442144e-01,2.050383037480597859e-01,4.672691968535201967e-01
2.420000000000000284e+01,1.643780763767484832e+00,2.160865469003423467e-01,2.024854669031326548e-01,4.661628297432036661e-01
2.430000000000000071e+01,1.647329806447452194e+00,2.143488637091207072e-01,2.018489840855778317e-01,4.645884749328257346e-01
2.440000000000000213e+01,1.652549224063046163e+00,2.140696529560635886e-01,2.029461854761157036e-01,4.630165428541669903e-01
2.450000000000000000e+01,1.657895360056969691e+00,2.136084052898759300e-01,2.028419566257416984e-01,4.627485719533316888e-01
2.460000000000000142e+01,1.663949981521704702e+00,2.148143973362097170e-01,2.039556300606985006e-01,4.658184551082426572e-01
2.470000000000000284e+01,1.669044459599535069e+00,2.164385105407291843e-01,2.037350809663643902e-01,4.690226055226086599e-01
2.480000000000000071e+01,1.677553779759343833e+00,2.182779901858626082e-01,2.065531151028950629e-01,4.730574246001896244e-01
2.490000000000000213e+01,1.686188807197857242e+00,2.205180963349695766e-01,2.081417632732626422e-01,4.759849323643752239e-01
2.500000000000000000e+01,1.691687839871307775e+00,2.222414516177396715e-01,2.090283022692495385e-01,4.781942089003834440e-01
2.510000000000000142e+01,1.697808262066833773e+00,2.244529742065757560e-01,2.129010767556331341e-01,4.813024081426490741e-01
2.520000000000000284e+01,1.701216077484124511e+00,2.262628229531576385e-01,2.128417857499189381e-01,4.843891929073620983e-01
2.530000000000000071e+01,1.706065775134436580e+00,2.277252216054936051e-01,2.130422198242258036e-01,4.858925771993379272e-01
2.540000000000000213e+01,1.712608582111134314e+00,2.281712075098634995e-01,2.125723458128089549e-01,4.866114251492238973e-01
2.550000000000000000e+01,1.718171248160507147e+00,2.267385457960045536e-01,2.120636469891872267e-01,4.858941078886311882e-01
2.560000000000000142e+01,1.724146929518578064e+00,2.257562872059591941e-01,2.119448823261624870e-01,4.855648134725992771e-01
2.570000000000000284e+01,1.727614745337623603e+00,2.244151863133590497e-01,2.111063801518466010e-01,4.850350756339740776e-01
2.580000000000000071e+01,1.731324956484590283e+00,2.232996710331213719e-01,2.099253146372042633e-01,4.830792443321368368e-01
2.590000000000000213e+01,1.737450602851984716e+00,2.225805793593287341e-01,2.080492777536163962e-01,4.828161831482101207e-01
2.600000000000000000e+01,1.738703337474175825e+00,2.223882638423886060e-01,2.064649489988295838e-01,4.821348429724776063e-01
2.610000000000000142e+01,1.741754212887161035e+00,2.218303213452119116e-01,2.068228778832178760e-01,4.822947167525788448e-01
2.620000000000000284e+01,1.746925148931898431e+00,2.216214018261220275e-01,2.072220975438362756e-01,4.822524303095386267e-01
2.630000000000000071e+01,1.751617544532758419e+00,2.208903863724820393e-01,2.058783678073148604e-01,4.820558390404487970e-01
2.640000000000000213e+01,1.756268388560288551e+00,2.216551838138167141e-01,2.071531994604620674e-01,4.852256060573073571e-01
2.650000000000000000e+01,1.759112500893272202e+00,2.230889793023361212e-01,2.095690862870941140e-01,4.872315662224681043e-01
2.660000000000000142e+01,1.761639135206589435e+00,2.245429566105317520e-01,2.096245351777746013e-01,4.879968260956560333e-01
2.670000000000000284e+01,1.762911944492050020e+00,2.263215694889881002e-01,2.111731337397810826e-01,4.892946648168473578e-01
2.680000000000000071e+01,1.767803969811283960e+00,2.273520431391137242e-01,2.126113663237373663e-01,4.911694005234878979e-01
2.690000000000000213e+01,1.765420511244863100e+00,2.273787820691137163e-01,2.125514754571669052e-01,4.904890897817533180e-01
2.700000000000000000e+01,1.765758283887076008e+00,2.270307101514680292e-01,2.122139550762748850e-01,4.877394116832932114e-01
2.710000000000000142e+01,1.766262620066065381e+00,2.257308745295353858e-01,2.092462388941453144e-01,4.852138722898168277e-01
2.720000000000000284e+01,1.765923190381525343e+00,2.238590526389101221e-01,2.095883430572477724e-01,4.834295049350156859e-01
2.730000000000000071e+01,1.769241490302199349e+00,2.223625768492972776e-01,2.100099406307267824e-01,4.820812551993266526e-01
2.740000000000000213e+01,1.769877625124967047e+00,2.221012081941972915e-01,2.093309685395438602e-01,4.813454973732030906e-01
2.750000000000000000e+01,1.768767174547080101e+00,2.222201736596338129e-01,2.088205323830239768e-01,4.814415946051761597e-01
2.760000000000000142e+01,1.769798573878964332e+00,2.227686347992731963e-01,2.095141790832098505e-01,4.835451802762250617e-01
2.770000000000000284e+01,1.769037168288358775e+00,2.238859427497299492e-01,2.113309672514356585e-01,4.861304884459326514e-01
2.780000000000000071e+01,1.772226303664393932e+00,2.242969299194738086e-01,2.125907953737618261e-01,4.882346575840488256e-01
2.790000000000000213e+01,1.775680045266163409e+00,2.254177526312845237e-01,2.117128678816588838e-01,4.902993719895383240e-01
2.800000000000000000e+01,1.781145909959469975e+00,2.261999392609243265e-01,2.128761402498973998e-01,4.926223911454907234e-01
2.810000000000000142e+01,1.789070821206048656e+00,2.264969694115637477e-01,2.130612335178657113e-01,4.933696083398320109e-01
2.820000000000000284e+01,1.791876394281596729e+00,2.269104862883292995e-01,2.122805928102266260e-01,4.927581357881619661e-01
2.830000000000000071e+01,1.795210249142222603e+00,2.270985005130634615e-01,2.135897246136887473e-01,4.919686337827217093e-01
2.840000000000000213e+01,1.799986885170403506e+00,2.266716650667789379e-01,2.129500465342668847e-01,4.916806979205379791e-01
2.850000000000000000e+01,1.805772542329930674e+00,2.263807506131088609e-01,2.112440465830017766e-01,4.915499867114518362e-01
2.860000000000000142e+01,1.807050210256425649e+00,2.250549250519157385e-01,2.121949361734180584e-01,4.907936895144510148e-01
2.870000000000000284e+01,1.810926072642467632e+00,2.239868569575588497e-01,2.117506662193731348e-01,4.895280557305964342e-01
2.880000000000000071e+01,1.810023178906349006e+00,2.242398741833600273e-01,2.108692468741200088e-01,4.888243144120902883e-01
2.890000000000000213e+01,1.808773534549191320e+00,2.253000082421937611e-01,2.101020964029370608e-01,4.898995474710419740e-01
2.900000000000000000e+01,1.809786440374751448e+00,2.272055882970287766e-01,2.114518802759312033e-01,4.918928417751011750e-01
2.910000000000000142e+01,1.810853881225049866e+00,2.289573148651761203e-01,2.133051773300489451e-01,4.934600825599543827e-01
2.920000000000000284e+01,1.815288500193733556e+00,2.321044424449994203e-01,2.156281877928588331e-01,4.963343066275299753e-01
2.930000000000000071e+01,1.819833271407351072e+00,2.333432722384471691e-01,2.184400377101818891e-01,4.971792745433735172e-01
2.940000000000000213e+01,1.825884639163832146e+00,2.325490863054009982e-01,2.168638032565246010e-01,4.978217392089947513e-01
2.950000000000000000e+01,1.827169130887616788e+00,2.307307083297930328e-01,2.167722935969287612e-01,4.958079389721060104e-01
2.960000000000000142e+01,1.832715714431895293e+00,2.280256899873780441e-01,2.153156194040721227e-01,4.931910890634484956e-01
2.970000000000000284e+01,1.834722254005463959e+00,2.249203046243053450e-01,2.132997764375868244e-01,4.914295729185549910e-01
2.980000000000000071e+01,1.832287630414482393e+00,2.237687508817449711e-01,2.101356053940121316e-01,4.887782940541371968e-01
2.990000000000000213e+01,1.830186207393588615e+00,2.228954943785049492e-01,2.083147404848115503e-01,4.877470683586344613e-01
3.000000000000000000e+01,1.836730705870999181e+00,2.233645433739818165e-01,2.093594067778505041e-01,4.881361884114771010e-01
3.010000000000000142e+01,1.840461703681282701e+00,2.244525952446468353e-01,2.117134724987530248e-01,4.897056151257908052e-01
3.020000000000000284e+01,1.848217541292163535e+00,2.250443791106014890e-01,2.122358653387415306e-01,4.909208854463825711e-01
3.030000000000000071e+01,1.853118475416492661e+00,2.256687208644031217e-01,2.124731569833387956e-01,4.916653304282311288e-01
3.040000000000000213e+01,1.856804378967194635e+00,2.263533349352249702e-01,2.121658361784365121e-01,4.929700555874687029e-01
3.050000000000000000e+01,1.858908346343859819e+00,2.266739581537786374e-01,2.117828173351005427e-01,4.938100043762799762e-01
3.060000000000000142e+01,1.860978228663003886e+00,2.263253715954610668e-01,2.141925507599285183e-01,4.942765204221474251e-01
3.070000000000000284e+01,1.861324609141927988e+00,2.271702283331146766e-01,2.157676432524722188e-01,4.947354327707347288e-01
3.080000000000000071e+01,1.864344172557782731e+00,2.277649460851177698e-01,2.166478956437616343e-01,4.950216601910993330e-01
3.090000000000000213e+01,1.863783611350395386e+00,2.274511896210029416e-01,2.159766942878077189e-01,4.936671182592439755e-01
3.100000000000000000e+01,1.866111736583996761e+00,2.273289667905198652e-01,2.172126993380233129e-01,4.934576781960007819e-01
3.110000000000000142e+01,1.868364569805800013e+00,2.265303285197706185e-01,2.155074816101002488e-01,4.945426911130189063e-01
3.120000000000000284e+01,1.867207958039208027e+00,2.260227935284142564e-01,2.127409254969794272e-01,4.945887400146849466e-01
3.130000000000000071e+01,1.865495915127428628e+00,2.264568003012167596e-01,2.120395010345346443e-01,4.945046406060527588e-01
3.140000000000000213e+01,1.869980030885179056e+00,2.272921361828328102e-01,2.105627706063585847e-01,4.958285684293197160e-01
3.150000000000000000e+01,1.873607202655570125e+00,2.286419553513906189e-01,2.124591238873222154e-01,4.982659287155326577e-01
3.160000000000000142e+01,1.875926419009675605e+00,2.296715389000509866e-01,2.131554387112663818e-01,4.995638057020377332e-01
3.170000000000000284e+01,1.876663551184141410e+00,2.291152292036047755e-01,2.141899864393290998e-01,4.989420370207187094e-01
3.180000000000000071e+01,1.877362856251052703e+00,2.278812705156174345e-01,2.142719731087819879e-01,4.974335900202425664e-01
3.190000000000000213e+01,1.873037954686460616e+00,2.267156031786088100e-01,2.142800394796934571e-01,4.954529569196647887e-01
3.200000000000000000e+01,1.873540622474170636e+00,2.251155266418972678e-01,2.162159400776971496e-01,4.934527480100748265e-01
3.210000000000000142e+01,1.872006148534680392e+00,2.237650829446322098e-01,2.130571608576827536e-01,4.929614765888894468e-01
3.220000000000000284e+01,1.870918133385408133e+00,2.229951956600816354e-01,2.129308611800788120e-01,4.920933798480986443e-01
3.230000000000000426e+01,1.870005592555709972e+00,2.233918414068936931e-01,2.130705694634644209e-01,4.915771503407465048e-01
3.239999999999999858e+01,1.869127716985067744e+00,2.237599113947907337e-01,2.135823165544180613e-01,4.920984882031465002e-01
3.250000000000000000e+01,1.867489402569950219e+00,2.240651226648819050e-01,2.131019784025429686e-01,4.922559652728650814e-01
3.260000000000000142e+01,1.868844277933088271e+00,2.253443780710449040e-01,2.132617961232397275e-01,4.940333455421834774e-01
3.270000000000000284e+01,1.868856250512064721e+00,2.270874273241137165e-01,2.161430917026587184e-01,4.963071302395920537e-01
3.280000000000000426e+01,1.871999927899315352e+00,2.272486708194869642e-01,2.173448436613281409e-01,4.987214701231674208e-01
3.289999999999999858e+01,1.876430581163414324e+00,2.275189388520314770e-01,2.150090762303802638e-01,4.985216062483032728e-01
3.300000000000000000e+01,1.881730266737392299e+00,2.282621498229155943e-01,2.148246270561776639e-01,4.985933529546529575e-01
3.310000000000000142e+01,1.885927741524057177e+00,2.285188099427753472e-01,2.139984364651113802e-01,5.001271071864495932e-01
3.320000000000000284e+01,1.890722104122960934e+00,2.297629387936740430e-01,2.142674260871106906e-01,5.024098301713212367e-01
3.330000000000000426e+01,1.895196750133017138e+00,2.304130928423548386e-01,2.139210025161795425e-01,5.044097834945613368e-01
3.339999999999999858e+01,1.899860899675684056e+00,2.298362748941131239e-01,2.145630878295809452e-01,5.061461652271268541e-01
3.350000000000000000e+01,1.903327616026817548e+00,2.295155555211094989e-01,2.121628921418470537e-01,5.047567603736102804e-01
3.360000000000000142e+01,1.904972232914808439e+00,2.290639261242116975e-01,2.152939540688686981e-01,5.027671394386901138e-01
3.370000000000000284e+01,1.906843592373653751e+00,2.291709930016428698e-01,2.148963365474281795e-01,5.013679880868061600e-01
3.380000000000000426e+01,1.912111674447775744e+00,2.290154491547507221e-01,2.164279816673069790e-01,5.007638321777819757e-01
3.389999999999999858e+01,1.913390971610030800e+00,2.281509682835392294e-01,2.149998304911967806e-01,5.003122859833902814e-01
3.400000000000000000e+01,1.914652521564057963e+00,2.281028649468221925e-01,2.153659768335820235e-01,4.993232236985968853e-01
3.410000000000000142e+01,1.915742660727717928e+00,2.286488374524561773e-01,2.173383149864280828e-01,4.993781608267753858e-01
3.420000000000000284e+01,1.916477030457445219e+00,2.280432467650465866e-01,2.170323281699846896e-01,5.007536101841812970e-01
3.430000000000000426e+01,1.920263683537448474e+00,2.277304401594012484e-01,2.179120893151195726e-01,5.009233917849847950e-01
3.439999999999999858e+01,1.928236662346346497e+00,2.285381164794997588e-01,2.188059533617694452e-01,5.029466597830661856e-01
3.450000000000000000e+01,1.934742852131944080e+00,2.310551790297614982e-01,2.215801302941874662e-01,5.074678257661557890e-01
3.460000000000000142e+01,1.945675003929988822e+00,2.334622746948294969e-01,2.214069752183229767e-01,5.113130502337746019e-01
3.470000000000000284e+01,1.951298205875318992e+00,2.344183565902548394e-01,2.205420006150042855e-01,5.133439977965301715e-01
3.480000000000000426e+01,1.958658536278979456e+00,2.342344901011527702e-01,2.212946497402278612e-01,5.153669936489297942e-01
3.489999999999999858e+01,1.965765966394537934e+00,2.332091618800298249e-01,2.182780273398731707e-01,5.160861687769159323e-01
3.500000000000000000e+01,1.967412418381521588e+00,2.316269568563527892e-01,2.160657933964686417e-01,5.151099583278410110e-01
3.510000000000000142e+01,1.975404585135408286e+00,2.301219432831606015e-01,2.144925933395919471e-01,5.123469821305433047e-01
3.520000000000000284e+01,1.980114449625626216e+00,2.282885587049734988e-01,2.132781881084871156e-01,5.089727960643398719e-01
3.530000000000000426e+01,1.984287860806434489e+00,2.273862612942481598e-01,2.136635428195883535e-01,5.072978913641420506e-01
3.539999999999999858e+01,1.983663261379560838e+00,2.266124383516438245e-01,2.136198826057659206e-01,5.061395208195499373e-01
3.550000000000000000e+01,1.983977546238238965e+00,2.255479779230800952e-01,2.155446192759985780e-01,5.037376740665728825e-01
3.560000000000000142e+01,1.984017202979275307e+00,2.254278598900645303e-01,2.166701238166644505e-01,5.027899784078322387e-01
3.570000000000000284e+01,1.991708593434013297e+00,2.274610816638375221e-01,2.179512986930534357e-01,5.069805393806637861e-01
3.580000000000000426e+01,1.995068655267197899e+00,2.297441467721084152e-01,2.200309587687715174e-01,5.105583612809573291e-01
3.589999999999999858e+01,2.002765939789214578e+00,2.342480647598898236e-01,2.229414529197187300e-01,5.160917844623028605e-01
3.600000000000000000e+01,2.008774736579090003e+00,2.398957490684356098e-01,2.253027983019699754e-01,5.216925854891856229e-01
3.610000000000000142e+01,2.014615407130933900e+00,2.439213732151080671e-01,2.299035639378469442e-01,5.274872183623429134e-01
3.620000000000000284e+01,2.019015821597303528e+00,2.450990914669667065e-01,2.306247046184185245e-01,5.304272140644982203e-01
3.630000000000000426e+01,2.025831963128550406e+00,2.447044231916546686e-01,2.295218871748317679e-01,5.314009057022242022e-01
3.639999999999999858e+01,2.028523002451505963e+00,2.430696009234485921e-01,2.275780993493368709e-01,5.299034546063488005e-01
3.650000000000000000e+01,2.031687036592821016e+00,2.409406390417636046e-01,2.254167501804821006e-01,5.276853724831497283e-01
3.660000000000000142e+01,2.033507652708986146e+00,2.379642705006040637e-01,2.237561993549367911e-01,5.259910027362825202e-01
3.670000000000000284e+01,2.039301425804054269e+00,2.359065806381408781e-01,2.218231898152468462e-01,5.246195817608687584e-01
3.680000000000000426e+01,2.045474278991217254e+00,2.347450135247053093e-01,2.220749112757059440e-01,5.234192873253996625e-01
3.689999999999999858e+01,2.050880037592785143e+00,2.343621015042125777e-01,2.219639460006416487e-01,5.224534665987080606e-01
3.700000000000000000e+01,2.055679525051930412e+00,2.331876148987923891e-01,2.218436817650644710e-01,5.218870456179034445e-01
3.710000000000000142e+01,2.060116082034284979e+00,2.328295250287088780e-01,2.225519718616112974e-01,5.220642147109656461e-01
3.720000000000000284e+01,2.067361806978968986e+00,2.342749224116671691e-01,2.228862657798811875e-01,5.222323664291779188e-01
3.730000000000000426e+01,2.065193433338033735e+00,2.358965885102422555e-01,2.238111711719726615e-01,5.242597352944969868e-01
3.739999999999999858e+01,2.072598048330869247e+00,2.381147700366534892e-01,2.245366660526860736e-01,5.267148190885044823e-01
3.750000000000000000e+01,2.074277162823324083e+00,2.396873376001710798e-01,2.262879470809915916e-01,5.274372714350360480e-01
3.760000000000000142e+01,2.075564597238599429e+00,2.404040458078671449e-01,2.256001807384214464e-01,5.277249436862341270e-01
3.770000000000000284e+01,2.075878316764828035e+00,2.408953568524064559e-01,2.263536655131818953e-01,5.295962849718692800e-01
3.780000000000000426e+01,2.077707790365836082e+00,2.413657361106033850e-01,2.305756470454021767e-01,5.302997447790328556e-01
3.789999999999999858e+01,2.077896290626599196e+00,2.421768595183157458e-01,2.319836996922610972e-01,5.312358788931816900e-01
3.800000000000000000e+01,2.082243250566471193e+00,2.434442593051885095e-01,2.331293796244545691e-01,5.338211697841787062e-01
3.810000000000000142e+01,2.087590848001962485e+00,2.440993731005466905e-01,2.354459980308173661e-01,5.361392361965149345e-01
3.820000000000000284e+01,2.088987886729538612e+00,2.434489997427141394e-01,2.320819544909775434e-01,5.355136919670132611e-01
3.830000000000000426e+01,2.087772036347296911e+00,2.410887907429761223e-01,2.292396112116610041e-01,5.338067644405081191e-01
3.840000000000000568e+01,2.091798029862157016e+00,2.388884256323385857e-01,2.261207087541167449e-01,5.307119993317495066e-01
3.850000000000000000e+01,2.097144595493771746e+00,2.379547844652917521e-01,2.267119124749058245e-01,5.291631666016316515e-01
3.860000000000000142e+01,2.099611429722674227e+00,2.386006948753292556e-01,2.261607318389297072e-01,5.316111494904572909e-01
3.870000000000000284e+01,2.102591403359124644e+00,2.408677248591008790e-01,2.239964560528292514e-01,5.349232203005315212e-01
3.880000000000000426e+01,2.098805897823281530e+00,2.421406353202076867e-01,2.242599737197880916e-01,5.359123324842480773e-01
3.890000000000000568e+01,2.100307351071673878e+00,2.425516388003808588e-01,2.269805208599471880e-01,5.365832426226381235e-01
3.900000000000000000e+01,2.103263244635438234e+00,2.429607076453056957e-01,2.283290186890195306e-01,5.379368978877389074e-01
3.910000000000000142e+01,2.108085925857477783e+00,2.428503947238226379e-01,2.289991495403633226e-01,5.379725198284300847e-01
3.920000000000000284e+01,2.113471809866460660e+00,2.442687058208198869e-01,2.315229634738281139e-01,5.407817436723559856e-01
3.930000000000000426e+01,2.116887754302123170e+00,2.458308321345653302e-01,2.338039506395737377e-01,5.444459756334176781e-01
3.940000000000000568e+01,2.120013326276924737e+00,2.459722278819232166e-01,2.348030333953128879e-01,5.450495656225050611e-01
3.950000000000000000e+01,2.116336670101633288e+00,2.462170353093140751e-01,2.340276759998572431e-01,5.451740146817937172e-01
3.960000000000000142e+01,2.113174575561424184e+00,2.455472007595763118e-01,2.347929385396463065e-01,5.436927853145681055e-01
3.970000000000000284e+01,2.110146191907135371e+00,2.444716693636684868e-01,2.347958300493883932e-01,5.411800799018278152e-01
3.980000000000000426e+01,2.111170218289731171e+00,2.436269212390309857e-01,2.310619373102911212e-01,5.395487253982957920e-01
3.990000000000000568e+01,2.115295234239860989e+00,2.423822757973155828e-01,2.306822711883639021e-01,5.389608105844096997e-01
4.000000000000000000e+01,2.121989504341399879e+00,2.410944482098698605e-01,2.290880020388290084e-01,5.380572956274854990e-01
4.010000000000000142e+01,2.126010701983230611e+00,2.392754937437810703e-01,2.302130082625166163e-01,5.358499235432122587e-01
4.020000000000000284e+01,2.124458152006020395e+00,2.383354687775730285e-01,2.288239567738636904e-01,5.329388230355099898e-01
4.030000000000000426e+01,2.127537756983042705e+00,2.372510199699211231e-01,2.296470195170178530e-01,5.318325814176980693e-01
4.040000000000000568e+01,2.125579235569871273e+00,2.359196241720731002e-01,2.269275205885641633e-01,5.300884491029468348e-01
4.050000000000000000e+01,2.128460667110927851e+00,2.347552449162435551e-01,2.245050119675207068e-01,5.290156983366276489e-01
4.060000000000000142e+01,2.126629590918126755e+00,2.355326107236689892e-01,2.270723350317181144e-01,5.303537291431018597e-01
4.070000000000000284e+01,2.124943534844873749e+00,2.361716442619148648e-01,2.258600627492060309e-01,5.324564105703742944e-01
4.080000000000000426e+01,2.128569533379870649e+00,2.355902884515626849e-01,2.278456588188871590e-01,5.328020190399639366e-01
4.090000000000000568e+01,2.131742224843625522e+00,2.357685471392402810e-01,2.276462227640425606e-01,5.338292015321649542e-01
4.100000000000000000e+01,2.143327221918585490e+00,2.379158815767631607e-01,2.279977327262270315e-01,5.364430169406658733e-01
4.110000000000000142e+01,2.153274391777238783e+00,2.396147818273433594e-01,2.289100050676873832e-01,5.401493755997183177e-01
4.120000000000000284e+01,2.156642051492395851e+00,2.408762929876439030e-01,2.294201176225602601e-01,5.447366977041515623e-01
4.130000000000000426e+01,2.159044149587502126e+00,2.431093013041154272e-01,2.322100815137217167e-01,5.465780766790415690e-01
4.140000000000000568e+01,2.164964120731898589e+00,2.445744514398818792e-01,2.330985285847400890e-01,5.466342940393190686e-01
4.150000000000000000e+01,2.170056437592721821e+00,2.459392311012831844e-01,2.370557699274164765e-01,5.468985449258707554e-01
4.160000000000000142e+01,2.175493770828837992e+00,2.454707661444363309e-01,2.373419497434176295e-01,5.467852657772291902e-01
4.170000000000000284e+01,2.175577361592327730e+00,2.453999858212911889e-01,2.377529156419616596e-01,5.476864416513584910e-01
4.180000000000000426e+01,2.175021714671375506e+00,2.438293751601445236e-01,2.366890243076822387e-01,5.473867086513898306e-01
4.190000000000000568e+01,2.172180083248136384e+00,2.412761556527190376e-01,2.347833927706490520e-01,5.443244053049731690e-01
4.200000000000000000e+01,2.173212781570964314e+00,2.390118356203144723e-01,2.336887306975684031e-01,5.419019454750627629e-01
4.210000000000000142e+01,2.174601749299040598e+00,2.383081870713615602e-01,2.308816746081755744e-01,5.416960785350329877e-01
4.220000000000000284e+01,2.177427283890074783e+00,2.378474551042586982e-01,2.296465208931887103e-01,5.407878509778347720e-01
4.230000000000000426e+01,2.178272100083828544e+00,2.362894674277209173e-01,2.266392401114679933e-01,5.384926593476091483e-01
4.240000000000000568e+01,2.178973877925150848e+00,2.350912856828417108e-01,2.270211484883971342e-01,5.381299935060729345e-01
4.250000000000000000e+01,2.182618901595006822e+00,2.342654557715446173e-01,2.270172282638334427e-01,5.374971304524355231e-01
4.260000000000000142e+01,2.187684903775343859e+00,2.351145519889061009e-01,2.264202171387888207e-01,5.394539362257032566e-01
4.270000000000000284e+01,2.194083329041286667e+00,2.365984137977366342e-01,2.290592471302377031e-01,5.437547979787952235e-01
4.280000000000000426e+01,2.201852464799388009e+00,2.398908651568596451e-01,2.324197789689101956e-01,5.475317390797188599e-01
4.290000000000000568e+01,2.205953670565881097e+00,2.432643879302333612e-01,2.348127638910672554e-01,5.499433461061811190e-01
4.300000000000000000e+01,2.211116653595439185e+00,2.454168893754095637e-01,2.396646932869302415e-01,5.516390614352117971e-01
4.310000000000000142e+01,2.212475975180076659e+00,2.469883802149394902e-01,2.415035466421944499e-01,5.527041293351165896e-01
4.320000000000000284e+01,2.217145964245657019e+00,2.473205652616211614e-01,2.413393652352328611e-01,5.524725724349872635e-01
4.330000000000000426e+01,2.221033363955079665e+00,2.464340286492812115e-01,2.406021335113850412e-01,5.508089714346031673e-01
4.340000000000000568e+01,2.219349874573413484e+00,2.438297020702577533e-01,2.396089203854669114e-01,5.480651109794422160e-01
4.350000000000000000e+01,2.214669485977584618e+00,2.424847727983153733e-01,2.361808756648803853e-01,5.479327506984991158e-01
4.360000000000000142e+01,2.213560940687291367e+00,2.413531264087995232e-01,2.369536176351327572e-01,5.491153286194205840e-01
4.370000000000000284e+01,2.210566498223983434e+00,2.402892299292957723e-01,2.347335012537846710e-01,5.497117583198353197e-01
4.380000000000000426e+01,2.209218907681914423e+00,2.399664549246048884e-01,2.351428598806555859e-01,5.507191858341807800e-01
4.390000000000000568e+01,2.210368066085886429e+00,2.401254427861303775e-01,2.333607937085043771e-01,5.520952830868779415e-01
4.400000000000000000e+01,2.216282437310334252e+00,2.408965736791594814e-01,2.340853930597739940e-01,5.544093557945456441e-01
4.410000000000000142e+01,2.210058190173939785e+00,2.406672795498392414e-01,2.346131077936439158e-01,5.542727330587731149e-01
4.420000000000000284e+01,2.206935977745574373e+00,2.405349615781138539e-01,2.339139362824380619e-01,5.535327252027998357e-01
4.430000000000000426e+01,2.203095088312997163e+00,2.419660170517112796e-01,2.371188918060351813e-01,5.551649343671819503e-01
4.440000000000000568e+01,2.203665202426935199e+00,2.435436192774627917e-01,2.359249173534842536e-01,5.562376694584394432e-01
4.450000000000000000e+01,2.201920459925993168e+00,2.431693222295057966e-01,2.376169184709473747e-01,5.562678084751278007e-01
4.460000000000000142e+01,2.206812417471614385e+00,2.426585263836528172e-01,2.359869432737656536e-01,5.572518094494448571e-01
4.470000000000000284e+01,2.207124771805973218e+00,2.440114998296624427e-01,2.379452551060376730e-01,5.556711403764451607e-01
4.480000000000000426e+01,2.205341510454608578e+00,2.429580470049619301e-01,2.400485741177259269e-01,5.538944945151674792e-01
4.490000000000000568e+01,2.208057796473977152e+00,2.431807005442163383e-01,2.410103941141882034e-01,5.531498869573222565e-01
4.500000000000000000e+01,2.211433238759249686e+00,2.432914325502355257e-01,2.417281566205565779e-01,5.532464086131551051e-01
4.510000000000000142e+01,2.207138607375864758e+00,2.422770563563173551e-01,2.408148303115748012e-01,5.512883502769048150e-01
4.520000000000000284e+01,2.207090278948202755e+00,2.402274580593457276e-01,2.381655648932348435e-01,5.503653075283111429e-01
4.530000000000000426e+01,2.207211948002118174e+00,2.389438678393201176e-01,2.356239277329588711e-01,5.503377709017749364e-01
4.540000000000000568e+01,2.204752160550986329e+00,2.385566561570061084e-01,2.344748516107450498e-01,5.495928337867141966e-01
4.550000000000000000e+01,2.203353100726750835e+00,2.381551179892413828e-01,2.326546178462333692e-01,5.495535135785475367e-01
4.560000000000000142e+01,2.205763453154219622e+00,2.370675132209996983e-01,2.310801198770077725e-01,5.503658923525591717e-01
4.570000000000000284e+01,2.201976662589627320e+00,2.361954216114886262e-01,2.309282145278125364e-01,5.508509722513766915e-01
4.580000000000000426e+01,2.202164337416048667e+00,2.365842088399675303e-01,2.306404513866393280e-01,5.512917789292883786e-01
4.590000000000000568e+01,2.198780621928339674e+00,2.380271879397858059e-01,2.340415743923779102e-01,5.508925557857355937e-01
4.600000000000000000e+01,2.201834549620799830e+00,2.402434179931372538e-01,2.361006786009088032e-01,5.531701816949292638e-01
4.610000000000000142e+01,2.205144397403616896e+00,2.431251593130581146e-01,2.420222791358337400e-01,5.572138408741601490e-01
4.620000000000000284e+01,2.205682744419149799e+00,2.451281963298003186e-01,2.426577303788755025e-01,5.608960826307602954e-01
4.630000000000000426e+01,2.207527533068180059e+00,2.454526880305603898e-01,2.436164383113454401e-01,5.635462520938691044e-01
4.640000000000000568e+01,2.207812872897463308e+00,2.450292106078786336e-01,2.428906019216140189e-01,5.628154034072572198e-01
4.650000000000000000e+01,2.202734724591341120e+00,2.451077297785382303e-01,2.412916615534185794e-01,5.602350431279912168e-01
4.660000000000000142e+01,2.202632198892090720e+00,2.457846273544525839e-01,2.417636794765097297e-01,5.603590429052002220e-01
4.670000000000000284e+01,2.200234120410955008e+00,2.458226845135552396e-01,2.414310333886996174e-01,5.620373770402981028e-01
4.680000000000000426e+01,2.196118674535703086e+00,2.452099568098279614e-01,2.404503855826915504e-01,5.626584410374968481e-01
4.690000000000000568e+01,2.193263203020682006e+00,2.443200676815380223e-01,2.396425807029004262e-01,5.626245178193844954e-01
4.700000000000000000e+01,2.189718846801295804e+00,2.436967931796326647e-01,2.382862607348907036e-01,5.618126155352779483e-01
4.710000000000000142e+01,2.191970697771689291e+00,2.429568816718276625e-01,2.367154639213165379e-01,5.603889285264559428e-01
4.720000000000000284e+01,2.188132845364713752e+00,2.426275483828301827e-01,2.375830077725529232e-01,5.598924915764854626e-01
4.730000000000000426e+01,2.183479708398446739e+00,2.418340324895486559e-01,2.378733301884599083e-01,5.600407089084677992e-01
4.740000000000000568e+01,2.180612143280084236e+00,2.405506732073920684e-01,2.393987488289621990e-01,5.595166861654624624e-01
4.750000000000000000e+01,2.181092506446378199e+00,2.386309990537641701e-01,2.387952970900324434e-01,5.577807040341964395e-01
4.760000000000000142e+01,2.178739701504754045e+00,2.370449057686710992e-01,2.394583102604501135e-01,5.555317396871620739e-01
4.770000000000000284e+01,2.179618729507534880e+00,2.377399654090219250e-01,2.408229603646787342e-01,5.562720603663341423e-01
4.780000000000000426e+01,2.177309369616843515e+00,2.387681682243640024e-01,2.382910011816006257e-01,5.592502920798804178e-01
4.790000000000000568e+01,2.177582367050409307e+00,2.403873988770639236e-01,2.391811641988649817e-01,5.620170718005532695e-01
4.800000000000000000e+01,2.180830002705982817e+00,2.429098882016229588e-01,2.421465514767450200e-01,5.637848947324362037e-01
4.810000000000000142e+01,2.186878936652163041e+00,2.442107926799242656e-01,2.452375270963166598e-01,5.652627600346322723e-01
4.820000000000000284e+01,2.189596977305447112e+00,2.447532497862033862e-01,2.505657279469896137e-01,5.672272748268709641e-01
4.830000000000000426e+01,2.187031320934344159e+00,2.465652653860215537e-01,2.464484295216960719e-01,5.686969322997413867e-01
4.840000000000000568e+01,2.187473120854747766e+00,2.472457485076756944e-01,2.471139439320441111e-01,5.701325856411718629e-01
4.850000000000000000e+01,2.178739451263735027e+00,2.464091550727625368e-01,2.456483766722485362e-01,5.711409214578647697e-01
4.860000000000000142e+01,2.176186299856756268e+00,2.460588712269959899e-01,2.459762998804652101e-01,5.721848824830679803e-01
4.870000000000000284e+01,2.173398467038202053e+00,2.455892790108927803e-01,2.428341475621901835e-01,5.730964852043705093e-01
4.880000000000000426e+01,2.168317312420537935e+00,2.441986581234956433e-01,2.414982370300877701e-01,5.730482857161421917e-01
4.890000000000000568e+01,2.167095329313699636e+00,2.435865564639593528e-01,2.395790241510336871e-01,5.719146284883763753e-01
4.900000000000000000e+01,2.169960824902697816e+00,2.428874406635081196e-01,2.403000627761756325e-01,5.713161782802377298e-01
4.910000000000000142e+01,2.174036607192653570e+00,2.429985663497249704e-01,2.403886110541209042e-01,5.708104978928901785e-01
4.920000000000000284e+01,2.175294783607248927e+00,2.414910094747944047e-01,2.381535798544091309e-01,5.696966501560808416e-01
4.930000000000000426e+01,2.175659045108762069e+00,2.415723362090878290e-01,2.397731688944992334e-01,5.697262187974739822e-01
4.940000000000000568e+01,2.180242458382636972e+00,2.419683655094865271e-01,2.398501503257028378e-01,5.712990635983544729e-01
4.950000000000000000e+01,2.182236436836602067e+00,2.421229816195854812e-01,2.432297064968650391e-01,5.705658356226270822e-01
4.960000000000000142e+01,2.184319240058230527e+00,2.422347909888842299e-01,2.431819329573862154e-01,5.685677861800941812e-01
4.970000000000000284e+01,2.187756423829952723e+00,2.443890333316403596e-01,2.419017587154699278e-01,5.697032111447135616e-01
4.980000000000000426e+01,2.192266531949315311e+00,2.470539953205411476e-01,2.446633168917037027e-01,5.714461550577195625e-01
4.990000000000000568e+01,2.191951943001340997e+00,2.474982970753310252e-01,2.471123203949433522e-01,5.731349440361751535e-01
5.000000000000000000e+01,2.191508071048688944e+00,2.451017595175095654e-01,2.450319860455214827e-01,5.718211214745060333e-01
5.010000000000000142e+01,2.185518841711528992e+00,2.424847784241674908e-01,2.436298892759228008e-01,5.701384079009067518e-01
5.020000000000000284e+01,2.188044155444018646e+00,2.409160340159343661e-01,2.412363230326078634e-01,5.677996729262752007e-01
5.030000000000000426e+01,2.187825353166454434e+00,2.383584668389792660e-01,2.390409564567555212e-01,5.648884262748439244e-01
5.040000000000000568e+01,2.186617576975820487e+00,2.368458653182577145e-01,2.380992249648997972e-01,5.620587584076708332e-01
5.050000000000000000e+01,2.180120351059101846e+00,2.363137973942724401e-01,2.385165259647096525e-01,5.612620942721314732e-01
5.060000000000000142e+01,2.181808603902076982e+00,2.353032315222103876e-01,2.423985025405244464e-01,5.603076964633371126e-01
5.070000000000000284e+01,2.185957913005891484e+00,2.348599429707435848e-01,2.404188283043144636e-01,5.618876431573710528e-01
5.080000000000000426e+01,2.187333799685957203e+00,2.351417600810243314e-01,2.420079510572229753e-01,5.634690652162359648e-01
5.090000000000000568e+01,2.183620697826565760e+00,2.345316938561371745e-01,2.415573574199108842e-01,5.631543508284030386e-01
5.100000000000000000e+01,2.190782773620290946e+00,2.364175642222421658e-01,2.447337105914713928e-01,5.665826933527917664e-01
5.110000000000000142e+01,2.193868105682581948e+00,2.389101144712623970e-01,2.448560916085378569e-01,5.696092114343890289e-01
5.120000000000000284e+01,2.195167726926247287e+00,2.417781478553247543e-01,2.436057943533377901e-01,5.713371766879452585e-01
5.130000000000000426e+01,2.200043528338774479e+00,2.446120080629787807e-01,2.474988467601285103e-01,5.718501223585623627e-01
5.140000000000000568e+01,2.203511544674106926e+00,2.462186928390931728e-01,2.501260230590048872e-01,5.724235517847597876e-01
5.150000000000000000e+01,2.208027288956667888e+00,2.472831868220434492e-01,2.508784755128520283e-01,5.738111406293593397e-01
5.160000000000000142e+01,2.208654283818066499e+00,2.463676979167398196e-01,2.479595259931592077e-01,5.738307218698188716e-01
5.170000000000000284e+01,2.206085103668022906e+00,2.449750761003644806e-01,2.497575967249816564e-01,5.731937050560745872e-01
5.180000000000000426e+01,2.208440665544296522e+00,2.442268493557781806e-01,2.493721704733203870e-01,5.745425843260096865e-01
5.190000000000000568e+01,2.208609679941179849e+00,2.433150471668062143e-01,2.470916948872504681e-01,5.742149226035780929e-01
5.200000000000000000e+01,2.207092357136197336e+00,2.404173160567431022e-01,2.420151279290845558e-01,5.715642972800829558e-01
5.210000000000000142e+01,2.205294902228308818e+00,2.396862027920541316e-01,2.431644689384353519e-01,5.692850158491925550e-01
5.220000000000000284e+01,2.207501347929137214e+00,2.394206518453706745e-01,2.438508162351469555e-01,5.682317603610697043e-01
5.230000000000000426e+01,2.211886193055505601e+00,2.395448474522602345e-01,2.446372680139564382e-01,5.694821487561426698e-01
5.240000000000000568e+01,2.214213133025263680e+00,2.404993961788058354e-01,2.463242269142329466e-01,5.712335776999828418e-01
5.250000000000000000e+01,2.217112297071449412e+00,2.413590965558762846e-01,2.461044569568522911e-01,5.707255299032172324e-01
5.260000000000000142e+01,2.214782945593311680e+00,2.418621056786513512e-01,2.471558655308777608e-01,5.702238091928034658e-01
5.270000000000000284e+01,2.210549773735549728e+00,2.422722729584510515e-01,2.461070588112533319e-01,5.739932268580851815e-01
5.280000000000000426e+01,2.215800750891872006e+00,2.444709247510220007e-01,2.496222712239659081e-01,5.794612120456191784e-01
5.290000000000000568e+01,2.220582570765760710e+00,2.461966132085132708e-01,2.506211193567700612e-01,5.820544038178813162e-01
5.300000000000000000e+01,2.215382708789416011e+00,2.462744610405668277e-01,2.497494054330327284e-01,5.816638721516654842e-01
5.310000000000000142e+01,2.218065846481460213e+00,2.464509755288929738e-01,2.498877352062831014e-01,5.817228110718840606e-01
5.320000000000000284e+01,2.221133253508312588e+00,2.456675899938598751e-01,2.478862242363891466e-01,5.780805150800711889e-01
5.330000000000000426e+01,2.218297800301279654e+00,2.429545428675751739e-01,2.460918548728939226e-01,5.738843768536433521e-01
5.340000000000000568e+01,2.216007112236914267e+00,2.413867166285670607e-01,2.433009209179581578e-01,5.729019545026438065e-01
5.350000000000000000e+01,2.217348146316662216e+00,2.415994509671355595e-01,2.438199080061887736e-01,5.733025181840890605e-01
5.360000000000000142e+01,2.225762215825430435e+00,2.421514078409258697e-01,2.460847227835121775e-01,5.736951812268167306e-01
5.370000000000000284e+01,2.227243738871973910e+00,2.429254829439954910e-01,2.464475273583183468e-01,5.748438599355558676e-01
5.380000000000000426e+01,2.237859192464747071e+00,2.429648927695914618e-01,2.475257880222812290e-01,5.786624681501997269e-01
5.390000000000000568e+01,2.248816422976720020e+00,2.429643732220691521e-01,2.483376370838240033e-01,5.827823153963648251e-01
5.400000000000000000e+01,2.256131230850903613e+00,2.433704429160046256e-01,2.516201917777197705e-01,5.836075386841851342e-01
5.410000000000000142e+01,2.252949917869686569e+00,2.439324472172462455e-01,2.507103973221478932e-01,5.815608409753795227e-01
5.420000000000000284e+01,2.254096132840780253e+00,2.433254065941805322e-01,2.472598960774779198e-01,5.798318256449114250e-01
5.430000000000000426e+01,2.258363563640499283e+00,2.417060716877001414e-01,2.434131107165576346e-01,5.785852550692962559e-01
5.440000000000000568e+01,2.258992496162096408e+00,2.398560105857465152e-01,2.427310884554076675e-01,5.755629682153405868e-01
5.450000000000000000e+01,2.264057777050858533e+00,2.381205151476915027e-01,2.446786309832983675e-01,5.728632287244581622e-01
5.460000000000000142e+01,2.261514244884339053e+00,2.377306422654865137e-01,2.454022685962926609e-01,5.733904311475883642e-01
5.470000000000000284e+01,2.267795718908985236e+00,2.384297262698936160e-01,2.454733349253333252e-01,5.756067393718009573e-01
5.480000000000000426e+01,2.272341330468650167e+00,2.386959357506309720e-01,2.418992267388782313e-01,5.772390207055481115e-01
5.490000000000000568e+01,2.270958762626099858e+00,2.408367914418916012e-01,2.446075942924166025e-01,5.798224801875782042e-01
5.500000000000000000e+01,2.273207012927691562e+00,2.431872387250995082e-01,2.479589274645676023e-01,5.813392114893305429e-01
5.510000000000000142e+01,2.271739912566410169e+00,2.438209383671368080e-01,2.483892910725435388e-01,5.819655330769714086e-01
5.520000000000000284e+01,2.270130934813924029e+00,2.426860656674645067e-01,2.480744719233753115e-01,5.812512798672629932e-01
5.530000000000000426e+01,2.270492379283405526e+00,2.420455610890386022e-01,2.482938233163740904e-01,5.793713553918613535e-01
5.540000000000000568e+01,2.273841728912076920e+00,2.405852643527126578e-01,2.490930922720217267e-01,5.782165934697933718e-01
5.550000000000000000e+01,2.278295403629996052e+00,2.402323562908962595e-01,2.494157413932001632e-01,5.790998622077402347e-01
5.560000000000000142e+01,2.282936332030026882e+00,2.390112848556994185e-01,2.483111269037825974e-01,5.788006510069010346e-01
5.570000000000000284e+01,2.279808205006492727e+00,2.382294354073901388e-01,2.474474841190204555e-01,5.813795358168358796e-01
5.580000000000000426e+01,2.280241762167532826e+00,2.385272284939201903e-01,2.459548356273452974e-01,5.826612371739536833e-01
5.590000000000000568e+01,2.279198904626414723e+00,2.390101122523483890e-01,2.476369856000111003e-01,5.835035462996909228e-01
5.600000000000000000e+01,2.279870578139576498e+00,2.390545776423975421e-01,2.488035889417093693e-01,5.844281128103294698e-01
5.610000000000000142e+01,2.282911321349973210e+00,2.408372734278727001e-01,2.512984603960856100e-01,5.871055276682202173e-01
5.620000000000000284e+01,2.280461109089664706e+00,2.428075558683042146e-01,2.508845454892741356e-01,5.878874243233135344e-01
5.630000000000000426e+01,2.277503583630928308e+00,2.433094290761655121e-01,2.520705024484969359e-01,5.873986499863601551e-01
5.640000000000000568e+01,2.280203560997215995e+00,2.448081551533553279e-01,2.526973127333674851e-01,5.889065652513725269e-01
5.650000000000000000e+01,2.285154828036156882e+00,2.465133970401468255e-01,2.536536831653856128e-01,5.903150412015634174e-01
5.660000000000000142e+01,2.283622648978950842e+00,2.473571837559344622e-01,2.539041412522178298e-01,5.890485279297146270e-01
5.670000000000000284e+01,2.283276253967160940e+00,2.480221439865710475e-01,2.525467401115341071e-01,5.902518552207205449e-01
5.680000000000000426e+01,2.287182411575749086e+00,2.477791284878225198e-01,2.546463096105221480e-01,5.921548199951283120e-01
5.690000000000000568e+01,2.289170294310347575e+00,2.460928470653496458e-01,2.554969284589413969e-01,5.942350095866337778e-01
5.700000000000000000e+01,2.287233194324754582e+00,2.455755260170011112e-01,2.553123604395518553e-01,5.951269831429558677e-01
5.710000000000000142e+01,2.286526384957757951e+00,2.452758191734593918e-01,2.551658824539974613e-01,5.950145865178377846e-01
5.720000000000000284e+01,2.285835779190431793e+00,2.441483605028393900e-01,2.551091692406463607e-01,5.936408810870517083e-01
5.730000000000000426e+01,2.288055833921243565e+00,2.440301350077854758e-01,2.550730764893867075e-01,5.931762499745447670e-01
5.740000000000000568e+01,2.284897022508830311e+00,2.425027508443508839e-01,2.542010650200587918e-01,5.909419562445695773e-01
5.750000000000000000e+01,2.279737084709115624e+00,2.412444431713408888e-01,2.531804557267132161e-01,5.859807930172474810e-01
5.760000000000000142e+01,2.279127695757934280e+00,2.384289321601809064e-01,2.532171838616701365e-01,5.822128256203822350e-01
5.770000000000000284e+01,2.281423706162919007e+00,2.357814643034246149e-01,2.536023089296180477e-01,5.809338283066859399e-01
5.780000000000000426e+01,2.278669195902903066e+00,2.346212454273744474e-01,2.539487137708011932e-01,5.816787621340953063e-01
5.790000000000000568e+01,2.272820049883538474e+00,2.346962123274456136e-01,2.519528371280410628e-01,5.825426812566185664e-01
5.800000000000000000e+01,2.275636397743177053e+00,2.359365925606712322e-01,2.547167417454713201e-01,5.840626981998506828e-01
5.810000000000000142e+01,2.280481050280739552e+00,2.383255220498326499e-01,2.596490210877924198e-01,5.877425892489950288e-01
5.820000000000000284e+01,2.282859221051450227e+00,2.395263978866610244e-01,2.604631020116576767e-01,5.908012066197332324e-01
5.830000000000000426e+01,2.282172562200452504e+00,2.393468335233790434e-01,2.593010896387514808e-01,5.908405650875939719e-01
5.840000000000000568e+01,2.289611805555483048e+00,2.382875690617655973e-01,2.606694362319760261e-01,5.885924587243370754e-01
5.850000000000000000e+01,2.293718385579150532e+00,2.362921940534049858e-01,2.596519588148571422e-01,5.874621234043694296e-01
5.860000000000000142e+01,2.298856920676069393e+00,2.364521198264298574e-01,2.583905304724650742e-01,5.885743253007650333e-01
5.870000000000000284e+01,2.297943029030804052e+00,2.361680350397463990e-01,2.549188580095370638e-01,5.904460644928568591e-01
5.880000000000000426e+01,2.304062222817207850e+00,2.381680930240134275e-01,2.550053255600320812e-01,5.956616175891391585e-01
5.890000000000000568e+01,2.304013969180649379e+00,2.410464491547613941e-01,2.553012482959516882e-01,6.017561161005541281e-01
5.900000000000000000e+01,2.300044086725457682e+00,2.448318212296811403e-01,2.583294509852789855e-01,6.062265357325875570e-01
5.910000000000000142e+01,2.293474420523904378e+00,2.474404500321433775e-01,2.621593445272713541e-01,6.079712839828009807e-01
5.920000000000000284e+01,2.289564421406562023e+00,2.469665087308699769e-01,2.629474808115119244e-01,6.061920314682002209e-01
5.930000000000000426e+01,2.285235631832256864e+00,2.456872007794832224e-01,2.655142599968509098e-01,6.056702707151399023e-01
5.940000000000000568e+01,2.280306501294122601e+00,2.448840413479971001e-01,2.693906843465971312e-01,6.049585926798007884e-01
5.950000000000000000e+01,2.277473010088149064e+00,2.440722960448343248e-01,2.685933679849305533e-01,6.014388280702929190e-01
5.960000000000000142e+01,2.277134593654215333e+00,2.426640533462730842e-01,2.694947888936489178e-01,5.988903441844096731e-01
5.970000000000000284e+01,2.280689670082029163e+00,2.420742787609012903e-01,2.664003371233510942e-01,5.977382543097095047e-01
5.980000000000000426e+01,2.278055317889503328e+00,2.417607034733765814e-01,2.660556309371054362e-01,5.964117968148756610e-01
5.990000000000000568e+01,2.271069642452776538e+00,2.421140764565881953e-01,2.643428336558670821e-01,5.990066791581953876e-01
6.000000000000000000e+01,2.274682697653555241e+00,2.436651785970413153e-01,2.633114063732794885e-01,6.058305331135980243e-01
6.010000000000000142e+01,2.281864791600669573e+00,2.435923812925696041e-01,2.613645931276715739e-01,6.086597623509920618e-01
6.020000000000000284e+01,2.281107073082994319e+00,2.421676266202713035e-01,2.591105952027923376e-01,6.074394911235651007e-01
6.030000000000000426e+01,2.270078212366438475e+00,2.399075425919784676e-01,2.583446377824211715e-01,6.072344608021627010e-01
6.040000000000000568e+01,2.270721005931568115e+00,2.386781008941430138e-01,2.574068816550929006e-01,6.094254287548851456e-01
6.050000000000000000e+01,2.268649846484103616e+00,2.402772852521976588e-01,2.603874447003424186e-01,6.103319247838653316e-01
6.060000000000000142e+01,2.267083673832781976e+00,2.440203014037872487e-01,2.640038858011900524e-01,6.104787918977147010e-01
6.070000000000000284e+01,2.260393823194437157e+00,2.467687924090129492e-01,2.677947125153834484e-01,6.107740935123108228e-01
6.080000000000000426e+01,2.259582543603172677e+00,2.485591267033869789e-01,2.719532334999514855e-01,6.122901637394454477e-01
6.090000000000000568e+01,2.251537982329132603e+00,2.478288360890011643e-01,2.733378859819756146e-01,6.129024510101225287e-01
6.100000000000000000e+01,2.248838583624380938e+00,2.464779826337766544e-01,2.754081494707998345e-01,6.115139966810068106e-01
6.110000000000000142e+01,2.241291522856905249e+00,2.439795299472781731e-01,2.718489250635599541e-01,6.070566812529252232e-01
6.120000000000000284e+01,2.247450028477146589e+00,2.427277979561964227e-01,2.708351511998721151e-01,6.044287463942717986e-01
6.130000000000000426e+01,2.251043947392412647e+00,2.424028320890879162e-01,2.688792562179374568e-01,6.064890324359337725e-01
6.140000000000000568e+01,2.254713225212618521e+00,2.429896207920680395e-01,2.682138744397013497e-01,6.095055679758800693e-01
6.150000000000000000e+01,2.257808005005781826e+00,2.427665686463644501e-01,2.672799729308674710e-01,6.088908955486262986e-01
6.160000000000000142e+01,2.250446402076208496e+00,2.437719038236795255e-01,2.685651883540191576e-01,6.083056438209870631e-01
6.170000000000000284e+01,2.248087529643686189e+00,2.434761986966392233e-01,2.656872866822293511e-01,6.097592694175657524e-01
6.180000000000000426e+01,2.248595414929573266e+00,2.416874513998873431e-01,2.652662236924525629e-01,6.092851053651848758e-01
6.190000000000000568e+01,2.249461794151606409e+00,2.417512781233512875e-01,2.643570155895743068e-01,6.084694497695002369e-01
6.200000000000000000e+01,2.254858316624897885e+00,2.407996890572423054e-01,2.619890601046541145e-01,6.081091783203447232e-01
6.210000000000000142e+01,2.256501205956751299e+00,2.417466463832257939e-01,2.693771743220715886e-01,6.073927885657213199e-01
6.220000000000000284e+01,2.259168311057270895e+00,2.414672927987459861e-01,2.718725849420808305e-01,6.043343082293026747e-01
6.230000000000000426e+01,2.251911371645720195e+00,2.407069328055635726e-01,2.712555649731456797e-01,6.012040277218296813e-01
6.240000000000000568e+01,2.255863257245533493e+00,2.408935706344855487e-01,2.720866828148418848e-01,6.023076601457110213e-01
6.250000000000000000e+01,2.260126887074098700e+00,2.418039842563761976e-01,2.739878551410397933e-01,6.047904525899778783e-01
6.260000000000000142e+01,2.271621996552722234e+00,2.437357108329595567e-01,2.768023541794268350e-01,6.094938123353348391e-01
6.270000000000000284e+01,2.273046557542202972e+00,2.459839559990107671e-01,2.778389346955884576e-01,6.120538448348249450e-01
6.280000000000000426e+01,2.280986332023272833e+00,2.498841647656859510e-01,2.794501475233207577e-01,6.138045527547013602e-01
6.290000000000000568e+01,2.290920065538879946e+00,2.525004454744891880e-01,2.817979902403648373e-01,6.173353187588818125e-01
6.300000000000000000e+01,2.295376014928238728e+00,2.521321364544212851e-01,2.840091791663752474e-01,6.192122778761185442e-01
6.310000000000000142e+01,2.294424772673608448e+00,2.500670570658706793e-01,2.811472375317444206e-01,6.165748966400294018e-01
6.320000000000000284e+01,2.302684192689802511e+00,2.502743127343761698e-01,2.791332631994097868e-01,6.174513620597884556e-01
6.330000000000000426e+01,2.303649999738620835e+00,2.497854751111240057e-01,2.742503499074551154e-01,6.158382670559496841e-01
6.340000000000000568e+01,2.300259590718052749e+00,2.486190434971680407e-01,2.749751221094515197e-01,6.127242420105560861e-01
6.350000000000000000e+01,2.295327720610011113e+00,2.488837145093233116e-01,2.770372845338339718e-01,6.137556731872308990e-01
6.360000000000000142e+01,2.297694517919508073e+00,2.492271085662914332e-01,2.778416320994349653e-01,6.158088712535638720e-01
6.370000000000000284e+01,2.308758160768953793e+00,2.491882702184854137e-01,2.782928338320599382e-01,6.174667305783676508e-01
6.380000000000000426e+01,2.311241425936298999e+00,2.477953530259045523e-01,2.787543651780880483e-01,6.146535522647906813e-01
6.390000000000000568e+01,2.319161214886553690e+00,2.459894275246096718e-01,2.799933772730641146e-01,6.134554943950560890e-01
6.400000000000000000e+01,2.331156026444848539e+00,2.468920052712716973e-01,2.839523458137513390e-01,6.144582809499012921e-01
6.410000000000000853e+01,2.338474718215603598e+00,2.501855177330305491e-01,2.854761525773241715e-01,6.162279240182498841e-01
6.420000000000000284e+01,2.343495632494228431e+00,2.543496358125099110e-01,2.867417042783781955e-01,6.198663764121715714e-01
6.429999999999999716e+01,2.350233662704703352e+00,2.570313825026803167e-01,2.890125748144342643e-01,6.219120341973908284e-01
6.440000000000000568e+01,2.354687544016320189e+00,2.595815765396392583e-01,2.903698662503863548e-01,6.228266297942085528e-01
6.450000000000000000e+01,2.358290355870858779e+00,2.619815798524876005e-01,2.863598197884337226e-01,6.269815241967234831e-01
6.460000000000000853e+01,2.360096312454297962e+00,2.601463877422977578e-01,2.883129833677569032e-01,6.286841720749006823e-01
6.470000000000000284e+01,2.358979913348437485e+00,2.556940830765020989e-01,2.845493327842779641e-01,6.261276487209125330e-01
6.479999999999999716e+01,2.358785637908885846e+00,2.534049472754489885e-01,2.823661178103456515e-01,6.232235364398505117e-01
6.490000000000000568e+01,2.360827372299934446e+00,2.499437581738498393e-01,2.818282431802580645e-01,6.190245475872120373e-01
6.500000000000000000e+01,2.359901735563528113e+00,2.459552063286723211e-01,2.820201115491908772e-01,6.150155427154737620e-01
6.510000000000000853e+01,2.354247232269909507e+00,2.421554702381278068e-01,2.779955192825214194e-01,6.092711221234851093e-01
6.520000000000000284e+01,2.353513143085868009e+00,2.392311565166503062e-01,2.691831286958773495e-01,6.043337563056114803e-01
6.529999999999999716e+01,2.349522082754845087e+00,2.399672896314480330e-01,2.726384376912611707e-01,6.025995690146406236e-01
6.540000000000000568e+01,2.356311843368712022e+00,2.429400085783170182e-01,2.744394967767435634e-01,6.075605060659260426e-01
6.550000000000000000e+01,2.362354975984175098e+00,2.467794379066087229e-01,2.835615025627415409e-01,6.165436358693080487e-01
6.560000000000000853e+01,2.359671774346771222e+00,2.520098561645281454e-01,2.846374418082089908e-01,6.252510013615470985e-01
6.570000000000000284e+01,2.365928530048932998e+00,2.577388639981463281e-01,2.840878103930445375e-01,6.306539566925369877e-01
6.579999999999999716e+01,2.367066202423863341e+00,2.631256156102197430e-01,2.925548494755553786e-01,6.357654743729604929e-01
6.590000000000000568e+01,2.370263834048258911e+00,2.661974405501957852e-01,2.965221760648067972e-01,6.390315315752904679e-01
6.600000000000000000e+01,2.362428288051028336e+00,2.657429693579947405e-01,2.992468299812635069e-01,6.369804623315588055e-01
6.610000000000000853e+01,2.358977467525039895e+00,2.630733958981777421e-01,2.955193127490096106e-01,6.323845635793456932e-01
6.620000000000000284e+01,2.359752195812355513e+00,2.593650194076069782e-01,2.937554134394085859e-01,6.288199912230454380e-01
6.629999999999999716e+01,2.350287615770375371e+00,2.559633206399073990e-01,2.911184366040587279e-01,6.247322180009886594e-01
6.640000000000000568e+01,2.340346711975107574e+00,2.531224681047278269e-01,2.866847624715856413e-01,6.200996888081519165e-01
6.650000000000000000e+01,2.345159420176801124e+00,2.516293084680533143e-01,2.840122794324299038e-01,6.184455016961009077e-01
6.660000000000000853e+01,2.344631075760385208e+00,2.502251086781049905e-01,2.840588824946682633e-01,6.188560598544282643e-01
6.670000000000000284e+01,2.336121635503713989e+00,2.488242353342113300e-01,2.833524040740448835e-01,6.172564994647524728e-01
6.679999999999999716e+01,2.331051053694858766e+00,2.484779081270616918e-01,2.819601510967259528e-01,6.137197979007547044e-01
6.690000000000000568e+01,2.321680874763023095e+00,2.482714001944404947e-01,2.841485492544147395e-01,6.111781600280015159e-01
6.700000000000000000e+01,2.317506282827156205e+00,2.476573562642310766e-01,2.837517946579126704e-01,6.126072360904709635e-01
6.710000000000000853e+01,2.323343124112193347e+00,2.482527649232086908e-01,2.859484665144871318e-01,6.141855800058687587e-01
6.720000000000000284e+01,2.323257465853648895e+00,2.479887962750040031e-01,2.842545355805002338e-01,6.156628326042971056e-01
6.729999999999999716e+01,2.326811153224058515e+00,2.483326345616310160e-01,2.887362099841134788e-01,6.167270876131413226e-01
6.740000000000000568e+01,2.329956576238815469e+00,2.502547203316806135e-01,2.863029517169031202e-01,6.162315754245523136e-01
6.750000000000000000e+01,2.332798441380404153e+00,2.500803761586901097e-01,2.890741777574399873e-01,6.138407255531503903e-01
6.760000000000000853e+01,2.331699824632543105e+00,2.501466658773969232e-01,2.927347896426092944e-01,6.156168334325892166e-01
6.770000000000000284e+01,2.337593008488534796e+00,2.534473615137580182e-01,2.980518142620848243e-01,6.209191926459934896e-01
6.779999999999999716e+01,2.340925401617292678e+00,2.569123532189459547e-01,3.014841911626748860e-01,6.257716581487930974e-01
6.790000000000000568e+01,2.333443503030228516e+00,2.599081426318872179e-01,3.062929045758354119e-01,6.256861449985148260e-01
6.800000000000000000e+01,2.329569319711079167e+00,2.606192032066606545e-01,3.057745322193083370e-01,6.269262830989810187e-01
6.810000000000000853e+01,2.333040452332784120e+00,2.587339697579612574e-01,3.048105615262449719e-01,6.286213632866642920e-01
6.820000000000000284e+01,2.332429237531163491e+00,2.555950364186945212e-01,3.018232208518659698e-01,6.260818983425203710e-01
6.829999999999999716e+01,2.332652410899582751e+00,2.517984125210208646e-01,3.002109565457676266e-01,6.206466352187209878e-01
6.840000000000000568e+01,2.330994083995073574e+00,2.484530328616221528e-01,2.967563475902264547e-01,6.142086823239025772e-01
6.850000000000000000e+01,2.325593472565305575e+00,2.456822738589991839e-01,2.877418081802071703e-01,6.099489154537519608e-01
6.860000000000000853e+01,2.325508361717986361e+00,2.412437853386895925e-01,2.849898586435396508e-01,6.064488259659529534e-01
6.870000000000000284e+01,2.327422928844914196e+00,2.383991619947593565e-01,2.859866167812511462e-01,6.059182352578222908e-01
6.879999999999999716e+01,2.323737450354918632e+00,2.401352282272507244e-01,2.878874808371622018e-01,6.066287654433930587e-01
6.890000000000000568e+01,2.319358767213751449e+00,2.426053435812395298e-01,2.882504825203334731e-01,6.074027565807074147e-01
6.900000000000000000e+01,2.316271659695230856e+00,2.455111869733769547e-01,2.906103318566851668e-01,6.091851836700924450e-01
6.910000000000000853e+01,2.307424169414514115e+00,2.482781832660937993e-01,2.963027337070766043e-01,6.126238674659328920e-01
6.920000000000000284e+01,2.295999940189382915e+00,2.503795331660602086e-01,2.989313448904271642e-01,6.137489809899681070e-01
6.929999999999999716e+01,2.294848722793304763e+00,2.488929658995753524e-01,2.997209806241227237e-01,6.101930458718362038e-01
6.940000000000000568e+01,2.290544906184300622e+00,2.469026535725662441e-01,2.976441117816487902e-01,6.042045725363313080e-01
6.950000000000000000e+01,2.281342904772851288e+00,2.454541408780742118e-01,2.978110551333801315e-01,6.003090502227124148e-01
6.960000000000000853e+01,2.276555511111597152e+00,2.453675192298747088e-01,2.989255903352756594e-01,6.014755141747254452e-01
6.970000000000000284e+01,2.266297022240520320e+00,2.446009520545469329e-01,2.967258907617197350e-01,5.983126115790902144e-01
6.979999999999999716e+01,2.263935189992697605e+00,2.452611537004898978e-01,2.949435540483482110e-01,5.983482932892819628e-01
6.990000000000000568e+01,2.260850030630355167e+00,2.467065969069847098e-01,2.974964788888869172e-01,6.005513762071883477e-01
7.000000000000000000e+01,2.256637275057732150e+00,2.460180114656346784e-01,2.951250879796571414e-01,6.027520888116828512e-01
7.010000000000000853e+01,2.259230466600576026e+00,2.451063208237969637e-01,2.896043451088805565e-01,6.050927878016919559e-01
7.020000000000000284e+01,2.260956497899923257e+00,2.445831716793635535e-01,2.901922435056925043e-01,6.042537609634722751e-01
7.029999999999999716e+01,2.254368052958504620e+00,2.429005800525647629e-01,2.881074759520409478e-01,6.018182012768218403e-01
7.040000000000000568e+01,2.254038383705727622e+00,2.442367147821880580e-01,2.923707414342400224e-01,6.027641384508309885e-01
7.050000000000000000e+01,2.253934109262296648e+00,2.454196791474915207e-01,2.950403202468066532e-01,6.060084763472830538e-01
7.060000000000000853e+01,2.257062594298864244e+00,2.466845591597883747e-01,2.970965244090889579e-01,6.058000714669687925e-01
7.070000000000000284e+01,2.248977628543586960e+00,2.469228548672150747e-01,3.020344347835851040e-01,6.059544467868390738e-01
7.079999999999999716e+01,2.241174374832492155e+00,2.485654044019161291e-01,3.009386107523438492e-01,6.087641708391419160e-01
7.090000000000000568e+01,2.245422609017145188e+00,2.490216719888228292e-01,3.005751588357339910e-01,6.061518241489997072e-01
7.100000000000000000e+01,2.243575728650599732e+00,2.475458925963541501e-01,3.020415122450325618e-01,6.028427689669343392e-01
7.110000000000000853e+01,2.243017282400085577e+00,2.455517138322981241e-01,2.983731113971676563e-01,6.015071634107471699e-01
7.120000000000000284e+01,2.248923034686427069e+00,2.463344502047882245e-01,3.010006915908445824e-01,6.011273130600716108e-01
7.129999999999999716e+01,2.252918329512657358e+00,2.437588539189390890e-01,2.978292642421838665e-01,5.995698293560061121e-01
7.140000000000000568e+01,2.243124419681281623e+00,2.440957957632842734e-01,2.950973214120735100e-01,6.005089279021326165e-01
7.150000000000000000e+01,2.243244948144325512e+00,2.438490828461953308e-01,2.872200918519985380e-01,5.996313445940034681e-01
7.160000000000000853e+01,2.240159948422303593e+00,2.414865197125877494e-01,2.858889386089830675e-01,5.979636242384943623e-01
7.170000000000000284e+01,2.241818268369426548e+00,2.412566440358600017e-01,2.814750597405704102e-01,5.996037717055034966e-01
7.179999999999999716e+01,2.236563170749122698e+00,2.410204085671176777e-01,2.805478864847091303e-01,5.996461524002877352e-01
7.190000000000000568e+01,2.234217407063759708e+00,2.429326380252436468e-01,2.846596371619768417e-01,5.983933572738245887e-01
7.200000000000000000e+01,2.241192335302655714e+00,2.459029598272839401e-01,2.857765250366883780e-01,6.002652389969105329e-01
7.210000000000000853e+01,2.241329594420018889e+00,2.477485573519623840e-01,2.901634731125478095e-01,6.002202753996221940e-01
7.220000000000000284e+01,2.240872251346801125e+00,2.446599357591910107e-01,2.868205602950606448e-01,5.935562787302044452e-01
7.229999999999999716e+01,2.244382937488472951e+00,2.412571980427842266e-01,2.912046616455985504e-01,5.850662375414749095e-01
7.240000000000000568e+01,2.249403819193918519e+00,2.351563351077401165e-01,2.934613669820290149e-01,5.797151427947719871e-01
7.250000000000000000e+01,2.253655199707391255e+00,2.312628777327428720e-01,2.875343006020200098e-01,5.802168710973459875e-01
7.260000000000000853e+01,2.252415442903586751e+00,2.310342610522469753e-01,2.889694804589431620e-01,5.827115995945791882e-01
7.270000000000000284e+01,2.253114126987580068e+00,2.331457810018307264e-01,2.876932363650918645e-01,5.855874146368870159e-01
7.279999999999999716e+01,2.247777642173439450e+00,2.352119170409134874e-01,2.911784072122780564e-01,5.863564254597790626e-01
7.290000000000000568e+01,2.236882758194875365e+00,2.387023840193298885e-01,2.894081645965786986e-01,5.903917341106640349e-01
7.300000000000000000e+01,2.243686979672442128e+00,2.454236784288641171e-01,2.942708634239221688e-01,6.029462454712926078e-01
7.310000000000000853e+01,2.252493642252369366e+00,2.499279032186087490e-01,3.021049644480585661e-01,6.071399792336197310e-01
7.320000000000000284e+01,2.238690533957920614e+00,2.525300348384399984e-01,3.043163324580329676e-01,6.077327949322799405e-01
7.329999999999999716e+01,2.235664696305393218e+00,2.553001191712576112e-01,3.020067901718826442e-01,6.068694503880348590e-01
7.340000000000000568e+01,2.244748547055595012e+00,2.579154690972222386e-01,3.036722521316122525e-01,6.087136429123505277e-01
7.350000000000000000e+01,2.244630628599280975e+00,2.586684406879317666e-01,3.037573902716774743e-01,6.096277534014674648e-01
7.360000000000000853e+01,2.241724179818262996e+00,2.572102708213244715e-01,3.039563100206623680e-01,6.073280525825237586e-01
7.370000000000000284e+01,2.239600387655765967e+00,2.559200404986517463e-01,3.011001787492034731e-01,6.057159796978169863e-01
7.379999999999999716e+01,2.242620831445137686e+00,2.538928093287707299e-01,2.999675583750163188e-01,6.110662785035634315e-01
7.390000000000000568e+01,2.243620538426068567e+00,2.506596109214049850e-01,2.957946913959654256e-01,6.109414167493779635e-01
7.400000000000000000e+01,2.252117039807626231e+00,2.467731383946068779e-01,2.918324498801136979e-01,6.065014522592637736e-01
7.410000000000000853e+01,2.254687197467062365e+00,2.413992197013951624e-01,2.863591434665272439e-01,5.975229959801292567e-01
7.420000000000000284e+01,2.269915615650602181e+00,2.333204510234074824e-01,2.827826944462986658e-01,5.881508133479699252e-01
7.429999999999999716e+01,2.274029487940135930e+00,2.302096617149562707e-01,2.798489647071130682e-01,5.845198376375108085e-01
7.440000000000000568e+01,2.279469372246791803e+00,2.315037356099719223e-01,2.752315152530875331e-01,5.854962916112669280e-01
7.450000000000000000e+01,2.286228921471302300e+00,2.365614879709660168e-01,2.729478640481737273e-01,5.926531500300944444e-01
7.460000000000000853e+01,2.297645504566891539e+00,2.415651809045259724e-01,2.788887891686260834e-01,5.992222601481688171e-01
7.470000000000000284e+01,2.306703339851829071e+00,2.431744596918081758e-01,2.801789703654747332e-01,6.031662728799690454e-01
7.479999999999999716e+01,2.319501731532399802e+00,2.475716574388439895e-01,2.876679240581532793e-01,6.083591588782648607e-01
7.490000000000000568e+01,2.317550406154579079e+00,2.530797225437411702e-01,2.933642603913072522e-01,6.144086877137731051e-01
7.500000000000000000e+01,2.315945433943203735e+00,2.556443100220454068e-01,2.902737607551859611e-01,6.196392801339615231e-01
7.510000000000000853e+01,2.314032994345354588e+00,2.553404746530292257e-01,2.859297159141075961e-01,6.245369908495527200e-01
7.520000000000000284e+01,2.320517393425855168e+00,2.568558824841090105e-01,2.850837037626887671e-01,6.268275738342884429e-01
7.529999999999999716e+01,2.332409495535418653e+00,2.527791991170346697e-01,2.816623258925551876e-01,6.289995967880219752e-01
7.540000000000000568e+01,2.341720208009953730e+00,2.443592495113105501e-01,2.719145782827239177e-01,6.219403276399909641e-01
7.550000000000000000e+01,2.347653097980900938e+00,2.367310436484722502e-01,2.659132460193412428e-01,6.114002968220246803e-01
7.560000000000000853e+01,2.360326905267720932e+00,2.327075605618741938e-01,2.606667343568012662e-01,6.007714753600781332e-01
7.570000000000000284e+01,2.374562012349080042e+00,2.327399534319919416e-01,2.635527882327394211e-01,5.987270792950096787e-01
7.579999999999999716e+01,2.383292996749818204e+00,2.322518414938834486e-01,2.643603753452887783e-01,5.977553556947705626e-01
7.590000000000000568e+01,2.396775172512832341e+00,2.329365403856070438e-01,2.612817877296857993e-01,5.938126999294784936e-01
7.600000000000000000e+01,2.395355895228732823e+00,2.351875463306198621e-01,2.537743570239548441e-01,5.953640595596788598e-01
7.610000000000000853e+01,2.388353877341605536e+00,2.380516095280448829e-01,2.586958841823056021e-01,5.992460618688379981e-01
7.620000000000000284e+01,2.399437734148564871e+00,2.408329049381792986e-01,2.581323367952716441e-01,6.024810261613624540e-01
7.629999999999999716e+01,2.423674252810343432e+00,2.457633079397891496e-01,2.641905595337324386e-01,6.106395197888113691e-01
7.640000000000000568e+01,2.420626706678863371e+00,2.472465985684652590e-01,2.731241729550049624e-01,6.130505975653588457e-01
7.650000000000000000e+01,2.426199043594409854e+00,2.489353677920502494e-01,2.809052607122857759e-01,6.153270842783898908e-01
7.660000000000000853e+01,2.435228247560628390e+00,2.572332873683220722e-01,2.878344463058740699e-01,6.266876306117299400e-01
7.670000000000000284e+01,2.457368015373299297e+00,2.630514865762129673e-01,2.883358760207017091e-01,6.349223948200148904e-01
7.680000000000001137e+01,2.464582639662063368e+00,2.641467121671960405e-01,2.832799796415748084e-01,6.340762240454459464e-01
7.690000000000000568e+01,2.467500001971134171e+00,2.611175569129673968e-01,2.832529214432052966e-01,6.372245472172620717e-01
7.700000000000000000e+01,2.467970152827628105e+00,2.592112433276441141e-01,2.746230975791333906e-01,6.328930163269449460e-01
7.710000000000000853e+01,2.467537312802995153e+00,2.550218180328858164e-01,2.742362777610722335e-01,6.252207284754907057e-01
7.720000000000000284e+01,2.491020363083555456e+00,2.528295580640905205e-01,2.700432370285392181e-01,6.174025375635556756e-01
7.730000000000001137e+01,2.485878565911121552e+00,2.499287491156555741e-01,2.623803662285437155e-01,6.102938156454394969e-01
7.740000000000000568e+01,2.479053608728843727e+00,2.445888707432932740e-01,2.519472139263015942e-01,6.021226847032579155e-01
7.750000000000000000e+01,2.466901969993162247e+00,2.374233033191529285e-01,2.467559545671459686e-01,5.934859475932157125e-01
7.760000000000000853e+01,2.449437441114841185e+00,2.305000603457289798e-01,2.389163052876591697e-01,5.876519600773432161e-01
7.770000000000000284e+01,2.442212137608733791e+00,2.258101130102052601e-01,2.287315962014883630e-01,5.855007048895463084e-01
7.780000000000001137e+01,2.435945623553358086e+00,2.186719237772971058e-01,2.285045119266789215e-01,5.810484852311675885e-01
7.790000000000000568e+01,2.443246254057973577e+00,2.171891936247571098e-01,2.247223498470208303e-01,5.795723748673864417e-01
7.800000000000000000e+01,2.444906150453074023e+00,2.160115944087399320e-01,2.263859183264390895e-01,5.900463711990164839e-01
7.810000000000000853e+01,2.457893354166225564e+00,2.151205483578226274e-01,2.333983038264728360e-01,5.947355449736380084e-01
7.820000000000000284e+01,2.470784818640373359e+00,2.214213016918873678e-01,2.278060092065396225e-01,5.956618691066991600e-01
7.830000000000001137e+01,2.492939141622133814e+00,2.301978754581863462e-01,2.279349629809383770e-01,6.002200023704056253e-01
7.840000000000000568e+01,2.515900881611891737e+00,2.330108762137301226e-01,2.284440899693565841e-01,5.950157673344808051e-01
7.850000000000000000e+01,2.524799511287260767e+00,2.362693470142200880e-01,2.422031504111682165e-01,5.937781811403289867e-01
7.860000000000000853e+01,2.528127570105509037e+00,2.333307518931079794e-01,2.413885915394725357e-01,5.954533180599985709e-01
7.870000000000000284e+01,2.534034549887830945e+00,2.197871868983048427e-01,2.387000532551988019e-01,5.859861469308151882e-01
7.880000000000001137e+01,2.544884856416193220e+00,2.112870910671333646e-01,2.344978121206447164e-01,5.838512364692085566e-01
7.890000000000000568e+01,2.497952626494984063e+00,2.017416934923122462e-01,2.455870739189708329e-01,5.776576010576949249e-01
7.900000000000000000e+01,2.459270976606005021e+00,1.915220806122942543e-01,2.311850967423512149e-01,5.648962301830385835e-01
7.910000000000000853e+01,2.444517917214731551e+00,1.797068149445429641e-01,2.114437593268360394e-01,5.491858903122692759e-01
7.920000000000000284e+01,2.416950190426842671e+00,1.783732305791547179e-01,2.109678692625551744e-01,5.505158835950616503e-01
7.930000000000001137e+01,2.436959741615397856e+00,1.786586570256289142e-01,2.003637538176454846e-01,5.487407016093843737e-01
7.940000000000000568e+01,2.467985514603527442e+00,1.916717209614244022e-01,2.059370936215349501e-01,5.476342881037871146e-01
7.950000000000000000e+01,2.494736366002720196e+00,1.920218443618705306e-01,2.147528862376906489e-01,5.517640770898102343e-01
7.960000000000000853e+01,2.540131685587750265e+00,2.043983532693720295e-01,2.263478355336469849e-01,5.597680680201813086e-01
7.970000000000000284e+01,2.468859464279515858e+00,2.188427018286529524e-01,2.516945396729405315e-01,5.606636783232777921e-01
7.980000000000001137e+01,2.396225890012901871e+00,2.300691211314612739e-01,2.552797199122214811e-01,5.801786518481876209e-01
7.990000000000000568e+01,2.451323372452794747e+00,2.460042419159642335e-01,2.596084716348112109e-01,6.012470150884702269e-01
8.000000000000000000e+01,2.520807220193588272e+00,2.562919561525036083e-01,2.249749936387358540e-01,5.909194674137612235e-01
