time_ps,T_K,PE_eV_atom,P_GPa
5.000000000000000278e-02,3.230744691099999955e+02,-4.892328428385416927e+00,-1.693530087000000017e-01
1.000000000000000056e-01,3.563444638400000031e+02,-4.897712436041666173e+00,-1.506198595233333437e-01
1.500000000000000222e-01,3.033629317599999808e+02,-4.892703318489583175e+00,-1.405092357409999937e-01
2.000000000000000111e-01,3.364031382699999995e+02,-4.897715197187499925e+00,-1.654462780883333428e-01
2.500000000000000000e-01,3.154761525000000120e+02,-4.895220660833333071e+00,-1.020235766186666782e-01
3.000000000000000444e-01,3.275063329000000181e+02,-4.895633126927083190e+00,3.197151526306666464e-02
3.500000000000000333e-01,3.552059255099999859e+02,-4.895912484218750471e+00,-1.469602825609999941e-01
4.000000000000000222e-01,3.467055936599999768e+02,-4.891875129114583665e+00,-1.569313695160000077e-01
4.500000000000000111e-01,3.547294534200000271e+02,-4.891798538749999814e+00,-4.210106346266665606e-02
5.000000000000000000e-01,3.297373035599999866e+02,-4.888437428385416617e+00,-2.366361265866666619e-01
5.500000000000000444e-01,3.307312792100000252e+02,-4.889139052968750399e+00,2.951743730429999824e-01
6.000000000000000888e-01,3.241150604700000031e+02,-4.890469281979166638e+00,-5.037782423100000129e-01
6.500000000000000222e-01,3.468301190899999824e+02,-4.895936785624999565e+00,-3.851031778666666461e-01
7.000000000000000666e-01,3.436762673999999720e+02,-4.897958513749999909e+00,1.293558053860000001e-01
7.500000000000000000e-01,3.201377131699999836e+02,-4.896553725885416597e+00,-3.065861537100000311e-01
8.000000000000000444e-01,3.337079063300000143e+02,-4.899055555416667040e+00,-3.983870436999999848e-02
8.500000000000000888e-01,3.200407195000000229e+02,-4.898003780624999415e+00,-5.576215229300000020e-01
9.000000000000000222e-01,3.285584970099999964e+02,-4.899047260833333084e+00,9.326681349366666707e-02
9.500000000000000666e-01,3.217380609400000253e+02,-4.896181100729166680e+00,-1.462181719183333339e-01
1.000000000000000000e+00,3.366483889400000180e+02,-4.894107666041667137e+00,-3.641858446733333143e-01
1.050000000000000044e+00,3.649568908200000124e+02,-4.895193835885416789e+00,5.886015017433333246e-02
1.100000000000000089e+00,3.575446311499999865e+02,-4.893940216093749740e+00,-4.031546171966666758e-01
1.150000000000000133e+00,3.615515659399999890e+02,-4.895014154843750021e+00,-1.402147412270000060e-01
1.200000000000000178e+00,3.614400284299999839e+02,-4.896603707187499488e+00,-3.181950202173333131e-01
1.250000000000000000e+00,2.897862778800000001e+02,-4.889596631822916706e+00,-2.304563269780000312e-01
1.300000000000000044e+00,3.362600984200000198e+02,-4.895722703020832789e+00,-3.972954635566667281e-01
1.350000000000000089e+00,3.164177234200000157e+02,-4.892387306093749721e+00,-8.218033588666666389e-02
1.400000000000000133e+00,3.272609992700000134e+02,-4.890566677760416425e+00,-8.983991310199999913e-02
1.450000000000000178e+00,3.614944596600000182e+02,-4.890602575625000448e+00,-1.043102716796666662e-01
1.500000000000000000e+00,3.783570866200000182e+02,-4.891903170937499823e+00,-3.642359491600000165e-01
1.550000000000000044e+00,3.411815654700000096e+02,-4.887857352812500444e+00,4.475009348666664395e-03
1.600000000000000089e+00,3.485024140599999782e+02,-4.890050195833333113e+00,-4.896559397266666419e-02
1.650000000000000133e+00,3.530275091600000223e+02,-4.892334361614583571e+00,-1.017832251946666627e-01
1.700000000000000178e+00,3.582656146900000067e+02,-4.895193050989583128e+00,-4.096855307300001359e-02
1.750000000000000000e+00,3.377630870799999911e+02,-4.894271832083333607e+00,-3.298400157166667124e-01
1.800000000000000044e+00,3.215061496100000227e+02,-4.892824136562500037e+00,-4.505631310366668002e-02
1.850000000000000089e+00,3.474308342300000163e+02,-4.896024875677083443e+00,-2.668617348501332587e-01
1.900000000000000133e+00,3.249959377299999801e+02,-4.892730075833333636e+00,-8.976427631673333796e-02
1.950000000000000178e+00,3.373737467700000252e+02,-4.893423334635416566e+00,-6.166969870000000437e-02
2.000000000000000000e+00,3.580762676200000101e+02,-4.895330460572917097e+00,-2.006767642533332785e-01
2.050000000000000266e+00,3.575951575899999852e+02,-4.894849052343750451e+00,-2.183098383666667031e-01
2.100000000000000089e+00,3.310298800499999743e+02,-4.891948050572916706e+00,-1.900229117366666609e-01
2.149999999999999911e+00,3.231954407599999968e+02,-4.892872694322917049e+00,-2.432561986566666723e-01
2.200000000000000178e+00,3.015144549600000232e+02,-4.892307342864583575e+00,-3.522358576433333721e-01
2.250000000000000000e+00,3.095005231900000240e+02,-4.894785432135416947e+00,-3.764214958333333971e-02
2.300000000000000266e+00,3.123676756200000000e+02,-4.895534663489583771e+00,-6.414162806666660714e-03
2.350000000000000089e+00,3.421193970900000068e+02,-4.898380779635416182e+00,-5.092534897399999538e-01
2.400000000000000355e+00,3.454683711199999721e+02,-4.896762301562500141e+00,1.835373370646666835e-01
2.450000000000000178e+00,3.622585516099999836e+02,-4.895257035104166654e+00,-1.560004046355999985e-01
2.500000000000000000e+00,3.538273072399999819e+02,-4.891496719843750007e+00,-5.143616684700000330e-02
2.550000000000000266e+00,3.455610084200000074e+02,-4.889691712083332753e+00,-4.393046327300000331e-01
2.600000000000000089e+00,3.657607640699999934e+02,-4.892183397291666402e+00,-2.453265772000000691e-02
2.650000000000000355e+00,3.621195729300000039e+02,-4.892265840572917135e+00,-2.084518247146666392e-01
2.700000000000000178e+00,3.714211061899999891e+02,-4.894661253697916159e+00,-2.391499515433332945e-01
2.750000000000000000e+00,3.516986180299999774e+02,-4.895203099739583230e+00,-1.130076163723333221e-01
2.800000000000000266e+00,3.344059024900000168e+02,-4.896190483541666971e+00,-3.498294026166666737e-01
2.850000000000000089e+00,3.077117405500000018e+02,-4.894825594843750238e+00,-5.624249883966666586e-01
2.900000000000000355e+00,3.126276305700000080e+02,-4.895757467552082964e+00,-3.242800947600000261e-01
2.950000000000000178e+00,3.199042237200000045e+02,-4.895916690156250084e+00,-4.502447701900000321e-01
3.000000000000000000e+00,3.193590455099999872e+02,-4.893844563437499851e+00,-3.638067995329999360e-01
3.050000000000000266e+00,3.204010280400000283e+02,-4.891250570260416985e+00,-1.388900933799999959e-01
3.100000000000000089e+00,3.118400044399999729e+02,-4.888061503437500122e+00,-2.019881145080333340e-01
3.150000000000000355e+00,3.422353456899999742e+02,-4.890305238593749770e+00,-6.389014318466667008e-01
3.200000000000000178e+00,3.690366354399999977e+02,-4.893378502916666761e+00,-3.798660406766665720e-02
3.250000000000000000e+00,3.454047154200000023e+02,-4.891553705416666453e+00,-1.895832667253333492e-01
3.300000000000000266e+00,3.460807323299999894e+02,-4.893212660885416732e+00,-1.310244210266666709e-01
3.350000000000000089e+00,3.419301427899999908e+02,-4.894428288229167201e+00,-4.226523594573333154e-01
3.400000000000000355e+00,3.255537003700000014e+02,-4.893659018437499952e+00,-3.400371844800000320e-01
3.450000000000000178e+00,3.339510483899999826e+02,-4.894743928541666733e+00,-2.662621612366666835e-01
3.500000000000000000e+00,3.568056362099999888e+02,-4.897388175468750049e+00,-3.098554767799999721e-01
3.550000000000000266e+00,3.448112374199999977e+02,-4.896198518437500091e+00,-1.348686681356666694e-01
3.600000000000000089e+00,3.374528760499999862e+02,-4.895638633854166422e+00,5.844123023500000236e-02
3.650000000000000355e+00,3.231473108800000205e+02,-4.894104798958333724e+00,-1.194354393839999889e-01
3.700000000000000178e+00,3.272487696800000094e+02,-4.894767962656250582e+00,5.486537184533333417e-02
3.750000000000000000e+00,3.117144804399999884e+02,-4.892153861927083902e+00,9.592305605000009047e-03
3.800000000000000266e+00,3.229248107199999822e+02,-4.890309860989582980e+00,2.276741912466666573e-01
3.850000000000000089e+00,3.783755059599999981e+02,-4.893228968437500548e+00,1.423866553233333054e-01
3.900000000000000355e+00,3.722364558099999954e+02,-4.891725612083333452e+00,4.984275959499999686e-01
3.950000000000000178e+00,3.375991748000000143e+02,-4.888698709114582819e+00,-1.776271561436666424e-01
4.000000000000000000e+00,3.543819052000000056e+02,-4.892708717708333488e+00,1.312720783684333259e-01
4.049999999999999822e+00,3.356122779799999876e+02,-4.892415453020833915e+00,-3.238400092500000049e-01
4.100000000000000533e+00,3.149758184600000277e+02,-4.891350757760416279e+00,-4.646553809739999846e-02
4.150000000000000355e+00,3.174208987100000172e+02,-4.892396973906250501e+00,9.873367206666658694e-03
4.200000000000000178e+00,3.555134289599999988e+02,-4.897317263333333059e+00,1.072991632510000154e-01
4.250000000000000000e+00,3.147324081599999772e+02,-4.892373091979166588e+00,-3.761924173799999771e-01
4.299999999999999822e+00,3.331179932599999916e+02,-4.893751765781249929e+00,-2.874816725063333300e-01
4.350000000000000533e+00,3.467752075899999795e+02,-4.892525388541666409e+00,-3.615479787099999953e-01
4.400000000000000355e+00,3.567006784499999981e+02,-4.891128348020833627e+00,-2.381501283666666857e-01
4.450000000000000178e+00,3.569428988099999742e+02,-4.889550709635416936e+00,-1.045312792233333427e-01
4.500000000000000000e+00,3.511446598499999823e+02,-4.888555968958333331e+00,8.729580873333345550e-03
4.549999999999999822e+00,3.631043912200000250e+02,-4.891379264427083484e+00,1.142249751423333320e-01
4.600000000000000533e+00,3.397145279900000219e+02,-4.891684239635416098e+00,-1.963620994209999970e-01
4.650000000000000355e+00,3.258353978299999767e+02,-4.892819309531249772e+00,-2.426248268663333540e-01
4.700000000000000178e+00,3.097515687200000229e+02,-4.891527868906250021e+00,-6.145234442999999991e-02
4.750000000000000000e+00,3.375625682099999949e+02,-4.894554025572916522e+00,-3.403622700833333070e-01
4.800000000000000711e+00,3.505037792399999717e+02,-4.895756907656250156e+00,-5.642585002000000127e-02
4.850000000000000533e+00,3.364684508600000186e+02,-4.893952105572917155e+00,-3.807791411099999829e-02
4.900000000000000355e+00,3.573974071900000240e+02,-4.896275028437499621e+00,-2.203320618266666753e-01
4.950000000000000178e+00,3.602634776200000033e+02,-4.896534533177082871e+00,-2.106014273261666847e-01
5.000000000000000000e+00,3.400812746400000037e+02,-4.895424877812500242e+00,-1.783482396273333437e-01
5.050000000000000711e+00,2.989669423099999790e+02,-4.892831355572917040e+00,1.969742821866667451e-02
5.100000000000000533e+00,3.111442922900000099e+02,-4.895876007343749947e+00,-3.433754640533333569e-01
5.150000000000000355e+00,3.254286894200000120e+02,-4.897969577708333411e+00,-1.232806374656666426e-01
5.200000000000000178e+00,3.487684173600000008e+02,-4.900066494895833458e+00,-1.017130420766666626e-01
5.250000000000000000e+00,3.405031703000000221e+02,-4.896879609895833596e+00,-2.726954687280000456e-01
5.300000000000000711e+00,3.097264653899999871e+02,-4.889759601041666848e+00,-1.604144849540000139e-01
5.350000000000000533e+00,3.372317379099999926e+02,-4.890015453124999745e+00,-2.876171919043333247e-01
5.400000000000000355e+00,3.504732350699999870e+02,-4.890156138489583526e+00,1.822629445633333345e-01
5.450000000000000178e+00,3.372391679799999906e+02,-4.888557453958333632e+00,-1.851047767733332849e-01
5.500000000000000000e+00,3.574007703899999910e+02,-4.891979106666666688e+00,-3.504869990566666371e-01
5.550000000000000711e+00,3.380259945600000151e+02,-4.891408623750000295e+00,5.031221231233334173e-02
5.600000000000000533e+00,3.556274436400000241e+02,-4.895814385989583073e+00,-1.755275266666667111e-01
5.650000000000000355e+00,3.434760735400000158e+02,-4.896541576354166203e+00,-4.314824516666666554e-01
5.700000000000000178e+00,3.265757793799999718e+02,-4.896092279166667005e+00,-1.204630897253333305e-01
5.750000000000000000e+00,3.377722933800000078e+02,-4.897687026354167195e+00,-7.445693382733332977e-02
5.800000000000000711e+00,3.433396109799999749e+02,-4.897504606614583089e+00,-5.302187525500000609e-01
5.850000000000000533e+00,3.337413008899999909e+02,-4.895422638854166841e+00,-5.269987936999999574e-03
5.900000000000000355e+00,3.559750622199999839e+02,-4.897687001770833604e+00,-3.633662503256666620e-01
5.950000000000000178e+00,3.360226265800000078e+02,-4.895245584895833169e+00,-4.081202055633334491e-01
6.000000000000000000e+00,3.143187013500000262e+02,-4.892358159947916896e+00,-2.948904094966666722e-01
6.050000000000000711e+00,3.449239595899999813e+02,-4.895168591197916363e+00,-2.688626957566667142e-01
6.100000000000000533e+00,3.469502184400000147e+02,-4.893753356614583438e+00,-2.856970390889999600e-01
6.150000000000000355e+00,3.541099457600000164e+02,-4.891409026354167189e+00,-3.127136011133333643e-02
6.200000000000000178e+00,3.572478353299999867e+02,-4.887347310104166453e+00,-2.664411275966666603e-01
6.250000000000000000e+00,3.929549931799999740e+02,-4.889350292552083310e+00,-2.638414838329999901e-01
6.300000000000000711e+00,3.598016081100000179e+02,-4.886002602447916843e+00,-7.129062241999999106e-02
6.350000000000000533e+00,3.426618123299999752e+02,-4.885418225104166901e+00,1.819243552833333111e-01
6.400000000000000355e+00,3.495379697600000100e+02,-4.887764866927082785e+00,-2.196634142856666860e-01
6.450000000000000178e+00,3.424819365600000083e+02,-4.888586059895833280e+00,8.112543601766665502e-02
6.500000000000000000e+00,3.686491403300000229e+02,-4.893820023802082808e+00,-4.790417856933333329e-01
6.550000000000000711e+00,3.319270084300000008e+02,-4.891824479531249992e+00,-1.538993507110666681e-01
6.600000000000000533e+00,3.510450596499999847e+02,-4.895966750416666180e+00,-3.172422640133333305e-01
6.650000000000000355e+00,3.265977288000000271e+02,-4.894018580833333409e+00,1.386998690753333541e-01
6.700000000000000178e+00,3.463797611100000040e+02,-4.896952372031250000e+00,-3.759512604433333238e-01
6.750000000000000000e+00,3.461650752799999964e+02,-4.897275972708333036e+00,-1.082248786000000740e-02
6.800000000000000711e+00,3.060125658700000031e+02,-4.892874818750000188e+00,-3.111690867500000457e-01
6.850000000000000533e+00,3.134037784700000202e+02,-4.893678692552083653e+00,-2.088212895033333405e-01
6.900000000000000355e+00,3.210456507200000260e+02,-4.893483831145833740e+00,-2.153492496666666867e-01
6.950000000000000178e+00,3.645995674100000201e+02,-4.896216250156250283e+00,5.494077990666666050e-02
7.000000000000000000e+00,3.370808398199999942e+02,-4.889643473489583059e+00,-3.455223193899999434e-01
7.050000000000000711e+00,3.804525341099999878e+02,-4.893305891666666518e+00,-1.773276064266666729e-01
7.100000000000000533e+00,3.741822181900000146e+02,-4.892315647916666954e+00,-2.146693353163333373e-01
7.150000000000000355e+00,3.637286564099999850e+02,-4.891966506093750056e+00,-1.840559691049999946e-01
7.200000000000000178e+00,3.565660541699999726e+02,-4.892741312291666311e+00,8.810522054466667086e-02
7.250000000000000000e+00,3.219477904799999806e+02,-4.890111488177082855e+00,-3.329768218923332967e-01
7.300000000000000711e+00,3.123664776699999948e+02,-4.889433067708333525e+00,-6.219073896100000415e-02
7.350000000000000533e+00,3.501362903099999926e+02,-4.894232613906249973e+00,-1.553370627999998456e-02
7.400000000000000355e+00,3.311764597100000174e+02,-4.892429850468750452e+00,-3.983835787333333545e-01
7.450000000000000178e+00,3.416675293700000111e+02,-4.893900865468750361e+00,-7.676984803366666138e-03
7.500000000000000000e+00,3.411970003999999790e+02,-4.893705928697916541e+00,-2.037930427866666838e-01
7.550000000000000711e+00,3.264618451200000209e+02,-4.891956716562499530e+00,2.541918423360000068e-01
7.600000000000000533e+00,3.327743240899999932e+02,-4.892916084895833073e+00,-4.146330849933332896e-01
7.650000000000000355e+00,3.480450538900000197e+02,-4.894510976197916641e+00,1.495989122966667750e-02
7.700000000000000178e+00,3.308252552000000151e+02,-4.892204904739583249e+00,-1.921316540973333209e-01
7.750000000000000000e+00,3.343277558199999930e+02,-4.892947790937499875e+00,-4.628868029483333424e-01
7.800000000000000711e+00,3.398379226299999800e+02,-4.893392345416667233e+00,-1.756193687313333529e-01
7.850000000000000533e+00,3.491968588700000282e+02,-4.893911058697916872e+00,-2.734483704099999746e-01
7.900000000000000355e+00,3.262124808500000199e+02,-4.891062101927083461e+00,-9.160834851133332901e-02
7.950000000000000178e+00,3.420325705299999868e+02,-4.892964625364583320e+00,-6.219865527599999222e-02
8.000000000000000000e+00,3.543968798600000127e+02,-4.893758406927083193e+00,-1.469789541490000018e-01
8.050000000000000711e+00,3.470594418200000177e+02,-4.891980785000000331e+00,-2.555087408829333495e-01
8.099999999999999645e+00,3.694678791399999795e+02,-4.894860437031249845e+00,1.971228971416666698e-01
8.150000000000000355e+00,3.513538478699999814e+02,-4.894195070312499674e+00,-3.145783209966665495e-02
8.200000000000001066e+00,3.434094292300000006e+02,-4.895485424635416472e+00,-3.045495914766667145e-01
8.250000000000000000e+00,3.032494708099999912e+02,-4.891670511250000075e+00,-5.022501634500000506e-02
8.300000000000000711e+00,3.187134104799999932e+02,-4.893182054843749462e+00,1.483915901666666703e-01
8.349999999999999645e+00,3.372960908499999846e+02,-4.893411671041666189e+00,-2.474619072966666999e-01
8.400000000000000355e+00,3.586257109300000252e+02,-4.892409089062500271e+00,3.617216488199999636e-01
8.450000000000001066e+00,3.607075200300000120e+02,-4.889880122552082931e+00,-2.718736059899999891e-01
8.500000000000000000e+00,3.345590651599999887e+02,-4.886222646666666947e+00,5.237802390600000413e-01
8.550000000000000711e+00,3.809660384100000101e+02,-4.892926139114583073e+00,-2.574375010833333532e-01
8.599999999999999645e+00,3.595474515600000132e+02,-4.891973895156250585e+00,4.494549200573333403e-02
8.650000000000000355e+00,3.465985205299999734e+02,-4.892972069427083071e+00,7.950717689800000654e-02
8.700000000000001066e+00,3.222335776200000055e+02,-4.892047801093750259e+00,-2.277285832866666679e-02
8.750000000000000000e+00,3.459560208299999999e+02,-4.896130633802083132e+00,1.702647047813333481e-01
8.800000000000000711e+00,3.247547461799999837e+02,-4.893895095677083695e+00,-1.662884736746666758e-01
8.849999999999999645e+00,3.438102020300000277e+02,-4.895753832656249749e+00,-1.569694093433333382e-01
8.900000000000000355e+00,3.526012060799999972e+02,-4.896113797447916305e+00,1.919458703381333453e-01
8.950000000000001066e+00,3.294650528700000223e+02,-4.891876599739583220e+00,4.046538101100000118e-02
9.000000000000000000e+00,3.762770645200000104e+02,-4.892787279322916127e+00,-8.871086602666666820e-02
9.050000000000000711e+00,4.026997741900000278e+02,-4.892281590260416202e+00,-2.418412962999999180e-02
9.099999999999999645e+00,3.506981966499999999e+02,-4.885796348385416543e+00,-2.358183272773333172e-01
9.150000000000000355e+00,3.472556696999999986e+02,-4.886208337135417246e+00,-1.848222131693333381e-02
9.200000000000001066e+00,3.604682829899999774e+02,-4.890073952916666578e+00,-2.192438659983333427e-01
9.250000000000000000e+00,3.494122829199999956e+02,-4.892235943541666465e+00,-6.555119024333332101e-02
9.300000000000000711e+00,3.658927592699999991e+02,-4.896463787604166562e+00,-9.622296262999999183e-03
9.349999999999999645e+00,3.341376318100000162e+02,-4.893674472604167214e+00,-5.046733086399999429e-02
9.400000000000000355e+00,3.603473484699999858e+02,-4.897732277083333585e+00,3.446029797400000372e-01
9.450000000000001066e+00,3.282019987099999980e+02,-4.894811441718750267e+00,-4.044772079000000242e-01
9.500000000000000000e+00,3.199562638500000276e+02,-4.894711316354166897e+00,-1.837137269566666564e-01
9.550000000000000711e+00,3.289233468499999731e+02,-4.895888936770833588e+00,1.272762063659999832e-01
9.600000000000001421e+00,3.319063520999999923e+02,-4.895102322447916876e+00,-1.329173088266666636e-01
9.650000000000000355e+00,3.370154719399999976e+02,-4.892376106250000412e+00,7.008332678899999169e-02
9.700000000000001066e+00,3.724800161399999752e+02,-4.893124582916667187e+00,-2.912975460973334096e-02
9.750000000000000000e+00,3.507540051199999880e+02,-4.889754487812500550e+00,8.364957746666670454e-03
9.800000000000000711e+00,3.655380408999999986e+02,-4.891741448749999499e+00,9.137666777326665379e-02
9.850000000000001421e+00,3.595208869900000082e+02,-4.892464018802082926e+00,-5.760932219700001106e-02
9.900000000000000355e+00,3.477231094300000223e+02,-4.893711934479166636e+00,1.370856032133333235e-01
9.950000000000001066e+00,3.190617726199999993e+02,-4.892174090156250266e+00,-1.822408093033333343e-01
1.000000000000000000e+01,3.419318896199999926e+02,-4.896307853958333567e+00,5.850952592566666111e-02
1.005000000000000071e+01,3.315214719499999774e+02,-4.895614380833333890e+00,-1.279352501709999923e-01
1.010000000000000142e+01,3.209747807800000032e+02,-4.893884470677083876e+00,-9.503180155799999598e-03
1.015000000000000036e+01,3.366438542099999722e+02,-4.894354583697916539e+00,2.643848851033334113e-02
1.020000000000000107e+01,3.313723141699999815e+02,-4.891555348489583288e+00,2.053435697143333669e-02
1.025000000000000000e+01,3.512878627900000197e+02,-4.891570491093749418e+00,2.511564672000000109e-01
1.030000000000000071e+01,3.685764662500000099e+02,-4.892785512760416289e+00,-9.255857819666664377e-02
1.035000000000000142e+01,3.513091216000000259e+02,-4.891191695572916665e+00,1.413530785694999958e-01
1.040000000000000036e+01,3.567283026700000050e+02,-4.893473661875000325e+00,9.511626105366666195e-02
1.045000000000000107e+01,3.245754613500000119e+02,-4.891150784843749655e+00,-7.693810867999999192e-02
1.050000000000000000e+01,3.185352081099999850e+02,-4.891055720208333568e+00,2.531590193263333344e-01
1.055000000000000071e+01,3.377106554700000061e+02,-4.893235116770832782e+00,7.110443628366666657e-02
1.060000000000000142e+01,3.544778767600000151e+02,-4.895162053333333319e+00,3.757492504333333205e-02
1.065000000000000036e+01,3.229953027399999996e+02,-4.891381246093749802e+00,-1.113818551699999881e-01
1.070000000000000107e+01,3.478236950500000262e+02,-4.894035781093750259e+00,-5.136903615433333070e-02
1.075000000000000000e+01,3.351107690100000127e+02,-4.892194202239583234e+00,3.599483431433333352e-02
1.080000000000000071e+01,3.432192702599999734e+02,-4.893179034739583599e+00,-2.473715770000000421e-03
1.085000000000000142e+01,3.435302161199999773e+02,-4.893884529374999737e+00,-2.614001047700000302e-01
1.090000000000000036e+01,3.518791085199999884e+02,-4.896449524322917135e+00,-7.971260403666666217e-02
1.095000000000000107e+01,3.385620184800000061e+02,-4.896999327552083336e+00,-4.972844682766667385e-02
1.100000000000000000e+01,2.918609191400000213e+02,-4.893510671770832765e+00,-2.207326508736666693e-01
1.105000000000000071e+01,3.288717681599999878e+02,-4.898636535729166575e+00,-2.128496694723333305e-01
1.110000000000000142e+01,3.291643994099999873e+02,-4.897321710989583465e+00,-6.483095395666667315e-02
1.115000000000000036e+01,3.491679548999999838e+02,-4.895828281041667118e+00,5.241223993466668368e-02
1.120000000000000107e+01,3.475985058599999888e+02,-4.892268287135416394e+00,7.585396251333333117e-02
1.125000000000000000e+01,3.727915264000000093e+02,-4.894452676979166306e+00,3.097620078400000199e-01
1.130000000000000071e+01,3.750550473600000032e+02,-4.895519468593749757e+00,-1.197300123889999957e-01
1.135000000000000142e+01,3.433898509300000228e+02,-4.893984239791666191e+00,-1.447250778566666445e-02
1.140000000000000036e+01,3.201752511099999765e+02,-4.892859311250000509e+00,6.343164301333333033e-02
1.145000000000000107e+01,3.568957325700000069e+02,-4.898350203125000135e+00,6.898357524600000346e-02
1.150000000000000000e+01,3.052000935799999866e+02,-4.892714860312500136e+00,-1.316921590333332802e-02
1.155000000000000071e+01,3.439240351999999916e+02,-4.897449179531250252e+00,-1.779894084733332771e-02
1.160000000000000142e+01,3.166312789599999746e+02,-4.892834913020833731e+00,-1.634486252856666710e-01
1.165000000000000036e+01,3.494105759299999931e+02,-4.893491959895833077e+00,-5.803352048499998278e-02
1.170000000000000107e+01,3.636896634199999880e+02,-4.891693737291666899e+00,-1.488061737546000074e-01
1.175000000000000000e+01,3.551955268799999885e+02,-4.890368500885416303e+00,4.234883366999999538e-02
1.180000000000000071e+01,3.476027532499999779e+02,-4.889941596979166860e+00,3.149801431866666723e-01
1.185000000000000142e+01,3.769683896299999901e+02,-4.894704420781249787e+00,-5.750568239600000603e-02
1.190000000000000036e+01,3.585687575300000276e+02,-4.894883895208333335e+00,-9.603974342566666544e-02
1.195000000000000107e+01,3.302535893599999781e+02,-4.894150132864583114e+00,-3.587754165199999457e-01
1.200000000000000000e+01,3.297761205400000222e+02,-4.895679787395833316e+00,5.635891761799999983e-02
1.205000000000000071e+01,3.400970789200000013e+02,-4.897623227656249689e+00,-3.006015626566666543e-01
1.210000000000000142e+01,3.371866646299999957e+02,-4.897157031979166852e+00,9.883524074999999742e-02
1.215000000000000036e+01,3.288070356499999889e+02,-4.895315076666666876e+00,7.647059175766666994e-02
1.220000000000000107e+01,3.400447789199999988e+02,-4.894944688072916605e+00,-4.902134321233333480e-01
1.225000000000000000e+01,3.476938836200000082e+02,-4.893552715364583250e+00,9.893261641233332127e-02
1.230000000000000071e+01,3.431588140100000146e+02,-4.890948437031250151e+00,-2.701216857600000076e-01
1.235000000000000142e+01,4.193556660099999931e+02,-4.898009889166666575e+00,-3.146304740533333866e-01
1.240000000000000036e+01,3.502100133399999891e+02,-4.887701338906249582e+00,-4.351535499933332357e-02
1.245000000000000107e+01,3.778734568300000092e+02,-4.891643381302083426e+00,-3.434913755366666432e-01
1.250000000000000000e+01,3.359920361800000137e+02,-4.889385358489582778e+00,7.937161158566667651e-02
1.255000000000000071e+01,3.283110660099999905e+02,-4.892288987604167083e+00,-2.884525414766666782e-02
1.260000000000000142e+01,3.352132106799999747e+02,-4.895096727135416437e+00,-3.968246394733332960e-01
1.265000000000000036e+01,3.187815875100000085e+02,-4.893294060989583194e+00,-1.464735584276666558e-01
1.270000000000000107e+01,3.094080354499999999e+02,-4.890976017395833431e+00,1.183319944209999947e-01
1.275000000000000000e+01,3.536185605499999838e+02,-4.894640647135417133e+00,-2.866257007933333267e-01
1.280000000000000071e+01,3.245860004900000035e+02,-4.889527874010416220e+00,6.893437356966666818e-02
1.285000000000000142e+01,3.562518138099999874e+02,-4.892420638854166448e+00,-4.507972367766666655e-01
1.290000000000000036e+01,3.445787872700000207e+02,-4.890331121510416601e+00,-3.190022040550000715e-01
1.295000000000000107e+01,3.551568210699999781e+02,-4.891731881458333042e+00,1.665761375363333241e-01
1.300000000000000000e+01,3.331784378099999913e+02,-4.890576267968749669e+00,-5.018338178986666565e-01
1.305000000000000071e+01,3.262867710200000033e+02,-4.892117977760416458e+00,1.585407524889999864e-01
1.310000000000000142e+01,3.229269801500000199e+02,-4.893579201458333472e+00,-3.480392908100000127e-01
1.315000000000000036e+01,3.579152377500000171e+02,-4.899272038281250019e+00,2.078226607939999762e-02
1.320000000000000107e+01,3.260233530300000098e+02,-4.896659016718749591e+00,-6.087196178000000429e-02
1.325000000000000000e+01,3.167171238099999755e+02,-4.896213101979166815e+00,2.362612723059999975e-01
1.330000000000000071e+01,3.295641503400000261e+02,-4.897217263906250118e+00,-2.086790437499999873e-01
1.335000000000000142e+01,3.265953626099999951e+02,-4.892889323072917129e+00,1.709130567433333470e-01
1.340000000000000036e+01,3.560286367599999835e+02,-4.892151653437499803e+00,-2.014559631366666936e-01
1.345000000000000107e+01,3.492943843599999809e+02,-4.889719822187499787e+00,-6.005708168599999119e-02
1.350000000000000000e+01,3.410963618499999939e+02,-4.888448945677082769e+00,-2.841607527039999859e-01
1.355000000000000071e+01,3.313722280700000056e+02,-4.887560402812499483e+00,1.508994350999998992e-02
1.360000000000000142e+01,3.349326594999999998e+02,-4.888583820625000520e+00,9.512376014000001323e-02
1.365000000000000036e+01,3.669333746400000109e+02,-4.893930006354167084e+00,-1.226064520316666878e-01
1.370000000000000107e+01,3.418950034800000140e+02,-4.893802612291666243e+00,-2.272512749946666855e-01
1.375000000000000000e+01,3.488923190200000022e+02,-4.898518427187499746e+00,-7.514869859833332721e-02
1.380000000000000071e+01,3.157675821600000177e+02,-4.896123304583333002e+00,-7.579139955433333853e-02
1.385000000000000142e+01,3.104055707599999891e+02,-4.895137337916666276e+00,-9.244696274333334685e-02
1.390000000000000036e+01,3.329554647699999919e+02,-4.896349292552083732e+00,-1.006079150809999906e-01
1.395000000000000107e+01,3.590562368799999717e+02,-4.897356908854166413e+00,-1.137992296053333408e-02
1.400000000000000000e+01,3.422423532700000237e+02,-4.893650253489583157e+00,-4.374948415999999757e-02
1.405000000000000071e+01,3.633017994400000248e+02,-4.895613811145833161e+00,9.040491404656665619e-02
1.410000000000000142e+01,3.412488202700000102e+02,-4.893342953333333689e+00,-8.195034673533334313e-02
1.415000000000000036e+01,2.836006855599999881e+02,-4.887348155833333152e+00,-3.137264991866666741e-01
1.420000000000000107e+01,3.510274412699999971e+02,-4.896643899739583361e+00,2.576990561166666791e-02
1.425000000000000000e+01,3.352724609900000132e+02,-4.896008487916666319e+00,-3.774183272533333522e-01
1.430000000000000071e+01,3.422475673299999812e+02,-4.899304963229166532e+00,-4.083260954999996632e-03
1.435000000000000142e+01,3.049798088900000153e+02,-4.896848869270833404e+00,-5.621496216933332540e-02
1.440000000000000036e+01,3.144698321199999782e+02,-4.898573124947916746e+00,-2.803960560833333449e-01
1.445000000000000107e+01,2.918606141899999784e+02,-4.894383500989583524e+00,-2.707846028843333142e-01
1.450000000000000000e+01,3.179421102599999926e+02,-4.894560981302083391e+00,-2.818896611799999730e-01
1.455000000000000071e+01,3.218676098600000159e+02,-4.892235457395833542e+00,-9.672353926990000239e-02
1.460000000000000142e+01,3.217357440700000097e+02,-4.890638864218749937e+00,-2.295518648986666632e-01
1.465000000000000036e+01,3.474115226800000187e+02,-4.892444966979167198e+00,-8.514649141566670021e-02
1.470000000000000107e+01,3.602462737999999831e+02,-4.893375850364583890e+00,-1.518963401700000604e-02
1.475000000000000000e+01,3.480892487500000243e+02,-4.891967212604166448e+00,4.323910764633333986e-02
1.480000000000000071e+01,3.574588020300000153e+02,-4.893609510520833261e+00,1.368871782433333205e-02
1.485000000000000142e+01,3.590508506400000215e+02,-4.895077330781250069e+00,1.789275723933333173e-01
1.490000000000000036e+01,3.312202981699999782e+02,-4.894464618333333128e+00,-2.055058068130000137e-01
1.495000000000000107e+01,3.481519240999999738e+02,-4.899453875260416424e+00,-1.672878814299999795e-01
1.500000000000000000e+01,3.090951346400000261e+02,-4.896002750000000070e+00,-2.494428135466666696e-01
1.505000000000000071e+01,3.500857649600000059e+02,-4.901103483437499797e+00,2.254937977683333372e-01
1.510000000000000142e+01,3.223501708200000166e+02,-4.897213119270833026e+00,-2.538140025336666494e-01
1.515000000000000036e+01,3.252592896699999869e+02,-4.896740444114583646e+00,2.515012470103333286e-01
1.520000000000000107e+01,3.018829336000000012e+02,-4.893006325364583908e+00,-2.604692597026667111e-01
1.525000000000000000e+01,3.386752655199999822e+02,-4.896343319114583537e+00,1.619236065866666852e-01
1.530000000000000071e+01,3.169549943700000085e+02,-4.891741808697916305e+00,-3.330019086400000106e-01
1.535000000000000142e+01,3.593729720300000281e+02,-4.894874644687500442e+00,1.902817210099999878e-01
1.540000000000000036e+01,3.297098367899999971e+02,-4.890158060156250208e+00,-8.441734149999916568e-04
1.545000000000000107e+01,3.709004998699999760e+02,-4.894968901302083175e+00,-8.383767800999997188e-02
1.550000000000000000e+01,3.567214517099999966e+02,-4.894040407447916685e+00,-1.309558995100000012e-01
1.555000000000000071e+01,3.461780750699999771e+02,-4.893700566718750089e+00,5.899897806566666708e-02
1.560000000000000142e+01,3.312039799899999934e+02,-4.892446219635416149e+00,1.699255698053333263e-01
1.565000000000000036e+01,3.418991987499999823e+02,-4.893810414947917131e+00,-4.377183698943333812e-01
1.570000000000000107e+01,3.603547333000000208e+02,-4.895904050937500251e+00,-3.223272151980000055e-02
1.575000000000000000e+01,3.456739274299999920e+02,-4.894177412708333286e+00,-1.502342432900000135e-01
1.580000000000000071e+01,3.245212865699999725e+02,-4.892169829531249903e+00,-2.655707446366666891e-01
1.585000000000000142e+01,3.465823148999999717e+02,-4.895226662395833372e+00,3.293450601499999658e-02
1.590000000000000036e+01,3.311534165699999903e+02,-4.894020986145833696e+00,1.251205890950000121e-01
1.595000000000000107e+01,3.241365429300000187e+02,-4.895618285052083074e+00,3.393396919766666214e-02
1.600000000000000000e+01,2.801095151499999929e+02,-4.893067700468749948e+00,-1.513423861166200146e-01
1.605000000000000071e+01,3.169365258000000267e+02,-4.898524592604166727e+00,-2.729574403939999949e-01
1.610000000000000142e+01,3.136539677800000163e+02,-4.897093909427083780e+00,-8.463701795933335770e-02
1.615000000000000213e+01,3.363265924199999972e+02,-4.897340391041666408e+00,1.189692523803333318e-01
1.619999999999999929e+01,3.346904205600000068e+02,-4.893791103020833866e+00,-2.079755660354666580e-01
1.625000000000000000e+01,3.579821190399999864e+02,-4.894805303489583537e+00,-3.374473227974333356e-01
1.630000000000000071e+01,3.413456463200000144e+02,-4.892302683229166504e+00,-1.418440635063333288e-01
1.635000000000000142e+01,3.329354347400000051e+02,-4.890875740312499609e+00,-5.020543506300000347e-01
1.640000000000000213e+01,3.718026628399999822e+02,-4.895678815624999736e+00,-7.853854888266666168e-02
1.644999999999999929e+01,3.718626700699999788e+02,-4.896978612499999883e+00,-2.413656029730000263e-01
1.650000000000000000e+01,3.180934588200000235e+02,-4.892554770989582913e+00,2.181844114000000556e-02
1.655000000000000071e+01,3.499013878800000157e+02,-4.898163183854166824e+00,-8.964723957366665941e-02
1.660000000000000142e+01,3.194006314800000155e+02,-4.895781435156250083e+00,-1.346529457033333599e-01
1.665000000000000213e+01,3.043175436399999967e+02,-4.895830383072916625e+00,-1.543141577523333419e-01
1.669999999999999929e+01,3.084329700399999865e+02,-4.898391994739583311e+00,-1.934742095313333465e-01
1.675000000000000000e+01,2.985267108400000211e+02,-4.898687845260416118e+00,-3.077670197133333674e-01
1.680000000000000071e+01,2.956491850500000282e+02,-4.898300398229166852e+00,8.338672994366672434e-03
1.685000000000000142e+01,2.955698633900000232e+02,-4.895777183177083103e+00,-1.962859380860000336e-01
1.690000000000000213e+01,3.427204800700000078e+02,-4.898002400677083479e+00,7.627572214066667688e-02
1.694999999999999929e+01,3.233915009899999973e+02,-4.893178752395833442e+00,7.538980370166666056e-02
1.700000000000000000e+01,3.612357748499999843e+02,-4.895814880364583566e+00,-2.811147128433333364e-01
1.705000000000000071e+01,3.524681626799999776e+02,-4.893583015885416110e+00,-2.603197583333333176e-02
1.710000000000000142e+01,3.473489103000000000e+02,-4.892833966406249679e+00,-9.466334192399998571e-02
1.715000000000000213e+01,3.311573267900000133e+02,-4.890786959531250311e+00,1.363604518593333481e-01
1.719999999999999929e+01,3.486067832699999940e+02,-4.893249612812500260e+00,-5.801370753300000294e-02
1.725000000000000000e+01,3.370536812799999780e+02,-4.893424573958333745e+00,-1.657550149333331113e-02
1.730000000000000071e+01,3.173319751000000224e+02,-4.893914608541666489e+00,1.796888862659999919e-01
1.735000000000000142e+01,3.092488652900000261e+02,-4.895370987968750143e+00,1.255439815843333307e-01
1.740000000000000213e+01,3.209333619700000213e+02,-4.897617994427083232e+00,-8.316468417800000623e-02
1.744999999999999929e+01,3.411629946799999971e+02,-4.899523230833333187e+00,-1.042947590233333360e-01
1.750000000000000000e+01,3.416410604499999977e+02,-4.897661099427083720e+00,7.652709067333333948e-02
1.755000000000000071e+01,3.648105373399999962e+02,-4.898028235520833107e+00,-8.442898354333332189e-02
1.760000000000000142e+01,3.463811890999999719e+02,-4.893459646822916120e+00,-1.471990329636666817e-01
1.765000000000000213e+01,3.333737312700000075e+02,-4.890068908541667092e+00,-2.968310871366666801e-03
1.769999999999999929e+01,3.709303586500000165e+02,-4.894271725416666108e+00,7.655280062000001384e-02
1.775000000000000000e+01,3.359421936400000277e+02,-4.890576408333333625e+00,-3.700397088366667031e-01
1.780000000000000071e+01,3.351000584399999980e+02,-4.891262489947917125e+00,3.102182454566666525e-01
1.785000000000000142e+01,3.535885812199999805e+02,-4.894694271718750045e+00,-1.520817388673333104e-01
1.790000000000000213e+01,3.433289970299999823e+02,-4.895125365000000173e+00,-1.039824955436666615e-01
1.794999999999999929e+01,3.331060036200000241e+02,-4.895421376875000341e+00,2.091779913466666752e-01
1.800000000000000000e+01,3.167858250799999951e+02,-4.894311888697916224e+00,-1.905866347129999971e-01
1.805000000000000071e+01,3.281464727700000026e+02,-4.896013861406250278e+00,1.181334133723333374e-01
1.810000000000000142e+01,3.347198507800000016e+02,-4.896941894010416796e+00,-1.976464888086666427e-01
1.815000000000000213e+01,3.486537197399999854e+02,-4.898019431666666534e+00,6.173607059733334651e-02
1.819999999999999929e+01,3.385000932199999966e+02,-4.894525560208333737e+00,-1.080482731840000099e-01
1.825000000000000000e+01,3.234871919000000275e+02,-4.889861402291666437e+00,-1.354910859586666572e-01
1.830000000000000071e+01,3.381657047900000066e+02,-4.889312990833333039e+00,-2.358158511266666701e-01
1.835000000000000142e+01,3.647615301399999908e+02,-4.891186573437500407e+00,5.865878231530000098e-02
1.840000000000000213e+01,3.575715790900000002e+02,-4.890201892604166822e+00,2.137085172333333394e-02
1.844999999999999929e+01,3.264177099400000088e+02,-4.887357087499999864e+00,-1.830418521336666660e-01
1.850000000000000000e+01,3.754002412400000139e+02,-4.895365884166666959e+00,1.342762592077199890e-01
1.855000000000000071e+01,3.495971645999999851e+02,-4.895084979583333329e+00,-9.144819592766666172e-02
1.860000000000000142e+01,3.138969921799999838e+02,-4.892584206614583486e+00,-1.902648992399999794e-01
1.865000000000000213e+01,3.009333260600000131e+02,-4.891459859322917048e+00,1.213494759030000064e-01
1.869999999999999929e+01,3.292916635400000018e+02,-4.894591351041666094e+00,-2.045127944500000072e-01
1.875000000000000000e+01,3.114364916900000253e+02,-4.891504396927083498e+00,-8.973400090999998635e-02
1.880000000000000071e+01,3.344072934800000212e+02,-4.893383385624999526e+00,-2.406550877230000107e-01
1.885000000000000142e+01,3.551289057500000013e+02,-4.895352286197916847e+00,8.307237863666669733e-03
1.890000000000000213e+01,3.235156304199999795e+02,-4.891258338645832815e+00,1.421617426196666867e-01
1.894999999999999929e+01,3.439519164700000147e+02,-4.893039075885416089e+00,-1.122931818373666540e-01
1.900000000000000000e+01,3.489432382400000279e+02,-4.891817026458332940e+00,-7.364836680815332881e-02
1.905000000000000071e+01,3.770671765000000164e+02,-4.893725138749999815e+00,-2.619102511266666045e-01
1.910000000000000142e+01,3.719450407200000086e+02,-4.893221746302082842e+00,4.091534430866666239e-01
1.915000000000000213e+01,3.325924624300000119e+02,-4.890441662343749663e+00,-5.700392304600000459e-01
1.920000000000000284e+01,3.011653877200000125e+02,-4.890108053802083354e+00,5.620249134033333815e-01
1.925000000000000000e+01,3.394844180499999879e+02,-4.897108036666666386e+00,-2.589642389700000380e-01
1.930000000000000071e+01,3.391170455600000082e+02,-4.897709255416667240e+00,-4.011366144500000397e-02
1.935000000000000142e+01,3.484380528600000275e+02,-4.898970933177083431e+00,1.506158520576666437e-01
1.940000000000000213e+01,3.222847898100000066e+02,-4.895380265781249740e+00,-2.200390704396666675e-01
1.945000000000000284e+01,3.385719885999999974e+02,-4.896580649531250273e+00,1.546604704026666721e-01
1.950000000000000000e+01,3.562273334299999874e+02,-4.897237570625000203e+00,-3.788136984866666279e-01
1.955000000000000071e+01,3.509424878600000284e+02,-4.893117657083332794e+00,2.735265453433333716e-01
1.960000000000000142e+01,3.652030538299999876e+02,-4.891011614531250551e+00,-9.855828452233333925e-02
1.965000000000000213e+01,3.834514341999999942e+02,-4.892720564739582834e+00,3.389076812566666486e-01
1.970000000000000284e+01,3.532801384800000051e+02,-4.890566759218749837e+00,-1.040506954333333400e-01
1.975000000000000000e+01,3.628836401400000113e+02,-4.893389685416666524e+00,2.360367527599999959e-01
1.980000000000000071e+01,3.418581077200000209e+02,-4.892563259166666789e+00,-1.959339390173333306e-01
1.985000000000000142e+01,3.278023162100000150e+02,-4.892011302135416351e+00,-4.404278302566666525e-02
1.990000000000000213e+01,3.152475358099999880e+02,-4.890596170156249478e+00,9.316778941333332675e-02
1.995000000000000284e+01,3.345292170999999826e+02,-4.892512842760416980e+00,6.515677419000000248e-02
2.000000000000000000e+01,3.500680730500000095e+02,-4.894035013489583363e+00,-1.979369440486666576e-01
2.005000000000000071e+01,3.440332538999999770e+02,-4.893515804479166675e+00,-1.097258870214333354e-01
2.010000000000000142e+01,3.284475159099999928e+02,-4.891960329843749733e+00,4.532312504000000214e-02
2.015000000000000213e+01,3.620476752999999803e+02,-4.896335480416666108e+00,7.478992866166667142e-02
2.020000000000000284e+01,3.404935019299999794e+02,-4.894393924791667239e+00,1.900541760376666944e-01
2.025000000000000000e+01,3.537736705400000119e+02,-4.897437286875000240e+00,-4.208118221699999606e-02
2.030000000000000071e+01,3.463451826900000015e+02,-4.898074608750000003e+00,-6.270695286333333174e-02
2.035000000000000142e+01,3.234185190200000193e+02,-4.896084548697916539e+00,9.870784591533332542e-02
2.040000000000000213e+01,3.064079045899999869e+02,-4.893375834322916340e+00,-6.091957882333334101e-02
2.045000000000000284e+01,3.353700959899999816e+02,-4.894318631770833150e+00,2.614109251766666420e-02
2.050000000000000000e+01,3.428625625700000228e+02,-4.892418042968750491e+00,2.875638449500000360e-01
2.055000000000000071e+01,3.594637465199999724e+02,-4.893239994895833611e+00,-1.478932924050000153e-01
2.060000000000000142e+01,3.614149098400000071e+02,-4.893679225520833675e+00,1.661874057316666820e-01
2.065000000000000213e+01,3.470952900400000090e+02,-4.892909988020833545e+00,1.405493244666666808e-02
2.070000000000000284e+01,3.425418102300000101e+02,-4.892993883281250511e+00,3.441698975133333088e-02
2.075000000000000000e+01,3.427268900000000258e+02,-4.893441182916666854e+00,-1.121517515459999892e-01
2.080000000000000071e+01,3.270688974899999835e+02,-4.891925801197916535e+00,-3.656279142366666846e-01
2.085000000000000142e+01,3.512616754399999763e+02,-4.895208590781249924e+00,4.080149738733333531e-01
2.090000000000000213e+01,3.459963073800000188e+02,-4.895360012760416879e+00,2.276852925386666782e-01
2.095000000000000284e+01,3.255838725199999999e+02,-4.894974110937499567e+00,1.938828777283333193e-01
2.100000000000000000e+01,3.205169874900000195e+02,-4.896547170677083116e+00,6.938123398666673491e-03
2.105000000000000071e+01,3.511567883999999822e+02,-4.901249650312499817e+00,3.093699766403333329e-01
2.110000000000000142e+01,3.248667695899999899e+02,-4.898279839531249458e+00,5.772467655000002029e-04
2.115000000000000213e+01,2.882021467899999720e+02,-4.892719924895833294e+00,-4.592826465366666583e-02
2.120000000000000284e+01,3.422127605900000162e+02,-4.896322956406249816e+00,1.036864275346666836e-01
2.125000000000000000e+01,3.468027086299999837e+02,-4.894238836406249682e+00,-2.065202690826666299e-01
2.130000000000000071e+01,3.469543035500000201e+02,-4.892655754166666426e+00,5.191546520366666639e-01
2.135000000000000142e+01,3.504845992699999897e+02,-4.892129420833333242e+00,2.633905817666666246e-02
2.140000000000000213e+01,3.499584480500000154e+02,-4.892306973541666437e+00,1.360388972099999851e-02
2.145000000000000284e+01,3.491020359299999996e+02,-4.893806486822916746e+00,4.295491509333334429e-02
2.150000000000000000e+01,3.473849034699999834e+02,-4.895612000989583379e+00,7.395758759783332970e-02
2.155000000000000071e+01,3.545806542400000012e+02,-4.898744101927083427e+00,-7.737773470366667017e-02
2.160000000000000142e+01,3.301058057000000190e+02,-4.897726006197916426e+00,6.712414390166666911e-02
2.165000000000000213e+01,3.371483735099999990e+02,-4.899527096406250060e+00,-4.349447123466665399e-02
2.170000000000000284e+01,2.962257156900000155e+02,-4.893980537031249689e+00,2.720279370183333323e-01
2.175000000000000000e+01,3.562259129500000085e+02,-4.900003176250000259e+00,1.250333730976666835e-01
2.180000000000000071e+01,3.590338502000000176e+02,-4.898736600833333732e+00,-2.452444312844333230e-01
2.185000000000000142e+01,3.217917579300000170e+02,-4.892685265208332801e+00,6.601957969933335002e-02
2.190000000000000213e+01,3.472559063900000069e+02,-4.894738612500000308e+00,-1.046582176633333444e-01
2.195000000000000284e+01,3.349432464800000275e+02,-4.892149261093750034e+00,-3.347208652633333337e-01
2.200000000000000000e+01,3.486274126399999886e+02,-4.892885653906249743e+00,8.039646460199999234e-02
2.205000000000000071e+01,3.425752851099999816e+02,-4.891514204947916333e+00,-2.891469157833333470e-01
2.210000000000000142e+01,3.519314564800000085e+02,-4.891943715052083697e+00,2.676409672200000256e-02
2.215000000000000213e+01,3.291078105299999947e+02,-4.888931099843749628e+00,-5.715442230333334095e-02
2.220000000000000284e+01,3.568884172100000001e+02,-4.892915342187500016e+00,3.301089069333334319e-02
2.225000000000000000e+01,3.492247085500000026e+02,-4.894484963437499836e+00,-2.177296603199999903e-01
2.230000000000000071e+01,3.361244360200000187e+02,-4.895902337968750295e+00,9.348616707333333442e-02
2.235000000000000142e+01,3.190652469199999928e+02,-4.895720732656250185e+00,2.938160394403999676e-01
2.240000000000000213e+01,3.126449718000000075e+02,-4.895710627552083416e+00,-9.164257486366667038e-02
2.245000000000000284e+01,3.532969820000000141e+02,-4.900859375416666275e+00,-1.321594576366666718e-01
2.250000000000000000e+01,3.538195731999999794e+02,-4.900872904791666151e+00,2.459034449891666918e-01
2.255000000000000071e+01,3.245139699800000130e+02,-4.896866173645833875e+00,-2.117350927236666680e-01
2.260000000000000142e+01,3.466356253399999900e+02,-4.897598416666666843e+00,5.103928979733333149e-01
2.265000000000000213e+01,3.598347993500000257e+02,-4.894872606197917086e+00,-3.927896639500000897e-01
2.270000000000000284e+01,3.635458014700000149e+02,-4.892716984687500492e+00,4.434742545166667216e-01
2.275000000000000000e+01,3.746904328400000281e+02,-4.893947800729166353e+00,2.329978962899999576e-02
2.280000000000000071e+01,3.544963825300000053e+02,-4.892875241145833165e+00,-2.310207833999999849e-01
2.285000000000000142e+01,3.569632714300000202e+02,-4.895508181666666125e+00,-4.455468548333334916e-02
2.290000000000000213e+01,3.026661010700000247e+02,-4.890854635364583203e+00,-1.255502640113333179e-01
2.295000000000000284e+01,3.548321566299999859e+02,-4.897812648854166895e+00,3.760752882466667640e-02
2.300000000000000000e+01,3.547742420499999980e+02,-4.897847376822916488e+00,-2.859488021633333488e-01
2.305000000000000071e+01,3.600688259699999776e+02,-4.898758047968749807e+00,1.068351185533333164e-01
2.310000000000000142e+01,3.134862567399999875e+02,-4.893074812552083763e+00,-4.465592783633334090e-02
2.315000000000000213e+01,3.597287500900000055e+02,-4.898477768124999798e+00,6.698224389666666834e-02
2.320000000000000284e+01,3.472637670099999809e+02,-4.896692039062499724e+00,-9.300113361566668402e-02
2.325000000000000000e+01,3.517770280199999888e+02,-4.897153489583333297e+00,-7.702575082333332213e-02
2.330000000000000071e+01,3.165678224200000273e+02,-4.892784139010417199e+00,3.543560004466666524e-01
2.335000000000000142e+01,3.388865085599999816e+02,-4.895102060156250268e+00,-4.064847995499999006e-02
2.340000000000000213e+01,3.695446938700000032e+02,-4.898071367395833597e+00,-1.100754549033333279e-01
2.345000000000000284e+01,3.587623509800000079e+02,-4.896283786354167056e+00,1.825276102583333337e-01
2.350000000000000000e+01,3.566290290499999855e+02,-4.895728491354167211e+00,3.747245077000000424e-01
2.355000000000000071e+01,3.798446814600000039e+02,-4.899800676354166384e+00,7.473219685543333601e-02
2.360000000000000142e+01,3.336305364599999734e+02,-4.897116979166666439e+00,1.855610164468333156e-01
2.365000000000000213e+01,3.193721633000000111e+02,-4.897764024322916576e+00,-1.057473795933333433e-01
2.370000000000000284e+01,3.439264125400000012e+02,-4.901807894531249765e+00,2.099394816396666918e-01
2.375000000000000000e+01,3.184590194300000121e+02,-4.898700630052083227e+00,1.163619968553333273e-01
2.380000000000000071e+01,3.180783731000000216e+02,-4.897944252968749801e+00,-3.828410793333333201e-02
2.385000000000000142e+01,3.393057051100000194e+02,-4.897773472968750319e+00,2.259184293213333528e-01
2.390000000000000213e+01,3.673423167400000011e+02,-4.895845869791666694e+00,9.548982002866666929e-02
2.395000000000000284e+01,3.511982927000000245e+02,-4.891827257083333436e+00,-1.127341437473999841e-01
2.400000000000000000e+01,3.696533043700000007e+02,-4.894143834062499643e+00,4.124515635966666260e-01
2.405000000000000071e+01,3.553819727299999727e+02,-4.893742051250000280e+00,-9.775896016333333882e-02
2.410000000000000142e+01,3.649219265699999823e+02,-4.896395254687500476e+00,2.403733945606666700e-01
2.415000000000000213e+01,3.281500821100000280e+02,-4.893165824322916357e+00,-1.397495136866666599e-01
2.420000000000000284e+01,3.102416602399999874e+02,-4.892319527135416735e+00,2.894891396799999517e-01
2.425000000000000000e+01,3.433108455899999854e+02,-4.897489739947916476e+00,-2.752358930686666372e-01
2.430000000000000071e+01,3.264142633000000160e+02,-4.896696520312500134e+00,5.793281533333333178e-01
2.435000000000000142e+01,2.939085857000000033e+02,-4.895308503437500569e+00,-5.233118373703333354e-02
2.440000000000000213e+01,3.043349351900000102e+02,-4.898596049322916812e+00,2.502689349523333218e-01
2.445000000000000284e+01,3.254248232699999903e+02,-4.901409550364583367e+00,-1.054918861072266650e-01
2.450000000000000000e+01,3.092142047300000058e+02,-4.898018319479166216e+00,4.101773784533333522e-01
2.455000000000000071e+01,3.387178711299999918e+02,-4.898927862031249525e+00,-2.070492649999996213e-04
2.460000000000000142e+01,3.328873568000000205e+02,-4.895209899687499977e+00,4.271986146499999748e-01
2.465000000000000213e+01,3.353572191700000076e+02,-4.893841161406250251e+00,1.916139627633334230e-02
2.470000000000000284e+01,3.790005396700000233e+02,-4.898857778593749934e+00,1.705328447059333286e-01
2.475000000000000000e+01,3.605346163199999978e+02,-4.897635813541666217e+00,1.470559377863333295e-01
2.480000000000000071e+01,3.195023559800000044e+02,-4.893809736093749585e+00,-2.848996173516666897e-01
2.485000000000000142e+01,3.587143345499999896e+02,-4.899570236979166715e+00,2.732353266859999796e-01
2.490000000000000213e+01,3.283796673599999849e+02,-4.896505575677083222e+00,2.612187616066666274e-01
2.495000000000000284e+01,3.000346824399999832e+02,-4.893177248593750583e+00,-2.580003397600000303e-01
2.500000000000000000e+01,3.371396245199999839e+02,-4.896561998593750076e+00,-6.220566169000000395e-02
2.505000000000000071e+01,3.481292045399999893e+02,-4.894621780260416166e+00,8.969272318666657653e-03
2.510000000000000142e+01,3.546986521000000039e+02,-4.892609500625000329e+00,3.630582609866666588e-01
2.515000000000000213e+01,3.574342159299999935e+02,-4.891923520833333150e+00,1.471953995886666755e-01
2.520000000000000284e+01,3.541059809100000280e+02,-4.891704200572916328e+00,3.262372459089999954e-01
2.525000000000000000e+01,3.670522220299999958e+02,-4.894642523281249602e+00,-3.373113608166000144e-01
2.530000000000000071e+01,3.298343469000000141e+02,-4.895264657968749766e+00,4.251230064166666156e-01
2.535000000000000142e+01,3.325686993400000233e+02,-4.899488983072916248e+00,2.304160791266666453e-01
2.540000000000000213e+01,3.141522714600000086e+02,-4.898299063385416652e+00,1.276377242789999977e-01
2.545000000000000284e+01,3.158682510400000183e+02,-4.898294183750000030e+00,1.661741118639999959e-01
2.550000000000000000e+01,3.167196669499999757e+02,-4.896923330416666609e+00,5.343134445403333044e-02
2.555000000000000071e+01,3.433621037199999932e+02,-4.897728073645833291e+00,4.726301655466665780e-02
2.560000000000000142e+01,3.450277880400000186e+02,-4.896251099999999745e+00,9.473214676733332507e-02
2.565000000000000213e+01,3.441483149000000026e+02,-4.895558653020833262e+00,1.693154457783333233e-01
2.570000000000000284e+01,3.357113604099999975e+02,-4.894006942604167243e+00,-1.188275033399999875e-01
2.575000000000000000e+01,3.348124461900000028e+02,-4.893241902552083467e+00,-8.210960518666665653e-02
2.580000000000000071e+01,3.560209939900000222e+02,-4.895195257656250298e+00,1.781941957236666541e-01
2.585000000000000142e+01,3.669786276899999962e+02,-4.896656797760416957e+00,4.777786027033332356e-02
2.590000000000000213e+01,3.472146445000000199e+02,-4.895588478437500335e+00,-1.484697253233333569e-01
2.595000000000000284e+01,3.375252045700000281e+02,-4.897540329635416079e+00,2.884501952299999838e-01
2.600000000000000000e+01,3.167758420999999771e+02,-4.898464719947916102e+00,1.063184254968666670e-01
2.605000000000000071e+01,2.968535228399999824e+02,-4.897368948229166463e+00,1.056002892263333132e-01
2.610000000000000142e+01,3.344769385600000078e+02,-4.901636890052083473e+00,1.377704829666666908e-01
2.615000000000000213e+01,3.390795112800000197e+02,-4.901013218802083848e+00,3.564646339566666655e-01
2.620000000000000284e+01,3.202364760899999965e+02,-4.897294440312499830e+00,1.521825702656666446e-01
2.625000000000000000e+01,3.402213348600000131e+02,-4.897684017708333393e+00,2.463098316050000014e-01
2.630000000000000071e+01,3.545142943500000001e+02,-4.898021824479166675e+00,5.496150643500000155e-02
2.635000000000000142e+01,3.553721206899999743e+02,-4.897746985052083168e+00,-2.578019740050000938e-02
2.640000000000000213e+01,3.341339944999999716e+02,-4.895196293333333060e+00,1.329797054759999930e-01
2.645000000000000284e+01,3.118493731899999943e+02,-4.892495880312499601e+00,1.055267339000000026e-01
2.650000000000000000e+01,3.295907346199999779e+02,-4.894341476406250280e+00,3.284698757033333583e-01
2.655000000000000071e+01,3.322130205799999771e+02,-4.893081103750000160e+00,-2.171354480233333994e-02
2.660000000000000142e+01,3.620140987699999755e+02,-4.893901030833332833e+00,3.288983766366666561e-01
2.665000000000000213e+01,3.580146805800000038e+02,-4.890421178697916815e+00,2.792433268233333599e-01
2.670000000000000284e+01,3.746502481800000055e+02,-4.891225075624999974e+00,2.128723631533333549e-01
2.675000000000000000e+01,3.572233454000000279e+02,-4.890049483645833028e+00,4.157564216199999829e-01
2.680000000000000071e+01,3.585504205299999967e+02,-4.894402925260416204e+00,5.022820078466666560e-01
2.685000000000000142e+01,3.473077471600000194e+02,-4.897393211041666916e+00,-8.351634672666667647e-02
2.690000000000000213e+01,3.332226774999999748e+02,-4.897410670572916125e+00,6.734460533813334260e-02
2.695000000000000284e+01,3.346498925099999724e+02,-4.898186015000000282e+00,-7.585515396666594459e-04
2.700000000000000000e+01,3.085929718500000263e+02,-4.894877031302082848e+00,4.412843314200000644e-01
2.705000000000000071e+01,3.276919354199999930e+02,-4.896292848020833866e+00,3.114442422223333562e-01
2.710000000000000142e+01,3.615952538399999980e+02,-4.898861314166667036e+00,1.306540615909999870e-01
2.715000000000000213e+01,3.456162190800000076e+02,-4.895305690468750193e+00,2.017844911060000246e-01
2.720000000000000284e+01,3.539187167100000124e+02,-4.894734462083333071e+00,1.351106471533330966e-02
2.725000000000000000e+01,3.513478368099999898e+02,-4.892167384791666684e+00,-3.679508093333329951e-03
2.730000000000000071e+01,3.884405381199999852e+02,-4.893911194166666867e+00,1.397332502163333434e-01
2.735000000000000142e+01,3.826645156899999733e+02,-4.892040141718750235e+00,-6.651278926766665545e-02
2.740000000000000213e+01,3.593514052200000037e+02,-4.891651412968750279e+00,-1.062199306333333482e-01
2.745000000000000284e+01,3.617691006700000003e+02,-4.895447255885416737e+00,1.218038342400000057e-01
2.750000000000000000e+01,3.435792245900000239e+02,-4.896258765989583317e+00,3.463616416566666495e-02
2.755000000000000071e+01,3.269592823899999985e+02,-4.896200005260416432e+00,1.416902345496666715e-01
2.760000000000000142e+01,3.147264833099999919e+02,-4.895579614322916662e+00,-2.065662957266666544e-01
2.765000000000000213e+01,3.223556636700000126e+02,-4.896266226718750225e+00,4.270138866800000099e-01
2.770000000000000284e+01,3.519968196899999953e+02,-4.898513261979166700e+00,-1.275940017383333236e-01
2.775000000000000000e+01,3.421855010300000117e+02,-4.894902785416666902e+00,1.480792373933333128e-01
2.780000000000000071e+01,3.522728928000000224e+02,-4.893260337604166565e+00,4.204236170000004609e-03
2.785000000000000142e+01,3.732401034000000095e+02,-4.894156948697916398e+00,-1.064402671143333395e-01
2.790000000000000213e+01,3.417619384299999865e+02,-4.890244023854166677e+00,-5.255972263666667393e-02
2.795000000000000284e+01,3.776488006299999824e+02,-4.895920542708332768e+00,1.596635163996666662e-01
2.800000000000000000e+01,3.590335274299999924e+02,-4.896394024531249833e+00,1.511539158009999884e-01
2.805000000000000071e+01,3.510351428899999746e+02,-4.897952266406250033e+00,1.589861603441333482e-01
2.810000000000000142e+01,3.480258943599999952e+02,-4.898999127708333567e+00,1.651602128733333230e-01
2.815000000000000213e+01,3.114915340300000253e+02,-4.895277023802083072e+00,1.585955305084133238e-01
2.820000000000000284e+01,3.555620489400000110e+02,-4.901116243177082943e+00,2.810480852996666834e-01
2.825000000000000000e+01,3.395959189000000151e+02,-4.899352139010416884e+00,9.463590219333334330e-02
2.830000000000000071e+01,3.204476841599999943e+02,-4.896890661979166559e+00,-4.417488764433333270e-01
2.835000000000000142e+01,3.208887484200000131e+02,-4.895699220937499874e+00,2.537788137433333313e-01
2.840000000000000213e+01,3.585376334700000029e+02,-4.896373958229166767e+00,4.183474766666546722e-04
2.845000000000000284e+01,3.626161306199999785e+02,-4.894078488906250080e+00,3.843863752429999697e-02
2.850000000000000000e+01,3.442051138100000003e+02,-4.891397951718750470e+00,2.664586352333332964e-01
2.855000000000000071e+01,3.468855603499999916e+02,-4.892749796510416083e+00,1.680608210433333360e-02
2.860000000000000142e+01,3.472242481700000098e+02,-4.895085008229166590e+00,2.152880162226666894e-01
2.865000000000000213e+01,3.364801042700000266e+02,-4.896328814999999501e+00,-2.669310813033333729e-01
2.870000000000000284e+01,3.179056097199999726e+02,-4.895993674375000104e+00,1.504869193833333341e-01
2.875000000000000000e+01,3.154982985899999903e+02,-4.896819524114583544e+00,3.230255784333333630e-02
2.880000000000000071e+01,3.625658007200000270e+02,-4.903513016927083079e+00,2.384204607033333367e-01
2.885000000000000142e+01,3.298196708199999989e+02,-4.899864084947917142e+00,-7.528046429666666872e-02
2.890000000000000213e+01,3.178287424900000246e+02,-4.897755829791666571e+00,-4.838409214660000651e-02
2.895000000000000284e+01,3.230846042499999839e+02,-4.895567905312499413e+00,1.203384470233333919e-02
2.900000000000000000e+01,3.651070642000000248e+02,-4.895959057812500070e+00,-3.712095699733333753e-02
2.905000000000000071e+01,3.566614457800000082e+02,-4.893060581874999926e+00,-1.993230613300000717e-02
2.910000000000000142e+01,3.543692711300000155e+02,-4.892951834062500005e+00,-2.417770725226666417e-01
2.915000000000000213e+01,3.536354799599999978e+02,-4.893955928072917239e+00,-9.524440331366666734e-02
2.920000000000000284e+01,3.677817246999999838e+02,-4.896954687812500318e+00,-2.210592783066666900e-01
2.925000000000000000e+01,3.439164908100000275e+02,-4.896621553489583611e+00,-9.657234242633332133e-02
2.930000000000000071e+01,3.300728483699999742e+02,-4.897267120989583056e+00,-3.709654263666666285e-01
2.935000000000000142e+01,3.517818854099999726e+02,-4.900701372656249610e+00,2.569642186355000080e-01
2.940000000000000213e+01,3.526313670299999785e+02,-4.900889802395833605e+00,-1.327913381249999913e-01
2.945000000000000284e+01,3.408016866799999889e+02,-4.899746469375000579e+00,1.157689751066666717e-01
2.950000000000000000e+01,3.216699874899999827e+02,-4.897219054895833423e+00,6.649466785666667545e-02
2.955000000000000071e+01,3.340791544400000248e+02,-4.898109629739583859e+00,2.414847683750000196e-01
2.960000000000000142e+01,3.118894648200000006e+02,-4.894579327239583222e+00,-4.333160745666667785e-02
2.965000000000000213e+01,3.293617170100000067e+02,-4.895961416770833630e+00,1.998894520116666629e-01
2.970000000000000284e+01,3.308331335600000216e+02,-4.895225594427083493e+00,-7.988179331466666033e-02
2.975000000000000000e+01,3.661932228100000088e+02,-4.899427255989583507e+00,2.732036541199999724e-01
2.980000000000000071e+01,3.361884818799999834e+02,-4.895959130416666305e+00,4.374844871533333790e-01
2.985000000000000142e+01,3.453087304200000176e+02,-4.897395130000000485e+00,2.968041663566666766e-01
2.990000000000000213e+01,3.516729233199999953e+02,-4.898682952187500383e+00,-1.703775449740000114e-01
2.995000000000000284e+01,3.434068788399999903e+02,-4.898024767135416901e+00,1.575368236233333219e-01
3.000000000000000000e+01,3.561975240099999951e+02,-4.900645740624999469e+00,3.243848448666667578e-02
3.005000000000000071e+01,2.929842285500000116e+02,-4.896124187812500139e+00,-1.662286605066666811e-01
3.010000000000000142e+01,3.091880874299999959e+02,-4.901017676354166852e+00,-2.031956492566666661e-02
3.015000000000000213e+01,3.070626310000000103e+02,-4.901029552864582861e+00,-5.207833768453332818e-02
3.020000000000000284e+01,3.306275182800000039e+02,-4.902092484947917050e+00,-4.869214039333333299e-01
3.025000000000000000e+01,3.252040154300000268e+02,-4.898567483385416921e+00,5.464923145933333615e-01
3.030000000000000071e+01,3.374681255400000168e+02,-4.897695996770833560e+00,-1.406942334816666529e-01
3.035000000000000142e+01,3.454437786099999812e+02,-4.896912115208333027e+00,1.560923776666666395e-02
3.040000000000000213e+01,3.827554012599999851e+02,-4.899932283802082900e+00,2.924093765366666542e-01
3.045000000000000284e+01,3.575346310799999969e+02,-4.896243948020833514e+00,-3.349046403866666743e-01
3.050000000000000000e+01,3.508346429100000137e+02,-4.895482907916666626e+00,2.371464213700000268e-02
3.055000000000000071e+01,3.596503669300000183e+02,-4.897004309114583620e+00,9.088233567166666138e-02
3.060000000000000142e+01,3.616264242799999806e+02,-4.898688387552083690e+00,-1.878220342649999930e-01
3.065000000000000213e+01,3.248330761899999857e+02,-4.896617572708333199e+00,1.743316941700000233e-01
3.070000000000000284e+01,3.075612364099999922e+02,-4.896892465312499887e+00,3.558955124900000100e-01
3.075000000000000000e+01,2.921427269299999807e+02,-4.895876454843750558e+00,1.076750104533333308e-02
3.080000000000000071e+01,3.163872895299999755e+02,-4.897951878385416791e+00,9.024125528100000737e-02
3.085000000000000142e+01,3.356842190799999912e+02,-4.897635166614583646e+00,1.669925507666665879e-02
3.090000000000000213e+01,3.715112196499999868e+02,-4.899973913906250367e+00,-2.585785601333332948e-02
3.095000000000000284e+01,3.350066738699999860e+02,-4.895208522343749813e+00,-2.896367093133333515e-01
3.100000000000000000e+01,3.484413261199999852e+02,-4.896609950000000211e+00,5.794828585799999959e-02
3.105000000000000071e+01,3.256286223800000244e+02,-4.893458560208332919e+00,-3.006610435593333741e-01
3.110000000000000142e+01,3.458349181199999975e+02,-4.896073987552083118e+00,1.532737892473333141e-01
3.115000000000000213e+01,3.115761462599999732e+02,-4.893016488281250354e+00,1.972289214096666354e-01
3.120000000000000284e+01,3.431337343100000226e+02,-4.898511305572916363e+00,-1.698787314533334314e-02
3.125000000000000000e+01,3.211727483899999811e+02,-4.898119482187500040e+00,1.799724764800000043e-01
3.130000000000000071e+01,3.162502575299999990e+02,-4.900207550000000190e+00,-1.319732711490000099e-01
3.135000000000000142e+01,3.332913559099999929e+02,-4.904358687343750134e+00,3.667941044933333283e-01
3.140000000000000213e+01,3.254978683300000171e+02,-4.904567469479166775e+00,1.091077339166666473e-02
3.145000000000000284e+01,2.802040872900000181e+02,-4.898248691770833219e+00,3.280768647235666191e-01
3.150000000000000000e+01,3.380169042399999739e+02,-4.901339783750000123e+00,-7.036429637999999480e-03
3.155000000000000071e+01,3.560558253500000205e+02,-4.900373679218749778e+00,2.127919348433333357e-01
3.160000000000000142e+01,3.457762734899999941e+02,-4.897922390156249861e+00,1.196645076119999818e-01
3.165000000000000213e+01,3.072119360099999881e+02,-4.892034121822916859e+00,4.077671251499999650e-01
3.170000000000000284e+01,3.451405200799999875e+02,-4.895388846718749853e+00,1.170497176886666768e-01
3.175000000000000000e+01,3.613604884299999753e+02,-4.896570748489582847e+00,3.757190685933333718e-01
3.180000000000000071e+01,3.539300580400000058e+02,-4.895765425520833602e+00,-1.642057219333333332e-02
3.185000000000000142e+01,3.209613112600000022e+02,-4.892769804531249989e+00,2.896517299066667106e-01
3.190000000000000213e+01,3.332160165500000062e+02,-4.896080822447916425e+00,1.795827967799999980e-01
3.195000000000000284e+01,3.225769106399999941e+02,-4.897372631197916881e+00,-2.795453823999999865e-01
3.200000000000000000e+01,3.168131810900000005e+02,-4.899072448958333048e+00,9.018799352933333513e-02
3.205000000000000426e+01,3.238185488600000213e+02,-4.900548993958333099e+00,3.389635499999969488e-04
3.210000000000000142e+01,3.369829095200000211e+02,-4.900908229739583177e+00,3.106376172900000010e-01
3.214999999999999858e+01,3.277858403500000009e+02,-4.896948911406250105e+00,-2.090845907733333287e-01
3.220000000000000284e+01,3.533969092599999726e+02,-4.897261532187499711e+00,2.783342888399999993e-01
3.225000000000000000e+01,3.637984653400000070e+02,-4.897710915989583746e+00,3.863006440366666822e-02
3.230000000000000426e+01,3.394347975000000019e+02,-4.894914161718749490e+00,3.665909782690000146e-02
3.235000000000000142e+01,3.386060118400000079e+02,-4.894945226927083226e+00,3.054109335666666536e-01
3.239999999999999858e+01,3.195803726299999994e+02,-4.892112371197916865e+00,1.496266218922999991e-01
3.245000000000000284e+01,3.551818481399999996e+02,-4.895575363229166754e+00,6.801039573033333674e-02
3.250000000000000000e+01,3.694802711599999725e+02,-4.896584369218749622e+00,-7.628901686666665800e-03
3.255000000000000426e+01,3.537926619300000084e+02,-4.895931403750000577e+00,6.649465248053333666e-02
3.260000000000000142e+01,3.218075753499999792e+02,-4.895044914166667205e+00,-2.296413441399999811e-02
3.264999999999999858e+01,3.345763552299999901e+02,-4.898819171354166890e+00,1.863109152340000074e-01
3.270000000000000284e+01,3.224937692600000219e+02,-4.898416819114583376e+00,1.952359083300000617e-02
3.275000000000000000e+01,3.044879061299999989e+02,-4.896149857031249830e+00,-3.146189448633333607e-01
3.280000000000000426e+01,3.415239999400000102e+02,-4.898882310572916232e+00,1.880804032573333284e-01
3.285000000000000142e+01,3.494244119100000034e+02,-4.897036329270833654e+00,2.042439579856666632e-01
3.289999999999999858e+01,3.532455088500000215e+02,-4.895422610885416859e+00,9.867022647000001090e-02
3.295000000000000284e+01,3.535449990999999841e+02,-4.894530043906249794e+00,-1.906950033333333350e-01
3.300000000000000000e+01,3.509483562400000096e+02,-4.893762640833332789e+00,1.035923439299999728e-02
3.305000000000000426e+01,3.678897116300000221e+02,-4.895658252083333828e+00,8.495208565333334239e-02
3.310000000000000142e+01,3.422694642899999735e+02,-4.893200853385416771e+00,-1.991230630066666979e-02
3.314999999999999858e+01,3.414448402300000112e+02,-4.895103784479166720e+00,3.137395408413333198e-01
3.320000000000000284e+01,3.147583165199999939e+02,-4.894366852916666843e+00,-2.062688268900000066e-01
3.325000000000000000e+01,3.356499856899999941e+02,-4.899025131041667258e+00,8.960554164666667543e-02
3.330000000000000426e+01,3.260204527800000278e+02,-4.899012811614583462e+00,9.698358379999999154e-03
3.335000000000000142e+01,3.162840349900000092e+02,-4.898102885104166582e+00,3.299786928866666469e-01
3.339999999999999858e+01,3.142972376899999745e+02,-4.897036626979166307e+00,1.193014611373333228e-01
3.345000000000000284e+01,3.268116532799999732e+02,-4.896313854583333125e+00,1.148857284850000049e-01
3.350000000000000000e+01,3.165847553699999821e+02,-4.891943441250000468e+00,1.690768344916666610e-01
3.355000000000000426e+01,3.516356471000000283e+02,-4.894422359687499835e+00,1.234638139903333348e-01
3.360000000000000142e+01,3.434081992700000114e+02,-4.893125425677083307e+00,1.251138389399999995e-01
3.364999999999999858e+01,3.502790972099999749e+02,-4.894301405781249947e+00,-8.428757196133333796e-02
3.370000000000000284e+01,3.463271031900000025e+02,-4.894742042135416860e+00,3.065282804666666916e-01
3.375000000000000000e+01,3.549415725200000225e+02,-4.896792184999999797e+00,9.677467003666661086e-03
3.380000000000000426e+01,3.358740685000000212e+02,-4.895829305624999961e+00,1.312857359300000082e-01
3.385000000000000142e+01,3.261432928699999820e+02,-4.897752707395833127e+00,-1.680856521600000153e-01
3.389999999999999858e+01,2.776897809800000232e+02,-4.895865083906250526e+00,1.176067187966666622e-01
3.395000000000000284e+01,3.246925579900000116e+02,-4.902675828645833178e+00,-1.399920037003333229e-01
3.400000000000000000e+01,3.258040191100000129e+02,-4.902070969322916305e+00,-3.482844876516667104e-02
3.405000000000000426e+01,3.425514982000000259e+02,-4.902845165416667150e+00,3.023468581053336598e-03
3.410000000000000142e+01,3.082745432699999810e+02,-4.897106014062500456e+00,-1.135262417033333221e-01
3.414999999999999858e+01,3.090918351600000165e+02,-4.894955907812500229e+00,3.147788687096666344e-02
3.420000000000000284e+01,3.315512714500000016e+02,-4.895151827135416411e+00,8.048527626666662771e-03
3.425000000000000000e+01,3.551956871300000103e+02,-4.896575065625000001e+00,1.296653553680000015e-01
3.430000000000000426e+01,3.649404757600000266e+02,-4.897200388697917184e+00,-2.076005422770000053e-01
3.435000000000000142e+01,3.603751523199999838e+02,-4.897028898958333265e+00,-1.144937967879999935e-01
3.439999999999999858e+01,3.435692208400000141e+02,-4.896379360000000069e+00,-1.487587636669999991e-01
3.445000000000000284e+01,3.349018845499999770e+02,-4.896885037031250221e+00,-1.504024705789999972e-01
3.450000000000000000e+01,3.132677405399999770e+02,-4.895814459427083598e+00,2.995769646033333289e-01
3.455000000000000426e+01,3.258312116999999830e+02,-4.898500405677083336e+00,1.415585435879999909e-01
3.460000000000000142e+01,3.464001566300000263e+02,-4.901270838593750234e+00,1.421686370596666749e-01
3.464999999999999858e+01,3.518722589999999855e+02,-4.901968908593750562e+00,3.152954633533333051e-01
3.470000000000000284e+01,3.212557682400000090e+02,-4.898585582083333279e+00,-1.033388182633333124e-01
3.475000000000000000e+01,3.087666633599999955e+02,-4.896703717187500082e+00,3.201208559933332864e-01
3.480000000000000426e+01,3.484840092800000093e+02,-4.899617877864582915e+00,-1.431511955333333308e-01
3.485000000000000142e+01,3.494921474000000217e+02,-4.896855482500000356e+00,-1.234823633077333366e-01
3.489999999999999858e+01,3.571739856099999884e+02,-4.895942786510416589e+00,-1.719504772866666809e-01
3.495000000000000284e+01,3.512812649200000124e+02,-4.894478126302083787e+00,-7.006431408866667376e-02
3.500000000000000000e+01,3.211188791499999979e+02,-4.890923357812499539e+00,4.225769984333332951e-02
3.505000000000000426e+01,3.334210382300000219e+02,-4.892695899218749922e+00,-1.047966359523333363e-01
3.510000000000000142e+01,3.224229137799999876e+02,-4.892580815156249763e+00,8.512840333033333540e-02
3.514999999999999858e+01,3.191421509400000218e+02,-4.894781245625000388e+00,3.023879976133333689e-02
3.520000000000000284e+01,3.180753662899999767e+02,-4.897897487499999869e+00,-1.214297234405999903e-01
3.525000000000000000e+01,2.941709959699999786e+02,-4.897087133072916210e+00,-1.208962947093333434e-01
3.530000000000000426e+01,3.223523337199999901e+02,-4.900646413541666746e+00,2.970820876000000374e-02
3.535000000000000142e+01,3.371437132899999938e+02,-4.901082275781249997e+00,1.287865275220000105e-01
3.539999999999999858e+01,3.122433873800000015e+02,-4.896215545989583084e+00,-3.523292600433333699e-01
3.545000000000000284e+01,3.358412649200000146e+02,-4.897459862708333667e+00,-7.197901954133331670e-02
3.550000000000000000e+01,3.377162457900000163e+02,-4.896071377604166663e+00,-2.792058573206666616e-01
3.555000000000000426e+01,3.552217096599999877e+02,-4.897113157031250275e+00,2.446172591533333218e-01
3.560000000000000142e+01,3.486909848199999828e+02,-4.895831421562499841e+00,8.658576001899999375e-02
3.564999999999999858e+01,3.170554346900000269e+02,-4.891998389583332774e+00,-6.292427740199999509e-01
3.570000000000000284e+01,3.576263726000000247e+02,-4.897175078906250256e+00,2.232473102069999771e-01
3.575000000000000000e+01,3.184955903900000180e+02,-4.892658744583333608e+00,1.122014496856666571e-01
3.580000000000000426e+01,3.232196508000000108e+02,-4.893620197604167110e+00,-1.034946462660000094e-01
3.585000000000000142e+01,3.523938702600000283e+02,-4.896844222187500151e+00,4.141520995600000421e-01
3.589999999999999858e+01,3.341218012900000076e+02,-4.894082224895833555e+00,-3.049667107000000321e-01
3.595000000000000284e+01,3.509794498399999725e+02,-4.895446716822916322e+00,6.472453461566667066e-02
3.600000000000000000e+01,3.604204006699999923e+02,-4.896138190468749762e+00,-1.112656351340000072e-01
3.605000000000000426e+01,3.463027289600000245e+02,-4.894820821718750103e+00,-1.242195658133333179e-02
3.610000000000000142e+01,3.477372013300000049e+02,-4.895938736354167098e+00,-2.721204115366666620e-01
3.614999999999999858e+01,3.494724391400000059e+02,-4.897984667864583308e+00,-2.537235131673333255e-01
3.620000000000000284e+01,3.348237624999999866e+02,-4.898606724427083670e+00,4.077108956800000183e-01
3.625000000000000000e+01,2.887956963299999984e+02,-4.895008131197916335e+00,-5.519020226000000834e-02
3.630000000000000426e+01,3.275430308699999955e+02,-4.900001525364583443e+00,3.610052753333277691e-04
3.635000000000000142e+01,3.453060017299999913e+02,-4.901535983437500299e+00,-4.788186182766665522e-02
3.639999999999999858e+01,3.121793310300000144e+02,-4.896641622447917008e+00,3.161192520200001299e-02
3.645000000000000284e+01,3.497286543199999755e+02,-4.897394224947916541e+00,1.496337342533333482e-02
3.650000000000000000e+01,3.550081172100000231e+02,-4.893628766249999984e+00,2.272855635516666528e-01
3.655000000000000426e+01,3.604833599199999981e+02,-4.893148524114583786e+00,1.485267258226666554e-01
3.660000000000000142e+01,3.620698877500000208e+02,-4.894101450937499820e+00,1.061696381256666544e-01
3.664999999999999858e+01,3.441042354900000078e+02,-4.893917846822916751e+00,-1.041434736893333407e-01
3.670000000000000284e+01,3.203245605199999773e+02,-4.893463430885416798e+00,-5.496989341666665835e-02
3.675000000000000000e+01,3.310878343599999880e+02,-4.896594796302083274e+00,1.976313226800000267e-01
3.680000000000000426e+01,3.473709876300000019e+02,-4.899754164427083225e+00,2.100674095223333537e-01
3.685000000000000142e+01,3.178667539699999907e+02,-4.896335605885416165e+00,-1.275137984233333521e-01
3.689999999999999858e+01,3.422401937199999793e+02,-4.898682629218749973e+00,1.579702437884999977e-01
3.695000000000000284e+01,3.398769595499999809e+02,-4.897667020104166546e+00,-2.062970795650000133e-01
3.700000000000000000e+01,3.388871554199999991e+02,-4.896891741927083430e+00,-2.643272025956666313e-02
3.705000000000000426e+01,3.491131945000000201e+02,-4.897627108802082851e+00,-1.121418301043333315e-01
3.710000000000000142e+01,3.290291056099999878e+02,-4.894384193645833214e+00,-3.903642503133333830e-02
3.714999999999999858e+01,3.539984004899999945e+02,-4.896645401666666508e+00,1.432388422333333300e-01
3.720000000000000284e+01,3.411824133999999731e+02,-4.894176650885416535e+00,-2.144506118133333583e-01
3.725000000000000000e+01,3.211671885100000168e+02,-4.890743909010416779e+00,-1.342978302999999450e-02
3.730000000000000426e+01,3.876099532999999724e+02,-4.896945071302083896e+00,-7.988197450333332783e-02
3.735000000000000142e+01,3.729128456600000163e+02,-4.891641105156249836e+00,-1.585050429666666760e-01
3.739999999999999858e+01,3.755679471700000249e+02,-4.890477241770833317e+00,4.447685421333333333e-01
3.745000000000000284e+01,3.531995972899999856e+02,-4.887970873958333407e+00,-3.190939629900000490e-02
3.750000000000000000e+01,3.596213516199999845e+02,-4.890966284479167037e+00,7.246697375666670375e-03
3.755000000000000426e+01,3.385402362199999970e+02,-4.892090978802083434e+00,1.552120005106666645e-01
3.760000000000000142e+01,3.463757891899999777e+02,-4.895755862968750094e+00,-5.373985715076665809e-02
3.764999999999999858e+01,3.456937131199999840e+02,-4.897229865624999512e+00,9.583492818256666990e-02
3.770000000000000284e+01,3.379294130399999858e+02,-4.897220843593749429e+00,9.786328141599999475e-02
3.775000000000000000e+01,2.952668544599999905e+02,-4.892217198177083226e+00,2.219199593366666390e-01
3.780000000000000426e+01,3.251753227400000128e+02,-4.895041726822916495e+00,-3.948684375500000066e-01
3.785000000000000142e+01,3.350859824600000252e+02,-4.894257862135416914e+00,3.327025352333334157e-02
3.789999999999999858e+01,3.474993399699999941e+02,-4.893820249010416568e+00,1.464418392336666597e-02
3.795000000000000284e+01,3.733524126199999955e+02,-4.895845574479166906e+00,9.222110519966668363e-02
3.800000000000000000e+01,3.629380906299999765e+02,-4.894382746822916630e+00,1.520568483433333284e-01
3.805000000000000426e+01,3.593638900899999840e+02,-4.894174921927083588e+00,-1.363684521156666440e-01
3.810000000000000142e+01,3.429133959200000277e+02,-4.892756713385416845e+00,-1.067497293968006772e-01
3.814999999999999858e+01,3.338236272799999824e+02,-4.894361590833333331e+00,1.132826803353333273e-01
3.820000000000000284e+01,3.390650605499999983e+02,-4.898680960833333486e+00,-2.472676800466666602e-01
3.825000000000000000e+01,3.146030962099999897e+02,-4.897334424999999491e+00,8.306445816233336277e-02
3.830000000000000426e+01,3.094557234100000187e+02,-4.896212607239583292e+00,2.913830897506666240e-01
3.835000000000000142e+01,3.536360863599999789e+02,-4.899839657812500526e+00,-8.291874634366667995e-02
3.840000000000000568e+01,3.489073107099999902e+02,-4.897363528958333490e+00,3.643520693666665172e-02
3.845000000000000284e+01,3.371580624900000203e+02,-4.894859098281250098e+00,3.013976579933333455e-01
3.850000000000000000e+01,3.625968569799999841e+02,-4.897387309218749429e+00,-8.378568141566666849e-02
3.855000000000000426e+01,3.696137731200000189e+02,-4.898497968177083273e+00,-2.265580623896666645e-01
3.860000000000000142e+01,3.212722337100000232e+02,-4.893014706614583709e+00,2.042120966639999757e-01
3.865000000000000568e+01,3.555889351299999817e+02,-4.897163880989583440e+00,-2.521226901356666827e-01
3.870000000000000284e+01,3.470664309499999831e+02,-4.895609345416667146e+00,3.821132232333333822e-02
3.875000000000000000e+01,3.626018619299999841e+02,-4.897420333437500162e+00,2.346923518819999943e-01
3.880000000000000426e+01,3.320406199500000071e+02,-4.894153855833333289e+00,-2.354566309270000046e-01
3.885000000000000142e+01,3.293171552900000165e+02,-4.894143956979166710e+00,-2.027475295839999969e-01
3.890000000000000568e+01,3.344953844199999935e+02,-4.894486516406249876e+00,3.031465002633333405e-01
3.895000000000000284e+01,3.131249845799999889e+02,-4.890037393229166973e+00,-2.595422595633333773e-01
3.900000000000000000e+01,3.532917824599999790e+02,-4.891662373958333809e+00,-3.086341273673333108e-01
3.905000000000000426e+01,3.876604844799999796e+02,-4.893725473124999503e+00,8.429292474233333887e-02
3.910000000000000142e+01,3.891540466199999742e+02,-4.894848586510416766e+00,-5.164240759999984449e-03
3.915000000000000568e+01,3.745179780600000186e+02,-4.896653444114583031e+00,-3.245594913666668274e-02
3.920000000000000284e+01,3.355999946000000023e+02,-4.894045010052082922e+00,-2.491001337433333129e-01
3.925000000000000000e+01,3.634844390200000248e+02,-4.898446909375000047e+00,1.182759175696666692e-01
3.930000000000000426e+01,3.455104693399999860e+02,-4.897336163541666565e+00,-1.057070797090000069e-01
3.935000000000000142e+01,3.138548771600000009e+02,-4.894372445468749611e+00,-9.555990504766669058e-02
3.940000000000000568e+01,3.277088069999999789e+02,-4.896505575625000439e+00,-4.032813745000000255e-02
3.945000000000000284e+01,3.367579527500000154e+02,-4.897431173802083038e+00,-2.823150533033333409e-01
3.950000000000000000e+01,3.366669854599999780e+02,-4.896190253958333294e+00,5.227811969666667884e-03
3.955000000000000426e+01,3.589114265100000125e+02,-4.896910595989583115e+00,-3.670190811799999703e-02
3.960000000000000142e+01,3.508994645700000206e+02,-4.894011674791666877e+00,-5.435668053233333463e-02
3.965000000000000568e+01,3.644590944999999920e+02,-4.894296899687500257e+00,4.833595122833333479e-01
3.970000000000000284e+01,3.531838051299999961e+02,-4.893052757395833119e+00,-3.298043702200000316e-01
3.975000000000000000e+01,3.262803982400000109e+02,-4.891268413229166612e+00,5.410906528233333512e-02
3.980000000000000426e+01,3.544216915000000085e+02,-4.897065311354166894e+00,-3.683928933366666936e-01
3.985000000000000142e+01,3.264687392600000067e+02,-4.895979095208333298e+00,4.974453198546666122e-02
3.990000000000000568e+01,3.070057380299999750e+02,-4.894806574166666202e+00,-2.837112986366666090e-01
3.995000000000000284e+01,3.457675039499999912e+02,-4.899807885208333325e+00,-1.480712485233333098e-01
4.000000000000000000e+01,3.245100729000000115e+02,-4.896962955781249960e+00,-1.774394221909999791e-01
4.005000000000000426e+01,3.540593622800000162e+02,-4.899854366354166935e+00,-2.332316207496666627e-01
4.010000000000000142e+01,3.438165294099999869e+02,-4.896067284531249619e+00,2.246421170466666728e-01
4.015000000000000568e+01,3.495294209400000227e+02,-4.893491325156250404e+00,-1.135040996213333431e-01
4.020000000000000284e+01,3.803108860199999981e+02,-4.894826734166666249e+00,3.679055269800000083e-01
4.025000000000000000e+01,4.092534876199999871e+02,-4.897892595624999679e+00,7.034874165299999371e-02
4.030000000000000426e+01,3.309074869500000204e+02,-4.889713296927083341e+00,-4.467809280766665836e-02
4.035000000000000142e+01,3.587208187400000270e+02,-4.895217015572916885e+00,3.697092677266666794e-02
4.040000000000000568e+01,3.481430547499999761e+02,-4.896107631041666686e+00,7.608685855833333123e-02
4.045000000000000284e+01,3.521911717500000236e+02,-4.897966155885416839e+00,-5.129439414499999822e-02
4.050000000000000000e+01,3.341612030399999753e+02,-4.896514568177082971e+00,-1.442007614273333183e-01
4.055000000000000426e+01,3.464913697599999978e+02,-4.898283250625000029e+00,-7.772965859633332308e-02
4.060000000000000142e+01,3.380317467799999918e+02,-4.897207613125000414e+00,-2.423538830899999719e-01
4.065000000000000568e+01,3.365848425899999938e+02,-4.896875663489583808e+00,-9.617962218333332702e-02
4.070000000000000284e+01,3.454860142900000142e+02,-4.897078624010416270e+00,-1.400482278266666769e-01
4.075000000000000000e+01,3.532999411999999779e+02,-4.896778006406250050e+00,3.226485908226999766e-01
4.080000000000000426e+01,3.566416694399999869e+02,-4.896486619843749999e+00,-2.092992113866666559e-01
4.085000000000000142e+01,3.851044836400000122e+02,-4.899848173020832753e+00,-5.410282523900000751e-02
4.090000000000000568e+01,3.231551027200000021e+02,-4.892946552864583687e+00,1.476191336333332327e-02
4.095000000000000284e+01,3.308502153300000259e+02,-4.894886612604167020e+00,-2.440871193389999860e-01
4.100000000000000000e+01,3.234257374000000027e+02,-4.894952618541666745e+00,-1.931837358136666571e-01
4.105000000000000426e+01,3.368084240499999851e+02,-4.897827907812500214e+00,2.198317174736666713e-01
4.110000000000000142e+01,3.220562001200000282e+02,-4.897291138541667088e+00,-5.262682909533333842e-01
4.115000000000000568e+01,3.355695040599999857e+02,-4.899611187187500327e+00,3.566189016266667067e-01
4.120000000000000284e+01,3.160079652000000010e+02,-4.896582939531250567e+00,2.859381118629999996e-01
4.125000000000000000e+01,3.438282529499999782e+02,-4.898095622031250151e+00,3.878661733966666525e-02
4.130000000000000426e+01,3.320487916700000142e+02,-4.894181420156249906e+00,-2.426543499169999674e-01
4.135000000000000142e+01,3.322776939600000219e+02,-4.891938613593749707e+00,7.508920019999994373e-03
4.140000000000000568e+01,3.299405388700000117e+02,-4.890061911614583146e+00,-1.428156885666666820e-01
4.145000000000000284e+01,3.765018243600000005e+02,-4.895565849114583479e+00,3.173785271666666047e-02
4.150000000000000000e+01,3.059832026199999859e+02,-4.888474580416667159e+00,3.013639004076666406e-01
4.155000000000000426e+01,3.347638597100000197e+02,-4.895880694791666876e+00,-1.469213807666666649e-01
4.160000000000000142e+01,3.259260689399999933e+02,-4.899140710208333083e+00,-1.134531994849999892e-01
4.165000000000000568e+01,3.167875940999999784e+02,-4.899532306458333153e+00,7.322029979999998550e-02
4.170000000000000284e+01,3.200772120400000063e+02,-4.900127473541666667e+00,8.303152807999996179e-03
4.175000000000000000e+01,3.094000017600000092e+02,-4.898074948541666807e+00,1.255891569866666724e-01
4.180000000000000426e+01,3.018063014900000098e+02,-4.895313784739583340e+00,2.935997971933333450e-01
4.185000000000000142e+01,3.421942138800000066e+02,-4.897649873020832878e+00,-9.217037705000005396e-03
4.190000000000000568e+01,3.775897731599999929e+02,-4.900144602552082951e+00,2.416718864000003911e-03
4.195000000000000284e+01,3.344408208500000228e+02,-4.893899223697916412e+00,1.077123262333333324e-02
4.200000000000000000e+01,3.655026391200000262e+02,-4.897105024531249740e+00,1.689741788316666826e-01
4.205000000000000426e+01,3.501003215599999976e+02,-4.895315913385416273e+00,-1.591420465360000036e-01
4.210000000000000142e+01,3.521205458599999929e+02,-4.896360016302083729e+00,5.051239504999999186e-02
4.215000000000000568e+01,3.444947190099999830e+02,-4.896109565937499575e+00,-1.956662833753333164e-01
4.220000000000000284e+01,3.191036661200000140e+02,-4.892957268437499785e+00,-1.371375236750000115e-01
4.225000000000000000e+01,3.334119376699999862e+02,-4.894288980156249913e+00,2.070760092900000016e-01
4.230000000000000426e+01,3.847574194300000272e+02,-4.900797818281249718e+00,-1.572991077786666803e-01
4.235000000000000142e+01,3.408856938900000273e+02,-4.897140426875000507e+00,4.368227919300000095e-01
4.240000000000000568e+01,3.347068863900000224e+02,-4.898765710156250286e+00,-5.144870799299999797e-02
4.245000000000000284e+01,3.422651933099999724e+02,-4.901226237656250539e+00,1.257108528000000225e-01
4.250000000000000000e+01,3.213746404799999823e+02,-4.899513724010416738e+00,8.465625994566666757e-02
4.255000000000000426e+01,3.125010038300000019e+02,-4.898279651979167149e+00,1.475306527370000009e-01
4.260000000000000142e+01,3.444175806200000238e+02,-4.898918436666666487e+00,-5.165563011833334411e-02
4.265000000000000568e+01,3.462981739100000027e+02,-4.894711581874999773e+00,-1.005634486666666660e-01
4.270000000000000284e+01,3.704143263299999944e+02,-4.896339056979166493e+00,-2.465610846500000120e-01
4.275000000000000000e+01,3.320696821399999976e+02,-4.891854248645833181e+00,1.034462670226666686e-01
4.280000000000000426e+01,3.384027808299999833e+02,-4.893798179166666706e+00,3.137476632866666448e-01
4.285000000000000142e+01,3.463640421499999889e+02,-4.896132534322917174e+00,-2.377390773763333465e-01
4.290000000000000568e+01,3.221246363299999871e+02,-4.894560522552083626e+00,8.512813144566666601e-02
4.295000000000000284e+01,3.332664134300000001e+02,-4.897181558281249458e+00,7.551954730100000901e-02
4.300000000000000000e+01,3.273912615599999754e+02,-4.897744181354166670e+00,1.641910042799999969e-01
4.305000000000000426e+01,3.271030578699999865e+02,-4.899660017760417041e+00,7.878665684333331642e-02
4.310000000000000142e+01,3.322542927100000156e+02,-4.902220759166666220e+00,-1.579685671246666701e-01
4.315000000000000568e+01,3.343563481200000069e+02,-4.903564297343749878e+00,2.952235065533333550e-02
4.320000000000000284e+01,3.140385496299999772e+02,-4.900680835729166240e+00,-1.900264883423333495e-01
4.325000000000000000e+01,3.420492909999999824e+02,-4.901899983906250036e+00,-1.859396151699999888e-01
4.330000000000000426e+01,3.504623244399999749e+02,-4.899890159062500139e+00,3.407253878633333816e-02
4.335000000000000142e+01,3.380988952700000141e+02,-4.896200807187500281e+00,1.192636708757666558e-01
4.340000000000000568e+01,3.401000464900000111e+02,-4.894771073489583735e+00,6.350457880633335328e-02
4.345000000000000284e+01,3.563271883099999968e+02,-4.895960420885416831e+00,1.568920344599999961e-01
4.350000000000000000e+01,3.315497843300000227e+02,-4.892700734062500167e+00,-1.468447082166667028e-02
4.355000000000000426e+01,3.470002447800000027e+02,-4.894688372135417076e+00,-1.588624029416666750e-01
4.360000000000000142e+01,3.592192338500000233e+02,-4.896928875364583433e+00,-5.403520396000000003e-02
4.365000000000000568e+01,3.376935790499999825e+02,-4.895886902968750398e+00,4.080707591633332965e-01
4.370000000000000284e+01,3.098957314699999870e+02,-4.895240530468750073e+00,-5.505577596466666029e-02
4.375000000000000000e+01,3.122865801699999793e+02,-4.897759510729167154e+00,-4.159134400500000273e-01
4.380000000000000426e+01,3.183252747500000055e+02,-4.899994522291666321e+00,-2.285238242089999983e-01
4.385000000000000142e+01,3.290339986700000168e+02,-4.902359457447916569e+00,-1.103460083666666681e-02
4.390000000000000568e+01,3.023276252399999748e+02,-4.899034396302083039e+00,-1.636957725066666702e-01
4.395000000000000284e+01,3.240696358800000212e+02,-4.899159799687500261e+00,-6.807458591666668002e-02
4.400000000000000000e+01,3.327989107999999874e+02,-4.896061138593750250e+00,3.389312354000000305e-01
4.405000000000000426e+01,2.976014791000000059e+02,-4.889467986145833223e+00,3.280977445333332215e-02
4.410000000000000142e+01,3.336548526600000173e+02,-4.892329439583333439e+00,-1.627560012333333084e-01
4.415000000000000568e+01,3.953604317900000069e+02,-4.899251756197917196e+00,1.276212315276666620e-01
4.420000000000000284e+01,3.604800741199999834e+02,-4.895844990260417084e+00,1.747283758199999482e-02
4.425000000000000000e+01,3.419706269100000213e+02,-4.895223836302083242e+00,1.683255079696666934e-01
4.430000000000000426e+01,3.259732764600000223e+02,-4.894863185624999780e+00,-7.186453826333333295e-02
4.435000000000000142e+01,3.391324596800000108e+02,-4.898315119583332766e+00,2.199491408523333302e-01
4.440000000000000568e+01,3.304404971000000160e+02,-4.899554788802083394e+00,1.295323967163333478e-01
4.445000000000000284e+01,3.044545505599999728e+02,-4.899054276874999836e+00,1.377092714799999784e-01
4.450000000000000000e+01,3.048110216399999786e+02,-4.901189822656250250e+00,-3.872936575400000997e-02
4.455000000000000426e+01,3.004702666700000009e+02,-4.901472667343750089e+00,6.381353936510000824e-02
4.460000000000000142e+01,2.894717816500000254e+02,-4.899315815468749946e+00,1.891533224266666868e-01
4.465000000000000568e+01,3.171938773200000128e+02,-4.898596402395833493e+00,-1.045144673580000044e-01
4.470000000000000284e+01,3.336603348799999935e+02,-4.897206665260417147e+00,6.433278141666666505e-02
4.475000000000000000e+01,3.371071372100000190e+02,-4.895547349895832845e+00,1.170550889197759931e-01
4.480000000000000426e+01,3.681195150099999864e+02,-4.897874051562499886e+00,-1.295189162313333253e-01
4.485000000000000142e+01,3.763861464500000125e+02,-4.898689730989583602e+00,-2.101719883296666591e-01
4.490000000000000568e+01,3.429119894899999963e+02,-4.895814400208332806e+00,-1.712420909700000105e-01
4.495000000000000284e+01,3.351597239899999749e+02,-4.896802896875000144e+00,2.561266002136666775e-01
4.500000000000000000e+01,3.238547295899999767e+02,-4.897205456875000529e+00,1.981476940116666530e-01
4.505000000000000426e+01,3.039971562999999719e+02,-4.896059174270833481e+00,1.377752502290000014e-01
4.510000000000000142e+01,3.098050065599999812e+02,-4.897090198385416926e+00,3.342920352300000064e-01
4.515000000000000568e+01,3.161075692200000162e+02,-4.896084607135416711e+00,6.818480077666666528e-02
4.520000000000000284e+01,3.177569927200000279e+02,-4.891868202916666242e+00,1.969932189000000167e-01
4.525000000000000000e+01,3.666945527299999981e+02,-4.895120409999999644e+00,-2.222613411199999070e-02
4.530000000000000426e+01,3.673808575499999733e+02,-4.894251143124999537e+00,2.576090533366666713e-01
4.535000000000000142e+01,3.349797354199999972e+02,-4.890249912031250368e+00,-9.117400450333333628e-02
4.540000000000000568e+01,3.440090848699999810e+02,-4.891274710624999855e+00,8.405534611533334310e-02
4.545000000000000284e+01,3.722154848600000037e+02,-4.895905529166666881e+00,2.464336458733333013e-01
4.550000000000000000e+01,3.296805550899999844e+02,-4.894667035624999940e+00,-5.391619350999998783e-02
4.555000000000000426e+01,3.652122234000000276e+02,-4.901782209479166319e+00,2.982305951246666531e-01
4.560000000000000142e+01,3.151573797400000103e+02,-4.896480401041666930e+00,-3.359433601039999995e-01
4.565000000000000568e+01,3.304552829699999847e+02,-4.898333783124999563e+00,3.045713532033333393e-01
4.570000000000000284e+01,3.414501690199999757e+02,-4.898737725572916979e+00,5.994395868233334118e-02
4.575000000000000000e+01,3.293513960700000212e+02,-4.895596889166666799e+00,1.904822940000013563e-04
4.580000000000000426e+01,3.677964974800000277e+02,-4.898805200989583497e+00,5.339811514666670256e-03
4.585000000000000142e+01,3.359445326599999930e+02,-4.894299634583333614e+00,-8.025319599999999887e-02
4.590000000000000568e+01,3.575177412200000049e+02,-4.896725277708333657e+00,-6.461011790666668086e-02
4.595000000000000284e+01,3.512979189499999961e+02,-4.895941974739582925e+00,-1.413368321113333270e-01
4.600000000000000000e+01,3.370005406099999732e+02,-4.895013281145833339e+00,7.549101177333335244e-02
4.605000000000000426e+01,3.569881118399999878e+02,-4.898608550312499865e+00,-2.326348601416666495e-01
4.610000000000000142e+01,3.556126409699999726e+02,-4.900239037187500202e+00,2.000269531666666253e-02
4.615000000000000568e+01,3.205039020099999902e+02,-4.897765710156249952e+00,-1.496307925366666680e-01
4.620000000000000284e+01,3.124446317499999850e+02,-4.897139359635416689e+00,-3.351443345266666429e-02
4.625000000000000000e+01,3.559807178899999940e+02,-4.901476944270833691e+00,1.212934492166666683e-01
4.630000000000000426e+01,3.432939265800000044e+02,-4.898719466406249445e+00,-4.141422873333337577e-03
4.635000000000000142e+01,3.580937208400000031e+02,-4.898091683958333498e+00,-9.870387136899999581e-02
4.640000000000000568e+01,3.617062643099999946e+02,-4.895075841666666427e+00,-3.499733108990000369e-02
4.645000000000000284e+01,3.475675765999999953e+02,-4.891225779531249707e+00,2.259798677946666945e-01
4.650000000000000000e+01,3.935993102599999816e+02,-4.895780721302083194e+00,-4.159513709300000084e-01
4.655000000000000426e+01,3.758034062400000153e+02,-4.893842354479166268e+00,1.771105951633333009e-01
4.660000000000000142e+01,3.723301576100000148e+02,-4.895229779635417167e+00,-1.940448695000003944e-03
4.665000000000000568e+01,3.481544713100000195e+02,-4.894094881458333823e+00,1.129697468933333337e-01
4.670000000000000284e+01,3.576110446199999728e+02,-4.896588903437499418e+00,-4.798850762333334297e-02
4.675000000000000000e+01,3.566488415300000270e+02,-4.897823843177083525e+00,-2.009031771476667005e-01
4.680000000000000426e+01,3.144267441399999825e+02,-4.893783116249999843e+00,-3.786529643600000106e-01
4.685000000000000142e+01,3.544814344100000199e+02,-4.899466840468750028e+00,1.594572886433333336e-01
4.690000000000000568e+01,3.128835892399999921e+02,-4.894783402187500521e+00,-3.225030518866666696e-01
4.695000000000000284e+01,3.382297611500000016e+02,-4.898001397031250370e+00,3.030954244899999872e-01
4.700000000000000000e+01,3.321906151100000102e+02,-4.896277985885416406e+00,-8.904112811233333424e-02
4.705000000000000426e+01,3.749447939400000109e+02,-4.898874893229167249e+00,-2.222432340799999906e-02
4.710000000000000142e+01,3.644322262900000169e+02,-4.896129032395832859e+00,-1.175067096746666567e-01
4.715000000000000568e+01,3.481383435500000019e+02,-4.894438777708333355e+00,1.659183922733333538e-01
4.720000000000000284e+01,3.414455747299999757e+02,-4.895583489843749803e+00,-1.541548950433333232e-01
4.725000000000000000e+01,3.235159237899999880e+02,-4.895794318906250275e+00,-9.558342921333333464e-02
4.730000000000000426e+01,3.338841240400000174e+02,-4.899035828020832817e+00,-1.335108963933333281e-01
4.735000000000000142e+01,3.111602929599999925e+02,-4.897452333541666647e+00,-5.549841273000000186e-02
4.740000000000000568e+01,3.064382452400000147e+02,-4.896954964479166783e+00,-1.956092622123333236e-01
4.745000000000000284e+01,3.384473416800000223e+02,-4.898353288958333884e+00,5.625167017333333047e-02
4.750000000000000000e+01,3.594143840599999749e+02,-4.896318998177083159e+00,2.915015302173333267e-01
4.755000000000000426e+01,3.190739654600000108e+02,-4.889314450572916471e+00,1.150733088866666698e-01
4.760000000000000142e+01,3.644275699500000201e+02,-4.893838863906250225e+00,1.210102270666666563e-01
4.765000000000000568e+01,3.698570689599999923e+02,-4.894968912031250063e+00,2.027610923999999815e-01
4.770000000000000284e+01,3.344553308499999957e+02,-4.892635000572917114e+00,1.130671613566666678e-01
4.775000000000000000e+01,3.529607547200000113e+02,-4.897178718697916544e+00,-2.710600159559999889e-01
4.780000000000000426e+01,3.203265579600000024e+02,-4.894927851822916232e+00,5.921071993666666283e-02
4.785000000000000142e+01,3.044969814599999722e+02,-4.893497289947917217e+00,-2.758102300333333257e-01
4.790000000000000568e+01,3.742216710999999805e+02,-4.902135279374999932e+00,1.365057766433333264e-01
4.795000000000000284e+01,3.375052544900000271e+02,-4.897966385156250269e+00,7.843174546633334410e-02
4.800000000000000000e+01,3.393258025800000155e+02,-4.898710540104166178e+00,1.359349282279999904e-01
4.805000000000000426e+01,3.098711906699999759e+02,-4.895596905885416739e+00,-9.257630362500000876e-02
4.810000000000000142e+01,3.171129161100000147e+02,-4.896351427499999964e+00,1.907820824510000346e-01
4.815000000000000568e+01,3.068321797099999912e+02,-4.893918347708333449e+00,-2.199079784989999842e-01
4.820000000000000284e+01,3.453243500400000130e+02,-4.895892275572916397e+00,2.758423036783332893e-01
4.825000000000000000e+01,3.583499629400000117e+02,-4.894047276354166698e+00,1.663834331543333489e-01
4.830000000000000426e+01,3.492964189599999827e+02,-4.891798327187499851e+00,3.996250611133333464e-01
4.835000000000000142e+01,3.334629384799999912e+02,-4.889965966406250253e+00,-1.426508078333332818e-02
4.840000000000000568e+01,3.730043258700000024e+02,-4.895888234010416618e+00,-2.277935749533332999e-02
4.845000000000000284e+01,3.531188725299999760e+02,-4.895065033541666999e+00,-4.469419251463332965e-01
4.850000000000000000e+01,3.532621908200000007e+02,-4.896979061406249834e+00,5.115654372099999181e-01
4.855000000000000426e+01,3.440530702099999871e+02,-4.897601090364583243e+00,-9.577528538299999450e-02
4.860000000000000142e+01,3.421318370700000173e+02,-4.898835907760417108e+00,4.787089624099999940e-01
4.865000000000000568e+01,3.302614865799999961e+02,-4.897792545208333514e+00,-5.297787907933333013e-02
4.870000000000000284e+01,3.308313060199999995e+02,-4.897652105885416773e+00,-7.982978134533331993e-02
4.875000000000000000e+01,3.219217638000000079e+02,-4.896222861354166511e+00,2.842156243849999764e-01
4.880000000000000426e+01,3.204184833900000058e+02,-4.895710473072916180e+00,3.108005021733332637e-02
4.885000000000000142e+01,3.286741512599999737e+02,-4.896285948437499869e+00,6.388649807333333930e-02
4.890000000000000568e+01,3.331773249400000054e+02,-4.895995006875000222e+00,-1.852167418533333387e-01
4.895000000000000284e+01,3.693861769900000240e+02,-4.899528812135416800e+00,1.909588782233333504e-01
4.900000000000000000e+01,3.265046242999999890e+02,-4.893917317604166151e+00,2.126978144233333465e-02
4.905000000000000426e+01,3.679678205800000228e+02,-4.899061987552083330e+00,9.204600056000000752e-02
4.910000000000000142e+01,3.456051322499999969e+02,-4.896853143124999974e+00,6.977489376333333160e-02
4.915000000000000568e+01,3.362830088599999954e+02,-4.897309049218749877e+00,-1.091647939933333422e-01
4.920000000000000284e+01,3.176880873399999814e+02,-4.898088912968749931e+00,4.244708232233333489e-01
4.925000000000000000e+01,2.921544656300000042e+02,-4.897227176197916698e+00,-1.230018146952666647e-01
4.930000000000000426e+01,3.137988225000000284e+02,-4.900450521979166751e+00,4.329781306666669050e-02
4.935000000000000142e+01,3.199213835499999732e+02,-4.900342456093750521e+00,1.153388448216666612e-01
4.940000000000000568e+01,3.409494688099999848e+02,-4.900474399270833281e+00,-1.449227042033333357e-01
4.945000000000000284e+01,3.518106250299999829e+02,-4.898647162239583075e+00,1.036455729353333299e-01
4.950000000000000000e+01,3.378923783100000264e+02,-4.895216653489582903e+00,-1.963497638573333537e-01
4.955000000000000426e+01,3.616939862599999742e+02,-4.897633200677083742e+00,3.238498096816666560e-01
4.960000000000000142e+01,3.431075461500000188e+02,-4.895569517239583668e+00,5.660974155333333563e-02
4.965000000000000568e+01,3.384976665799999864e+02,-4.895970530885416672e+00,4.864306745300000373e-02
4.970000000000000284e+01,3.272980584700000009e+02,-4.895822457708333353e+00,1.330761257613333193e-01
4.975000000000000000e+01,3.347091573899999730e+02,-4.897767453593750098e+00,-5.738391445026666537e-02
4.980000000000000426e+01,3.409975865100000192e+02,-4.898586807135417054e+00,-5.414714576966666443e-02
4.985000000000000142e+01,3.407283727099999737e+02,-4.897938022187499740e+00,-2.023035369233333325e-01
4.990000000000000568e+01,3.369872665799999822e+02,-4.896761476041667116e+00,1.137966001940000083e-01
4.995000000000000284e+01,3.350507994999999823e+02,-4.895439879322917243e+00,4.875329273066666413e-01
5.000000000000000000e+01,3.218539996900000233e+02,-4.892367081458333544e+00,-2.885033392666666585e-01
5.005000000000000426e+01,3.332147861600000169e+02,-4.891885712916666407e+00,1.415183731456666483e-01
5.010000000000000142e+01,3.531498640699999783e+02,-4.892916171406249681e+00,1.564320026756666759e-01
5.015000000000000568e+01,3.887856456100000173e+02,-4.897200692968749713e+00,-2.308537197333333443e-02
5.020000000000000284e+01,3.718600634800000080e+02,-4.897026696354166653e+00,-2.067569249733333114e-01
5.025000000000000000e+01,3.465929222600000230e+02,-4.897608102187500201e+00,2.937595154899999908e-02
5.030000000000000426e+01,3.237297034299999723e+02,-4.897472300520833599e+00,1.353086254039999881e-01
5.035000000000000142e+01,3.189759264699999903e+02,-4.897447125208333141e+00,1.709922202666666335e-01
5.040000000000000568e+01,3.382317058500000257e+02,-4.899419303177083407e+00,-3.244858387866666333e-02
5.045000000000000284e+01,3.283908317500000180e+02,-4.897391407760416371e+00,1.318068845143333390e-01
5.050000000000000000e+01,3.142366336399999796e+02,-4.894559556562500191e+00,-5.040995865999999687e-02
5.055000000000000426e+01,3.121720823800000062e+02,-4.892822726718749848e+00,-4.949731272833333279e-02
5.060000000000000142e+01,3.502532002099999886e+02,-4.894295133541667120e+00,-2.248193866133333385e-01
5.065000000000000568e+01,3.805488660400000072e+02,-4.894873542968750435e+00,5.482331530899999666e-02
5.070000000000000284e+01,3.645927800200000206e+02,-4.892780314635416516e+00,-1.492467088753333393e-01
5.075000000000000000e+01,3.753145871500000226e+02,-4.895548629114583328e+00,-2.098497058666666873e-02
5.080000000000000426e+01,3.615499839999999949e+02,-4.896069837239583222e+00,-7.089053679433333921e-02
5.085000000000000142e+01,3.327320169100000271e+02,-4.894693064739583654e+00,2.397170071800000246e-01
5.090000000000000568e+01,3.042644900099999745e+02,-4.892351811927083460e+00,-3.796337225533333304e-01
5.095000000000000284e+01,3.431902091800000107e+02,-4.896962598333333361e+00,-7.547317403033332317e-02
5.100000000000000000e+01,3.364854287599999907e+02,-4.895662794583333088e+00,-1.810004653966666710e-01
5.105000000000000426e+01,3.250143441899999743e+02,-4.893697697708333294e+00,5.261014693666666436e-02
5.110000000000000142e+01,3.422647575500000130e+02,-4.893854353541667201e+00,-1.709716240999999970e-01
5.115000000000000568e+01,3.889881366600000092e+02,-4.896362135260416970e+00,8.300325638666668226e-02
5.120000000000000284e+01,3.607255936199999837e+02,-4.890282866197916967e+00,-1.741236680669999981e-01
5.125000000000000000e+01,3.781398088500000085e+02,-4.890851831614583922e+00,-2.054089414933334481e-02
5.130000000000000426e+01,3.586335093299999812e+02,-4.888319919114583634e+00,1.375360190900010160e-03
5.135000000000000142e+01,3.565389943600000038e+02,-4.891376138697916431e+00,-1.625985870548999901e-01
5.140000000000000568e+01,3.350345869700000208e+02,-4.893064402031249926e+00,1.279194312373333198e-01
5.145000000000000284e+01,3.504277343900000119e+02,-4.897250207864582983e+00,-5.164818998166667008e-01
5.150000000000000000e+01,3.337262612100000183e+02,-4.896165257552083538e+00,-1.963141300360333463e-01
5.155000000000000426e+01,3.507900755300000242e+02,-4.899221475468750420e+00,-2.309819835430000079e-01
5.160000000000000142e+01,3.335084305400000062e+02,-4.898557271875000119e+00,3.652662223666666708e-01
5.165000000000000568e+01,3.422001424200000201e+02,-4.900716577760416470e+00,-2.318204141390000084e-01
5.170000000000000284e+01,3.229154574300000036e+02,-4.898887429531249893e+00,5.951791667100000266e-02
5.175000000000000000e+01,3.159565648500000066e+02,-4.897861427499999643e+00,-1.466206922466666840e-01
5.180000000000000426e+01,3.101989767700000016e+02,-4.895281843489583729e+00,-1.117960187166666675e-02
5.185000000000000142e+01,3.485880020000000172e+02,-4.896236447499999755e+00,-3.503180876766667090e-02
5.190000000000000568e+01,3.493613048799999774e+02,-4.894072261354167175e+00,3.796843449433333073e-01
5.195000000000000284e+01,3.358040623200000141e+02,-4.891655795572916965e+00,7.505299306266666193e-02
5.200000000000000000e+01,3.648861256800000206e+02,-4.895204486666666632e+00,-1.153489033333332525e-02
5.205000000000000426e+01,3.456289822499999786e+02,-4.894052728645832850e+00,-2.104241054919999687e-01
5.210000000000000142e+01,3.375965831799999819e+02,-4.895633015885416661e+00,-5.896799117799999407e-02
5.215000000000000568e+01,3.275121222700000203e+02,-4.896945918124999686e+00,1.361787023519999973e-01
5.220000000000000284e+01,3.399003389800000150e+02,-4.900020604531250434e+00,-1.173234554946666758e-01
5.225000000000000000e+01,3.184490414300000225e+02,-4.897812721979167172e+00,1.751916717266666923e-01
5.230000000000000426e+01,3.119469590799999992e+02,-4.896351338385416696e+00,-2.594461998386666801e-01
5.235000000000000142e+01,3.354433323399999836e+02,-4.897871568124999797e+00,2.933238561900000096e-01
5.240000000000000568e+01,3.167741175099999964e+02,-4.894214269479166823e+00,-2.438036248626666291e-01
5.245000000000000284e+01,3.361461957899999788e+02,-4.895022726510416256e+00,2.991558670133333542e-01
5.250000000000000000e+01,3.588843010900000081e+02,-4.897140427552083786e+00,-5.693977111666668339e-02
5.255000000000000426e+01,3.336755675599999904e+02,-4.894558372552083370e+00,6.326920442033333314e-02
5.260000000000000142e+01,3.537063026999999806e+02,-4.897817038020833458e+00,5.364471808099999239e-02
5.265000000000000568e+01,3.449329017300000260e+02,-4.897341665208332806e+00,-1.340684949746666632e-01
5.270000000000000284e+01,3.545244128499999761e+02,-4.898400181510417006e+00,2.828217265399999847e-01
5.275000000000000000e+01,3.473275083500000164e+02,-4.897350517395833158e+00,-2.123383463543333238e-01
5.280000000000000426e+01,3.220103275700000154e+02,-4.894287761093750078e+00,9.907033753266668297e-02
5.285000000000000142e+01,3.405708910299999843e+02,-4.896286065052083636e+00,-6.845953262600000533e-02
5.290000000000000568e+01,3.365771213799999941e+02,-4.895117869375000375e+00,-1.289254880799999524e-02
5.295000000000000284e+01,3.521984427200000027e+02,-4.895764470000000479e+00,5.538083151233333390e-02
5.300000000000000000e+01,3.713491941199999928e+02,-4.897706472604166805e+00,-4.871760395699999829e-02
5.305000000000000426e+01,3.352102818500000012e+02,-4.894195878958333523e+00,-2.171047350066666881e-01
5.310000000000000142e+01,3.199151008200000206e+02,-4.893354505677083743e+00,1.822094942473333479e-01
5.315000000000000568e+01,3.388243117299999767e+02,-4.896604415208333450e+00,2.639221260446666384e-01
5.320000000000000284e+01,3.441347926999999913e+02,-4.898317401979166874e+00,-1.938281683366666897e-01
5.325000000000000000e+01,3.447056809499999872e+02,-4.899492469895833757e+00,-1.471962143940000189e-01
5.330000000000000426e+01,3.202778324799999723e+02,-4.897909001927083672e+00,3.094085093266666919e-01
5.335000000000000142e+01,3.237738095299999941e+02,-4.899491956354166788e+00,-3.106228932746666893e-01
5.340000000000000568e+01,3.184971257600000172e+02,-4.898851799635417059e+00,3.459491328400000065e-01
5.345000000000000284e+01,3.415301599100000089e+02,-4.900174867239583065e+00,3.074689924900001967e-02
5.350000000000000000e+01,3.578271539899999993e+02,-4.899227892656250027e+00,1.979201362419999999e-01
5.355000000000000426e+01,3.507861691200000109e+02,-4.895166120677083121e+00,-8.396469239300001497e-02
5.360000000000000142e+01,3.688110652199999890e+02,-4.895380396979166271e+00,-5.624239725733332779e-02
5.365000000000000568e+01,3.520282035600000086e+02,-4.892721093437500279e+00,2.782064664620000349e-01
5.370000000000000284e+01,3.531038134699999773e+02,-4.893806646302083507e+00,1.744180476096666432e-01
5.375000000000000000e+01,3.377141756299999997e+02,-4.893924568958333055e+00,1.346239318656666517e-01
5.380000000000000426e+01,3.328320559000000003e+02,-4.895309929062499954e+00,-2.473003588000000086e-02
5.385000000000000142e+01,2.881932900499999732e+02,-4.891599172812500562e+00,-3.168123189666667283e-01
5.390000000000000568e+01,3.169887880499999824e+02,-4.895838449947916615e+00,-3.829467136333327467e-03
5.395000000000000284e+01,3.320206927699999824e+02,-4.897457249687500180e+00,2.200009178899999321e-02
5.400000000000000000e+01,3.315977675199999908e+02,-4.896845053697917116e+00,1.839333838409999977e-01
5.405000000000000426e+01,3.426855971400000271e+02,-4.896304342552083355e+00,-1.000550206966666633e-01
5.410000000000000142e+01,3.600339312599999744e+02,-4.894845562968749952e+00,5.065761287099999205e-02
5.415000000000000568e+01,3.614134014499999807e+02,-4.892748546510416574e+00,-1.961349041076666799e-01
5.420000000000000284e+01,3.779953555899999742e+02,-4.894254531406249775e+00,-6.092899482666669364e-03
5.425000000000000000e+01,3.668718723100000147e+02,-4.894063098333333528e+00,1.155345421133333467e-01
5.430000000000000426e+01,3.556387075600000003e+02,-4.895110769635416581e+00,-1.962439199690000358e-01
5.435000000000000142e+01,3.529052573499999994e+02,-4.897012738906250107e+00,-2.609831256933333177e-01
5.440000000000000568e+01,3.553637006299999825e+02,-4.898596761302083102e+00,-1.487552796000000434e-02
5.445000000000000284e+01,3.157090804700000035e+02,-4.894183865052083249e+00,1.914039293799999764e-01
5.450000000000000000e+01,3.310537965799999824e+02,-4.896060811927083201e+00,-1.956848521579999944e-01
5.455000000000000426e+01,3.417947188399999732e+02,-4.896715097395833105e+00,1.070109817666666484e-02
5.460000000000000142e+01,3.323119809699999792e+02,-4.894553303072917139e+00,1.860637185383333392e-01
5.465000000000000568e+01,3.500737907100000257e+02,-4.895869832916666553e+00,1.187894253986666593e-01
5.470000000000000284e+01,3.424037596100000087e+02,-4.894140252916666434e+00,4.323266384300000209e-01
5.475000000000000000e+01,3.433942365600000244e+02,-4.893190615312500213e+00,-2.453281927593332912e-01
5.480000000000000426e+01,3.423076922600000103e+02,-4.892170990364583361e+00,2.094584577553333382e-01
5.485000000000000142e+01,3.566653585799999746e+02,-4.894412911093749763e+00,-2.061391279853333203e-01
5.490000000000000568e+01,3.405106159599999955e+02,-4.893903973593750401e+00,1.910372463709999746e-01
5.495000000000000284e+01,3.411806629100000237e+02,-4.896391953645832906e+00,1.023229535933333455e-02
5.500000000000000000e+01,3.391898672400000123e+02,-4.898753261458333341e+00,-1.421975686033342566e-03
5.505000000000000426e+01,3.223232184600000210e+02,-4.898580804531250443e+00,-1.493512575866666470e-01
5.510000000000000142e+01,3.285239444499999877e+02,-4.899743555937500439e+00,-5.990488734666662984e-03
5.515000000000000568e+01,3.072137219800000025e+02,-4.896335327864583142e+00,-2.372109572723333226e-01
5.520000000000000284e+01,3.533734664400000156e+02,-4.900025719218749742e+00,1.277153746376666621e-01
5.525000000000000000e+01,3.394770313000000215e+02,-4.895653838854166828e+00,4.643626193533333807e-02
5.530000000000000426e+01,3.446993427799999949e+02,-4.894338362708333001e+00,2.629685163453333585e-01
5.535000000000000142e+01,3.694435550800000101e+02,-4.896930930885416977e+00,7.813000528899999297e-02
5.540000000000000568e+01,3.622334485499999914e+02,-4.896540107864583824e+00,9.664223842419999988e-02
5.545000000000000284e+01,3.352146380500000191e+02,-4.894573965052082976e+00,-1.370599222966666642e-01
5.550000000000000000e+01,3.136460703399999943e+02,-4.893174804479166973e+00,-7.802998411200000317e-02
5.555000000000000426e+01,3.408292135799999869e+02,-4.897743361875000367e+00,2.121848874153333397e-01
5.560000000000000142e+01,3.363109945599999833e+02,-4.898129992708333269e+00,-4.088650324800000013e-02
5.565000000000000568e+01,3.573791534299999739e+02,-4.901333660781250323e+00,2.920246080366667440e-02
5.570000000000000284e+01,3.226396989799999915e+02,-4.896969387812499797e+00,-1.278890888929999914e-01
5.575000000000000000e+01,3.424745611899999744e+02,-4.897766693906249635e+00,5.836403407333332766e-02
5.580000000000000426e+01,3.557525267899999903e+02,-4.895823039895833340e+00,2.193347272326666708e-01
5.585000000000000142e+01,3.553141783799999871e+02,-4.892968973177083569e+00,-2.427918932266666940e-01
5.590000000000000568e+01,3.581609358800000109e+02,-4.892910555885416457e+00,8.904343370000000757e-02
5.595000000000000284e+01,3.519275022300000160e+02,-4.893451636510416591e+00,-3.632435228333333321e-02
5.600000000000000000e+01,3.667577921800000240e+02,-4.898094975416666941e+00,-1.576333337793333345e-01
5.605000000000000426e+01,3.570081018500000027e+02,-4.898769972187499988e+00,1.206282926233333413e-01
5.610000000000000142e+01,3.378907241900000145e+02,-4.896898708750000218e+00,-3.618177171233332712e-01
5.615000000000000568e+01,3.431566379700000198e+02,-4.897648206822917238e+00,2.869549045900000039e-01
5.620000000000000284e+01,3.258876422600000069e+02,-4.895633075208333018e+00,-5.653702477400000120e-02
5.625000000000000000e+01,3.716307022799999800e+02,-4.901122472708332900e+00,-2.493986624059999768e-01
5.630000000000000426e+01,3.413649256699999910e+02,-4.897282767656250257e+00,-9.116804011000001484e-02
5.635000000000000142e+01,3.305306334399999741e+02,-4.895567191458333411e+00,-1.674997780300000183e-01
5.640000000000000568e+01,3.393250768699999753e+02,-4.894750151927083515e+00,1.672192542817000083e-01
5.645000000000000284e+01,3.692973703900000260e+02,-4.896582390468750212e+00,-4.741581112366666795e-01
5.650000000000000000e+01,3.395401399799999922e+02,-4.891659809166666761e+00,-2.645086374666666407e-02
5.655000000000000426e+01,3.503315652399999749e+02,-4.892070901979166386e+00,1.224661633370000002e-01
5.660000000000000142e+01,3.374515945200000147e+02,-4.890244769531249425e+00,-1.506753281966666524e-01
5.665000000000000568e+01,3.459860973799999897e+02,-4.891640200052083109e+00,3.608331075796666343e-01
5.670000000000000284e+01,3.353055574100000058e+02,-4.891391387916666389e+00,-6.816393825799998973e-02
5.675000000000000000e+01,3.379169096300000206e+02,-4.893638153489583864e+00,1.141030965679999953e-01
5.680000000000000426e+01,3.391389071699999818e+02,-4.896184323124999516e+00,1.767562972773333296e-01
5.685000000000000142e+01,3.278840347199999883e+02,-4.897019565572916733e+00,-5.012059878333333662e-01
5.690000000000000568e+01,3.399342248699999800e+02,-4.899628423593750171e+00,8.471228100133332273e-02
5.695000000000000284e+01,3.146378560300000231e+02,-4.896634078385416977e+00,1.789255678330000376e-01
5.700000000000000000e+01,3.307503099400000224e+02,-4.897398698385416971e+00,4.992275150999999495e-02
5.705000000000000426e+01,3.291201771500000177e+02,-4.894301446979166137e+00,-2.084808788330000107e-01
5.710000000000000142e+01,3.314704437600000233e+02,-4.891444197864583288e+00,-5.148313599533332896e-02
5.715000000000000568e+01,3.480466438700000253e+02,-4.891812017760416076e+00,-1.030984082279999964e-01
5.720000000000000284e+01,3.430112797099999966e+02,-4.890538699531250089e+00,4.759710429166666423e-01
5.725000000000000000e+01,3.364648778700000094e+02,-4.889780883489582841e+00,-1.319584624933333450e-01
5.730000000000000426e+01,3.421526957500000208e+02,-4.891234287968750039e+00,1.510880172799999865e-02
5.735000000000000142e+01,3.446069338400000106e+02,-4.892511039270833528e+00,-9.657493327833334418e-02
5.740000000000000568e+01,3.723071580399999903e+02,-4.897538227916666820e+00,1.901610209666667120e-02
5.745000000000000284e+01,3.131223298900000032e+02,-4.892897400572916666e+00,-7.926176239766666298e-02
5.750000000000000000e+01,3.399402790999999979e+02,-4.898228689218750098e+00,-4.066262403933333380e-01
5.755000000000000426e+01,3.360352403499999809e+02,-4.898796080416667031e+00,9.964918204333333973e-02
5.760000000000000142e+01,3.326901834000000235e+02,-4.898804359166667233e+00,-1.292277327753333094e-01
5.765000000000000568e+01,3.313910231599999747e+02,-4.898270199375000189e+00,1.238746816140000040e-01
5.770000000000000284e+01,3.425595885399999929e+02,-4.898712009427083736e+00,-1.564798406326666502e-01
5.775000000000000000e+01,3.195154818099999829e+02,-4.894895852656250490e+00,3.186336268166666819e-01
5.780000000000000426e+01,3.445060679100000129e+02,-4.897235823229166840e+00,-4.650429132233337322e-03
5.785000000000000142e+01,3.411540811799999915e+02,-4.896910345156249456e+00,-3.168196206333334652e-02
5.790000000000000568e+01,3.495040785300000152e+02,-4.898436185989583080e+00,2.759995276069999726e-01
5.795000000000000284e+01,3.360628828700000099e+02,-4.897246977656250166e+00,2.825679602226666698e-01
5.800000000000000000e+01,3.700242381300000147e+02,-4.902323868333333223e+00,1.016233701376666881e-01
5.805000000000000426e+01,3.140875455999999986e+02,-4.896420350312499892e+00,3.514987068366666745e-01
5.810000000000000142e+01,3.114148096299999793e+02,-4.896075597552083103e+00,-2.522546720086666361e-01
5.815000000000000568e+01,3.254017651899999919e+02,-4.896421014322917209e+00,4.076474576666666572e-01
5.820000000000000284e+01,3.384742438700000093e+02,-4.895475899895832761e+00,-5.108736191999999759e-02
5.825000000000000000e+01,3.635337997600000222e+02,-4.895935008072917149e+00,-2.895817600333333575e-02
5.830000000000000426e+01,3.760082973400000128e+02,-4.896806669843750015e+00,3.103278941903332977e-01
5.835000000000000142e+01,3.355939552400000139e+02,-4.893149536197916483e+00,1.879753011903333160e-01
5.840000000000000568e+01,3.379077688500000249e+02,-4.894436418385416765e+00,4.531219850933332904e-01
5.845000000000000284e+01,3.570177168800000231e+02,-4.897335256562500128e+00,2.275301776833333067e-01
5.850000000000000000e+01,3.596127200799999741e+02,-4.898085462812500346e+00,4.649798623133333947e-02
5.855000000000000426e+01,3.632261328199999753e+02,-4.899023609322916251e+00,6.419860621266666734e-02
5.860000000000000142e+01,3.343740659700000037e+02,-4.896019891093749798e+00,-9.115403656593334958e-02
5.865000000000000568e+01,3.314132665800000268e+02,-4.896121814531249505e+00,2.569139751599999744e-01
5.870000000000000284e+01,3.234213484499999822e+02,-4.895439805885416718e+00,2.916485722766666844e-01
5.875000000000000000e+01,3.487077008100000057e+02,-4.898007979218749419e+00,2.783288647899999704e-02
5.880000000000000426e+01,3.372099280599999815e+02,-4.894978779114583567e+00,2.003887783311333326e-01
5.885000000000000142e+01,3.623699916300000154e+02,-4.896313549739583770e+00,-6.510502757300000443e-02
5.890000000000000568e+01,3.611120069400000148e+02,-4.894542383229166127e+00,4.712947065599999985e-01
5.895000000000000284e+01,3.110596317700000100e+02,-4.888016653281249901e+00,1.102820828700000061e-01
5.900000000000000000e+01,3.581768178300000045e+02,-4.894582263333333572e+00,1.378995474453333370e-01
5.905000000000000426e+01,3.340209032199999797e+02,-4.893016119635416494e+00,1.274724375506666729e-02
5.910000000000000142e+01,3.213286688100000106e+02,-4.894009828854167132e+00,-2.118712956699999872e-01
5.915000000000000568e+01,3.312773332400000186e+02,-4.897576486770833348e+00,2.460311785766666759e-01
5.920000000000000284e+01,3.207702857300000119e+02,-4.897477805572916232e+00,-2.995429966756666951e-01
5.925000000000000000e+01,3.403879146799999944e+02,-4.900060846354166166e+00,3.375147854000000169e-01
5.930000000000000426e+01,3.465960670299999720e+02,-4.900792611822916811e+00,2.065949405733333577e-01
5.935000000000000142e+01,3.473559305499999823e+02,-4.901077863177083493e+00,2.985688070643333636e-01
5.940000000000000568e+01,3.107419492600000126e+02,-4.896681076666666854e+00,-1.042849472033333252e-01
5.945000000000000284e+01,3.385587273599999776e+02,-4.899261921354166383e+00,1.812880527556666455e-01
5.950000000000000000e+01,3.408292782199999920e+02,-4.897790835937500198e+00,4.251086720300000649e-02
5.955000000000000426e+01,3.460386122400000204e+02,-4.896145179687500182e+00,4.013344092333333002e-01
5.960000000000000142e+01,3.517289947400000187e+02,-4.894881241822916174e+00,6.687392974800000778e-02
5.965000000000000568e+01,3.801324637399999915e+02,-4.897166314635416740e+00,-1.405582713869999723e-01
5.970000000000000284e+01,3.757984282099999973e+02,-4.896797133385416778e+00,2.158439251366666423e-01
5.975000000000000000e+01,3.410674527499999726e+02,-4.894045919791666144e+00,-2.572130080966666954e-02
5.980000000000000426e+01,3.412143527399999812e+02,-4.896959369322916977e+00,-1.200410737333333470e-02
5.985000000000000142e+01,3.215334345399999734e+02,-4.897543382708333226e+00,-2.391908206543333082e-01
5.990000000000000568e+01,2.976025335400000245e+02,-4.895754570833333652e+00,6.069767838266666021e-02
5.995000000000000284e+01,3.210507634599999847e+02,-4.897968435833333523e+00,-5.325980896666665521e-02
6.000000000000000000e+01,3.249343357299999866e+02,-4.897221627031250080e+00,2.185053472487999693e-01
6.005000000000000426e+01,3.190260042599999792e+02,-4.895580584531249890e+00,1.722437245633333391e-01
6.010000000000000142e+01,3.597050991400000157e+02,-4.899949471093750120e+00,-4.554062711033333294e-02
6.015000000000000568e+01,3.286854467900000145e+02,-4.895441551302083916e+00,-8.817439087200000525e-02
6.020000000000000284e+01,3.419225918899999783e+02,-4.896328883072916582e+00,5.100453904899999724e-01
6.025000000000000000e+01,3.369192095199999812e+02,-4.895183609479166087e+00,2.736454145566666885e-01
6.030000000000000426e+01,3.611976827899999876e+02,-4.897888325781249996e+00,1.961359599930000142e-01
6.035000000000000142e+01,3.309953932199999826e+02,-4.894200836041666669e+00,1.292893539174333473e-01
6.040000000000000568e+01,3.549423416999999858e+02,-4.897836050156249676e+00,8.175382286766667839e-02
6.045000000000000284e+01,3.450470795499999781e+02,-4.897948230937499758e+00,5.629953706899998994e-02
6.050000000000000000e+01,3.282232544299999972e+02,-4.896982744479166705e+00,1.449020697853333484e-01
6.055000000000000426e+01,3.332343494300000089e+02,-4.897810376927083098e+00,3.296281426300000095e-01
6.060000000000000142e+01,3.334436074299999859e+02,-4.897180700156249955e+00,6.005240048133333314e-02
6.065000000000000568e+01,3.456766692699999908e+02,-4.897503018177083334e+00,3.857398025393333207e-01
6.070000000000000284e+01,3.297368655999999874e+02,-4.893931615312499872e+00,1.427538834956666725e-01
6.075000000000000000e+01,3.465583234000000061e+02,-4.893317887552083079e+00,6.178296508999999576e-02
6.080000000000000426e+01,3.743258132799999771e+02,-4.893232198854167159e+00,3.907079018000000209e-02
6.085000000000000142e+01,3.942269692799999916e+02,-4.894297227500000069e+00,1.842447740266666967e-01
6.090000000000000568e+01,3.588515109100000018e+02,-4.890952897500000063e+00,4.338555712563332140e-02
6.095000000000000284e+01,3.501749939200000199e+02,-4.891914860989583502e+00,1.824530115136666630e-01
6.100000000000000000e+01,3.283174901900000009e+02,-4.890702490625000287e+00,8.710797422566667059e-02
6.105000000000000426e+01,3.707691126199999871e+02,-4.897124802291666690e+00,3.483163728233333589e-02
6.110000000000000142e+01,3.627284720700000094e+02,-4.897661336510416241e+00,3.445364770966666268e-01
6.115000000000000568e+01,3.293835890299999960e+02,-4.895030309166666704e+00,2.533576138099999930e-01
6.120000000000000284e+01,3.356222528000000125e+02,-4.896760808333333159e+00,3.917658954900000157e-01
6.125000000000000000e+01,3.201535201600000278e+02,-4.895497230520833298e+00,1.451551217523333083e-02
6.130000000000000426e+01,3.209273896400000012e+02,-4.895376554374999856e+00,-8.616932063666668182e-03
6.135000000000000142e+01,3.845029858799999829e+02,-4.901939305572916794e+00,2.287726601443333119e-01
6.140000000000000568e+01,3.612327653500000224e+02,-4.897828016875000579e+00,2.656535164316666808e-01
6.145000000000000284e+01,3.645849648099999740e+02,-4.897551006458333411e+00,9.113361296899998021e-02
6.150000000000000000e+01,3.742773681699999884e+02,-4.898172064999999797e+00,3.373684699999999759e-01
6.155000000000000426e+01,3.723459226400000261e+02,-4.898541480520833602e+00,1.126629641333333209e-01
6.160000000000000142e+01,3.114382249000000229e+02,-4.892540758020833103e+00,-2.554181232733332974e-01
6.165000000000000568e+01,3.402097526000000016e+02,-4.896988026666666549e+00,1.482819900133333368e-01
6.170000000000000284e+01,3.317775087800000051e+02,-4.896492332916666079e+00,-1.392300373066666652e-01
6.175000000000000000e+01,3.381492750599999795e+02,-4.898442610572916855e+00,2.459843517466666629e-01
6.180000000000000426e+01,3.333356198500000005e+02,-4.899460761510416873e+00,7.299436566666576151e-04
6.185000000000000142e+01,3.033988039600000093e+02,-4.897478567604166777e+00,-1.211440524236666594e-01
6.190000000000000568e+01,3.164434455300000195e+02,-4.900021095885416678e+00,1.851984412853333317e-01
6.195000000000000284e+01,2.994675657000000228e+02,-4.896921809791666469e+00,-5.041573457999998231e-02
6.200000000000000000e+01,2.947686113400000067e+02,-4.892814217604166238e+00,8.151210436666665726e-02
6.205000000000000426e+01,3.538818174200000044e+02,-4.897123867968749877e+00,-4.285548254033333393e-01
6.210000000000000142e+01,3.678791321900000071e+02,-4.897397872291667120e+00,3.289331393800000169e-01
6.215000000000000568e+01,3.336627791600000137e+02,-4.892862128177083214e+00,3.491032130500000275e-01
6.220000000000000284e+01,3.409953876100000230e+02,-4.894216585416666376e+00,1.528244296916666800e-01
6.225000000000000000e+01,3.341742076500000280e+02,-4.894021456770833112e+00,-3.433811293340000570e-01
6.230000000000000426e+01,3.479864619499999776e+02,-4.896622356718750346e+00,3.289513883233333158e-01
6.235000000000000142e+01,3.444399576100000218e+02,-4.897474499062499653e+00,-2.051141772133333319e-01
6.240000000000000568e+01,3.256395269800000278e+02,-4.896589183906249865e+00,4.786427184500000043e-01
6.245000000000000284e+01,3.325078346399999987e+02,-4.898344419895833468e+00,-1.339158405233333571e-01
6.250000000000000000e+01,3.392201764499999967e+02,-4.899473310729166364e+00,-3.727324798033334469e-02
6.255000000000000426e+01,3.008849169100000154e+02,-4.894378058385416175e+00,1.590191407170000182e-01
6.260000000000000142e+01,3.164477852800000051e+02,-4.894498524947916707e+00,-2.277097577900000225e-02
6.265000000000000568e+01,3.497949442500000146e+02,-4.895423998072916838e+00,1.007775043531666803e-01
6.270000000000000284e+01,3.482512871600000040e+02,-4.893459700624999797e+00,1.398370261733333508e-01
6.275000000000000000e+01,3.509976765000000114e+02,-4.893357355677083298e+00,1.066628299533333296e-01
6.280000000000000426e+01,3.388508779800000070e+02,-4.892002249895833543e+00,1.146844626166666908e-01
6.285000000000000142e+01,3.505709896800000251e+02,-4.894676873437499687e+00,-4.418101654000010196e-03
6.290000000000000568e+01,3.358054407999999853e+02,-4.896061908593750012e+00,-2.608147950823333505e-01
6.295000000000000284e+01,2.978202869500000247e+02,-4.895498775156250204e+00,-1.798189232033333418e-01
6.300000000000000000e+01,3.080118437200000017e+02,-4.898052590364582848e+00,-1.568242694066666609e-01
6.305000000000000426e+01,3.172596731900000009e+02,-4.898473849947916570e+00,1.498576161133333140e-02
6.310000000000000142e+01,3.134726893399999881e+02,-4.896507057552082820e+00,-1.252496232266666620e-01
6.315000000000000568e+01,3.263324914500000204e+02,-4.896256084531249719e+00,-2.238513176956666573e-01
6.320000000000000284e+01,3.583155826299999944e+02,-4.898363634322916660e+00,-1.541046537530000628e-02
6.325000000000000000e+01,3.349561533099999906e+02,-4.894239838749999905e+00,2.869873789386667151e-01
6.330000000000000426e+01,3.474766040000000089e+02,-4.894977495000000012e+00,-2.413386100000006976e-03
6.335000000000000142e+01,3.341881057400000259e+02,-4.893082615520833123e+00,1.119646346799999942e-01
6.340000000000000568e+01,3.558658652500000130e+02,-4.895734861406249472e+00,3.742361538266666954e-01
6.345000000000000284e+01,3.758431167400000277e+02,-4.898827847395833324e+00,1.063841444513333317e-01
6.350000000000000000e+01,3.208470423599999890e+02,-4.892975184270833111e+00,2.670560277333333329e-02
6.355000000000000426e+01,3.373760755999999787e+02,-4.895672396093750045e+00,3.521607683866665589e-02
6.360000000000000142e+01,3.428104722699999911e+02,-4.897430726458333439e+00,5.113798763100000366e-01
6.365000000000000568e+01,3.471134265499999856e+02,-4.899618996510416657e+00,2.117060285933333383e-02
6.370000000000000284e+01,3.295058584999999880e+02,-4.899261980312499709e+00,1.954473799099999687e-01
6.375000000000000000e+01,2.966912938799999893e+02,-4.897233899895833353e+00,3.251132937466666428e-01
6.380000000000000426e+01,3.190173895300000027e+02,-4.901238890937499981e+00,1.072162663286666540e-01
6.385000000000000142e+01,2.981935856599999966e+02,-4.898302833072916584e+00,1.034959557133333236e-01
6.390000000000000568e+01,3.317866614800000207e+02,-4.898736823385417161e+00,-5.259685473400000921e-01
6.395000000000000284e+01,3.705768695099999945e+02,-4.900104465468749559e+00,2.188139215379999725e-01
6.400000000000000000e+01,3.476366857200000027e+02,-4.896499801145833608e+00,8.402580688999999881e-02
6.404999999999999716e+01,3.246295167100000185e+02,-4.893491380937500246e+00,4.147600632566666445e-01
6.410000000000000853e+01,3.428235438500000214e+02,-4.895296275833333155e+00,-3.777874100000000457e-02
6.415000000000000568e+01,3.493471488800000202e+02,-4.895853638750000236e+00,2.513802499799999701e-01
6.420000000000000284e+01,3.625473615799999720e+02,-4.898712502447916783e+00,2.909358241999999706e-01
6.425000000000000000e+01,3.145716491900000165e+02,-4.895426605885416116e+00,9.631681330666667928e-02
6.429999999999999716e+01,3.129971395800000096e+02,-4.897307567604166856e+00,-3.904880752333333288e-02
6.435000000000000853e+01,3.173361946900000135e+02,-4.898503126510417083e+00,2.329240590420000034e-01
6.440000000000000568e+01,3.400176642800000195e+02,-4.900598593229166688e+00,1.182224739966666882e-02
6.445000000000000284e+01,3.374509401700000240e+02,-4.897790116666667082e+00,-9.301803078666666391e-02
6.450000000000000000e+01,3.572551245399999971e+02,-4.894593675052083093e+00,3.670553703666666334e-01
6.454999999999999716e+01,3.481745247399999812e+02,-4.891068258333333141e+00,1.375643449173333255e-01
6.460000000000000853e+01,3.594845315300000266e+02,-4.892411632291666201e+00,4.993548748733333542e-01
6.465000000000000568e+01,3.618923889999999801e+02,-4.893301413854167059e+00,1.302050897266666674e-01
6.470000000000000284e+01,3.765969459400000119e+02,-4.896654424479167211e+00,8.651158593333334312e-02
6.475000000000000000e+01,3.454984463600000026e+02,-4.895533395677083455e+00,1.456741714100003417e-03
6.479999999999999716e+01,3.131827548499999807e+02,-4.893765780937500587e+00,1.693595029666665128e-02
6.485000000000000853e+01,3.397051716999999940e+02,-4.897787091927082948e+00,2.547136291453333534e-01
6.490000000000000568e+01,3.447357293200000186e+02,-4.898612863385416460e+00,8.073426540266664952e-02
6.495000000000000284e+01,3.181229379100000187e+02,-4.895189060729166819e+00,4.828169076233333468e-01
6.500000000000000000e+01,3.489451475000000187e+02,-4.898405903906249748e+00,-1.363669861629999980e-01
6.504999999999999716e+01,3.294944512499999973e+02,-4.895342617499999882e+00,1.571904143339999671e-01
6.510000000000000853e+01,3.451676072100000283e+02,-4.896210999479166937e+00,3.795704730999999721e-01
6.515000000000000568e+01,3.484216567500000110e+02,-4.893846910833333119e+00,3.832491325666667059e-01
6.520000000000000284e+01,3.760010964300000182e+02,-4.893462708645833104e+00,2.004572831736666505e-01
6.525000000000000000e+01,3.914613014399999997e+02,-4.893851350104166720e+00,3.837360653426666879e-01
6.529999999999999716e+01,3.707265759699999990e+02,-4.892972456406250004e+00,3.991453287312666798e-01
6.535000000000000853e+01,3.550882576500000027e+02,-4.893383530416666183e+00,-8.379962163999998825e-02
6.540000000000000568e+01,3.352105333399999836e+02,-4.892654913020833440e+00,1.685967667633333500e-01
6.545000000000000284e+01,3.627084558799999741e+02,-4.897037466041666676e+00,3.240970996943333127e-01
6.550000000000000000e+01,3.752298551599999996e+02,-4.899834825208333022e+00,-5.918357973333329691e-03
6.554999999999999716e+01,3.167367446499999915e+02,-4.893680744427083340e+00,2.161184563257999847e-01
6.560000000000000853e+01,3.507706203600000094e+02,-4.898647654322917155e+00,3.792677059899999814e-01
6.565000000000000568e+01,3.320733476500000165e+02,-4.897408196822916615e+00,-1.860347685879999713e-01
6.570000000000000284e+01,3.360123583399999916e+02,-4.899535943020833173e+00,3.143152539866666539e-01
6.575000000000000000e+01,3.168910993599999983e+02,-4.898390302812500430e+00,5.347791889556666872e-02
6.579999999999999716e+01,3.165652558500000282e+02,-4.898054802916666617e+00,-1.716507963200000764e-02
6.585000000000000853e+01,3.292757386299999780e+02,-4.897643347968750227e+00,5.403927237833333619e-01
6.590000000000000568e+01,3.446739336399999729e+02,-4.895886140677083276e+00,1.230145628076666636e-01
6.595000000000000284e+01,3.516068788499999869e+02,-4.894031291718749621e+00,7.491803220799998775e-02
6.600000000000000000e+01,3.376366139400000179e+02,-4.891540101666666196e+00,4.163975511399999885e-01
6.604999999999999716e+01,3.415231251800000223e+02,-4.892073997447917044e+00,9.701388661333333607e-02
6.610000000000000853e+01,3.475525939400000084e+02,-4.893814113906249652e+00,1.062756950186666688e-01
6.615000000000000568e+01,3.580151373699999908e+02,-4.897242337239583243e+00,-7.476868110933333755e-02
6.620000000000000284e+01,3.383517792700000086e+02,-4.897455803281249409e+00,5.761543110866666068e-02
6.625000000000000000e+01,3.394529210499999863e+02,-4.899308011197916812e+00,2.553445753100000437e-01
6.629999999999999716e+01,3.320049223799999822e+02,-4.899354272343749983e+00,2.488273818816666427e-01
6.635000000000000853e+01,3.190155277999999726e+02,-4.897912916510416714e+00,5.575420926566665436e-02
6.640000000000000568e+01,3.205990461900000241e+02,-4.897166581822916420e+00,-5.993647163666666194e-02
6.645000000000000284e+01,3.262929398800000058e+02,-4.895686539114583624e+00,2.978213530389999808e-01
6.650000000000000000e+01,3.456774038699999778e+02,-4.895997559479166483e+00,1.591748931126666655e-01
6.654999999999999716e+01,3.242781070699999759e+02,-4.892176909270832930e+00,2.048540491066666858e-01
6.660000000000000853e+01,3.522001684200000113e+02,-4.895218702604166694e+00,2.451713226266666601e-01
6.665000000000000568e+01,3.757909961600000202e+02,-4.898828677604166515e+00,3.361495234039999502e-01
6.670000000000000284e+01,3.611418293300000073e+02,-4.897845992552083416e+00,-2.347949954773333181e-01
6.675000000000000000e+01,3.251405997599999864e+02,-4.893898950364583555e+00,2.558324253766666723e-01
6.679999999999999716e+01,3.538497947399999930e+02,-4.897644636302083576e+00,2.007705246933333409e-01
6.685000000000000853e+01,3.525329383299999790e+02,-4.897935912083332788e+00,1.297389737230000006e-01
6.690000000000000568e+01,3.450189696599999820e+02,-4.897730823281249535e+00,3.061826979626666723e-01
6.695000000000000284e+01,3.440800747299999784e+02,-4.898840073385416716e+00,2.170050822676666824e-01
6.700000000000000000e+01,3.136592368199999896e+02,-4.896954447864582782e+00,4.231393156600000149e-01
6.704999999999999716e+01,3.196158192400000075e+02,-4.899617315677082807e+00,2.152964484066666531e-02
6.710000000000000853e+01,3.192771544099999801e+02,-4.900870948749999734e+00,-2.299995120166666851e-01
6.715000000000000568e+01,3.305031043000000182e+02,-4.902769002291666567e+00,1.666144621866666731e-01
6.720000000000000284e+01,3.299355141799999842e+02,-4.901758437656249967e+00,4.551138095446668336e-02
6.725000000000000000e+01,3.394687771100000191e+02,-4.900371263645832975e+00,1.458085833120000008e-01
6.729999999999999716e+01,3.532981277499999919e+02,-4.899248569010416610e+00,1.130063459626666766e-01
6.735000000000000853e+01,3.623985097300000007e+02,-4.898726862083333522e+00,5.771187766666666108e-02
6.740000000000000568e+01,3.272607775600000082e+02,-4.893769663437500306e+00,2.406280195899999919e-01
6.745000000000000284e+01,3.014854959799999961e+02,-4.890002894218750562e+00,7.315315660433331646e-02
6.750000000000000000e+01,3.495156385500000056e+02,-4.894689663645833910e+00,1.583804909866666499e-01
6.754999999999999716e+01,3.493866176799999721e+02,-4.892906309687499622e+00,2.379888379666665957e-02
6.760000000000000853e+01,3.725068692400000145e+02,-4.893986571979167088e+00,4.061256983033333934e-01
6.765000000000000568e+01,3.527557356699999787e+02,-4.889973972187499740e+00,1.728414365833333133e-01
6.770000000000000284e+01,3.890646894999999859e+02,-4.893917787135416475e+00,8.210356062739999905e-02
6.775000000000000000e+01,3.603991638100000046e+02,-4.892250735260416761e+00,3.663779961599999968e-01
6.779999999999999716e+01,3.433295041100000162e+02,-4.894020528854166940e+00,7.257964871566666143e-02
6.785000000000000853e+01,3.369063011700000061e+02,-4.895565895833333236e+00,2.444971353366666433e-01
6.790000000000000568e+01,3.475282475100000283e+02,-4.898316310729167178e+00,1.308436353966666577e-01
6.795000000000000284e+01,3.607303408899999795e+02,-4.901219235572916944e+00,6.080082763866665602e-02
6.800000000000000000e+01,3.479913938999999914e+02,-4.900800678177083647e+00,1.127368118433333399e-01
6.804999999999999716e+01,3.563712960899999871e+02,-4.903357998333333079e+00,2.092790779033333326e-01
6.810000000000000853e+01,3.420392977600000108e+02,-4.903060363489583295e+00,1.111245065252999820e-01
6.815000000000000568e+01,3.036870825799999807e+02,-4.899184838906250228e+00,2.201920193159999928e-01
6.820000000000000284e+01,3.093591989899999817e+02,-4.899799797291666259e+00,1.669879097433333293e-01
6.825000000000000000e+01,3.249643634500000076e+02,-4.899519346979166912e+00,3.531193005366666249e-01
6.829999999999999716e+01,3.493901008299999944e+02,-4.898840321145833343e+00,2.084169563300000139e-01
6.835000000000000853e+01,3.554119378299999994e+02,-4.897774600989583504e+00,1.870324156299999763e-01
6.840000000000000568e+01,3.347287829800000054e+02,-4.894517694843750100e+00,2.018237938083333460e-01
6.845000000000000284e+01,3.473050136200000111e+02,-4.895472231822917131e+00,-4.024636882899999546e-01
6.850000000000000000e+01,3.505158440899999732e+02,-4.895579121354166396e+00,8.061023448666666813e-02
6.854999999999999716e+01,3.764395102400000042e+02,-4.898982915624999990e+00,5.823711286113333191e-02
6.860000000000000853e+01,3.253105560800000262e+02,-4.894644826197916743e+00,-1.821570659833332551e-02
6.865000000000000568e+01,3.381785313899999892e+02,-4.900553039270833189e+00,2.299504796596666678e-01
6.870000000000000284e+01,3.009556325799999854e+02,-4.898515686666667257e+00,-1.930112839800000521e-02
6.875000000000000000e+01,3.034404391400000236e+02,-4.898728435781250390e+00,1.797935229236999888e-01
6.879999999999999716e+01,3.110782275600000162e+02,-4.898510458645833232e+00,1.445134677622666730e-01
6.885000000000000853e+01,3.193208899699999961e+02,-4.897525096302083547e+00,1.298535087524000098e-01
6.890000000000000568e+01,3.375770744000000150e+02,-4.896893159114583227e+00,2.212696347793333407e-01
6.895000000000000284e+01,3.804961110099999928e+02,-4.900628325052083234e+00,3.398587563613333362e-01
6.900000000000000000e+01,3.216585436999999956e+02,-4.893464282604166549e+00,-1.471187129183333109e-01
6.904999999999999716e+01,3.212280974799999740e+02,-4.893480848333333633e+00,1.642907918666666467e-01
6.910000000000000853e+01,3.392890583999999876e+02,-4.895832683229166982e+00,-2.024750914500000887e-02
6.915000000000000568e+01,3.324906622899999888e+02,-4.896338176562499811e+00,9.022158182933331938e-02
6.920000000000000284e+01,3.231750652299999729e+02,-4.897956276770833561e+00,-4.326503144333333079e-02
6.925000000000000000e+01,3.243040153200000191e+02,-4.901207813020833193e+00,2.695728618100000085e-01
6.929999999999999716e+01,3.013077167000000145e+02,-4.900225311249999827e+00,8.722829463666666172e-02
6.935000000000000853e+01,2.987858349499999804e+02,-4.900154615364583854e+00,1.854140975566666641e-02
6.940000000000000568e+01,3.234814226099999814e+02,-4.902346999791666882e+00,-1.015705495999978279e-03
6.945000000000000284e+01,3.303572702199999753e+02,-4.901969879895832882e+00,1.484463891733333318e-01
6.950000000000000000e+01,3.451793214499999749e+02,-4.902483022968749715e+00,1.176112498189999939e-01
6.954999999999999716e+01,3.403995903200000157e+02,-4.900625658750000113e+00,1.744572947520000028e-01
6.960000000000000853e+01,3.103130681100000174e+02,-4.895561435260416872e+00,8.699123677800001120e-02
6.965000000000000568e+01,3.340724131200000215e+02,-4.896661588906249918e+00,1.092699787453333543e-01
6.970000000000000284e+01,3.558013254200000119e+02,-4.897969474114582944e+00,1.246572443849999906e-01
6.975000000000000000e+01,3.415774974400000019e+02,-4.895695434062500517e+00,2.073902943783333397e-01
6.979999999999999716e+01,3.275206979499999989e+02,-4.893709703072916639e+00,-2.016943457633333381e-01
6.985000000000000853e+01,3.604678739199999882e+02,-4.897752014375000407e+00,2.438046524966666906e-01
6.990000000000000568e+01,3.368566000399999893e+02,-4.895144345364583316e+00,-6.417826303700001345e-02
6.995000000000000284e+01,3.592348652399999764e+02,-4.898973834635416580e+00,7.354556799666667199e-02
7.000000000000000000e+01,3.435705597499999726e+02,-4.899792988802083471e+00,2.189343276149999587e-02
7.004999999999999716e+01,3.330187830699999836e+02,-4.901566922864582843e+00,7.433248242333333200e-02
7.010000000000000853e+01,3.231687332899999774e+02,-4.901976300312500534e+00,4.855016863599999621e-01
7.015000000000000568e+01,3.362657937600000082e+02,-4.903942557708333538e+00,-3.796810678433333308e-01
7.020000000000000284e+01,3.346234822999999778e+02,-4.902816388489583233e+00,-7.230140116106666126e-02
7.025000000000000000e+01,3.245175124900000014e+02,-4.899230700677082773e+00,9.853382354959999700e-02
7.029999999999999716e+01,3.280738438800000267e+02,-4.896483135104166884e+00,5.060639800399999860e-02
7.035000000000000853e+01,3.482415200500000196e+02,-4.897216097031249937e+00,-3.308301616233333964e-01
7.040000000000000568e+01,3.431911571399999730e+02,-4.895993662499999566e+00,1.656390788099999789e-01
7.045000000000000284e+01,3.479709386000000109e+02,-4.896351504322916881e+00,5.788640466333333512e-02
7.050000000000000000e+01,3.515544997000000080e+02,-4.897066198020833205e+00,2.119879082024000161e-01
7.054999999999999716e+01,3.402249423700000079e+02,-4.896660659114583147e+00,1.096080202000000031e-01
7.060000000000000853e+01,3.378912895099999787e+02,-4.898303803385416266e+00,3.590119180919999486e-01
7.065000000000000568e+01,3.055287193300000013e+02,-4.897085849531250368e+00,-9.527314765999994606e-03
7.070000000000000284e+01,3.330642869299999802e+02,-4.902525527395833471e+00,2.884629769000000010e-01
7.075000000000000000e+01,3.089395866799999908e+02,-4.900853839375000298e+00,5.620547812333332588e-02
7.079999999999999716e+01,3.200128855799999883e+02,-4.903445736354166584e+00,2.026022914066666625e-01
7.085000000000000853e+01,3.221425630900000101e+02,-4.904181357604167069e+00,1.054533074766666606e-01
7.090000000000000568e+01,2.981005055599999878e+02,-4.899295462500000475e+00,2.837174895865666735e-01
7.095000000000000284e+01,3.490879536099999996e+02,-4.901597112343750062e+00,8.464797541333334008e-02
7.100000000000000000e+01,3.522184307699999977e+02,-4.899520102135416444e+00,-2.629788135566667531e-02
7.104999999999999716e+01,3.251614765699999907e+02,-4.895361329531250583e+00,2.869378481233333389e-01
7.110000000000000853e+01,3.505923732699999960e+02,-4.898278054427083639e+00,-6.339358125999998428e-02
7.115000000000000568e+01,3.318291423699999996e+02,-4.895466629895833144e+00,-4.474499754199998819e-02
7.120000000000000284e+01,3.415022028299999874e+02,-4.895832625572916541e+00,5.161477180533333153e-02
7.125000000000000000e+01,3.798353006799999889e+02,-4.899162572083333167e+00,-1.170535898701333261e-01
7.129999999999999716e+01,3.789256424999999808e+02,-4.897977369166667039e+00,1.617645250733333318e-01
7.135000000000000853e+01,3.531134069899999872e+02,-4.895106131302083163e+00,2.858168407666666910e-02
7.140000000000000568e+01,3.559180964999999901e+02,-4.897356971822916627e+00,8.788077030366668596e-02
7.145000000000000284e+01,3.358939778899999737e+02,-4.897545748958333611e+00,7.933481165116666733e-02
7.150000000000000000e+01,3.508439031199999931e+02,-4.901348674687500129e+00,-2.526160814780000208e-01
7.154999999999999716e+01,3.146786398699999836e+02,-4.898214826510416842e+00,8.988879280333332555e-02
7.160000000000000853e+01,3.429890781199999878e+02,-4.901745677916666821e+00,2.801554331556666555e-01
7.165000000000000568e+01,3.652758851400000140e+02,-4.903381421718750133e+00,1.340478222449999757e-01
7.170000000000000284e+01,3.401928346299999930e+02,-4.898576629479166833e+00,8.624172459999999985e-02
7.175000000000000000e+01,3.332525420499999882e+02,-4.894818170208333541e+00,-8.967387575246665854e-02
7.179999999999999716e+01,3.797642832000000226e+02,-4.896155986979166208e+00,-1.068466043945333205e-01
7.185000000000000853e+01,3.602688675599999897e+02,-4.891908439895833460e+00,2.761167973559999766e-01
7.190000000000000568e+01,3.609624139599999921e+02,-4.892125500625000178e+00,-2.020884260766666607e-01
7.195000000000000284e+01,3.601549087500000041e+02,-4.893367082135417157e+00,1.489102645100000011e-01
7.200000000000000000e+01,3.468891269999999736e+02,-4.894408575677083206e+00,2.203569340333333404e-01
7.204999999999999716e+01,3.377763986799999998e+02,-4.895027330572916391e+00,-5.406624245666665635e-02
7.210000000000000853e+01,3.495005558999999948e+02,-4.897395897760416617e+00,-2.883466397153333638e-01
7.215000000000000568e+01,3.187024745499999767e+02,-4.894668378229166450e+00,3.541329845069999815e-01
7.220000000000000284e+01,3.415790100899999970e+02,-4.898336561927083110e+00,-2.424182873266666760e-01
7.225000000000000000e+01,3.499124885400000267e+02,-4.900342638385416727e+00,1.665115357000000185e-01
7.229999999999999716e+01,3.402606594000000086e+02,-4.900463385885417189e+00,-1.951344337686666819e-01
7.235000000000000853e+01,3.317769061899999770e+02,-4.900668740781250143e+00,2.788722464733333073e-01
7.240000000000000568e+01,3.304537369399999989e+02,-4.901455187604166319e+00,1.008896561766666755e-01
7.245000000000000284e+01,3.014122274900000207e+02,-4.898286259479166738e+00,-5.388656993796666489e-02
7.250000000000000000e+01,3.104600162799999907e+02,-4.898532812083333354e+00,-1.572460025913333392e-01
7.254999999999999716e+01,3.336303408900000136e+02,-4.898394751406249803e+00,3.025992343939999940e-01
7.260000000000000853e+01,3.342304846700000098e+02,-4.895079107968750343e+00,1.703102098700000067e-01
7.265000000000000568e+01,3.637634327600000006e+02,-4.896637412343749496e+00,2.990177873909999895e-01
7.270000000000000284e+01,3.477451381500000025e+02,-4.894125566718749987e+00,5.966882454139999653e-02
7.275000000000000000e+01,3.749469467299999792e+02,-4.898630807343749893e+00,3.725002947000000120e-02
7.279999999999999716e+01,3.509921625700000050e+02,-4.898137162239582842e+00,-1.157430067603333335e-01
7.285000000000000853e+01,3.412638801900000090e+02,-4.899474298124999905e+00,-3.036148623533332924e-02
7.290000000000000568e+01,3.282665355999999974e+02,-4.899353145260416653e+00,3.748088778233332752e-02
7.295000000000000284e+01,3.174927216500000213e+02,-4.898320439791667091e+00,7.430115872999999704e-02
7.300000000000000000e+01,3.322505006100000173e+02,-4.899347486666666640e+00,-2.013427382800000165e-01
7.304999999999999716e+01,3.202090756499999884e+02,-4.896525373072916132e+00,-1.379410954276666657e-01
7.310000000000000853e+01,3.160097060900000088e+02,-4.895044207395833347e+00,1.838233126133333173e-01
7.315000000000000568e+01,3.426209111900000153e+02,-4.898076593125000322e+00,4.610927099133332874e-01
7.320000000000000284e+01,3.298788550500000269e+02,-4.896679037812499580e+00,-7.049048955833332741e-02
7.325000000000000000e+01,3.467800956899999960e+02,-4.898903003072916817e+00,7.030082964333332629e-02
7.329999999999999716e+01,3.277607475300000033e+02,-4.896437390052082783e+00,-9.998036373333315727e-03
7.335000000000000853e+01,3.344552824400000191e+02,-4.896909956718750401e+00,-1.325050246799999998e-01
7.340000000000000568e+01,3.247292561300000102e+02,-4.894501312604166543e+00,-9.896221448999999171e-02
7.345000000000000284e+01,3.390650943900000129e+02,-4.893991960312500389e+00,-3.609029651799999794e-02
7.350000000000000000e+01,3.708943218699999989e+02,-4.895287724583333500e+00,3.713697591699999800e-01
7.354999999999999716e+01,3.450605668800000103e+02,-4.890643664843749683e+00,-4.159946182366666689e-01
7.360000000000000853e+01,3.798298463799999922e+02,-4.894930748281249855e+00,4.547747237156666844e-01
7.365000000000000568e+01,3.908156847600000106e+02,-4.897955695833332790e+00,-2.864263401510000473e-01
7.370000000000000284e+01,3.736526171900000008e+02,-4.899991571197916507e+00,-2.235291284976666792e-01
7.375000000000000000e+01,3.400854282899999816e+02,-4.898572608281249963e+00,9.035437350333333853e-03
7.379999999999999716e+01,3.362050750700000208e+02,-4.898844214218749826e+00,-3.413838296800000283e-01
7.385000000000000853e+01,3.380071702700000174e+02,-4.899340814010416878e+00,3.754247722499999829e-01
7.390000000000000568e+01,3.470562966900000106e+02,-4.900760342187500562e+00,-2.189559458233333311e-01
7.395000000000000284e+01,3.127797319599999923e+02,-4.896942996406250082e+00,8.213844965666666775e-02
7.400000000000000000e+01,3.160464462300000150e+02,-4.897119711614583260e+00,1.892314773059999844e-01
7.404999999999999716e+01,3.273485218999999802e+02,-4.896282449791666380e+00,1.402000337380000239e-01
7.410000000000000853e+01,3.622271738200000186e+02,-4.896544334375000140e+00,5.073672295499999096e-01
7.415000000000000568e+01,3.266211041600000158e+02,-4.889922704479166882e+00,-1.095135395333333150e-01
7.420000000000000284e+01,3.526141595099999790e+02,-4.892440675312499820e+00,3.605805293466666228e-01
7.425000000000000000e+01,3.814649881400000027e+02,-4.897492257552083395e+00,2.291019947266668359e-03
7.429999999999999716e+01,3.583514693700000180e+02,-4.898243887083332915e+00,2.830388893799999916e-01
7.435000000000000853e+01,3.253981345999999917e+02,-4.896562830833333102e+00,-1.686503822249999784e-01
7.440000000000000568e+01,3.149538666199999852e+02,-4.896546571354166488e+00,4.536101426700000494e-01
7.445000000000000284e+01,3.257949657899999920e+02,-4.898359228177083580e+00,-2.640113882673333356e-01
7.450000000000000000e+01,3.398330411000000026e+02,-4.899830813281250030e+00,-4.208341756063333633e-02
7.454999999999999716e+01,3.200451776900000027e+02,-4.896605077968749775e+00,1.600926685140333372e-01
7.460000000000000853e+01,3.460915180999999734e+02,-4.897779173333333347e+00,-1.686161455633332917e-01
7.465000000000000568e+01,3.682814089999999965e+02,-4.897036105885416823e+00,1.959651119933333296e-01
7.470000000000000284e+01,3.634522363099999893e+02,-4.894008110677083856e+00,-3.398244327866665332e-02
7.475000000000000000e+01,3.387252268099999810e+02,-4.890343627656250192e+00,-3.999948439000006184e-03
7.479999999999999716e+01,3.634929626800000051e+02,-4.893941482968750201e+00,2.042265460929999776e-01
7.485000000000000853e+01,3.566698024099999884e+02,-4.894613100156250063e+00,5.694513636866666006e-01
7.490000000000000568e+01,3.818360748800000124e+02,-4.899369081979166651e+00,-3.097302901379999640e-01
7.495000000000000284e+01,3.440444710099999952e+02,-4.896660515572916594e+00,2.897767527099999740e-01
7.500000000000000000e+01,3.236253756699999826e+02,-4.895872200364583371e+00,1.083225409609666623e-01
7.504999999999999716e+01,3.458647200999999995e+02,-4.899672808854166561e+00,-1.801117451000000189e-02
7.510000000000000853e+01,3.277475981399999796e+02,-4.897937960156250270e+00,1.462523705199999802e-01
7.515000000000000568e+01,3.494079869299999928e+02,-4.900625300937499595e+00,2.209980277666666604e-01
7.520000000000000284e+01,3.509448483599999804e+02,-4.900713988177083813e+00,6.219388193533332415e-02
7.525000000000000000e+01,3.486103465799999981e+02,-4.900499404062499842e+00,-2.468543803576666862e-01
7.529999999999999716e+01,3.473057802800000218e+02,-4.900248574583333294e+00,2.831872805936666571e-01
7.535000000000000853e+01,3.421452314200000160e+02,-4.898795850468750324e+00,1.836500971633327857e-03
7.540000000000000568e+01,3.450074996800000235e+02,-4.897278972708333455e+00,-9.723688938666667780e-02
7.545000000000000284e+01,3.532259629100000211e+02,-4.895809188697916703e+00,9.121399083533332508e-02
7.550000000000000000e+01,3.731395823799999789e+02,-4.895885975208333463e+00,1.417091555146666459e-01
7.554999999999999716e+01,3.364554984299999774e+02,-4.890151201979166196e+00,-3.631929408066666976e-01
7.560000000000000853e+01,3.733036524500000155e+02,-4.894632204010416210e+00,-7.986867752999998737e-02
7.565000000000000568e+01,3.516937012899999786e+02,-4.893141755677083538e+00,-3.528540238546666874e-01
7.570000000000000284e+01,3.280027282300000024e+02,-4.894322904895832771e+00,3.973618788126667134e-01
7.575000000000000000e+01,3.284903846700000258e+02,-4.897498571041666970e+00,2.512691801690000379e-02
7.579999999999999716e+01,3.444172173599999951e+02,-4.901408769375000141e+00,1.950765333573333538e-01
7.585000000000000853e+01,3.225018111100000056e+02,-4.899947642291667016e+00,-2.125251587514999929e-01
7.590000000000000568e+01,3.632925163400000201e+02,-4.905463541770832769e+00,8.457338001633334101e-02
7.595000000000000284e+01,3.139136648400000240e+02,-4.899198881354166701e+00,2.553658258033333350e-01
7.600000000000000000e+01,3.312330470599999899e+02,-4.899706837239583557e+00,-5.352278063999998947e-02
7.604999999999999716e+01,3.438144976400000132e+02,-4.897984485260416854e+00,-4.973043467966666714e-02
7.610000000000000853e+01,3.374579522199999815e+02,-4.894755813020833735e+00,4.720388450266666536e-01
7.615000000000000568e+01,3.440622333700000013e+02,-4.894909983020833799e+00,1.745892282619999902e-01
7.620000000000000284e+01,3.462937432300000182e+02,-4.895547903333333117e+00,-1.822304045126666716e-01
7.625000000000000000e+01,3.434925731399999904e+02,-4.895328307708333604e+00,4.087258764133333000e-01
7.629999999999999716e+01,3.595826216199999976e+02,-4.897542637812500210e+00,-2.874740454433333259e-02
7.635000000000000853e+01,3.771086351399999899e+02,-4.900943467916666130e+00,1.596570789089999942e-01
7.640000000000000568e+01,3.278364579099999787e+02,-4.897321141770833108e+00,2.611390860166666605e-02
7.645000000000000284e+01,3.623113961000000245e+02,-4.903665862499999584e+00,7.251340193333333239e-02
7.650000000000000000e+01,3.003771130100000164e+02,-4.897025955364583183e+00,-1.636362441266333290e-01
7.654999999999999716e+01,3.137096747200000095e+02,-4.898081675729167195e+00,2.615898152033333535e-01
7.660000000000000853e+01,3.575514284899999780e+02,-4.901728609635417122e+00,-3.493195898293333101e-01
7.665000000000000568e+01,3.210855291400000056e+02,-4.894949256562500572e+00,3.102655377300000406e-01
7.670000000000000284e+01,3.592654444199999944e+02,-4.897446474739583167e+00,2.306405635179999969e-01
7.675000000000000000e+01,3.629674193100000252e+02,-4.896373073385416497e+00,4.563799015557665900e-02
7.680000000000001137e+01,3.527942459999999869e+02,-4.894853331562500465e+00,1.565506365606666728e-01
7.685000000000000853e+01,3.533200946300000282e+02,-4.896527754583333447e+00,-8.069502270000002142e-02
7.690000000000000568e+01,3.446317167999999924e+02,-4.898297551718750142e+00,1.668156922266666731e-01
7.695000000000000284e+01,3.363386691000000042e+02,-4.899276774322916417e+00,-1.261704008999999481e-02
7.700000000000000000e+01,3.509505903500000272e+02,-4.901705209166666855e+00,-9.789034686333325519e-03
7.705000000000001137e+01,3.067194418799999767e+02,-4.896624333437499921e+00,3.253636686853333404e-01
7.710000000000000853e+01,3.636409622200000058e+02,-4.903842123281250132e+00,8.517563844333331247e-02
7.715000000000000568e+01,3.391209844800000042e+02,-4.900574466354166603e+00,-7.202937933666664350e-02
7.720000000000000284e+01,3.368748018800000068e+02,-4.899764283281250243e+00,7.210039179999999659e-02
7.725000000000000000e+01,3.379815778799999748e+02,-4.898651305052083238e+00,2.462725397783333270e-01
7.730000000000001137e+01,3.251351441499999737e+02,-4.894540944531249771e+00,-3.045251105633333122e-01
7.735000000000000853e+01,3.717385040300000014e+02,-4.896943605625000195e+00,-2.155897733299999910e-02
7.740000000000000568e+01,3.727614757900000200e+02,-4.895117010468750252e+00,2.001576908676666600e-01
7.745000000000000284e+01,3.635019209100000239e+02,-4.894052461250000263e+00,6.738644254133334399e-02
7.750000000000000000e+01,3.631699690699999792e+02,-4.895189269270833421e+00,-4.795674069099998410e-02
7.755000000000001137e+01,3.345160253399999988e+02,-4.893801718958333602e+00,8.400460622533333088e-02
7.760000000000000853e+01,3.551156549799999880e+02,-4.898432219531249743e+00,-2.852488315299999688e-01
7.765000000000000568e+01,3.120637506599999824e+02,-4.894121185833333776e+00,1.080103401816666642e-01
7.770000000000000284e+01,3.222524441499999739e+02,-4.894899299322916342e+00,-6.948741511333333953e-02
7.775000000000000000e+01,3.504669987799999831e+02,-4.896981281250000428e+00,-3.150962587099999657e-01
7.780000000000001137e+01,3.683604159000000209e+02,-4.898236265208333329e+00,1.016591537666666767e-01
7.785000000000000853e+01,3.457167128899999966e+02,-4.895318445520833173e+00,1.232195050763333216e-01
7.790000000000000568e+01,3.788525113499999861e+02,-4.900271203385416108e+00,-4.646783490000000461e-02
7.795000000000000284e+01,3.284509310600000163e+02,-4.895864049427083309e+00,-1.164980470010000130e-01
7.800000000000000000e+01,3.476045705899999803e+02,-4.900636071093749990e+00,7.241258364800000347e-02
7.805000000000001137e+01,3.412105426499999794e+02,-4.903352083125000149e+00,-3.025098985066667079e-01
7.810000000000000853e+01,3.105908994299999790e+02,-4.902622856614583746e+00,8.746146555666667322e-02
7.815000000000000568e+01,2.968907850499999768e+02,-4.901271706718749677e+00,-2.341331045553333157e-01
7.820000000000000284e+01,3.255135523299999818e+02,-4.903450031979166290e+00,-9.241272691266666506e-02
7.825000000000000000e+01,3.210894201199999998e+02,-4.901260869687500410e+00,1.499601184733333203e-01
7.830000000000001137e+01,3.261279021999999941e+02,-4.900544351927083042e+00,8.020184263333332217e-03
7.835000000000000853e+01,3.300699655099999745e+02,-4.899432548177083291e+00,-5.709657855633334250e-02
7.840000000000000568e+01,2.920494643000000110e+02,-4.892632934114582888e+00,1.237523955643333312e-01
7.845000000000000284e+01,3.678944253299999900e+02,-4.899877303750000301e+00,6.249343607666666550e-02
7.850000000000000000e+01,3.563841316799999959e+02,-4.896773846510416917e+00,2.570859739933333277e-01
7.855000000000001137e+01,3.429965771500000074e+02,-4.894582479739583825e+00,-1.657030203326666506e-01
7.860000000000000853e+01,3.688404392599999824e+02,-4.897939610364583807e+00,1.809371179813333563e-01
7.865000000000000568e+01,3.410673897199999942e+02,-4.896140054114582973e+00,1.494116064533333177e-01
7.870000000000000284e+01,3.385204096400000253e+02,-4.898176117604166713e+00,3.021788077800000027e-01
7.875000000000000000e+01,3.171593561099999761e+02,-4.897604914114583430e+00,2.446789591966666289e-01
7.880000000000001137e+01,3.374039822099999810e+02,-4.900877011875000022e+00,1.224486573333333356e-01
7.885000000000000853e+01,3.226526062099999876e+02,-4.899019884427083582e+00,2.082136330126666823e-01
7.890000000000000568e+01,3.172896896600000218e+02,-4.897922005989583383e+00,1.649638853569999897e-01
7.895000000000000284e+01,3.256224482599999988e+02,-4.896503137135416850e+00,-1.098848201200000041e-01
7.900000000000000000e+01,3.512081204400000161e+02,-4.895830694427083074e+00,6.076910115466666734e-02
7.905000000000001137e+01,3.333009388199999989e+02,-4.891166472760416717e+00,1.082807454660000140e-01
7.910000000000000853e+01,3.671608211600000118e+02,-4.893900876822916857e+00,7.908892912133333453e-02
7.915000000000000568e+01,3.863251275800000144e+02,-4.896227773020833673e+00,2.727594150146666618e-01
7.920000000000000284e+01,3.562919306499999834e+02,-4.894467820989583551e+00,-5.236348728099998046e-02
7.925000000000000000e+01,3.604915268899999887e+02,-4.897305047291666824e+00,1.877364527266666416e-01
7.930000000000001137e+01,3.712207449599999904e+02,-4.900290781354166292e+00,1.868273013273333560e-01
7.935000000000000853e+01,3.324644414800000050e+02,-4.896677486718750139e+00,-4.857501990366666633e-02
7.940000000000000568e+01,3.386437042900000165e+02,-4.898183903645833226e+00,1.153835893971333348e-01
7.945000000000000284e+01,3.462410169799999835e+02,-4.899568590989583861e+00,-6.510922338536666298e-02
7.950000000000000000e+01,3.462032937299999844e+02,-4.900128140572916458e+00,1.367506417999999301e-02
7.955000000000001137e+01,3.097643968400000176e+02,-4.896527413749999447e+00,1.651518973299999915e-01
7.960000000000000853e+01,3.143860669000000030e+02,-4.897969924010416420e+00,5.790055160833332965e-02
7.965000000000000568e+01,3.263541047300000173e+02,-4.899507815052083437e+00,2.033903902726666713e-01
7.970000000000000284e+01,3.322413006500000279e+02,-4.899037574843750242e+00,2.755054910666659973e-03
7.975000000000000000e+01,3.379620235200000025e+02,-4.897382857187499994e+00,-9.547118243100000123e-02
7.980000000000001137e+01,3.543102278700000056e+02,-4.896388674583333156e+00,6.446667389866667097e-02
7.985000000000000853e+01,3.675097329600000080e+02,-4.895803122604166724e+00,-6.717869132799998699e-02
7.990000000000000568e+01,3.848090870899999913e+02,-4.897614409479166930e+00,1.477089101333334265e-02
7.995000000000000284e+01,3.414675697299999797e+02,-4.893345952604167159e+00,1.015436107166666629e-01
8.000000000000000000e+01,3.325176379600000018e+02,-4.893683447708332857e+00,-4.752987562366666197e-01
