time_ps,T_K,PE_eV,Etot_eV,P_GPa,volume_A3,density_g_cm3
0.000000000000000000e+00,6.418677900000000136e+02,-9.035014400000000023e+02,-8.876545700000000352e+02,3.161793400000000309e-01,7.593181499999999687e+03,1.468303799999999937e+00
5.000000000000000278e-02,6.055458499999999731e+02,-9.027187500000000000e+02,-8.877686200000000554e+02,-1.918475900000000123e-01,7.593181499999999687e+03,1.468303799999999937e+00
1.000000000000000056e-01,6.168307899999999790e+02,-9.031427999999999656e+02,-8.879140599999999495e+02,1.420195200000000102e-01,7.593181499999999687e+03,1.468303799999999937e+00
1.499999999999999944e-01,5.820015499999999520e+02,-9.025732400000000553e+02,-8.882043899999999894e+02,1.026882599999999895e-01,7.593181499999999687e+03,1.468303799999999937e+00
2.000000000000000111e-01,5.746362699999999677e+02,-9.029782000000000153e+02,-8.887911900000000287e+02,2.292756100000000255e-02,7.593181499999999687e+03,1.468303799999999937e+00
2.500000000000000000e-01,5.940068499999999858e+02,-9.041017900000000509e+02,-8.894365400000000363e+02,1.657628899999999961e-01,7.593181499999999687e+03,1.468303799999999937e+00
2.999999999999999889e-01,5.581138200000000325e+02,-9.036561400000000503e+02,-8.898770500000000538e+02,4.728576200000000201e-02,7.593181499999999687e+03,1.468303799999999937e+00
3.499999999999999778e-01,5.869285999999999603e+02,-9.044945199999999659e+02,-8.900040299999999434e+02,2.333370899999999970e-01,7.593181499999999687e+03,1.468303799999999937e+00
4.000000000000000222e-01,5.167009600000000091e+02,-9.026145000000000209e+02,-8.898578300000000354e+02,1.562302599999999993e-02,7.593181499999999687e+03,1.468303799999999937e+00
4.500000000000000111e-01,5.869049199999999473e+02,-9.032839500000000044e+02,-8.887940300000000207e+02,2.005505200000000099e-01,7.593181499999999687e+03,1.468303799999999937e+00
5.000000000000000000e-01,6.312483399999999847e+02,-9.032806399999999485e+02,-8.876959500000000389e+02,-1.954487800000000164e-01,7.593181499999999687e+03,1.468303799999999937e+00
5.500000000000000444e-01,6.279461199999999508e+02,-9.027242199999999457e+02,-8.872210499999999911e+02,1.811283900000000002e-01,7.593181499999999687e+03,1.468303799999999937e+00
5.999999999999999778e-01,5.892587499999999636e+02,-9.016003100000000359e+02,-8.870522899999999709e+02,-2.737030900000000377e-01,7.593181499999999687e+03,1.468303799999999937e+00
6.500000000000000222e-01,6.173814399999999978e+02,-9.022470799999999826e+02,-8.870047399999999698e+02,3.215628500000000667e-02,7.593181499999999687e+03,1.468303799999999937e+00
6.999999999999999556e-01,6.181280699999999797e+02,-9.021655600000000277e+02,-8.869047900000000482e+02,-3.893964000000000314e-01,7.593181499999999687e+03,1.468303799999999937e+00
7.500000000000000000e-01,6.527390599999999949e+02,-9.028474099999999680e+02,-8.867321399999999585e+02,7.302651000000000281e-02,7.593181499999999687e+03,1.468303799999999937e+00
8.000000000000000444e-01,6.339430300000000216e+02,-9.025657599999999547e+02,-8.869145399999999881e+02,4.209014999999999979e-02,7.593181499999999687e+03,1.468303799999999937e+00
8.499999999999999778e-01,5.931435900000000174e+02,-9.021657699999999522e+02,-8.875218399999999974e+02,-8.852624100000000551e-02,7.593181499999999687e+03,1.468303799999999937e+00
9.000000000000000222e-01,5.931806900000000269e+02,-9.030485599999999522e+02,-8.884037100000000464e+02,-2.917594500000000174e-02,7.593181499999999687e+03,1.468303799999999937e+00
9.499999999999999556e-01,5.382942600000000084e+02,-9.023667599999999993e+02,-8.890769800000000487e+02,6.805966600000000477e-02,7.593181499999999687e+03,1.468303799999999937e+00
1.000000000000000000e+00,5.622289299999999912e+02,-9.030711900000000014e+02,-8.891905000000000427e+02,1.529286500000000097e-02,7.593181499999999687e+03,1.468303799999999937e+00
1.050000000000000044e+00,5.875016000000000531e+02,-9.035027900000000045e+02,-8.889981500000000096e+02,1.894957500000000019e-03,7.593181499999999687e+03,1.468303799999999937e+00
1.100000000000000089e+00,6.237191299999999501e+02,-9.039687699999999495e+02,-8.885699600000000373e+02,-3.503499800000000469e-02,7.593181499999999687e+03,1.468303799999999937e+00
1.149999999999999911e+00,6.068889199999999846e+02,-9.028615499999999656e+02,-8.878782599999999547e+02,-1.021153800000000056e-01,7.593181499999999687e+03,1.468303799999999937e+00
1.199999999999999956e+00,6.617058200000000170e+02,-9.031198900000000549e+02,-8.867832399999999780e+02,-1.418108500000000161e-01,7.593181499999999687e+03,1.468303799999999937e+00
1.250000000000000000e+00,6.892662000000000262e+02,-9.032865199999999959e+02,-8.862694400000000314e+02,2.289291300000000084e-01,7.593181499999999687e+03,1.468303799999999937e+00
1.300000000000000044e+00,6.245548499999999876e+02,-9.020906099999999697e+02,-8.866711699999999610e+02,-3.056837700000000213e-01,7.593181499999999687e+03,1.468303799999999937e+00
1.350000000000000089e+00,6.157455499999999802e+02,-9.026455700000000206e+02,-8.874436200000000099e+02,1.371261700000000194e-01,7.593181499999999687e+03,1.468303799999999937e+00
1.399999999999999911e+00,5.597086699999999837e+02,-9.022765699999999924e+02,-8.884580999999999449e+02,6.912619799999999981e-02,7.593181499999999687e+03,1.468303799999999937e+00
1.449999999999999956e+00,6.047574100000000499e+02,-9.039784100000000535e+02,-8.890477499999999509e+02,-1.057429800000000003e-01,7.593181499999999687e+03,1.468303799999999937e+00
1.500000000000000000e+00,5.551299099999999953e+02,-9.032202999999999520e+02,-8.895148699999999735e+02,9.520613499999999729e-02,7.593181499999999687e+03,1.468303799999999937e+00
1.550000000000000044e+00,5.341185100000000148e+02,-9.030197600000000193e+02,-8.898330700000000206e+02,1.135602500000000015e-01,7.593181499999999687e+03,1.468303799999999937e+00
1.600000000000000089e+00,5.703638499999999567e+02,-9.039327299999999923e+02,-8.898511899999999741e+02,1.780775200000000169e-01,7.593181499999999687e+03,1.468303799999999937e+00
1.649999999999999911e+00,5.555579099999999926e+02,-9.031156899999999723e+02,-8.893996899999999641e+02,-7.042524000000000006e-02,7.593181499999999687e+03,1.468303799999999937e+00
1.699999999999999956e+00,5.980354399999999941e+02,-9.032109199999999873e+02,-8.884462099999999509e+02,2.801587400000000172e-01,7.593181499999999687e+03,1.468303799999999937e+00
1.750000000000000000e+00,6.186276100000000042e+02,-9.030178200000000288e+02,-8.877447100000000546e+02,-1.370485200000000070e-01,7.593181499999999687e+03,1.468303799999999937e+00
1.800000000000000044e+00,6.145551799999999503e+02,-9.026745799999999917e+02,-8.875020200000000159e+02,2.089220600000000205e-01,7.593181499999999687e+03,1.468303799999999937e+00
1.850000000000000089e+00,6.138338999999999714e+02,-9.026423700000000281e+02,-8.874876199999999926e+02,8.987615100000001522e-02,7.593181499999999687e+03,1.468303799999999937e+00
1.899999999999999911e+00,5.945214700000000221e+02,-9.022501399999999876e+02,-8.875721899999999778e+02,5.286869200000000532e-03,7.593181499999999687e+03,1.468303799999999937e+00
1.949999999999999956e+00,6.199244800000000168e+02,-9.029282500000000482e+02,-8.876231299999999464e+02,7.206949100000001329e-02,7.593181499999999687e+03,1.468303799999999937e+00
2.000000000000000000e+00,5.858744699999999739e+02,-9.024323600000000170e+02,-8.879678900000000112e+02,-1.390192299999999936e-01,7.593181499999999687e+03,1.468303799999999937e+00
2.049999999999999822e+00,5.901879900000000134e+02,-9.032082000000000335e+02,-8.886372400000000198e+02,-5.901553300000000890e-02,7.593181499999999687e+03,1.468303799999999937e+00
2.100000000000000089e+00,5.688984000000000378e+02,-9.035241099999999506e+02,-8.894787599999999657e+02,2.886694399999999994e-01,7.593181499999999687e+03,1.468303799999999937e+00
2.149999999999999911e+00,5.441142899999999827e+02,-9.035435999999999694e+02,-8.901101300000000265e+02,-4.564513200000000492e-02,7.593181499999999687e+03,1.468303799999999937e+00
2.200000000000000178e+00,5.834425400000000081e+02,-9.047270300000000134e+02,-8.903225999999999658e+02,3.701803300000000574e-02,7.593181499999999687e+03,1.468303799999999937e+00
2.250000000000000000e+00,5.902666400000000522e+02,-9.048507799999999861e+02,-8.902778700000000072e+02,-1.431485400000000185e-01,7.593181499999999687e+03,1.468303799999999937e+00
2.299999999999999822e+00,5.732908700000000408e+02,-9.039034699999999702e+02,-8.897496700000000374e+02,-3.148494100000000240e-02,7.593181499999999687e+03,1.468303799999999937e+00
2.350000000000000089e+00,5.703840800000000399e+02,-9.023488399999999956e+02,-8.882668099999999640e+02,1.276658700000000146e-01,7.593181499999999687e+03,1.468303799999999937e+00
2.399999999999999911e+00,6.312282400000000280e+02,-9.027218199999999797e+02,-8.871376299999999446e+02,-1.580724099999999965e-01,7.593181499999999687e+03,1.468303799999999937e+00
2.450000000000000178e+00,6.515851800000000367e+02,-9.029917500000000246e+02,-8.869049700000000485e+02,1.243660800000000177e-01,7.593181499999999687e+03,1.468303799999999937e+00
2.500000000000000000e+00,6.057500900000000001e+02,-9.019731399999999439e+02,-8.870179600000000164e+02,-2.917798900000000487e-02,7.593181499999999687e+03,1.468303799999999937e+00
2.549999999999999822e+00,5.677670100000000275e+02,-9.011034799999999905e+02,-8.870860599999999749e+02,2.179375500000000077e-01,7.593181499999999687e+03,1.468303799999999937e+00
2.600000000000000089e+00,6.676458400000000211e+02,-9.035346100000000433e+02,-8.870513099999999440e+02,-1.656657099999999938e-01,7.593181499999999687e+03,1.468303799999999937e+00
2.649999999999999911e+00,6.284660499999999956e+02,-9.031748599999999669e+02,-8.876588600000000042e+02,1.583441100000000101e-01,7.593181499999999687e+03,1.468303799999999937e+00
2.700000000000000178e+00,5.348658299999999599e+02,-9.019488900000000058e+02,-8.887437599999999520e+02,-7.749777700000000380e-02,7.593181499999999687e+03,1.468303799999999937e+00
2.750000000000000000e+00,5.726051400000000058e+02,-9.033877099999999700e+02,-8.892508400000000393e+02,-3.071632500000000265e-02,7.593181499999999687e+03,1.468303799999999937e+00
2.799999999999999822e+00,5.775250899999999774e+02,-9.036650300000000016e+02,-8.894066900000000260e+02,6.530269700000000677e-02,7.593181499999999687e+03,1.468303799999999937e+00
2.850000000000000089e+00,5.587197499999999764e+02,-9.031186699999999519e+02,-8.893246100000000069e+02,1.820768099999999987e-02,7.593181499999999687e+03,1.468303799999999937e+00
2.899999999999999911e+00,6.202320499999999583e+02,-9.041163299999999481e+02,-8.888036100000000488e+02,-7.776715100000000484e-03,7.593181499999999687e+03,1.468303799999999937e+00
2.950000000000000178e+00,5.924414299999999685e+02,-9.025089600000000019e+02,-8.878823599999999487e+02,6.868895099999999809e-02,7.593181499999999687e+03,1.468303799999999937e+00
3.000000000000000000e+00,6.648493700000000217e+02,-9.025498700000000554e+02,-8.861356100000000424e+02,-1.043671800000000194e-03,7.593181499999999687e+03,1.468303799999999937e+00
3.049999999999999822e+00,6.336885600000000522e+02,-9.011228899999999840e+02,-8.854779499999999643e+02,-1.894305599999999978e-01,7.593181499999999687e+03,1.468303799999999937e+00
3.100000000000000089e+00,6.189019899999999552e+02,-9.008392999999999802e+02,-8.855594200000000455e+02,-3.283140100000000311e-02,7.593181499999999687e+03,1.468303799999999937e+00
3.149999999999999911e+00,6.653432199999999739e+02,-9.023836300000000392e+02,-8.859571799999999939e+02,-2.233779200000000076e-01,7.593181499999999687e+03,1.468303799999999937e+00
3.200000000000000178e+00,6.258513799999999492e+02,-9.023057800000000270e+02,-8.868543300000000045e+02,-6.372682200000000241e-03,7.593181499999999687e+03,1.468303799999999937e+00
3.250000000000000000e+00,5.966350400000000036e+02,-9.024827299999999468e+02,-8.877526000000000295e+02,-1.331988199999999956e-01,7.593181499999999687e+03,1.468303799999999937e+00
3.299999999999999822e+00,5.818927499999999782e+02,-9.026464499999999589e+02,-8.882802799999999479e+02,-1.314238500000000087e-01,7.593181499999999687e+03,1.468303799999999937e+00
3.350000000000000089e+00,5.588535500000000411e+02,-9.023297199999999521e+02,-8.885323600000000397e+02,-3.710184600000000082e-02,7.593181499999999687e+03,1.468303799999999937e+00
3.399999999999999911e+00,5.735966300000000047e+02,-9.027069699999999557e+02,-8.885456199999999853e+02,-2.689756300000000211e-01,7.593181499999999687e+03,1.468303799999999937e+00
3.450000000000000178e+00,5.682744699999999511e+02,-9.024238900000000285e+02,-8.883939400000000433e+02,6.635503099999999488e-02,7.593181499999999687e+03,1.468303799999999937e+00
3.500000000000000000e+00,5.588099600000000464e+02,-9.015447799999999461e+02,-8.877484899999999470e+02,-2.548697999999999797e-01,7.593181499999999687e+03,1.468303799999999937e+00
3.549999999999999822e+00,6.356592399999999543e+02,-9.022210900000000038e+02,-8.865275000000000318e+02,1.978040400000000143e-01,7.593181499999999687e+03,1.468303799999999937e+00
3.600000000000000089e+00,6.085315600000000131e+02,-9.011490400000000136e+02,-8.861251999999999498e+02,-3.250763400000000192e-01,7.593181499999999687e+03,1.468303799999999937e+00
3.649999999999999911e+00,5.771049400000000560e+02,-9.004042299999999841e+02,-8.861562699999999495e+02,2.901036599999999854e-01,7.593181499999999687e+03,1.468303799999999937e+00
3.700000000000000178e+00,6.336364800000000059e+02,-9.018750900000000001e+02,-8.862314400000000205e+02,-2.932454500000000186e-01,7.593181499999999687e+03,1.468303799999999937e+00
3.750000000000000000e+00,6.020756400000000212e+02,-9.015170699999999897e+02,-8.866526099999999815e+02,-1.310051599999999955e-02,7.593181499999999687e+03,1.468303799999999937e+00
3.799999999999999822e+00,6.037027299999999741e+02,-9.022534500000000435e+02,-8.873488200000000461e+02,-7.642382999999999815e-02,7.593181499999999687e+03,1.468303799999999937e+00
3.850000000000000089e+00,5.921517700000000559e+02,-9.026595499999999674e+02,-8.880401000000000522e+02,1.450957300000000130e-02,7.593181499999999687e+03,1.468303799999999937e+00
3.899999999999999911e+00,5.939592400000000225e+02,-9.031853700000000345e+02,-8.885212900000000218e+02,2.645308299999999963e-03,7.593181499999999687e+03,1.468303799999999937e+00
3.950000000000000178e+00,5.658849699999999530e+02,-9.028494399999999587e+02,-8.888784900000000562e+02,-2.719611499999999848e-01,7.593181499999999687e+03,1.468303799999999937e+00
4.000000000000000000e+00,5.942850300000000061e+02,-9.033956699999999955e+02,-8.887235500000000457e+02,4.682032199999999755e-02,7.593181499999999687e+03,1.468303799999999937e+00
4.049999999999999822e+00,5.953388999999999669e+02,-9.029465900000000147e+02,-8.882484500000000480e+02,5.987034599999999790e-02,7.593181499999999687e+03,1.468303799999999937e+00
4.099999999999999645e+00,6.095778000000000247e+02,-9.024513899999999467e+02,-8.874017199999999548e+02,2.133935500000000152e-01,7.593181499999999687e+03,1.468303799999999937e+00
4.150000000000000355e+00,6.440329600000000028e+02,-9.015138100000000350e+02,-8.856134799999999814e+02,1.174311400000000068e-02,7.593181499999999687e+03,1.468303799999999937e+00
4.200000000000000178e+00,6.721599599999999555e+02,-9.011418700000000399e+02,-8.845471199999999499e+02,1.294540000000000135e-01,7.593181499999999687e+03,1.468303799999999937e+00
4.250000000000000000e+00,6.022908899999999903e+02,-8.994406300000000556e+02,-8.845708600000000388e+02,-2.649677000000000282e-01,7.593181499999999687e+03,1.468303799999999937e+00
4.299999999999999822e+00,6.608317899999999554e+02,-9.011762099999999691e+02,-8.848611399999999776e+02,-4.843409700000000234e-02,7.593181499999999687e+03,1.468303799999999937e+00
4.349999999999999645e+00,6.097872599999999466e+02,-9.006243500000000495e+02,-8.855694999999999482e+02,3.116719199999999981e-02,7.593181499999999687e+03,1.468303799999999937e+00
4.400000000000000355e+00,6.348190799999999854e+02,-9.020155899999999747e+02,-8.863427400000000489e+02,3.254054100000000616e-02,7.593181499999999687e+03,1.468303799999999937e+00
4.450000000000000178e+00,5.925401799999999639e+02,-9.015774699999999484e+02,-8.869484300000000303e+02,-7.778118000000000531e-02,7.593181499999999687e+03,1.468303799999999937e+00
4.500000000000000000e+00,6.057541499999999814e+02,-9.022669499999999516e+02,-8.873116800000000239e+02,2.306387500000000104e-02,7.593181499999999687e+03,1.468303799999999937e+00
4.549999999999999822e+00,6.495284000000000333e+02,-9.037802400000000489e+02,-8.877442300000000159e+02,-2.132164699999999913e-02,7.593181499999999687e+03,1.468303799999999937e+00
4.599999999999999645e+00,5.417181900000000496e+02,-9.016073199999999588e+02,-8.882330100000000357e+02,-2.060540300000000269e-01,7.593181499999999687e+03,1.468303799999999937e+00
4.650000000000000355e+00,5.927643299999999726e+02,-9.027928600000000188e+02,-8.881582799999999907e+02,1.726984000000000019e-01,7.593181499999999687e+03,1.468303799999999937e+00
4.700000000000000178e+00,5.732866599999999835e+02,-9.022194600000000264e+02,-8.880657700000000432e+02,-3.462636700000000234e-01,7.593181499999999687e+03,1.468303799999999937e+00
4.750000000000000000e+00,6.142127600000000029e+02,-9.031304800000000341e+02,-8.879663799999999583e+02,3.209722200000000303e-01,7.593181499999999687e+03,1.468303799999999937e+00
4.799999999999999822e+00,5.784022099999999682e+02,-9.022303100000000313e+02,-8.879503200000000334e+02,-3.316689600000000127e-01,7.593181499999999687e+03,1.468303799999999937e+00
4.849999999999999645e+00,6.463124199999999746e+02,-9.037098399999999856e+02,-8.877532400000000052e+02,1.604264900000000049e-01,7.593181499999999687e+03,1.468303799999999937e+00
4.900000000000000355e+00,5.990184799999999541e+02,-9.025613299999999981e+02,-8.877723499999999603e+02,-5.125110899999999609e-02,7.593181499999999687e+03,1.468303799999999937e+00
4.950000000000000178e+00,5.760151499999999487e+02,-9.020125799999999572e+02,-8.877915299999999661e+02,-2.487764500000000378e-01,7.593181499999999687e+03,1.468303799999999937e+00
5.000000000000000000e+00,5.311201700000000301e+02,-9.007661500000000387e+02,-8.876534900000000334e+02,-4.100516200000000056e-01,7.593181499999999687e+03,1.468303799999999937e+00
5.049999999999999822e+00,5.942081799999999703e+02,-9.014320000000000164e+02,-8.867617800000000443e+02,1.100842100000000157e-01,7.593181499999999687e+03,1.468303799999999937e+00
5.099999999999999645e+00,6.567714499999999589e+02,-9.017097099999999728e+02,-8.854948900000000549e+02,3.376581300000000563e-02,7.593181499999999687e+03,1.468303799999999937e+00
5.150000000000000355e+00,6.014641800000000558e+02,-8.999009399999999914e+02,-8.850515699999999697e+02,-1.054301600000000054e-02,7.593181499999999687e+03,1.468303799999999937e+00
5.200000000000000178e+00,6.419506800000000339e+02,-9.010027000000000044e+02,-8.851537799999999834e+02,-2.800564900000000051e-03,7.593181499999999687e+03,1.468303799999999937e+00
5.250000000000000000e+00,6.281407699999999750e+02,-9.014047299999999723e+02,-8.858967599999999720e+02,5.295666300000000382e-01,7.593181499999999687e+03,1.468303799999999937e+00
5.299999999999999822e+00,6.099660499999999956e+02,-9.014774499999999762e+02,-8.864181899999999814e+02,-2.465089100000000255e-01,7.593181499999999687e+03,1.468303799999999937e+00
5.349999999999999645e+00,6.349784499999999525e+02,-9.024578699999999571e+02,-8.867810899999999492e+02,1.655994699999999986e-01,7.593181499999999687e+03,1.468303799999999937e+00
5.400000000000000355e+00,5.621091800000000376e+02,-9.010803700000000163e+02,-8.872026299999999992e+02,-1.487488499999999880e-01,7.593181499999999687e+03,1.468303799999999937e+00
5.450000000000000178e+00,5.820887999999999920e+02,-9.017847299999999677e+02,-8.874137200000000121e+02,4.298167300000000357e-01,7.593181499999999687e+03,1.468303799999999937e+00
5.500000000000000000e+00,6.064174600000000055e+02,-9.024572799999999688e+02,-8.874856300000000147e+02,-2.101505800000000035e-01,7.593181499999999687e+03,1.468303799999999937e+00
5.549999999999999822e+00,5.915281899999999951e+02,-9.020548000000000002e+02,-8.874507399999999961e+02,1.616797600000000057e-01,7.593181499999999687e+03,1.468303799999999937e+00
5.599999999999999645e+00,6.165067500000000109e+02,-9.021859600000000228e+02,-8.869652200000000448e+02,-1.208022200000000157e-01,7.593181499999999687e+03,1.468303799999999937e+00
5.650000000000000355e+00,6.096540400000000091e+02,-9.010117000000000189e+02,-8.859601400000000240e+02,1.179418200000000166e-01,7.593181499999999687e+03,1.468303799999999937e+00
5.700000000000000178e+00,7.100771300000000110e+02,-9.024248999999999796e+02,-8.848940300000000434e+02,-9.030321800000000454e-02,7.593181499999999687e+03,1.468303799999999937e+00
5.750000000000000000e+00,6.029601400000000240e+02,-8.997682999999999538e+02,-8.848819999999999482e+02,9.528564999999999952e-02,7.593181499999999687e+03,1.468303799999999937e+00
5.799999999999999822e+00,6.444142600000000130e+02,-9.011178099999999631e+02,-8.852080700000000206e+02,8.067943500000000767e-02,7.593181499999999687e+03,1.468303799999999937e+00
5.849999999999999645e+00,5.878649599999999964e+02,-9.003410300000000461e+02,-8.858274099999999862e+02,-4.639996699999999752e-01,7.593181499999999687e+03,1.468303799999999937e+00
5.900000000000000355e+00,6.353625799999999799e+02,-9.021041099999999915e+02,-8.864178399999999556e+02,4.667932600000000432e-01,7.593181499999999687e+03,1.468303799999999937e+00
5.950000000000000178e+00,5.820110200000000304e+02,-9.018784200000000055e+02,-8.875093299999999772e+02,-1.880787000000000153e-01,7.593181499999999687e+03,1.468303799999999937e+00
6.000000000000000000e+00,5.960843200000000479e+02,-9.028891800000000103e+02,-8.881726400000000012e+02,-4.125290699999999838e-02,7.593181499999999687e+03,1.468303799999999937e+00
6.049999999999999822e+00,6.032288399999999911e+02,-9.032424899999999752e+02,-8.883495599999999968e+02,1.349345299999999970e-01,7.593181499999999687e+03,1.468303799999999937e+00
6.099999999999999645e+00,5.430915899999999965e+02,-9.017772599999999557e+02,-8.883690400000000409e+02,-1.935910000000000131e-01,7.593181499999999687e+03,1.468303799999999937e+00
6.150000000000000355e+00,5.334960300000000188e+02,-9.010792800000000398e+02,-8.879079600000000028e+02,-1.030573799999999901e-01,7.593181499999999687e+03,1.468303799999999937e+00
6.200000000000000178e+00,6.099016500000000178e+02,-9.020008199999999761e+02,-8.869431499999999460e+02,-3.828586800000000068e-01,7.593181499999999687e+03,1.468303799999999937e+00
6.250000000000000000e+00,6.576931200000000217e+02,-9.026042499999999791e+02,-8.863666699999999992e+02,2.030964700000000012e-01,7.593181499999999687e+03,1.468303799999999937e+00
6.299999999999999822e+00,6.144278199999999970e+02,-9.016495499999999765e+02,-8.864801300000000310e+02,-2.389422900000000016e-01,7.593181499999999687e+03,1.468303799999999937e+00
6.349999999999999645e+00,6.395766899999999850e+02,-9.024980000000000473e+02,-8.867076899999999569e+02,1.204912600000000167e-01,7.593181499999999687e+03,1.468303799999999937e+00
6.400000000000000355e+00,5.899641299999999546e+02,-9.017142099999999800e+02,-8.871487700000000132e+02,-4.996615300000000620e-02,7.593181499999999687e+03,1.468303799999999937e+00
6.450000000000000178e+00,5.904198099999999840e+02,-9.023532000000000153e+02,-8.877765100000000302e+02,-1.527947000000000055e-01,7.593181499999999687e+03,1.468303799999999937e+00
6.500000000000000000e+00,5.652656799999999748e+02,-9.023921199999999772e+02,-8.884364500000000362e+02,3.735880400000000153e-03,7.593181499999999687e+03,1.468303799999999937e+00
6.549999999999999822e+00,6.104008000000000038e+02,-9.041052200000000312e+02,-8.890352299999999559e+02,3.746346100000000259e-03,7.593181499999999687e+03,1.468303799999999937e+00
6.599999999999999645e+00,5.122582800000000134e+02,-9.024828199999999470e+02,-8.898358299999999872e+02,-6.935157400000001304e-02,7.593181499999999687e+03,1.468303799999999937e+00
6.650000000000000355e+00,5.710598099999999704e+02,-9.043075800000000299e+02,-8.902088700000000472e+02,1.871834100000000223e-01,7.593181499999999687e+03,1.468303799999999937e+00
6.700000000000000178e+00,5.354281999999999471e+02,-9.033776900000000296e+02,-8.901586700000000292e+02,-1.228943400000000186e-01,7.593181499999999687e+03,1.468303799999999937e+00
6.750000000000000000e+00,5.631329799999999750e+02,-9.029721500000000560e+02,-8.890691299999999728e+02,1.743402900000000089e-01,7.593181499999999687e+03,1.468303799999999937e+00
6.799999999999999822e+00,6.202057600000000548e+02,-9.030450600000000350e+02,-8.877329999999999472e+02,-3.842962099999999823e-04,7.593181499999999687e+03,1.468303799999999937e+00
6.849999999999999645e+00,6.277491899999999987e+02,-9.027875099999999975e+02,-8.872892100000000255e+02,1.544989300000000065e-01,7.593181499999999687e+03,1.468303799999999937e+00
6.900000000000000355e+00,6.407231600000000071e+02,-9.031142200000000457e+02,-8.872956100000000106e+02,1.759446699999999975e-01,7.593181499999999687e+03,1.468303799999999937e+00
6.950000000000000178e+00,6.094063599999999497e+02,-9.026091400000000249e+02,-8.875637000000000398e+02,2.157927900000000121e-01,7.593181499999999687e+03,1.468303799999999937e+00
7.000000000000000000e+00,6.174555599999999913e+02,-9.030245800000000145e+02,-8.877804200000000492e+02,1.344172499999999985e-02,7.593181499999999687e+03,1.468303799999999937e+00
7.049999999999999822e+00,5.609091300000000047e+02,-9.019773000000000138e+02,-8.881291899999999941e+02,-1.603913500000000159e-01,7.593181499999999687e+03,1.468303799999999937e+00
7.099999999999999645e+00,5.755182300000000168e+02,-9.024731199999999944e+02,-8.882643299999999726e+02,2.629394400000000243e-01,7.593181499999999687e+03,1.468303799999999937e+00
7.150000000000000355e+00,5.964695100000000139e+02,-9.029037100000000464e+02,-8.881776599999999462e+02,-1.116043500000000049e-01,7.593181499999999687e+03,1.468303799999999937e+00
7.200000000000000178e+00,6.059017099999999800e+02,-9.030551400000000513e+02,-8.880962200000000166e+02,2.263220400000000299e-01,7.593181499999999687e+03,1.468303799999999937e+00
7.250000000000000000e+00,5.732434600000000273e+02,-9.020663200000000188e+02,-8.879136899999999741e+02,-4.571391000000000343e-02,7.593181499999999687e+03,1.468303799999999937e+00
7.299999999999999822e+00,5.714838700000000244e+02,-9.014322300000000041e+02,-8.873230399999999918e+02,-4.521681200000000206e-02,7.593181499999999687e+03,1.468303799999999937e+00
7.349999999999999645e+00,6.382015499999999975e+02,-9.021755000000000564e+02,-8.864191399999999703e+02,-8.157469400000000315e-02,7.593181499999999687e+03,1.468303799999999937e+00
7.400000000000000355e+00,6.005837199999999712e+02,-9.005019300000000158e+02,-8.856743000000000166e+02,-2.487032700000000318e-01,7.593181499999999687e+03,1.468303799999999937e+00
7.450000000000000178e+00,5.990977799999999434e+02,-8.998577299999999468e+02,-8.850667899999999690e+02,2.940635200000000227e-01,7.593181499999999687e+03,1.468303799999999937e+00
7.500000000000000000e+00,6.592141199999999799e+02,-9.010622100000000501e+02,-8.847870799999999463e+02,-7.520427200000000256e-02,7.593181499999999687e+03,1.468303799999999937e+00
7.549999999999999822e+00,6.359429000000000087e+02,-9.007760100000000421e+02,-8.850754100000000335e+02,1.934355399999999892e-01,7.593181499999999687e+03,1.468303799999999937e+00
7.599999999999999645e+00,5.997112100000000510e+02,-9.006858899999999721e+02,-8.858798100000000204e+02,9.106002100000000488e-02,7.593181499999999687e+03,1.468303799999999937e+00
7.650000000000000355e+00,5.971645099999999502e+02,-9.017799099999999726e+02,-8.870367099999999709e+02,-3.957613000000000103e-02,7.593181499999999687e+03,1.468303799999999937e+00
7.700000000000000178e+00,6.251431499999999915e+02,-9.035344099999999798e+02,-8.881004500000000235e+02,2.575586899999999790e-01,7.593181499999999687e+03,1.468303799999999937e+00
7.750000000000000000e+00,5.920174799999999777e+02,-9.030883400000000165e+02,-8.884722100000000182e+02,-8.569024500000001210e-02,7.593181499999999687e+03,1.468303799999999937e+00
7.799999999999999822e+00,5.645509299999999939e+02,-9.024449299999999994e+02,-8.885069099999999480e+02,1.553190600000000088e-01,7.593181499999999687e+03,1.468303799999999937e+00
7.849999999999999645e+00,6.010487799999999652e+02,-9.031485599999999749e+02,-8.883094499999999698e+02,-1.072613200000000072e-01,7.593181499999999687e+03,1.468303799999999937e+00
7.900000000000000355e+00,5.950862600000000384e+02,-9.028915200000000141e+02,-8.881996299999999565e+02,2.626689500000000121e-01,7.593181499999999687e+03,1.468303799999999937e+00
7.950000000000000178e+00,5.658726699999999710e+02,-9.020310899999999492e+02,-8.880604399999999714e+02,-1.237537900000000163e-01,7.593181499999999687e+03,1.468303799999999937e+00
8.000000000000000000e+00,5.889696400000000267e+02,-9.020634900000000016e+02,-8.875226099999999860e+02,2.402534799999999915e-01,7.593181499999999687e+03,1.468303799999999937e+00
8.050000000000000711e+00,6.436224499999999580e+02,-9.025734099999999671e+02,-8.866832200000000057e+02,-1.949112100000000014e-01,7.593181499999999687e+03,1.468303799999999937e+00
8.099999999999999645e+00,6.428762100000000146e+02,-9.018730000000000473e+02,-8.860012299999999641e+02,-1.799649300000000229e-02,7.593181499999999687e+03,1.468303799999999937e+00
8.150000000000000355e+00,6.724563299999999799e+02,-9.023627800000000434e+02,-8.857607199999999921e+02,2.502860199999999979e-01,7.593181499999999687e+03,1.468303799999999937e+00
8.199999999999999289e+00,6.368826999999999998e+02,-9.023658599999999979e+02,-8.866420600000000150e+02,-1.879820500000000116e-01,7.593181499999999687e+03,1.468303799999999937e+00
8.250000000000000000e+00,5.390983899999999949e+02,-9.015009999999999764e+02,-8.881913700000000063e+02,3.633582100000000148e-01,7.593181499999999687e+03,1.468303799999999937e+00
8.300000000000000711e+00,5.707109299999999621e+02,-9.028265900000000101e+02,-8.887364800000000287e+02,6.256362299999999876e-02,7.593181499999999687e+03,1.468303799999999937e+00
8.349999999999999645e+00,5.416526499999999942e+02,-9.022172399999999470e+02,-8.888445500000000266e+02,1.012112200000000045e-01,7.593181499999999687e+03,1.468303799999999937e+00
8.400000000000000355e+00,6.231082199999999602e+02,-9.040353300000000445e+02,-8.886516100000000051e+02,7.373767300000000358e-02,7.593181499999999687e+03,1.468303799999999937e+00
8.449999999999999289e+00,5.956304400000000214e+02,-9.032010900000000220e+02,-8.884957600000000184e+02,-1.666235899999999881e-01,7.593181499999999687e+03,1.468303799999999937e+00
8.500000000000000000e+00,6.017882499999999482e+02,-9.030505100000000311e+02,-8.881931399999999712e+02,4.962965400000000082e-01,7.593181499999999687e+03,1.468303799999999937e+00
8.550000000000000711e+00,6.024939399999999523e+02,-9.025261699999999792e+02,-8.876513899999999921e+02,2.512504800000000052e-02,7.593181499999999687e+03,1.468303799999999937e+00
8.599999999999999645e+00,6.159207599999999729e+02,-9.020363800000000083e+02,-8.868301000000000158e+02,6.670541400000000454e-02,7.593181499999999687e+03,1.468303799999999937e+00
8.650000000000000355e+00,6.960554600000000391e+02,-9.032396099999999706e+02,-8.860549099999999498e+02,-1.994137700000000180e-01,7.593181499999999687e+03,1.468303799999999937e+00
8.699999999999999289e+00,6.226225899999999456e+02,-9.014223299999999881e+02,-8.860506000000000313e+02,8.311640400000000484e-02,7.593181499999999687e+03,1.468303799999999937e+00
8.750000000000000000e+00,5.972558900000000222e+02,-9.016328999999999496e+02,-8.868874399999999696e+02,-1.375373700000000199e-02,7.593181499999999687e+03,1.468303799999999937e+00
8.800000000000000711e+00,6.007128999999999905e+02,-9.031953499999999622e+02,-8.883645400000000336e+02,-2.355948600000000101e-02,7.593181499999999687e+03,1.468303799999999937e+00
8.849999999999999645e+00,5.707149500000000444e+02,-9.033301800000000412e+02,-8.892399799999999459e+02,1.110438700000000072e-04,7.593181499999999687e+03,1.468303799999999937e+00
8.900000000000000355e+00,5.742956100000000106e+02,-9.034763500000000249e+02,-8.892977499999999509e+02,1.525024500000000116e-01,7.593181499999999687e+03,1.468303799999999937e+00
8.949999999999999289e+00,6.094254600000000437e+02,-9.041627999999999474e+02,-8.891168800000000374e+02,5.282972600000000740e-02,7.593181499999999687e+03,1.468303799999999937e+00
9.000000000000000000e+00,5.692083499999999958e+02,-9.029275699999999460e+02,-8.888745599999999740e+02,3.112785400000000341e-02,7.593181499999999687e+03,1.468303799999999937e+00
9.050000000000000711e+00,5.797200500000000147e+02,-9.024305699999999888e+02,-8.881180399999999509e+02,-2.135582600000000275e-01,7.593181499999999687e+03,1.468303799999999937e+00
9.099999999999999645e+00,6.698687999999999647e+02,-9.037712800000000470e+02,-8.872331000000000358e+02,2.520223800000000458e-01,7.593181499999999687e+03,1.468303799999999937e+00
9.150000000000000355e+00,6.640551299999999628e+02,-9.035064099999999598e+02,-8.871117600000000039e+02,2.461208200000000387e-03,7.593181499999999687e+03,1.468303799999999937e+00
9.199999999999999289e+00,6.009833099999999604e+02,-9.022891200000000254e+02,-8.874516300000000228e+02,2.096422799999999864e-01,7.593181499999999687e+03,1.468303799999999937e+00
9.250000000000000000e+00,6.191275500000000420e+02,-9.031660699999999906e+02,-8.878806200000000217e+02,1.892970600000000170e-01,7.593181499999999687e+03,1.468303799999999937e+00
9.300000000000000711e+00,5.928321200000000317e+02,-9.030902800000000070e+02,-8.884540299999999888e+02,-6.997788300000000461e-02,7.593181499999999687e+03,1.468303799999999937e+00
9.349999999999999645e+00,5.488405699999999570e+02,-9.022291500000000042e+02,-8.886789899999999989e+02,-4.153156300000000051e-02,7.593181499999999687e+03,1.468303799999999937e+00
9.400000000000000355e+00,6.090370799999999463e+02,-9.035802800000000161e+02,-8.885439499999999953e+02,-2.490771800000000091e-01,7.593181499999999687e+03,1.468303799999999937e+00
9.449999999999999289e+00,5.638597700000000259e+02,-9.023407200000000330e+02,-8.884197599999999966e+02,-3.385681499999999844e-02,7.593181499999999687e+03,1.468303799999999937e+00
9.500000000000000000e+00,6.151197600000000421e+02,-9.032372199999999793e+02,-8.880507199999999557e+02,-9.966658700000001481e-02,7.593181499999999687e+03,1.468303799999999937e+00
9.550000000000000711e+00,5.744133399999999483e+02,-9.020092600000000402e+02,-8.878277500000000373e+02,2.841133300000000389e-02,7.593181499999999687e+03,1.468303799999999937e+00
9.599999999999999645e+00,5.919516399999999976e+02,-9.023340299999999843e+02,-8.877195199999999886e+02,5.700368499999999838e-02,7.593181499999999687e+03,1.468303799999999937e+00
9.650000000000000355e+00,5.799480700000000297e+02,-9.020579099999999926e+02,-8.877397499999999582e+02,8.676675100000000307e-02,7.593181499999999687e+03,1.468303799999999937e+00
9.699999999999999289e+00,6.519996499999999742e+02,-9.037006900000000087e+02,-8.876036800000000540e+02,7.711576300000000384e-02,7.593181499999999687e+03,1.468303799999999937e+00
9.750000000000000000e+00,5.861003500000000486e+02,-9.022967899999999872e+02,-8.878267399999999725e+02,-2.381208200000000108e-01,7.593181499999999687e+03,1.468303799999999937e+00
9.800000000000000711e+00,6.081505700000000161e+02,-9.031048799999999801e+02,-8.880904399999999441e+02,6.763838899999999321e-02,7.593181499999999687e+03,1.468303799999999937e+00
9.849999999999999645e+00,6.150145400000000109e+02,-9.036099799999999505e+02,-8.884260799999999563e+02,-2.551011900000000332e-01,7.593181499999999687e+03,1.468303799999999937e+00
9.900000000000000355e+00,5.550366900000000214e+02,-9.026541499999999587e+02,-8.889510199999999713e+02,1.074795300000000037e-01,7.593181499999999687e+03,1.468303799999999937e+00
9.949999999999999289e+00,5.686462199999999712e+02,-9.032303799999999683e+02,-8.891912499999999682e+02,-5.460867399999999594e-02,7.593181499999999687e+03,1.468303799999999937e+00
1.000000000000000000e+01,5.982850600000000441e+02,-9.037173199999999724e+02,-8.889464500000000271e+02,1.695253899999999980e-01,7.593181499999999687e+03,1.468303799999999937e+00
1.005000000000000071e+01,5.755536600000000362e+02,-9.024226899999999887e+02,-8.882130300000000034e+02,2.323946300000000187e-01,7.593181499999999687e+03,1.468303799999999937e+00
1.009999999999999964e+01,6.170843099999999595e+02,-9.022949099999999589e+02,-8.870598999999999705e+02,-1.318262600000000007e-01,7.593181499999999687e+03,1.468303799999999937e+00
1.015000000000000036e+01,6.209606099999999742e+02,-9.018345000000000482e+02,-8.865037999999999556e+02,3.202434900000000195e-01,7.593181499999999687e+03,1.468303799999999937e+00
1.019999999999999929e+01,6.609219399999999496e+02,-9.028834799999999632e+02,-8.865661900000000060e+02,-7.084853400000000467e-02,7.593181499999999687e+03,1.468303799999999937e+00
1.025000000000000000e+01,6.191498599999999897e+02,-9.024417700000000195e+02,-8.871557699999999613e+02,3.327810500000000227e-01,7.593181499999999687e+03,1.468303799999999937e+00
1.030000000000000071e+01,6.107761400000000549e+02,-9.030089199999999892e+02,-8.879296600000000126e+02,-1.482493099999999953e-01,7.593181499999999687e+03,1.468303799999999937e+00
1.034999999999999964e+01,5.572248299999999972e+02,-9.020839600000000473e+02,-8.883268100000000231e+02,-1.268612500000000087e-01,7.593181499999999687e+03,1.468303799999999937e+00
1.040000000000000036e+01,6.317593600000000151e+02,-9.038788100000000441e+02,-8.882815000000000509e+02,2.533551199999999892e-01,7.593181499999999687e+03,1.468303799999999937e+00
1.044999999999999929e+01,6.133385700000000043e+02,-9.035038899999999558e+02,-8.883613599999999906e+02,2.107723800000000161e-02,7.593181499999999687e+03,1.468303799999999937e+00
1.050000000000000000e+01,5.861298299999999699e+02,-9.028220499999999902e+02,-8.883512799999999743e+02,-2.362773200000000129e-01,7.593181499999999687e+03,1.468303799999999937e+00
1.055000000000000071e+01,6.262208100000000286e+02,-9.035543300000000499e+02,-8.880937599999999748e+02,6.644687999999999983e-02,7.593181499999999687e+03,1.468303799999999937e+00
1.059999999999999964e+01,6.188987899999999627e+02,-9.032867800000000216e+02,-8.880069799999999987e+02,-9.558511700000001110e-02,7.593181499999999687e+03,1.468303799999999937e+00
1.065000000000000036e+01,6.279930000000000518e+02,-9.034504100000000335e+02,-8.879460900000000265e+02,-1.677548299999999937e-01,7.593181499999999687e+03,1.468303799999999937e+00
1.069999999999999929e+01,5.951193700000000035e+02,-9.028006599999999935e+02,-8.881079499999999598e+02,-2.986512499999999792e-01,7.593181499999999687e+03,1.468303799999999937e+00
1.075000000000000000e+01,6.105688800000000356e+02,-9.033773200000000543e+02,-8.883031799999999976e+02,-5.372641499999999959e-02,7.593181499999999687e+03,1.468303799999999937e+00
1.080000000000000071e+01,5.847515100000000530e+02,-9.027332999999999856e+02,-8.882965500000000247e+02,-7.989286600000000682e-02,7.593181499999999687e+03,1.468303799999999937e+00
1.084999999999999964e+01,6.056366500000000315e+02,-9.028415599999999586e+02,-8.878891899999999850e+02,-2.192794700000000041e-01,7.593181499999999687e+03,1.468303799999999937e+00
1.090000000000000036e+01,6.260945799999999508e+02,-9.026183899999999767e+02,-8.871609399999999823e+02,-7.204794100000000423e-02,7.593181499999999687e+03,1.468303799999999937e+00
1.094999999999999929e+01,6.268495000000000346e+02,-9.019993500000000495e+02,-8.865232600000000502e+02,-2.487577600000000222e-01,7.593181499999999687e+03,1.468303799999999937e+00
1.100000000000000000e+01,6.197703000000000202e+02,-9.014107800000000452e+02,-8.861094699999999875e+02,-4.885132500000000794e-02,7.593181499999999687e+03,1.468303799999999937e+00
1.105000000000000071e+01,6.725684499999999844e+02,-9.024321400000000040e+02,-8.858273100000000113e+02,-3.281153900000000068e-02,7.593181499999999687e+03,1.468303799999999937e+00
1.109999999999999964e+01,6.751927899999999454e+02,-9.031037499999999909e+02,-8.864341299999999819e+02,9.609294399999999958e-02,7.593181499999999687e+03,1.468303799999999937e+00
1.115000000000000036e+01,5.903717199999999821e+02,-9.025469600000000128e+02,-8.879714599999999791e+02,-5.532053900000000191e-02,7.593181499999999687e+03,1.468303799999999937e+00
1.119999999999999929e+01,5.778052300000000514e+02,-9.029074900000000525e+02,-8.886422400000000152e+02,1.110842600000000041e-01,7.593181499999999687e+03,1.468303799999999937e+00
1.125000000000000000e+01,5.384088500000000295e+02,-9.019981299999999464e+02,-8.887055199999999786e+02,2.406078900000000256e-02,7.593181499999999687e+03,1.468303799999999937e+00
1.130000000000000071e+01,6.058407099999999446e+02,-9.032101199999999608e+02,-8.882527099999999791e+02,-3.633890200000000070e-01,7.593181499999999687e+03,1.468303799999999937e+00
1.134999999999999964e+01,5.965479699999999639e+02,-9.023830299999999625e+02,-8.876550399999999854e+02,-4.783013800000000121e-02,7.593181499999999687e+03,1.468303799999999937e+00
1.140000000000000036e+01,5.709017000000000053e+02,-9.012717300000000478e+02,-8.871769199999999955e+02,-2.147293400000000185e-01,7.593181499999999687e+03,1.468303799999999937e+00
1.144999999999999929e+01,6.054886000000000195e+02,-9.015710599999999886e+02,-8.866223499999999831e+02,1.133748100000000064e-01,7.593181499999999687e+03,1.468303799999999937e+00
1.150000000000000000e+01,6.234486699999999928e+02,-9.015861300000000256e+02,-8.861939999999999600e+02,-6.832132300000000324e-02,7.593181499999999687e+03,1.468303799999999937e+00
1.155000000000000071e+01,6.365411400000000413e+02,-9.016874400000000378e+02,-8.859720700000000306e+02,4.624998600000000681e-02,7.593181499999999687e+03,1.468303799999999937e+00
1.159999999999999964e+01,6.395425800000000436e+02,-9.018356899999999996e+02,-8.860462199999999484e+02,2.532676300000000214e-02,7.593181499999999687e+03,1.468303799999999937e+00
1.165000000000000036e+01,5.689953799999999546e+02,-9.010059300000000349e+02,-8.869581799999999703e+02,-1.665028199999999958e-01,7.593181499999999687e+03,1.468303799999999937e+00
1.169999999999999929e+01,5.857243399999999838e+02,-9.023514300000000503e+02,-8.878906700000000001e+02,3.019490600000000313e-03,7.593181499999999687e+03,1.468303799999999937e+00
1.175000000000000000e+01,5.742848699999999553e+02,-9.025210799999999836e+02,-8.883427400000000489e+02,-3.116265200000000180e-01,7.593181499999999687e+03,1.468303799999999937e+00
1.180000000000000071e+01,6.083524999999999636e+02,-9.034023600000000442e+02,-8.883829399999999623e+02,2.449907800000000191e-01,7.593181499999999687e+03,1.468303799999999937e+00
1.184999999999999964e+01,5.694169399999999541e+02,-9.023942600000000311e+02,-8.883360999999999876e+02,-3.564115700000000109e-01,7.593181499999999687e+03,1.468303799999999937e+00
1.190000000000000036e+01,5.754764599999999746e+02,-9.021208599999999933e+02,-8.879130999999999858e+02,2.320494700000000354e-01,7.593181499999999687e+03,1.468303799999999937e+00
1.194999999999999929e+01,5.622485400000000482e+02,-9.008152599999999666e+02,-8.869340899999999692e+02,1.632969700000000135e-01,7.593181499999999687e+03,1.468303799999999937e+00
1.200000000000000000e+01,6.254022800000000188e+02,-9.012600099999999657e+02,-8.858196500000000242e+02,-1.095653300000000024e-01,7.593181499999999687e+03,1.468303799999999937e+00
1.205000000000000071e+01,6.231747400000000425e+02,-9.010164300000000139e+02,-8.856310600000000477e+02,1.556855099999999992e-01,7.593181499999999687e+03,1.468303799999999937e+00
1.209999999999999964e+01,6.091766300000000456e+02,-9.009107500000000073e+02,-8.858709800000000314e+02,2.068379500000000204e-01,7.593181499999999687e+03,1.468303799999999937e+00
1.215000000000000036e+01,6.577184300000000121e+02,-9.024952200000000175e+02,-8.862570100000000366e+02,2.507077699999999965e-01,7.593181499999999687e+03,1.468303799999999937e+00
1.219999999999999929e+01,5.791770800000000463e+02,-9.012246499999999969e+02,-8.869255299999999806e+02,1.626491600000000148e-01,7.593181499999999687e+03,1.468303799999999937e+00
1.225000000000000000e+01,5.516890700000000152e+02,-9.009826000000000477e+02,-8.873621200000000044e+02,-1.315722800000000137e-01,7.593181499999999687e+03,1.468303799999999937e+00
1.230000000000000071e+01,6.198998699999999644e+02,-9.026731499999999642e+02,-8.873686300000000529e+02,-1.601474500000000245e-01,7.593181499999999687e+03,1.468303799999999937e+00
1.234999999999999964e+01,6.012919299999999794e+02,-9.022311600000000453e+02,-8.873860499999999547e+02,2.805830899999999795e-01,7.593181499999999687e+03,1.468303799999999937e+00
1.240000000000000036e+01,6.645167699999999513e+02,-9.038802500000000464e+02,-8.874741999999999962e+02,8.938839799999999391e-02,7.593181499999999687e+03,1.468303799999999937e+00
1.244999999999999929e+01,5.725689999999999600e+02,-9.020350899999999683e+02,-8.878991200000000390e+02,-4.401836099999999891e-02,7.593181499999999687e+03,1.468303799999999937e+00
1.250000000000000000e+01,6.147430500000000393e+02,-9.033019699999999830e+02,-8.881247700000000123e+02,-1.725252400000000241e-01,7.593181499999999687e+03,1.468303799999999937e+00
1.255000000000000071e+01,5.828787999999999556e+02,-9.026004599999999982e+02,-8.882099500000000489e+02,-5.292763100000000276e-04,7.593181499999999687e+03,1.468303799999999937e+00
1.259999999999999964e+01,5.675179600000000164e+02,-9.020689200000000483e+02,-8.880576499999999669e+02,-1.066975400000000074e-01,7.593181499999999687e+03,1.468303799999999937e+00
1.265000000000000036e+01,6.277791099999999460e+02,-9.029518299999999726e+02,-8.874527900000000500e+02,-1.630352100000000137e-01,7.593181499999999687e+03,1.468303799999999937e+00
1.269999999999999929e+01,6.442664399999999887e+02,-9.025166600000000017e+02,-8.866105700000000525e+02,1.773796800000000118e-01,7.593181499999999687e+03,1.468303799999999937e+00
1.275000000000000000e+01,6.627128400000000283e+02,-9.024134500000000116e+02,-8.860519399999999450e+02,5.937968700000000738e-02,7.593181499999999687e+03,1.468303799999999937e+00
1.280000000000000071e+01,6.624432100000000219e+02,-9.024865399999999909e+02,-8.861316799999999603e+02,3.016874999999999973e-01,7.593181499999999687e+03,1.468303799999999937e+00
1.284999999999999964e+01,5.631581999999999653e+02,-9.006817399999999907e+02,-8.867780999999999949e+02,-1.417981399999999892e-01,7.593181499999999687e+03,1.468303799999999937e+00
1.290000000000000036e+01,5.758884100000000217e+02,-9.014831100000000106e+02,-8.872651799999999866e+02,8.060049900000000600e-02,7.593181499999999687e+03,1.468303799999999937e+00
1.294999999999999929e+01,5.960017000000000280e+02,-9.022001699999999573e+02,-8.874856700000000274e+02,-3.632766000000000051e-01,7.593181499999999687e+03,1.468303799999999937e+00
1.300000000000000000e+01,5.760109200000000556e+02,-9.017859899999999698e+02,-8.875650399999999536e+02,5.631841700000000256e-02,7.593181499999999687e+03,1.468303799999999937e+00
1.305000000000000071e+01,5.832633299999999963e+02,-9.017544400000000451e+02,-8.873544299999999794e+02,-1.423095000000000263e-02,7.593181499999999687e+03,1.468303799999999937e+00
1.309999999999999964e+01,6.235945900000000393e+02,-9.020267199999999548e+02,-8.866309899999999971e+02,3.569533100000000375e-02,7.593181499999999687e+03,1.468303799999999937e+00
1.315000000000000036e+01,6.111695899999999710e+02,-9.009989000000000487e+02,-8.859099200000000565e+02,4.703236499999999959e-02,7.593181499999999687e+03,1.468303799999999937e+00
1.319999999999999929e+01,6.094754900000000362e+02,-9.003200399999999490e+02,-8.852728899999999612e+02,3.371636700000000403e-02,7.593181499999999687e+03,1.468303799999999937e+00
1.325000000000000000e+01,6.894733400000000074e+02,-9.017647399999999607e+02,-8.847425399999999627e+02,2.514231400000000449e-01,7.593181499999999687e+03,1.468303799999999937e+00
1.330000000000000071e+01,5.945325699999999642e+02,-8.995402699999999641e+02,-8.848620499999999538e+02,5.408216200000001000e-02,7.593181499999999687e+03,1.468303799999999937e+00
1.334999999999999964e+01,7.030927100000000110e+02,-9.025766999999999598e+02,-8.852182599999999866e+02,-1.784479300000000046e-01,7.593181499999999687e+03,1.468303799999999937e+00
1.340000000000000036e+01,6.221051599999999553e+02,-9.021209400000000187e+02,-8.867619799999999941e+02,2.465532299999999843e-01,7.593181499999999687e+03,1.468303799999999937e+00
1.344999999999999929e+01,5.844119600000000219e+02,-9.022520500000000538e+02,-8.878236900000000560e+02,-1.245447799999999938e-01,7.593181499999999687e+03,1.468303799999999937e+00
1.350000000000000000e+01,6.520643800000000283e+02,-9.043473500000000058e+02,-8.882487399999999980e+02,1.828957100000000169e-01,7.593181499999999687e+03,1.468303799999999937e+00
1.355000000000000071e+01,5.575073700000000372e+02,-9.024719599999999673e+02,-8.887078400000000329e+02,-1.837956000000000312e-02,7.593181499999999687e+03,1.468303799999999937e+00
1.359999999999999964e+01,5.726191700000000537e+02,-9.028004600000000437e+02,-8.886632499999999482e+02,1.718349899999999930e-01,7.593181499999999687e+03,1.468303799999999937e+00
1.365000000000000036e+01,6.232264800000000378e+02,-9.035864199999999755e+02,-8.881997800000000325e+02,8.355976500000000806e-02,7.593181499999999687e+03,1.468303799999999937e+00
1.369999999999999929e+01,5.882459700000000566e+02,-9.023597899999999754e+02,-8.878367700000000013e+02,3.701084600000000280e-01,7.593181499999999687e+03,1.468303799999999937e+00
1.375000000000000000e+01,6.153526500000000397e+02,-9.025233799999999746e+02,-8.873311300000000301e+02,-1.473902700000000177e-01,7.593181499999999687e+03,1.468303799999999937e+00
1.380000000000000071e+01,6.253780799999999545e+02,-9.019142100000000255e+02,-8.864744500000000471e+02,1.307079200000000052e-01,7.593181499999999687e+03,1.468303799999999937e+00
1.384999999999999964e+01,6.712174899999999980e+02,-9.020857499999999618e+02,-8.855142700000000104e+02,-3.056015899999999785e-01,7.593181499999999687e+03,1.468303799999999937e+00
1.390000000000000036e+01,5.803703900000000431e+02,-8.994051299999999856e+02,-8.850765400000000227e+02,2.943080800000000274e-01,7.593181499999999687e+03,1.468303799999999937e+00
1.394999999999999929e+01,6.269411499999999933e+02,-9.000468200000000252e+02,-8.845684700000000475e+02,-2.415868100000000129e-01,7.593181499999999687e+03,1.468303799999999937e+00
1.400000000000000000e+01,6.434000700000000279e+02,-8.999990099999999984e+02,-8.841142999999999574e+02,-1.965329199999999998e-01,7.593181499999999687e+03,1.468303799999999937e+00
1.405000000000000071e+01,6.260646000000000413e+02,-8.991864000000000487e+02,-8.837296900000000051e+02,3.061584800000000106e-02,7.593181499999999687e+03,1.468303799999999937e+00
1.409999999999999964e+01,6.222923899999999549e+02,-8.991438299999999799e+02,-8.837802500000000236e+02,-1.645169900000000296e-01,7.593181499999999687e+03,1.468303799999999937e+00
1.415000000000000036e+01,6.652380000000000564e+02,-9.009259499999999434e+02,-8.845020899999999529e+02,5.582722200000000967e-01,7.593181499999999687e+03,1.468303799999999937e+00
1.419999999999999929e+01,6.228726000000000340e+02,-9.014153000000000020e+02,-8.860374000000000478e+02,-2.263993700000000164e-01,7.593181499999999687e+03,1.468303799999999937e+00
1.425000000000000000e+01,6.160114499999999680e+02,-9.022641099999999597e+02,-8.870555900000000520e+02,-8.660043299999999750e-03,7.593181499999999687e+03,1.468303799999999937e+00
1.430000000000000071e+01,6.429737999999999829e+02,-9.035874199999999519e+02,-8.877132400000000416e+02,1.351001800000000141e-01,7.593181499999999687e+03,1.468303799999999937e+00
1.434999999999999964e+01,5.639089199999999664e+02,-9.023158300000000054e+02,-8.883936599999999544e+02,1.367094500000000101e-01,7.593181499999999687e+03,1.468303799999999937e+00
1.440000000000000036e+01,5.183426100000000361e+02,-9.013175700000000461e+02,-8.885203699999999571e+02,-2.606081700000000279e-01,7.593181499999999687e+03,1.468303799999999937e+00
1.444999999999999929e+01,5.830730600000000550e+02,-9.021915699999999561e+02,-8.877962700000000495e+02,2.720118200000000153e-01,7.593181499999999687e+03,1.468303799999999937e+00
1.450000000000000000e+01,5.879380499999999756e+02,-9.014470199999999522e+02,-8.869316099999999778e+02,-2.081726000000000132e-01,7.593181499999999687e+03,1.468303799999999937e+00
1.455000000000000071e+01,6.434257999999999811e+02,-9.022005799999999454e+02,-8.863152400000000171e+02,3.295185600000000159e-02,7.593181499999999687e+03,1.468303799999999937e+00
1.459999999999999964e+01,6.640381899999999860e+02,-9.026128999999999678e+02,-8.862186699999999746e+02,-1.802962500000000051e-02,7.593181499999999687e+03,1.468303799999999937e+00
1.465000000000000036e+01,5.832315999999999576e+02,-9.009475099999999657e+02,-8.865482899999999518e+02,-9.879910499999999818e-02,7.593181499999999687e+03,1.468303799999999937e+00
1.469999999999999929e+01,6.373943299999999681e+02,-9.024733499999999822e+02,-8.867369300000000294e+02,-2.938648500000000108e-01,7.593181499999999687e+03,1.468303799999999937e+00
1.475000000000000000e+01,5.743264000000000351e+02,-9.014124399999999468e+02,-8.872330799999999726e+02,2.451989799999999831e-01,7.593181499999999687e+03,1.468303799999999937e+00
1.480000000000000071e+01,5.526114499999999907e+02,-9.013358600000000251e+02,-8.876926099999999451e+02,-1.069507400000000025e-01,7.593181499999999687e+03,1.468303799999999937e+00
1.484999999999999964e+01,5.873135600000000522e+02,-9.023702299999999923e+02,-8.878702299999999923e+02,-2.469156500000000143e-01,7.593181499999999687e+03,1.468303799999999937e+00
1.490000000000000036e+01,5.693197400000000243e+02,-9.017328700000000481e+02,-8.876771099999999706e+02,-7.247038999999999564e-02,7.593181499999999687e+03,1.468303799999999937e+00
1.494999999999999929e+01,5.721778900000000476e+02,-9.010725200000000541e+02,-8.869461999999999762e+02,-2.263239300000000342e-01,7.593181499999999687e+03,1.468303799999999937e+00
1.500000000000000000e+01,6.228839199999999892e+02,-9.013718499999999949e+02,-8.859936699999999519e+02,1.898194500000000284e-01,7.593181499999999687e+03,1.468303799999999937e+00
1.505000000000000071e+01,6.302011599999999589e+02,-9.009582799999999452e+02,-8.853994500000000016e+02,1.057482700000000053e-01,7.593181499999999687e+03,1.468303799999999937e+00
1.509999999999999964e+01,5.930820300000000316e+02,-9.000959900000000289e+02,-8.854535700000000134e+02,6.870806000000000135e-02,7.593181499999999687e+03,1.468303799999999937e+00
1.515000000000000036e+01,6.220109400000000051e+02,-9.011535699999999451e+02,-8.857969299999999748e+02,3.299249699999999841e-01,7.593181499999999687e+03,1.468303799999999937e+00
1.519999999999999929e+01,5.826795600000000377e+02,-9.006862399999999980e+02,-8.863006400000000440e+02,-3.330300900000000563e-01,7.593181499999999687e+03,1.468303799999999937e+00
1.525000000000000000e+01,5.804867400000000544e+02,-9.012385699999999815e+02,-8.869071199999999635e+02,1.261983600000000094e-01,7.593181499999999687e+03,1.468303799999999937e+00
1.530000000000000071e+01,5.233772999999999911e+02,-9.004535600000000386e+02,-8.875320600000000013e+02,-3.284962399999999949e-01,7.593181499999999687e+03,1.468303799999999937e+00
1.534999999999999964e+01,5.649267599999999447e+02,-9.016762300000000323e+02,-8.877289299999999912e+02,-1.279596500000000081e-01,7.593181499999999687e+03,1.468303799999999937e+00
1.540000000000000036e+01,6.023378900000000158e+02,-9.023603699999999890e+02,-8.874894399999999450e+02,-5.964782900000000637e-02,7.593181499999999687e+03,1.468303799999999937e+00
1.544999999999999929e+01,5.610371800000000349e+02,-9.005799299999999903e+02,-8.867286599999999908e+02,5.859118000000000832e-03,7.593181499999999687e+03,1.468303799999999937e+00
1.550000000000000000e+01,6.452906699999999773e+02,-9.013994400000000269e+02,-8.854680600000000368e+02,1.412396900000000011e-01,7.593181499999999687e+03,1.468303799999999937e+00
1.555000000000000071e+01,6.136974900000000162e+02,-9.000020600000000286e+02,-8.848506800000000112e+02,-3.826142800000000010e-02,7.593181499999999687e+03,1.468303799999999937e+00
1.559999999999999964e+01,6.665821999999999434e+02,-9.011937599999999975e+02,-8.847367199999999912e+02,2.738935500000000065e-02,7.593181499999999687e+03,1.468303799999999937e+00
1.565000000000000036e+01,6.427151300000000447e+02,-9.010503999999999678e+02,-8.851825999999999794e+02,-8.255362400000000600e-02,7.593181499999999687e+03,1.468303799999999937e+00
1.569999999999999929e+01,5.649211299999999483e+02,-8.999698799999999892e+02,-8.860227200000000494e+02,9.367593500000000184e-02,7.593181499999999687e+03,1.468303799999999937e+00
1.575000000000000000e+01,5.425529800000000478e+02,-9.000872600000000148e+02,-8.866923399999999447e+02,8.473163899999999749e-02,7.593181499999999687e+03,1.468303799999999937e+00
1.580000000000000071e+01,5.631975599999999531e+02,-9.007814700000000130e+02,-8.868768599999999651e+02,-8.443047600000000430e-02,7.593181499999999687e+03,1.468303799999999937e+00
1.584999999999999964e+01,6.198596900000000005e+02,-9.019464199999999892e+02,-8.866429000000000542e+02,-4.835020500000000027e-02,7.593181499999999687e+03,1.468303799999999937e+00
1.590000000000000036e+01,6.076552799999999479e+02,-9.014320800000000418e+02,-8.864298700000000508e+02,3.377241900000000352e-01,7.593181499999999687e+03,1.468303799999999937e+00
1.594999999999999929e+01,6.138640799999999444e+02,-9.015687500000000227e+02,-8.864132499999999482e+02,-2.366643599999999903e-01,7.593181499999999687e+03,1.468303799999999937e+00
1.600000000000000000e+01,6.162374999999999545e+02,-9.015412999999999784e+02,-8.863272100000000364e+02,2.425035800000000241e-01,7.593181499999999687e+03,1.468303799999999937e+00
1.605000000000000071e+01,5.729393700000000536e+02,-9.003156599999999798e+02,-8.861705399999999599e+02,-2.806402500000000355e-01,7.593181499999999687e+03,1.468303799999999937e+00
1.610000000000000142e+01,5.757652900000000500e+02,-8.998249899999999570e+02,-8.856100999999999885e+02,-1.663061999999999874e-01,7.593181499999999687e+03,1.468303799999999937e+00
1.614999999999999858e+01,6.861976799999999912e+02,-9.017443100000000413e+02,-8.848029900000000225e+02,2.206138200000000091e-02,7.593181499999999687e+03,1.468303799999999937e+00
1.619999999999999929e+01,6.214525200000000495e+02,-9.000819500000000062e+02,-8.847391000000000076e+02,-1.836869199999999896e-02,7.593181499999999687e+03,1.468303799999999937e+00
1.625000000000000000e+01,6.707934099999999944e+02,-9.019679300000000239e+02,-8.854069200000000137e+02,2.451620500000000202e-01,7.593181499999999687e+03,1.468303799999999937e+00
1.630000000000000071e+01,6.006435400000000300e+02,-9.016678500000000440e+02,-8.868387500000000045e+02,-2.139454400000000145e-01,7.593181499999999687e+03,1.468303799999999937e+00
1.635000000000000142e+01,5.951965699999999515e+02,-9.022336699999999610e+02,-8.875390499999999747e+02,1.016778000000000126e-01,7.593181499999999687e+03,1.468303799999999937e+00
1.639999999999999858e+01,5.692594000000000278e+02,-9.017811699999999746e+02,-8.877269000000000005e+02,-1.081445099999999993e-01,7.593181499999999687e+03,1.468303799999999937e+00
1.644999999999999929e+01,5.606402299999999741e+02,-9.013544500000000426e+02,-8.875129799999999705e+02,-2.932213800000000314e-01,7.593181499999999687e+03,1.468303799999999937e+00
1.650000000000000000e+01,5.535000700000000506e+02,-9.003686199999999644e+02,-8.867034300000000258e+02,2.113442300000000218e-01,7.593181499999999687e+03,1.468303799999999937e+00
1.655000000000000071e+01,5.932654999999999745e+02,-9.003448399999999765e+02,-8.856978900000000294e+02,-3.233037699999999903e-01,7.593181499999999687e+03,1.468303799999999937e+00
1.660000000000000142e+01,6.245825300000000198e+02,-9.005920999999999594e+02,-8.851719699999999875e+02,-8.326416300000000215e-03,7.593181499999999687e+03,1.468303799999999937e+00
1.664999999999999858e+01,6.620783099999999877e+02,-9.013666200000000117e+02,-8.850207799999999452e+02,1.010952400000000029e-01,7.593181499999999687e+03,1.468303799999999937e+00
1.669999999999999929e+01,6.425244699999999511e+02,-9.011840700000000197e+02,-8.853209799999999632e+02,-6.591846399999999606e-02,7.593181499999999687e+03,1.468303799999999937e+00
1.675000000000000000e+01,6.389450100000000248e+02,-9.020453899999999976e+02,-8.862706699999999955e+02,-1.033755000000000090e-01,7.593181499999999687e+03,1.468303799999999937e+00
1.680000000000000071e+01,6.044710599999999658e+02,-9.022356200000000399e+02,-8.873120199999999613e+02,2.395949900000000077e-01,7.593181499999999687e+03,1.468303799999999937e+00
1.685000000000000142e+01,5.718153800000000047e+02,-9.017866500000000087e+02,-8.876692699999999832e+02,-9.165183899999999884e-02,7.593181499999999687e+03,1.468303799999999937e+00
1.689999999999999858e+01,5.513582300000000487e+02,-9.011965199999999641e+02,-8.875842099999999846e+02,1.978842700000000010e-01,7.593181499999999687e+03,1.468303799999999937e+00
1.694999999999999929e+01,5.897290199999999913e+02,-9.017334200000000237e+02,-8.871737799999999652e+02,-1.201367900000000072e-01,7.593181499999999687e+03,1.468303799999999937e+00
1.700000000000000000e+01,5.890403099999999768e+02,-9.012498299999999745e+02,-8.867071999999999434e+02,3.499504800000000082e-01,7.593181499999999687e+03,1.468303799999999937e+00
1.705000000000000071e+01,5.909028799999999819e+02,-9.007484600000000228e+02,-8.861598400000000311e+02,-1.748245400000000005e-01,7.593181499999999687e+03,1.468303799999999937e+00
1.710000000000000142e+01,6.614111299999999574e+02,-9.018177799999999706e+02,-8.854884100000000444e+02,1.628184199999999915e-01,7.593181499999999687e+03,1.468303799999999937e+00
1.714999999999999858e+01,5.973914899999999761e+02,-9.000554499999999507e+02,-8.853066400000000158e+02,-3.127724000000000060e-01,7.593181499999999687e+03,1.468303799999999937e+00
1.719999999999999929e+01,6.094142100000000255e+02,-9.002007499999999709e+02,-8.851551100000000361e+02,-6.225130200000000141e-02,7.593181499999999687e+03,1.468303799999999937e+00
1.725000000000000000e+01,6.655175699999999779e+02,-9.012043300000000272e+02,-8.847735800000000381e+02,2.049552900000000122e-01,7.593181499999999687e+03,1.468303799999999937e+00
1.730000000000000071e+01,6.523746899999999869e+02,-9.010653499999999667e+02,-8.849590799999999717e+02,7.823781900000000011e-02,7.593181499999999687e+03,1.468303799999999937e+00
1.735000000000000142e+01,5.782369499999999789e+02,-9.000575700000000552e+02,-8.857816500000000133e+02,1.253954899999999983e-01,7.593181499999999687e+03,1.468303799999999937e+00
1.739999999999999858e+01,5.587318900000000212e+02,-9.003646599999999580e+02,-8.865702999999999747e+02,1.816442600000000296e-01,7.593181499999999687e+03,1.468303799999999937e+00
1.744999999999999929e+01,6.016279799999999796e+02,-9.019357099999999718e+02,-8.870823000000000320e+02,2.707937499999999997e-01,7.593181499999999687e+03,1.468303799999999937e+00
1.750000000000000000e+01,5.638445199999999886e+02,-9.014912799999999606e+02,-8.875706999999999880e+02,3.870889900000000494e-02,7.593181499999999687e+03,1.468303799999999937e+00
1.755000000000000071e+01,5.659464400000000524e+02,-9.019196699999999964e+02,-8.879471999999999525e+02,8.664903200000000083e-02,7.593181499999999687e+03,1.468303799999999937e+00
1.760000000000000142e+01,5.896603499999999940e+02,-9.027307399999999689e+02,-8.881728000000000520e+02,2.530364700000000133e-01,7.593181499999999687e+03,1.468303799999999937e+00
1.764999999999999858e+01,6.033982799999999997e+02,-9.029714199999999664e+02,-8.880743099999999686e+02,2.017803800000000092e-01,7.593181499999999687e+03,1.468303799999999937e+00
1.769999999999999929e+01,5.945931900000000496e+02,-9.021439000000000306e+02,-8.874641699999999673e+02,1.836636100000000049e-01,7.593181499999999687e+03,1.468303799999999937e+00
1.775000000000000000e+01,6.434322100000000546e+02,-9.021296099999999569e+02,-8.862441099999999778e+02,-2.234851099999999868e-01,7.593181499999999687e+03,1.468303799999999937e+00
1.780000000000000071e+01,6.423598600000000260e+02,-9.012160099999999829e+02,-8.853569800000000214e+02,2.829254399999999725e-01,7.593181499999999687e+03,1.468303799999999937e+00
1.785000000000000142e+01,6.099978999999999587e+02,-9.002419599999999491e+02,-8.851819100000000162e+02,4.298571800000000609e-02,7.593181499999999687e+03,1.468303799999999937e+00
1.789999999999999858e+01,6.210572600000000421e+02,-9.004941499999999905e+02,-8.851610600000000204e+02,-3.173457199999999562e-02,7.593181499999999687e+03,1.468303799999999937e+00
1.794999999999999929e+01,6.254357499999999845e+02,-9.005796400000000403e+02,-8.851384500000000344e+02,-3.036677799999999983e-01,7.593181499999999687e+03,1.468303799999999937e+00
1.800000000000000000e+01,6.058258100000000468e+02,-9.002940599999999449e+02,-8.853370200000000523e+02,3.315785700000000169e-01,7.593181499999999687e+03,1.468303799999999937e+00
1.805000000000000071e+01,5.921529699999999821e+02,-9.010331999999999653e+02,-8.864137200000000121e+02,-8.020081900000000652e-02,7.593181499999999687e+03,1.468303799999999937e+00
1.810000000000000142e+01,5.191921599999999444e+02,-9.006333700000000135e+02,-8.878152000000000044e+02,2.569389200000000151e-01,7.593181499999999687e+03,1.468303799999999937e+00
1.814999999999999858e+01,5.430997700000000350e+02,-9.014674099999999726e+02,-8.880589899999999943e+02,-8.473221000000000225e-02,7.593181499999999687e+03,1.468303799999999937e+00
1.819999999999999929e+01,6.324272999999999456e+02,-9.034238199999999779e+02,-8.878100200000000086e+02,2.574127800000000077e-01,7.593181499999999687e+03,1.468303799999999937e+00
1.825000000000000000e+01,5.902339699999999993e+02,-9.021620299999999588e+02,-8.875899299999999812e+02,-1.720895700000000250e-01,7.593181499999999687e+03,1.468303799999999937e+00
1.830000000000000071e+01,5.611219099999999571e+02,-9.010670999999999822e+02,-8.872137400000000298e+02,5.567172700000000895e-04,7.593181499999999687e+03,1.468303799999999937e+00
1.835000000000000142e+01,6.344267899999999827e+02,-9.021154800000000478e+02,-8.864523100000000113e+02,2.438512999999999931e-01,7.593181499999999687e+03,1.468303799999999937e+00
1.839999999999999858e+01,5.892018500000000358e+02,-9.002175799999999981e+02,-8.856709600000000364e+02,-1.487091899999999911e-01,7.593181499999999687e+03,1.468303799999999937e+00
1.844999999999999929e+01,6.734550799999999526e+02,-9.014687999999999874e+02,-8.848420800000000099e+02,2.541855100000000589e-01,7.593181499999999687e+03,1.468303799999999937e+00
1.850000000000000000e+01,6.655042700000000195e+02,-9.011042599999999538e+02,-8.846738299999999526e+02,3.777651099999999873e-02,7.593181499999999687e+03,1.468303799999999937e+00
1.855000000000000071e+01,6.185363300000000208e+02,-9.011001400000000103e+02,-8.858292900000000145e+02,-3.154583799999999827e-01,7.593181499999999687e+03,1.468303799999999937e+00
1.860000000000000142e+01,5.774238299999999526e+02,-9.018463299999999663e+02,-8.875904900000000453e+02,-1.472134100000000237e-02,7.593181499999999687e+03,1.468303799999999937e+00
1.864999999999999858e+01,5.595410699999999906e+02,-9.018505499999999984e+02,-8.880362099999999828e+02,-3.800221900000000375e-01,7.593181499999999687e+03,1.468303799999999937e+00
1.869999999999999929e+01,5.900874999999999773e+02,-9.024695500000000266e+02,-8.879010600000000295e+02,-4.028254500000000293e-02,7.593181499999999687e+03,1.468303799999999937e+00
1.875000000000000000e+01,6.067492099999999482e+02,-9.024342199999999821e+02,-8.874543800000000147e+02,-2.310029399999999900e-01,7.593181499999999687e+03,1.468303799999999937e+00
1.880000000000000071e+01,6.421599599999999555e+02,-9.027547899999999572e+02,-8.869007000000000289e+02,-3.221604000000000134e-02,7.593181499999999687e+03,1.468303799999999937e+00
1.885000000000000142e+01,6.094905700000000479e+02,-9.017966400000000249e+02,-8.867491199999999480e+02,1.228933800000000104e-01,7.593181499999999687e+03,1.468303799999999937e+00
1.889999999999999858e+01,5.872549099999999953e+02,-9.013897200000000112e+02,-8.868911699999999882e+02,-1.788130100000000222e-01,7.593181499999999687e+03,1.468303799999999937e+00
1.894999999999999929e+01,6.000693800000000238e+02,-9.017844199999999546e+02,-8.869694899999999507e+02,9.113446000000000741e-03,7.593181499999999687e+03,1.468303799999999937e+00
1.900000000000000000e+01,5.809507599999999456e+02,-9.014038100000000213e+02,-8.870608999999999469e+02,-2.845553600000000349e-02,7.593181499999999687e+03,1.468303799999999937e+00
1.905000000000000071e+01,6.851786299999999983e+02,-9.040140000000000100e+02,-8.870978300000000445e+02,9.437931300000000634e-02,7.593181499999999687e+03,1.468303799999999937e+00
1.910000000000000142e+01,5.393029099999999971e+02,-9.010525400000000218e+02,-8.877378599999999551e+02,-2.821584199999999654e-01,7.593181499999999687e+03,1.468303799999999937e+00
1.914999999999999858e+01,6.161330600000000004e+02,-9.035239199999999755e+02,-8.883124000000000251e+02,1.003895500000000045e-03,7.593181499999999687e+03,1.468303799999999937e+00
1.919999999999999929e+01,5.540329900000000407e+02,-9.025743400000000065e+02,-8.888959899999999834e+02,-7.721300600000000069e-02,7.593181499999999687e+03,1.468303799999999937e+00
1.925000000000000000e+01,5.469925700000000006e+02,-9.026289299999999685e+02,-8.891244000000000369e+02,-1.628957100000000269e-01,7.593181499999999687e+03,1.468303799999999937e+00
1.930000000000000071e+01,5.976049100000000180e+02,-9.036628500000000486e+02,-8.889087700000000041e+02,-1.538123400000000057e-02,7.593181499999999687e+03,1.468303799999999937e+00
1.935000000000000142e+01,5.865015100000000530e+02,-9.027791399999999840e+02,-8.882991899999999532e+02,-1.551787800000000161e-01,7.593181499999999687e+03,1.468303799999999937e+00
1.939999999999999858e+01,6.530969599999999673e+02,-9.031701199999999972e+02,-8.870460100000000239e+02,1.269159699999999891e-01,7.593181499999999687e+03,1.468303799999999937e+00
1.944999999999999929e+01,5.780095599999999649e+02,-9.006929900000000089e+02,-8.864226999999999634e+02,3.140168000000000403e-01,7.593181499999999687e+03,1.468303799999999937e+00
1.950000000000000000e+01,6.293323299999999563e+02,-9.014210199999999986e+02,-8.858836300000000392e+02,7.473942899999999612e-02,7.593181499999999687e+03,1.468303799999999937e+00
1.955000000000000071e+01,6.542332999999999856e+02,-9.018004799999999932e+02,-8.856483100000000377e+02,2.288047599999999959e-01,7.593181499999999687e+03,1.468303799999999937e+00
1.960000000000000142e+01,6.626018800000000510e+02,-9.022546200000000454e+02,-8.858958499999999958e+02,2.113336899999999907e-01,7.593181499999999687e+03,1.468303799999999937e+00
1.964999999999999858e+01,5.906531700000000455e+02,-9.010882500000000164e+02,-8.865058000000000220e+02,3.402522799999999764e-02,7.593181499999999687e+03,1.468303799999999937e+00
1.969999999999999929e+01,5.586259400000000142e+02,-9.006884099999999762e+02,-8.868966699999999719e+02,1.289164100000000091e-01,7.593181499999999687e+03,1.468303799999999937e+00
1.975000000000000000e+01,5.988641900000000078e+02,-9.017037299999999505e+02,-8.869185599999999567e+02,-3.594943100000000391e-01,7.593181499999999687e+03,1.468303799999999937e+00
1.980000000000000071e+01,6.040783199999999624e+02,-9.017131900000000542e+02,-8.867992900000000418e+02,1.221800800000000103e-01,7.593181499999999687e+03,1.468303799999999937e+00
1.985000000000000142e+01,6.312862999999999829e+02,-9.023057800000000270e+02,-8.867201499999999896e+02,2.087351799999999924e-01,7.593181499999999687e+03,1.468303799999999937e+00
1.989999999999999858e+01,6.067623300000000199e+02,-9.019702600000000530e+02,-8.869900999999999840e+02,9.864563800000000771e-02,7.593181499999999687e+03,1.468303799999999937e+00
1.994999999999999929e+01,6.262430500000000393e+02,-9.027706399999999576e+02,-8.873095200000000204e+02,1.099415099999999923e-01,7.593181499999999687e+03,1.468303799999999937e+00
2.000000000000000000e+01,5.812909100000000535e+02,-9.025576200000000426e+02,-8.882063100000000304e+02,1.053672400000000009e-01,7.593181499999999687e+03,1.468303799999999937e+00
2.005000000000000071e+01,5.146115300000000161e+02,-9.020833000000000084e+02,-8.893782200000000557e+02,1.195494200000000173e-01,7.593181499999999687e+03,1.468303799999999937e+00
2.010000000000000142e+01,6.000739800000000059e+02,-9.043518000000000256e+02,-8.895367599999999584e+02,1.135851000000000222e-01,7.593181499999999687e+03,1.468303799999999937e+00
2.014999999999999858e+01,5.532175899999999729e+02,-9.028976999999999862e+02,-8.892394799999999577e+02,6.531701100000000815e-02,7.593181499999999687e+03,1.468303799999999937e+00
2.019999999999999929e+01,5.774732199999999693e+02,-9.029347099999999955e+02,-8.886776499999999714e+02,8.481771700000001468e-02,7.593181499999999687e+03,1.468303799999999937e+00
2.025000000000000000e+01,6.064405400000000554e+02,-9.031497699999999895e+02,-8.881775499999999965e+02,2.874830600000000125e-01,7.593181499999999687e+03,1.468303799999999937e+00
2.030000000000000071e+01,5.969497199999999566e+02,-9.026849399999999832e+02,-8.879470300000000407e+02,-5.482251000000000485e-02,7.593181499999999687e+03,1.468303799999999937e+00
2.035000000000000142e+01,5.885165600000000268e+02,-9.022746799999999894e+02,-8.877449699999999666e+02,1.984251900000000013e-01,7.593181499999999687e+03,1.468303799999999937e+00
2.039999999999999858e+01,6.076036400000000413e+02,-9.024355199999999968e+02,-8.874345799999999826e+02,1.968504600000000049e-01,7.593181499999999687e+03,1.468303799999999937e+00
2.044999999999999929e+01,6.155998200000000224e+02,-9.024906399999999849e+02,-8.872922800000000052e+02,4.856443200000000460e-02,7.593181499999999687e+03,1.468303799999999937e+00
2.050000000000000000e+01,5.796384600000000091e+02,-9.014383900000000267e+02,-8.871278800000000047e+02,-6.445154700000000486e-03,7.593181499999999687e+03,1.468303799999999937e+00
2.055000000000000071e+01,5.949281300000000101e+02,-9.009909800000000359e+02,-8.863029900000000225e+02,3.046668800000000288e-01,7.593181499999999687e+03,1.468303799999999937e+00
2.060000000000000142e+01,6.041125899999999547e+02,-8.999618900000000394e+02,-8.850471400000000131e+02,1.972505299999999934e-02,7.593181499999999687e+03,1.468303799999999937e+00
2.064999999999999858e+01,6.034531500000000506e+02,-8.990530599999999595e+02,-8.841545899999999847e+02,3.062402599999999864e-01,7.593181499999999687e+03,1.468303799999999937e+00
2.069999999999999929e+01,6.071199400000000423e+02,-8.988451300000000401e+02,-8.838561300000000074e+02,-1.982058399999999942e-01,7.593181499999999687e+03,1.468303799999999937e+00
2.075000000000000000e+01,6.843545599999999922e+02,-9.010081900000000132e+02,-8.841123700000000554e+02,5.060355200000000303e-02,7.593181499999999687e+03,1.468303799999999937e+00
2.080000000000000071e+01,6.444025299999999561e+02,-9.011605700000000070e+02,-8.852511200000000144e+02,1.878543100000000243e-01,7.593181499999999687e+03,1.468303799999999937e+00
2.085000000000000142e+01,5.854563000000000557e+02,-9.006320799999999736e+02,-8.861779299999999466e+02,3.831542699999999912e-02,7.593181499999999687e+03,1.468303799999999937e+00
2.089999999999999858e+01,5.924042899999999463e+02,-9.010487799999999652e+02,-8.864230900000000020e+02,-2.953635900000000161e-02,7.593181499999999687e+03,1.468303799999999937e+00
2.094999999999999929e+01,6.165183799999999792e+02,-9.016660699999999906e+02,-8.864450399999999490e+02,-1.112333699999999981e-01,7.593181499999999687e+03,1.468303799999999937e+00
2.100000000000000000e+01,6.379509600000000091e+02,-9.023111699999999473e+02,-8.865610000000000355e+02,2.661752800000000141e-03,7.593181499999999687e+03,1.468303799999999937e+00
2.105000000000000071e+01,6.159735299999999825e+02,-9.021318099999999731e+02,-8.869242299999999659e+02,-8.786879599999999901e-02,7.593181499999999687e+03,1.468303799999999937e+00
2.110000000000000142e+01,5.454768299999999499e+02,-9.008718300000000454e+02,-8.874047199999999975e+02,3.247573699999999897e-01,7.593181499999999687e+03,1.468303799999999937e+00
2.114999999999999858e+01,5.797535500000000184e+02,-9.020165100000000393e+02,-8.877031600000000253e+02,-1.877417700000000023e-01,7.593181499999999687e+03,1.468303799999999937e+00
2.119999999999999929e+01,5.790837999999999965e+02,-9.021383200000000215e+02,-8.878414999999999964e+02,4.134036600000000616e-01,7.593181499999999687e+03,1.468303799999999937e+00
2.125000000000000000e+01,5.809856899999999769e+02,-9.019782900000000154e+02,-8.876345199999999522e+02,-1.922213500000000130e-01,7.593181499999999687e+03,1.468303799999999937e+00
2.130000000000000071e+01,5.976134700000000066e+02,-9.017582400000000007e+02,-8.870039500000000317e+02,3.828907500000000019e-01,7.593181499999999687e+03,1.468303799999999937e+00
2.135000000000000142e+01,5.845986599999999953e+02,-9.004422299999999950e+02,-8.860092600000000402e+02,-2.636047700000000438e-01,7.593181499999999687e+03,1.468303799999999937e+00
2.139999999999999858e+01,6.453333800000000338e+02,-9.009936199999999644e+02,-8.850611800000000358e+02,6.138524400000000547e-02,7.593181499999999687e+03,1.468303799999999937e+00
2.144999999999999929e+01,6.805359499999999571e+02,-9.019675499999999602e+02,-8.851660100000000284e+02,2.271384399999999970e-01,7.593181499999999687e+03,1.468303799999999937e+00
2.150000000000000000e+01,6.153894400000000360e+02,-9.013115199999999732e+02,-8.861183700000000272e+02,-8.943075400000000119e-02,7.593181499999999687e+03,1.468303799999999937e+00
2.155000000000000071e+01,5.444072899999999890e+02,-9.003214699999999766e+02,-8.868807699999999841e+02,2.814916900000000166e-01,7.593181499999999687e+03,1.468303799999999937e+00
2.160000000000000142e+01,6.155479299999999512e+02,-9.022878299999999854e+02,-8.870907600000000457e+02,-1.409973999999999950e-01,7.593181499999999687e+03,1.468303799999999937e+00
2.164999999999999858e+01,5.929489800000000059e+02,-9.018730199999999968e+02,-8.872338899999999740e+02,1.092521300000000167e-01,7.593181499999999687e+03,1.468303799999999937e+00
2.169999999999999929e+01,6.280744499999999562e+02,-9.028432599999999866e+02,-8.873369300000000521e+02,1.891026300000000215e-01,7.593181499999999687e+03,1.468303799999999937e+00
2.175000000000000000e+01,5.782645999999999731e+02,-9.021151499999999714e+02,-8.878385500000000548e+02,2.883476300000000214e-01,7.593181499999999687e+03,1.468303799999999937e+00
2.180000000000000071e+01,6.206720500000000129e+02,-9.039666700000000219e+02,-8.886431000000000040e+02,4.280760400000000465e-01,7.593181499999999687e+03,1.468303799999999937e+00
2.185000000000000142e+01,5.473253300000000081e+02,-9.030855800000000499e+02,-8.895728299999999535e+02,2.376544500000000171e-01,7.593181499999999687e+03,1.468303799999999937e+00
2.189999999999999858e+01,5.731416100000000142e+02,-9.039737300000000459e+02,-8.898236100000000306e+02,7.273153400000000046e-02,7.593181499999999687e+03,1.468303799999999937e+00
2.194999999999999929e+01,5.940406299999999646e+02,-9.043109299999999848e+02,-8.896448400000000447e+02,-3.682995599999999703e-02,7.593181499999999687e+03,1.468303799999999937e+00
2.200000000000000000e+01,6.002134399999999914e+02,-9.042175600000000486e+02,-8.893990800000000263e+02,-4.775619899999999918e-02,7.593181499999999687e+03,1.468303799999999937e+00
2.205000000000000071e+01,5.719423199999999952e+02,-9.033157800000000179e+02,-8.891952700000000505e+02,3.402268399999999748e-02,7.593181499999999687e+03,1.468303799999999937e+00
2.210000000000000142e+01,5.785316000000000258e+02,-9.030448300000000472e+02,-8.887616400000000567e+02,-2.795470999999999928e-01,7.593181499999999687e+03,1.468303799999999937e+00
2.214999999999999858e+01,6.132098999999999478e+02,-9.031782399999999598e+02,-8.880388900000000376e+02,-2.499281600000000103e-03,7.593181499999999687e+03,1.468303799999999937e+00
2.219999999999999929e+01,6.362380600000000186e+02,-9.030768600000000106e+02,-8.873689799999999650e+02,1.611427500000000013e-01,7.593181499999999687e+03,1.468303799999999937e+00
2.225000000000000000e+01,6.426705100000000357e+02,-9.029533900000000131e+02,-8.870866999999999507e+02,3.760855399999999960e-01,7.593181499999999687e+03,1.468303799999999937e+00
2.230000000000000071e+01,6.156581700000000410e+02,-9.025910199999999577e+02,-8.873912299999999505e+02,1.832148300000000299e-02,7.593181499999999687e+03,1.468303799999999937e+00
2.235000000000000142e+01,6.288602600000000393e+02,-9.037579299999999876e+02,-8.882322000000000344e+02,1.874570400000000192e-01,7.593181499999999687e+03,1.468303799999999937e+00
2.239999999999999858e+01,5.528533099999999649e+02,-9.029593700000000354e+02,-8.893101500000000215e+02,-7.198283900000000679e-02,7.593181499999999687e+03,1.468303799999999937e+00
2.244999999999999929e+01,5.586406899999999496e+02,-9.034623299999999517e+02,-8.896702199999999721e+02,2.043509900000000101e-01,7.593181499999999687e+03,1.468303799999999937e+00
2.250000000000000000e+01,5.614666200000000345e+02,-9.033456099999999651e+02,-8.894837400000000116e+02,1.046369699999999958e-01,7.593181499999999687e+03,1.468303799999999937e+00
2.255000000000000071e+01,5.874265400000000454e+02,-9.035729700000000548e+02,-8.890701800000000503e+02,-9.933765100000001291e-02,7.593181499999999687e+03,1.468303799999999937e+00
2.260000000000000142e+01,5.437735199999999622e+02,-9.021484199999999873e+02,-8.887233599999999569e+02,3.271590300000000173e-01,7.593181499999999687e+03,1.468303799999999937e+00
2.264999999999999858e+01,6.259755800000000363e+02,-9.036521000000000186e+02,-8.881975899999999911e+02,-1.094133300000000031e-01,7.593181499999999687e+03,1.468303799999999937e+00
2.269999999999999929e+01,5.717587700000000268e+02,-9.020717399999999770e+02,-8.879557700000000295e+02,2.188243599999999955e-01,7.593181499999999687e+03,1.468303799999999937e+00
2.275000000000000000e+01,6.382884299999999484e+02,-9.034760099999999738e+02,-8.877174999999999727e+02,9.824019900000000027e-02,7.593181499999999687e+03,1.468303799999999937e+00
2.280000000000000071e+01,5.989455600000000004e+02,-9.024869899999999916e+02,-8.876998099999999567e+02,-6.865220200000000939e-02,7.593181499999999687e+03,1.468303799999999937e+00
2.285000000000000142e+01,6.012778799999999819e+02,-9.029112400000000207e+02,-8.880664799999999559e+02,1.301147099999999945e-01,7.593181499999999687e+03,1.468303799999999937e+00
2.289999999999999858e+01,5.671900500000000420e+02,-9.032492600000000493e+02,-8.892460800000000063e+02,4.048441900000000759e-02,7.593181499999999687e+03,1.468303799999999937e+00
2.294999999999999929e+01,5.265561699999999519e+02,-9.032633799999999837e+02,-8.902634000000000469e+02,1.926219000000000126e-01,7.593181499999999687e+03,1.468303799999999937e+00
2.300000000000000000e+01,5.442663300000000390e+02,-9.039001100000000406e+02,-8.904628900000000158e+02,4.078512499999999985e-01,7.593181499999999687e+03,1.468303799999999937e+00
2.305000000000000071e+01,5.400037099999999555e+02,-9.033819899999999734e+02,-8.900500100000000430e+02,-9.517784400000001144e-02,7.593181499999999687e+03,1.468303799999999937e+00
2.310000000000000142e+01,5.907456300000000056e+02,-9.037073799999999437e+02,-8.891226400000000467e+02,2.391865699999999942e-02,7.593181499999999687e+03,1.468303799999999937e+00
2.314999999999999858e+01,6.085771399999999858e+02,-9.033275700000000370e+02,-8.883025999999999840e+02,1.739564400000000177e-01,7.593181499999999687e+03,1.468303799999999937e+00
2.319999999999999929e+01,6.139346600000000080e+02,-9.030003699999999753e+02,-8.878431299999999737e+02,9.441319200000000689e-02,7.593181499999999687e+03,1.468303799999999937e+00
2.325000000000000000e+01,5.719880699999999933e+02,-9.018094899999999825e+02,-8.876878500000000258e+02,2.250726600000000077e-01,7.593181499999999687e+03,1.468303799999999937e+00
2.330000000000000071e+01,6.038285600000000386e+02,-9.023198300000000245e+02,-8.874121000000000095e+02,-2.388798200000000205e-03,7.593181499999999687e+03,1.468303799999999937e+00
2.335000000000000142e+01,6.003997500000000400e+02,-9.020643700000000536e+02,-8.872412900000000491e+02,2.817598300000000444e-01,7.593181499999999687e+03,1.468303799999999937e+00
2.339999999999999858e+01,6.026179799999999886e+02,-9.020919300000000476e+02,-8.872140799999999672e+02,1.626729700000000278e-01,7.593181499999999687e+03,1.468303799999999937e+00
2.344999999999999929e+01,6.190238900000000513e+02,-9.026577399999999898e+02,-8.873748500000000377e+02,8.992032800000000770e-03,7.593181499999999687e+03,1.468303799999999937e+00
2.350000000000000000e+01,5.844964599999999564e+02,-9.021163900000000240e+02,-8.876859399999999596e+02,-1.854485400000000228e-01,7.593181499999999687e+03,1.468303799999999937e+00
2.355000000000000071e+01,6.279025400000000445e+02,-9.037588200000000143e+02,-8.882567299999999477e+02,1.589537400000000100e-01,7.593181499999999687e+03,1.468303799999999937e+00
2.360000000000000142e+01,5.547506499999999505e+02,-9.028641800000000330e+02,-8.891681099999999560e+02,1.090867700000000134e-01,7.593181499999999687e+03,1.468303799999999937e+00
2.364999999999999858e+01,6.177662000000000262e+02,-9.049022400000000061e+02,-8.896504099999999653e+02,-1.383115000000000039e-02,7.593181499999999687e+03,1.468303799999999937e+00
2.369999999999999929e+01,5.677667099999999891e+02,-9.039643399999999929e+02,-8.899469199999999773e+02,1.737202800000000047e-01,7.593181499999999687e+03,1.468303799999999937e+00
2.375000000000000000e+01,5.539101500000000442e+02,-9.036549099999999726e+02,-8.899795900000000302e+02,1.242487200000000069e-01,7.593181499999999687e+03,1.468303799999999937e+00
2.380000000000000071e+01,5.655011399999999639e+02,-9.034661800000000085e+02,-8.895046899999999823e+02,3.590835300000000396e-01,7.593181499999999687e+03,1.468303799999999937e+00
2.385000000000000142e+01,5.999765099999999620e+02,-9.031395199999999477e+02,-8.883268900000000485e+02,-7.660488099999999967e-02,7.593181499999999687e+03,1.468303799999999937e+00
2.389999999999999858e+01,6.047363900000000285e+02,-9.022435400000000527e+02,-8.873133900000000267e+02,3.787821900000000463e-02,7.593181499999999687e+03,1.468303799999999937e+00
2.394999999999999929e+01,6.152683700000000044e+02,-9.020484999999999900e+02,-8.868583300000000236e+02,-5.636345800000000517e-02,7.593181499999999687e+03,1.468303799999999937e+00
2.400000000000000000e+01,6.423904800000000250e+02,-9.026313400000000229e+02,-8.867715600000000222e+02,-1.690074400000000088e-01,7.593181499999999687e+03,1.468303799999999937e+00
2.405000000000000071e+01,6.030105600000000550e+02,-9.019448099999999613e+02,-8.870572700000000168e+02,9.999806900000000887e-02,7.593181499999999687e+03,1.468303799999999937e+00
2.410000000000000142e+01,5.763449799999999641e+02,-9.017135500000000548e+02,-8.874843499999999494e+02,2.157961300000000027e-01,7.593181499999999687e+03,1.468303799999999937e+00
2.414999999999999858e+01,5.936427099999999655e+02,-9.025355299999999943e+02,-8.878792700000000195e+02,3.607904200000000006e-01,7.593181499999999687e+03,1.468303799999999937e+00
2.419999999999999929e+01,6.052341000000000122e+02,-9.033249100000000453e+02,-8.883824799999999868e+02,1.776958700000000058e-01,7.593181499999999687e+03,1.468303799999999937e+00
2.425000000000000000e+01,5.543200900000000502e+02,-9.028367100000000391e+02,-8.891512800000000425e+02,-1.568884600000000074e-01,7.593181499999999687e+03,1.468303799999999937e+00
2.430000000000000071e+01,5.428193099999999731e+02,-9.032754999999999654e+02,-8.898740099999999984e+02,1.349790199999999912e-02,7.593181499999999687e+03,1.468303799999999937e+00
2.435000000000000142e+01,5.160022300000000541e+02,-9.036044799999999668e+02,-8.908650599999999713e+02,9.523335100000000775e-02,7.593181499999999687e+03,1.468303799999999937e+00
2.439999999999999858e+01,5.183361599999999498e+02,-9.044465099999999893e+02,-8.916494699999999511e+02,-5.903923400000000293e-02,7.593181499999999687e+03,1.468303799999999937e+00
2.444999999999999929e+01,5.160226499999999987e+02,-9.044648600000000442e+02,-8.917249299999999721e+02,4.534002000000000865e-01,7.593181499999999687e+03,1.468303799999999937e+00
2.450000000000000000e+01,5.748034599999999728e+02,-9.050695500000000493e+02,-8.908784100000000308e+02,9.593768599999999425e-02,7.593181499999999687e+03,1.468303799999999937e+00
2.455000000000000071e+01,6.232885700000000497e+02,-9.049719499999999925e+02,-8.895837699999999586e+02,2.152794800000000230e-01,7.593181499999999687e+03,1.468303799999999937e+00
2.460000000000000142e+01,5.722752799999999525e+02,-9.030958500000000413e+02,-8.889671200000000226e+02,2.725924100000000072e-01,7.593181499999999687e+03,1.468303799999999937e+00
2.464999999999999858e+01,5.531848400000000083e+02,-9.021920499999999947e+02,-8.885346399999999676e+02,5.923202400000000117e-02,7.593181499999999687e+03,1.468303799999999937e+00
2.469999999999999929e+01,5.869489399999999932e+02,-9.024099099999999680e+02,-8.879189099999999826e+02,1.588159100000000046e-01,7.593181499999999687e+03,1.468303799999999937e+00
2.475000000000000000e+01,5.863135600000000522e+02,-9.017587999999999511e+02,-8.872834900000000289e+02,-9.246807199999999838e-02,7.593181499999999687e+03,1.468303799999999937e+00
2.480000000000000071e+01,5.855914199999999710e+02,-9.010668299999999817e+02,-8.866093399999999747e+02,1.814941800000000049e-01,7.593181499999999687e+03,1.468303799999999937e+00
2.485000000000000142e+01,6.274654199999999946e+02,-9.014751400000000103e+02,-8.859838399999999865e+02,-1.820974300000000046e-02,7.593181499999999687e+03,1.468303799999999937e+00
2.489999999999999858e+01,6.290879599999999527e+02,-9.014022800000000188e+02,-8.858709300000000439e+02,-1.791042899999999854e-02,7.593181499999999687e+03,1.468303799999999937e+00
2.494999999999999929e+01,6.420644200000000410e+02,-9.021270500000000538e+02,-8.862753199999999651e+02,-1.660846099999999936e-01,7.593181499999999687e+03,1.468303799999999937e+00
2.500000000000000000e+01,5.906096800000000258e+02,-9.018310900000000174e+02,-8.872497100000000501e+02,4.273440700000000203e-01,7.593181499999999687e+03,1.468303799999999937e+00
2.505000000000000071e+01,6.301715699999999742e+02,-9.037554699999999457e+02,-8.881973600000000033e+02,5.474596900000000543e-02,7.593181499999999687e+03,1.468303799999999937e+00
2.510000000000000142e+01,5.559329400000000305e+02,-9.024158999999999651e+02,-8.886906500000000051e+02,-1.603721500000000189e-01,7.593181499999999687e+03,1.468303799999999937e+00
2.514999999999999858e+01,5.949999699999999621e+02,-9.033269999999999982e+02,-8.886372300000000450e+02,-1.213330500000000117e-01,7.593181499999999687e+03,1.468303799999999937e+00
2.519999999999999929e+01,5.943841300000000274e+02,-9.031122100000000046e+02,-8.884376399999999876e+02,1.506565400000000055e-01,7.593181499999999687e+03,1.468303799999999937e+00
2.525000000000000000e+01,6.160694499999999607e+02,-9.035636899999999514e+02,-8.883537400000000162e+02,-4.604261500000000201e-02,7.593181499999999687e+03,1.468303799999999937e+00
2.530000000000000071e+01,5.548692700000000286e+02,-9.021078599999999597e+02,-8.884088699999999790e+02,2.384209899999999993e-01,7.593181499999999687e+03,1.468303799999999937e+00
2.535000000000000142e+01,5.787104299999999739e+02,-9.023389799999999923e+02,-8.880513799999999947e+02,-7.184437800000000041e-02,7.593181499999999687e+03,1.468303799999999937e+00
2.539999999999999858e+01,5.799122899999999845e+02,-9.016334500000000389e+02,-8.873161800000000312e+02,9.099830799999999997e-02,7.593181499999999687e+03,1.468303799999999937e+00
2.544999999999999929e+01,6.436845100000000457e+02,-9.022670399999999518e+02,-8.863753199999999879e+02,8.340735100000000457e-02,7.593181499999999687e+03,1.468303799999999937e+00
2.550000000000000000e+01,6.291361200000000053e+02,-9.013903699999999617e+02,-8.858578199999999470e+02,2.313700499999999938e-01,7.593181499999999687e+03,1.468303799999999937e+00
2.555000000000000071e+01,6.312130799999999908e+02,-9.014604000000000497e+02,-8.858765700000000152e+02,2.599843199999999910e-01,7.593181499999999687e+03,1.468303799999999937e+00
2.560000000000000142e+01,6.349851400000000012e+02,-9.023628099999999677e+02,-8.866858600000000479e+02,3.413369800000000120e-01,7.593181499999999687e+03,1.468303799999999937e+00
2.564999999999999858e+01,5.631671300000000429e+02,-9.021822499999999536e+02,-8.882783899999999448e+02,5.155997100000000305e-03,7.593181499999999687e+03,1.468303799999999937e+00
2.569999999999999929e+01,5.953155699999999797e+02,-9.036337399999999889e+02,-8.889361800000000358e+02,4.285305999999999838e-02,7.593181499999999687e+03,1.468303799999999937e+00
2.575000000000000000e+01,6.148889400000000478e+02,-9.043043800000000374e+02,-8.891235799999999472e+02,-1.069331800000000027e-01,7.593181499999999687e+03,1.468303799999999937e+00
2.580000000000000071e+01,5.537030099999999493e+02,-9.030228299999999990e+02,-8.893526200000000017e+02,-1.361553000000000069e-01,7.593181499999999687e+03,1.468303799999999937e+00
2.585000000000000142e+01,5.671936500000000478e+02,-9.032459999999999809e+02,-8.892427400000000262e+02,2.708609599999999840e-01,7.593181499999999687e+03,1.468303799999999937e+00
2.589999999999999858e+01,5.689235700000000406e+02,-9.027841399999999794e+02,-8.887381699999999682e+02,-1.674733200000000088e-01,7.593181499999999687e+03,1.468303799999999937e+00
2.594999999999999929e+01,6.286911099999999806e+02,-9.032586800000000267e+02,-8.877371200000000044e+02,-1.487638900000000097e-01,7.593181499999999687e+03,1.468303799999999937e+00
2.600000000000000000e+01,6.354271599999999580e+02,-9.026102899999999636e+02,-8.869224299999999630e+02,1.947487100000000124e-02,7.593181499999999687e+03,1.468303799999999937e+00
2.605000000000000071e+01,6.013126600000000508e+02,-9.016488600000000133e+02,-8.868032399999999598e+02,3.417186500000000265e-02,7.593181499999999687e+03,1.468303799999999937e+00
2.610000000000000142e+01,6.020007600000000139e+02,-9.017206899999999905e+02,-8.868580799999999726e+02,-4.053426200000000146e-02,7.593181499999999687e+03,1.468303799999999937e+00
2.614999999999999858e+01,6.301128400000000056e+02,-9.023854800000000296e+02,-8.868288199999999506e+02,-4.924758800000000923e-04,7.593181499999999687e+03,1.468303799999999937e+00
2.619999999999999929e+01,6.038342000000000098e+02,-9.018476899999999432e+02,-8.869398099999999658e+02,7.110239299999999985e-02,7.593181499999999687e+03,1.468303799999999937e+00
2.625000000000000000e+01,5.985689999999999600e+02,-9.018103399999999965e+02,-8.870324600000000146e+02,9.804095399999999960e-02,7.593181499999999687e+03,1.468303799999999937e+00
2.630000000000000071e+01,5.957885400000000118e+02,-9.019195499999999583e+02,-8.872103100000000495e+02,3.747507400000000266e-01,7.593181499999999687e+03,1.468303799999999937e+00
2.635000000000000142e+01,5.916146199999999453e+02,-9.026924500000000080e+02,-8.880862600000000384e+02,-1.259123000000000048e-01,7.593181499999999687e+03,1.468303799999999937e+00
2.639999999999999858e+01,5.565778999999999996e+02,-9.033888600000000224e+02,-8.896476900000000114e+02,-8.437460900000000319e-02,7.593181499999999687e+03,1.468303799999999937e+00
2.644999999999999929e+01,5.183579399999999850e+02,-9.030367800000000216e+02,-8.902391999999999825e+02,3.282553200000000171e-01,7.593181499999999687e+03,1.468303799999999937e+00
2.650000000000000000e+01,5.424020699999999806e+02,-9.034559299999999666e+02,-8.900647400000000289e+02,-2.308776700000000071e-01,7.593181499999999687e+03,1.468303799999999937e+00
2.655000000000000071e+01,6.043357399999999870e+02,-9.043349299999999857e+02,-8.894146799999999757e+02,-1.354161299999999957e-01,7.593181499999999687e+03,1.468303799999999937e+00
2.660000000000000142e+01,5.921848800000000210e+02,-9.033499699999999848e+02,-8.887297099999999546e+02,1.231906700000000021e-01,7.593181499999999687e+03,1.468303799999999937e+00
2.664999999999999858e+01,6.209822599999999966e+02,-9.034860200000000532e+02,-8.881547900000000482e+02,-2.245391100000000001e-02,7.593181499999999687e+03,1.468303799999999937e+00
2.669999999999999929e+01,5.907339399999999614e+02,-9.022683600000000297e+02,-8.876839199999999437e+02,5.620220100000000718e-02,7.593181499999999687e+03,1.468303799999999937e+00
2.675000000000000000e+01,5.782767099999999800e+02,-9.014806499999999687e+02,-8.872037500000000136e+02,-1.724154700000000151e-01,7.593181499999999687e+03,1.468303799999999937e+00
2.680000000000000071e+01,6.056759899999999561e+02,-9.016425000000000409e+02,-8.866891600000000153e+02,-2.979500199999999821e-01,7.593181499999999687e+03,1.468303799999999937e+00
2.685000000000000142e+01,5.836456699999999955e+02,-9.009845599999999877e+02,-8.865751199999999699e+02,-1.602070999999999912e-01,7.593181499999999687e+03,1.468303799999999937e+00
2.689999999999999858e+01,6.027295000000000300e+02,-9.014510199999999713e+02,-8.865704100000000381e+02,9.844446399999999889e-03,7.593181499999999687e+03,1.468303799999999937e+00
2.694999999999999929e+01,6.253965699999999970e+02,-9.020690499999999474e+02,-8.866288299999999936e+02,-1.877490400000000059e-01,7.593181499999999687e+03,1.468303799999999937e+00
2.700000000000000000e+01,6.165583100000000059e+02,-9.020073499999999740e+02,-8.867853300000000445e+02,9.134928100000000439e-02,7.593181499999999687e+03,1.468303799999999937e+00
2.705000000000000071e+01,6.187069599999999809e+02,-9.022356200000000399e+02,-8.869605599999999868e+02,7.296642700000000037e-02,7.593181499999999687e+03,1.468303799999999937e+00
2.710000000000000142e+01,6.023497499999999718e+02,-9.022557399999999461e+02,-8.873845099999999775e+02,-1.562404900000000096e-01,7.593181499999999687e+03,1.468303799999999937e+00
2.714999999999999858e+01,5.749012999999999920e+02,-9.021955699999999752e+02,-8.880020100000000411e+02,-8.411327100000000334e-02,7.593181499999999687e+03,1.468303799999999937e+00
2.719999999999999929e+01,5.374223600000000260e+02,-9.017781700000000455e+02,-8.885099099999999908e+02,-1.721383999999999970e-01,7.593181499999999687e+03,1.468303799999999937e+00
2.725000000000000000e+01,5.846831700000000183e+02,-9.028926900000000160e+02,-8.884576299999999947e+02,1.751098499999999974e-02,7.593181499999999687e+03,1.468303799999999937e+00
2.730000000000000071e+01,5.769251400000000558e+02,-9.017568800000000238e+02,-8.875133499999999458e+02,-4.810490800000000178e-02,7.593181499999999687e+03,1.468303799999999937e+00
2.735000000000000142e+01,6.330859699999999748e+02,-9.016912300000000187e+02,-8.860611599999999726e+02,1.379295199999999999e-01,7.593181499999999687e+03,1.468303799999999937e+00
2.739999999999999858e+01,6.637119699999999511e+02,-9.020567800000000034e+02,-8.856706000000000358e+02,-2.583655699999999888e-01,7.593181499999999687e+03,1.468303799999999937e+00
2.744999999999999929e+01,6.480603200000000470e+02,-9.021655899999999519e+02,-8.861658300000000281e+02,-3.753359199999999757e-02,7.593181499999999687e+03,1.468303799999999937e+00
2.750000000000000000e+01,5.990493099999999913e+02,-9.019823499999999967e+02,-8.871926099999999451e+02,2.328616400000000086e-01,7.593181499999999687e+03,1.468303799999999937e+00
2.755000000000000071e+01,6.368492400000000089e+02,-9.037946799999999712e+02,-8.880717100000000528e+02,-3.086882500000000164e-03,7.593181499999999687e+03,1.468303799999999937e+00
2.760000000000000142e+01,6.274418699999999944e+02,-9.041178099999999631e+02,-8.886271000000000413e+02,1.591714400000000251e-01,7.593181499999999687e+03,1.468303799999999937e+00
2.764999999999999858e+01,6.046608400000000074e+02,-9.038187400000000480e+02,-8.888904499999999871e+02,-7.683562300000000567e-02,7.593181499999999687e+03,1.468303799999999937e+00
2.769999999999999929e+01,5.621555799999999863e+02,-9.028601599999999507e+02,-8.889812799999999697e+02,-4.231668200000000130e-02,7.593181499999999687e+03,1.468303799999999937e+00
2.775000000000000000e+01,5.794247000000000298e+02,-9.031121399999999539e+02,-8.888069000000000415e+02,2.884056999999999871e-01,7.593181499999999687e+03,1.468303799999999937e+00
2.780000000000000071e+01,6.243693299999999908e+02,-9.035987300000000459e+02,-8.881838699999999562e+02,-1.798377500000000184e-01,7.593181499999999687e+03,1.468303799999999937e+00
2.785000000000000142e+01,5.926873600000000124e+02,-9.019004800000000159e+02,-8.872678100000000541e+02,-8.385977400000001192e-02,7.593181499999999687e+03,1.468303799999999937e+00
2.789999999999999858e+01,6.418794599999999946e+02,-9.019018300000000181e+02,-8.860546699999999873e+02,6.311414200000001196e-02,7.593181499999999687e+03,1.468303799999999937e+00
2.794999999999999929e+01,6.623413199999999961e+02,-9.019284999999999854e+02,-8.855761599999999589e+02,-5.127599699999999677e-02,7.593181499999999687e+03,1.468303799999999937e+00
2.800000000000000000e+01,6.625700399999999490e+02,-9.021378799999999956e+02,-8.857798999999999978e+02,-1.302737300000000042e-01,7.593181499999999687e+03,1.468303799999999937e+00
2.805000000000000071e+01,6.094130400000000236e+02,-9.012717099999999846e+02,-8.862260999999999740e+02,6.585848600000000774e-02,7.593181499999999687e+03,1.468303799999999937e+00
2.810000000000000142e+01,5.871760500000000320e+02,-9.011902999999999793e+02,-8.866937000000000353e+02,-6.417798400000000736e-02,7.593181499999999687e+03,1.468303799999999937e+00
2.814999999999999858e+01,5.937858599999999569e+02,-9.017521400000000540e+02,-8.870923500000000104e+02,2.284436700000000431e-01,7.593181499999999687e+03,1.468303799999999937e+00
2.819999999999999929e+01,5.732128999999999905e+02,-9.015961200000000417e+02,-8.874442500000000109e+02,-3.716891600000000323e-02,7.593181499999999687e+03,1.468303799999999937e+00
2.825000000000000000e+01,6.247543299999999817e+02,-9.033272899999999481e+02,-8.879029199999999946e+02,1.500466100000000247e-01,7.593181499999999687e+03,1.468303799999999937e+00
2.830000000000000071e+01,5.678008499999999685e+02,-9.026641100000000506e+02,-8.886458599999999706e+02,-3.165215299999999954e-01,7.593181499999999687e+03,1.468303799999999937e+00
2.835000000000000142e+01,5.634349200000000337e+02,-9.030371800000000349e+02,-8.891267100000000028e+02,-5.879388000000000669e-02,7.593181499999999687e+03,1.468303799999999937e+00
2.839999999999999858e+01,5.374291600000000244e+02,-9.026307500000000346e+02,-8.893623300000000427e+02,1.999544300000000163e-01,7.593181499999999687e+03,1.468303799999999937e+00
2.844999999999999929e+01,5.577968600000000379e+02,-9.029221599999999626e+02,-8.891508900000000040e+02,6.720665200000000561e-02,7.593181499999999687e+03,1.468303799999999937e+00
2.850000000000000000e+01,6.227894800000000259e+02,-9.032894700000000512e+02,-8.879136200000000372e+02,1.626900799999999869e-01,7.593181499999999687e+03,1.468303799999999937e+00
2.855000000000000071e+01,6.157193099999999504e+02,-9.020142299999999977e+02,-8.868129300000000512e+02,-1.790541700000000125e-01,7.593181499999999687e+03,1.468303799999999937e+00
2.860000000000000142e+01,6.606648300000000518e+02,-9.026340300000000525e+02,-8.863230800000000045e+02,8.380282399999999798e-02,7.593181499999999687e+03,1.468303799999999937e+00
2.864999999999999858e+01,6.280960499999999911e+02,-9.019574999999999818e+02,-8.864506300000000465e+02,-1.301442100000000102e-01,7.593181499999999687e+03,1.468303799999999937e+00
2.869999999999999929e+01,5.754858299999999645e+02,-9.012289100000000417e+02,-8.870209200000000465e+02,1.107166400000000189e-01,7.593181499999999687e+03,1.468303799999999937e+00
2.875000000000000000e+01,5.642268000000000256e+02,-9.015106600000000299e+02,-8.875806400000000167e+02,-9.205635700000000532e-02,7.593181499999999687e+03,1.468303799999999937e+00
2.880000000000000071e+01,5.451450999999999567e+02,-9.013790699999999561e+02,-8.879201500000000351e+02,-6.895882700000000032e-02,7.593181499999999687e+03,1.468303799999999937e+00
2.885000000000000142e+01,6.185882900000000291e+02,-9.033495799999999463e+02,-8.880774499999999989e+02,-1.978716799999999942e-01,7.593181499999999687e+03,1.468303799999999937e+00
2.889999999999999858e+01,5.921881100000000515e+02,-9.030431099999999560e+02,-8.884227700000000141e+02,-2.769298900000000119e-01,7.593181499999999687e+03,1.468303799999999937e+00
2.894999999999999929e+01,5.791406600000000253e+02,-9.032330399999999599e+02,-8.889348099999999704e+02,1.712938200000000133e-01,7.593181499999999687e+03,1.468303799999999937e+00
2.900000000000000000e+01,5.628560700000000452e+02,-9.033461600000000544e+02,-8.894499799999999823e+02,3.090342000000000366e-01,7.593181499999999687e+03,1.468303799999999937e+00
2.905000000000000071e+01,6.016729400000000396e+02,-9.046294400000000451e+02,-8.897749199999999519e+02,1.570556399999999964e-01,7.593181499999999687e+03,1.468303799999999937e+00
2.910000000000000142e+01,5.977972899999999754e+02,-9.047791099999999460e+02,-8.900202799999999570e+02,-3.127792699999999981e-01,7.593181499999999687e+03,1.468303799999999937e+00
2.914999999999999858e+01,5.878001199999999926e+02,-9.047199399999999514e+02,-8.902079199999999446e+02,-6.834890200000000304e-02,7.593181499999999687e+03,1.468303799999999937e+00
2.919999999999999929e+01,5.655359399999999823e+02,-9.041970700000000534e+02,-8.902347300000000132e+02,4.619431000000000231e-02,7.593181499999999687e+03,1.468303799999999937e+00
2.925000000000000000e+01,5.902660499999999502e+02,-9.044130699999999479e+02,-8.898401800000000321e+02,1.073733099999999996e-01,7.593181499999999687e+03,1.468303799999999937e+00
2.930000000000000071e+01,5.602843699999999671e+02,-9.026229399999999714e+02,-8.887902599999999893e+02,7.324018799999999774e-02,7.593181499999999687e+03,1.468303799999999937e+00
2.935000000000000142e+01,6.046779500000000098e+02,-9.025692999999999984e+02,-8.876405899999999747e+02,1.934509399999999879e-01,7.593181499999999687e+03,1.468303799999999937e+00
2.939999999999999858e+01,6.133191399999999476e+02,-9.022804599999999482e+02,-8.871384199999999964e+02,6.209522500000001083e-02,7.593181499999999687e+03,1.468303799999999937e+00
2.944999999999999929e+01,6.801907899999999927e+02,-9.037925900000000183e+02,-8.869995800000000372e+02,5.400422600000000933e-02,7.593181499999999687e+03,1.468303799999999937e+00
2.950000000000000000e+01,6.010803100000000541e+02,-9.023151900000000296e+02,-8.874753100000000359e+02,1.580968799999999926e-03,7.593181499999999687e+03,1.468303799999999937e+00
2.955000000000000071e+01,5.596046900000000051e+02,-9.016431900000000041e+02,-8.878272799999999734e+02,-5.267007800000000212e-02,7.593181499999999687e+03,1.468303799999999937e+00
2.960000000000000142e+01,6.104206500000000233e+02,-9.029526700000000119e+02,-8.878821900000000369e+02,1.481384400000000101e-01,7.593181499999999687e+03,1.468303799999999937e+00
2.964999999999999858e+01,6.164189499999999953e+02,-9.033386600000000044e+02,-8.881200900000000047e+02,-2.623413900000000076e-01,7.593181499999999687e+03,1.468303799999999937e+00
2.969999999999999929e+01,5.809976900000000342e+02,-9.032510099999999511e+02,-8.889069399999999632e+02,2.729188100000000117e-01,7.593181499999999687e+03,1.468303799999999937e+00
2.975000000000000000e+01,5.955573000000000548e+02,-9.046977799999999661e+02,-8.899942499999999654e+02,-8.880959600000000106e-03,7.593181499999999687e+03,1.468303799999999937e+00
2.980000000000000071e+01,5.430857499999999618e+02,-9.042177900000000363e+02,-8.908097199999999702e+02,-1.548476599999999981e-01,7.593181499999999687e+03,1.468303799999999937e+00
2.985000000000000142e+01,5.371017399999999498e+02,-9.042271100000000388e+02,-8.909667699999999968e+02,5.180860000000000326e-02,7.593181499999999687e+03,1.468303799999999937e+00
2.989999999999999858e+01,5.608426500000000487e+02,-9.042749599999999646e+02,-8.904284900000000107e+02,2.033236600000000102e-02,7.593181499999999687e+03,1.468303799999999937e+00
2.994999999999999929e+01,5.569364199999999983e+02,-9.032164299999999457e+02,-8.894664000000000215e+02,1.168013300000000088e-01,7.593181499999999687e+03,1.468303799999999937e+00
3.000000000000000000e+01,5.894072200000000521e+02,-9.032069900000000189e+02,-8.886553000000000111e+02,-4.252519300000000002e-01,7.593181499999999687e+03,1.468303799999999937e+00
3.005000000000000071e+01,5.974863699999999653e+02,-9.029908799999999474e+02,-8.882397300000000087e+02,3.376032999999999951e-01,7.593181499999999687e+03,1.468303799999999937e+00
3.010000000000000142e+01,5.956667999999999665e+02,-9.026475500000000238e+02,-8.879413200000000188e+02,-2.671550599999999998e-01,7.593181499999999687e+03,1.468303799999999937e+00
3.014999999999999858e+01,6.772312899999999445e+02,-9.043098099999999704e+02,-8.875898600000000442e+02,-7.639986900000000913e-02,7.593181499999999687e+03,1.468303799999999937e+00
3.019999999999999929e+01,6.391231400000000349e+02,-9.034623500000000149e+02,-8.876832399999999552e+02,-8.379030199999999706e-02,7.593181499999999687e+03,1.468303799999999937e+00
3.025000000000000000e+01,6.059542099999999891e+02,-9.031491999999999507e+02,-8.881889800000000150e+02,6.614942000000000044e-02,7.593181499999999687e+03,1.468303799999999937e+00
3.030000000000000071e+01,6.044887899999999945e+02,-9.038800400000000081e+02,-8.889560099999999920e+02,-4.688368899999999923e-02,7.593181499999999687e+03,1.468303799999999937e+00
3.035000000000000142e+01,5.535955999999999904e+02,-9.036557500000000118e+02,-8.899882000000000062e+02,1.678526300000000165e-02,7.593181499999999687e+03,1.468303799999999937e+00
3.039999999999999858e+01,5.485596699999999828e+02,-9.039658299999999826e+02,-8.904226200000000517e+02,-1.797006700000000068e-01,7.593181499999999687e+03,1.468303799999999937e+00
3.044999999999999929e+01,5.804948299999999790e+02,-9.046365100000000439e+02,-8.903048499999999876e+02,-9.465891600000000961e-02,7.593181499999999687e+03,1.468303799999999937e+00
3.050000000000000000e+01,5.899713299999999663e+02,-9.044903799999999592e+02,-8.899247699999999668e+02,2.394912100000000030e-02,7.593181499999999687e+03,1.468303799999999937e+00
3.055000000000000071e+01,5.923790000000000191e+02,-9.040232099999999491e+02,-8.893981499999999869e+02,1.210270600000000057e-01,7.593181499999999687e+03,1.468303799999999937e+00
3.060000000000000142e+01,5.994633599999999660e+02,-9.038402399999999943e+02,-8.890402699999999641e+02,-3.681212000000000373e-02,7.593181499999999687e+03,1.468303799999999937e+00
3.064999999999999858e+01,5.180126800000000458e+02,-9.016358599999999797e+02,-8.888468100000000049e+02,-1.718114500000000044e-01,7.593181499999999687e+03,1.468303799999999937e+00
3.069999999999999929e+01,6.034038100000000213e+02,-9.031481199999999490e+02,-8.882508699999999635e+02,1.497800600000000204e-01,7.593181499999999687e+03,1.468303799999999937e+00
3.075000000000000000e+01,5.682290500000000293e+02,-9.017322000000000344e+02,-8.877033699999999499e+02,-1.131173700000000087e-01,7.593181499999999687e+03,1.468303799999999937e+00
3.080000000000000071e+01,6.175717100000000528e+02,-9.023116099999999733e+02,-8.870645799999999781e+02,2.464880100000000074e-01,7.593181499999999687e+03,1.468303799999999937e+00
3.085000000000000142e+01,5.965616099999999733e+02,-9.012647799999999734e+02,-8.865364499999999452e+02,3.253086400000000655e-02,7.593181499999999687e+03,1.468303799999999937e+00
3.089999999999999858e+01,6.319389499999999771e+02,-9.016304900000000089e+02,-8.860287499999999454e+02,1.391965800000000142e-01,7.593181499999999687e+03,1.468303799999999937e+00
3.094999999999999929e+01,6.432433700000000272e+02,-9.017772300000000314e+02,-8.858963999999999714e+02,-1.688486400000000220e-01,7.593181499999999687e+03,1.468303799999999937e+00
3.100000000000000000e+01,6.188310199999999668e+02,-9.015636899999999514e+02,-8.862855600000000322e+02,2.639668400000000359e-01,7.593181499999999687e+03,1.468303799999999937e+00
3.105000000000000071e+01,5.926975800000000163e+02,-9.019605800000000499e+02,-8.873276600000000371e+02,3.278039100000000317e-01,7.593181499999999687e+03,1.468303799999999937e+00
3.110000000000000142e+01,5.710306399999999485e+02,-9.028065199999999777e+02,-8.887085299999999961e+02,1.179402000000000089e-01,7.593181499999999687e+03,1.468303799999999937e+00
3.114999999999999858e+01,5.677475899999999456e+02,-9.033375300000000152e+02,-8.893205900000000383e+02,2.773594400000000126e-01,7.593181499999999687e+03,1.468303799999999937e+00
3.119999999999999929e+01,5.359270000000000209e+02,-9.025310399999999618e+02,-8.892997000000000298e+02,5.314230999999999816e-02,7.593181499999999687e+03,1.468303799999999937e+00
3.125000000000000000e+01,5.800633599999999888e+02,-9.032905799999999772e+02,-8.889695699999999761e+02,1.710872600000000118e-02,7.593181499999999687e+03,1.468303799999999937e+00
3.130000000000000071e+01,6.317818600000000515e+02,-9.043595800000000509e+02,-8.887617099999999937e+02,4.839714500000000252e-02,7.593181499999999687e+03,1.468303799999999937e+00
3.135000000000000142e+01,5.781222900000000209e+02,-9.031879800000000387e+02,-8.889148900000000140e+02,8.610284500000001118e-02,7.593181499999999687e+03,1.468303799999999937e+00
3.139999999999999858e+01,5.673279199999999491e+02,-9.030139699999999721e+02,-8.890073899999999867e+02,2.093624699999999950e-01,7.593181499999999687e+03,1.468303799999999937e+00
3.144999999999999929e+01,5.787456799999999930e+02,-9.028549100000000180e+02,-8.885664399999999432e+02,1.053582599999999952e-01,7.593181499999999687e+03,1.468303799999999937e+00
3.150000000000000000e+01,6.227939999999999827e+02,-9.025736399999999549e+02,-8.871976700000000164e+02,-8.400207799999999392e-02,7.593181499999999687e+03,1.468303799999999937e+00
3.155000000000000071e+01,6.349921500000000378e+02,-9.018631599999999935e+02,-8.861860400000000482e+02,1.770948499999999981e-01,7.593181499999999687e+03,1.468303799999999937e+00
3.160000000000000142e+01,5.937215999999999667e+02,-9.005100099999999657e+02,-8.858518000000000256e+02,-1.045257299999999973e-01,7.593181499999999687e+03,1.468303799999999937e+00
3.164999999999999858e+01,5.722991899999999532e+02,-8.997036000000000513e+02,-8.855742800000000443e+02,1.141814599999999985e-01,7.593181499999999687e+03,1.468303799999999937e+00
3.169999999999999929e+01,6.155387200000000121e+02,-9.004891800000000330e+02,-8.852923399999999674e+02,1.691515300000000221e-01,7.593181499999999687e+03,1.468303799999999937e+00
3.175000000000000000e+01,6.411224099999999453e+02,-9.013496999999999844e+02,-8.855212299999999459e+02,3.334179000000000448e-01,7.593181499999999687e+03,1.468303799999999937e+00
3.180000000000000071e+01,5.943093199999999570e+02,-9.009925899999999501e+02,-8.863198700000000372e+02,9.028456099999999929e-02,7.593181499999999687e+03,1.468303799999999937e+00
3.185000000000000142e+01,5.693228800000000547e+02,-9.013786499999999933e+02,-8.873228199999999788e+02,3.483282400000000112e-01,7.593181499999999687e+03,1.468303799999999937e+00
3.189999999999999858e+01,5.853112999999999602e+02,-9.025590700000000197e+02,-8.881085100000000239e+02,-1.343027800000000105e-01,7.593181499999999687e+03,1.468303799999999937e+00
3.194999999999999929e+01,5.811733900000000403e+02,-9.026783900000000358e+02,-8.883299899999999525e+02,1.231722500000000109e-01,7.593181499999999687e+03,1.468303799999999937e+00
3.200000000000000000e+01,6.267472599999999829e+02,-9.038266300000000228e+02,-8.883530600000000277e+02,2.770065899999999970e-01,7.593181499999999687e+03,1.468303799999999937e+00
3.204999999999999716e+01,5.788328400000000329e+02,-9.026182900000000018e+02,-8.883276700000000119e+02,-5.644444499999999587e-02,7.593181499999999687e+03,1.468303799999999937e+00
3.210000000000000142e+01,6.046081400000000485e+02,-9.028999700000000530e+02,-8.879729899999999816e+02,-8.766282700000001260e-02,7.593181499999999687e+03,1.468303799999999937e+00
3.214999999999999858e+01,5.786231999999999971e+02,-9.017099899999999479e+02,-8.874245499999999538e+02,1.219124300000000022e-01,7.593181499999999687e+03,1.468303799999999937e+00
3.220000000000000284e+01,6.151242899999999736e+02,-9.018698600000000170e+02,-8.866832500000000437e+02,1.674916200000000077e-01,7.593181499999999687e+03,1.468303799999999937e+00
3.225000000000000000e+01,6.532374099999999544e+02,-9.022726199999999608e+02,-8.861450499999999693e+02,-4.996435300000000128e-03,7.593181499999999687e+03,1.468303799999999937e+00
3.229999999999999716e+01,6.254788499999999658e+02,-9.016376999999999953e+02,-8.861954500000000507e+02,2.035708800000000096e-01,7.593181499999999687e+03,1.468303799999999937e+00
3.235000000000000142e+01,6.021026100000000270e+02,-9.015745600000000195e+02,-8.867094399999999723e+02,1.667203600000000119e-01,7.593181499999999687e+03,1.468303799999999937e+00
3.239999999999999858e+01,6.162982899999999518e+02,-9.024703500000000531e+02,-8.872547600000000330e+02,-1.273163200000000106e-01,7.593181499999999687e+03,1.468303799999999937e+00
3.245000000000000284e+01,5.817853999999999814e+02,-9.025774699999999484e+02,-8.882139499999999543e+02,5.422245299999999685e-02,7.593181499999999687e+03,1.468303799999999937e+00
3.250000000000000000e+01,5.226723200000000134e+02,-9.025944700000000012e+02,-8.896903800000000047e+02,-1.887077900000000072e-02,7.593181499999999687e+03,1.468303799999999937e+00
3.254999999999999716e+01,5.120310600000000250e+02,-9.028331899999999450e+02,-8.901918100000000322e+02,7.810548900000000017e-02,7.593181499999999687e+03,1.468303799999999937e+00
3.260000000000000142e+01,5.486685999999999694e+02,-9.033733499999999594e+02,-8.898274400000000242e+02,4.396245599999999698e-02,7.593181499999999687e+03,1.468303799999999937e+00
3.264999999999999858e+01,5.378672800000000507e+02,-9.025214600000000473e+02,-8.892422199999999748e+02,-3.772683000000000286e-02,7.593181499999999687e+03,1.468303799999999937e+00
3.270000000000000284e+01,5.548101100000000088e+02,-9.021874400000000378e+02,-8.884899100000000089e+02,-9.388070600000000820e-02,7.593181499999999687e+03,1.468303799999999937e+00
3.275000000000000000e+01,6.423479200000000446e+02,-9.035953299999999899e+02,-8.877365999999999531e+02,2.617801499999999892e-01,7.593181499999999687e+03,1.468303799999999937e+00
3.279999999999999716e+01,5.674148699999999508e+02,-9.015275299999999561e+02,-8.875188000000000557e+02,1.695378800000000019e-01,7.593181499999999687e+03,1.468303799999999937e+00
3.285000000000000142e+01,6.512188499999999749e+02,-9.034365599999999858e+02,-8.873588200000000370e+02,7.384128500000000650e-02,7.593181499999999687e+03,1.468303799999999937e+00
3.289999999999999858e+01,6.628958400000000211e+02,-9.040835499999999456e+02,-8.877175200000000359e+02,-4.031456600000000307e-02,7.593181499999999687e+03,1.468303799999999937e+00
3.295000000000000284e+01,6.040438400000000456e+02,-9.035908699999999953e+02,-8.886778199999999970e+02,1.090939699999999984e-01,7.593181499999999687e+03,1.468303799999999937e+00
3.300000000000000000e+01,5.702010900000000220e+02,-9.037363199999999779e+02,-8.896588000000000420e+02,1.842956500000000053e-01,7.593181499999999687e+03,1.468303799999999937e+00
3.304999999999999716e+01,5.126760699999999815e+02,-9.026667400000000043e+02,-8.900094400000000405e+02,1.050865100000000080e-01,7.593181499999999687e+03,1.468303799999999937e+00
3.310000000000000142e+01,5.719697400000000016e+02,-9.037507799999999634e+02,-8.896295999999999822e+02,-1.153108999999999940e-01,7.593181499999999687e+03,1.468303799999999937e+00
3.314999999999999858e+01,5.816534699999999702e+02,-9.034795199999999795e+02,-8.891192600000000539e+02,9.971188200000000168e-02,7.593181499999999687e+03,1.468303799999999937e+00
3.320000000000000284e+01,5.857673899999999776e+02,-9.030772600000000239e+02,-8.886154299999999466e+02,-5.283284299999999739e-03,7.593181499999999687e+03,1.468303799999999937e+00
3.325000000000000000e+01,5.927808300000000372e+02,-9.027653999999999996e+02,-8.881304199999999582e+02,1.755779100000000037e-01,7.593181499999999687e+03,1.468303799999999937e+00
3.329999999999999716e+01,5.763890599999999722e+02,-9.019674499999999853e+02,-8.877371600000000171e+02,-2.024340599999999851e-02,7.593181499999999687e+03,1.468303799999999937e+00
3.335000000000000142e+01,5.555356600000000071e+02,-9.010173899999999776e+02,-8.873019500000000335e+02,1.958592600000000003e-02,7.593181499999999687e+03,1.468303799999999937e+00
3.339999999999999858e+01,5.977091400000000476e+02,-9.014834700000000112e+02,-8.867268199999999752e+02,2.120396499999999962e-01,7.593181499999999687e+03,1.468303799999999937e+00
3.345000000000000284e+01,6.674462700000000268e+02,-9.028575399999999718e+02,-8.863791599999999562e+02,3.126069399999999998e-01,7.593181499999999687e+03,1.468303799999999937e+00
3.350000000000000000e+01,5.918804400000000214e+02,-9.013179199999999582e+02,-8.867051699999999528e+02,-2.985046900000000170e-01,7.593181499999999687e+03,1.468303799999999937e+00
3.354999999999999716e+01,5.686956199999999626e+02,-9.011667899999999918e+02,-8.871264400000000023e+02,3.012044200000000421e-02,7.593181499999999687e+03,1.468303799999999937e+00
3.360000000000000142e+01,6.008312899999999672e+02,-9.021612099999999828e+02,-8.873274699999999484e+02,1.146839899999999995e-01,7.593181499999999687e+03,1.468303799999999937e+00
3.364999999999999858e+01,5.876462599999999838e+02,-9.022007200000000466e+02,-8.876924999999999955e+02,-3.633226400000000300e-02,7.593181499999999687e+03,1.468303799999999937e+00
3.370000000000000284e+01,6.171078700000000481e+02,-9.037613099999999804e+02,-8.885257299999999532e+02,5.153673400000000071e-02,7.593181499999999687e+03,1.468303799999999937e+00
3.375000000000000000e+01,5.631661299999999528e+02,-9.034815700000000334e+02,-8.895777299999999741e+02,9.619070000000000398e-02,7.593181499999999687e+03,1.468303799999999937e+00
3.379999999999999716e+01,5.584983899999999721e+02,-9.037935599999999567e+02,-8.900049599999999828e+02,-6.091179100000000679e-02,7.593181499999999687e+03,1.468303799999999937e+00
3.385000000000000142e+01,5.377008499999999458e+02,-9.030562400000000025e+02,-8.897811100000000124e+02,-3.037476899999999938e-02,7.593181499999999687e+03,1.468303799999999937e+00
3.389999999999999858e+01,6.002464700000000448e+02,-9.036506100000000288e+02,-8.888313100000000304e+02,4.722560500000000383e-02,7.593181499999999687e+03,1.468303799999999937e+00
3.395000000000000284e+01,5.667096500000000106e+02,-9.020073999999999614e+02,-8.880160799999999881e+02,-1.616142100000000133e-03,7.593181499999999687e+03,1.468303799999999937e+00
3.400000000000000000e+01,5.828741099999999733e+02,-9.017495099999999866e+02,-8.873591099999999869e+02,-9.812331700000000156e-02,7.593181499999999687e+03,1.468303799999999937e+00
3.404999999999999716e+01,5.923162999999999556e+02,-9.014446500000000242e+02,-8.868211400000000140e+02,9.169890199999999880e-02,7.593181499999999687e+03,1.468303799999999937e+00
3.410000000000000142e+01,6.021820099999999911e+02,-9.012991200000000163e+02,-8.864320400000000291e+02,-2.984005900000000211e-01,7.593181499999999687e+03,1.468303799999999937e+00
3.414999999999999858e+01,6.205405700000000024e+02,-9.014991300000000365e+02,-8.861788000000000238e+02,3.277323500000000056e-01,7.593181499999999687e+03,1.468303799999999937e+00
3.420000000000000284e+01,6.753010299999999688e+02,-9.030932699999999613e+02,-8.864209700000000112e+02,-2.065570000000000184e-01,7.593181499999999687e+03,1.468303799999999937e+00
3.425000000000000000e+01,5.809102199999999812e+02,-9.018118299999999863e+02,-8.874699200000000019e+02,1.132448699999999975e-01,7.593181499999999687e+03,1.468303799999999937e+00
3.429999999999999716e+01,5.908043599999999742e+02,-9.031782100000000355e+02,-8.885920300000000225e+02,-2.604769000000000112e-01,7.593181499999999687e+03,1.468303799999999937e+00
3.435000000000000142e+01,5.848559500000000071e+02,-9.035111000000000558e+02,-8.890717700000000150e+02,3.737561000000000355e-01,7.593181499999999687e+03,1.468303799999999937e+00
3.439999999999999858e+01,6.091452100000000200e+02,-9.040472099999999500e+02,-8.890082099999999627e+02,-1.037889899999999976e-01,7.593181499999999687e+03,1.468303799999999937e+00
3.445000000000000284e+01,5.565111900000000560e+02,-9.024941700000000537e+02,-8.887546399999999949e+02,6.349997500000000190e-03,7.593181499999999687e+03,1.468303799999999937e+00
3.450000000000000000e+01,6.218299600000000282e+02,-9.034938399999999774e+02,-8.881416699999999764e+02,3.115511499999999989e-01,7.593181499999999687e+03,1.468303799999999937e+00
3.454999999999999716e+01,6.295550100000000384e+02,-9.033479499999999689e+02,-8.878050700000000006e+02,-1.710140100000000218e-01,7.593181499999999687e+03,1.468303799999999937e+00
3.460000000000000142e+01,6.277128999999999905e+02,-9.034642499999999927e+02,-8.879668500000000222e+02,4.623939999999999995e-02,7.593181499999999687e+03,1.468303799999999937e+00
3.464999999999999858e+01,5.911972600000000284e+02,-9.032447399999999789e+02,-8.886488600000000133e+02,1.560739499999999891e-01,7.593181499999999687e+03,1.468303799999999937e+00
3.470000000000000284e+01,5.585590099999999438e+02,-9.032459599999999682e+02,-8.894558700000000044e+02,-1.270642499999999897e-01,7.593181499999999687e+03,1.468303799999999937e+00
3.475000000000000000e+01,5.234398300000000290e+02,-9.028855200000000423e+02,-8.899624800000000278e+02,-4.356357300000000127e-02,7.593181499999999687e+03,1.468303799999999937e+00
3.479999999999999716e+01,5.659701099999999769e+02,-9.039159499999999525e+02,-8.899428900000000340e+02,-1.032473500000000155e-01,7.593181499999999687e+03,1.468303799999999937e+00
3.485000000000000142e+01,5.864803399999999556e+02,-9.035904399999999441e+02,-8.891110099999999647e+02,1.108324699999999885e-01,7.593181499999999687e+03,1.468303799999999937e+00
3.489999999999999858e+01,6.198584499999999480e+02,-9.027945999999999458e+02,-8.874911100000000488e+02,-1.260102200000000061e-01,7.593181499999999687e+03,1.468303799999999937e+00
3.495000000000000284e+01,6.562625900000000456e+02,-9.029304899999999634e+02,-8.867282300000000532e+02,4.072971200000000125e-02,7.593181499999999687e+03,1.468303799999999937e+00
3.500000000000000000e+01,6.563710800000000063e+02,-9.030320100000000139e+02,-8.868270700000000488e+02,-1.591727400000000209e-02,7.593181499999999687e+03,1.468303799999999937e+00
3.504999999999999716e+01,6.296170499999999493e+02,-9.028451199999999517e+02,-8.873007000000000062e+02,-2.426484800000000275e-01,7.593181499999999687e+03,1.468303799999999937e+00
3.510000000000000142e+01,5.873023100000000341e+02,-9.023767599999999902e+02,-8.878770399999999654e+02,4.091558900000000221e-02,7.593181499999999687e+03,1.468303799999999937e+00
3.514999999999999858e+01,5.922934800000000450e+02,-9.029284000000000106e+02,-8.883054499999999507e+02,-1.099294400000000033e-01,7.593181499999999687e+03,1.468303799999999937e+00
3.520000000000000284e+01,5.948986200000000508e+02,-9.033419499999999971e+02,-8.886546799999999848e+02,1.638774500000000078e-01,7.593181499999999687e+03,1.468303799999999937e+00
3.525000000000000000e+01,5.572965699999999742e+02,-9.027983100000000150e+02,-8.890393900000000258e+02,-1.761408500000000155e-01,7.593181499999999687e+03,1.468303799999999937e+00
3.529999999999999716e+01,5.366970800000000281e+02,-9.026122500000000173e+02,-8.893618999999999915e+02,2.574397800000000069e-01,7.593181499999999687e+03,1.468303799999999937e+00
3.535000000000000142e+01,5.396629900000000362e+02,-9.028052199999999630e+02,-8.894816499999999451e+02,-2.444932300000000058e-01,7.593181499999999687e+03,1.468303799999999937e+00
3.539999999999999858e+01,6.154484200000000556e+02,-9.044574400000000196e+02,-8.892628300000000081e+02,1.047761800000000104e-01,7.593181499999999687e+03,1.468303799999999937e+00
3.545000000000000284e+01,5.314975899999999456e+02,-9.020553499999999758e+02,-8.889333699999999681e+02,1.339066900000000226e-01,7.593181499999999687e+03,1.468303799999999937e+00
3.550000000000000000e+01,5.802295900000000302e+02,-9.023634499999999434e+02,-8.880383500000000367e+02,2.105620100000000217e-01,7.593181499999999687e+03,1.468303799999999937e+00
3.554999999999999716e+01,6.232390400000000454e+02,-9.023953400000000329e+02,-8.870083899999999630e+02,-2.243924199999999813e-02,7.593181499999999687e+03,1.468303799999999937e+00
3.560000000000000142e+01,5.862049600000000282e+02,-9.009196600000000217e+02,-8.864470300000000407e+02,-1.549293700000000107e-01,7.593181499999999687e+03,1.468303799999999937e+00
3.564999999999999858e+01,6.452723200000000361e+02,-9.019109200000000328e+02,-8.859799900000000434e+02,5.925485799999999923e-04,7.593181499999999687e+03,1.468303799999999937e+00
3.570000000000000284e+01,5.998684200000000146e+02,-9.007561299999999846e+02,-8.859461700000000519e+02,-4.124704900000000091e-02,7.593181499999999687e+03,1.468303799999999937e+00
3.575000000000000000e+01,6.472116200000000390e+02,-9.022666900000000396e+02,-8.862878899999999476e+02,3.146775200000000439e-01,7.593181499999999687e+03,1.468303799999999937e+00
3.579999999999999716e+01,5.997377900000000182e+02,-9.019936199999999644e+02,-8.871868799999999737e+02,-9.195005400000000328e-02,7.593181499999999687e+03,1.468303799999999937e+00
3.585000000000000142e+01,5.817060400000000300e+02,-9.024636500000000296e+02,-8.881020899999999756e+02,4.247589400000000015e-02,7.593181499999999687e+03,1.468303799999999937e+00
3.589999999999999858e+01,5.233115599999999858e+02,-9.016431099999999788e+02,-8.887232400000000325e+02,4.449036400000000446e-02,7.593181499999999687e+03,1.468303799999999937e+00
3.595000000000000284e+01,5.598330099999999447e+02,-9.027788199999999961e+02,-8.889572799999999688e+02,-6.256339900000000565e-02,7.593181499999999687e+03,1.468303799999999937e+00
3.600000000000000000e+01,5.291525599999999940e+02,-9.020292100000000346e+02,-8.889651300000000447e+02,-1.760368500000000225e-01,7.593181499999999687e+03,1.468303799999999937e+00
3.604999999999999716e+01,5.776271500000000287e+02,-9.028448499999999513e+02,-8.885839899999999716e+02,-1.643042899999999917e-01,7.593181499999999687e+03,1.468303799999999937e+00
3.610000000000000142e+01,5.871296399999999949e+02,-9.026437499999999545e+02,-8.881482899999999745e+02,-3.280486600000000474e-01,7.593181499999999687e+03,1.468303799999999937e+00
3.614999999999999858e+01,5.908203800000000001e+02,-9.023169100000000071e+02,-8.877303299999999808e+02,7.252602800000000627e-02,7.593181499999999687e+03,1.468303799999999937e+00
3.620000000000000284e+01,5.557207799999999907e+02,-9.010279799999999568e+02,-8.873079599999999800e+02,-2.480463399999999902e-02,7.593181499999999687e+03,1.468303799999999937e+00
3.625000000000000000e+01,6.248750099999999748e+02,-9.020779700000000503e+02,-8.866506200000000035e+02,2.602587500000000387e-01,7.593181499999999687e+03,1.468303799999999937e+00
3.629999999999999716e+01,5.790624599999999873e+02,-9.004763199999999870e+02,-8.861800200000000132e+02,-5.340949800000001080e-01,7.593181499999999687e+03,1.468303799999999937e+00
3.635000000000000142e+01,6.311380900000000338e+02,-9.011212299999999686e+02,-8.855392600000000130e+02,4.073451399999999945e-01,7.593181499999999687e+03,1.468303799999999937e+00
3.639999999999999858e+01,6.273825199999999995e+02,-9.006808899999999767e+02,-8.851916400000000067e+02,-2.048031200000000052e-01,7.593181499999999687e+03,1.468303799999999937e+00
3.645000000000000284e+01,6.279876699999999801e+02,-9.009076300000000401e+02,-8.854034400000000460e+02,1.153216700000000011e-01,7.593181499999999687e+03,1.468303799999999937e+00
3.650000000000000000e+01,6.028107199999999466e+02,-9.015461199999999735e+02,-8.866635099999999738e+02,1.204814500000000038e-01,7.593181499999999687e+03,1.468303799999999937e+00
3.654999999999999716e+01,6.214163099999999531e+02,-9.035740700000000061e+02,-8.882321100000000342e+02,3.987038700000000019e-02,7.593181499999999687e+03,1.468303799999999937e+00
3.660000000000000142e+01,5.658512899999999490e+02,-9.028501599999999598e+02,-8.888800300000000334e+02,1.078940499999999914e-01,7.593181499999999687e+03,1.468303799999999937e+00
3.664999999999999858e+01,5.569288800000000492e+02,-9.027839800000000423e+02,-8.890341300000000047e+02,-6.789224100000000421e-03,7.593181499999999687e+03,1.468303799999999937e+00
3.670000000000000284e+01,5.814820999999999458e+02,-9.032140799999999672e+02,-8.888580500000000484e+02,2.347786500000000331e-01,7.593181499999999687e+03,1.468303799999999937e+00
3.675000000000000000e+01,5.720927699999999732e+02,-9.024580499999999574e+02,-8.883338300000000345e+02,-1.592088500000000129e-01,7.593181499999999687e+03,1.468303799999999937e+00
3.679999999999999716e+01,5.666464399999999841e+02,-9.015874800000000278e+02,-8.875977199999999812e+02,3.988289300000000259e-01,7.593181499999999687e+03,1.468303799999999937e+00
3.685000000000000142e+01,6.129238800000000538e+02,-9.018419999999999845e+02,-8.867097199999999475e+02,-8.788404100000000996e-02,7.593181499999999687e+03,1.468303799999999937e+00
3.689999999999999858e+01,6.195226800000000367e+02,-9.014565000000000055e+02,-8.861612999999999829e+02,1.314891000000000254e-01,7.593181499999999687e+03,1.468303799999999937e+00
3.695000000000000284e+01,6.933609300000000530e+02,-9.030643499999999904e+02,-8.859461800000000267e+02,-6.036012899999999848e-02,7.593181499999999687e+03,1.468303799999999937e+00
3.700000000000000000e+01,6.161262699999999768e+02,-9.017442499999999654e+02,-8.865329000000000406e+02,1.802702999999999944e-01,7.593181499999999687e+03,1.468303799999999937e+00
3.704999999999999716e+01,5.617314300000000458e+02,-9.011586300000000165e+02,-8.872902199999999766e+02,-2.319788900000000209e-01,7.593181499999999687e+03,1.468303799999999937e+00
3.710000000000000142e+01,5.994793700000000172e+02,-9.024508200000000215e+02,-8.876504599999999527e+02,-3.246316499999999938e-01,7.593181499999999687e+03,1.468303799999999937e+00
3.714999999999999858e+01,5.993120800000000372e+02,-9.025536799999999857e+02,-8.877574499999999489e+02,6.510232000000000518e-02,7.593181499999999687e+03,1.468303799999999937e+00
3.720000000000000284e+01,5.881976300000000037e+02,-9.023162600000000566e+02,-8.877944300000000339e+02,-1.262106000000000061e-01,7.593181499999999687e+03,1.468303799999999937e+00
3.725000000000000000e+01,5.898873700000000326e+02,-9.022751799999999776e+02,-8.877116399999999885e+02,-7.789572899999999689e-02,7.593181499999999687e+03,1.468303799999999937e+00
3.729999999999999716e+01,5.662676400000000285e+02,-9.014147699999999759e+02,-8.874343599999999697e+02,-3.485049100000000427e-02,7.593181499999999687e+03,1.468303799999999937e+00
3.735000000000000142e+01,6.463391699999999673e+02,-9.028316700000000310e+02,-8.868744000000000369e+02,8.021100500000000189e-02,7.593181499999999687e+03,1.468303799999999937e+00
3.739999999999999858e+01,6.510128300000000081e+02,-9.027182099999999991e+02,-8.866455600000000459e+02,7.784532600000000678e-04,7.593181499999999687e+03,1.468303799999999937e+00
3.745000000000000284e+01,6.144233000000000402e+02,-9.019489999999999554e+02,-8.867797000000000480e+02,-6.816844200000000964e-02,7.593181499999999687e+03,1.468303799999999937e+00
3.750000000000000000e+01,6.116024200000000519e+02,-9.024953600000000051e+02,-8.873957000000000335e+02,-5.390536700000000264e-02,7.593181499999999687e+03,1.468303799999999937e+00
3.754999999999999716e+01,5.574427799999999706e+02,-9.020110300000000052e+02,-8.882485000000000355e+02,2.649232000000000253e-01,7.593181499999999687e+03,1.468303799999999937e+00
3.760000000000000142e+01,5.544480800000000045e+02,-9.025423500000000558e+02,-8.888537499999999909e+02,8.861936400000000602e-02,7.593181499999999687e+03,1.468303799999999937e+00
3.764999999999999858e+01,5.728527599999999893e+02,-9.032481199999999717e+02,-8.891051400000000058e+02,1.352343200000000016e-02,7.593181499999999687e+03,1.468303799999999937e+00
3.770000000000000284e+01,5.777331500000000233e+02,-9.032898999999999887e+02,-8.890264300000000048e+02,-2.439710700000000121e-01,7.593181499999999687e+03,1.468303799999999937e+00
3.775000000000000000e+01,5.439891599999999698e+02,-9.019539800000000014e+02,-8.885235999999999876e+02,-4.596171499999999977e-04,7.593181499999999687e+03,1.468303799999999937e+00
3.779999999999999716e+01,6.000553300000000263e+02,-9.021825099999999793e+02,-8.873679300000000012e+02,2.288871299999999942e-01,7.593181499999999687e+03,1.468303799999999937e+00
3.785000000000000142e+01,6.196771400000000085e+02,-9.016868799999999737e+02,-8.863878700000000208e+02,-1.661118900000000120e-01,7.593181499999999687e+03,1.468303799999999937e+00
3.789999999999999858e+01,5.790012900000000400e+02,-9.002592700000000150e+02,-8.859644899999999552e+02,-3.365777699999999983e-02,7.593181499999999687e+03,1.468303799999999937e+00
3.795000000000000284e+01,7.160963699999999790e+02,-9.035925899999999729e+02,-8.859131200000000490e+02,2.304778100000000052e-01,7.593181499999999687e+03,1.468303799999999937e+00
3.800000000000000000e+01,6.490279799999999568e+02,-9.029121599999999717e+02,-8.868885099999999966e+02,-1.683513400000000160e-01,7.593181499999999687e+03,1.468303799999999937e+00
3.804999999999999716e+01,6.123243400000000065e+02,-9.028348399999999856e+02,-8.877173500000000104e+02,-5.239445899999999740e-02,7.593181499999999687e+03,1.468303799999999937e+00
3.810000000000000142e+01,5.745749799999999823e+02,-9.022704800000000205e+02,-8.880849799999999732e+02,-1.320600300000000227e-01,7.593181499999999687e+03,1.468303799999999937e+00
3.814999999999999858e+01,6.268715200000000323e+02,-9.035981900000000451e+02,-8.881215600000000450e+02,4.050673800000000324e-01,7.593181499999999687e+03,1.468303799999999937e+00
3.820000000000000284e+01,5.646132099999999809e+02,-9.021878600000000006e+02,-8.882482999999999720e+02,4.556859500000000340e-02,7.593181499999999687e+03,1.468303799999999937e+00
3.825000000000000000e+01,5.679806999999999562e+02,-9.020789999999999509e+02,-8.880562999999999647e+02,1.497889900000000107e-01,7.593181499999999687e+03,1.468303799999999937e+00
3.829999999999999716e+01,6.095129500000000462e+02,-9.023689799999999650e+02,-8.873209000000000515e+02,-8.061993499999999674e-03,7.593181499999999687e+03,1.468303799999999937e+00
3.835000000000000142e+01,6.736034600000000410e+02,-9.028978899999999612e+02,-8.862675000000000409e+02,-7.166615700000000810e-02,7.593181499999999687e+03,1.468303799999999937e+00
3.839999999999999858e+01,6.412179499999999734e+02,-9.013427599999999984e+02,-8.855119300000000067e+02,-2.236972500000000003e-02,7.593181499999999687e+03,1.468303799999999937e+00
3.845000000000000284e+01,6.958734600000000228e+02,-9.024089999999999918e+02,-8.852287900000000036e+02,-2.790518300000000562e-01,7.593181499999999687e+03,1.468303799999999937e+00
3.850000000000000000e+01,6.501511799999999539e+02,-9.020047100000000455e+02,-8.859533300000000509e+02,7.165172700000001227e-02,7.593181499999999687e+03,1.468303799999999937e+00
3.854999999999999716e+01,5.784727900000000318e+02,-9.015780499999999620e+02,-8.872963200000000370e+02,1.858589299999999916e-02,7.593181499999999687e+03,1.468303799999999937e+00
3.860000000000000142e+01,5.827482099999999718e+02,-9.022331699999999728e+02,-8.878458799999999655e+02,2.005534900000000356e-02,7.593181499999999687e+03,1.468303799999999937e+00
3.864999999999999858e+01,5.913821100000000115e+02,-9.025357999999999947e+02,-8.879353499999999713e+02,4.228973500000000191e-02,7.593181499999999687e+03,1.468303799999999937e+00
3.870000000000000284e+01,5.900990600000000086e+02,-9.026172800000000507e+02,-8.880485099999999647e+02,7.221903899999999876e-02,7.593181499999999687e+03,1.468303799999999937e+00
3.875000000000000000e+01,6.134623599999999897e+02,-9.032985999999999649e+02,-8.881530199999999695e+02,-8.330618700000000376e-03,7.593181499999999687e+03,1.468303799999999937e+00
3.879999999999999716e+01,5.584599600000000237e+02,-9.021483799999999746e+02,-8.883607399999999643e+02,2.231392400000000165e-01,7.593181499999999687e+03,1.468303799999999937e+00
3.885000000000000142e+01,5.922172900000000482e+02,-9.031411200000000008e+02,-8.885200499999999693e+02,-2.015059800000000012e-01,7.593181499999999687e+03,1.468303799999999937e+00
3.889999999999999858e+01,5.939412899999999809e+02,-9.033602399999999761e+02,-8.886966099999999642e+02,2.679085500000000231e-01,7.593181499999999687e+03,1.468303799999999937e+00
3.895000000000000284e+01,5.806278399999999920e+02,-9.032245599999999968e+02,-8.888896200000000363e+02,-8.660907800000000600e-02,7.593181499999999687e+03,1.468303799999999937e+00
3.900000000000000000e+01,5.323132699999999886e+02,-9.019961299999999937e+02,-8.888540199999999913e+02,-9.023736900000001171e-02,7.593181499999999687e+03,1.468303799999999937e+00
3.904999999999999716e+01,6.046538699999999835e+02,-9.029483599999999797e+02,-8.880202500000000327e+02,-7.983619800000001099e-02,7.593181499999999687e+03,1.468303799999999937e+00
3.910000000000000142e+01,5.947751899999999523e+02,-9.016088899999999740e+02,-8.869246699999999919e+02,1.696859800000000140e-01,7.593181499999999687e+03,1.468303799999999937e+00
3.914999999999999858e+01,6.316838699999999562e+02,-9.016941299999999728e+02,-8.860986900000000333e+02,1.730722500000000108e-01,7.593181499999999687e+03,1.468303799999999937e+00
3.920000000000000284e+01,6.108023500000000467e+02,-9.008684399999999641e+02,-8.857885300000000370e+02,2.013775800000000005e-01,7.593181499999999687e+03,1.468303799999999937e+00
3.925000000000000000e+01,6.374096799999999803e+02,-9.017523499999999785e+02,-8.860155399999999872e+02,2.792104300000000094e-01,7.593181499999999687e+03,1.468303799999999937e+00
3.929999999999999716e+01,6.406246899999999869e+02,-9.026131599999999935e+02,-8.867969799999999623e+02,-6.169627800000000023e-02,7.593181499999999687e+03,1.468303799999999937e+00
3.935000000000000142e+01,5.938291900000000396e+02,-9.024349700000000212e+02,-8.877740999999999758e+02,3.548490899999999781e-01,7.593181499999999687e+03,1.468303799999999937e+00
3.939999999999999858e+01,5.620762200000000348e+02,-9.022292700000000423e+02,-8.883523500000000013e+02,-5.495706900000000422e-02,7.593181499999999687e+03,1.468303799999999937e+00
3.945000000000000284e+01,5.916623899999999594e+02,-9.029492000000000189e+02,-8.883418299999999590e+02,6.787306800000000861e-02,7.593181499999999687e+03,1.468303799999999937e+00
3.950000000000000000e+01,6.102834599999999909e+02,-9.032776800000000321e+02,-8.882105800000000499e+02,-8.310838300000000789e-02,7.593181499999999687e+03,1.468303799999999937e+00
3.954999999999999716e+01,6.232267600000000130e+02,-9.034864599999999655e+02,-8.880998100000000477e+02,1.694712399999999952e-01,7.593181499999999687e+03,1.468303799999999937e+00
3.960000000000000142e+01,5.824805300000000443e+02,-9.024799600000000055e+02,-8.880992800000000216e+02,1.986751900000000015e-01,7.593181499999999687e+03,1.468303799999999937e+00
3.964999999999999858e+01,5.688437900000000127e+02,-9.021499800000000278e+02,-8.881059699999999566e+02,-2.492983099999999952e-02,7.593181499999999687e+03,1.468303799999999937e+00
3.970000000000000284e+01,6.070775700000000370e+02,-9.028089099999999689e+02,-8.878209699999999884e+02,2.179155700000000029e-01,7.593181499999999687e+03,1.468303799999999937e+00
3.975000000000000000e+01,6.164520499999999856e+02,-9.020673100000000204e+02,-8.868479099999999562e+02,-1.196532300000000132e-01,7.593181499999999687e+03,1.468303799999999937e+00
3.979999999999999716e+01,6.328484499999999571e+02,-9.014238100000000031e+02,-8.857996200000000044e+02,5.468296000000000268e-02,7.593181499999999687e+03,1.468303799999999937e+00
3.985000000000000142e+01,6.014132200000000239e+02,-9.001598000000000184e+02,-8.853116999999999734e+02,-1.951741700000000218e-02,7.593181499999999687e+03,1.468303799999999937e+00
3.989999999999999858e+01,6.152208500000000413e+02,-9.002803499999999985e+02,-8.850913500000000340e+02,-3.749088300000000262e-02,7.593181499999999687e+03,1.468303799999999937e+00
3.995000000000000284e+01,6.340702900000000000e+02,-9.008602799999999888e+02,-8.852059100000000171e+02,-2.457298200000000432e-01,7.593181499999999687e+03,1.468303799999999937e+00
4.000000000000000000e+01,6.446022000000000389e+02,-9.018886499999999842e+02,-8.859742599999999584e+02,-1.339628999999999993e-02,7.593181499999999687e+03,1.468303799999999937e+00
4.004999999999999716e+01,6.184304100000000517e+02,-9.027448299999999790e+02,-8.874765899999999874e+02,1.446595300000000084e-01,7.593181499999999687e+03,1.468303799999999937e+00
4.010000000000000142e+01,6.017245699999999715e+02,-9.031486400000000003e+02,-8.882928500000000440e+02,1.185936300000000124e-02,7.593181499999999687e+03,1.468303799999999937e+00
4.014999999999999858e+01,5.923406700000000455e+02,-9.032539000000000442e+02,-8.886297799999999825e+02,-1.320320300000000224e-01,7.593181499999999687e+03,1.468303799999999937e+00
4.020000000000000284e+01,5.355324200000000019e+02,-9.019935000000000400e+02,-8.887719100000000481e+02,1.466507999999999978e-01,7.593181499999999687e+03,1.468303799999999937e+00
4.025000000000000000e+01,5.561630999999999858e+02,-9.021279200000000174e+02,-8.883969899999999598e+02,7.169054800000000671e-02,7.593181499999999687e+03,1.468303799999999937e+00
4.029999999999999716e+01,5.844131999999999607e+02,-9.019898200000000088e+02,-8.875614199999999983e+02,-4.185715900000000489e-02,7.593181499999999687e+03,1.468303799999999937e+00
4.035000000000000142e+01,5.856096000000000004e+02,-9.012298500000000558e+02,-8.867719200000000228e+02,-7.002718599999999127e-02,7.593181499999999687e+03,1.468303799999999937e+00
4.039999999999999858e+01,5.894612100000000510e+02,-9.007732200000000375e+02,-8.862201900000000023e+02,2.039877200000000113e-01,7.593181499999999687e+03,1.468303799999999937e+00
4.045000000000000284e+01,6.134224299999999630e+02,-9.010744600000000446e+02,-8.859298700000000508e+02,-9.495771800000001039e-02,7.593181499999999687e+03,1.468303799999999937e+00
4.050000000000000000e+01,6.111518800000000056e+02,-9.010834099999999580e+02,-8.859948699999999917e+02,1.291637600000000163e-01,7.593181499999999687e+03,1.468303799999999937e+00
4.054999999999999716e+01,6.117434399999999641e+02,-9.012444600000000037e+02,-8.861413199999999506e+02,-2.392502599999999924e-01,7.593181499999999687e+03,1.468303799999999937e+00
4.060000000000000142e+01,6.306821999999999662e+02,-9.021552400000000489e+02,-8.865845299999999725e+02,3.991499800000000153e-01,7.593181499999999687e+03,1.468303799999999937e+00
4.064999999999999858e+01,6.044184999999999945e+02,-9.021427800000000161e+02,-8.872204799999999523e+02,1.171564100000000164e-01,7.593181499999999687e+03,1.468303799999999937e+00
4.070000000000000284e+01,5.831973799999999528e+02,-9.020222700000000486e+02,-8.876238899999999603e+02,1.551352599999999970e-01,7.593181499999999687e+03,1.468303799999999937e+00
4.075000000000000000e+01,5.897347700000000259e+02,-9.022394399999999450e+02,-8.876796600000000126e+02,1.493976100000000140e-01,7.593181499999999687e+03,1.468303799999999937e+00
4.079999999999999716e+01,5.934644799999999805e+02,-9.022893299999999499e+02,-8.876374700000000075e+02,8.220603300000001168e-02,7.593181499999999687e+03,1.468303799999999937e+00
4.085000000000000142e+01,6.095257500000000164e+02,-9.026793900000000122e+02,-8.876309899999999971e+02,-2.826762400000000230e-01,7.593181499999999687e+03,1.468303799999999937e+00
4.089999999999999858e+01,6.189904900000000225e+02,-9.030025699999999915e+02,-8.877205099999999902e+02,6.521959300000000626e-02,7.593181499999999687e+03,1.468303799999999937e+00
4.095000000000000284e+01,5.668132000000000517e+02,-9.018894400000000360e+02,-8.878955600000000459e+02,1.791550699999999996e-01,7.593181499999999687e+03,1.468303799999999937e+00
4.100000000000000000e+01,5.343716899999999441e+02,-9.010214099999999462e+02,-8.878284800000000132e+02,-3.608141500000000557e-01,7.593181499999999687e+03,1.468303799999999937e+00
4.104999999999999716e+01,5.809450500000000375e+02,-9.016949299999999994e+02,-8.873521600000000262e+02,1.886807600000000307e-01,7.593181499999999687e+03,1.468303799999999937e+00
4.110000000000000142e+01,6.156730999999999767e+02,-9.018480899999999565e+02,-8.866479299999999739e+02,9.514614500000000141e-02,7.593181499999999687e+03,1.468303799999999937e+00
4.114999999999999858e+01,6.281963600000000270e+02,-9.012901900000000524e+02,-8.857808400000000120e+02,-1.495607500000000201e-01,7.593181499999999687e+03,1.468303799999999937e+00
4.120000000000000284e+01,6.179366599999999607e+02,-9.003138599999999769e+02,-8.850578100000000177e+02,-8.876579900000000634e-02,7.593181499999999687e+03,1.468303799999999937e+00
4.125000000000000000e+01,6.744145300000000134e+02,-9.012820100000000139e+02,-8.846316000000000486e+02,2.059715200000000190e-01,7.593181499999999687e+03,1.468303799999999937e+00
4.129999999999999716e+01,6.366047700000000304e+02,-9.007825000000000273e+02,-8.850655699999999797e+02,-4.777199199999999923e-02,7.593181499999999687e+03,1.468303799999999937e+00
4.135000000000000142e+01,5.589342699999999695e+02,-9.003735199999999850e+02,-8.865741699999999810e+02,2.944641300000000114e-02,7.593181499999999687e+03,1.468303799999999937e+00
4.139999999999999858e+01,5.934348499999999831e+02,-9.021579900000000407e+02,-8.875068599999999606e+02,-1.421817100000000167e-01,7.593181499999999687e+03,1.468303799999999937e+00
4.145000000000000284e+01,5.842650999999999613e+02,-9.023262499999999591e+02,-8.879015100000000302e+02,1.006956900000000044e-01,7.593181499999999687e+03,1.468303799999999937e+00
4.150000000000000000e+01,5.251188499999999522e+02,-9.010057699999999841e+02,-8.880412700000000541e+02,-9.575864700000000229e-02,7.593181499999999687e+03,1.468303799999999937e+00
4.154999999999999716e+01,5.572433499999999640e+02,-9.013445400000000518e+02,-8.875869400000000269e+02,3.572130200000000252e-03,7.593181499999999687e+03,1.468303799999999937e+00
4.160000000000000142e+01,6.341433700000000044e+02,-9.025685300000000097e+02,-8.869123600000000351e+02,-8.405098399999999872e-03,7.593181499999999687e+03,1.468303799999999937e+00
4.164999999999999858e+01,6.038671699999999873e+02,-9.015865999999999758e+02,-8.866779099999999971e+02,1.349209399999999892e-01,7.593181499999999687e+03,1.468303799999999937e+00
4.170000000000000284e+01,6.162857400000000325e+02,-9.018342999999999847e+02,-8.866190199999999777e+02,1.683406600000000031e-01,7.593181499999999687e+03,1.468303799999999937e+00
4.175000000000000000e+01,6.053700300000000425e+02,-9.014543999999999642e+02,-8.865086099999999760e+02,2.398443200000000275e-01,7.593181499999999687e+03,1.468303799999999937e+00
4.179999999999999716e+01,6.034307400000000143e+02,-9.012650599999999486e+02,-8.863671399999999494e+02,-2.604492100000000213e-02,7.593181499999999687e+03,1.468303799999999937e+00
4.185000000000000142e+01,6.032608900000000176e+02,-9.012419700000000375e+02,-8.863482500000000073e+02,1.800907400000000269e-01,7.593181499999999687e+03,1.468303799999999937e+00
4.189999999999999858e+01,5.766040699999999788e+02,-9.007330600000000231e+02,-8.864974600000000464e+02,-1.670549400000000129e-01,7.593181499999999687e+03,1.468303799999999937e+00
4.195000000000000284e+01,6.238460300000000416e+02,-9.022405099999999720e+02,-8.868385700000000043e+02,1.335037800000000163e-01,7.593181499999999687e+03,1.468303799999999937e+00
4.200000000000000000e+01,6.136512099999999919e+02,-9.026914399999999432e+02,-8.875412000000000035e+02,-2.032992400000000199e-01,7.593181499999999687e+03,1.468303799999999937e+00
4.204999999999999716e+01,5.566748800000000301e+02,-9.019277600000000348e+02,-8.881841799999999694e+02,2.319538700000000064e-01,7.593181499999999687e+03,1.468303799999999937e+00
4.210000000000000142e+01,6.213201999999999998e+02,-9.037587300000000141e+02,-8.884191499999999451e+02,4.449250500000000164e-02,7.593181499999999687e+03,1.468303799999999937e+00
4.214999999999999858e+01,5.950074899999999616e+02,-9.031079200000000355e+02,-8.884179699999999684e+02,-2.106893200000000133e-01,7.593181499999999687e+03,1.468303799999999937e+00
4.220000000000000284e+01,6.730442699999999832e+02,-9.046665900000000420e+02,-8.880500100000000430e+02,2.126940500000000164e-02,7.593181499999999687e+03,1.468303799999999937e+00
4.225000000000000000e+01,6.026578399999999647e+02,-9.028717299999999568e+02,-8.879928999999999633e+02,3.392184900000000392e-01,7.593181499999999687e+03,1.468303799999999937e+00
4.229999999999999716e+01,5.686548500000000104e+02,-9.019225999999999885e+02,-8.878832599999999502e+02,3.029868500000000228e-02,7.593181499999999687e+03,1.468303799999999937e+00
4.235000000000000142e+01,5.887019800000000487e+02,-9.019823900000000094e+02,-8.874481100000000424e+02,3.334179700000000635e-02,7.593181499999999687e+03,1.468303799999999937e+00
4.239999999999999858e+01,6.521768200000000206e+02,-9.028735699999999724e+02,-8.867721800000000485e+02,1.461379800000000007e-01,7.593181499999999687e+03,1.468303799999999937e+00
4.245000000000000284e+01,6.216903999999999542e+02,-9.016964699999999766e+02,-8.863477500000000191e+02,8.810233300000000489e-02,7.593181499999999687e+03,1.468303799999999937e+00
4.250000000000000000e+01,5.854762699999999995e+02,-9.007189499999999498e+02,-8.862643100000000231e+02,3.477062100000000155e-01,7.593181499999999687e+03,1.468303799999999937e+00
4.254999999999999716e+01,5.939778700000000526e+02,-9.010259800000000041e+02,-8.863614499999999907e+02,4.885219000000000367e-02,7.593181499999999687e+03,1.468303799999999937e+00
4.260000000000000142e+01,5.883755400000000009e+02,-9.009699500000000398e+02,-8.864437299999999595e+02,3.430510800000000082e-01,7.593181499999999687e+03,1.468303799999999937e+00
4.264999999999999858e+01,6.193207899999999881e+02,-9.018973499999999603e+02,-8.866071299999999837e+02,2.740093299999999954e-01,7.593181499999999687e+03,1.468303799999999937e+00
4.270000000000000284e+01,6.007089399999999841e+02,-9.022185699999999997e+02,-8.873878499999999576e+02,1.269734799999999997e-01,7.593181499999999687e+03,1.468303799999999937e+00
4.275000000000000000e+01,5.718591999999999871e+02,-9.025466599999999744e+02,-8.884281999999999471e+02,1.443957200000000052e-01,7.593181499999999687e+03,1.468303799999999937e+00
4.279999999999999716e+01,5.446024300000000267e+02,-9.023397999999999683e+02,-8.888942899999999554e+02,4.564554900000000054e-02,7.593181499999999687e+03,1.468303799999999937e+00
4.285000000000000142e+01,5.515735600000000431e+02,-9.021805699999999888e+02,-8.885629400000000260e+02,3.394306200000000162e-01,7.593181499999999687e+03,1.468303799999999937e+00
4.289999999999999858e+01,6.125418100000000550e+02,-9.028413100000000213e+02,-8.877184499999999616e+02,5.535081699999999660e-02,7.593181499999999687e+03,1.468303799999999937e+00
4.295000000000000284e+01,5.653555699999999433e+02,-9.010380599999999731e+02,-8.870801800000000412e+02,1.355067900000000158e-01,7.593181499999999687e+03,1.468303799999999937e+00
4.300000000000000000e+01,6.123759099999999762e+02,-9.017549000000000206e+02,-8.866361500000000433e+02,2.263384100000000454e-01,7.593181499999999687e+03,1.468303799999999937e+00
4.304999999999999716e+01,6.615285400000000209e+02,-9.030388100000000122e+02,-8.867065400000000182e+02,2.434267100000000184e-01,7.593181499999999687e+03,1.468303799999999937e+00
4.310000000000000142e+01,5.653594299999999748e+02,-9.010339300000000549e+02,-8.870759500000000344e+02,-1.197886100000000037e-02,7.593181499999999687e+03,1.468303799999999937e+00
4.314999999999999858e+01,6.019475300000000288e+02,-9.019275199999999586e+02,-8.870662200000000439e+02,6.899308200000001112e-02,7.593181499999999687e+03,1.468303799999999937e+00
4.320000000000000284e+01,6.165941500000000133e+02,-9.024479099999999789e+02,-8.872250099999999975e+02,-7.749652700000000949e-02,7.593181499999999687e+03,1.468303799999999937e+00
4.325000000000000000e+01,6.367559800000000223e+02,-9.034043799999999464e+02,-8.876837100000000191e+02,-1.466957400000000189e-01,7.593181499999999687e+03,1.468303799999999937e+00
4.329999999999999716e+01,6.073525200000000268e+02,-9.034433099999999968e+02,-8.884485799999999927e+02,-1.245729500000000017e-01,7.593181499999999687e+03,1.468303799999999937e+00
4.335000000000000142e+01,5.470768299999999726e+02,-9.028506899999999860e+02,-8.893440799999999626e+02,1.779078099999999996e-01,7.593181499999999687e+03,1.468303799999999937e+00
4.339999999999999858e+01,5.641098299999999881e+02,-9.036770400000000336e+02,-8.897499099999999999e+02,2.035852200000000112e-01,7.593181499999999687e+03,1.468303799999999937e+00
4.345000000000000284e+01,5.410561599999999771e+02,-9.031013900000000376e+02,-8.897434200000000146e+02,-2.496855100000000272e-01,7.593181499999999687e+03,1.468303799999999937e+00
4.350000000000000000e+01,5.694898299999999836e+02,-9.027116899999999760e+02,-8.886517300000000432e+02,3.164653400000000394e-01,7.593181499999999687e+03,1.468303799999999937e+00
4.354999999999999716e+01,6.009814499999999953e+02,-9.016525699999999688e+02,-8.868151199999999790e+02,-1.850246700000000022e-01,7.593181499999999687e+03,1.468303799999999937e+00
4.360000000000000142e+01,5.369714000000000169e+02,-8.992525799999999663e+02,-8.859954599999999800e+02,1.547552500000000109e-01,7.593181499999999687e+03,1.468303799999999937e+00
4.364999999999999858e+01,6.923714899999999943e+02,-9.022592899999999645e+02,-8.851655399999999645e+02,-1.382981100000000019e-01,7.593181499999999687e+03,1.468303799999999937e+00
4.370000000000000284e+01,6.906187300000000278e+02,-9.022921300000000429e+02,-8.852416600000000244e+02,1.650370700000000079e-01,7.593181499999999687e+03,1.468303799999999937e+00
4.375000000000000000e+01,5.769288800000000492e+02,-9.004626600000000280e+02,-8.862190399999999499e+02,2.786983400000000444e-01,7.593181499999999687e+03,1.468303799999999937e+00
4.379999999999999716e+01,6.066753099999999677e+02,-9.022102899999999863e+02,-8.872322799999999461e+02,2.275082100000000163e-01,7.593181499999999687e+03,1.468303799999999937e+00
4.385000000000000142e+01,5.971150099999999838e+02,-9.027762199999999666e+02,-8.880342399999999543e+02,-9.445290900000000156e-02,7.593181499999999687e+03,1.468303799999999937e+00
4.389999999999999858e+01,5.816855699999999842e+02,-9.028221800000000030e+02,-8.884611300000000256e+02,3.783325800000000155e-02,7.593181499999999687e+03,1.468303799999999937e+00
4.395000000000000284e+01,5.484817500000000337e+02,-9.021055199999999559e+02,-8.885642199999999775e+02,-6.745431699999999975e-02,7.593181499999999687e+03,1.468303799999999937e+00
4.400000000000000000e+01,5.904175400000000309e+02,-9.028053400000000011e+02,-8.882287099999999782e+02,7.766258900000000409e-02,7.593181499999999687e+03,1.468303799999999937e+00
4.404999999999999716e+01,6.007506600000000390e+02,-9.024208099999999604e+02,-8.875890600000000177e+02,1.841989300000000107e-01,7.593181499999999687e+03,1.468303799999999937e+00
4.410000000000000142e+01,6.233610499999999774e+02,-9.020564399999999523e+02,-8.866664799999999786e+02,9.043431900000001300e-02,7.593181499999999687e+03,1.468303799999999937e+00
4.414999999999999858e+01,6.059805000000000064e+02,-9.007971700000000510e+02,-8.858363100000000259e+02,9.409297800000000767e-02,7.593181499999999687e+03,1.468303799999999937e+00
4.420000000000000284e+01,6.272577900000000000e+02,-9.007730599999999868e+02,-8.852868899999999712e+02,-9.161899300000000967e-02,7.593181499999999687e+03,1.468303799999999937e+00
4.425000000000000000e+01,6.497696300000000065e+02,-9.013726199999999835e+02,-8.853306599999999662e+02,1.988830400000000109e-01,7.593181499999999687e+03,1.468303799999999937e+00
4.429999999999999716e+01,5.961376299999999446e+02,-9.006611299999999574e+02,-8.859432699999999841e+02,1.369350599999999973e-01,7.593181499999999687e+03,1.468303799999999937e+00
4.435000000000000142e+01,6.355389000000000124e+02,-9.022809499999999616e+02,-8.865903299999999945e+02,3.171677200000000418e-01,7.593181499999999687e+03,1.468303799999999937e+00
4.439999999999999858e+01,6.552716500000000224e+02,-9.031425699999999779e+02,-8.869647800000000188e+02,6.689171000000000700e-03,7.593181499999999687e+03,1.468303799999999937e+00
4.445000000000000284e+01,6.119781000000000404e+02,-9.024121499999999969e+02,-8.873032100000000355e+02,1.008227000000000012e-01,7.593181499999999687e+03,1.468303799999999937e+00
4.450000000000000000e+01,5.920779199999999491e+02,-9.021989600000000564e+02,-8.875813299999999799e+02,4.343551600000000040e-02,7.593181499999999687e+03,1.468303799999999937e+00
4.454999999999999716e+01,6.171680000000000064e+02,-9.029813000000000329e+02,-8.877442300000000159e+02,-1.834916900000000128e-01,7.593181499999999687e+03,1.468303799999999937e+00
4.460000000000000142e+01,6.264488999999999805e+02,-9.034060699999999997e+02,-8.879398599999999533e+02,4.664264500000000480e-01,7.593181499999999687e+03,1.468303799999999937e+00
4.464999999999999858e+01,5.838149600000000419e+02,-9.027459499999999935e+02,-8.883323199999999815e+02,-2.206356800000000007e-01,7.593181499999999687e+03,1.468303799999999937e+00
4.470000000000000284e+01,5.491545899999999847e+02,-9.023353700000000117e+02,-8.887774600000000191e+02,6.493985300000000571e-02,7.593181499999999687e+03,1.468303799999999937e+00
4.475000000000000000e+01,5.674281200000000354e+02,-9.029182200000000194e+02,-8.889091700000000174e+02,-1.258944700000000083e-01,7.593181499999999687e+03,1.468303799999999937e+00
4.479999999999999716e+01,5.385321000000000140e+02,-9.018383099999999786e+02,-8.885426599999999553e+02,-1.469933600000000173e-01,7.593181499999999687e+03,1.468303799999999937e+00
4.485000000000000142e+01,5.964690500000000384e+02,-9.020675899999999956e+02,-8.873415499999999838e+02,1.777184200000000080e-03,7.593181499999999687e+03,1.468303799999999937e+00
4.489999999999999858e+01,6.439112499999999955e+02,-9.022267500000000382e+02,-8.863294300000000021e+02,9.195733300000001609e-02,7.593181499999999687e+03,1.468303799999999937e+00
4.495000000000000284e+01,6.164855099999999766e+02,-9.012294399999999541e+02,-8.860092200000000275e+02,-1.037585499999999911e-01,7.593181499999999687e+03,1.468303799999999937e+00
4.500000000000000000e+01,6.314690699999999879e+02,-9.015090900000000147e+02,-8.859189499999999953e+02,7.025159500000000001e-02,7.593181499999999687e+03,1.468303799999999937e+00
4.504999999999999716e+01,6.625871899999999641e+02,-9.025848200000000361e+02,-8.862264099999999871e+02,1.393805599999999867e-01,7.593181499999999687e+03,1.468303799999999937e+00
4.510000000000000142e+01,5.478201900000000251e+02,-9.005408300000000281e+02,-8.870158699999999499e+02,-2.823714700000000064e-02,7.593181499999999687e+03,1.468303799999999937e+00
4.514999999999999858e+01,5.921851900000000342e+02,-9.020385700000000497e+02,-8.874182899999999563e+02,2.899004700000000212e-01,7.593181499999999687e+03,1.468303799999999937e+00
4.520000000000000284e+01,6.014542800000000398e+02,-9.026168199999999615e+02,-8.877676999999999907e+02,-7.126858700000000824e-02,7.593181499999999687e+03,1.468303799999999937e+00
4.525000000000000000e+01,6.055859500000000253e+02,-9.030809500000000298e+02,-8.881298299999999699e+02,5.688339499999999632e-02,7.593181499999999687e+03,1.468303799999999937e+00
4.529999999999999716e+01,5.887907300000000532e+02,-9.030614000000000487e+02,-8.885249300000000403e+02,-4.060566699999999633e-03,7.593181499999999687e+03,1.468303799999999937e+00
4.535000000000000142e+01,5.647684400000000551e+02,-9.029789799999999786e+02,-8.890355799999999817e+02,7.036989400000000575e-03,7.593181499999999687e+03,1.468303799999999937e+00
4.539999999999999858e+01,5.489645699999999806e+02,-9.034360699999999724e+02,-8.898828499999999622e+02,2.488720899999999903e-01,7.593181499999999687e+03,1.468303799999999937e+00
4.545000000000000284e+01,4.959295799999999872e+02,-9.026870400000000245e+02,-8.904431899999999587e+02,2.639101400000000153e-01,7.593181499999999687e+03,1.468303799999999937e+00
4.550000000000000000e+01,5.298332400000000462e+02,-9.031490400000000136e+02,-8.900681600000000344e+02,-1.793165400000000242e-01,7.593181499999999687e+03,1.468303799999999937e+00
4.554999999999999716e+01,5.722014400000000478e+02,-9.030898399999999810e+02,-8.889629400000000032e+02,-4.871273600000000648e-02,7.593181499999999687e+03,1.468303799999999937e+00
4.560000000000000142e+01,5.538265699999999470e+02,-9.016078400000000101e+02,-8.879345899999999574e+02,8.780913500000001037e-02,7.593181499999999687e+03,1.468303799999999937e+00
4.564999999999999858e+01,5.960503999999999678e+02,-9.017937799999999697e+02,-8.870780799999999999e+02,1.325391000000000208e-01,7.593181499999999687e+03,1.468303799999999937e+00
4.570000000000000284e+01,5.748170900000000074e+02,-9.006362500000000182e+02,-8.864447699999999486e+02,7.233540600000001181e-03,7.593181499999999687e+03,1.468303799999999937e+00
4.575000000000000000e+01,5.820921700000000101e+02,-9.003820100000000366e+02,-8.860109200000000556e+02,1.360835300000000081e-01,7.593181499999999687e+03,1.468303799999999937e+00
4.579999999999999716e+01,6.445279600000000073e+02,-9.015346399999999676e+02,-8.856220899999999574e+02,-1.453296300000000152e-01,7.593181499999999687e+03,1.468303799999999937e+00
4.585000000000000142e+01,6.348164799999999559e+02,-9.011979499999999916e+02,-8.855251700000000028e+02,1.214531400000000150e-01,7.593181499999999687e+03,1.468303799999999937e+00
4.589999999999999858e+01,6.144440299999999979e+02,-9.009755999999999858e+02,-8.858057800000000270e+02,-3.638245200000000262e-02,7.593181499999999687e+03,1.468303799999999937e+00
4.595000000000000284e+01,5.735156100000000379e+02,-9.007317799999999579e+02,-8.865724300000000540e+02,1.364446599999999954e-01,7.593181499999999687e+03,1.468303799999999937e+00
4.600000000000000000e+01,5.599102299999999559e+02,-9.015316900000000260e+02,-8.877082400000000462e+02,-9.804427699999999912e-02,7.593181499999999687e+03,1.468303799999999937e+00
4.604999999999999716e+01,5.961862099999999600e+02,-9.033228699999999662e+02,-8.886038099999999531e+02,6.325721600000000500e-02,7.593181499999999687e+03,1.468303799999999937e+00
4.610000000000000142e+01,5.945605900000000474e+02,-9.035914599999999837e+02,-8.889125400000000354e+02,-2.441459699999999899e-01,7.593181499999999687e+03,1.468303799999999937e+00
4.614999999999999858e+01,6.176011700000000246e+02,-9.042023900000000367e+02,-8.889546299999999519e+02,-7.027655800000000286e-02,7.593181499999999687e+03,1.468303799999999937e+00
4.620000000000000284e+01,5.546084100000000490e+02,-9.026932399999999461e+02,-8.890006799999999885e+02,2.178319500000000242e-01,7.593181499999999687e+03,1.468303799999999937e+00
4.625000000000000000e+01,6.230919900000000098e+02,-9.043654999999999973e+02,-8.889821799999999712e+02,-2.064983499999999833e-02,7.593181499999999687e+03,1.468303799999999937e+00
4.629999999999999716e+01,5.644602300000000241e+02,-9.031924299999999448e+02,-8.892566500000000360e+02,-7.439262800000000231e-02,7.593181499999999687e+03,1.468303799999999937e+00
4.635000000000000142e+01,6.430141099999999597e+02,-9.053792300000000068e+02,-8.895040599999999813e+02,5.054074700000000392e-02,7.593181499999999687e+03,1.468303799999999937e+00
4.639999999999999858e+01,5.420618600000000242e+02,-9.038635000000000446e+02,-8.904807100000000446e+02,3.616453000000000029e-01,7.593181499999999687e+03,1.468303799999999937e+00
4.645000000000000284e+01,5.271966899999999896e+02,-9.046091199999999617e+02,-8.915933300000000372e+02,-1.276491000000000153e-01,7.593181499999999687e+03,1.468303799999999937e+00
4.650000000000000000e+01,5.547430100000000266e+02,-9.055368700000000217e+02,-8.918410000000000082e+02,1.989131700000000003e-01,7.593181499999999687e+03,1.468303799999999937e+00
4.654999999999999716e+01,5.086465200000000095e+02,-9.039701300000000401e+02,-8.914123100000000477e+02,1.562559800000000165e-01,7.593181499999999687e+03,1.468303799999999937e+00
4.660000000000000142e+01,5.535041700000000446e+02,-9.039436899999999468e+02,-8.902784000000000333e+02,1.073567200000000027e-01,7.593181499999999687e+03,1.468303799999999937e+00
4.664999999999999858e+01,5.491423600000000533e+02,-9.030011200000000144e+02,-8.894435200000000350e+02,-3.743126900000000590e-01,7.593181499999999687e+03,1.468303799999999937e+00
4.670000000000000284e+01,5.555566900000000032e+02,-9.026050400000000309e+02,-8.888890800000000354e+02,2.302500399999999892e-01,7.593181499999999687e+03,1.468303799999999937e+00
4.675000000000000000e+01,5.954930799999999635e+02,-9.029884899999999561e+02,-8.882865500000000338e+02,-6.027759600000000967e-02,7.593181499999999687e+03,1.468303799999999937e+00
4.679999999999999716e+01,6.304354600000000346e+02,-9.032472199999999702e+02,-8.876825999999999794e+02,2.727804400000000129e-01,7.593181499999999687e+03,1.468303799999999937e+00
4.685000000000000142e+01,6.100329199999999901e+02,-9.023440500000000384e+02,-8.872831400000000031e+02,-1.553626600000000135e-01,7.593181499999999687e+03,1.468303799999999937e+00
4.689999999999999858e+01,6.140827100000000200e+02,-9.022023599999999988e+02,-8.870414600000000291e+02,-1.924913900000000122e-01,7.593181499999999687e+03,1.468303799999999937e+00
4.695000000000000284e+01,6.295352199999999812e+02,-9.025074600000000373e+02,-8.869650599999999940e+02,1.465282700000000065e-03,7.593181499999999687e+03,1.468303799999999937e+00
4.700000000000000000e+01,6.322337199999999484e+02,-9.028254799999999705e+02,-8.872164599999999837e+02,1.615657400000000132e-01,7.593181499999999687e+03,1.468303799999999937e+00
4.704999999999999716e+01,5.847134300000000167e+02,-9.024669499999999971e+02,-8.880311400000000503e+02,2.426745600000000391e-01,7.593181499999999687e+03,1.468303799999999937e+00
4.710000000000000142e+01,5.529223899999999503e+02,-9.026226699999999710e+02,-8.889717399999999543e+02,3.103821700000000128e-01,7.593181499999999687e+03,1.468303799999999937e+00
4.714999999999999858e+01,5.906805299999999761e+02,-9.040423299999999927e+02,-8.894592099999999846e+02,-7.630533600000000138e-02,7.593181499999999687e+03,1.468303799999999937e+00
4.720000000000000284e+01,6.037955799999999726e+02,-9.045863500000000386e+02,-8.896794300000000248e+02,-6.282339700000000304e-03,7.593181499999999687e+03,1.468303799999999937e+00
4.725000000000000000e+01,5.765075000000000500e+02,-9.038728700000000345e+02,-8.896396600000000490e+02,-2.851829300000000011e-01,7.593181499999999687e+03,1.468303799999999937e+00
4.729999999999999716e+01,5.827881800000000112e+02,-9.033430499999999483e+02,-8.889547800000000279e+02,-3.128725600000000634e-02,7.593181499999999687e+03,1.468303799999999937e+00
4.735000000000000142e+01,5.850226800000000367e+02,-9.018289300000000139e+02,-8.873854900000000043e+02,1.750335500000000100e-01,7.593181499999999687e+03,1.468303799999999937e+00
4.739999999999999858e+01,6.225958699999999908e+02,-9.016192800000000034e+02,-8.862482099999999718e+02,-1.933071899999999899e-01,7.593181499999999687e+03,1.468303799999999937e+00
4.745000000000000284e+01,6.657702299999999696e+02,-9.023992899999999509e+02,-8.859623000000000275e+02,5.457039800000000607e-02,7.593181499999999687e+03,1.468303799999999937e+00
4.750000000000000000e+01,5.703212899999999763e+02,-9.004324500000000171e+02,-8.863519700000000512e+02,-4.244857699999999845e-01,7.593181499999999687e+03,1.468303799999999937e+00
4.754999999999999716e+01,5.865103900000000294e+02,-9.012194899999999507e+02,-8.867393200000000206e+02,1.650434199999999962e-01,7.593181499999999687e+03,1.468303799999999937e+00
4.760000000000000142e+01,6.315740200000000186e+02,-9.029201399999999467e+02,-8.873274000000000115e+02,-2.738564400000000343e-01,7.593181499999999687e+03,1.468303799999999937e+00
4.764999999999999858e+01,6.379865399999999909e+02,-9.042464899999999943e+02,-8.884954400000000305e+02,3.833040100000000283e-01,7.593181499999999687e+03,1.468303799999999937e+00
4.770000000000000284e+01,5.748566799999999830e+02,-9.037119099999999889e+02,-8.895194500000000062e+02,-2.884424400000000221e-01,7.593181499999999687e+03,1.468303799999999937e+00
4.775000000000000000e+01,5.824774099999999635e+02,-9.042006800000000339e+02,-8.898200799999999617e+02,3.255904000000000020e-01,7.593181499999999687e+03,1.468303799999999937e+00
4.779999999999999716e+01,5.938947600000000193e+02,-9.046448699999999690e+02,-8.899823800000000347e+02,-2.127093899999999982e-01,7.593181499999999687e+03,1.468303799999999937e+00
4.785000000000000142e+01,5.753695099999999911e+02,-9.042072500000000446e+02,-8.900021400000000540e+02,2.763200400000000445e-01,7.593181499999999687e+03,1.468303799999999937e+00
4.789999999999999858e+01,5.963464400000000296e+02,-9.044457999999999629e+02,-8.897227900000000318e+02,2.222379399999999949e-01,7.593181499999999687e+03,1.468303799999999937e+00
4.795000000000000284e+01,5.770398800000000392e+02,-9.036660600000000159e+02,-8.894197000000000344e+02,-2.485110400000000164e-01,7.593181499999999687e+03,1.468303799999999937e+00
4.800000000000000000e+01,6.127760799999999790e+02,-9.038965200000000095e+02,-8.887678799999999910e+02,4.109247699999999948e-01,7.593181499999999687e+03,1.468303799999999937e+00
4.804999999999999716e+01,6.194241200000000163e+02,-9.030266500000000178e+02,-8.877338799999999992e+02,-2.534664699999999993e-01,7.593181499999999687e+03,1.468303799999999937e+00
4.810000000000000142e+01,6.612414199999999482e+02,-9.030864199999999755e+02,-8.867612400000000434e+02,1.252457700000000063e-01,7.593181499999999687e+03,1.468303799999999937e+00
4.814999999999999858e+01,6.556413999999999760e+02,-9.025909299999999575e+02,-8.864039999999999964e+02,-2.617623500000000256e-02,7.593181499999999687e+03,1.468303799999999937e+00
4.820000000000000284e+01,6.245746500000000196e+02,-9.020920099999999593e+02,-8.866720900000000256e+02,6.145443200000000328e-02,7.593181499999999687e+03,1.468303799999999937e+00
4.825000000000000000e+01,6.219338099999999940e+02,-9.026490499999999884e+02,-8.872943199999999706e+02,2.337869200000000092e-01,7.593181499999999687e+03,1.468303799999999937e+00
4.829999999999999716e+01,5.885157299999999623e+02,-9.028528499999999894e+02,-8.883231700000000046e+02,-2.864082099999999964e-01,7.593181499999999687e+03,1.468303799999999937e+00
4.835000000000000142e+01,5.594342599999999948e+02,-9.033548500000000558e+02,-8.895431499999999687e+02,4.982254700000000591e-01,7.593181499999999687e+03,1.468303799999999937e+00
4.839999999999999858e+01,5.041083300000000236e+02,-9.025953799999999774e+02,-8.901495999999999640e+02,1.314005300000000050e-02,7.593181499999999687e+03,1.468303799999999937e+00
4.845000000000000284e+01,5.583196299999999610e+02,-9.036771899999999960e+02,-8.898930100000000039e+02,4.742727800000000049e-01,7.593181499999999687e+03,1.468303799999999937e+00
4.850000000000000000e+01,5.804755999999999858e+02,-9.038408399999999574e+02,-8.895096600000000535e+02,-1.168272400000000127e-01,7.593181499999999687e+03,1.468303799999999937e+00
4.854999999999999716e+01,5.974710800000000290e+02,-9.038635299999999688e+02,-8.891127500000000055e+02,2.249703300000000239e-01,7.593181499999999687e+03,1.468303799999999937e+00
4.860000000000000142e+01,6.011552400000000489e+02,-9.035655199999999923e+02,-8.887237800000000334e+02,-2.965380500000000183e-02,7.593181499999999687e+03,1.468303799999999937e+00
4.864999999999999858e+01,5.681101300000000265e+02,-9.022715600000000222e+02,-8.882456600000000435e+02,7.606269899999999751e-02,7.593181499999999687e+03,1.468303799999999937e+00
4.870000000000000284e+01,6.148762900000000400e+02,-9.026907800000000179e+02,-8.875102900000000545e+02,-2.804925000000000126e-02,7.593181499999999687e+03,1.468303799999999937e+00
4.875000000000000000e+01,6.080291999999999462e+02,-9.018530399999999645e+02,-8.868415999999999713e+02,5.078758199999999778e-02,7.593181499999999687e+03,1.468303799999999937e+00
4.879999999999999716e+01,6.142889499999999998e+02,-9.014302300000000514e+02,-8.862642399999999725e+02,1.139421800000000179e-01,7.593181499999999687e+03,1.468303799999999937e+00
4.885000000000000142e+01,6.218337500000000091e+02,-9.014101600000000190e+02,-8.860579000000000178e+02,1.174873200000000062e-01,7.593181499999999687e+03,1.468303799999999937e+00
4.889999999999999858e+01,6.200868199999999888e+02,-9.013452300000000150e+02,-8.860361000000000331e+02,2.273029500000000314e-01,7.593181499999999687e+03,1.468303799999999937e+00
4.895000000000000284e+01,6.101088200000000370e+02,-9.012518000000000029e+02,-8.861890100000000530e+02,3.202930100000000446e-01,7.593181499999999687e+03,1.468303799999999937e+00
4.900000000000000000e+01,6.109813699999999699e+02,-9.017863700000000335e+02,-8.867020499999999856e+02,1.526013200000000125e-01,7.593181499999999687e+03,1.468303799999999937e+00
4.904999999999999716e+01,5.685034699999999930e+02,-9.016297200000000203e+02,-8.875941100000000006e+02,1.611618999999999968e-01,7.593181499999999687e+03,1.468303799999999937e+00
4.910000000000000142e+01,5.653601099999999633e+02,-9.031767200000000457e+02,-8.892187300000000505e+02,2.160546800000000267e-01,7.593181499999999687e+03,1.468303799999999937e+00
4.914999999999999858e+01,5.313287100000000009e+02,-9.032590800000000399e+02,-8.901412699999999631e+02,2.676026400000000582e-01,7.593181499999999687e+03,1.468303799999999937e+00
4.920000000000000284e+01,5.694400799999999663e+02,-9.041485800000000381e+02,-8.900898600000000442e+02,1.319651100000000243e-01,7.593181499999999687e+03,1.468303799999999937e+00
4.925000000000000000e+01,5.530837400000000343e+02,-9.033532599999999775e+02,-8.896983500000000049e+02,-2.379576599999999875e-01,7.593181499999999687e+03,1.468303799999999937e+00
4.929999999999999716e+01,6.221274399999999787e+02,-9.043632900000000063e+02,-8.890037800000000061e+02,1.007050800000000024e-01,7.593181499999999687e+03,1.468303799999999937e+00
4.935000000000000142e+01,5.991430100000000039e+02,-9.033410199999999577e+02,-8.885489599999999655e+02,5.580548999999999926e-02,7.593181499999999687e+03,1.468303799999999937e+00
4.939999999999999858e+01,5.634688899999999876e+02,-9.020004400000000260e+02,-8.880891299999999546e+02,-2.004263400000000084e-01,7.593181499999999687e+03,1.468303799999999937e+00
4.945000000000000284e+01,6.219315800000000536e+02,-9.027743600000000015e+02,-8.874196799999999712e+02,6.577510899999999827e-02,7.593181499999999687e+03,1.468303799999999937e+00
4.950000000000000000e+01,6.139056799999999612e+02,-9.020987199999999575e+02,-8.869421899999999823e+02,-1.659741500000000147e-01,7.593181499999999687e+03,1.468303799999999937e+00
4.954999999999999716e+01,6.202548399999999447e+02,-9.017278099999999768e+02,-8.864145399999999881e+02,1.343218700000000099e-01,7.593181499999999687e+03,1.468303799999999937e+00
4.960000000000000142e+01,6.532618599999999560e+02,-9.017754499999999780e+02,-8.856472700000000486e+02,1.313745799999999908e-01,7.593181499999999687e+03,1.468303799999999937e+00
4.964999999999999858e+01,6.296524600000000191e+02,-9.000543599999999742e+02,-8.845090599999999768e+02,-2.377474600000000216e-01,7.593181499999999687e+03,1.468303799999999937e+00
4.970000000000000284e+01,7.270993999999999460e+02,-9.011011600000000499e+02,-8.831500300000000152e+02,1.172285699999999903e-01,7.593181499999999687e+03,1.468303799999999937e+00
4.975000000000000000e+01,7.232187400000000252e+02,-9.011269700000000284e+02,-8.832716500000000224e+02,3.126822500000000504e-01,7.593181499999999687e+03,1.468303799999999937e+00
4.979999999999999716e+01,6.541668899999999667e+02,-9.008095700000000079e+02,-8.846590499999999793e+02,3.056372400000000322e-01,7.593181499999999687e+03,1.468303799999999937e+00
4.985000000000000142e+01,6.419335499999999683e+02,-9.014147299999999632e+02,-8.855662300000000187e+02,1.862473199999999940e-01,7.593181499999999687e+03,1.468303799999999937e+00
4.989999999999999858e+01,5.943248499999999694e+02,-9.007336999999999989e+02,-8.860606000000000222e+02,1.157164999999999999e-01,7.593181499999999687e+03,1.468303799999999937e+00
4.995000000000000284e+01,6.403322600000000193e+02,-9.021594700000000557e+02,-8.863505099999999857e+02,2.362877000000000172e-01,7.593181499999999687e+03,1.468303799999999937e+00
5.000000000000000000e+01,5.893720200000000204e+02,-9.013201500000000124e+02,-8.867693299999999681e+02,4.002357000000000137e-02,7.593181499999999687e+03,1.468303799999999937e+00
5.004999999999999716e+01,5.896261500000000524e+02,-9.020138100000000350e+02,-8.874567100000000437e+02,4.090467600000000092e-01,7.593181499999999687e+03,1.468303799999999937e+00
5.010000000000000142e+01,5.978188800000000356e+02,-9.029563699999999926e+02,-8.881970099999999775e+02,7.377159600000000872e-02,7.593181499999999687e+03,1.468303799999999937e+00
5.014999999999999858e+01,5.742117500000000518e+02,-9.027681999999999789e+02,-8.885916600000000471e+02,-1.503404299999999971e-01,7.593181499999999687e+03,1.468303799999999937e+00
5.020000000000000284e+01,5.941137099999999691e+02,-9.031769100000000208e+02,-8.885090300000000525e+02,-3.345053700000000241e-02,7.593181499999999687e+03,1.468303799999999937e+00
5.025000000000000000e+01,5.948494600000000219e+02,-9.026358400000000302e+02,-8.879497900000000072e+02,6.981067400000000311e-02,7.593181499999999687e+03,1.468303799999999937e+00
5.029999999999999716e+01,6.480407300000000532e+02,-9.028066300000000410e+02,-8.868073600000000170e+02,2.554018100000000069e-01,7.593181499999999687e+03,1.468303799999999937e+00
5.035000000000000142e+01,6.121038499999999658e+02,-9.009510000000000218e+02,-8.858389600000000428e+02,-1.845742700000000125e-01,7.593181499999999687e+03,1.468303799999999937e+00
5.039999999999999858e+01,6.725430599999999686e+02,-9.021033499999999776e+02,-8.854991400000000112e+02,6.804560900000000689e-02,7.593181499999999687e+03,1.468303799999999937e+00
5.045000000000000284e+01,5.950323899999999639e+02,-9.003525600000000395e+02,-8.856619899999999461e+02,2.049622500000000125e-01,7.593181499999999687e+03,1.468303799999999937e+00
5.050000000000000000e+01,6.285349200000000565e+02,-9.014160299999999779e+02,-8.858983299999999872e+02,-7.067696499999999438e-02,7.593181499999999687e+03,1.468303799999999937e+00
5.054999999999999716e+01,6.031175799999999754e+02,-9.013049700000000257e+02,-8.864147900000000391e+02,4.667238199999999837e-02,7.593181499999999687e+03,1.468303799999999937e+00
5.060000000000000142e+01,6.094578099999999949e+02,-9.018417100000000346e+02,-8.867949999999999591e+02,2.462598500000000301e-01,7.593181499999999687e+03,1.468303799999999937e+00
5.064999999999999858e+01,6.289772400000000516e+02,-9.027884199999999737e+02,-8.872598000000000411e+02,1.504995999999999938e-02,7.593181499999999687e+03,1.468303799999999937e+00
5.070000000000000284e+01,5.783775000000000546e+02,-9.019302900000000136e+02,-8.876508999999999787e+02,-2.512910700000000053e-01,7.593181499999999687e+03,1.468303799999999937e+00
5.075000000000000000e+01,6.450196600000000444e+02,-9.037233700000000454e+02,-8.877986799999999903e+02,2.110089500000000007e-01,7.593181499999999687e+03,1.468303799999999937e+00
5.079999999999999716e+01,5.985040199999999686e+02,-9.033888600000000224e+02,-8.886125799999999799e+02,-1.683756000000000141e-01,7.593181499999999687e+03,1.468303799999999937e+00
5.085000000000000142e+01,5.180677100000000337e+02,-9.026162699999999859e+02,-8.898258600000000342e+02,4.555627999999999900e-01,7.593181499999999687e+03,1.468303799999999937e+00
5.089999999999999858e+01,5.469826900000000478e+02,-9.039570899999999938e+02,-8.904528099999999995e+02,-3.237289400000000206e-01,7.593181499999999687e+03,1.468303799999999937e+00
5.095000000000000284e+01,5.125788499999999885e+02,-9.029727400000000443e+02,-8.903178400000000465e+02,3.013937400000000211e-01,7.593181499999999687e+03,1.468303799999999937e+00
5.100000000000000000e+01,5.583952500000000327e+02,-9.035265500000000429e+02,-8.897404999999999973e+02,1.289849700000000043e-01,7.593181499999999687e+03,1.468303799999999937e+00
5.104999999999999716e+01,5.511304300000000467e+02,-9.028445699999999761e+02,-8.892378800000000183e+02,-4.706346300000000676e-02,7.593181499999999687e+03,1.468303799999999937e+00
5.110000000000000142e+01,5.664609299999999621e+02,-9.025539899999999989e+02,-8.885688199999999597e+02,3.657978900000000144e-01,7.593181499999999687e+03,1.468303799999999937e+00
5.114999999999999858e+01,6.039925399999999627e+02,-9.026042099999999664e+02,-8.876924299999999448e+02,-8.967750900000000247e-02,7.593181499999999687e+03,1.468303799999999937e+00
5.120000000000000284e+01,6.689144499999999880e+02,-9.034679800000000114e+02,-8.869533599999999751e+02,1.121432100000000071e-01,7.593181499999999687e+03,1.468303799999999937e+00
5.125000000000000000e+01,6.212128500000000031e+02,-9.023197800000000370e+02,-8.869828499999999849e+02,8.343601100000000437e-02,7.593181499999999687e+03,1.468303799999999937e+00
5.129999999999999716e+01,6.074685799999999745e+02,-9.023382299999999532e+02,-8.873406300000000329e+02,3.088903000000000065e-01,7.593181499999999687e+03,1.468303799999999937e+00
5.135000000000000142e+01,5.778885699999999588e+02,-9.021347200000000157e+02,-8.878673999999999751e+02,-2.093781899999999918e-01,7.593181499999999687e+03,1.468303799999999937e+00
5.139999999999999858e+01,5.542768700000000308e+02,-9.020352299999999559e+02,-8.883508600000000115e+02,3.204280999999999935e-01,7.593181499999999687e+03,1.468303799999999937e+00
5.145000000000000284e+01,5.624207699999999477e+02,-9.027303500000000440e+02,-8.888449200000000019e+02,-1.152585200000000032e-01,7.593181499999999687e+03,1.468303799999999937e+00
5.150000000000000000e+01,5.741865500000000111e+02,-9.035385800000000245e+02,-8.893626600000000053e+02,5.644260800000000522e-01,7.593181499999999687e+03,1.468303799999999937e+00
5.154999999999999716e+01,5.482034599999999500e+02,-9.032277299999999514e+02,-8.896933099999999968e+02,-1.463088700000000075e-01,7.593181499999999687e+03,1.468303799999999937e+00
5.160000000000000142e+01,5.582607100000000173e+02,-9.030583599999999933e+02,-8.892756399999999530e+02,1.611000600000000171e-01,7.593181499999999687e+03,1.468303799999999937e+00
5.164999999999999858e+01,6.045607700000000477e+02,-9.028763699999999517e+02,-8.879505599999999959e+02,8.731247400000000103e-02,7.593181499999999687e+03,1.468303799999999937e+00
5.170000000000000284e+01,6.213315400000000182e+02,-9.022870599999999968e+02,-8.869471999999999525e+02,1.387588700000000064e-01,7.593181499999999687e+03,1.468303799999999937e+00
5.175000000000000000e+01,6.297285299999999779e+02,-9.020204400000000078e+02,-8.864732599999999820e+02,1.287814499999999918e-01,7.593181499999999687e+03,1.468303799999999937e+00
5.179999999999999716e+01,6.230545799999999872e+02,-9.018327399999999443e+02,-8.864503300000000081e+02,1.397575500000000082e-01,7.593181499999999687e+03,1.468303799999999937e+00
5.185000000000000142e+01,5.864509199999999964e+02,-9.012922800000000052e+02,-8.868135800000000017e+02,1.708881900000000231e-01,7.593181499999999687e+03,1.468303799999999937e+00
5.189999999999999858e+01,6.165656099999999924e+02,-9.025189699999999675e+02,-8.872967700000000377e+02,3.333694100000000188e-02,7.593181499999999687e+03,1.468303799999999937e+00
5.195000000000000284e+01,5.747034200000000510e+02,-9.022867199999999457e+02,-8.880980399999999690e+02,-3.154356500000000119e-01,7.593181499999999687e+03,1.468303799999999937e+00
5.200000000000000000e+01,5.662648500000000240e+02,-9.027877600000000484e+02,-8.888074199999999792e+02,1.211119500000000099e-01,7.593181499999999687e+03,1.468303799999999937e+00
5.204999999999999716e+01,6.021922100000000455e+02,-9.040885200000000168e+02,-8.892211800000000039e+02,8.976719700000000690e-02,7.593181499999999687e+03,1.468303799999999937e+00
5.210000000000000142e+01,5.747187099999999873e+02,-9.037356099999999515e+02,-8.895465599999999995e+02,-5.637138500000000302e-02,7.593181499999999687e+03,1.468303799999999937e+00
5.214999999999999858e+01,5.723014299999999821e+02,-9.039954999999999927e+02,-8.898661299999999983e+02,-1.620523400000000169e-01,7.593181499999999687e+03,1.468303799999999937e+00
5.220000000000000284e+01,5.566180500000000393e+02,-9.039216199999999617e+02,-8.901794499999999744e+02,1.518101300000000153e-01,7.593181499999999687e+03,1.468303799999999937e+00
5.225000000000000000e+01,5.572671299999999519e+02,-9.038978799999999865e+02,-8.901396799999999985e+02,-1.423798700000000195e-01,7.593181499999999687e+03,1.468303799999999937e+00
5.229999999999999716e+01,5.675968000000000302e+02,-9.034818999999999960e+02,-8.894686799999999494e+02,1.907168500000000211e-01,7.593181499999999687e+03,1.468303799999999937e+00
5.235000000000000142e+01,5.659393199999999524e+02,-9.025048100000000204e+02,-8.885325100000000020e+02,1.050126600000000077e-01,7.593181499999999687e+03,1.468303799999999937e+00
5.239999999999999858e+01,5.844350600000000213e+02,-9.022144700000000057e+02,-8.877855299999999943e+02,1.306329199999999857e-01,7.593181499999999687e+03,1.468303799999999937e+00
5.245000000000000284e+01,5.989332100000000310e+02,-9.019284699999999475e+02,-8.871416000000000395e+02,-9.207750700000000288e-02,7.593181499999999687e+03,1.468303799999999937e+00
5.250000000000000000e+01,5.745728500000000167e+02,-9.008001900000000433e+02,-8.866147399999999834e+02,-7.323330899999999644e-02,7.593181499999999687e+03,1.468303799999999937e+00
5.254999999999999716e+01,6.120517200000000457e+02,-9.012748199999999770e+02,-8.861640599999999495e+02,-1.150682100000000041e-02,7.593181499999999687e+03,1.468303799999999937e+00
5.260000000000000142e+01,6.444650599999999940e+02,-9.019835000000000491e+02,-8.860724999999999909e+02,-6.437399200000000488e-02,7.593181499999999687e+03,1.468303799999999937e+00
5.264999999999999858e+01,6.627617199999999684e+02,-9.026947300000000496e+02,-8.863320099999999684e+02,9.491126800000000696e-02,7.593181499999999687e+03,1.468303799999999937e+00
5.270000000000000284e+01,6.356483200000000124e+02,-9.030518399999999701e+02,-8.873585199999999986e+02,1.644098900000000030e-01,7.593181499999999687e+03,1.468303799999999937e+00
5.275000000000000000e+01,5.934098800000000438e+02,-9.037713599999999587e+02,-8.891208500000000186e+02,-3.612354200000000154e-02,7.593181499999999687e+03,1.468303799999999937e+00
5.279999999999999716e+01,5.419975100000000339e+02,-9.030449200000000474e+02,-8.896637100000000373e+02,2.125736900000000096e-01,7.593181499999999687e+03,1.468303799999999937e+00
5.285000000000000142e+01,6.118625399999999672e+02,-9.046898200000000543e+02,-8.895837400000000343e+02,1.564466399999999979e-01,7.593181499999999687e+03,1.468303799999999937e+00
5.289999999999999858e+01,5.897694900000000189e+02,-9.040335400000000163e+02,-8.894729099999999562e+02,9.262791200000000669e-02,7.593181499999999687e+03,1.468303799999999937e+00
5.295000000000000284e+01,5.790901499999999942e+02,-9.034744299999999839e+02,-8.891774500000000216e+02,-1.652437800000000068e-01,7.593181499999999687e+03,1.468303799999999937e+00
5.300000000000000000e+01,6.050776700000000119e+02,-9.033496900000000096e+02,-8.884111100000000079e+02,2.070676399999999973e-01,7.593181499999999687e+03,1.468303799999999937e+00
5.304999999999999716e+01,6.055044699999999693e+02,-9.025767899999999599e+02,-8.876276800000000549e+02,2.789579799999999943e-01,7.593181499999999687e+03,1.468303799999999937e+00
5.310000000000000142e+01,5.700480099999999766e+02,-9.011634500000000116e+02,-8.870897099999999682e+02,1.644958900000000057e-02,7.593181499999999687e+03,1.468303799999999937e+00
5.314999999999999858e+01,6.319307199999999511e+02,-9.022351300000000265e+02,-8.866335900000000265e+02,3.409854700000000127e-01,7.593181499999999687e+03,1.468303799999999937e+00
5.320000000000000284e+01,5.846592699999999923e+02,-9.010682600000000093e+02,-8.866337899999999763e+02,2.700103699999999995e-01,7.593181499999999687e+03,1.468303799999999937e+00
5.325000000000000000e+01,6.470494700000000421e+02,-9.026485699999999497e+02,-8.866737699999999904e+02,3.228469000000000477e-01,7.593181499999999687e+03,1.468303799999999937e+00
5.329999999999999716e+01,5.746901900000000296e+02,-9.015530899999999974e+02,-8.873647499999999582e+02,-1.011880500000000016e-01,7.593181499999999687e+03,1.468303799999999937e+00
5.335000000000000142e+01,5.807368500000000040e+02,-9.029322300000000041e+02,-8.885946000000000140e+02,3.019185100000000288e-01,7.593181499999999687e+03,1.468303799999999937e+00
5.339999999999999858e+01,6.019324000000000296e+02,-9.044736000000000331e+02,-8.896126799999999548e+02,-2.638157099999999811e-01,7.593181499999999687e+03,1.468303799999999937e+00
5.345000000000000284e+01,5.592167500000000473e+02,-9.039238100000000031e+02,-8.901174800000000005e+02,3.828198199999999773e-01,7.593181499999999687e+03,1.468303799999999937e+00
5.350000000000000000e+01,5.536678299999999808e+02,-9.037010999999999967e+02,-8.900317599999999629e+02,2.064283600000000121e-02,7.593181499999999687e+03,1.468303799999999937e+00
5.354999999999999716e+01,5.851500600000000532e+02,-9.038181899999999587e+02,-8.893716100000000324e+02,2.173908400000000019e-01,7.593181499999999687e+03,1.468303799999999937e+00
5.360000000000000142e+01,5.952910200000000032e+02,-9.031726099999999633e+02,-8.884756499999999733e+02,-1.315862800000000277e-01,7.593181499999999687e+03,1.468303799999999937e+00
5.364999999999999858e+01,6.429087600000000293e+02,-9.037500000000000000e+02,-8.878774300000000039e+02,2.819001500000000160e-01,7.593181499999999687e+03,1.468303799999999937e+00
5.370000000000000284e+01,6.431090599999999995e+02,-9.037178699999999480e+02,-8.878403600000000324e+02,-6.972339100000000955e-02,7.593181499999999687e+03,1.468303799999999937e+00
5.375000000000000000e+01,5.856549099999999726e+02,-9.025597599999999829e+02,-8.881007100000000491e+02,1.523950300000000146e-01,7.593181499999999687e+03,1.468303799999999937e+00
5.379999999999999716e+01,5.850373299999999972e+02,-9.028409599999999955e+02,-8.883971500000000106e+02,3.013067600000000068e-01,7.593181499999999687e+03,1.468303799999999937e+00
5.385000000000000142e+01,5.735362800000000334e+02,-9.026285400000000436e+02,-8.884686799999999494e+02,-2.024027900000000268e-01,7.593181499999999687e+03,1.468303799999999937e+00
5.389999999999999858e+01,6.085207199999999830e+02,-9.031719799999999623e+02,-8.881484000000000378e+02,2.283128400000000169e-01,7.593181499999999687e+03,1.468303799999999937e+00
5.395000000000000284e+01,6.289361699999999473e+02,-9.033992700000000013e+02,-8.878716600000000199e+02,6.310483599999999749e-02,7.593181499999999687e+03,1.468303799999999937e+00
5.400000000000000000e+01,6.258157499999999800e+02,-9.032209699999999657e+02,-8.877703999999999951e+02,1.227640999999999975e-02,7.593181499999999687e+03,1.468303799999999937e+00
5.404999999999999716e+01,5.908475600000000441e+02,-9.023245600000000195e+02,-8.877373099999999795e+02,-2.586547100000000446e-02,7.593181499999999687e+03,1.468303799999999937e+00
5.410000000000000142e+01,6.105844899999999598e+02,-9.025757999999999583e+02,-8.875012699999999768e+02,2.001170499999999908e-01,7.593181499999999687e+03,1.468303799999999937e+00
5.414999999999999858e+01,6.297593900000000531e+02,-9.029890500000000202e+02,-8.874411199999999553e+02,1.993142700000000156e-02,7.593181499999999687e+03,1.468303799999999937e+00
5.420000000000000284e+01,6.096966800000000148e+02,-9.026117400000000544e+02,-8.875591200000000072e+02,2.336562800000000217e-01,7.593181499999999687e+03,1.468303799999999937e+00
5.425000000000000000e+01,6.210692599999999857e+02,-9.029666899999999714e+02,-8.876332999999999629e+02,2.899559600000000126e-01,7.593181499999999687e+03,1.468303799999999937e+00
5.429999999999999716e+01,6.123495400000000473e+02,-9.031382300000000214e+02,-8.880201200000000199e+02,3.711110400000000031e-01,7.593181499999999687e+03,1.468303799999999937e+00
5.435000000000000142e+01,5.623831599999999753e+02,-9.025103299999999535e+02,-8.886258299999999508e+02,-1.706999000000000155e-01,7.593181499999999687e+03,1.468303799999999937e+00
5.439999999999999858e+01,6.123323400000000447e+02,-9.042359000000000151e+02,-8.891182199999999511e+02,3.604242699999999910e-01,7.593181499999999687e+03,1.468303799999999937e+00
5.445000000000000284e+01,5.827117700000000013e+02,-9.043124699999999621e+02,-8.899260900000000447e+02,3.532584200000000139e-03,7.593181499999999687e+03,1.468303799999999937e+00
5.450000000000000000e+01,5.568652899999999590e+02,-9.043676000000000386e+02,-8.906193299999999908e+02,7.117412500000000865e-05,7.593181499999999687e+03,1.468303799999999937e+00
5.454999999999999716e+01,5.652498299999999745e+02,-9.046869799999999486e+02,-8.907317100000000210e+02,-1.923421600000000189e-02,7.593181499999999687e+03,1.468303799999999937e+00
5.460000000000000142e+01,5.829196299999999837e+02,-9.043989500000000135e+02,-8.900074299999999994e+02,2.957085200000000302e-01,7.593181499999999687e+03,1.468303799999999937e+00
5.464999999999999858e+01,5.840200899999999820e+02,-9.027745400000000018e+02,-8.883558500000000322e+02,-1.727186800000000133e-01,7.593181499999999687e+03,1.468303799999999937e+00
5.470000000000000284e+01,5.826490700000000516e+02,-9.018613299999999526e+02,-8.874764900000000125e+02,1.321357900000000030e-01,7.593181499999999687e+03,1.468303799999999937e+00
5.475000000000000000e+01,5.998919399999999769e+02,-9.018072399999999789e+02,-8.869966899999999441e+02,-1.510435700000000159e-01,7.593181499999999687e+03,1.468303799999999937e+00
5.479999999999999716e+01,6.620511699999999564e+02,-9.028830199999999877e+02,-8.865378399999999601e+02,2.245157499999999862e-01,7.593181499999999687e+03,1.468303799999999937e+00
5.485000000000000142e+01,6.215323600000000397e+02,-9.018380899999999656e+02,-8.864932700000000523e+02,-1.810340700000000191e-01,7.593181499999999687e+03,1.468303799999999937e+00
5.489999999999999858e+01,6.023459199999999782e+02,-9.016142099999999573e+02,-8.867430799999999635e+02,5.382000100000000620e-02,7.593181499999999687e+03,1.468303799999999937e+00
5.495000000000000284e+01,5.978943299999999681e+02,-9.019487900000000309e+02,-8.871875599999999622e+02,2.925403300000000151e-01,7.593181499999999687e+03,1.468303799999999937e+00
5.500000000000000000e+01,5.653726500000000215e+02,-9.017902199999999766e+02,-8.878319099999999935e+02,-1.751008400000000076e-01,7.593181499999999687e+03,1.468303799999999937e+00
5.504999999999999716e+01,5.703152400000000171e+02,-9.027199600000000146e+02,-8.886396200000000363e+02,3.221677499999999750e-01,7.593181499999999687e+03,1.468303799999999937e+00
5.510000000000000142e+01,5.499907500000000482e+02,-9.029651699999999437e+02,-8.893866199999999935e+02,1.161028900000000141e-01,7.593181499999999687e+03,1.468303799999999937e+00
5.514999999999999858e+01,5.697305800000000318e+02,-9.037856900000000451e+02,-8.897197800000000143e+02,-2.722853100000000026e-02,7.593181499999999687e+03,1.468303799999999937e+00
5.520000000000000284e+01,5.415353099999999813e+02,-9.030245599999999513e+02,-8.896547600000000102e+02,1.050836900000000074e-01,7.593181499999999687e+03,1.468303799999999937e+00
5.525000000000000000e+01,6.038010699999999815e+02,-9.036180100000000266e+02,-8.887109500000000253e+02,1.944382200000000227e-01,7.593181499999999687e+03,1.468303799999999937e+00
5.529999999999999716e+01,6.059543400000000020e+02,-9.020609299999999848e+02,-8.871007100000000491e+02,-9.648776200000000469e-02,7.593181499999999687e+03,1.468303799999999937e+00
5.535000000000000142e+01,6.734593899999999849e+02,-9.028315099999999802e+02,-8.862046800000000530e+02,1.426219200000000131e-01,7.593181499999999687e+03,1.468303799999999937e+00
5.539999999999999858e+01,5.970528100000000222e+02,-9.009032899999999700e+02,-8.861628399999999601e+02,2.547224100000000102e-01,7.593181499999999687e+03,1.468303799999999937e+00
5.545000000000000284e+01,6.070686500000000478e+02,-9.010523100000000341e+02,-8.860645799999999781e+02,2.658879800000000238e-01,7.593181499999999687e+03,1.468303799999999937e+00
5.550000000000000000e+01,6.181885700000000270e+02,-9.012470799999999826e+02,-8.859848100000000386e+02,-7.718927899999999953e-02,7.593181499999999687e+03,1.468303799999999937e+00
5.554999999999999716e+01,6.444062599999999748e+02,-9.021254000000000133e+02,-8.862158600000000206e+02,-4.241327100000000239e-02,7.593181499999999687e+03,1.468303799999999937e+00
5.560000000000000142e+01,6.095747000000000071e+02,-9.022628999999999451e+02,-8.872133000000000038e+02,1.907655400000000112e-01,7.593181499999999687e+03,1.468303799999999937e+00
5.564999999999999858e+01,5.746968200000000024e+02,-9.025453999999999724e+02,-8.883568900000000212e+02,3.246368900000000390e-02,7.593181499999999687e+03,1.468303799999999937e+00
5.570000000000000284e+01,5.258117600000000493e+02,-9.018508500000000367e+02,-8.888692399999999907e+02,-2.377414200000000366e-01,7.593181499999999687e+03,1.468303799999999937e+00
5.575000000000000000e+01,5.706897500000000036e+02,-9.029086999999999534e+02,-8.888191199999999981e+02,3.790900099999999773e-01,7.593181499999999687e+03,1.468303799999999937e+00
5.579999999999999716e+01,5.868698600000000170e+02,-9.031612800000000334e+02,-8.886722300000000132e+02,1.247693600000000097e-01,7.593181499999999687e+03,1.468303799999999937e+00
5.585000000000000142e+01,6.008819200000000365e+02,-9.032986600000000408e+02,-8.884636799999999539e+02,1.453969300000000076e-01,7.593181499999999687e+03,1.468303799999999937e+00
5.589999999999999858e+01,6.117236400000000458e+02,-9.032459199999999555e+02,-8.881432600000000548e+02,1.111686400000000130e-01,7.593181499999999687e+03,1.468303799999999937e+00
5.595000000000000284e+01,6.463918200000000525e+02,-9.037977399999999761e+02,-8.878391699999999673e+02,1.430242200000000075e-01,7.593181499999999687e+03,1.468303799999999937e+00
5.600000000000000000e+01,5.878272799999999734e+02,-9.023942500000000564e+02,-8.878815700000000106e+02,-1.142126100000000061e-01,7.593181499999999687e+03,1.468303799999999937e+00
5.604999999999999716e+01,6.364820399999999836e+02,-9.037418099999999868e+02,-8.880279000000000451e+02,1.417616899999999958e-01,7.593181499999999687e+03,1.468303799999999937e+00
5.610000000000000142e+01,5.931428600000000415e+02,-9.030623399999999492e+02,-8.884184199999999691e+02,2.266817900000000219e-01,7.593181499999999687e+03,1.468303799999999937e+00
5.614999999999999858e+01,5.767628300000000081e+02,-9.030515400000000454e+02,-8.888120199999999613e+02,1.147060999999999914e-01,7.593181499999999687e+03,1.468303799999999937e+00
5.620000000000000284e+01,5.434771299999999883e+02,-9.023472799999999552e+02,-8.889295399999999745e+02,-1.893705600000000211e-01,7.593181499999999687e+03,1.468303799999999937e+00
5.625000000000000000e+01,6.314392299999999523e+02,-9.041098299999999881e+02,-8.885204199999999446e+02,2.836676100000000145e-01,7.593181499999999687e+03,1.468303799999999937e+00
5.629999999999999716e+01,5.956676899999999932e+02,-9.028725399999999581e+02,-8.881662900000000036e+02,1.358398999999999857e-01,7.593181499999999687e+03,1.468303799999999937e+00
5.635000000000000142e+01,5.470987000000000080e+02,-9.011390900000000101e+02,-8.876319399999999860e+02,-1.623708200000000337e-02,7.593181499999999687e+03,1.468303799999999937e+00
5.639999999999999858e+01,5.898373199999999770e+02,-9.011817999999999529e+02,-8.866194900000000416e+02,1.964110699999999932e-01,7.593181499999999687e+03,1.468303799999999937e+00
5.645000000000000284e+01,6.376110999999999649e+02,-9.016085000000000491e+02,-8.858667199999999866e+02,9.226799600000000490e-02,7.593181499999999687e+03,1.468303799999999937e+00
5.650000000000000000e+01,7.058217700000000150e+02,-9.032091000000000349e+02,-8.857832899999999654e+02,1.204917300000000191e-01,7.593181499999999687e+03,1.468303799999999937e+00
5.654999999999999716e+01,6.152585100000000011e+02,-9.017617900000000191e+02,-8.865718699999999899e+02,4.598463800000000129e-02,7.593181499999999687e+03,1.468303799999999937e+00
5.660000000000000142e+01,5.965826700000000073e+02,-9.020569199999999910e+02,-8.873280799999999999e+02,2.867160699999999895e-01,7.593181499999999687e+03,1.468303799999999937e+00
5.664999999999999858e+01,6.158486199999999826e+02,-9.029678300000000490e+02,-8.877633299999999963e+02,-1.061302200000000112e-01,7.593181499999999687e+03,1.468303799999999937e+00
5.670000000000000284e+01,6.044079400000000533e+02,-9.029792599999999538e+02,-8.880572200000000294e+02,-7.940039299999999967e-02,7.593181499999999687e+03,1.468303799999999937e+00
5.675000000000000000e+01,6.090681499999999460e+02,-9.033498100000000477e+02,-8.883127100000000382e+02,3.062788799999999756e-01,7.593181499999999687e+03,1.468303799999999937e+00
5.679999999999999716e+01,5.889700100000000020e+02,-9.030262199999999666e+02,-8.884853200000000015e+02,-1.204154600000000158e-01,7.593181499999999687e+03,1.468303799999999937e+00
5.685000000000000142e+01,6.343700599999999667e+02,-9.039711399999999912e+02,-8.883093800000000329e+02,-9.227788800000000236e-02,7.593181499999999687e+03,1.468303799999999937e+00
5.689999999999999858e+01,6.074665300000000343e+02,-9.030439000000000078e+02,-8.880463499999999613e+02,-2.048557000000000017e-01,7.593181499999999687e+03,1.468303799999999937e+00
5.695000000000000284e+01,6.188114000000000487e+02,-9.029835399999999481e+02,-8.877059000000000424e+02,2.260853399999999958e-01,7.593181499999999687e+03,1.468303799999999937e+00
5.700000000000000000e+01,6.295915499999999838e+02,-9.029986900000000105e+02,-8.874548999999999523e+02,1.489985500000000004e-02,7.593181499999999687e+03,1.468303799999999937e+00
5.704999999999999716e+01,5.947266200000000254e+02,-9.021116500000000542e+02,-8.874286299999999983e+02,2.616249800000000070e-01,7.593181499999999687e+03,1.468303799999999937e+00
5.710000000000000142e+01,6.084318100000000413e+02,-9.025917899999999463e+02,-8.875703999999999496e+02,3.495448999999999778e-02,7.593181499999999687e+03,1.468303799999999937e+00
5.714999999999999858e+01,5.997334399999999732e+02,-9.026285800000000563e+02,-8.878219500000000153e+02,2.974565000000000126e-01,7.593181499999999687e+03,1.468303799999999937e+00
5.720000000000000284e+01,5.950347000000000435e+02,-9.030105300000000170e+02,-8.883198999999999614e+02,1.381236500000000145e-01,7.593181499999999687e+03,1.468303799999999937e+00
5.725000000000000000e+01,5.700217499999999973e+02,-9.028409100000000080e+02,-8.887678200000000288e+02,2.350561899999999843e-02,7.593181499999999687e+03,1.468303799999999937e+00
5.729999999999999716e+01,5.842816199999999753e+02,-9.033325700000000325e+02,-8.889074200000000019e+02,8.421417900000000012e-02,7.593181499999999687e+03,1.468303799999999937e+00
5.735000000000000142e+01,5.979486500000000433e+02,-9.035552900000000136e+02,-8.887927200000000312e+02,-4.003170799999999918e-02,7.593181499999999687e+03,1.468303799999999937e+00
5.739999999999999858e+01,6.274226300000000265e+02,-9.040270199999999932e+02,-8.885367800000000216e+02,1.247132300000000082e-01,7.593181499999999687e+03,1.468303799999999937e+00
5.745000000000000284e+01,6.041018400000000383e+02,-9.030971200000000181e+02,-8.881826399999999921e+02,1.343965000000000021e-01,7.593181499999999687e+03,1.468303799999999937e+00
5.750000000000000000e+01,6.383030199999999468e+02,-9.034284199999999601e+02,-8.876695499999999583e+02,-8.536576800000000853e-02,7.593181499999999687e+03,1.468303799999999937e+00
5.754999999999999716e+01,5.922059699999999793e+02,-9.020239199999999755e+02,-8.874031300000000329e+02,-1.662092599999999976e-01,7.593181499999999687e+03,1.468303799999999937e+00
5.760000000000000142e+01,6.410151700000000119e+02,-9.029848700000000008e+02,-8.871590400000000045e+02,2.566244200000000197e-01,7.593181499999999687e+03,1.468303799999999937e+00
5.764999999999999858e+01,5.819965300000000070e+02,-9.017560899999999720e+02,-8.873873599999999442e+02,-1.082053900000000124e-01,7.593181499999999687e+03,1.468303799999999937e+00
5.770000000000000284e+01,6.414231600000000526e+02,-9.037607299999999668e+02,-8.879248300000000427e+02,1.130787200000000076e-01,7.593181499999999687e+03,1.468303799999999937e+00
5.775000000000000000e+01,5.618231200000000172e+02,-9.027901200000000017e+02,-8.889194400000000087e+02,-3.172266300000000094e-01,7.593181499999999687e+03,1.468303799999999937e+00
5.779999999999999716e+01,5.777909399999999778e+02,-9.038456499999999778e+02,-8.895807499999999663e+02,2.113856600000000308e-01,7.593181499999999687e+03,1.468303799999999937e+00
5.785000000000000142e+01,5.495362599999999702e+02,-9.033806899999999587e+02,-8.898133599999999888e+02,-1.732683399999999929e-01,7.593181499999999687e+03,1.468303799999999937e+00
5.789999999999999858e+01,6.141472999999999729e+02,-9.046230399999999463e+02,-8.894605500000000120e+02,1.363565599999999878e-01,7.593181499999999687e+03,1.468303799999999937e+00
5.795000000000000284e+01,5.588186799999999721e+02,-9.026565799999999626e+02,-8.888600800000000390e+02,8.579238400000001319e-02,7.593181499999999687e+03,1.468303799999999937e+00
5.800000000000000000e+01,5.889363600000000361e+02,-9.021910199999999804e+02,-8.876509499999999662e+02,4.004939700000000047e-02,7.593181499999999687e+03,1.468303799999999937e+00
5.804999999999999716e+01,6.299334599999999682e+02,-9.020034399999999550e+02,-8.864512099999999464e+02,1.233547600000000216e-01,7.593181499999999687e+03,1.468303799999999937e+00
5.810000000000000142e+01,6.415689700000000357e+02,-9.021139100000000326e+02,-8.862744099999999889e+02,7.200140200000000601e-02,7.593181499999999687e+03,1.468303799999999937e+00
5.814999999999999858e+01,5.752482400000000098e+02,-9.008478099999999813e+02,-8.866456899999999450e+02,2.433017899999999900e-01,7.593181499999999687e+03,1.468303799999999937e+00
5.820000000000000284e+01,5.881696899999999459e+02,-9.015511599999999817e+02,-8.870300200000000359e+02,1.748351300000000053e-01,7.593181499999999687e+03,1.468303799999999937e+00
5.825000000000000000e+01,5.744853299999999763e+02,-9.016475699999999733e+02,-8.874642800000000307e+02,-2.382959699999999958e-01,7.593181499999999687e+03,1.468303799999999937e+00
5.829999999999999716e+01,6.403093499999999949e+02,-9.035669500000000198e+02,-8.877585500000000138e+02,-1.985448500000000158e-02,7.593181499999999687e+03,1.468303799999999937e+00
5.835000000000000142e+01,5.783723800000000210e+02,-9.025955500000000029e+02,-8.883162999999999556e+02,1.147325700000000198e-01,7.593181499999999687e+03,1.468303799999999937e+00
5.839999999999999858e+01,5.834961600000000317e+02,-9.033361400000000003e+02,-8.889303800000000138e+02,1.396064800000000050e-01,7.593181499999999687e+03,1.468303799999999937e+00
5.845000000000000284e+01,5.552718099999999595e+02,-9.030094000000000278e+02,-8.893004700000000184e+02,-1.403113199999999998e-02,7.593181499999999687e+03,1.468303799999999937e+00
5.850000000000000000e+01,5.813320099999999684e+02,-9.035543300000000499e+02,-8.892020099999999729e+02,1.523076399999999941e-01,7.593181499999999687e+03,1.468303799999999937e+00
5.854999999999999716e+01,6.137941200000000208e+02,-9.038580100000000357e+02,-8.887042400000000271e+02,-2.736809699999999679e-01,7.593181499999999687e+03,1.468303799999999937e+00
5.860000000000000142e+01,5.897492600000000493e+02,-9.023777599999999666e+02,-8.878176200000000335e+02,1.457372299999999954e-01,7.593181499999999687e+03,1.468303799999999937e+00
5.864999999999999858e+01,6.439260500000000320e+02,-9.026430599999999913e+02,-8.867453699999999799e+02,6.956706699999999632e-02,7.593181499999999687e+03,1.468303799999999937e+00
5.870000000000000284e+01,6.089434899999999971e+02,-9.013822199999999611e+02,-8.863482000000000198e+02,2.703347700000000020e-02,7.593181499999999687e+03,1.468303799999999937e+00
5.875000000000000000e+01,6.258347499999999854e+02,-9.017952599999999848e+02,-8.863442199999999502e+02,2.258578900000000056e-01,7.593181499999999687e+03,1.468303799999999937e+00
5.879999999999999716e+01,6.091061799999999948e+02,-9.016457199999999830e+02,-8.866076799999999594e+02,1.282732699999999948e-01,7.593181499999999687e+03,1.468303799999999937e+00
5.885000000000000142e+01,6.311949100000000499e+02,-9.029002799999999525e+02,-8.873169100000000071e+02,-2.756374300000000166e-02,7.593181499999999687e+03,1.468303799999999937e+00
5.889999999999999858e+01,5.578107700000000477e+02,-9.021267199999999775e+02,-8.883550999999999931e+02,-8.562641300000001232e-02,7.593181499999999687e+03,1.468303799999999937e+00
5.895000000000000284e+01,5.269704699999999775e+02,-9.019184599999999818e+02,-8.889082499999999527e+02,-1.163678100000000160e-01,7.593181499999999687e+03,1.468303799999999937e+00
5.900000000000000000e+01,5.689237799999999652e+02,-9.029630700000000161e+02,-8.889170900000000302e+02,-1.871071700000000171e-01,7.593181499999999687e+03,1.468303799999999937e+00
5.904999999999999716e+01,5.923975500000000238e+02,-9.032512199999999893e+02,-8.886257000000000517e+02,5.237687499999999635e-02,7.593181499999999687e+03,1.468303799999999937e+00
5.910000000000000142e+01,6.451916400000000067e+02,-9.036963100000000395e+02,-8.877673700000000281e+02,2.210692599999999897e-01,7.593181499999999687e+03,1.468303799999999937e+00
5.914999999999999858e+01,6.879577500000000327e+02,-9.030919400000000223e+02,-8.861071600000000217e+02,-6.563598200000000937e-02,7.593181499999999687e+03,1.468303799999999937e+00
5.920000000000000284e+01,6.260301399999999603e+02,-9.007900600000000395e+02,-8.853342000000000098e+02,1.155099600000000087e-01,7.593181499999999687e+03,1.468303799999999937e+00
5.925000000000000000e+01,6.400210399999999709e+02,-9.011152499999999463e+02,-8.853139700000000403e+02,1.100871699999999981e-01,7.593181499999999687e+03,1.468303799999999937e+00
5.929999999999999716e+01,5.931609799999999950e+02,-9.004420400000000200e+02,-8.857976800000000139e+02,-2.508360299999999876e-01,7.593181499999999687e+03,1.468303799999999937e+00
5.935000000000000142e+01,6.581073400000000220e+02,-9.027111400000000003e+02,-8.864633400000000165e+02,2.989755199999999946e-01,7.593181499999999687e+03,1.468303799999999937e+00
5.939999999999999858e+01,5.829235599999999522e+02,-9.019108700000000454e+02,-8.875192500000000564e+02,-1.817533899999999869e-01,7.593181499999999687e+03,1.468303799999999937e+00
5.945000000000000284e+01,5.973600699999999506e+02,-9.028632900000000063e+02,-8.881152600000000348e+02,2.802439199999999797e-01,7.593181499999999687e+03,1.468303799999999937e+00
5.950000000000000000e+01,6.237906100000000151e+02,-9.037018100000000231e+02,-8.883012400000000071e+02,-1.380536100000000210e-01,7.593181499999999687e+03,1.468303799999999937e+00
5.954999999999999716e+01,5.893747700000000123e+02,-9.029012000000000171e+02,-8.883503100000000359e+02,3.528282200000000257e-01,7.593181499999999687e+03,1.468303799999999937e+00
5.960000000000000142e+01,5.722626699999999573e+02,-9.023665499999999611e+02,-8.882381400000000440e+02,2.142575700000000014e-02,7.593181499999999687e+03,1.468303799999999937e+00
5.964999999999999858e+01,6.166817700000000286e+02,-9.030888899999999921e+02,-8.878638300000000072e+02,5.231828500000000604e-02,7.593181499999999687e+03,1.468303799999999937e+00
5.970000000000000284e+01,5.795669199999999819e+02,-9.017433800000000019e+02,-8.874346299999999701e+02,-3.334028900000000212e-02,7.593181499999999687e+03,1.468303799999999937e+00
5.975000000000000000e+01,6.424128600000000233e+02,-9.025182099999999537e+02,-8.866578799999999774e+02,3.316955199999999798e-02,7.593181499999999687e+03,1.468303799999999937e+00
5.979999999999999716e+01,6.587969900000000507e+02,-9.022423199999999497e+02,-8.859774899999999889e+02,-1.079835600000000027e-02,7.593181499999999687e+03,1.468303799999999937e+00
5.985000000000000142e+01,6.384437400000000480e+02,-9.012368199999999661e+02,-8.854744799999999714e+02,3.391875100000000254e-01,7.593181499999999687e+03,1.468303799999999937e+00
5.989999999999999858e+01,6.518663800000000492e+02,-9.013574800000000096e+02,-8.852637600000000475e+02,1.164369300000000079e-01,7.593181499999999687e+03,1.468303799999999937e+00
5.995000000000000284e+01,6.073077899999999545e+02,-9.008156999999999925e+02,-8.858220599999999649e+02,1.709068500000000129e-02,7.593181499999999687e+03,1.468303799999999937e+00
6.000000000000000000e+01,6.281679500000000189e+02,-9.022355999999999767e+02,-8.867269599999999627e+02,2.987084100000000214e-02,7.593181499999999687e+03,1.468303799999999937e+00
6.004999999999999716e+01,5.905405299999999897e+02,-9.023905200000000377e+02,-8.878108499999999594e+02,-2.291558100000000431e-01,7.593181499999999687e+03,1.468303799999999937e+00
6.010000000000000142e+01,5.924117599999999584e+02,-9.032870799999999463e+02,-8.886612099999999828e+02,2.591183499999999973e-01,7.593181499999999687e+03,1.468303799999999937e+00
6.014999999999999858e+01,5.600075900000000502e+02,-9.030297000000000480e+02,-8.892038499999999885e+02,6.981072900000000192e-02,7.593181499999999687e+03,1.468303799999999937e+00
6.020000000000000284e+01,5.432455499999999802e+02,-9.026779900000000225e+02,-8.892659700000000385e+02,1.995207599999999915e-01,7.593181499999999687e+03,1.468303799999999937e+00
6.025000000000000000e+01,6.031202100000000428e+02,-9.036355200000000423e+02,-8.887452799999999797e+02,-1.377789400000000060e-02,7.593181499999999687e+03,1.468303799999999937e+00
6.029999999999999716e+01,6.064333299999999554e+02,-9.030354999999999563e+02,-8.880634599999999637e+02,7.199989200000000977e-02,7.593181499999999687e+03,1.468303799999999937e+00
6.035000000000000142e+01,5.873456400000000031e+02,-9.020778000000000247e+02,-8.875770099999999729e+02,4.962421900000000413e-02,7.593181499999999687e+03,1.468303799999999937e+00
6.039999999999999858e+01,6.214188100000000077e+02,-9.025713200000000143e+02,-8.872292999999999665e+02,4.489243600000000084e-02,7.593181499999999687e+03,1.468303799999999937e+00
6.045000000000000284e+01,6.017695200000000568e+02,-9.017381299999999555e+02,-8.868812299999999595e+02,-4.570390400000000353e-02,7.593181499999999687e+03,1.468303799999999937e+00
6.050000000000000000e+01,6.361714500000000498e+02,-9.020526700000000346e+02,-8.863464300000000549e+02,4.940564400000000411e-01,7.593181499999999687e+03,1.468303799999999937e+00
6.054999999999999716e+01,6.319998699999999872e+02,-9.013864700000000312e+02,-8.857832300000000032e+02,-1.185408599999999979e-01,7.593181499999999687e+03,1.468303799999999937e+00
6.060000000000000142e+01,6.807573899999999867e+02,-9.024064200000000255e+02,-8.855994100000000344e+02,7.182095200000000734e-02,7.593181499999999687e+03,1.468303799999999937e+00
6.064999999999999858e+01,6.720290700000000470e+02,-9.027023299999999608e+02,-8.861108100000000150e+02,1.641292699999999938e-01,7.593181499999999687e+03,1.468303799999999937e+00
6.070000000000000284e+01,6.025509299999999939e+02,-9.020347199999999930e+02,-8.871585199999999531e+02,5.241047600000001139e-02,7.593181499999999687e+03,1.468303799999999937e+00
6.075000000000000000e+01,5.657576299999999492e+02,-9.019354899999999589e+02,-8.879676799999999730e+02,1.079521100000000039e-01,7.593181499999999687e+03,1.468303799999999937e+00
6.079999999999999716e+01,5.915269200000000183e+02,-9.028230899999999792e+02,-8.882190600000000131e+02,-3.891685100000000230e-02,7.593181499999999687e+03,1.468303799999999937e+00
6.085000000000000142e+01,5.801014800000000378e+02,-9.026983900000000176e+02,-8.883764499999999771e+02,4.721320800000000650e-01,7.593181499999999687e+03,1.468303799999999937e+00
6.089999999999999858e+01,5.777511600000000271e+02,-9.026834199999999555e+02,-8.884194999999999709e+02,-2.255885499999999988e-01,7.593181499999999687e+03,1.468303799999999937e+00
6.095000000000000284e+01,5.778866500000000315e+02,-9.022392399999999952e+02,-8.879719800000000305e+02,1.855083000000000149e-01,7.593181499999999687e+03,1.468303799999999937e+00
6.100000000000000000e+01,6.663203300000000127e+02,-9.032573899999999867e+02,-8.868068200000000161e+02,-2.200503499999999779e-01,7.593181499999999687e+03,1.468303799999999937e+00
6.104999999999999716e+01,6.925416000000000167e+02,-9.030064700000000357e+02,-8.859085300000000416e+02,3.057393400000000261e-01,7.593181499999999687e+03,1.468303799999999937e+00
6.110000000000000142e+01,6.236517199999999548e+02,-9.015679699999999457e+02,-8.861708300000000236e+02,4.620484799999999975e-02,7.593181499999999687e+03,1.468303799999999937e+00
6.114999999999999858e+01,5.661933699999999590e+02,-9.007462900000000445e+02,-8.867677200000000539e+02,1.504457299999999997e-01,7.593181499999999687e+03,1.468303799999999937e+00
6.120000000000000284e+01,6.052849700000000439e+02,-9.020646600000000035e+02,-8.871209700000000566e+02,-2.329363099999999867e-02,7.593181499999999687e+03,1.468303799999999937e+00
6.125000000000000000e+01,6.161627899999999727e+02,-9.027591499999999769e+02,-8.875469000000000506e+02,3.883775300000000263e-02,7.593181499999999687e+03,1.468303799999999937e+00
6.129999999999999716e+01,6.048812199999999848e+02,-9.029009600000000546e+02,-8.879672299999999723e+02,-1.011171600000000115e-01,7.593181499999999687e+03,1.468303799999999937e+00
6.135000000000000142e+01,6.021401200000000244e+02,-9.030161100000000260e+02,-8.881500600000000532e+02,6.581195300000000636e-02,7.593181499999999687e+03,1.468303799999999937e+00
6.139999999999999858e+01,5.770840600000000222e+02,-9.024599899999999479e+02,-8.882125399999999900e+02,3.875059699999999774e-02,7.593181499999999687e+03,1.468303799999999937e+00
6.145000000000000284e+01,5.771680099999999811e+02,-9.022548100000000204e+02,-8.880052899999999454e+02,4.658407000000000520e-02,7.593181499999999687e+03,1.468303799999999937e+00
6.150000000000000000e+01,6.000980200000000195e+02,-9.024175400000000309e+02,-8.876019099999999753e+02,-1.636965200000000120e-01,7.593181499999999687e+03,1.468303799999999937e+00
6.154999999999999716e+01,5.959821299999999837e+02,-9.019200100000000475e+02,-8.872059900000000425e+02,1.547637000000000040e-01,7.593181499999999687e+03,1.468303799999999937e+00
6.160000000000000142e+01,6.265834999999999582e+02,-9.024130000000000109e+02,-8.869434800000000223e+02,2.059595100000000123e-01,7.593181499999999687e+03,1.468303799999999937e+00
6.164999999999999858e+01,6.094235800000000154e+02,-9.020571499999999787e+02,-8.870112900000000309e+02,-2.389595200000000363e-01,7.593181499999999687e+03,1.468303799999999937e+00
6.170000000000000284e+01,6.080804100000000290e+02,-9.023909999999999627e+02,-8.873782899999999927e+02,1.539239099999999971e-01,7.593181499999999687e+03,1.468303799999999937e+00
6.175000000000000000e+01,5.264057699999999613e+02,-9.010834099999999580e+02,-8.880871399999999767e+02,-6.618704499999999991e-02,7.593181499999999687e+03,1.468303799999999937e+00
6.179999999999999716e+01,5.738134300000000394e+02,-9.026183899999999767e+02,-8.884516899999999850e+02,5.244284100000000566e-03,7.593181499999999687e+03,1.468303799999999937e+00
6.185000000000000142e+01,5.492448100000000295e+02,-9.020103500000000167e+02,-8.884502199999999448e+02,-8.889225600000000282e-02,7.593181499999999687e+03,1.468303799999999937e+00
6.189999999999999858e+01,6.068182100000000219e+02,-9.027366700000000037e+02,-8.877551200000000335e+02,-3.704295800000000083e-02,7.593181499999999687e+03,1.468303799999999937e+00
6.195000000000000284e+01,6.039293800000000374e+02,-9.014502999999999702e+02,-8.865400700000000143e+02,2.102068200000000164e-01,7.593181499999999687e+03,1.468303799999999937e+00
6.200000000000000000e+01,6.416068999999999960e+02,-9.014952200000000175e+02,-8.856547799999999597e+02,2.606391900000000206e-01,7.593181499999999687e+03,1.468303799999999937e+00
6.204999999999999716e+01,5.758922599999999647e+02,-8.996302399999999579e+02,-8.854122200000000475e+02,4.293854799999999999e-02,7.593181499999999687e+03,1.468303799999999937e+00
6.210000000000000142e+01,6.187473099999999704e+02,-9.004157000000000153e+02,-8.851396399999999858e+02,-1.259907100000000058e-01,7.593181499999999687e+03,1.468303799999999937e+00
6.214999999999999858e+01,6.881033899999999903e+02,-9.020097500000000537e+02,-8.850213800000000219e+02,4.140482500000000066e-01,7.593181499999999687e+03,1.468303799999999937e+00
6.220000000000000284e+01,5.763497599999999466e+02,-9.000975600000000441e+02,-8.858682499999999891e+02,-3.901031300000000201e-01,7.593181499999999687e+03,1.468303799999999937e+00
6.225000000000000000e+01,5.891541700000000219e+02,-9.012435600000000022e+02,-8.866981200000000172e+02,2.984752300000000358e-01,7.593181499999999687e+03,1.468303799999999937e+00
6.229999999999999716e+01,5.981009000000000242e+02,-9.021215999999999440e+02,-8.873552700000000186e+02,-1.341452600000000162e-01,7.593181499999999687e+03,1.468303799999999937e+00
6.235000000000000142e+01,5.842088700000000472e+02,-9.020146799999999985e+02,-8.875913299999999708e+02,1.838405100000000125e-01,7.593181499999999687e+03,1.468303799999999937e+00
6.239999999999999858e+01,5.919141499999999496e+02,-9.020541200000000117e+02,-8.874405400000000554e+02,8.989105100000001347e-02,7.593181499999999687e+03,1.468303799999999937e+00
6.245000000000000284e+01,6.126912499999999682e+02,-9.022298899999999549e+02,-8.871033499999999776e+02,9.625623100000001153e-02,7.593181499999999687e+03,1.468303799999999937e+00
6.250000000000000000e+01,6.020477499999999509e+02,-9.016236699999999473e+02,-8.867599000000000160e+02,7.041799899999999501e-02,7.593181499999999687e+03,1.468303799999999937e+00
6.254999999999999716e+01,6.398403799999999819e+02,-9.024167200000000548e+02,-8.866199000000000296e+02,-9.331660399999999744e-02,7.593181499999999687e+03,1.468303799999999937e+00
6.260000000000000142e+01,6.465233699999999999e+02,-9.029276300000000219e+02,-8.869658200000000079e+02,1.195899899999999932e-01,7.593181499999999687e+03,1.468303799999999937e+00
6.264999999999999858e+01,6.093472000000000435e+02,-9.028650300000000470e+02,-8.878210400000000391e+02,-1.077332100000000098e-01,7.593181499999999687e+03,1.468303799999999937e+00
6.270000000000000284e+01,5.929998600000000124e+02,-9.036344900000000280e+02,-8.889941099999999778e+02,1.922697200000000189e-02,7.593181499999999687e+03,1.468303799999999937e+00
6.275000000000000000e+01,6.163335399999999709e+02,-9.048849300000000540e+02,-8.896684699999999566e+02,1.304321700000000139e-01,7.593181499999999687e+03,1.468303799999999937e+00
6.279999999999999716e+01,5.760477600000000393e+02,-9.040797800000000279e+02,-8.898579099999999471e+02,-2.647695900000000130e-03,7.593181499999999687e+03,1.468303799999999937e+00
6.285000000000000142e+01,5.780718600000000151e+02,-9.039972599999999829e+02,-8.897254299999999603e+02,2.044205099999999997e-01,7.593181499999999687e+03,1.468303799999999937e+00
6.289999999999999858e+01,5.610518399999999701e+02,-9.031064400000000205e+02,-8.892548100000000204e+02,-1.950407999999999864e-01,7.593181499999999687e+03,1.468303799999999937e+00
6.295000000000000284e+01,5.862030099999999493e+02,-9.029697899999999890e+02,-8.884972099999999955e+02,6.817512400000000361e-02,7.593181499999999687e+03,1.468303799999999937e+00
6.300000000000000000e+01,5.842027699999999868e+02,-9.024235499999999774e+02,-8.880003500000000258e+02,6.080458899999999917e-02,7.593181499999999687e+03,1.468303799999999937e+00
6.304999999999999716e+01,5.993803699999999708e+02,-9.024730799999999817e+02,-8.876751699999999801e+02,1.196859099999999926e-01,7.593181499999999687e+03,1.468303799999999937e+00
6.310000000000000142e+01,6.256265799999999899e+02,-9.029244400000000041e+02,-8.874785399999999527e+02,4.937686900000000378e-02,7.593181499999999687e+03,1.468303799999999937e+00
6.314999999999999858e+01,6.350675300000000334e+02,-9.033301500000000033e+02,-8.876511699999999792e+02,-2.108888899999999955e-01,7.593181499999999687e+03,1.468303799999999937e+00
6.320000000000000284e+01,5.969366499999999860e+02,-9.030580499999999802e+02,-8.883204700000000003e+02,5.405507900000000587e-02,7.593181499999999687e+03,1.468303799999999937e+00
6.325000000000000000e+01,5.249535899999999629e+02,-9.024185300000000325e+02,-8.894581100000000333e+02,-9.087892399999999982e-02,7.593181499999999687e+03,1.468303799999999937e+00
6.329999999999999716e+01,5.414094300000000430e+02,-9.035441600000000335e+02,-8.901774699999999712e+02,6.806261200000000844e-02,7.593181499999999687e+03,1.468303799999999937e+00
6.335000000000000142e+01,5.480139799999999468e+02,-9.037762199999999666e+02,-8.902464700000000448e+02,-2.251281599999999938e-01,7.593181499999999687e+03,1.468303799999999937e+00
6.339999999999999858e+01,5.654985500000000229e+02,-9.035434099999999944e+02,-8.895819999999999936e+02,-9.122832300000001393e-03,7.593181499999999687e+03,1.468303799999999937e+00
6.345000000000000284e+01,6.082731700000000501e+02,-9.031748199999999542e+02,-8.881573600000000397e+02,-1.613764699999999941e-01,7.593181499999999687e+03,1.468303799999999937e+00
6.350000000000000000e+01,6.078600999999999885e+02,-9.022407100000000355e+02,-8.872334399999999732e+02,2.781053399999999787e-01,7.593181499999999687e+03,1.468303799999999937e+00
6.354999999999999716e+01,6.414009399999999914e+02,-9.028441699999999628e+02,-8.870088200000000143e+02,2.560840999999999812e-02,7.593181499999999687e+03,1.468303799999999937e+00
6.360000000000000142e+01,6.591487499999999500e+02,-9.034864400000000160e+02,-8.872129200000000537e+02,3.185281300000000065e-02,7.593181499999999687e+03,1.468303799999999937e+00
6.364999999999999858e+01,5.664928700000000390e+02,-9.018249600000000328e+02,-8.878390000000000555e+02,1.404871799999999893e-01,7.593181499999999687e+03,1.468303799999999937e+00
6.370000000000000284e+01,6.306918699999999944e+02,-9.038213700000000017e+02,-8.882504099999999880e+02,-3.874626200000000353e-02,7.593181499999999687e+03,1.468303799999999937e+00
6.375000000000000000e+01,5.736946900000000369e+02,-9.029697099999999637e+02,-8.888059399999999641e+02,5.489317700000000827e-02,7.593181499999999687e+03,1.468303799999999937e+00
6.379999999999999716e+01,5.300389499999999998e+02,-9.022635400000000345e+02,-8.891775699999999460e+02,-3.554390300000000169e-02,7.593181499999999687e+03,1.468303799999999937e+00
6.385000000000000142e+01,5.957974699999999757e+02,-9.036292499999999563e+02,-8.889197900000000345e+02,-1.694942800000000249e-01,7.593181499999999687e+03,1.468303799999999937e+00
6.389999999999999858e+01,6.348328299999999444e+02,-9.037756799999999657e+02,-8.881024899999999889e+02,2.957447400000000060e-01,7.593181499999999687e+03,1.468303799999999937e+00
6.395000000000000284e+01,6.113958199999999579e+02,-9.022356700000000274e+02,-8.871411100000000260e+02,-1.067725300000000044e-01,7.593181499999999687e+03,1.468303799999999937e+00
6.400000000000000000e+01,5.969509500000000344e+02,-9.010886100000000170e+02,-8.863506700000000365e+02,3.976356200000000229e-01,7.593181499999999687e+03,1.468303799999999937e+00
6.404999999999999716e+01,6.071343500000000404e+02,-9.006459599999999455e+02,-8.856566100000000006e+02,-2.207017400000000143e-02,7.593181499999999687e+03,1.468303799999999937e+00
6.409999999999999432e+01,5.940472999999999502e+02,-9.002355300000000398e+02,-8.855692800000000489e+02,3.775052700000000594e-01,7.593181499999999687e+03,1.468303799999999937e+00
6.415000000000000568e+01,5.951607999999999947e+02,-9.004285999999999603e+02,-8.857348600000000260e+02,-2.573203700000000205e-01,7.593181499999999687e+03,1.468303799999999937e+00
6.420000000000000284e+01,6.384934399999999641e+02,-9.016983800000000429e+02,-8.859348199999999451e+02,3.111793000000000475e-01,7.593181499999999687e+03,1.468303799999999937e+00
6.425000000000000000e+01,6.250593499999999949e+02,-9.016185699999999770e+02,-8.861866700000000492e+02,-4.323817400000000144e-01,7.593181499999999687e+03,1.468303799999999937e+00
6.429999999999999716e+01,5.944302999999999884e+02,-9.011836499999999432e+02,-8.865079500000000507e+02,7.759878200000000503e-02,7.593181499999999687e+03,1.468303799999999937e+00
6.434999999999999432e+01,5.744104099999999562e+02,-9.009551999999999907e+02,-8.867737600000000384e+02,-4.642528100000000713e-01,7.593181499999999687e+03,1.468303799999999937e+00
6.440000000000000568e+01,6.443768000000000029e+02,-9.027386000000000195e+02,-8.868297800000000279e+02,2.009430200000000000e-01,7.593181499999999687e+03,1.468303799999999937e+00
6.445000000000000284e+01,5.962846200000000181e+02,-9.017992900000000418e+02,-8.870778099999999995e+02,1.047703000000000176e-02,7.593181499999999687e+03,1.468303799999999937e+00
6.450000000000000000e+01,5.723557399999999689e+02,-9.016641499999999496e+02,-8.875334299999999530e+02,5.094179600000000099e-03,7.593181499999999687e+03,1.468303799999999937e+00
6.454999999999999716e+01,5.915773799999999483e+02,-9.030873599999999897e+02,-8.884820899999999710e+02,1.610757499999999898e-01,7.593181499999999687e+03,1.468303799999999937e+00
6.459999999999999432e+01,5.353397899999999936e+02,-9.028497999999999593e+02,-8.896329700000000003e+02,-1.241328700000000063e-01,7.593181499999999687e+03,1.468303799999999937e+00
6.465000000000000568e+01,5.539322899999999663e+02,-9.036078199999999470e+02,-8.899319500000000289e+02,-7.951539600000000207e-02,7.593181499999999687e+03,1.468303799999999937e+00
6.470000000000000284e+01,5.265737900000000309e+02,-9.026365200000000186e+02,-8.896361100000000306e+02,1.768241299999999960e-01,7.593181499999999687e+03,1.468303799999999937e+00
6.475000000000000000e+01,6.021697000000000344e+02,-9.036401799999999866e+02,-8.887734000000000378e+02,2.214880900000000263e-01,7.593181499999999687e+03,1.468303799999999937e+00
6.479999999999999716e+01,6.066215300000000070e+02,-9.030681200000000217e+02,-8.880914299999999457e+02,1.052695899999999962e-01,7.593181499999999687e+03,1.468303799999999937e+00
6.484999999999999432e+01,6.162284799999999905e+02,-9.030511000000000195e+02,-8.878372299999999768e+02,2.366447999999999885e-01,7.593181499999999687e+03,1.468303799999999937e+00
6.490000000000000568e+01,5.972064699999999675e+02,-9.025081199999999626e+02,-8.877638799999999719e+02,2.155502800000000038e-02,7.593181499999999687e+03,1.468303799999999937e+00
6.495000000000000284e+01,6.282243899999999712e+02,-9.031524899999999434e+02,-8.876424500000000535e+02,3.009811299999999856e-01,7.593181499999999687e+03,1.468303799999999937e+00
6.500000000000000000e+01,5.590931500000000369e+02,-9.013780400000000554e+02,-8.875747599999999693e+02,1.038966200000000090e-02,7.593181499999999687e+03,1.468303799999999937e+00
6.504999999999999716e+01,6.157205599999999777e+02,-9.025536100000000488e+02,-8.873522799999999506e+02,2.659824500000000369e-01,7.593181499999999687e+03,1.468303799999999937e+00
6.509999999999999432e+01,6.208436400000000503e+02,-9.022821699999999510e+02,-8.869543599999999515e+02,-3.668557299999999910e-02,7.593181499999999687e+03,1.468303799999999937e+00
6.515000000000000568e+01,6.455116699999999810e+02,-9.019417099999999436e+02,-8.860048799999999574e+02,8.495462600000000530e-02,7.593181499999999687e+03,1.468303799999999937e+00
6.520000000000000284e+01,6.353745599999999740e+02,-9.005622399999999743e+02,-8.848756799999999885e+02,9.026932900000000926e-02,7.593181499999999687e+03,1.468303799999999937e+00
6.525000000000000000e+01,6.796639199999999619e+02,-9.010186499999999796e+02,-8.842386400000000322e+02,-8.416784000000000765e-02,7.593181499999999687e+03,1.468303799999999937e+00
6.529999999999999716e+01,6.878619200000000546e+02,-9.014286399999999730e+02,-8.844462399999999889e+02,5.686217200000000249e-02,7.593181499999999687e+03,1.468303799999999937e+00
6.534999999999999432e+01,6.275945600000000013e+02,-9.011210099999999557e+02,-8.856265200000000277e+02,1.223267000000000104e-02,7.593181499999999687e+03,1.468303799999999937e+00
6.540000000000000568e+01,6.472218199999999797e+02,-9.025877400000000534e+02,-8.866086900000000242e+02,5.396442100000000547e-02,7.593181499999999687e+03,1.468303799999999937e+00
6.545000000000000284e+01,5.945898399999999810e+02,-9.018863800000000310e+02,-8.872067399999999679e+02,1.688372200000000101e-01,7.593181499999999687e+03,1.468303799999999937e+00
6.550000000000000000e+01,5.604594399999999723e+02,-9.014235700000000406e+02,-8.875865700000000516e+02,-1.665738200000000113e-01,7.593181499999999687e+03,1.468303799999999937e+00
6.554999999999999716e+01,5.535889799999999923e+02,-9.013890699999999470e+02,-8.877216799999999921e+02,1.785761100000000101e-01,7.593181499999999687e+03,1.468303799999999937e+00
6.559999999999999432e+01,5.880124600000000328e+02,-9.022094799999999850e+02,-8.876922299999999950e+02,-4.469007700000000166e-02,7.593181499999999687e+03,1.468303799999999937e+00
6.565000000000000568e+01,6.110304300000000239e+02,-9.027126100000000406e+02,-8.876270700000000033e+02,6.559855300000000389e-02,7.593181499999999687e+03,1.468303799999999937e+00
6.570000000000000284e+01,5.628853100000000040e+02,-9.013562899999999445e+02,-8.874593899999999849e+02,-3.483386399999999911e-02,7.593181499999999687e+03,1.468303799999999937e+00
6.575000000000000000e+01,6.348552399999999807e+02,-9.025276699999999437e+02,-8.868539299999999912e+02,-3.512667700000000059e-01,7.593181499999999687e+03,1.468303799999999937e+00
6.579999999999999716e+01,6.400334299999999530e+02,-9.021176500000000260e+02,-8.863160699999999679e+02,5.926534900000000050e-01,7.593181499999999687e+03,1.468303799999999937e+00
6.584999999999999432e+01,5.976005000000000109e+02,-9.009058300000000372e+02,-8.861518600000000561e+02,6.800771399999999689e-02,7.593181499999999687e+03,1.468303799999999937e+00
6.590000000000000568e+01,5.629215599999999995e+02,-9.001184899999999516e+02,-8.862206999999999653e+02,5.960144600000000237e-02,7.593181499999999687e+03,1.468303799999999937e+00
6.595000000000000284e+01,6.423404500000000326e+02,-9.019171199999999544e+02,-8.860585800000000063e+02,-1.147423300000000035e-01,7.593181499999999687e+03,1.468303799999999937e+00
6.600000000000000000e+01,6.148212899999999763e+02,-9.012654999999999745e+02,-8.860863699999999881e+02,2.448367200000000146e-02,7.593181499999999687e+03,1.468303799999999937e+00
6.604999999999999716e+01,5.834963500000000067e+02,-9.007676400000000285e+02,-8.863618800000000419e+02,3.553906100000000512e-01,7.593181499999999687e+03,1.468303799999999937e+00
6.609999999999999432e+01,6.012923399999999674e+02,-9.015057199999999966e+02,-8.866606000000000449e+02,-1.077954600000000096e-01,7.593181499999999687e+03,1.468303799999999937e+00
6.615000000000000568e+01,6.063501999999999725e+02,-9.020333000000000538e+02,-8.870633100000000013e+02,3.671651000000000220e-01,7.593181499999999687e+03,1.468303799999999937e+00
6.620000000000000284e+01,5.953908599999999751e+02,-9.024406500000000051e+02,-8.877412299999999732e+02,-3.234429600000000155e-02,7.593181499999999687e+03,1.468303799999999937e+00
6.625000000000000000e+01,6.041356299999999919e+02,-9.035667499999999563e+02,-8.886514399999999796e+02,1.801290600000000075e-01,7.593181499999999687e+03,1.468303799999999937e+00
6.629999999999999716e+01,5.741261799999999766e+02,-9.036660799999999654e+02,-8.894916500000000497e+02,2.764287200000000236e-02,7.593181499999999687e+03,1.468303799999999937e+00
6.634999999999999432e+01,5.490678599999999960e+02,-9.033639100000000326e+02,-8.898081399999999803e+02,-1.415169799999999867e-01,7.593181499999999687e+03,1.468303799999999937e+00
6.640000000000000568e+01,5.517241099999999960e+02,-9.030883900000000040e+02,-8.894670399999999972e+02,1.946725800000000117e-02,7.593181499999999687e+03,1.468303799999999937e+00
6.645000000000000284e+01,6.030596900000000460e+02,-9.035686299999999846e+02,-8.886798800000000256e+02,3.436307899999999776e-02,7.593181499999999687e+03,1.468303799999999937e+00
6.650000000000000000e+01,5.667965100000000120e+02,-9.021707400000000234e+02,-8.881772700000000214e+02,7.032077000000000293e-03,7.593181499999999687e+03,1.468303799999999937e+00
6.654999999999999716e+01,5.645415600000000040e+02,-9.017714999999999463e+02,-8.878337099999999964e+02,-1.789133700000000160e-01,7.593181499999999687e+03,1.468303799999999937e+00
6.659999999999999432e+01,6.002249199999999973e+02,-9.022492600000000493e+02,-8.874304899999999634e+02,-6.938213100000000834e-03,7.593181499999999687e+03,1.468303799999999937e+00
6.665000000000000568e+01,6.311468599999999469e+02,-9.026966499999999769e+02,-8.871144600000000082e+02,1.172615200000000080e-01,7.593181499999999687e+03,1.468303799999999937e+00
6.670000000000000284e+01,5.956118900000000167e+02,-9.016274700000000166e+02,-8.869225900000000138e+02,1.046610200000000074e-01,7.593181499999999687e+03,1.468303799999999937e+00
6.675000000000000000e+01,6.219367499999999609e+02,-9.019429800000000341e+02,-8.865881799999999657e+02,7.593979100000000301e-03,7.593181499999999687e+03,1.468303799999999937e+00
6.679999999999999716e+01,6.251397699999999986e+02,-9.017359400000000278e+02,-8.863020599999999831e+02,1.809819099999999958e-01,7.593181499999999687e+03,1.468303799999999937e+00
6.684999999999999432e+01,5.806674299999999675e+02,-9.005001399999999876e+02,-8.861642299999999750e+02,1.001091500000000079e-01,7.593181499999999687e+03,1.468303799999999937e+00
6.690000000000000568e+01,6.313966400000000476e+02,-9.012911699999999655e+02,-8.857028099999999995e+02,-2.239741000000000093e-01,7.593181499999999687e+03,1.468303799999999937e+00
6.695000000000000284e+01,6.133049200000000383e+02,-9.005135400000000345e+02,-8.853718499999999949e+02,8.115096400000000598e-02,7.593181499999999687e+03,1.468303799999999937e+00
6.700000000000000000e+01,6.329781100000000151e+02,-9.008754999999999882e+02,-8.852481000000000222e+02,6.846533000000000133e-04,7.593181499999999687e+03,1.468303799999999937e+00
6.704999999999999716e+01,6.218030499999999847e+02,-9.008812599999999975e+02,-8.855297600000000102e+02,3.205154900000000140e-01,7.593181499999999687e+03,1.468303799999999937e+00
6.709999999999999432e+01,6.281783599999999979e+02,-9.018606200000000399e+02,-8.863517200000000003e+02,3.888380300000000411e-03,7.593181499999999687e+03,1.468303799999999937e+00
6.715000000000000568e+01,5.938760499999999638e+02,-9.020853499999999485e+02,-8.874233299999999645e+02,8.357381900000000752e-02,7.593181499999999687e+03,1.468303799999999937e+00
6.720000000000000284e+01,5.829378400000000511e+02,-9.026276100000000042e+02,-8.882356399999999894e+02,-4.031938599999999873e-02,7.593181499999999687e+03,1.468303799999999937e+00
6.725000000000000000e+01,5.840194599999999809e+02,-9.030669699999999693e+02,-8.886482999999999493e+02,4.037377600000000011e-01,7.593181499999999687e+03,1.468303799999999937e+00
6.729999999999999716e+01,5.794378199999999879e+02,-9.029668000000000347e+02,-8.886612400000000207e+02,4.310165400000000313e-02,7.593181499999999687e+03,1.468303799999999937e+00
6.734999999999999432e+01,6.118725399999999581e+02,-9.034790199999999913e+02,-8.883726900000000342e+02,1.638177600000000067e-01,7.593181499999999687e+03,1.468303799999999937e+00
6.740000000000000568e+01,6.455539599999999609e+02,-9.042248299999999972e+02,-8.882869500000000471e+02,3.903225500000000459e-01,7.593181499999999687e+03,1.468303799999999937e+00
6.745000000000000284e+01,5.465063199999999597e+02,-9.023027600000000348e+02,-8.888102400000000216e+02,6.137586400000000220e-02,7.593181499999999687e+03,1.468303799999999937e+00
6.750000000000000000e+01,5.841275100000000293e+02,-9.038087000000000444e+02,-8.893873599999999442e+02,1.456644500000000286e-01,7.593181499999999687e+03,1.468303799999999937e+00
6.754999999999999716e+01,5.645815199999999550e+02,-9.041064999999999827e+02,-8.901677200000000312e+02,1.659936700000000098e-01,7.593181499999999687e+03,1.468303799999999937e+00
6.759999999999999432e+01,5.465414600000000291e+02,-9.045931000000000495e+02,-8.910996999999999844e+02,2.086904799999999838e-01,7.593181499999999687e+03,1.468303799999999937e+00
6.765000000000000568e+01,5.164803299999999808e+02,-9.043219900000000280e+02,-8.915707700000000386e+02,3.312932699999999731e-01,7.593181499999999687e+03,1.468303799999999937e+00
6.770000000000000284e+01,5.722335799999999608e+02,-9.053828899999999749e+02,-8.912551999999999452e+02,2.980275599999999882e-03,7.593181499999999687e+03,1.468303799999999937e+00
6.775000000000000000e+01,5.401441399999999931e+02,-9.037299100000000180e+02,-8.903944599999999809e+02,-9.590961099999999878e-03,7.593181499999999687e+03,1.468303799999999937e+00
6.779999999999999716e+01,5.605012600000000020e+02,-9.030574299999999539e+02,-8.892193899999999758e+02,-2.328128499999999879e-01,7.593181499999999687e+03,1.468303799999999937e+00
6.784999999999999432e+01,6.155677399999999579e+02,-9.036784800000000359e+02,-8.884809299999999439e+02,-1.121462900000000096e-01,7.593181499999999687e+03,1.468303799999999937e+00
6.790000000000000568e+01,6.207523200000000543e+02,-9.035349099999999680e+02,-8.882093499999999722e+02,-3.046329099999999998e-02,7.593181499999999687e+03,1.468303799999999937e+00
6.795000000000000284e+01,5.955748099999999567e+02,-9.028019199999999955e+02,-8.880979599999999436e+02,-1.502518599999999940e-02,7.593181499999999687e+03,1.468303799999999937e+00
6.800000000000000000e+01,6.198479700000000321e+02,-9.031928699999999708e+02,-8.878896399999999858e+02,-3.539109700000000330e-02,7.593181499999999687e+03,1.468303799999999937e+00
6.804999999999999716e+01,6.096217199999999821e+02,-9.028863099999999804e+02,-8.878355500000000120e+02,-2.473610800000000109e-01,7.593181499999999687e+03,1.468303799999999937e+00
6.809999999999999432e+01,5.964061000000000377e+02,-9.022554699999999457e+02,-8.875309899999999743e+02,4.491003200000000251e-02,7.593181499999999687e+03,1.468303799999999937e+00
6.815000000000000568e+01,5.929965799999999945e+02,-9.013589100000000371e+02,-8.867186100000000124e+02,1.947834300000000074e-01,7.593181499999999687e+03,1.468303799999999937e+00
6.820000000000000284e+01,6.147202399999999898e+02,-9.008925000000000409e+02,-8.857158699999999953e+02,-1.150414900000000101e-01,7.593181499999999687e+03,1.468303799999999937e+00
6.825000000000000000e+01,6.418908099999999877e+02,-9.009219900000000507e+02,-8.850745500000000447e+02,1.786947200000000013e-01,7.593181499999999687e+03,1.468303799999999937e+00
6.829999999999999716e+01,6.143725399999999581e+02,-9.001733699999999772e+02,-8.850053199999999833e+02,9.191240999999999994e-02,7.593181499999999687e+03,1.468303799999999937e+00
6.834999999999999432e+01,6.420665099999999939e+02,-9.012245400000000473e+02,-8.853727599999999711e+02,-6.778568900000001007e-02,7.593181499999999687e+03,1.468303799999999937e+00
6.840000000000000568e+01,6.022633100000000468e+02,-9.010098699999999781e+02,-8.861407799999999497e+02,1.706008399999999967e-02,7.593181499999999687e+03,1.468303799999999937e+00
6.845000000000000284e+01,6.341272300000000541e+02,-9.022495300000000498e+02,-8.865937599999999748e+02,3.078525200000000253e-02,7.593181499999999687e+03,1.468303799999999937e+00
6.850000000000000000e+01,5.838075199999999541e+02,-9.012745599999999513e+02,-8.868611200000000281e+02,1.676371000000000111e-01,7.593181499999999687e+03,1.468303799999999937e+00
6.854999999999999716e+01,5.815796299999999519e+02,-9.012722999999999729e+02,-8.869138599999999997e+02,5.200793200000000671e-02,7.593181499999999687e+03,1.468303799999999937e+00
6.859999999999999432e+01,5.962742100000000391e+02,-9.015004400000000260e+02,-8.867792200000000093e+02,1.472063700000000031e-01,7.593181499999999687e+03,1.468303799999999937e+00
6.865000000000000568e+01,6.099804699999999684e+02,-9.016461199999999963e+02,-8.865865000000000009e+02,1.243217200000000001e-02,7.593181499999999687e+03,1.468303799999999937e+00
6.870000000000000284e+01,5.717569499999999607e+02,-9.005468200000000252e+02,-8.864308899999999767e+02,5.361413000000000290e-02,7.593181499999999687e+03,1.468303799999999937e+00
6.875000000000000000e+01,6.675506000000000313e+02,-9.026005199999999604e+02,-8.861195699999999533e+02,1.903247400000000200e-01,7.593181499999999687e+03,1.468303799999999937e+00
6.879999999999999716e+01,6.215590700000000197e+02,-9.014592400000000225e+02,-8.861137599999999566e+02,-8.824646000000001267e-02,7.593181499999999687e+03,1.468303799999999937e+00
6.884999999999999432e+01,6.390039500000000317e+02,-9.023859700000000430e+02,-8.866097999999999502e+02,1.080631499999999967e-01,7.593181499999999687e+03,1.468303799999999937e+00
6.890000000000000568e+01,5.824641800000000558e+02,-9.021543000000000347e+02,-8.877740199999999504e+02,-3.727435500000000207e-02,7.593181499999999687e+03,1.468303799999999937e+00
6.895000000000000284e+01,5.134097400000000562e+02,-9.012076499999999442e+02,-8.885322300000000268e+02,-3.211515200000000098e-02,7.593181499999999687e+03,1.468303799999999937e+00
6.900000000000000000e+01,5.378690900000000283e+02,-9.017501700000000255e+02,-8.884708900000000540e+02,-5.773941200000000384e-02,7.593181499999999687e+03,1.468303799999999937e+00
6.904999999999999716e+01,5.654248099999999795e+02,-9.018100899999999456e+02,-8.878504900000000362e+02,3.044996300000000211e-01,7.593181499999999687e+03,1.468303799999999937e+00
6.909999999999999432e+01,6.106846600000000080e+02,-9.020862700000000132e+02,-8.870092700000000150e+02,-2.091312000000000119e-03,7.593181499999999687e+03,1.468303799999999937e+00
6.915000000000000568e+01,6.226067000000000462e+02,-9.017360999999999649e+02,-8.863647499999999582e+02,-1.106310900000000014e-01,7.593181499999999687e+03,1.468303799999999937e+00
6.920000000000000284e+01,6.586247399999999743e+02,-9.024086499999999660e+02,-8.861480699999999615e+02,-7.431442200000000411e-04,7.593181499999999687e+03,1.468303799999999937e+00
6.925000000000000000e+01,6.172174300000000358e+02,-9.016104400000000396e+02,-8.863721500000000333e+02,2.256006600000000015e-02,7.593181499999999687e+03,1.468303799999999937e+00
6.929999999999999716e+01,5.872571100000000115e+02,-9.011252899999999499e+02,-8.866266799999999648e+02,1.210524000000000149e-02,7.593181499999999687e+03,1.468303799999999937e+00
6.934999999999999432e+01,5.560395600000000513e+02,-9.005133399999999710e+02,-8.867854499999999689e+02,-8.438094800000001117e-02,7.593181499999999687e+03,1.468303799999999937e+00
6.940000000000000568e+01,6.193949000000000069e+02,-9.019834899999999607e+02,-8.866914399999999432e+02,8.224092500000000638e-02,7.593181499999999687e+03,1.468303799999999937e+00
6.945000000000000284e+01,5.811189200000000028e+02,-9.009848600000000260e+02,-8.866377999999999702e+02,-1.983536800000000044e-01,7.593181499999999687e+03,1.468303799999999937e+00
6.950000000000000000e+01,6.175748399999999947e+02,-9.019024100000000317e+02,-8.866552900000000363e+02,2.789380700000000379e-01,7.593181499999999687e+03,1.468303799999999937e+00
6.954999999999999716e+01,6.013490799999999581e+02,-9.017207899999999654e+02,-8.868742700000000241e+02,2.792847200000000418e-01,7.593181499999999687e+03,1.468303799999999937e+00
6.959999999999999432e+01,6.498341299999999592e+02,-9.030215899999999465e+02,-8.869780399999999645e+02,1.086183399999999938e-01,7.593181499999999687e+03,1.468303799999999937e+00
6.965000000000000568e+01,6.211504899999999907e+02,-9.024784300000000030e+02,-8.871430400000000418e+02,9.557954100000000397e-02,7.593181499999999687e+03,1.468303799999999937e+00
6.970000000000000284e+01,5.710985399999999572e+02,-9.014041200000000345e+02,-8.873044499999999744e+02,-2.307284900000000083e-01,7.593181499999999687e+03,1.468303799999999937e+00
6.975000000000000000e+01,6.066373099999999567e+02,-9.023629799999999932e+02,-8.873859099999999671e+02,4.855215900000000445e-02,7.593181499999999687e+03,1.468303799999999937e+00
6.979999999999999716e+01,5.803485899999999447e+02,-9.019457200000000512e+02,-8.876176799999999503e+02,2.417460500000000179e-01,7.593181499999999687e+03,1.468303799999999937e+00
6.984999999999999432e+01,6.105827100000000200e+02,-9.027365300000000161e+02,-8.876620400000000473e+02,-3.202887400000000162e-01,7.593181499999999687e+03,1.468303799999999937e+00
6.990000000000000568e+01,5.835785600000000386e+02,-9.020644700000000284e+02,-8.876566800000000512e+02,-7.894806599999999730e-02,7.593181499999999687e+03,1.468303799999999937e+00
6.995000000000000284e+01,5.790177499999999782e+02,-9.018082699999999932e+02,-8.875130799999999454e+02,-4.776496199999999970e-01,7.593181499999999687e+03,1.468303799999999937e+00
7.000000000000000000e+01,5.863233500000000049e+02,-9.015223300000000108e+02,-8.870467800000000125e+02,3.820485400000000475e-01,7.593181499999999687e+03,1.468303799999999937e+00
7.004999999999999716e+01,6.129777599999999893e+02,-9.014152599999999893e+02,-8.862816500000000133e+02,-1.726800000000000002e-01,7.593181499999999687e+03,1.468303799999999937e+00
7.009999999999999432e+01,6.265657800000000179e+02,-9.010154400000000123e+02,-8.855463499999999613e+02,5.698633599999999855e-02,7.593181499999999687e+03,1.468303799999999937e+00
7.015000000000000568e+01,5.867562100000000100e+02,-8.995665099999999939e+02,-8.850802700000000414e+02,-1.617611800000000044e-01,7.593181499999999687e+03,1.468303799999999937e+00
7.020000000000000284e+01,5.944828400000000101e+02,-8.994850999999999885e+02,-8.848080999999999676e+02,1.072114499999999998e-01,7.593181499999999687e+03,1.468303799999999937e+00
7.025000000000000000e+01,6.036260399999999890e+02,-8.996375199999999950e+02,-8.847347899999999754e+02,7.105447200000000740e-02,7.593181499999999687e+03,1.468303799999999937e+00
7.029999999999999716e+01,6.532978900000000522e+02,-9.010310699999999997e+02,-8.849020000000000437e+02,1.704209299999999983e-01,7.593181499999999687e+03,1.468303799999999937e+00
7.034999999999999432e+01,6.037018299999999726e+02,-9.008817800000000489e+02,-8.859771799999999757e+02,-3.955368700000000404e-01,7.593181499999999687e+03,1.468303799999999937e+00
7.040000000000000568e+01,5.731171600000000126e+02,-9.012456399999999803e+02,-8.870961300000000165e+02,2.757926500000000281e-01,7.593181499999999687e+03,1.468303799999999937e+00
7.045000000000000284e+01,5.847684100000000171e+02,-9.020107000000000426e+02,-8.875735399999999800e+02,-2.000918300000000261e-01,7.593181499999999687e+03,1.468303799999999937e+00
7.050000000000000000e+01,5.659428299999999581e+02,-9.017478200000000470e+02,-8.877754300000000285e+02,7.782374000000000236e-02,7.593181499999999687e+03,1.468303799999999937e+00
7.054999999999999716e+01,5.523055100000000266e+02,-9.012647500000000491e+02,-8.876290500000000065e+02,-1.416523100000000313e-01,7.593181499999999687e+03,1.468303799999999937e+00
7.059999999999999432e+01,6.101401200000000244e+02,-9.020888400000000047e+02,-8.870252799999999525e+02,5.773113300000000392e-02,7.593181499999999687e+03,1.468303799999999937e+00
7.065000000000000568e+01,6.036509600000000546e+02,-9.013982999999999493e+02,-8.864949500000000171e+02,-1.748724400000000179e-01,7.593181499999999687e+03,1.468303799999999937e+00
7.070000000000000284e+01,6.175298900000000231e+02,-9.012926700000000437e+02,-8.860466699999999491e+02,1.766237499999999960e-01,7.593181499999999687e+03,1.468303799999999937e+00
7.075000000000000000e+01,6.184180900000000065e+02,-9.010404099999999517e+02,-8.857724799999999732e+02,4.211142200000000391e-01,7.593181499999999687e+03,1.468303799999999937e+00
7.079999999999999716e+01,6.226468499999999722e+02,-9.010883099999999786e+02,-8.857159699999999702e+02,4.546919199999999855e-02,7.593181499999999687e+03,1.468303799999999937e+00
7.084999999999999432e+01,6.215328200000000152e+02,-9.012384200000000192e+02,-8.858935900000000174e+02,-8.574685899999999472e-02,7.593181499999999687e+03,1.468303799999999937e+00
7.090000000000000568e+01,6.084551699999999528e+02,-9.010914999999999964e+02,-8.860695399999999609e+02,1.755686300000000033e-01,7.593181499999999687e+03,1.468303799999999937e+00
7.095000000000000284e+01,5.794346299999999701e+02,-9.005061299999999846e+02,-8.862006499999999960e+02,-1.137775000000000175e-01,7.593181499999999687e+03,1.468303799999999937e+00
7.100000000000000000e+01,5.585514699999999948e+02,-9.000113199999999551e+02,-8.862214099999999917e+02,3.467810200000000231e-02,7.593181499999999687e+03,1.468303799999999937e+00
7.104999999999999716e+01,6.046006999999999607e+02,-9.007303699999999935e+02,-8.858035700000000361e+02,2.016513500000000070e-01,7.593181499999999687e+03,1.468303799999999937e+00
7.109999999999999432e+01,6.389484200000000556e+02,-9.006320500000000493e+02,-8.848572500000000218e+02,2.566415400000000013e-01,7.593181499999999687e+03,1.468303799999999937e+00
7.115000000000000568e+01,6.973295500000000402e+02,-9.011325500000000375e+02,-8.839163999999999533e+02,3.028116700000000328e-01,7.593181499999999687e+03,1.468303799999999937e+00
7.120000000000000284e+01,6.761249299999999494e+02,-9.004701599999999644e+02,-8.837775199999999813e+02,4.252472300000000316e-01,7.593181499999999687e+03,1.468303799999999937e+00
7.125000000000000000e+01,6.378010000000000446e+02,-9.007006499999999960e+02,-8.849541799999999512e+02,1.325807800000000126e-02,7.593181499999999687e+03,1.468303799999999937e+00
7.129999999999999716e+01,5.680520299999999452e+02,-9.006476699999999482e+02,-8.866232099999999718e+02,4.888955700000000570e-01,7.593181499999999687e+03,1.468303799999999937e+00
7.134999999999999432e+01,5.915053299999999581e+02,-9.016779299999999466e+02,-8.870744399999999814e+02,-2.605955800000000488e-01,7.593181499999999687e+03,1.468303799999999937e+00
7.140000000000000568e+01,5.636196700000000419e+02,-9.011467300000000478e+02,-8.872317000000000462e+02,4.251874999999999960e-01,7.593181499999999687e+03,1.468303799999999937e+00
7.145000000000000284e+01,5.759798799999999801e+02,-9.013856200000000172e+02,-8.871654300000000148e+02,8.620470700000000541e-02,7.593181499999999687e+03,1.468303799999999937e+00
7.150000000000000000e+01,6.234708500000000413e+02,-9.022778200000000197e+02,-8.868851399999999785e+02,4.107417099999999821e-01,7.593181499999999687e+03,1.468303799999999937e+00
7.154999999999999716e+01,6.597304699999999684e+02,-9.030735300000000052e+02,-8.867856500000000324e+02,3.148677800000000172e-03,7.593181499999999687e+03,1.468303799999999937e+00
7.159999999999999432e+01,5.562034200000000510e+02,-9.010409499999999525e+02,-8.873090200000000323e+02,2.308036000000000254e-01,7.593181499999999687e+03,1.468303799999999937e+00
7.165000000000000568e+01,5.581143799999999828e+02,-9.018045899999999619e+02,-8.880254800000000159e+02,-1.346199299999999988e-01,7.593181499999999687e+03,1.468303799999999937e+00
7.170000000000000284e+01,5.840816700000000310e+02,-9.029814400000000205e+02,-8.885612300000000232e+02,5.238593400000000205e-02,7.593181499999999687e+03,1.468303799999999937e+00
7.175000000000000000e+01,6.026358800000000429e+02,-9.038752200000000130e+02,-8.889969300000000203e+02,6.508686500000000763e-02,7.593181499999999687e+03,1.468303799999999937e+00
7.179999999999999716e+01,5.595708600000000388e+02,-9.033289200000000392e+02,-8.895138500000000477e+02,1.176399300000000037e-01,7.593181499999999687e+03,1.468303799999999937e+00
7.184999999999999432e+01,5.616576599999999644e+02,-9.038723800000000210e+02,-8.900057900000000473e+02,5.141575900000000532e-02,7.593181499999999687e+03,1.468303799999999937e+00
7.190000000000000568e+01,5.815413499999999658e+02,-9.045951000000000022e+02,-8.902376100000000179e+02,8.383370800000000678e-02,7.593181499999999687e+03,1.468303799999999937e+00
7.195000000000000284e+01,5.108157499999999800e+02,-9.026558499999999867e+02,-8.900444800000000214e+02,4.365462200000000403e-01,7.593181499999999687e+03,1.468303799999999937e+00
7.200000000000000000e+01,5.577079700000000457e+02,-9.027909100000000535e+02,-8.890218300000000227e+02,1.024417700000000188e-02,7.593181499999999687e+03,1.468303799999999937e+00
7.204999999999999716e+01,5.930566099999999778e+02,-9.024824300000000221e+02,-8.878406400000000076e+02,2.143501699999999788e-01,7.593181499999999687e+03,1.468303799999999937e+00
7.209999999999999432e+01,6.043475399999999809e+02,-9.020650399999999536e+02,-8.871444900000000189e+02,1.594020700000000068e-01,7.593181499999999687e+03,1.468303799999999937e+00
7.215000000000000568e+01,6.180247299999999768e+02,-9.021712499999999864e+02,-8.869130300000000489e+02,-1.304809799999999964e-01,7.593181499999999687e+03,1.468303799999999937e+00
7.220000000000000284e+01,6.478534600000000410e+02,-9.030195599999999558e+02,-8.870249099999999771e+02,3.771130100000000263e-02,7.593181499999999687e+03,1.468303799999999937e+00
7.225000000000000000e+01,5.959576299999999947e+02,-9.022102099999999609e+02,-8.874968000000000075e+02,-3.973043500000000283e-01,7.593181499999999687e+03,1.468303799999999937e+00
7.229999999999999716e+01,6.070401600000000144e+02,-9.028994699999999511e+02,-8.879124399999999468e+02,2.528168399999999871e-01,7.593181499999999687e+03,1.468303799999999937e+00
7.234999999999999432e+01,5.510253900000000158e+02,-9.019767000000000507e+02,-8.883726100000000088e+02,-4.605848700000000212e-02,7.593181499999999687e+03,1.468303799999999937e+00
7.240000000000000568e+01,5.359673400000000356e+02,-9.018594200000000001e+02,-8.886270899999999529e+02,3.904008400000000267e-02,7.593181499999999687e+03,1.468303799999999937e+00
7.245000000000000284e+01,5.986939899999999852e+02,-9.034552999999999656e+02,-8.886743300000000545e+02,1.119372500000000020e-01,7.593181499999999687e+03,1.468303799999999937e+00
7.250000000000000000e+01,6.143901200000000244e+02,-9.039497499999999945e+02,-8.887812599999999748e+02,1.589478100000000227e-01,7.593181499999999687e+03,1.468303799999999937e+00
7.254999999999999716e+01,5.706121900000000551e+02,-9.030441899999999578e+02,-8.889565300000000434e+02,1.855913100000000093e-01,7.593181499999999687e+03,1.468303799999999937e+00
7.259999999999999432e+01,5.444702700000000277e+02,-9.021294799999999441e+02,-8.886872200000000248e+02,1.777818899999999980e-01,7.593181499999999687e+03,1.468303799999999937e+00
7.265000000000000568e+01,5.758045600000000377e+02,-9.019398999999999660e+02,-8.877240399999999454e+02,2.662069000000000241e-02,7.593181499999999687e+03,1.468303799999999937e+00
7.270000000000000284e+01,6.583776199999999790e+02,-9.031123000000000047e+02,-8.868578199999999470e+02,3.721867100000000178e-02,7.593181499999999687e+03,1.468303799999999937e+00
7.275000000000000000e+01,6.446247200000000248e+02,-9.026188100000000532e+02,-8.867038700000000517e+02,-1.002451099999999984e-01,7.593181499999999687e+03,1.468303799999999937e+00
7.279999999999999716e+01,5.962596099999999524e+02,-9.016947000000000116e+02,-8.869738300000000208e+02,1.817448000000000119e-01,7.593181499999999687e+03,1.468303799999999937e+00
7.284999999999999432e+01,5.666899700000000166e+02,-9.012979199999999764e+02,-8.873070800000000418e+02,-2.213710799999999979e-01,7.593181499999999687e+03,1.468303799999999937e+00
7.290000000000000568e+01,6.158927300000000287e+02,-9.027704999999999700e+02,-8.875649200000000292e+02,-4.823966100000000312e-02,7.593181499999999687e+03,1.468303799999999937e+00
7.295000000000000284e+01,5.855601100000000088e+02,-9.024854199999999764e+02,-8.880287100000000464e+02,2.125308300000000334e-03,7.593181499999999687e+03,1.468303799999999937e+00
7.300000000000000000e+01,6.086416199999999890e+02,-9.036846500000000333e+02,-8.886580900000000156e+02,-1.797230900000000020e-01,7.593181499999999687e+03,1.468303799999999937e+00
7.304999999999999716e+01,5.783742399999999861e+02,-9.037884299999999484e+02,-8.895091300000000274e+02,-2.604295900000000441e-01,7.593181499999999687e+03,1.468303799999999937e+00
7.309999999999999432e+01,5.202634000000000469e+02,-9.028120699999999488e+02,-8.899674499999999853e+02,3.772640900000000241e-02,7.593181499999999687e+03,1.468303799999999937e+00
7.315000000000000568e+01,5.797887600000000248e+02,-9.039633900000000040e+02,-8.896491700000000264e+02,-1.081571600000000022e-01,7.593181499999999687e+03,1.468303799999999937e+00
7.320000000000000284e+01,5.930730999999999540e+02,-9.034593800000000101e+02,-8.888171800000000076e+02,5.228599800000000020e-02,7.593181499999999687e+03,1.468303799999999937e+00
7.325000000000000000e+01,6.253682400000000143e+02,-9.032201199999999517e+02,-8.877806000000000495e+02,-2.136060300000000300e-01,7.593181499999999687e+03,1.468303799999999937e+00
7.329999999999999716e+01,6.258119400000000496e+02,-9.026838199999999688e+02,-8.872333499999999731e+02,1.386248200000000097e-01,7.593181499999999687e+03,1.468303799999999937e+00
7.334999999999999432e+01,5.725034000000000560e+02,-9.011533399999999574e+02,-8.870189900000000307e+02,8.111393900000000989e-02,7.593181499999999687e+03,1.468303799999999937e+00
7.340000000000000568e+01,6.378561899999999696e+02,-9.025469100000000253e+02,-8.867990800000000036e+02,-6.787750900000000254e-03,7.593181499999999687e+03,1.468303799999999937e+00
7.345000000000000284e+01,6.420815000000000055e+02,-9.026905199999999923e+02,-8.868383700000000545e+02,-2.435276899999999911e-01,7.593181499999999687e+03,1.468303799999999937e+00
7.350000000000000000e+01,5.760666199999999435e+02,-9.013196599999999989e+02,-8.870973300000000563e+02,2.067529800000000029e-01,7.593181499999999687e+03,1.468303799999999937e+00
7.354999999999999716e+01,5.546862099999999600e+02,-9.009963900000000194e+02,-8.873019199999999955e+02,2.197334600000000193e-01,7.593181499999999687e+03,1.468303799999999937e+00
7.359999999999999432e+01,5.983865299999999934e+02,-9.020517899999999827e+02,-8.872784199999999828e+02,1.974840400000000273e-01,7.593181499999999687e+03,1.468303799999999937e+00
7.365000000000000568e+01,5.917810100000000375e+02,-9.018200600000000122e+02,-8.872097700000000486e+02,5.208375600000000882e-02,7.593181499999999687e+03,1.468303799999999937e+00
7.370000000000000284e+01,5.853080599999999549e+02,-9.015415400000000545e+02,-8.870910499999999956e+02,5.694324800000000880e-02,7.593181499999999687e+03,1.468303799999999937e+00
7.375000000000000000e+01,6.036642299999999750e+02,-9.017021399999999858e+02,-8.867984599999999773e+02,-1.263682000000000138e-01,7.593181499999999687e+03,1.468303799999999937e+00
7.379999999999999716e+01,6.224220599999999877e+02,-9.021032599999999775e+02,-8.867364800000000287e+02,3.082767200000000041e-01,7.593181499999999687e+03,1.468303799999999937e+00
7.384999999999999432e+01,5.973721699999999828e+02,-9.018260699999999588e+02,-8.870777399999999489e+02,-2.528420099999999920e-02,7.593181499999999687e+03,1.468303799999999937e+00
7.390000000000000568e+01,6.077355199999999513e+02,-9.024010700000000043e+02,-8.873968800000000101e+02,2.626095400000000302e-01,7.593181499999999687e+03,1.468303799999999937e+00
7.395000000000000284e+01,6.123324099999999817e+02,-9.028929799999999659e+02,-8.877752900000000409e+02,7.940688900000000827e-02,7.593181499999999687e+03,1.468303799999999937e+00
7.400000000000000000e+01,5.866951599999999871e+02,-9.025251200000000154e+02,-8.880403900000000021e+02,4.627755699999999695e-01,7.593181499999999687e+03,1.468303799999999937e+00
7.404999999999999716e+01,5.705037600000000566e+02,-9.021748099999999795e+02,-8.880898200000000315e+02,-3.331274000000000735e-02,7.593181499999999687e+03,1.468303799999999937e+00
7.409999999999999432e+01,5.427288300000000163e+02,-9.012549199999999701e+02,-8.878556599999999435e+02,2.133989000000000025e-01,7.593181499999999687e+03,1.468303799999999937e+00
7.415000000000000568e+01,5.784801099999999678e+02,-9.012951000000000477e+02,-8.870131900000000087e+02,6.200884400000000046e-02,7.593181499999999687e+03,1.468303799999999937e+00
7.420000000000000284e+01,6.282118400000000520e+02,-9.013991300000000138e+02,-8.858894000000000233e+02,8.793990800000001107e-02,7.593181499999999687e+03,1.468303799999999937e+00
7.425000000000000000e+01,6.415681100000000470e+02,-9.010524799999999459e+02,-8.852129999999999654e+02,5.746998500000000121e-02,7.593181499999999687e+03,1.468303799999999937e+00
7.429999999999999716e+01,5.936178999999999633e+02,-8.997331199999999853e+02,-8.850774699999999484e+02,2.111258699999999933e-01,7.593181499999999687e+03,1.468303799999999937e+00
7.434999999999999432e+01,6.206585599999999658e+02,-9.004832599999999729e+02,-8.851600200000000314e+02,1.374043799999999926e-01,7.593181499999999687e+03,1.468303799999999937e+00
7.440000000000000568e+01,6.005582799999999679e+02,-9.005230599999999868e+02,-8.856960599999999886e+02,1.399336100000000138e-01,7.593181499999999687e+03,1.468303799999999937e+00
7.445000000000000284e+01,5.842111700000000383e+02,-9.011969000000000278e+02,-8.867735000000000127e+02,-8.645783599999999625e-02,7.593181499999999687e+03,1.468303799999999937e+00
7.450000000000000000e+01,5.485293500000000222e+02,-9.010720599999999649e+02,-8.875295899999999847e+02,3.752686900000000436e-02,7.593181499999999687e+03,1.468303799999999937e+00
7.454999999999999716e+01,5.792500199999999495e+02,-9.019813000000000329e+02,-8.876803800000000138e+02,2.391460900000000056e-01,7.593181499999999687e+03,1.468303799999999937e+00
7.459999999999999432e+01,5.970196899999999687e+02,-9.024466300000000274e+02,-8.877069900000000189e+02,-1.420405600000000101e-01,7.593181499999999687e+03,1.468303799999999937e+00
7.465000000000000568e+01,5.713402099999999564e+02,-9.017458800000000565e+02,-8.876402399999999489e+02,4.548791000000000362e-01,7.593181499999999687e+03,1.468303799999999937e+00
7.470000000000000284e+01,5.668254200000000083e+02,-9.014571700000000192e+02,-8.874629899999999907e+02,4.900629100000000044e-02,7.593181499999999687e+03,1.468303799999999937e+00
7.475000000000000000e+01,5.907245799999999463e+02,-9.018727400000000216e+02,-8.872885199999999486e+02,1.671845900000000218e-01,7.593181499999999687e+03,1.468303799999999937e+00
7.479999999999999716e+01,5.981813700000000154e+02,-9.018778399999999920e+02,-8.871095199999999750e+02,6.653058700000000214e-02,7.593181499999999687e+03,1.468303799999999937e+00
7.484999999999999432e+01,6.045780200000000377e+02,-9.016133999999999560e+02,-8.866871599999999489e+02,1.669359300000000101e-01,7.593181499999999687e+03,1.468303799999999937e+00
7.490000000000000568e+01,6.565077800000000252e+02,-9.019554399999999532e+02,-8.857471199999999953e+02,1.745335299999999923e-01,7.593181499999999687e+03,1.468303799999999937e+00
7.495000000000000284e+01,6.084975200000000086e+02,-8.999916899999999487e+02,-8.849686900000000378e+02,2.158037899999999953e-01,7.593181499999999687e+03,1.468303799999999937e+00
7.500000000000000000e+01,6.451011200000000372e+02,-9.006255300000000261e+02,-8.846988300000000436e+02,4.752940600000000182e-01,7.593181499999999687e+03,1.468303799999999937e+00
7.504999999999999716e+01,6.470391700000000128e+02,-9.012363199999999779e+02,-8.852617699999999559e+02,1.858220399999999800e-02,7.593181499999999687e+03,1.468303799999999937e+00
7.509999999999999432e+01,5.904446699999999737e+02,-9.012867800000000216e+02,-8.867094700000000103e+02,1.938836600000000132e-01,7.593181499999999687e+03,1.468303799999999937e+00
7.515000000000000568e+01,5.829541299999999637e+02,-9.019252199999999675e+02,-8.875328399999999647e+02,-8.615733000000000419e-02,7.593181499999999687e+03,1.468303799999999937e+00
7.520000000000000284e+01,6.023910899999999629e+02,-9.026775999999999840e+02,-8.878053499999999758e+02,1.980838600000000005e-01,7.593181499999999687e+03,1.468303799999999937e+00
7.525000000000000000e+01,6.010486499999999523e+02,-9.028602700000000141e+02,-8.880211600000000089e+02,2.842192900000000133e-01,7.593181499999999687e+03,1.468303799999999937e+00
7.529999999999999716e+01,5.740765000000000100e+02,-9.022974699999999757e+02,-8.881242700000000241e+02,2.390203700000000098e-01,7.593181499999999687e+03,1.468303799999999937e+00
7.534999999999999432e+01,5.657542799999999943e+02,-9.019643899999999803e+02,-8.879966600000000199e+02,1.054192700000000094e-01,7.593181499999999687e+03,1.468303799999999937e+00
7.540000000000000568e+01,6.240751599999999826e+02,-9.031130100000000311e+02,-8.877054200000000037e+02,4.417208899999999772e-01,7.593181499999999687e+03,1.468303799999999937e+00
7.545000000000000284e+01,6.325982500000000073e+02,-9.029844100000000253e+02,-8.873663900000000240e+02,-3.535387999999999725e-02,7.593181499999999687e+03,1.468303799999999937e+00
7.550000000000000000e+01,6.235420599999999922e+02,-9.023973399999999856e+02,-8.870029100000000426e+02,7.083388999999999658e-02,7.593181499999999687e+03,1.468303799999999937e+00
7.554999999999999716e+01,6.144246699999999919e+02,-9.018094599999999446e+02,-8.866401200000000244e+02,2.995559500000000153e-01,7.593181499999999687e+03,1.468303799999999937e+00
7.559999999999999432e+01,6.590448000000000093e+02,-9.024140599999999495e+02,-8.861431000000000040e+02,1.396685900000000091e-01,7.593181499999999687e+03,1.468303799999999937e+00
7.565000000000000568e+01,6.744782300000000532e+02,-9.027062799999999925e+02,-8.860543000000000120e+02,3.264421299999999970e-01,7.593181499999999687e+03,1.468303799999999937e+00
7.570000000000000284e+01,6.300633500000000140e+02,-9.025481499999999642e+02,-8.869927099999999882e+02,4.785294200000000248e-02,7.593181499999999687e+03,1.468303799999999937e+00
7.575000000000000000e+01,5.880781899999999496e+02,-9.026650600000000395e+02,-8.881461799999999585e+02,5.647754999999999859e-01,7.593181499999999687e+03,1.468303799999999937e+00
7.579999999999999716e+01,5.789363100000000486e+02,-9.030030199999999923e+02,-8.887098499999999603e+02,-7.411308400000000962e-02,7.593181499999999687e+03,1.468303799999999937e+00
7.584999999999999432e+01,5.757282400000000280e+02,-9.030226300000000492e+02,-8.888086600000000317e+02,9.695058800000000421e-02,7.593181499999999687e+03,1.468303799999999937e+00
7.590000000000000568e+01,5.936999499999999443e+02,-9.033432400000000371e+02,-8.886855699999999842e+02,1.083483199999999980e-01,7.593181499999999687e+03,1.468303799999999937e+00
7.595000000000000284e+01,5.741476599999999735e+02,-9.026386999999999716e+02,-8.884637400000000298e+02,2.294292100000000223e-01,7.593181499999999687e+03,1.468303799999999937e+00
7.600000000000000000e+01,5.586649700000000394e+02,-9.015911999999999580e+02,-8.877984999999999900e+02,-2.154740500000000003e-01,7.593181499999999687e+03,1.468303799999999937e+00
7.604999999999999716e+01,6.492764100000000553e+02,-9.024990999999999985e+02,-8.864693200000000388e+02,1.078479499999999980e-01,7.593181499999999687e+03,1.468303799999999937e+00
7.609999999999999432e+01,6.365939600000000382e+02,-9.015633100000000013e+02,-8.858466399999999794e+02,-2.451035000000000019e-01,7.593181499999999687e+03,1.468303799999999937e+00
7.615000000000000568e+01,5.805907300000000077e+02,-9.000401200000000017e+02,-8.857060999999999922e+02,2.095214400000000032e-01,7.593181499999999687e+03,1.468303799999999937e+00
7.620000000000000284e+01,6.167546599999999444e+02,-9.008609999999999900e+02,-8.856341400000000021e+02,2.069558700000000140e-02,7.593181499999999687e+03,1.468303799999999937e+00
7.625000000000000000e+01,6.293470600000000559e+02,-9.011974900000000162e+02,-8.856597400000000562e+02,4.268425600000000375e-02,7.593181499999999687e+03,1.468303799999999937e+00
7.629999999999999716e+01,6.244891199999999571e+02,-9.013693500000000540e+02,-8.859515300000000479e+02,-1.681763699999999917e-01,7.593181499999999687e+03,1.468303799999999937e+00
7.634999999999999432e+01,6.396390199999999595e+02,-9.024566499999999678e+02,-8.866648000000000138e+02,3.094128500000000170e-01,7.593181499999999687e+03,1.468303799999999937e+00
7.640000000000000568e+01,5.517664999999999509e+02,-9.012881499999999733e+02,-8.876657599999999775e+02,2.288348600000000010e-01,7.593181499999999687e+03,1.468303799999999937e+00
7.645000000000000284e+01,5.685539099999999735e+02,-9.020072499999999991e+02,-8.879704000000000406e+02,-1.631911000000000056e-01,7.593181499999999687e+03,1.468303799999999937e+00
7.650000000000000000e+01,6.198953400000000329e+02,-9.032797199999999975e+02,-8.879753200000000106e+02,3.249113100000000087e-01,7.593181499999999687e+03,1.468303799999999937e+00
7.654999999999999716e+01,6.126515299999999797e+02,-9.031453800000000456e+02,-8.880198199999999815e+02,-2.645424200000000003e-01,7.593181499999999687e+03,1.468303799999999937e+00
7.659999999999999432e+01,6.082847500000000309e+02,-9.031303299999999581e+02,-8.881125700000000052e+02,3.026119400000000167e-02,7.593181499999999687e+03,1.468303799999999937e+00
7.665000000000000568e+01,5.717540000000000191e+02,-9.023290899999999510e+02,-8.882132299999999532e+02,-2.383159400000000039e-01,7.593181499999999687e+03,1.468303799999999937e+00
7.670000000000000284e+01,6.107971999999999753e+02,-9.032634299999999712e+02,-8.881836499999999432e+02,2.965485099999999874e-01,7.593181499999999687e+03,1.468303799999999937e+00
7.675000000000000000e+01,5.693407399999999825e+02,-9.023482500000000073e+02,-8.882919699999999921e+02,1.787128799999999906e-01,7.593181499999999687e+03,1.468303799999999937e+00
7.679999999999999716e+01,5.730258800000000292e+02,-9.023836400000000140e+02,-8.882363800000000538e+02,-4.309179500000000218e-02,7.593181499999999687e+03,1.468303799999999937e+00
7.684999999999999432e+01,6.007750300000000152e+02,-9.027969799999999623e+02,-8.879646300000000565e+02,4.638268600000000630e-02,7.593181499999999687e+03,1.468303799999999937e+00
7.690000000000000568e+01,6.229446599999999989e+02,-9.028638300000000072e+02,-8.874841400000000249e+02,1.059846800000000117e-01,7.593181499999999687e+03,1.468303799999999937e+00
7.695000000000000284e+01,6.434113399999999956e+02,-9.027624700000000075e+02,-8.868774799999999914e+02,3.289296800000000021e-01,7.593181499999999687e+03,1.468303799999999937e+00
7.700000000000000000e+01,6.175090599999999768e+02,-9.018510700000000497e+02,-8.866055800000000318e+02,1.627409100000000094e-02,7.593181499999999687e+03,1.468303799999999937e+00
7.704999999999999716e+01,6.207721299999999474e+02,-9.017434500000000526e+02,-8.864174000000000433e+02,1.972085199999999983e-01,7.593181499999999687e+03,1.468303799999999937e+00
7.709999999999999432e+01,6.461574100000000271e+02,-9.024317899999999781e+02,-8.864790100000000166e+02,-1.090307400000000010e-01,7.593181499999999687e+03,1.468303799999999937e+00
7.715000000000000568e+01,5.749404899999999543e+02,-9.012258399999999483e+02,-8.870313200000000506e+02,1.517419299999999971e-01,7.593181499999999687e+03,1.468303799999999937e+00
7.720000000000000284e+01,5.578119400000000496e+02,-9.014605900000000247e+02,-8.876889400000000023e+02,6.036820700000000012e-02,7.593181499999999687e+03,1.468303799999999937e+00
7.725000000000000000e+01,6.180036599999999680e+02,-9.034622900000000527e+02,-8.882045900000000529e+02,4.625579600000000180e-02,7.593181499999999687e+03,1.468303799999999937e+00
7.729999999999999716e+01,5.932291500000000042e+02,-9.034872199999999793e+02,-8.888411700000000337e+02,1.298398200000000224e-01,7.593181499999999687e+03,1.468303799999999937e+00
7.734999999999999432e+01,5.527031799999999748e+02,-9.030475999999999885e+02,-8.894020799999999554e+02,-8.648033800000000382e-02,7.593181499999999687e+03,1.468303799999999937e+00
7.740000000000000568e+01,5.444910599999999476e+02,-9.028710499999999683e+02,-8.894282799999999725e+02,3.152420000000000222e-02,7.593181499999999687e+03,1.468303799999999937e+00
7.745000000000000284e+01,5.948464999999999918e+02,-9.033192199999999730e+02,-8.886332400000000007e+02,6.666954399999999725e-02,7.593181499999999687e+03,1.468303799999999937e+00
7.750000000000000000e+01,6.401582100000000537e+02,-9.032185799999999745e+02,-8.874139099999999871e+02,2.973481000000000596e-01,7.593181499999999687e+03,1.468303799999999937e+00
7.754999999999999716e+01,5.957024300000000494e+02,-9.013126200000000381e+02,-8.866055099999999811e+02,3.640972400000000442e-02,7.593181499999999687e+03,1.468303799999999937e+00
7.759999999999999432e+01,6.513656799999999976e+02,-9.021684099999999944e+02,-8.860870499999999765e+02,-1.345236200000000104e-01,7.593181499999999687e+03,1.468303799999999937e+00
7.765000000000000568e+01,6.343250799999999572e+02,-9.017598600000000033e+02,-8.860991999999999962e+02,-1.241616100000000056e-01,7.593181499999999687e+03,1.468303799999999937e+00
7.770000000000000284e+01,6.299637300000000550e+02,-9.020035100000000057e+02,-8.864505299999999579e+02,-6.412318399999999974e-02,7.593181499999999687e+03,1.468303799999999937e+00
7.775000000000000000e+01,5.905786100000000260e+02,-9.014507800000000088e+02,-8.868701700000000301e+02,-1.559643500000000016e-01,7.593181499999999687e+03,1.468303799999999937e+00
7.779999999999999716e+01,6.081458800000000338e+02,-9.021006099999999606e+02,-8.870862799999999879e+02,1.740901399999999913e-03,7.593181499999999687e+03,1.468303799999999937e+00
7.784999999999999432e+01,6.142397300000000087e+02,-9.025187300000000050e+02,-8.873539600000000291e+02,3.362266600000000105e-01,7.593181499999999687e+03,1.468303799999999937e+00
7.790000000000000568e+01,6.094634700000000294e+02,-9.029419100000000071e+02,-8.878950599999999440e+02,1.190311099999999955e-01,7.593181499999999687e+03,1.468303799999999937e+00
7.795000000000000284e+01,6.010773299999999608e+02,-9.044346100000000206e+02,-8.895947999999999638e+02,2.171824099999999924e-01,7.593181499999999687e+03,1.468303799999999937e+00
7.800000000000000000e+01,5.418352599999999484e+02,-9.044845400000000382e+02,-8.911073400000000220e+02,-3.599766299999999919e-02,7.593181499999999687e+03,1.468303799999999937e+00
7.804999999999999716e+01,5.400030299999999670e+02,-9.045108500000000049e+02,-8.911788800000000492e+02,4.209825100000000320e-01,7.593181499999999687e+03,1.468303799999999937e+00
7.809999999999999432e+01,6.025578900000000431e+02,-9.053559299999999439e+02,-8.904795599999999922e+02,-1.027596600000000165e-01,7.593181499999999687e+03,1.468303799999999937e+00
7.815000000000000568e+01,5.467899099999999635e+02,-9.030164499999999634e+02,-8.895169200000000274e+02,-4.891923199999999999e-02,7.593181499999999687e+03,1.468303799999999937e+00
7.820000000000000284e+01,6.090921799999999848e+02,-9.035399999999999636e+02,-8.885023099999999658e+02,7.644896700000000656e-02,7.593181499999999687e+03,1.468303799999999937e+00
7.825000000000000000e+01,6.227489000000000487e+02,-9.032180200000000241e+02,-8.878431699999999864e+02,4.325735000000000691e-02,7.593181499999999687e+03,1.468303799999999937e+00
7.829999999999999716e+01,5.919885100000000193e+02,-9.022199399999999514e+02,-8.876045199999999795e+02,1.453410499999999994e-01,7.593181499999999687e+03,1.468303799999999937e+00
7.834999999999999432e+01,5.942156599999999571e+02,-9.021773200000000088e+02,-8.875069200000000365e+02,-8.032682300000000553e-02,7.593181499999999687e+03,1.468303799999999937e+00
7.840000000000000568e+01,5.632284100000000535e+02,-9.012346300000000383e+02,-8.873292599999999766e+02,-3.268572899999999670e-02,7.593181499999999687e+03,1.468303799999999937e+00
7.845000000000000284e+01,6.159366199999999480e+02,-9.017910900000000538e+02,-8.865844200000000228e+02,-5.642333499999999807e-02,7.593181499999999687e+03,1.468303799999999937e+00
7.850000000000000000e+01,6.708160100000000057e+02,-9.022635800000000472e+02,-8.857020099999999729e+02,4.770119500000000179e-02,7.593181499999999687e+03,1.468303799999999937e+00
7.854999999999999716e+01,6.870294800000000350e+02,-9.023903500000000122e+02,-8.854284900000000107e+02,3.116338300000000006e-01,7.593181499999999687e+03,1.468303799999999937e+00
7.859999999999999432e+01,6.132947699999999713e+02,-9.011319099999999480e+02,-8.859904599999999846e+02,-4.162818399999999863e-02,7.593181499999999687e+03,1.468303799999999937e+00
7.865000000000000568e+01,6.204588199999999460e+02,-9.024781600000000026e+02,-8.871598500000000058e+02,-3.059950400000000306e-02,7.593181499999999687e+03,1.468303799999999937e+00
7.870000000000000284e+01,5.551751900000000433e+02,-9.020424000000000433e+02,-8.883358600000000251e+02,-1.104915199999999958e-01,7.593181499999999687e+03,1.468303799999999937e+00
7.875000000000000000e+01,5.004106300000000260e+02,-9.009986900000000105e+02,-8.886442100000000437e+02,1.551168900000000073e-01,7.593181499999999687e+03,1.468303799999999937e+00
7.879999999999999716e+01,5.990635899999999765e+02,-9.031400800000000118e+02,-8.883499799999999595e+02,-4.405899800000000477e-01,7.593181499999999687e+03,1.468303799999999937e+00
7.884999999999999432e+01,6.232206700000000410e+02,-9.032567800000000489e+02,-8.878702799999999797e+02,1.447727699999999951e-01,7.593181499999999687e+03,1.468303799999999937e+00
7.890000000000000568e+01,6.162040299999999888e+02,-9.025337299999999914e+02,-8.873204600000000255e+02,-9.212606900000000487e-02,7.593181499999999687e+03,1.468303799999999937e+00
7.895000000000000284e+01,6.375395099999999502e+02,-9.025893600000000561e+02,-8.868493499999999585e+02,4.714459600000000389e-02,7.593181499999999687e+03,1.468303799999999937e+00
7.900000000000000000e+01,6.120899799999999686e+02,-9.017435400000000527e+02,-8.866318400000000111e+02,8.549775300000000966e-02,7.593181499999999687e+03,1.468303799999999937e+00
7.904999999999999716e+01,6.023384200000000419e+02,-9.014574800000000323e+02,-8.865865400000000136e+02,-5.299755300000000974e-02,7.593181499999999687e+03,1.468303799999999937e+00
7.909999999999999432e+01,6.374990900000000238e+02,-9.022390900000000329e+02,-8.865000800000000254e+02,4.191519900000000021e-02,7.593181499999999687e+03,1.468303799999999937e+00
7.915000000000000568e+01,6.183757100000000264e+02,-9.019443499999999858e+02,-8.866774699999999712e+02,-1.559753799999999968e-01,7.593181499999999687e+03,1.468303799999999937e+00
7.920000000000000284e+01,6.137584500000000389e+02,-9.025072499999999991e+02,-8.873543600000000424e+02,2.527293899999999982e-01,7.593181499999999687e+03,1.468303799999999937e+00
7.925000000000000000e+01,5.778595800000000509e+02,-9.024001600000000280e+02,-8.881335699999999633e+02,-1.666638699999999917e-01,7.593181499999999687e+03,1.468303799999999937e+00
7.929999999999999716e+01,5.630674900000000207e+02,-9.025006200000000263e+02,-8.885992199999999457e+02,2.921968499999999871e-02,7.593181499999999687e+03,1.468303799999999937e+00
7.934999999999999432e+01,5.710917200000000093e+02,-9.029364699999999857e+02,-8.888369599999999764e+02,2.054996600000000007e-01,7.593181499999999687e+03,1.468303799999999937e+00
7.940000000000000568e+01,5.411083200000000488e+02,-9.022130300000000034e+02,-8.888537800000000288e+02,2.652074400000000234e-02,7.593181499999999687e+03,1.468303799999999937e+00
7.945000000000000284e+01,5.813430299999999988e+02,-9.026220600000000331e+02,-8.882694599999999809e+02,1.386408400000000152e-01,7.593181499999999687e+03,1.468303799999999937e+00
7.950000000000000000e+01,5.779431899999999587e+02,-9.014965200000000323e+02,-8.872278599999999642e+02,8.779373699999999670e-02,7.593181499999999687e+03,1.468303799999999937e+00
7.954999999999999716e+01,6.457358400000000529e+02,-9.022015800000000354e+02,-8.862592100000000528e+02,-1.131173500000000193e-01,7.593181499999999687e+03,1.468303799999999937e+00
7.959999999999999432e+01,6.084186399999999821e+02,-9.009857100000000401e+02,-8.859646500000000060e+02,1.177330400000000110e-01,7.593181499999999687e+03,1.468303799999999937e+00
7.965000000000000568e+01,6.526738299999999526e+02,-9.020074100000000499e+02,-8.858937499999999545e+02,-1.501826500000000009e-01,7.593181499999999687e+03,1.468303799999999937e+00
7.970000000000000284e+01,6.187554900000000089e+02,-9.014173399999999674e+02,-8.861410799999999881e+02,-8.080893299999999946e-02,7.593181499999999687e+03,1.468303799999999937e+00
7.975000000000000000e+01,6.239511300000000347e+02,-9.020476999999999634e+02,-8.866431599999999662e+02,1.296507400000000143e-01,7.593181499999999687e+03,1.468303799999999937e+00
7.979999999999999716e+01,6.182883900000000494e+02,-9.024700100000000020e+02,-8.872052800000000161e+02,-3.461198299999999894e-02,7.593181499999999687e+03,1.468303799999999937e+00
7.984999999999999432e+01,6.306414300000000139e+02,-9.033209399999999505e+02,-8.877512400000000525e+02,3.004752600000000218e-01,7.593181499999999687e+03,1.468303799999999937e+00
7.990000000000000568e+01,5.171110800000000154e+02,-9.008497300000000223e+02,-8.880829300000000330e+02,-4.474475900000000200e-02,7.593181499999999687e+03,1.468303799999999937e+00
7.995000000000000284e+01,6.202376500000000306e+02,-9.030771300000000110e+02,-8.877642799999999852e+02,1.510437500000000044e-01,7.593181499999999687e+03,1.468303799999999937e+00
8.000000000000000000e+01,6.188854700000000548e+02,-9.029210500000000366e+02,-8.876415799999999763e+02,-2.772051099999999976e-02,7.593181499999999687e+03,1.468303799999999937e+00
8.004999999999999716e+01,5.608024299999999585e+02,-9.015441899999999578e+02,-8.876987199999999802e+02,8.239226000000000882e-02,7.593181499999999687e+03,1.468303799999999937e+00
8.009999999999999432e+01,6.156185799999999517e+02,-9.026141599999999698e+02,-8.874153499999999894e+02,-6.107226300000000163e-02,7.593181499999999687e+03,1.468303799999999937e+00
8.015000000000000568e+01,6.227513699999999517e+02,-9.023822900000000118e+02,-8.870073700000000372e+02,2.437860900000000108e-01,7.593181499999999687e+03,1.468303799999999937e+00
8.020000000000000284e+01,6.296244799999999486e+02,-9.020806900000000041e+02,-8.865360899999999447e+02,1.645764600000000077e-01,7.593181499999999687e+03,1.468303799999999937e+00
8.025000000000000000e+01,6.037993599999999788e+02,-9.008037699999999859e+02,-8.858967599999999720e+02,-1.067938500000000131e-02,7.593181499999999687e+03,1.468303799999999937e+00
8.029999999999999716e+01,6.523424700000000485e+02,-9.012274700000000394e+02,-8.851219999999999573e+02,4.501703800000000366e-01,7.593181499999999687e+03,1.468303799999999937e+00
8.034999999999999432e+01,6.552847299999999677e+02,-9.011351399999999785e+02,-8.849570200000000568e+02,8.322805399999999576e-02,7.593181499999999687e+03,1.468303799999999937e+00
8.040000000000000568e+01,6.242907500000000027e+02,-9.011262500000000273e+02,-8.857133300000000418e+02,1.889173900000000184e-01,7.593181499999999687e+03,1.468303799999999937e+00
8.045000000000000284e+01,6.390000599999999622e+02,-9.029005399999999781e+02,-8.871244699999999739e+02,-2.184674700000000247e-01,7.593181499999999687e+03,1.468303799999999937e+00
8.050000000000000000e+01,5.925570000000000164e+02,-9.027981800000000021e+02,-8.881687200000000075e+02,7.014719400000000993e-02,7.593181499999999687e+03,1.468303799999999937e+00
8.054999999999999716e+01,5.691391399999999976e+02,-9.025120299999999816e+02,-8.884607300000000123e+02,2.514392599999999978e-01,7.593181499999999687e+03,1.468303799999999937e+00
8.059999999999999432e+01,5.647928100000000313e+02,-9.022047199999999521e+02,-8.882607299999999668e+02,3.006055599999999869e-03,7.593181499999999687e+03,1.468303799999999937e+00
8.065000000000000568e+01,6.093542599999999538e+02,-9.026396899999999732e+02,-8.875955400000000282e+02,-2.022365900000000216e-01,7.593181499999999687e+03,1.468303799999999937e+00
8.070000000000000284e+01,6.209648300000000063e+02,-9.021186599999999771e+02,-8.867878500000000486e+02,6.202312899999999629e-02,7.593181499999999687e+03,1.468303799999999937e+00
8.075000000000000000e+01,6.841478600000000370e+02,-9.032020899999999983e+02,-8.863113799999999856e+02,-3.753883499999999956e-02,7.593181499999999687e+03,1.468303799999999937e+00
8.079999999999999716e+01,6.654098999999999933e+02,-9.030194099999999935e+02,-8.865913100000000213e+02,-9.463337400000000621e-02,7.593181499999999687e+03,1.468303799999999937e+00
8.084999999999999432e+01,6.012050600000000031e+02,-9.022869699999999966e+02,-8.874440100000000484e+02,-2.643025099999999905e-01,7.593181499999999687e+03,1.468303799999999937e+00
8.090000000000000568e+01,5.487699099999999817e+02,-9.015501699999999801e+02,-8.880017599999999902e+02,-1.523977400000000107e-02,7.593181499999999687e+03,1.468303799999999937e+00
8.095000000000000284e+01,5.534366800000000239e+02,-9.015803200000000288e+02,-8.879166999999999916e+02,-2.472495500000000124e-01,7.593181499999999687e+03,1.468303799999999937e+00
8.100000000000000000e+01,5.982234499999999571e+02,-9.022902400000000398e+02,-8.875208900000000085e+02,-2.358122300000000116e-01,7.593181499999999687e+03,1.468303799999999937e+00
8.104999999999999716e+01,6.133993500000000267e+02,-9.024285899999999856e+02,-8.872845600000000559e+02,5.768883400000000133e-02,7.593181499999999687e+03,1.468303799999999937e+00
8.109999999999999432e+01,5.762224400000000060e+02,-9.014941099999999778e+02,-8.872679399999999532e+02,1.618583800000000239e-01,7.593181499999999687e+03,1.468303799999999937e+00
8.115000000000000568e+01,5.528348600000000488e+02,-9.008566499999999451e+02,-8.872078900000000203e+02,-3.061343800000000063e-03,7.593181499999999687e+03,1.468303799999999937e+00
8.120000000000000284e+01,6.314539499999999634e+02,-9.026746000000000549e+02,-8.870848300000000108e+02,-9.577915800000000313e-02,7.593181499999999687e+03,1.468303799999999937e+00
8.125000000000000000e+01,6.434896499999999833e+02,-9.032009100000000217e+02,-8.873139999999999645e+02,9.663331299999999846e-02,7.593181499999999687e+03,1.468303799999999937e+00
8.129999999999999716e+01,5.712589500000000271e+02,-9.020323899999999639e+02,-8.879287500000000364e+02,3.488686599999999971e-01,7.593181499999999687e+03,1.468303799999999937e+00
8.134999999999999432e+01,5.830979999999999563e+02,-9.032322199999999839e+02,-8.888363000000000511e+02,2.264222600000000141e-01,7.593181499999999687e+03,1.468303799999999937e+00
8.140000000000000568e+01,5.386496799999999894e+02,-9.031148399999999583e+02,-8.898162899999999809e+02,5.515211300000000261e-02,7.593181499999999687e+03,1.468303799999999937e+00
8.145000000000000284e+01,5.432427500000000009e+02,-9.036855799999999590e+02,-8.902736300000000256e+02,2.308707600000000359e-01,7.593181499999999687e+03,1.468303799999999937e+00
8.150000000000000000e+01,5.745963299999999663e+02,-9.044036200000000463e+02,-8.902175999999999476e+02,1.330302500000000165e-01,7.593181499999999687e+03,1.468303799999999937e+00
8.154999999999999716e+01,5.879320400000000291e+02,-9.042847500000000309e+02,-8.897694800000000441e+02,9.560789899999999619e-02,7.593181499999999687e+03,1.468303799999999937e+00
8.159999999999999432e+01,6.034048299999999472e+02,-9.036426500000000033e+02,-8.887453799999999546e+02,6.941967500000000013e-02,7.593181499999999687e+03,1.468303799999999937e+00
8.165000000000000568e+01,6.084394700000000284e+02,-9.022130499999999529e+02,-8.871914799999999559e+02,1.447471000000000001e-02,7.593181499999999687e+03,1.468303799999999937e+00
8.170000000000000284e+01,6.150685700000000224e+02,-9.016792000000000371e+02,-8.864939699999999903e+02,-9.005124200000000356e-02,7.593181499999999687e+03,1.468303799999999937e+00
8.175000000000000000e+01,6.231386499999999842e+02,-9.019268100000000459e+02,-8.865423299999999927e+02,-1.386588400000000054e-01,7.593181499999999687e+03,1.468303799999999937e+00
8.179999999999999716e+01,6.426961199999999508e+02,-9.030828500000000076e+02,-8.872155199999999695e+02,1.944109400000000043e-01,7.593181499999999687e+03,1.468303799999999937e+00
8.184999999999999432e+01,5.900007500000000391e+02,-9.026901100000000042e+02,-8.881237700000000359e+02,2.831066900000000358e-02,7.593181499999999687e+03,1.468303799999999937e+00
8.190000000000000568e+01,5.933123900000000503e+02,-9.031896600000000035e+02,-8.885415600000000040e+02,-2.918295799999999773e-01,7.593181499999999687e+03,1.468303799999999937e+00
8.195000000000000284e+01,5.700709500000000389e+02,-9.027168599999999969e+02,-8.886425500000000284e+02,-4.024258499999999912e-03,7.593181499999999687e+03,1.468303799999999937e+00
8.200000000000000000e+01,5.969032399999999825e+02,-9.031801000000000386e+02,-8.884433400000000347e+02,-2.845629199999999970e-01,7.593181499999999687e+03,1.468303799999999937e+00
8.204999999999999716e+01,6.188982399999999870e+02,-9.032044200000000274e+02,-8.879246299999999792e+02,1.333158400000000188e-01,7.593181499999999687e+03,1.468303799999999937e+00
8.209999999999999432e+01,6.459674499999999853e+02,-9.031355399999999918e+02,-8.871874500000000126e+02,-2.248621400000000159e-01,7.593181499999999687e+03,1.468303799999999937e+00
8.215000000000000568e+01,6.466897599999999784e+02,-9.023273400000000493e+02,-8.863614199999999528e+02,1.171282600000000118e-01,7.593181499999999687e+03,1.468303799999999937e+00
8.220000000000000284e+01,7.068258600000000342e+02,-9.028860799999999927e+02,-8.854354799999999841e+02,2.868188700000000035e-01,7.593181499999999687e+03,1.468303799999999937e+00
8.225000000000000000e+01,6.657433999999999514e+02,-9.012446499999999787e+02,-8.848083199999999806e+02,-1.095888300000000121e-01,7.593181499999999687e+03,1.468303799999999937e+00
8.229999999999999716e+01,6.244126700000000483e+02,-9.002568599999999606e+02,-8.848409299999999575e+02,1.067767100000000108e-01,7.593181499999999687e+03,1.468303799999999937e+00
8.234999999999999432e+01,6.033599199999999882e+02,-9.008174800000000459e+02,-8.859213200000000370e+02,-5.670174800000000320e-02,7.593181499999999687e+03,1.468303799999999937e+00
8.240000000000000568e+01,5.692275100000000521e+02,-9.011695099999999456e+02,-8.871160300000000234e+02,2.784043400000000279e-01,7.593181499999999687e+03,1.468303799999999937e+00
8.245000000000000284e+01,5.829069299999999885e+02,-9.020100499999999784e+02,-8.876188499999999522e+02,-9.382899100000000048e-02,7.593181499999999687e+03,1.468303799999999937e+00
8.250000000000000000e+01,5.840424900000000434e+02,-9.022568099999999731e+02,-8.878375700000000279e+02,3.310639700000000407e-01,7.593181499999999687e+03,1.468303799999999937e+00
8.254999999999999716e+01,6.211298900000000458e+02,-9.035588699999999562e+02,-8.882239899999999579e+02,-1.705774399999999968e-01,7.593181499999999687e+03,1.468303799999999937e+00
8.259999999999999432e+01,5.826531499999999824e+02,-9.032038300000000390e+02,-8.888188900000000103e+02,1.483318299999999978e-01,7.593181499999999687e+03,1.468303799999999937e+00
8.265000000000000568e+01,5.794489600000000564e+02,-9.036033899999999903e+02,-8.892975599999999758e+02,3.422165400000000135e-01,7.593181499999999687e+03,1.468303799999999937e+00
8.270000000000000284e+01,5.810581499999999551e+02,-9.040122800000000325e+02,-8.896667200000000548e+02,9.284133900000000883e-02,7.593181499999999687e+03,1.468303799999999937e+00
8.275000000000000000e+01,5.994261299999999437e+02,-9.048053200000000516e+02,-8.900062699999999722e+02,7.909655600000000666e-04,7.593181499999999687e+03,1.468303799999999937e+00
8.279999999999999716e+01,5.472073500000000195e+02,-9.039810499999999820e+02,-8.904712200000000166e+02,7.755666900000000863e-02,7.593181499999999687e+03,1.468303799999999937e+00
8.284999999999999432e+01,5.576624500000000353e+02,-9.042553299999999581e+02,-8.904873800000000301e+02,-1.318225700000000000e-01,7.593181499999999687e+03,1.468303799999999937e+00
8.290000000000000568e+01,6.135132099999999582e+02,-9.049118300000000090e+02,-8.897649900000000116e+02,1.750213400000000252e-01,7.593181499999999687e+03,1.468303799999999937e+00
8.295000000000000284e+01,5.834967000000000326e+02,-9.033129800000000387e+02,-8.889072099999999637e+02,2.003914900000000054e-01,7.593181499999999687e+03,1.468303799999999937e+00
8.300000000000000000e+01,6.445644399999999905e+02,-9.040502599999999802e+02,-8.881367999999999938e+02,9.431419600000000292e-02,7.593181499999999687e+03,1.468303799999999937e+00
8.304999999999999716e+01,5.963255799999999454e+02,-9.024430700000000343e+02,-8.877205800000000409e+02,-1.736213299999999904e-01,7.593181499999999687e+03,1.468303799999999937e+00
8.309999999999999432e+01,6.041340099999999893e+02,-9.023746700000000374e+02,-8.874593999999999596e+02,-1.180590799999999968e-01,7.593181499999999687e+03,1.468303799999999937e+00
8.315000000000000568e+01,6.329466800000000148e+02,-9.030122999999999820e+02,-8.873856799999999794e+02,-1.464522100000000167e-02,7.593181499999999687e+03,1.468303799999999937e+00
8.320000000000000284e+01,6.042956199999999853e+02,-9.027974799999999505e+02,-8.878782099999999673e+02,4.078876100000000116e-01,7.593181499999999687e+03,1.468303799999999937e+00
8.325000000000000000e+01,5.686357199999999921e+02,-9.029269000000000460e+02,-8.888880299999999579e+02,9.601335299999999573e-02,7.593181499999999687e+03,1.468303799999999937e+00
8.329999999999999716e+01,5.721543400000000474e+02,-9.040424600000000055e+02,-8.899167200000000548e+02,1.955944900000000097e-01,7.593181499999999687e+03,1.468303799999999937e+00
8.334999999999999432e+01,5.389738599999999451e+02,-9.037258299999999736e+02,-8.904192699999999832e+02,1.110137699999999908e-02,7.593181499999999687e+03,1.468303799999999937e+00
8.340000000000000568e+01,5.981282999999999674e+02,-9.052878399999999601e+02,-8.905208400000000211e+02,2.258150299999999999e-01,7.593181499999999687e+03,1.468303799999999937e+00
8.345000000000000284e+01,5.435389099999999871e+02,-9.039794799999999668e+02,-8.905602199999999584e+02,-1.863167099999999965e-01,7.593181499999999687e+03,1.468303799999999937e+00
8.350000000000000000e+01,5.916038899999999785e+02,-9.045963799999999537e+02,-8.899904599999999846e+02,2.755282400000000007e-02,7.593181499999999687e+03,1.468303799999999937e+00
8.354999999999999716e+01,5.684321200000000545e+02,-9.024904500000000098e+02,-8.884566099999999551e+02,2.555517300000000325e-01,7.593181499999999687e+03,1.468303799999999937e+00
8.359999999999999432e+01,6.384060200000000123e+02,-9.031429100000000290e+02,-8.873814999999999600e+02,1.952150799999999853e-01,7.593181499999999687e+03,1.468303799999999937e+00
8.365000000000000568e+01,6.188559599999999818e+02,-9.025545700000000124e+02,-8.872758300000000418e+02,2.015096200000000004e-01,7.593181499999999687e+03,1.468303799999999937e+00
8.370000000000000284e+01,5.951049500000000307e+02,-9.020391899999999623e+02,-8.873468299999999545e+02,1.293764200000000197e-01,7.593181499999999687e+03,1.468303799999999937e+00
8.375000000000000000e+01,6.011235199999999850e+02,-9.021227099999999837e+02,-8.872817599999999629e+02,6.254402500000000309e-02,7.593181499999999687e+03,1.468303799999999937e+00
8.379999999999999716e+01,6.383596800000000258e+02,-9.027481800000000476e+02,-8.869879200000000310e+02,3.257472100000000093e-01,7.593181499999999687e+03,1.468303799999999937e+00
8.384999999999999432e+01,6.387563400000000229e+02,-9.026809200000000146e+02,-8.869108599999999569e+02,5.603419000000000455e-02,7.593181499999999687e+03,1.468303799999999937e+00
8.390000000000000568e+01,6.432827300000000150e+02,-9.033241799999999557e+02,-8.874423799999999574e+02,3.396480399999999844e-01,7.593181499999999687e+03,1.468303799999999937e+00
8.395000000000000284e+01,5.875711999999999762e+02,-9.030043299999999817e+02,-8.884979700000000093e+02,3.971554000000000056e-02,7.593181499999999687e+03,1.468303799999999937e+00
8.400000000000000000e+01,5.914416400000000067e+02,-9.039298700000000508e+02,-8.893279499999999871e+02,1.414242199999999894e-01,7.593181499999999687e+03,1.468303799999999937e+00
8.404999999999999716e+01,6.192630799999999454e+02,-9.050022400000000289e+02,-8.897134499999999662e+02,2.624279100000000420e-01,7.593181499999999687e+03,1.468303799999999937e+00
8.409999999999999432e+01,5.617574700000000121e+02,-9.036382399999999961e+02,-8.897691899999999805e+02,-2.274929800000000113e-01,7.593181499999999687e+03,1.468303799999999937e+00
8.415000000000000568e+01,5.866290500000000065e+02,-9.038745000000000118e+02,-8.893913999999999760e+02,1.477828100000000144e-01,7.593181499999999687e+03,1.468303799999999937e+00
8.420000000000000284e+01,5.714015600000000177e+02,-9.029729899999999816e+02,-8.888658400000000483e+02,-2.880098500000000117e-01,7.593181499999999687e+03,1.468303799999999937e+00
8.425000000000000000e+01,6.101057799999999816e+02,-9.033089499999999816e+02,-8.882462399999999434e+02,1.424751200000000106e-01,7.593181499999999687e+03,1.468303799999999937e+00
8.429999999999999716e+01,6.050312000000000126e+02,-9.028101100000000088e+02,-8.878726799999999457e+02,-2.485815400000000036e-02,7.593181499999999687e+03,1.468303799999999937e+00
8.434999999999999432e+01,5.884080999999999904e+02,-9.022551499999999578e+02,-8.877281299999999646e+02,-1.510706100000000218e-01,7.593181499999999687e+03,1.468303799999999937e+00
8.440000000000000568e+01,6.064594100000000481e+02,-9.025714400000000524e+02,-8.875987499999999955e+02,-2.706884799999999952e-03,7.593181499999999687e+03,1.468303799999999937e+00
8.445000000000000284e+01,5.955619100000000117e+02,-9.024333699999999681e+02,-8.877297300000000178e+02,-1.001106600000000041e-01,7.593181499999999687e+03,1.468303799999999937e+00
8.450000000000000000e+01,6.340534199999999601e+02,-9.036036800000000540e+02,-8.879497300000000450e+02,2.823667100000000207e-01,7.593181499999999687e+03,1.468303799999999937e+00
8.454999999999999716e+01,6.166781700000000228e+02,-9.035876700000000028e+02,-8.883627000000000180e+02,1.042107799999999936e-04,7.593181499999999687e+03,1.468303799999999937e+00
8.459999999999999432e+01,5.405573100000000295e+02,-9.022490800000000490e+02,-8.889034199999999828e+02,1.804387799999999931e-01,7.593181499999999687e+03,1.468303799999999937e+00
8.465000000000000568e+01,5.967077799999999570e+02,-9.038900700000000370e+02,-8.891581400000000031e+02,-2.337907399999999969e-02,7.593181499999999687e+03,1.468303799999999937e+00
8.470000000000000284e+01,5.835223399999999856e+02,-9.037567900000000236e+02,-8.893503899999999476e+02,3.675914400000000470e-01,7.593181499999999687e+03,1.468303799999999937e+00
8.475000000000000000e+01,5.888264100000000099e+02,-9.042571699999999737e+02,-8.897198200000000270e+02,-1.067704300000000134e-01,7.593181499999999687e+03,1.468303799999999937e+00
8.479999999999999716e+01,5.859876500000000306e+02,-9.048269500000000107e+02,-8.903596800000000258e+02,2.233241700000000163e-01,7.593181499999999687e+03,1.468303799999999937e+00
8.484999999999999432e+01,5.468209299999999757e+02,-9.045551299999999628e+02,-8.910548400000000129e+02,5.762905700000000436e-02,7.593181499999999687e+03,1.468303799999999937e+00
8.490000000000000568e+01,5.329279500000000098e+02,-9.045646699999999782e+02,-8.914073700000000144e+02,-1.959441400000000097e-02,7.593181499999999687e+03,1.468303799999999937e+00
8.495000000000000284e+01,5.419558899999999539e+02,-9.044581799999999703e+02,-8.910779999999999745e+02,1.294281800000000038e-01,7.593181499999999687e+03,1.468303799999999937e+00
8.500000000000000000e+01,5.478653900000000476e+02,-9.034072200000000521e+02,-8.898811399999999594e+02,-7.008228600000000752e-02,7.593181499999999687e+03,1.468303799999999937e+00
8.504999999999999716e+01,5.882678200000000288e+02,-9.033376399999999649e+02,-8.888140799999999899e+02,5.229038700000000067e-02,7.593181499999999687e+03,1.468303799999999937e+00
8.509999999999999432e+01,5.987991500000000542e+02,-9.031517400000000180e+02,-8.883681800000000521e+02,2.532978400000000102e-02,7.593181499999999687e+03,1.468303799999999937e+00
8.515000000000000568e+01,6.106256799999999885e+02,-9.032810399999999618e+02,-8.882054900000000544e+02,1.144520100000000068e-01,7.593181499999999687e+03,1.468303799999999937e+00
8.520000000000000284e+01,5.923993500000000267e+02,-9.027759499999999662e+02,-8.881503800000000410e+02,1.293275700000000028e-01,7.593181499999999687e+03,1.468303799999999937e+00
8.525000000000000000e+01,5.928403100000000450e+02,-9.026708599999999478e+02,-8.880344099999999798e+02,8.023058600000000651e-02,7.593181499999999687e+03,1.468303799999999937e+00
8.529999999999999716e+01,5.375242899999999509e+02,-9.013102800000000343e+02,-8.880395099999999502e+02,-8.947038900000001127e-02,7.593181499999999687e+03,1.468303799999999937e+00
8.534999999999999432e+01,5.676358400000000302e+02,-9.016791100000000370e+02,-8.876649300000000267e+02,1.382950800000000147e-01,7.593181499999999687e+03,1.468303799999999937e+00
8.540000000000000568e+01,6.862805799999999863e+02,-9.037225499999999556e+02,-8.867791899999999714e+02,-1.601049999999999973e-01,7.593181499999999687e+03,1.468303799999999937e+00
8.545000000000000284e+01,6.621648699999999508e+02,-9.026558899999999994e+02,-8.863079099999999926e+02,1.609807900000000125e-01,7.593181499999999687e+03,1.468303799999999937e+00
8.550000000000000000e+01,6.260127800000000207e+02,-9.018819799999999987e+02,-8.864265400000000454e+02,-1.977623599999999982e-01,7.593181499999999687e+03,1.468303799999999937e+00
8.554999999999999716e+01,6.208338800000000219e+02,-9.023596099999999751e+02,-8.870320299999999634e+02,-1.568051800000000093e-02,7.593181499999999687e+03,1.468303799999999937e+00
8.559999999999999432e+01,5.674776100000000270e+02,-9.021863200000000234e+02,-8.881760500000000320e+02,2.851948899999999856e-02,7.593181499999999687e+03,1.468303799999999937e+00
8.565000000000000568e+01,5.500835600000000341e+02,-9.027273500000000013e+02,-8.891465100000000348e+02,-3.277057100000000528e-02,7.593181499999999687e+03,1.468303799999999937e+00
8.570000000000000284e+01,5.894496100000000069e+02,-9.041647299999999632e+02,-8.896119899999999916e+02,-1.236416700000000091e-01,7.593181499999999687e+03,1.468303799999999937e+00
8.575000000000000000e+01,5.667850499999999556e+02,-9.037918799999999919e+02,-8.897987100000000282e+02,-1.357656100000000088e-01,7.593181499999999687e+03,1.468303799999999937e+00
8.579999999999999716e+01,5.803837899999999763e+02,-9.038341699999999719e+02,-8.895052500000000464e+02,1.343857500000000260e-01,7.593181499999999687e+03,1.468303799999999937e+00
8.584999999999999432e+01,5.967355300000000398e+02,-9.038903699999999617e+02,-8.891577499999999645e+02,8.109443800000000480e-02,7.593181499999999687e+03,1.468303799999999937e+00
8.590000000000000568e+01,5.630886000000000422e+02,-9.026489800000000514e+02,-8.887470600000000331e+02,-7.530374900000000316e-02,7.593181499999999687e+03,1.468303799999999937e+00
8.595000000000000284e+01,5.885592000000000326e+02,-9.026266399999999521e+02,-8.880958900000000540e+02,-1.890522800000000170e-01,7.593181499999999687e+03,1.468303799999999937e+00
8.600000000000000000e+01,6.480184199999999919e+02,-9.035883400000000165e+02,-8.875896199999999681e+02,6.422641200000001049e-02,7.593181499999999687e+03,1.468303799999999937e+00
8.604999999999999716e+01,6.240462599999999611e+02,-9.028460999999999785e+02,-8.874392199999999775e+02,1.121698100000000087e-01,7.593181499999999687e+03,1.468303799999999937e+00
8.609999999999999432e+01,5.728651200000000472e+02,-9.015981900000000451e+02,-8.874548999999999523e+02,2.837908299999999939e-01,7.593181499999999687e+03,1.468303799999999937e+00
8.615000000000000568e+01,5.619817299999999705e+02,-9.012687300000000050e+02,-8.873941399999999931e+02,-2.696383099999999922e-01,7.593181499999999687e+03,1.468303799999999937e+00
8.620000000000000284e+01,5.808014299999999821e+02,-9.015314300000000003e+02,-8.871922100000000455e+02,-1.199991500000000128e-01,7.593181499999999687e+03,1.468303799999999937e+00
8.625000000000000000e+01,6.311776099999999587e+02,-9.027409400000000232e+02,-8.871579900000000407e+02,1.454376700000000189e-01,7.593181499999999687e+03,1.468303799999999937e+00
8.629999999999999716e+01,5.867734199999999873e+02,-9.021863499999999476e+02,-8.876996900000000323e+02,-1.465115800000000093e-02,7.593181499999999687e+03,1.468303799999999937e+00
8.634999999999999432e+01,5.654252599999999802e+02,-9.021596700000000055e+02,-8.882000600000000077e+02,-1.210797700000000067e-02,7.593181499999999687e+03,1.468303799999999937e+00
8.640000000000000568e+01,6.015235500000000002e+02,-9.032603599999999915e+02,-8.884095399999999927e+02,-4.458962800000000073e-04,7.593181499999999687e+03,1.468303799999999937e+00
8.645000000000000284e+01,6.349637999999999920e+02,-9.043961600000000089e+02,-8.887197400000000016e+02,1.716095300000000101e-01,7.593181499999999687e+03,1.468303799999999937e+00
8.650000000000000000e+01,5.866923299999999699e+02,-9.039538599999999633e+02,-8.894692000000000007e+02,-2.162663799999999803e-01,7.593181499999999687e+03,1.468303799999999937e+00
8.654999999999999716e+01,5.734425300000000334e+02,-9.044239999999999782e+02,-8.902664600000000519e+02,1.625838200000000178e-02,7.593181499999999687e+03,1.468303799999999937e+00
8.659999999999999432e+01,5.358550500000000056e+02,-9.038981599999999617e+02,-8.906685999999999694e+02,1.942513999999999907e-01,7.593181499999999687e+03,1.468303799999999937e+00
8.665000000000000568e+01,5.498403100000000450e+02,-9.039290600000000495e+02,-8.903542300000000296e+02,5.521437700000000198e-02,7.593181499999999687e+03,1.468303799999999937e+00
8.670000000000000284e+01,5.588414500000000089e+02,-9.030909500000000207e+02,-8.892938900000000331e+02,-9.710628000000000315e-02,7.593181499999999687e+03,1.468303799999999937e+00
8.675000000000000000e+01,6.072820000000000391e+02,-9.031291800000000194e+02,-8.881361799999999675e+02,-1.630712900000000076e-01,7.593181499999999687e+03,1.468303799999999937e+00
8.679999999999999716e+01,5.858346599999999853e+02,-9.021584599999999909e+02,-8.876949700000000121e+02,2.882500199999999957e-01,7.593181499999999687e+03,1.468303799999999937e+00
8.684999999999999432e+01,6.141495999999999640e+02,-9.025885299999999916e+02,-8.874259799999999814e+02,-1.229595100000000080e-01,7.593181499999999687e+03,1.468303799999999937e+00
8.690000000000000568e+01,5.979380200000000514e+02,-9.021666699999999537e+02,-8.874043599999999969e+02,2.291848500000000233e-01,7.593181499999999687e+03,1.468303799999999937e+00
8.695000000000000284e+01,6.013176999999999452e+02,-9.023886800000000221e+02,-8.875429400000000442e+02,1.019826199999999961e-01,7.593181499999999687e+03,1.468303799999999937e+00
8.700000000000000000e+01,5.920152799999999615e+02,-9.021005800000000363e+02,-8.874845000000000255e+02,-1.960561499999999985e-02,7.593181499999999687e+03,1.468303799999999937e+00
8.704999999999999716e+01,5.592689299999999548e+02,-9.006344000000000278e+02,-8.868267799999999852e+02,-1.608391299999999968e-01,7.593181499999999687e+03,1.468303799999999937e+00
8.709999999999999432e+01,6.653050899999999501e+02,-9.020165700000000015e+02,-8.855910599999999704e+02,3.228929200000000277e-01,7.593181499999999687e+03,1.468303799999999937e+00
8.715000000000000568e+01,6.403301999999999907e+02,-9.010185400000000300e+02,-8.852096299999999474e+02,-1.858887200000000073e-01,7.593181499999999687e+03,1.468303799999999937e+00
8.720000000000000284e+01,6.314410699999999679e+02,-9.009093599999999924e+02,-8.853199100000000499e+02,4.982045400000000013e-02,7.593181499999999687e+03,1.468303799999999937e+00
8.725000000000000000e+01,6.422233800000000201e+02,-9.015486499999999523e+02,-8.856929999999999836e+02,1.003102999999999981e-02,7.593181499999999687e+03,1.468303799999999937e+00
8.729999999999999716e+01,6.036720199999999750e+02,-9.013858400000000302e+02,-8.864819700000000466e+02,-5.853848300000000227e-02,7.593181499999999687e+03,1.468303799999999937e+00
8.734999999999999432e+01,5.896410700000000134e+02,-9.016232899999999972e+02,-8.870658300000000054e+02,-1.518909499999999968e-01,7.593181499999999687e+03,1.468303799999999937e+00
8.740000000000000568e+01,5.646900699999999915e+02,-9.011448199999999815e+02,-8.872033599999999751e+02,-3.791009399999999974e-01,7.593181499999999687e+03,1.468303799999999937e+00
8.745000000000000284e+01,5.847177400000000489e+02,-9.015749499999999443e+02,-8.871390300000000479e+02,5.393760199999999561e-01,7.593181499999999687e+03,1.468303799999999937e+00
8.750000000000000000e+01,5.590539300000000367e+02,-9.008751899999999750e+02,-8.870728800000000547e+02,-6.608881500000000908e-02,7.593181499999999687e+03,1.468303799999999937e+00
8.754999999999999716e+01,5.967771999999999935e+02,-9.016384100000000217e+02,-8.869047600000000102e+02,1.691447200000000071e-03,7.593181499999999687e+03,1.468303799999999937e+00
8.759999999999999432e+01,5.844170000000000300e+02,-9.010891900000000305e+02,-8.866607000000000198e+02,-7.851566900000001015e-02,7.593181499999999687e+03,1.468303799999999937e+00
8.765000000000000568e+01,6.338822999999999865e+02,-9.020154899999999998e+02,-8.863657699999999977e+02,7.686467900000000519e-02,7.593181499999999687e+03,1.468303799999999937e+00
8.770000000000000284e+01,6.058856700000000046e+02,-9.013242000000000189e+02,-8.863656799999999976e+02,3.632103400000000204e-01,7.593181499999999687e+03,1.468303799999999937e+00
8.775000000000000000e+01,6.223790400000000318e+02,-9.020532500000000482e+02,-8.866875300000000379e+02,-3.551904300000000014e-02,7.593181499999999687e+03,1.468303799999999937e+00
8.779999999999999716e+01,5.927314199999999573e+02,-9.023867099999999937e+02,-8.877529500000000553e+02,-6.688758800000001170e-02,7.593181499999999687e+03,1.468303799999999937e+00
8.784999999999999432e+01,5.870300600000000486e+02,-9.032773600000000442e+02,-8.887843599999999924e+02,1.653314900000000254e-01,7.593181499999999687e+03,1.468303799999999937e+00
8.790000000000000568e+01,5.372048300000000154e+02,-9.025083799999999883e+02,-8.892454999999999927e+02,-9.068614099999999789e-02,7.593181499999999687e+03,1.468303799999999937e+00
8.795000000000000284e+01,5.363142199999999775e+02,-9.021627099999999473e+02,-8.889218200000000252e+02,7.561713799999999694e-03,7.593181499999999687e+03,1.468303799999999937e+00
8.800000000000000000e+01,5.301964500000000271e+02,-9.011927799999999706e+02,-8.881029200000000401e+02,-1.056377500000000164e-01,7.593181499999999687e+03,1.468303799999999937e+00
8.804999999999999716e+01,6.290063199999999597e+02,-9.027141000000000304e+02,-8.871847599999999829e+02,-1.387868999999999908e-01,7.593181499999999687e+03,1.468303799999999937e+00
8.809999999999999432e+01,6.759476300000000037e+02,-9.036100500000000011e+02,-8.869217899999999872e+02,-1.167017900000000101e-02,7.593181499999999687e+03,1.468303799999999937e+00
8.815000000000000568e+01,5.966424500000000535e+02,-9.018992799999999761e+02,-8.871689599999999700e+02,-6.448435100000000919e-02,7.593181499999999687e+03,1.468303799999999937e+00
8.820000000000000284e+01,6.260243900000000394e+02,-9.026834999999999809e+02,-8.872277800000000525e+02,-2.007921000000000011e-01,7.593181499999999687e+03,1.468303799999999937e+00
8.825000000000000000e+01,5.895434900000000198e+02,-9.018707200000000057e+02,-8.873156699999999546e+02,1.519624499999999989e-01,7.593181499999999687e+03,1.468303799999999937e+00
8.829999999999999716e+01,6.149114200000000210e+02,-9.026945699999999988e+02,-8.875132200000000466e+02,-2.646310000000000051e-01,7.593181499999999687e+03,1.468303799999999937e+00
8.834999999999999432e+01,5.721925099999999702e+02,-9.021716900000000123e+02,-8.880450100000000475e+02,1.448834200000000128e-01,7.593181499999999687e+03,1.468303799999999937e+00
8.840000000000000568e+01,5.492071999999999434e+02,-9.025051999999999452e+02,-8.889459900000000516e+02,-1.733044300000000093e-01,7.593181499999999687e+03,1.468303799999999937e+00
8.845000000000000284e+01,5.623859700000000430e+02,-9.034301400000000513e+02,-8.895455600000000231e+02,-8.751272300000001447e-02,7.593181499999999687e+03,1.468303799999999937e+00
8.850000000000000000e+01,5.485885899999999538e+02,-9.031981299999999919e+02,-8.896541899999999714e+02,6.053998900000000412e-03,7.593181499999999687e+03,1.468303799999999937e+00
8.854999999999999716e+01,5.553825399999999490e+02,-9.026749399999999923e+02,-8.889632800000000543e+02,-1.754610799999999915e-01,7.593181499999999687e+03,1.468303799999999937e+00
8.859999999999999432e+01,5.943632599999999684e+02,-9.021490900000000011e+02,-8.874750500000000102e+02,1.167503800000000008e-01,7.593181499999999687e+03,1.468303799999999937e+00
8.865000000000000568e+01,6.481828100000000177e+02,-9.028066900000000032e+02,-8.868038999999999987e+02,4.313897900000000091e-02,7.593181499999999687e+03,1.468303799999999937e+00
8.870000000000000284e+01,6.300040800000000445e+02,-9.024391500000000406e+02,-8.868851799999999912e+02,-4.502161600000000041e-02,7.593181499999999687e+03,1.468303799999999937e+00
8.875000000000000000e+01,6.115104800000000296e+02,-9.023518699999999626e+02,-8.872544799999999441e+02,-3.461893600000000293e-02,7.593181499999999687e+03,1.468303799999999937e+00
8.879999999999999716e+01,6.010394099999999753e+02,-9.025161600000000135e+02,-8.876772899999999709e+02,7.327532400000000279e-02,7.593181499999999687e+03,1.468303799999999937e+00
8.884999999999999432e+01,5.255112400000000434e+02,-9.009758600000000115e+02,-8.880016699999999901e+02,-9.078742800000000335e-02,7.593181499999999687e+03,1.468303799999999937e+00
8.890000000000000568e+01,5.558791300000000319e+02,-9.014605299999999488e+02,-8.877365999999999531e+02,1.373050600000000065e-01,7.593181499999999687e+03,1.468303799999999937e+00
8.895000000000000284e+01,5.713037299999999732e+02,-9.009627199999999903e+02,-8.868579799999999977e+02,-3.136647500000000477e-02,7.593181499999999687e+03,1.468303799999999937e+00
8.900000000000000000e+01,6.200234100000000126e+02,-9.009409600000000182e+02,-8.856334000000000515e+02,3.939836100000000396e-01,7.593181499999999687e+03,1.468303799999999937e+00
8.904999999999999716e+01,6.201201399999999921e+02,-9.004880000000000564e+02,-8.851780400000000100e+02,7.129488200000000386e-02,7.593181499999999687e+03,1.468303799999999937e+00
8.909999999999999432e+01,6.783956399999999576e+02,-9.020676700000000210e+02,-8.853189700000000357e+02,-3.175007800000000102e-02,7.593181499999999687e+03,1.468303799999999937e+00
8.915000000000000568e+01,6.275454300000000103e+02,-9.014717600000000175e+02,-8.859784799999999905e+02,-3.342958199999999935e-02,7.593181499999999687e+03,1.468303799999999937e+00
8.920000000000000284e+01,5.639187399999999570e+02,-9.003352599999999484e+02,-8.864128399999999601e+02,-3.947715300000000094e-02,7.593181499999999687e+03,1.468303799999999937e+00
8.925000000000000000e+01,5.694179400000000442e+02,-9.006376000000000204e+02,-8.865794200000000274e+02,-9.945190800000000553e-02,7.593181499999999687e+03,1.468303799999999937e+00
8.929999999999999716e+01,6.134808799999999565e+02,-9.017148600000000442e+02,-8.865688199999999597e+02,1.379161299999999979e-01,7.593181499999999687e+03,1.468303799999999937e+00
8.934999999999999432e+01,6.309750199999999722e+02,-9.022757400000000416e+02,-8.866978000000000293e+02,-2.414112700000000181e-02,7.593181499999999687e+03,1.468303799999999937e+00
8.940000000000000568e+01,5.830769099999999980e+02,-9.013988000000000511e+02,-8.870034000000000560e+02,5.024267500000000747e-02,7.593181499999999687e+03,1.468303799999999937e+00
8.945000000000000284e+01,6.161105499999999893e+02,-9.026457699999999704e+02,-8.874348099999999704e+02,-4.775616700000000214e-02,7.593181499999999687e+03,1.468303799999999937e+00
8.950000000000000000e+01,5.231775199999999586e+02,-9.016655600000000277e+02,-8.887489900000000489e+02,-2.494242700000000052e-03,7.593181499999999687e+03,1.468303799999999937e+00
8.954999999999999716e+01,5.083975899999999797e+02,-9.022120599999999513e+02,-8.896603900000000067e+02,1.636931400000000147e-01,7.593181499999999687e+03,1.468303799999999937e+00
8.959999999999999432e+01,5.068826700000000187e+02,-9.020110399999999800e+02,-8.894967699999999695e+02,-7.519944400000000417e-02,7.593181499999999687e+03,1.468303799999999937e+00
8.965000000000000568e+01,5.447081699999999955e+02,-9.020720099999999775e+02,-8.886238799999999856e+02,2.850602500000000150e-01,7.593181499999999687e+03,1.468303799999999937e+00
8.970000000000000284e+01,5.710882400000000416e+02,-9.018647399999999834e+02,-8.877653199999999742e+02,2.055143700000000295e-01,7.593181499999999687e+03,1.468303799999999937e+00
8.975000000000000000e+01,6.115222700000000486e+02,-9.022194799999999759e+02,-8.871217900000000327e+02,1.071963700000000130e-01,7.593181499999999687e+03,1.468303799999999937e+00
8.979999999999999716e+01,6.125874300000000403e+02,-9.017551799999999957e+02,-8.866312000000000353e+02,2.927082199999999843e-02,7.593181499999999687e+03,1.468303799999999937e+00
8.984999999999999432e+01,5.918304699999999912e+02,-9.008903800000000501e+02,-8.862788600000000088e+02,2.743422799999999939e-01,7.593181499999999687e+03,1.468303799999999937e+00
8.990000000000000568e+01,6.286146999999999707e+02,-9.015346299999999928e+02,-8.860149499999999989e+02,2.147272500000000084e-01,7.593181499999999687e+03,1.468303799999999937e+00
8.995000000000000284e+01,6.292558900000000222e+02,-9.015607800000000225e+02,-8.860252799999999525e+02,1.629163100000000086e-01,7.593181499999999687e+03,1.468303799999999937e+00
9.000000000000000000e+01,6.276279500000000553e+02,-9.017679600000000164e+02,-8.862726499999999987e+02,2.421215900000000254e-01,7.593181499999999687e+03,1.468303799999999937e+00
9.004999999999999716e+01,5.745205700000000206e+02,-9.011779500000000098e+02,-8.869937899999999900e+02,-2.686822099999999769e-01,7.593181499999999687e+03,1.468303799999999937e+00
9.009999999999999432e+01,5.869714999999999918e+02,-9.025807800000000043e+02,-8.880892199999999548e+02,4.186803700000000794e-01,7.593181499999999687e+03,1.468303799999999937e+00
9.015000000000000568e+01,5.435373200000000224e+02,-9.023880900000000338e+02,-8.889688700000000381e+02,-5.698535799999999985e-02,7.593181499999999687e+03,1.468303799999999937e+00
9.020000000000000284e+01,5.860737599999999929e+02,-9.036644199999999501e+02,-8.891950299999999743e+02,1.175133599999999973e-01,7.593181499999999687e+03,1.468303799999999937e+00
9.025000000000000000e+01,5.375965499999999793e+02,-9.023310999999999922e+02,-8.890585499999999683e+02,-1.863259400000000232e-02,7.593181499999999687e+03,1.468303799999999937e+00
9.029999999999999716e+01,5.702549400000000333e+02,-9.024482699999999795e+02,-8.883694299999999657e+02,3.077444699999999922e-01,7.593181499999999687e+03,1.468303799999999937e+00
9.034999999999999432e+01,6.509792200000000548e+02,-9.035957100000000537e+02,-8.875238900000000513e+02,-8.628609800000000551e-02,7.593181499999999687e+03,1.468303799999999937e+00
9.040000000000000568e+01,6.296083200000000488e+02,-9.029173899999999549e+02,-8.873731900000000223e+02,5.103063399999999694e-01,7.593181499999999687e+03,1.468303799999999937e+00
9.045000000000000284e+01,5.592504199999999628e+02,-9.012142999999999802e+02,-8.874071400000000267e+02,8.958307200000001358e-03,7.593181499999999687e+03,1.468303799999999937e+00
9.050000000000000000e+01,6.179824700000000348e+02,-9.024718699999999671e+02,-8.872146999999999935e+02,1.174571300000000068e-01,7.593181499999999687e+03,1.468303799999999937e+00
9.054999999999999716e+01,5.825497000000000298e+02,-9.015191999999999553e+02,-8.871368199999999433e+02,-6.073047800000001134e-02,7.593181499999999687e+03,1.468303799999999937e+00
9.059999999999999432e+01,5.877694500000000062e+02,-9.015961999999999534e+02,-8.870849399999999605e+02,-2.490629000000000107e-02,7.593181499999999687e+03,1.468303799999999937e+00
9.065000000000000568e+01,6.294990299999999479e+02,-9.025030699999999797e+02,-8.869615700000000516e+02,3.267605300000000490e-01,7.593181499999999687e+03,1.468303799999999937e+00
9.070000000000000284e+01,5.879510000000000218e+02,-9.015972100000000182e+02,-8.870814699999999675e+02,-6.128977099999999983e-02,7.593181499999999687e+03,1.468303799999999937e+00
9.075000000000000000e+01,6.215322899999999890e+02,-9.024034100000000080e+02,-8.870585999999999558e+02,3.138332500000000080e-01,7.593181499999999687e+03,1.468303799999999937e+00
9.079999999999999716e+01,5.648712299999999686e+02,-9.009787999999999784e+02,-8.870328700000000026e+02,3.308672300000000538e-02,7.593181499999999687e+03,1.468303799999999937e+00
9.084999999999999432e+01,6.210594899999999825e+02,-9.020341600000000426e+02,-8.867010199999999713e+02,1.492893900000000218e-01,7.593181499999999687e+03,1.468303799999999937e+00
9.090000000000000568e+01,6.338529999999999518e+02,-9.020670099999999820e+02,-8.864180099999999811e+02,3.001458900000000124e-02,7.593181499999999687e+03,1.468303799999999937e+00
9.095000000000000284e+01,6.543415599999999586e+02,-9.027265400000000000e+02,-8.865716999999999643e+02,7.568676300000000412e-02,7.593181499999999687e+03,1.468303799999999937e+00
9.100000000000000000e+01,5.833862400000000434e+02,-9.017642799999999852e+02,-8.873612399999999525e+02,1.441034100000000151e-01,7.593181499999999687e+03,1.468303799999999937e+00
9.104999999999999716e+01,5.574416199999999435e+02,-9.020826399999999694e+02,-8.883201400000000376e+02,3.439265899999999765e-01,7.593181499999999687e+03,1.468303799999999937e+00
9.109999999999999432e+01,5.854339400000000069e+02,-9.032379499999999553e+02,-8.887843500000000176e+02,-1.494042899999999952e-01,7.593181499999999687e+03,1.468303799999999937e+00
9.115000000000000568e+01,5.922043899999999894e+02,-9.035222099999999728e+02,-8.889014600000000428e+02,1.589575200000000188e-01,7.593181499999999687e+03,1.468303799999999937e+00
9.120000000000000284e+01,5.660888400000000047e+02,-9.027048999999999523e+02,-8.887289100000000417e+02,4.341203100000000370e-02,7.593181499999999687e+03,1.468303799999999937e+00
9.125000000000000000e+01,6.069698399999999765e+02,-9.029272700000000214e+02,-8.879419900000000325e+02,1.086094400000000015e-01,7.593181499999999687e+03,1.468303799999999937e+00
9.129999999999999716e+01,5.983730100000000220e+02,-9.014289599999999609e+02,-8.866559099999999489e+02,2.164098599999999817e-01,7.593181499999999687e+03,1.468303799999999937e+00
9.134999999999999432e+01,5.638275499999999738e+02,-8.998108099999999467e+02,-8.858906500000000506e+02,-2.458973100000000356e-01,7.593181499999999687e+03,1.468303799999999937e+00
9.140000000000000568e+01,6.044964999999999691e+02,-9.005656000000000176e+02,-8.856413700000000517e+02,2.057076200000000077e-01,7.593181499999999687e+03,1.468303799999999937e+00
9.145000000000000284e+01,6.223597499999999627e+02,-9.010446200000000090e+02,-8.856793699999999490e+02,-2.614406499999999967e-01,7.593181499999999687e+03,1.468303799999999937e+00
9.150000000000000000e+01,6.408183599999999842e+02,-9.017642100000000482e+02,-8.859432500000000346e+02,3.466324600000000172e-02,7.593181499999999687e+03,1.468303799999999937e+00
9.154999999999999716e+01,6.121781300000000101e+02,-9.015288799999999583e+02,-8.864149999999999636e+02,6.068768000000000079e-02,7.593181499999999687e+03,1.468303799999999937e+00
9.159999999999999432e+01,6.223961000000000467e+02,-9.024192199999999957e+02,-8.870530800000000227e+02,-2.138747300000000059e-02,7.593181499999999687e+03,1.468303799999999937e+00
9.165000000000000568e+01,6.185593099999999822e+02,-9.031171399999999494e+02,-8.878457200000000284e+02,5.911323700000000597e-02,7.593181499999999687e+03,1.468303799999999937e+00
9.170000000000000284e+01,5.944133100000000240e+02,-9.032514200000000528e+02,-8.885761400000000094e+02,1.309935099999999866e-02,7.593181499999999687e+03,1.468303799999999937e+00
9.175000000000000000e+01,5.359603499999999485e+02,-9.021536300000000210e+02,-8.889214799999999741e+02,2.477056599999999942e-01,7.593181499999999687e+03,1.468303799999999937e+00
9.179999999999999716e+01,5.874400000000000546e+02,-9.032160300000000461e+02,-8.887129099999999653e+02,-3.978767100000000362e-02,7.593181499999999687e+03,1.468303799999999937e+00
9.184999999999999432e+01,5.856740999999999531e+02,-9.028082100000000310e+02,-8.883486799999999448e+02,1.541950100000000212e-01,7.593181499999999687e+03,1.468303799999999937e+00
9.190000000000000568e+01,5.950650699999999915e+02,-9.027106300000000374e+02,-8.880192600000000311e+02,-6.803307799999999683e-02,7.593181499999999687e+03,1.468303799999999937e+00
9.195000000000000284e+01,5.443744100000000117e+02,-9.012389500000000453e+02,-8.877990600000000541e+02,1.905878700000000203e-01,7.593181499999999687e+03,1.468303799999999937e+00
9.200000000000000000e+01,5.769312499999999773e+02,-9.016180399999999509e+02,-8.873743699999999990e+02,2.031948300000000207e-01,7.593181499999999687e+03,1.468303799999999937e+00
9.204999999999999716e+01,6.239726600000000190e+02,-9.024371300000000247e+02,-8.870320600000000013e+02,2.998197500000000515e-01,7.593181499999999687e+03,1.468303799999999937e+00
9.209999999999999432e+01,5.757567500000000109e+02,-9.012484799999999723e+02,-8.870338000000000420e+02,-2.838613899999999912e-01,7.593181499999999687e+03,1.468303799999999937e+00
9.215000000000000568e+01,5.762198200000000270e+02,-9.012313000000000329e+02,-8.870051899999999705e+02,-4.017171200000000525e-02,7.593181499999999687e+03,1.468303799999999937e+00
9.220000000000000284e+01,6.127769500000000562e+02,-9.018359299999999621e+02,-8.867072799999999688e+02,-7.599225800000000697e-02,7.593181499999999687e+03,1.468303799999999937e+00
9.225000000000000000e+01,6.302994099999999662e+02,-9.017016200000000481e+02,-8.861403500000000122e+02,3.893032700000000346e-01,7.593181499999999687e+03,1.468303799999999937e+00
9.229999999999999716e+01,6.329627699999999777e+02,-9.012550400000000081e+02,-8.856280199999999923e+02,-1.502799900000000022e-02,7.593181499999999687e+03,1.468303799999999937e+00
9.234999999999999432e+01,6.291367099999999937e+02,-9.009167499999999791e+02,-8.853841899999999896e+02,1.413434799999999936e-01,7.593181499999999687e+03,1.468303799999999937e+00
9.240000000000000568e+01,6.757627400000000080e+02,-9.021941600000000108e+02,-8.855104700000000548e+02,-1.613497299999999999e-05,7.593181499999999687e+03,1.468303799999999937e+00
9.245000000000000284e+01,5.919101299999999810e+02,-9.011393799999999601e+02,-8.865258900000000040e+02,1.015470900000000065e-01,7.593181499999999687e+03,1.468303799999999937e+00
9.250000000000000000e+01,5.534752300000000105e+02,-9.012355900000000020e+02,-8.875710199999999759e+02,-1.081596000000000085e-01,7.593181499999999687e+03,1.468303799999999937e+00
9.254999999999999716e+01,5.724803200000000061e+02,-9.021246399999999994e+02,-8.879908500000000231e+02,2.837699000000000193e-01,7.593181499999999687e+03,1.468303799999999937e+00
9.259999999999999432e+01,5.720202199999999948e+02,-9.021364700000000312e+02,-8.880140400000000227e+02,4.235740699999999970e-02,7.593181499999999687e+03,1.468303799999999937e+00
9.265000000000000568e+01,6.160019300000000158e+02,-9.029750400000000354e+02,-8.877667599999999766e+02,2.041840800000000178e-01,7.593181499999999687e+03,1.468303799999999937e+00
9.270000000000000284e+01,6.224420099999999820e+02,-9.029444799999999987e+02,-8.875772100000000364e+02,2.960229800000000466e-01,7.593181499999999687e+03,1.468303799999999937e+00
9.275000000000000000e+01,6.477642499999999472e+02,-9.036575000000000273e+02,-8.876650499999999511e+02,2.515739300000000567e-01,7.593181499999999687e+03,1.468303799999999937e+00
9.279999999999999716e+01,5.939664999999999964e+02,-9.026937699999999722e+02,-8.880295200000000477e+02,-8.790930600000000650e-02,7.593181499999999687e+03,1.468303799999999937e+00
9.284999999999999432e+01,5.888874200000000201e+02,-9.032765100000000302e+02,-8.887376500000000306e+02,1.271930800000000139e-01,7.593181499999999687e+03,1.468303799999999937e+00
9.290000000000000568e+01,5.750640200000000277e+02,-9.038348399999999856e+02,-8.896372699999999440e+02,2.498462599999999867e-01,7.593181499999999687e+03,1.468303799999999937e+00
9.295000000000000284e+01,5.387024300000000494e+02,-9.035584700000000566e+02,-8.902586199999999508e+02,1.833996700000000302e-03,7.593181499999999687e+03,1.468303799999999937e+00
9.300000000000000000e+01,5.780469699999999875e+02,-9.044899000000000342e+02,-8.902186799999999494e+02,3.536830900000000333e-01,7.593181499999999687e+03,1.468303799999999937e+00
9.304999999999999716e+01,5.604646800000000439e+02,-9.035727299999999786e+02,-8.897355900000000020e+02,1.190410900000000161e-01,7.593181499999999687e+03,1.468303799999999937e+00
9.309999999999999432e+01,5.958026800000000094e+02,-9.034768000000000256e+02,-8.887672199999999521e+02,1.018088500000000063e-01,7.593181499999999687e+03,1.468303799999999937e+00
9.315000000000000568e+01,5.861597000000000435e+02,-9.022850499999999556e+02,-8.878135399999999890e+02,-9.895969500000000030e-02,7.593181499999999687e+03,1.468303799999999937e+00
9.320000000000000284e+01,6.085534400000000232e+02,-9.023116599999999607e+02,-8.872872700000000350e+02,2.332936600000000138e-01,7.593181499999999687e+03,1.468303799999999937e+00
9.325000000000000000e+01,6.073147699999999531e+02,-9.023035700000000361e+02,-8.873097599999999829e+02,2.815279500000000268e-01,7.593181499999999687e+03,1.468303799999999937e+00
9.329999999999999716e+01,5.886544099999999844e+02,-9.021131000000000313e+02,-8.875799899999999525e+02,1.255423800000000090e-01,7.593181499999999687e+03,1.468303799999999937e+00
9.334999999999999432e+01,6.109354899999999589e+02,-9.028673000000000002e+02,-8.877840999999999667e+02,7.625985200000000297e-02,7.593181499999999687e+03,1.468303799999999937e+00
9.340000000000000568e+01,6.193992899999999509e+02,-9.034645699999999806e+02,-8.881724100000000135e+02,1.146549099999999988e-01,7.593181499999999687e+03,1.468303799999999937e+00
9.345000000000000284e+01,5.502430500000000393e+02,-9.023745800000000372e+02,-8.887898000000000138e+02,-1.079657300000000097e-01,7.593181499999999687e+03,1.468303799999999937e+00
9.350000000000000000e+01,5.506882600000000139e+02,-9.027688299999999799e+02,-8.891730599999999640e+02,4.608257099999999995e-01,7.593181499999999687e+03,1.468303799999999937e+00
9.354999999999999716e+01,5.464844200000000001e+02,-9.028148499999999785e+02,-8.893228699999999662e+02,-6.691429100000000074e-02,7.593181499999999687e+03,1.468303799999999937e+00
9.359999999999999432e+01,5.595002799999999752e+02,-9.028625200000000177e+02,-8.890491899999999532e+02,1.230783899999999959e-01,7.593181499999999687e+03,1.468303799999999937e+00
9.365000000000000568e+01,5.788694100000000162e+02,-9.025015899999999647e+02,-8.882100599999999986e+02,-5.779672100000000229e-02,7.593181499999999687e+03,1.468303799999999937e+00
9.370000000000000284e+01,5.754985900000000356e+02,-9.013058300000000145e+02,-8.870975300000000061e+02,1.716632399999999947e-01,7.593181499999999687e+03,1.468303799999999937e+00
9.375000000000000000e+01,6.195210100000000466e+02,-9.013741999999999734e+02,-8.860790399999999636e+02,2.016594100000000112e-01,7.593181499999999687e+03,1.468303799999999937e+00
9.379999999999999716e+01,6.461553800000000365e+02,-9.016866300000000365e+02,-8.857338999999999487e+02,3.397727899999999912e-02,7.593181499999999687e+03,1.468303799999999937e+00
9.384999999999999432e+01,6.164018700000000308e+02,-9.013318699999999808e+02,-8.861137199999999439e+02,-1.097356200000000059e-01,7.593181499999999687e+03,1.468303799999999937e+00
9.390000000000000568e+01,6.050872600000000148e+02,-9.018647700000000214e+02,-8.869259600000000319e+02,-2.988753900000000116e-02,7.593181499999999687e+03,1.468303799999999937e+00
9.395000000000000284e+01,5.892097499999999854e+02,-9.023465099999999666e+02,-8.877997000000000298e+02,1.826131900000000086e-01,7.593181499999999687e+03,1.468303799999999937e+00
9.400000000000000000e+01,5.872845899999999801e+02,-9.028676400000000513e+02,-8.883683499999999640e+02,-8.733910699999999916e-02,7.593181499999999687e+03,1.468303799999999937e+00
9.404999999999999716e+01,6.097606600000000299e+02,-9.036899799999999914e+02,-8.886357900000000427e+02,-6.310352200000000043e-03,7.593181499999999687e+03,1.468303799999999937e+00
9.409999999999999432e+01,6.221757199999999557e+02,-9.041329200000000128e+02,-8.887722199999999475e+02,-3.597923100000000041e-02,7.593181499999999687e+03,1.468303799999999937e+00
9.415000000000000568e+01,5.808697700000000168e+02,-9.032635299999999461e+02,-8.889226099999999633e+02,1.432308200000000087e-02,7.593181499999999687e+03,1.468303799999999937e+00
9.420000000000000284e+01,5.616005599999999731e+02,-9.026678799999999683e+02,-8.888026999999999589e+02,1.696868099999999935e-01,7.593181499999999687e+03,1.468303799999999937e+00
9.425000000000000000e+01,5.615311199999999872e+02,-9.018995099999999638e+02,-8.880360399999999572e+02,-5.451759400000000255e-02,7.593181499999999687e+03,1.468303799999999937e+00
9.429999999999999716e+01,6.052570299999999861e+02,-9.011576700000000528e+02,-8.862146699999999555e+02,9.871271500000000643e-02,7.593181499999999687e+03,1.468303799999999937e+00
9.434999999999999432e+01,6.089100600000000441e+02,-9.005071900000000369e+02,-8.854740000000000464e+02,-8.597168100000000812e-02,7.593181499999999687e+03,1.468303799999999937e+00
9.440000000000000568e+01,6.265923900000000231e+02,-9.008292500000000018e+02,-8.853595000000000255e+02,1.726308099999999957e-01,7.593181499999999687e+03,1.468303799999999937e+00
9.445000000000000284e+01,5.950271099999999933e+02,-9.003652399999999716e+02,-8.856748099999999795e+02,-1.819375800000000154e-01,7.593181499999999687e+03,1.468303799999999937e+00
9.450000000000000000e+01,6.406077599999999848e+02,-9.019056600000000117e+02,-8.860898999999999432e+02,1.527861400000000147e-01,7.593181499999999687e+03,1.468303799999999937e+00
9.454999999999999716e+01,6.146670699999999670e+02,-9.022356499999999642e+02,-8.870603300000000218e+02,1.739884399999999942e-01,7.593181499999999687e+03,1.468303799999999937e+00
9.459999999999999432e+01,5.928663299999999481e+02,-9.027586499999999887e+02,-8.881215499999999565e+02,1.985273100000000193e-02,7.593181499999999687e+03,1.468303799999999937e+00
9.465000000000000568e+01,5.684613200000000006e+02,-9.025923500000000104e+02,-8.885577799999999797e+02,1.546136500000000191e-01,7.593181499999999687e+03,1.468303799999999937e+00
9.470000000000000284e+01,5.850411500000000160e+02,-9.030257000000000289e+02,-8.885818100000000186e+02,-1.367346600000000079e-01,7.593181499999999687e+03,1.468303799999999937e+00
9.475000000000000000e+01,5.982281199999999899e+02,-9.031681099999999560e+02,-8.883986400000000003e+02,4.439067700000000061e-01,7.593181499999999687e+03,1.468303799999999937e+00
9.479999999999999716e+01,5.708554900000000316e+02,-9.022491700000000492e+02,-8.881554999999999609e+02,1.042536000000000157e-01,7.593181499999999687e+03,1.468303799999999937e+00
9.484999999999999432e+01,5.947159400000000460e+02,-9.022448200000000043e+02,-8.875620599999999740e+02,1.161956899999999904e-01,7.593181499999999687e+03,1.468303799999999937e+00
9.490000000000000568e+01,6.203456300000000283e+02,-9.018888200000000097e+02,-8.865733000000000175e+02,-1.437833300000000147e-01,7.593181499999999687e+03,1.468303799999999937e+00
9.495000000000000284e+01,6.280649200000000292e+02,-9.013239800000000059e+02,-8.858178799999999455e+02,-1.377953799999999951e-01,7.593181499999999687e+03,1.468303799999999937e+00
9.500000000000000000e+01,6.686263199999999642e+02,-9.021858899999999721e+02,-8.856783799999999474e+02,3.404633600000000482e-01,7.593181499999999687e+03,1.468303799999999937e+00
9.504999999999999716e+01,6.331563099999999622e+02,-9.018313000000000557e+02,-8.861994999999999436e+02,-9.049555200000000688e-02,7.593181499999999687e+03,1.468303799999999937e+00
9.509999999999999432e+01,5.855601900000000342e+02,-9.012317500000000337e+02,-8.867750399999999900e+02,1.683731700000000164e-01,7.593181499999999687e+03,1.468303799999999937e+00
9.515000000000000568e+01,6.160935299999999870e+02,-9.023262799999999970e+02,-8.871157399999999598e+02,1.570954400000000029e-01,7.593181499999999687e+03,1.468303799999999937e+00
9.520000000000000284e+01,6.190840299999999843e+02,-9.028013600000000451e+02,-8.875169899999999643e+02,7.032997300000000396e-02,7.593181499999999687e+03,1.468303799999999937e+00
9.525000000000000000e+01,5.941041199999999662e+02,-9.028103999999999587e+02,-8.881427499999999782e+02,8.384483900000000434e-02,7.593181499999999687e+03,1.468303799999999937e+00
9.529999999999999716e+01,5.947971099999999751e+02,-9.035694099999999480e+02,-8.888846499999999651e+02,5.037536400000000580e-02,7.593181499999999687e+03,1.468303799999999937e+00
9.534999999999999432e+01,5.271004000000000360e+02,-9.025107000000000426e+02,-8.894972800000000461e+02,1.515551499999999996e-01,7.593181499999999687e+03,1.468303799999999937e+00
9.540000000000000568e+01,5.466230100000000220e+02,-9.029927000000000135e+02,-8.894972999999999956e+02,2.333716100000000210e-02,7.593181499999999687e+03,1.468303799999999937e+00
9.545000000000000284e+01,5.715358099999999695e+02,-9.029234699999999521e+02,-8.888129999999999882e+02,7.737191499999999944e-02,7.593181499999999687e+03,1.468303799999999937e+00
9.550000000000000000e+01,6.297203799999999774e+02,-9.034386600000000271e+02,-8.878916900000000396e+02,1.868834700000000237e-01,7.593181499999999687e+03,1.468303799999999937e+00
9.554999999999999716e+01,5.861102799999999888e+02,-9.020838999999999714e+02,-8.876136000000000195e+02,2.898725499999999997e-02,7.593181499999999687e+03,1.468303799999999937e+00
9.559999999999999432e+01,6.143883600000000342e+02,-9.027660200000000259e+02,-8.875975799999999936e+02,2.253928600000000282e-01,7.593181499999999687e+03,1.468303799999999937e+00
9.565000000000000568e+01,5.991338500000000522e+02,-9.024964999999999691e+02,-8.877046699999999646e+02,-5.957826900000000314e-02,7.593181499999999687e+03,1.468303799999999937e+00
9.570000000000000284e+01,6.024760400000000118e+02,-9.026374700000000075e+02,-8.877631300000000465e+02,1.261958599999999930e-01,7.593181499999999687e+03,1.468303799999999937e+00
9.575000000000000000e+01,6.199969700000000330e+02,-9.031830999999999676e+02,-8.878761899999999514e+02,1.854180800000000129e-01,7.593181499999999687e+03,1.468303799999999937e+00
9.579999999999999716e+01,6.038871000000000322e+02,-9.030649799999999914e+02,-8.881557999999999993e+02,-3.983944500000000111e-02,7.593181499999999687e+03,1.468303799999999937e+00
9.584999999999999432e+01,5.748221999999999525e+02,-9.027388200000000325e+02,-8.885472099999999500e+02,1.370314100000000028e-02,7.593181499999999687e+03,1.468303799999999937e+00
9.590000000000000568e+01,5.664348499999999831e+02,-9.030614100000000235e+02,-8.890768699999999853e+02,8.259843600000001118e-02,7.593181499999999687e+03,1.468303799999999937e+00
9.595000000000000284e+01,5.864811799999999948e+02,-9.040776700000000119e+02,-8.895982199999999693e+02,-4.578675600000000484e-02,7.593181499999999687e+03,1.468303799999999937e+00
9.600000000000000000e+01,5.806040299999999661e+02,-9.044619999999999891e+02,-8.901276500000000169e+02,1.452203700000000153e-01,7.593181499999999687e+03,1.468303799999999937e+00
9.604999999999999716e+01,5.398372200000000021e+02,-9.037032500000000255e+02,-8.903753799999999501e+02,-6.996100500000000666e-02,7.593181499999999687e+03,1.468303799999999937e+00
9.609999999999999432e+01,5.523244099999999435e+02,-9.035874000000000024e+02,-8.899512399999999843e+02,9.474449700000001084e-02,7.593181499999999687e+03,1.468303799999999937e+00
9.615000000000000568e+01,5.587789000000000215e+02,-9.026384199999999964e+02,-8.888428999999999860e+02,-2.298220499999999999e-01,7.593181499999999687e+03,1.468303799999999937e+00
9.620000000000000284e+01,5.782436800000000403e+02,-9.020013000000000147e+02,-8.877252200000000357e+02,3.173642300000000249e-01,7.593181499999999687e+03,1.468303799999999937e+00
9.625000000000000000e+01,6.425037499999999682e+02,-9.030504600000000437e+02,-8.871878900000000385e+02,8.237166899999999459e-02,7.593181499999999687e+03,1.468303799999999937e+00
9.629999999999999716e+01,5.912059199999999919e+02,-9.017344699999999875e+02,-8.871383700000000090e+02,2.181862099999999915e-01,7.593181499999999687e+03,1.468303799999999937e+00
9.634999999999999432e+01,6.589981599999999844e+02,-9.034027599999999438e+02,-8.871329600000000255e+02,4.031567200000000378e-02,7.593181499999999687e+03,1.468303799999999937e+00
9.640000000000000568e+01,6.059242000000000417e+02,-9.025231499999999869e+02,-8.875636700000000019e+02,1.191536499999999998e-01,7.593181499999999687e+03,1.468303799999999937e+00
9.645000000000000284e+01,6.281571500000000015e+02,-9.037098700000000235e+02,-8.882014900000000353e+02,-1.233481900000000103e-01,7.593181499999999687e+03,1.468303799999999937e+00
9.650000000000000000e+01,5.555815900000000056e+02,-9.027457399999999552e+02,-8.890291600000000471e+02,8.393868899999999689e-02,7.593181499999999687e+03,1.468303799999999937e+00
9.654999999999999716e+01,5.564495100000000321e+02,-9.033509099999999989e+02,-8.896128999999999678e+02,3.046735899999999941e-02,7.593181499999999687e+03,1.468303799999999937e+00
9.659999999999999432e+01,5.499442400000000362e+02,-9.035407800000000407e+02,-8.899633800000000292e+02,7.493697700000000184e-02,7.593181499999999687e+03,1.468303799999999937e+00
9.665000000000000568e+01,5.773595800000000509e+02,-9.043388200000000552e+02,-8.900845699999999852e+02,3.130746200000000257e-01,7.593181499999999687e+03,1.468303799999999937e+00
9.670000000000000284e+01,5.298590699999999742e+02,-9.028778200000000425e+02,-8.897962899999999991e+02,-3.039512800000000042e-02,7.593181499999999687e+03,1.468303799999999937e+00
9.675000000000000000e+01,5.954865800000000036e+02,-9.032660300000000007e+02,-8.885642400000000407e+02,2.483757099999999995e-01,7.593181499999999687e+03,1.468303799999999937e+00
9.679999999999999716e+01,6.754923499999999876e+02,-9.041776099999999587e+02,-8.875005899999999883e+02,2.247275900000000187e-02,7.593181499999999687e+03,1.468303799999999937e+00
9.684999999999999432e+01,6.211195999999999913e+02,-9.026248600000000124e+02,-8.872902400000000398e+02,-5.927082400000000667e-02,7.593181499999999687e+03,1.468303799999999937e+00
9.690000000000000568e+01,6.059217399999999998e+02,-9.024319799999999532e+02,-8.874725700000000188e+02,1.757053100000000034e-01,7.593181499999999687e+03,1.468303799999999937e+00
9.695000000000000284e+01,5.925112599999999929e+02,-9.024926100000000133e+02,-8.878642899999999827e+02,2.281542399999999804e-01,7.593181499999999687e+03,1.468303799999999937e+00
9.700000000000000000e+01,5.678351199999999608e+02,-9.023702200000000175e+02,-8.883511099999999487e+02,2.586807999999999885e-01,7.593181499999999687e+03,1.468303799999999937e+00
9.704999999999999716e+01,5.922809099999999489e+02,-9.033157400000000052e+02,-8.886930999999999585e+02,2.343647500000000106e-01,7.593181499999999687e+03,1.468303799999999937e+00
9.709999999999999432e+01,6.127694900000000189e+02,-9.041185299999999643e+02,-8.889900499999999965e+02,8.541640600000000028e-02,7.593181499999999687e+03,1.468303799999999937e+00
9.715000000000000568e+01,5.640440999999999576e+02,-9.032804200000000492e+02,-8.893549199999999928e+02,-9.754947499999999661e-02,7.593181499999999687e+03,1.468303799999999937e+00
9.720000000000000284e+01,6.023279499999999871e+02,-9.041358599999999797e+02,-8.892651700000000119e+02,4.626624000000000014e-02,7.593181499999999687e+03,1.468303799999999937e+00
9.725000000000000000e+01,6.477983699999999772e+02,-9.047150400000000445e+02,-8.887217500000000427e+02,2.531954900000000230e-01,7.593181499999999687e+03,1.468303799999999937e+00
9.729999999999999716e+01,5.772334899999999607e+02,-9.022868399999999838e+02,-8.880357000000000198e+02,-1.717163899999999896e-02,7.593181499999999687e+03,1.468303799999999937e+00
9.734999999999999432e+01,5.557990999999999531e+02,-9.007624499999999443e+02,-8.870404999999999518e+02,2.529441000000000050e-01,7.593181499999999687e+03,1.468303799999999937e+00
9.740000000000000568e+01,6.770276999999999816e+02,-9.028287000000000262e+02,-8.861137700000000450e+02,1.322195900000000188e-02,7.593181499999999687e+03,1.468303799999999937e+00
9.745000000000000284e+01,6.401990799999999808e+02,-9.020385800000000245e+02,-8.862329099999999471e+02,-8.285397299999999743e-02,7.593181499999999687e+03,1.468303799999999937e+00
9.750000000000000000e+01,5.993503699999999981e+02,-9.015827000000000453e+02,-8.867855200000000195e+02,2.353327000000000335e-01,7.593181499999999687e+03,1.468303799999999937e+00
9.754999999999999716e+01,6.160565500000000156e+02,-9.026738400000000411e+02,-8.874642199999999548e+02,-4.060577499999999951e-01,7.593181499999999687e+03,1.468303799999999937e+00
9.759999999999999432e+01,6.312157399999999825e+02,-9.036505899999999656e+02,-8.880667099999999436e+02,3.417426399999999864e-01,7.593181499999999687e+03,1.468303799999999937e+00
9.765000000000000568e+01,6.149780799999999772e+02,-9.037922999999999547e+02,-8.886092999999999620e+02,1.600130500000000178e-01,7.593181499999999687e+03,1.468303799999999937e+00
9.770000000000000284e+01,5.627894000000000005e+02,-9.027769600000000310e+02,-8.888824299999999994e+02,1.376081500000000124e-01,7.593181499999999687e+03,1.468303799999999937e+00
9.775000000000000000e+01,5.898233599999999797e+02,-9.033910700000000134e+02,-8.888291000000000395e+02,1.592611399999999955e-01,7.593181499999999687e+03,1.468303799999999937e+00
9.779999999999999716e+01,5.867610499999999547e+02,-9.032772999999999683e+02,-8.887909399999999778e+02,-6.666024800000000528e-02,7.593181499999999687e+03,1.468303799999999937e+00
9.784999999999999432e+01,5.889321899999999914e+02,-9.032519700000000284e+02,-8.887119999999999891e+02,1.909554499999999988e-01,7.593181499999999687e+03,1.468303799999999937e+00
9.790000000000000568e+01,5.827104600000000119e+02,-9.030841199999999844e+02,-8.886977600000000166e+02,-7.598998800000000831e-02,7.593181499999999687e+03,1.468303799999999937e+00
9.795000000000000284e+01,6.100826200000000199e+02,-9.037483399999999847e+02,-8.886861999999999853e+02,2.507359599999999800e-01,7.593181499999999687e+03,1.468303799999999937e+00
9.800000000000000000e+01,5.654793799999999919e+02,-9.027518599999999651e+02,-8.887909200000000283e+02,-1.097722700000000051e-01,7.593181499999999687e+03,1.468303799999999937e+00
9.804999999999999716e+01,5.611577700000000277e+02,-9.025374000000000478e+02,-8.886831499999999551e+02,1.869252600000000097e-01,7.593181499999999687e+03,1.468303799999999937e+00
9.809999999999999432e+01,5.960290800000000218e+02,-9.027529100000000426e+02,-8.880377300000000105e+02,7.613524600000000364e-02,7.593181499999999687e+03,1.468303799999999937e+00
9.815000000000000568e+01,6.060292699999999968e+02,-9.022554999999999836e+02,-8.872934299999999439e+02,4.005324400000000173e-02,7.593181499999999687e+03,1.468303799999999937e+00
9.820000000000000284e+01,6.237631699999999455e+02,-9.020793899999999894e+02,-8.866794899999999870e+02,1.779724000000000028e-01,7.593181499999999687e+03,1.468303799999999937e+00
9.825000000000000000e+01,5.853076600000000553e+02,-9.006846000000000458e+02,-8.862341300000000501e+02,-2.138704499999999897e-01,7.593181499999999687e+03,1.468303799999999937e+00
9.829999999999999716e+01,6.341697799999999461e+02,-9.012876199999999471e+02,-8.856308000000000220e+02,3.060432299999999994e-01,7.593181499999999687e+03,1.468303799999999937e+00
9.834999999999999432e+01,6.372913999999999533e+02,-9.010529699999999593e+02,-8.853190799999999854e+02,2.352828000000000142e-01,7.593181499999999687e+03,1.468303799999999937e+00
9.840000000000000568e+01,6.622212399999999661e+02,-9.015071799999999484e+02,-8.851577999999999520e+02,-1.964196800000000132e-01,7.593181499999999687e+03,1.468303799999999937e+00
9.845000000000000284e+01,6.045341499999999542e+02,-9.002394299999999703e+02,-8.853142699999999650e+02,1.405538100000000012e-01,7.593181499999999687e+03,1.468303799999999937e+00
9.850000000000000000e+01,6.034864300000000412e+02,-9.005006399999999758e+02,-8.856013500000000249e+02,1.715636500000000120e-01,7.593181499999999687e+03,1.468303799999999937e+00
9.854999999999999716e+01,5.804115699999999833e+02,-9.004542999999999893e+02,-8.861246999999999616e+02,2.435833099999999973e-01,7.593181499999999687e+03,1.468303799999999937e+00
9.859999999999999432e+01,5.744491699999999810e+02,-9.009719700000000557e+02,-8.867895700000000261e+02,1.385958200000000085e-01,7.593181499999999687e+03,1.468303799999999937e+00
9.865000000000000568e+01,6.228935900000000174e+02,-9.028822099999999864e+02,-8.875037800000000061e+02,9.909289000000000291e-02,7.593181499999999687e+03,1.468303799999999937e+00
9.870000000000000284e+01,5.595523899999999458e+02,-9.020755400000000463e+02,-8.882609200000000556e+02,-5.114501700000000095e-02,7.593181499999999687e+03,1.468303799999999937e+00
9.875000000000000000e+01,5.900735700000000179e+02,-9.031491200000000390e+02,-8.885809799999999541e+02,-1.688619999999999843e-01,7.593181499999999687e+03,1.468303799999999937e+00
9.879999999999999716e+01,5.604069899999999507e+02,-9.026292700000000195e+02,-8.887935599999999567e+02,5.281340600000000024e-02,7.593181499999999687e+03,1.468303799999999937e+00
9.884999999999999432e+01,5.925956899999999905e+02,-9.033291400000000522e+02,-8.886987299999999550e+02,-5.028055499999999761e-02,7.593181499999999687e+03,1.468303799999999937e+00
9.890000000000000568e+01,5.734732500000000073e+02,-9.021278899999999794e+02,-8.879695799999999508e+02,1.236321600000000048e-01,7.593181499999999687e+03,1.468303799999999937e+00
9.895000000000000284e+01,6.127635999999999967e+02,-9.015589499999999816e+02,-8.864306199999999762e+02,-1.098024799999999940e-01,7.593181499999999687e+03,1.468303799999999937e+00
9.900000000000000000e+01,6.414568000000000438e+02,-9.013669499999999744e+02,-8.855302299999999605e+02,7.251268700000000622e-02,7.593181499999999687e+03,1.468303799999999937e+00
9.904999999999999716e+01,6.483773499999999785e+02,-9.014345899999999574e+02,-8.854270000000000209e+02,1.015281700000000009e-01,7.593181499999999687e+03,1.468303799999999937e+00
9.909999999999999432e+01,5.893972400000000107e+02,-9.004317200000000412e+02,-8.858802799999999706e+02,7.688843900000000287e-02,7.593181499999999687e+03,1.468303799999999937e+00
9.915000000000000568e+01,6.043039400000000114e+02,-9.013462600000000293e+02,-8.864267899999999827e+02,1.982295500000000044e-01,7.593181499999999687e+03,1.468303799999999937e+00
9.920000000000000284e+01,5.713021199999999453e+02,-9.012255499999999984e+02,-8.871208500000000186e+02,-2.821590299999999774e-01,7.593181499999999687e+03,1.468303799999999937e+00
9.925000000000000000e+01,5.592779100000000199e+02,-9.014645299999999679e+02,-8.876567000000000007e+02,4.528528400000000342e-01,7.593181499999999687e+03,1.468303799999999937e+00
9.929999999999999716e+01,5.875778900000000249e+02,-9.025134299999999712e+02,-8.880068999999999733e+02,-2.203143999999999936e-01,7.593181499999999687e+03,1.468303799999999937e+00
9.934999999999999432e+01,6.191555799999999863e+02,-9.034433699999999590e+02,-8.881572400000000016e+02,1.620899899999999894e-01,7.593181499999999687e+03,1.468303799999999937e+00
9.940000000000000568e+01,6.022370100000000548e+02,-9.031355499999999665e+02,-8.882671100000000024e+02,-7.813387700000000435e-02,7.593181499999999687e+03,1.468303799999999937e+00
9.945000000000000284e+01,5.314656599999999571e+02,-9.016954899999999498e+02,-8.885742999999999938e+02,1.266789500000000124e-01,7.593181499999999687e+03,1.468303799999999937e+00
9.950000000000000000e+01,5.484362899999999854e+02,-9.019373600000000124e+02,-8.883971900000000232e+02,-1.478599700000000072e-01,7.593181499999999687e+03,1.468303799999999937e+00
9.954999999999999716e+01,5.796433600000000297e+02,-9.019682000000000244e+02,-8.876575699999999642e+02,-4.479319800000000629e-02,7.593181499999999687e+03,1.468303799999999937e+00
9.959999999999999432e+01,5.757116300000000138e+02,-9.009434400000000096e+02,-8.867298700000000053e+02,5.498149499999999829e-02,7.593181499999999687e+03,1.468303799999999937e+00
9.965000000000000568e+01,6.490529299999999466e+02,-9.018842499999999518e+02,-8.858599900000000389e+02,1.355216200000000093e-01,7.593181499999999687e+03,1.468303799999999937e+00
9.970000000000000284e+01,6.230931000000000495e+02,-9.008178500000000213e+02,-8.854344999999999573e+02,-1.377720400000000123e-01,7.593181499999999687e+03,1.468303799999999937e+00
9.975000000000000000e+01,6.430183899999999539e+02,-9.012607500000000300e+02,-8.853854700000000548e+02,4.092717200000000471e-02,7.593181499999999687e+03,1.468303799999999937e+00
9.979999999999999716e+01,5.734439700000000357e+02,-9.001423600000000533e+02,-8.859847800000000007e+02,2.951468900000000020e-02,7.593181499999999687e+03,1.468303799999999937e+00
9.984999999999999432e+01,6.162134300000000167e+02,-9.016949100000000499e+02,-8.864814099999999826e+02,4.202740100000000312e-01,7.593181499999999687e+03,1.468303799999999937e+00
9.990000000000000568e+01,5.846624299999999721e+02,-9.014607799999999997e+02,-8.870262400000000298e+02,3.012687100000000298e-02,7.593181499999999687e+03,1.468303799999999937e+00
9.995000000000000284e+01,6.030966200000000299e+02,-9.028768999999999778e+02,-8.879872400000000425e+02,4.550914899999999874e-01,7.593181499999999687e+03,1.468303799999999937e+00
1.000000000000000000e+02,5.522881800000000112e+02,-9.028259799999999586e+02,-8.891907099999999673e+02,1.107463299999999901e-01,7.593181499999999687e+03,1.468303799999999937e+00
1.000499999999999972e+02,5.612837700000000041e+02,-9.034710599999999658e+02,-8.896136999999999944e+02,1.810989000000000071e-01,7.593181499999999687e+03,1.468303799999999937e+00
1.000999999999999943e+02,5.780015200000000277e+02,-9.039441399999999476e+02,-8.896740399999999909e+02,3.664552000000000087e-02,7.593181499999999687e+03,1.468303799999999937e+00
1.001500000000000057e+02,6.149456099999999878e+02,-9.047568400000000111e+02,-8.895746400000000449e+02,1.712471500000000146e-01,7.593181499999999687e+03,1.468303799999999937e+00
1.002000000000000028e+02,5.624166500000000042e+02,-9.033233300000000554e+02,-8.894379999999999882e+02,-2.389568600000000209e-01,7.593181499999999687e+03,1.468303799999999937e+00
1.002500000000000000e+02,5.659562799999999925e+02,-9.029588300000000345e+02,-8.889861100000000533e+02,2.585293500000000466e-01,7.593181499999999687e+03,1.468303799999999937e+00
1.002999999999999972e+02,6.069437199999999848e+02,-9.031782200000000103e+02,-8.881935700000000224e+02,9.791056600000000443e-02,7.593181499999999687e+03,1.468303799999999937e+00
1.003499999999999943e+02,5.618510099999999738e+02,-9.015504200000000310e+02,-8.876790600000000495e+02,2.005051899999999998e-01,7.593181499999999687e+03,1.468303799999999937e+00
1.004000000000000057e+02,6.257184899999999743e+02,-9.026996400000000449e+02,-8.872514700000000403e+02,2.724670700000000334e-01,7.593181499999999687e+03,1.468303799999999937e+00
1.004500000000000028e+02,6.503518800000000510e+02,-9.031463899999999967e+02,-8.870900500000000193e+02,-2.130371800000000274e-02,7.593181499999999687e+03,1.468303799999999937e+00
1.005000000000000000e+02,6.156631300000000238e+02,-9.024455299999999625e+02,-8.872456200000000308e+02,1.693959900000000240e-01,7.593181499999999687e+03,1.468303799999999937e+00
1.005499999999999972e+02,5.801583900000000540e+02,-9.018044399999999996e+02,-8.874810899999999947e+02,1.378389600000000104e-01,7.593181499999999687e+03,1.468303799999999937e+00
1.005999999999999943e+02,5.615590200000000323e+02,-9.014708100000000286e+02,-8.876066499999999451e+02,-2.942183600000000329e-02,7.593181499999999687e+03,1.468303799999999937e+00
1.006500000000000057e+02,6.029726200000000063e+02,-9.023281600000000253e+02,-8.874415500000000065e+02,-2.680594399999999822e-01,7.593181499999999687e+03,1.468303799999999937e+00
1.007000000000000028e+02,6.567196000000000140e+02,-9.031821300000000292e+02,-8.869685799999999745e+02,1.515434300000000067e-01,7.593181499999999687e+03,1.468303799999999937e+00
1.007500000000000000e+02,6.493515400000000000e+02,-9.024080099999999902e+02,-8.863763699999999517e+02,2.917895000000000350e-01,7.593181499999999687e+03,1.468303799999999937e+00
1.007999999999999972e+02,6.174198599999999715e+02,-9.009669999999999845e+02,-8.857237199999999575e+02,-1.128175899999999954e-01,7.593181499999999687e+03,1.468303799999999937e+00
1.008499999999999943e+02,6.264399300000000039e+02,-9.006461199999999963e+02,-8.851801400000000513e+02,2.453014800000000162e-01,7.593181499999999687e+03,1.468303799999999937e+00
1.009000000000000057e+02,6.262205099999999902e+02,-9.003338599999999587e+02,-8.848732899999999972e+02,7.996462699999999646e-02,7.593181499999999687e+03,1.468303799999999937e+00
1.009500000000000028e+02,5.944467399999999770e+02,-8.996438399999999547e+02,-8.849677299999999605e+02,1.535169400000000184e-01,7.593181499999999687e+03,1.468303799999999937e+00
1.010000000000000000e+02,5.868352200000000494e+02,-8.997161599999999453e+02,-8.852279700000000275e+02,-3.284893200000000291e-01,7.593181499999999687e+03,1.468303799999999937e+00
1.010499999999999972e+02,6.209247199999999793e+02,-9.007233300000000327e+02,-8.853935099999999920e+02,1.326016100000000086e-01,7.593181499999999687e+03,1.468303799999999937e+00
1.010999999999999943e+02,6.166309700000000475e+02,-9.011895600000000286e+02,-8.859657499999999573e+02,9.480726600000001503e-02,7.593181499999999687e+03,1.468303799999999937e+00
1.011500000000000057e+02,5.572279200000000401e+02,-9.007438499999999522e+02,-8.869866200000000163e+02,9.527791800000000311e-02,7.593181499999999687e+03,1.468303799999999937e+00
1.012000000000000028e+02,5.395855900000000247e+02,-9.008972300000000359e+02,-8.875755699999999706e+02,-5.868835099999999971e-02,7.593181499999999687e+03,1.468303799999999937e+00
1.012500000000000000e+02,5.811935399999999845e+02,-9.018667000000000371e+02,-8.875177999999999656e+02,-1.378644099999999928e-01,7.593181499999999687e+03,1.468303799999999937e+00
1.012999999999999972e+02,6.292326799999999594e+02,-9.025432799999999816e+02,-8.870083499999999503e+02,1.631439800000000218e-01,7.593181499999999687e+03,1.468303799999999937e+00
1.013499999999999943e+02,5.752931700000000319e+02,-9.006630199999999604e+02,-8.864597899999999981e+02,8.390550099999999692e-03,7.593181499999999687e+03,1.468303799999999937e+00
1.014000000000000057e+02,6.155781299999999874e+02,-9.006617300000000341e+02,-8.854639200000000301e+02,-1.129788299999999988e-02,7.593181499999999687e+03,1.468303799999999937e+00
1.014500000000000028e+02,6.848545299999999543e+02,-9.010941100000000006e+02,-8.841859500000000480e+02,-2.749649600000000048e-03,7.593181499999999687e+03,1.468303799999999937e+00
1.015000000000000000e+02,6.404772400000000516e+02,-8.997763099999999667e+02,-8.839637599999999793e+02,-1.233033100000000132e-01,7.593181499999999687e+03,1.468303799999999937e+00
1.015499999999999972e+02,6.611566699999999628e+02,-9.006762899999999945e+02,-8.843532000000000153e+02,-1.260724400000000078e-01,7.593181499999999687e+03,1.468303799999999937e+00
1.015999999999999943e+02,6.236733500000000276e+02,-9.005620400000000245e+02,-8.851643699999999626e+02,6.985575700000000443e-02,7.593181499999999687e+03,1.468303799999999937e+00
1.016500000000000057e+02,5.792943400000000338e+02,-9.000755199999999832e+02,-8.857735000000000127e+02,-1.948197399999999913e-02,7.593181499999999687e+03,1.468303799999999937e+00
1.017000000000000028e+02,6.319514500000000226e+02,-9.015978199999999561e+02,-8.859957699999999932e+02,1.078061000000000019e-01,7.593181499999999687e+03,1.468303799999999937e+00
1.017500000000000000e+02,5.567816599999999880e+02,-9.000390899999999874e+02,-8.862928799999999683e+02,1.496934099999999990e-01,7.593181499999999687e+03,1.468303799999999937e+00
1.017999999999999972e+02,5.824896400000000085e+02,-9.006775499999999965e+02,-8.862966400000000249e+02,5.393347400000000208e-02,7.593181499999999687e+03,1.468303799999999937e+00
1.018499999999999943e+02,6.433248700000000326e+02,-9.019164899999999534e+02,-8.860336499999999660e+02,2.231437800000000138e-01,7.593181499999999687e+03,1.468303799999999937e+00
1.019000000000000057e+02,5.887499599999999873e+02,-9.005059899999999971e+02,-8.859705300000000534e+02,2.945563099999999948e-02,7.593181499999999687e+03,1.468303799999999937e+00
1.019500000000000028e+02,5.980699200000000246e+02,-9.007591700000000401e+02,-8.859936099999999897e+02,5.579903900000000513e-03,7.593181499999999687e+03,1.468303799999999937e+00
1.020000000000000000e+02,5.862157999999999447e+02,-9.003823499999999740e+02,-8.859094499999999925e+02,-1.083304799999999929e-01,7.593181499999999687e+03,1.468303799999999937e+00
1.020499999999999972e+02,6.270734800000000178e+02,-9.011995799999999690e+02,-8.857179599999999482e+02,1.108296500000000018e-01,7.593181499999999687e+03,1.468303799999999937e+00
1.020999999999999943e+02,5.916920099999999820e+02,-9.002366200000000163e+02,-8.856285199999999804e+02,-6.364273300000000688e-02,7.593181499999999687e+03,1.468303799999999937e+00
1.021500000000000057e+02,5.570439900000000080e+02,-8.993667799999999488e+02,-8.856141000000000076e+02,2.842579400000000422e-01,7.593181499999999687e+03,1.468303799999999937e+00
1.022000000000000028e+02,6.213699900000000298e+02,-9.004303200000000516e+02,-8.850895100000000184e+02,-6.965916300000001005e-02,7.593181499999999687e+03,1.468303799999999937e+00
1.022500000000000000e+02,6.940500200000000177e+02,-9.016532600000000457e+02,-8.845180699999999661e+02,2.547227000000000241e-01,7.593181499999999687e+03,1.468303799999999937e+00
1.022999999999999972e+02,6.971172199999999748e+02,-9.021442700000000059e+02,-8.849333599999999933e+02,-2.111925299999999894e-01,7.593181499999999687e+03,1.468303799999999937e+00
1.023499999999999943e+02,5.867827999999999520e+02,-9.008660200000000486e+02,-8.863791199999999435e+02,8.857796700000000745e-02,7.593181499999999687e+03,1.468303799999999937e+00
1.024000000000000057e+02,5.548219699999999648e+02,-9.008383099999999786e+02,-8.871404899999999998e+02,-2.347879700000000125e-01,7.593181499999999687e+03,1.468303799999999937e+00
1.024500000000000028e+02,5.548669599999999491e+02,-9.009466200000000526e+02,-8.872476799999999457e+02,1.279729000000000005e-01,7.593181499999999687e+03,1.468303799999999937e+00
1.025000000000000000e+02,5.723242900000000191e+02,-9.011078800000000228e+02,-8.869779499999999643e+02,1.646674500000000207e-01,7.593181499999999687e+03,1.468303799999999937e+00
1.025499999999999972e+02,6.115447900000000345e+02,-9.016853599999999460e+02,-8.865871300000000019e+02,-1.728668700000000058e-01,7.593181499999999687e+03,1.468303799999999937e+00
1.025999999999999943e+02,6.259914899999999989e+02,-9.017495699999999488e+02,-8.862946600000000217e+02,-1.306322100000000264e-01,7.593181499999999687e+03,1.468303799999999937e+00
1.026500000000000057e+02,5.971251999999999498e+02,-9.007797000000000480e+02,-8.860374600000000100e+02,3.060263500000000025e-01,7.593181499999999687e+03,1.468303799999999937e+00
1.027000000000000028e+02,6.013391699999999673e+02,-9.005183100000000422e+02,-8.856720299999999497e+02,8.575956700000000876e-02,7.593181499999999687e+03,1.468303799999999937e+00
1.027500000000000000e+02,6.599681399999999485e+02,-9.015104199999999537e+02,-8.852166700000000219e+02,7.337236600000000830e-02,7.593181499999999687e+03,1.468303799999999937e+00
1.027999999999999972e+02,6.446977799999999661e+02,-9.011389100000000099e+02,-8.852221600000000308e+02,-9.737911900000001397e-02,7.593181499999999687e+03,1.468303799999999937e+00
1.028499999999999943e+02,6.422617900000000191e+02,-9.015580700000000434e+02,-8.857014699999999721e+02,-1.393513700000000022e-01,7.593181499999999687e+03,1.468303799999999937e+00
1.029000000000000057e+02,5.937014100000000099e+02,-9.011514600000000428e+02,-8.864937499999999773e+02,3.422079200000000543e-01,7.593181499999999687e+03,1.468303799999999937e+00
1.029500000000000028e+02,5.488872300000000450e+02,-9.007401399999999967e+02,-8.871888300000000527e+02,-1.263663800000000004e-01,7.593181499999999687e+03,1.468303799999999937e+00
1.030000000000000000e+02,5.879225400000000263e+02,-9.020543900000000122e+02,-8.875393500000000131e+02,2.626211299999999804e-01,7.593181499999999687e+03,1.468303799999999937e+00
1.030499999999999972e+02,5.442807000000000244e+02,-9.010230900000000247e+02,-8.875855199999999741e+02,-2.992306300000000530e-01,7.593181499999999687e+03,1.468303799999999937e+00
1.030999999999999943e+02,5.697817900000000009e+02,-9.009759999999999991e+02,-8.869088400000000547e+02,2.809725800000000273e-01,7.593181499999999687e+03,1.468303799999999937e+00
1.031500000000000057e+02,6.164208399999999983e+02,-9.008409400000000460e+02,-8.856223199999999451e+02,-5.821502600000000305e-02,7.593181499999999687e+03,1.468303799999999937e+00
1.032000000000000028e+02,6.094585899999999583e+02,-8.999090300000000298e+02,-8.848623000000000047e+02,2.844504600000000161e-01,7.593181499999999687e+03,1.468303799999999937e+00
1.032500000000000000e+02,6.259782400000000280e+02,-9.000510900000000447e+02,-8.845965099999999666e+02,-2.645621799999999801e-01,7.593181499999999687e+03,1.468303799999999937e+00
1.032999999999999972e+02,6.625928699999999480e+02,-9.009143299999999499e+02,-8.845557800000000270e+02,2.361268700000000165e-01,7.593181499999999687e+03,1.468303799999999937e+00
1.033499999999999943e+02,5.972783500000000458e+02,-8.996213400000000320e+02,-8.848753199999999879e+02,-6.505149000000000348e-02,7.593181499999999687e+03,1.468303799999999937e+00
1.034000000000000057e+02,6.051881899999999632e+02,-9.000634199999999510e+02,-8.851221100000000206e+02,-7.661099500000000811e-03,7.593181499999999687e+03,1.468303799999999937e+00
1.034500000000000028e+02,6.520574699999999666e+02,-9.014661200000000463e+02,-8.853676699999999755e+02,3.973854500000000012e-02,7.593181499999999687e+03,1.468303799999999937e+00
1.035000000000000000e+02,6.324930000000000518e+02,-9.017124300000000403e+02,-8.860970099999999547e+02,1.301037000000000166e-01,7.593181499999999687e+03,1.468303799999999937e+00
1.035499999999999972e+02,5.498870899999999438e+02,-9.009373199999999997e+02,-8.873613299999999526e+02,1.933948300000000176e-01,7.593181499999999687e+03,1.468303799999999937e+00
1.035999999999999943e+02,5.755496600000000171e+02,-9.023024699999999712e+02,-8.880929099999999607e+02,4.056468499999999616e-02,7.593181499999999687e+03,1.468303799999999937e+00
1.036500000000000057e+02,5.397691200000000435e+02,-9.014492000000000189e+02,-8.881230100000000220e+02,2.581437500000000052e-01,7.593181499999999687e+03,1.468303799999999937e+00
1.037000000000000028e+02,5.678283400000000256e+02,-9.017399799999999459e+02,-8.877210400000000163e+02,-1.182977500000000071e-01,7.593181499999999687e+03,1.468303799999999937e+00
1.037500000000000000e+02,6.168997100000000273e+02,-9.023839400000000524e+02,-8.871535000000000082e+02,2.199259400000000142e-01,7.593181499999999687e+03,1.468303799999999937e+00
1.037999999999999972e+02,5.963953299999999444e+02,-9.013908000000000129e+02,-8.866665900000000420e+02,5.015866600000000453e-02,7.593181499999999687e+03,1.468303799999999937e+00
1.038499999999999943e+02,5.783969200000000228e+02,-9.005030299999999670e+02,-8.862231699999999819e+02,-1.336392399999999925e-01,7.593181499999999687e+03,1.468303799999999937e+00
1.039000000000000057e+02,6.038869399999999814e+02,-9.006167799999999488e+02,-8.857076100000000451e+02,2.259722400000000186e-01,7.593181499999999687e+03,1.468303799999999937e+00
1.039500000000000028e+02,6.034667399999999589e+02,-9.003510700000000497e+02,-8.854522699999999986e+02,3.155995400000000117e-02,7.593181499999999687e+03,1.468303799999999937e+00
1.040000000000000000e+02,6.540684300000000349e+02,-9.014350600000000213e+02,-8.852869699999999966e+02,3.628195900000000251e-01,7.593181499999999687e+03,1.468303799999999937e+00
1.040499999999999972e+02,5.751188600000000406e+02,-8.997833200000000033e+02,-8.855843899999999849e+02,-1.569660100000000169e-01,7.593181499999999687e+03,1.468303799999999937e+00
1.040999999999999943e+02,5.947715399999999590e+02,-9.008256499999999960e+02,-8.861415200000000141e+02,3.185407199999999994e-01,7.593181499999999687e+03,1.468303799999999937e+00
1.041500000000000057e+02,5.673139800000000150e+02,-9.009969099999999571e+02,-8.869906700000000228e+02,6.954550400000000798e-02,7.593181499999999687e+03,1.468303799999999937e+00
1.042000000000000028e+02,5.778959700000000339e+02,-9.021223999999999705e+02,-8.878549100000000180e+02,-9.309231700000000775e-02,7.593181499999999687e+03,1.468303799999999937e+00
1.042500000000000000e+02,5.028520599999999945e+02,-9.007852599999999939e+02,-8.883704999999999927e+02,1.593581200000000198e-01,7.593181499999999687e+03,1.468303799999999937e+00
1.042999999999999972e+02,5.542198399999999765e+02,-9.017621100000000069e+02,-8.880791500000000269e+02,2.384287400000000279e-01,7.593181499999999687e+03,1.468303799999999937e+00
1.043499999999999943e+02,6.185068099999999731e+02,-9.024940199999999777e+02,-8.872238999999999578e+02,1.119939400000000002e-01,7.593181499999999687e+03,1.468303799999999937e+00
1.044000000000000057e+02,6.366839300000000321e+02,-9.022225899999999683e+02,-8.865036999999999807e+02,-2.135022800000000234e-02,7.593181499999999687e+03,1.468303799999999937e+00
1.044500000000000028e+02,6.191545499999999720e+02,-9.016622499999999718e+02,-8.863761399999999639e+02,2.890380800000000305e-01,7.593181499999999687e+03,1.468303799999999937e+00
1.045000000000000000e+02,5.653063399999999774e+02,-9.003752100000000382e+02,-8.864185400000000072e+02,5.236885800000000424e-02,7.593181499999999687e+03,1.468303799999999937e+00
1.045499999999999972e+02,6.163816100000000233e+02,-9.013741300000000365e+02,-8.861564799999999877e+02,2.735803700000000171e-01,7.593181499999999687e+03,1.468303799999999937e+00
1.045999999999999943e+02,6.025913399999999456e+02,-9.008225599999999531e+02,-8.859453700000000254e+02,4.358470100000000347e-02,7.593181499999999687e+03,1.468303799999999937e+00
1.046500000000000057e+02,6.127143999999999551e+02,-9.009618699999999762e+02,-8.858347599999999602e+02,4.093428500000000358e-01,7.593181499999999687e+03,1.468303799999999937e+00
1.047000000000000028e+02,5.879231300000000147e+02,-9.003150699999999915e+02,-8.858000200000000177e+02,-2.574880400000000291e-01,7.593181499999999687e+03,1.468303799999999937e+00
1.047500000000000000e+02,5.916843599999999697e+02,-9.002382800000000316e+02,-8.856303699999999708e+02,3.357587700000000397e-01,7.593181499999999687e+03,1.468303799999999937e+00
1.047999999999999972e+02,5.803881599999999708e+02,-8.996913200000000188e+02,-8.853622900000000300e+02,3.352802400000000349e-02,7.593181499999999687e+03,1.468303799999999937e+00
1.048499999999999943e+02,5.611823900000000549e+02,-8.987863599999999451e+02,-8.849315000000000282e+02,-8.475887800000000971e-02,7.593181499999999687e+03,1.468303799999999937e+00
1.049000000000000057e+02,6.176451799999999821e+02,-8.995370400000000473e+02,-8.842881999999999607e+02,-6.808026100000000302e-02,7.593181499999999687e+03,1.468303799999999937e+00
1.049500000000000028e+02,6.679516999999999598e+02,-9.003674999999999500e+02,-8.838766500000000406e+02,-3.350886500000000434e-01,7.593181499999999687e+03,1.468303799999999937e+00
1.050000000000000000e+02,6.553085700000000315e+02,-9.002001900000000205e+02,-8.840214799999999968e+02,-4.624136200000000113e-02,7.593181499999999687e+03,1.468303799999999937e+00
1.050499999999999972e+02,6.210880399999999781e+02,-8.999146299999999883e+02,-8.845807800000000043e+02,-8.148320600000000247e-02,7.593181499999999687e+03,1.468303799999999937e+00
1.050999999999999943e+02,5.656768700000000081e+02,-8.997587499999999636e+02,-8.857929299999999557e+02,-7.420624400000000453e-02,7.593181499999999687e+03,1.468303799999999937e+00
1.051500000000000057e+02,5.662997299999999541e+02,-9.007623800000000074e+02,-8.867811900000000378e+02,8.705553700000000228e-02,7.593181499999999687e+03,1.468303799999999937e+00
1.052000000000000028e+02,5.689842200000000503e+02,-9.011459300000000212e+02,-8.870984600000000455e+02,2.576624000000000136e-01,7.593181499999999687e+03,1.468303799999999937e+00
1.052500000000000000e+02,5.778592499999999745e+02,-9.012729299999999739e+02,-8.870063400000000229e+02,-1.160190200000000074e-02,7.593181499999999687e+03,1.468303799999999937e+00
1.052999999999999972e+02,6.305523100000000341e+02,-9.022662599999999884e+02,-8.866987500000000182e+02,1.432964999999999933e-01,7.593181499999999687e+03,1.468303799999999937e+00
1.053499999999999943e+02,6.315057600000000093e+02,-9.022640499999999975e+02,-8.866730000000000018e+02,8.697449299999999994e-02,7.593181499999999687e+03,1.468303799999999937e+00
1.054000000000000057e+02,6.062227100000000064e+02,-9.018393300000000181e+02,-8.868724899999999707e+02,9.808379500000000140e-02,7.593181499999999687e+03,1.468303799999999937e+00
1.054500000000000028e+02,6.154175300000000561e+02,-9.021991199999999935e+02,-8.870052699999999959e+02,-6.406585199999999258e-02,7.593181499999999687e+03,1.468303799999999937e+00
1.055000000000000000e+02,5.775565199999999777e+02,-9.014030900000000202e+02,-8.871439800000000560e+02,-9.452883100000000760e-02,7.593181499999999687e+03,1.468303799999999937e+00
1.055499999999999972e+02,5.597863399999999956e+02,-9.011307799999999588e+02,-8.873103899999999840e+02,-4.149837299999999812e-02,7.593181499999999687e+03,1.468303799999999937e+00
1.055999999999999943e+02,5.714571200000000317e+02,-9.012322599999999966e+02,-8.871237300000000232e+02,1.798377700000000079e-01,7.593181499999999687e+03,1.468303799999999937e+00
1.056500000000000057e+02,6.231068599999999833e+02,-9.019585200000000214e+02,-8.865748200000000452e+02,-8.519349600000000744e-02,7.593181499999999687e+03,1.468303799999999937e+00
1.057000000000000028e+02,6.433623300000000427e+02,-9.019749100000000226e+02,-8.860911399999999958e+02,9.799174000000000773e-02,7.593181499999999687e+03,1.468303799999999937e+00
1.057500000000000000e+02,6.391045100000000048e+02,-9.017927100000000564e+02,-8.860140599999999722e+02,2.703233800000000020e-01,7.593181499999999687e+03,1.468303799999999937e+00
1.057999999999999972e+02,6.590488000000000284e+02,-9.026687699999999950e+02,-8.863977200000000494e+02,1.860105200000000125e-01,7.593181499999999687e+03,1.468303799999999937e+00
1.058499999999999943e+02,5.977652500000000373e+02,-9.020289500000000089e+02,-8.872709099999999580e+02,-2.157548300000000391e-04,7.593181499999999687e+03,1.468303799999999937e+00
1.059000000000000057e+02,5.439836400000000367e+02,-9.014634800000000041e+02,-8.880332399999999780e+02,6.104192900000000865e-02,7.593181499999999687e+03,1.468303799999999937e+00
1.059500000000000028e+02,5.421484000000000378e+02,-9.014906099999999469e+02,-8.881056800000000067e+02,4.469272200000000764e-03,7.593181499999999687e+03,1.468303799999999937e+00
1.060000000000000000e+02,5.787335100000000239e+02,-9.018412799999999834e+02,-8.875531099999999469e+02,1.620174700000000245e-01,7.593181499999999687e+03,1.468303799999999937e+00
1.060499999999999972e+02,6.065372800000000097e+02,-9.016603300000000445e+02,-8.866857199999999466e+02,-1.385250900000000174e-01,7.593181499999999687e+03,1.468303799999999937e+00
1.060999999999999943e+02,6.521677100000000564e+02,-9.022265899999999874e+02,-8.861254300000000512e+02,2.799824100000000149e-01,7.593181499999999687e+03,1.468303799999999937e+00
1.061500000000000057e+02,5.646900699999999915e+02,-9.001393399999999474e+02,-8.861978800000000547e+02,5.158490300000000139e-02,7.593181499999999687e+03,1.468303799999999937e+00
1.062000000000000028e+02,6.190013500000000022e+02,-9.012858800000000201e+02,-8.860035500000000184e+02,2.204476099999999883e-01,7.593181499999999687e+03,1.468303799999999937e+00
1.062500000000000000e+02,5.769799900000000434e+02,-9.001323499999999740e+02,-8.858874700000000075e+02,1.156024100000000165e-01,7.593181499999999687e+03,1.468303799999999937e+00
1.062999999999999972e+02,6.272730199999999741e+02,-9.012370899999999665e+02,-8.857505400000000009e+02,1.605605600000000188e-01,7.593181499999999687e+03,1.468303799999999937e+00
1.063499999999999943e+02,6.191774500000000216e+02,-9.011997199999999566e+02,-8.859130400000000236e+02,-3.152909400000000056e-02,7.593181499999999687e+03,1.468303799999999937e+00
1.064000000000000057e+02,5.911276000000000295e+02,-9.008646499999999833e+02,-8.862704899999999952e+02,1.753766499999999950e-01,7.593181499999999687e+03,1.468303799999999937e+00
1.064500000000000028e+02,6.151653400000000147e+02,-9.016296200000000454e+02,-8.864419900000000325e+02,5.949160200000000454e-02,7.593181499999999687e+03,1.468303799999999937e+00
1.065000000000000000e+02,6.069681699999999864e+02,-9.014723000000000184e+02,-8.864870600000000422e+02,2.468366700000000080e-01,7.593181499999999687e+03,1.468303799999999937e+00
1.065499999999999972e+02,5.949421800000000076e+02,-9.011508999999999787e+02,-8.864625600000000532e+02,-1.283830499999999986e-01,7.593181499999999687e+03,1.468303799999999937e+00
1.065999999999999943e+02,6.241730900000000020e+02,-9.015243199999999888e+02,-8.861143100000000459e+02,2.296061000000000352e-01,7.593181499999999687e+03,1.468303799999999937e+00
1.066500000000000057e+02,6.040195200000000568e+02,-9.007059900000000425e+02,-8.857935400000000072e+02,4.910263200000000022e-02,7.593181499999999687e+03,1.468303799999999937e+00
1.067000000000000028e+02,6.210918599999999969e+02,-9.009106600000000071e+02,-8.855767200000000230e+02,6.888516299999999926e-02,7.593181499999999687e+03,1.468303799999999937e+00
1.067500000000000000e+02,6.115437100000000328e+02,-9.006210300000000188e+02,-8.855228200000000243e+02,-6.600818500000001088e-02,7.593181499999999687e+03,1.468303799999999937e+00
1.067999999999999972e+02,6.288187000000000353e+02,-9.011412900000000263e+02,-8.856165799999999990e+02,3.324419000000000332e-03,7.593181499999999687e+03,1.468303799999999937e+00
1.068499999999999943e+02,6.255942800000000261e+02,-9.014145499999999629e+02,-8.859694500000000517e+02,2.089508900000000002e-01,7.593181499999999687e+03,1.468303799999999937e+00
1.069000000000000057e+02,5.985926799999999730e+02,-9.015113599999999678e+02,-8.867328899999999976e+02,2.529886199999999974e-01,7.593181499999999687e+03,1.468303799999999937e+00
1.069500000000000028e+02,5.837450900000000047e+02,-9.019785500000000411e+02,-8.875666499999999814e+02,-4.771134800000000065e-02,7.593181499999999687e+03,1.468303799999999937e+00
1.070000000000000000e+02,5.762470799999999826e+02,-9.025933599999999615e+02,-8.883665700000000243e+02,-9.310137500000000010e-02,7.593181499999999687e+03,1.468303799999999937e+00
1.070499999999999972e+02,5.975307400000000371e+02,-9.036281800000000430e+02,-8.888759300000000394e+02,1.400609800000000016e-01,7.593181499999999687e+03,1.468303799999999937e+00
1.070999999999999943e+02,5.533209000000000515e+02,-9.027267000000000507e+02,-8.890659299999999803e+02,1.033443499999999945e-03,7.593181499999999687e+03,1.468303799999999937e+00
1.071500000000000057e+02,5.691427200000000539e+02,-9.028376200000000154e+02,-8.887862400000000207e+02,2.457392300000000029e-01,7.593181499999999687e+03,1.468303799999999937e+00
1.072000000000000028e+02,6.006808099999999513e+02,-9.029406599999999798e+02,-8.881106399999999894e+02,-9.538537000000001098e-02,7.593181499999999687e+03,1.468303799999999937e+00
1.072500000000000000e+02,5.984517600000000357e+02,-9.022618300000000318e+02,-8.874868400000000292e+02,4.155239000000000016e-01,7.593181499999999687e+03,1.468303799999999937e+00
1.072999999999999972e+02,6.250800900000000411e+02,-9.026938199999999597e+02,-8.872614099999999553e+02,-1.316315800000000119e-02,7.593181499999999687e+03,1.468303799999999937e+00
1.073499999999999943e+02,6.310649899999999661e+02,-9.028480700000000070e+02,-8.872679000000000542e+02,-3.884013499999999786e-02,7.593181499999999687e+03,1.468303799999999937e+00
1.074000000000000057e+02,5.966713899999999740e+02,-9.022722199999999475e+02,-8.875411900000000287e+02,1.627313000000000232e-01,7.593181499999999687e+03,1.468303799999999937e+00
1.074500000000000028e+02,5.462315800000000081e+02,-9.012933000000000447e+02,-8.878075599999999667e+02,1.880310800000000171e-01,7.593181499999999687e+03,1.468303799999999937e+00
1.075000000000000000e+02,5.620220600000000104e+02,-9.015359799999999950e+02,-8.876603900000000067e+02,-9.332835000000000436e-02,7.593181499999999687e+03,1.468303799999999937e+00
1.075499999999999972e+02,6.280544099999999617e+02,-9.024676600000000235e+02,-8.869618199999999888e+02,-1.882219599999999937e-02,7.593181499999999687e+03,1.468303799999999937e+00
1.075999999999999943e+02,6.545664900000000443e+02,-9.024275800000000345e+02,-8.862671900000000278e+02,1.924253500000000228e-01,7.593181499999999687e+03,1.468303799999999937e+00
1.076500000000000057e+02,6.228697799999999916e+02,-9.013802100000000337e+02,-8.860023700000000417e+02,-3.085463400000000231e-03,7.593181499999999687e+03,1.468303799999999937e+00
1.077000000000000028e+02,6.445367499999999836e+02,-9.021359200000000556e+02,-8.862231500000000324e+02,2.704801000000000011e-01,7.593181499999999687e+03,1.468303799999999937e+00
1.077500000000000000e+02,5.907586999999999762e+02,-9.017796799999999848e+02,-8.871946199999999862e+02,-4.881366600000000555e-02,7.593181499999999687e+03,1.468303799999999937e+00
1.077999999999999972e+02,5.664225300000000516e+02,-9.022914899999999534e+02,-8.883072600000000421e+02,3.364762000000000586e-01,7.593181499999999687e+03,1.468303799999999937e+00
1.078499999999999943e+02,5.799137100000000373e+02,-9.030936100000000124e+02,-8.887762999999999920e+02,4.633014700000000208e-02,7.593181499999999687e+03,1.468303799999999937e+00
1.079000000000000057e+02,6.095916899999999714e+02,-9.037691999999999553e+02,-8.887191800000000512e+02,1.818559400000000215e-01,7.593181499999999687e+03,1.468303799999999937e+00
1.079500000000000028e+02,5.355414100000000417e+02,-9.016120399999999790e+02,-8.883902199999999993e+02,2.835497699999999788e-01,7.593181499999999687e+03,1.468303799999999937e+00
1.080000000000000000e+02,6.020305600000000368e+02,-9.023576100000000224e+02,-8.874942600000000539e+02,-1.273196300000000170e-01,7.593181499999999687e+03,1.468303799999999937e+00
1.080499999999999972e+02,6.575684499999999844e+02,-9.027149399999999559e+02,-8.864804400000000442e+02,4.900102900000000150e-02,7.593181499999999687e+03,1.468303799999999937e+00
1.080999999999999943e+02,5.928192699999999604e+02,-9.007467699999999695e+02,-8.861108400000000529e+02,1.390178800000000103e-01,7.593181499999999687e+03,1.468303799999999937e+00
1.081500000000000057e+02,6.619762100000000373e+02,-9.024719300000000430e+02,-8.861286099999999806e+02,-3.452233700000000016e-02,7.593181499999999687e+03,1.468303799999999937e+00
1.082000000000000028e+02,6.453401000000000067e+02,-9.025636600000000271e+02,-8.866310600000000477e+02,2.276417800000000158e-01,7.593181499999999687e+03,1.468303799999999937e+00
1.082500000000000000e+02,5.686219700000000330e+02,-9.013274599999999737e+02,-8.872889300000000503e+02,-3.038165000000000310e-02,7.593181499999999687e+03,1.468303799999999937e+00
1.082999999999999972e+02,6.071234899999999470e+02,-9.026245699999999488e+02,-8.876354900000000043e+02,8.238446100000000605e-02,7.593181499999999687e+03,1.468303799999999937e+00
1.083499999999999943e+02,6.207346700000000510e+02,-9.033123500000000377e+02,-8.879872199999999793e+02,1.122029900000000024e-01,7.593181499999999687e+03,1.468303799999999937e+00
1.084000000000000057e+02,6.037053600000000415e+02,-9.032856299999999692e+02,-8.883809400000000096e+02,5.273022999999999599e-02,7.593181499999999687e+03,1.468303799999999937e+00
1.084500000000000028e+02,6.250643800000000283e+02,-9.042150599999999940e+02,-8.887830400000000282e+02,5.404961800000000066e-02,7.593181499999999687e+03,1.468303799999999937e+00
1.085000000000000000e+02,5.523201400000000376e+02,-9.030993499999999585e+02,-8.894632900000000291e+02,-3.998210800000000231e-02,7.593181499999999687e+03,1.468303799999999937e+00
1.085499999999999972e+02,5.107792800000000284e+02,-9.028889900000000353e+02,-8.902785199999999577e+02,2.823132999999999893e-01,7.593181499999999687e+03,1.468303799999999937e+00
1.085999999999999943e+02,5.289667600000000220e+02,-9.038317100000000437e+02,-8.907722199999999475e+02,-3.603251100000000318e-02,7.593181499999999687e+03,1.468303799999999937e+00
1.086500000000000057e+02,5.626014599999999746e+02,-9.043679399999999760e+02,-8.904780500000000529e+02,-1.227091100000000101e-01,7.593181499999999687e+03,1.468303799999999937e+00
1.087000000000000028e+02,5.679738899999999830e+02,-9.033689399999999523e+02,-8.893464099999999917e+02,2.170673499999999922e-01,7.593181499999999687e+03,1.468303799999999937e+00
1.087500000000000000e+02,5.992648100000000113e+02,-9.030036300000000438e+02,-8.882085700000000088e+02,-2.943379500000000044e-03,7.593181499999999687e+03,1.468303799999999937e+00
1.087999999999999972e+02,6.353461399999999912e+02,-9.033945300000000316e+02,-8.877086699999999837e+02,3.445402700000000512e-02,7.593181499999999687e+03,1.468303799999999937e+00
1.088499999999999943e+02,6.307075499999999693e+02,-9.033247199999999566e+02,-8.877533799999999928e+02,-1.091664999999999996e-01,7.593181499999999687e+03,1.468303799999999937e+00
1.089000000000000057e+02,5.729723500000000058e+02,-9.021532700000000204e+02,-8.880073399999999992e+02,-4.165130300000000063e-02,7.593181499999999687e+03,1.468303799999999937e+00
1.089500000000000028e+02,5.652127400000000534e+02,-9.020359099999999444e+02,-8.880815499999999929e+02,-1.395178000000000251e-01,7.593181499999999687e+03,1.468303799999999937e+00
1.090000000000000000e+02,5.857747100000000273e+02,-9.024885299999999688e+02,-8.880265200000000050e+02,1.144929900000000167e-01,7.593181499999999687e+03,1.468303799999999937e+00
1.090499999999999972e+02,5.902767199999999548e+02,-9.023917999999999893e+02,-8.878186399999999594e+02,4.913088700000000503e-02,7.593181499999999687e+03,1.468303799999999937e+00
1.090999999999999943e+02,5.741936600000000226e+02,-9.015570699999999533e+02,-8.873809800000000223e+02,-1.693463500000000066e-01,7.593181499999999687e+03,1.468303799999999937e+00
1.091500000000000057e+02,5.907105999999999995e+02,-9.010437399999999570e+02,-8.864598700000000235e+02,2.409481400000000328e-01,7.593181499999999687e+03,1.468303799999999937e+00
1.092000000000000028e+02,6.394505799999999454e+02,-9.012521900000000414e+02,-8.854649899999999434e+02,3.934100800000000370e-02,7.593181499999999687e+03,1.468303799999999937e+00
1.092500000000000000e+02,6.313498200000000224e+02,-9.004280499999999847e+02,-8.848408500000000458e+02,9.376979800000000143e-02,7.593181499999999687e+03,1.468303799999999937e+00
1.092999999999999972e+02,6.138399500000000444e+02,-8.998045100000000502e+02,-8.846495999999999640e+02,9.687193400000000676e-02,7.593181499999999687e+03,1.468303799999999937e+00
1.093499999999999943e+02,6.343873999999999569e+02,-9.006241499999999860e+02,-8.849619599999999764e+02,4.430613300000000310e-01,7.593181499999999687e+03,1.468303799999999937e+00
1.094000000000000057e+02,6.227982799999999770e+02,-9.012567400000000362e+02,-8.858806700000000092e+02,-3.537054299999999735e-02,7.593181499999999687e+03,1.468303799999999937e+00
1.094500000000000028e+02,6.012141100000000051e+02,-9.017125600000000532e+02,-8.868693799999999783e+02,3.013930100000000167e-01,7.593181499999999687e+03,1.468303799999999937e+00
1.095000000000000000e+02,6.037816500000000133e+02,-9.024385399999999890e+02,-8.875319700000000012e+02,2.740176200000000173e-01,7.593181499999999687e+03,1.468303799999999937e+00
1.095499999999999972e+02,5.928144200000000410e+02,-9.025287399999999707e+02,-8.878929299999999785e+02,6.695575400000000621e-02,7.593181499999999687e+03,1.468303799999999937e+00
1.095999999999999943e+02,5.380289500000000089e+02,-9.013326600000000326e+02,-8.880494300000000294e+02,4.631876000000000326e-01,7.593181499999999687e+03,1.468303799999999937e+00
1.096500000000000057e+02,6.173544900000000553e+02,-9.030699799999999868e+02,-8.878283000000000129e+02,-2.247804700000000100e-02,7.593181499999999687e+03,1.468303799999999937e+00
1.097000000000000028e+02,6.199668299999999590e+02,-9.029387600000000020e+02,-8.876325900000000502e+02,-4.723675700000000421e-02,7.593181499999999687e+03,1.468303799999999937e+00
1.097500000000000000e+02,6.143708800000000565e+02,-9.027014299999999594e+02,-8.875334199999999782e+02,-9.957988700000000581e-02,7.593181499999999687e+03,1.468303799999999937e+00
1.097999999999999972e+02,5.916591799999999921e+02,-9.021649200000000519e+02,-8.875576300000000174e+02,-7.720536499999999802e-02,7.593181499999999687e+03,1.468303799999999937e+00
1.098499999999999943e+02,5.737590000000000146e+02,-9.016513700000000426e+02,-8.874860099999999647e+02,-2.490953200000000090e-01,7.593181499999999687e+03,1.468303799999999937e+00
1.099000000000000057e+02,6.242741600000000517e+02,-9.023907900000000382e+02,-8.869782800000000407e+02,2.135868300000000330e-01,7.593181499999999687e+03,1.468303799999999937e+00
1.099500000000000028e+02,6.685678400000000465e+02,-9.029263200000000325e+02,-8.864202599999999848e+02,-2.744185100000000321e-02,7.593181499999999687e+03,1.468303799999999937e+00
1.100000000000000000e+02,6.280954799999999523e+02,-9.017251800000000230e+02,-8.862183300000000372e+02,9.490841400000001038e-02,7.593181499999999687e+03,1.468303799999999937e+00
1.100499999999999972e+02,6.603043699999999490e+02,-9.025525000000000091e+02,-8.862504500000000007e+02,2.709762700000000191e-01,7.593181499999999687e+03,1.468303799999999937e+00
1.100999999999999943e+02,5.847547100000000455e+02,-9.013907199999999875e+02,-8.869538900000000012e+02,9.824669900000000677e-02,7.593181499999999687e+03,1.468303799999999937e+00
1.101500000000000057e+02,6.220272400000000061e+02,-9.032799499999999853e+02,-8.879229100000000017e+02,1.284339400000000242e-01,7.593181499999999687e+03,1.468303799999999937e+00
1.102000000000000028e+02,5.838392900000000054e+02,-9.033609800000000405e+02,-8.889467600000000402e+02,4.195451700000000367e-02,7.593181499999999687e+03,1.468303799999999937e+00
1.102500000000000000e+02,5.504794399999999541e+02,-9.029085499999999911e+02,-8.893179400000000214e+02,-1.959710400000000130e-01,7.593181499999999687e+03,1.468303799999999937e+00
1.102999999999999972e+02,6.026766599999999698e+02,-9.039506800000000339e+02,-8.890713799999999765e+02,2.297571100000000144e-01,7.593181499999999687e+03,1.468303799999999937e+00
1.103499999999999943e+02,6.222437499999999773e+02,-9.041252100000000382e+02,-8.887628300000000081e+02,-3.022784800000000160e-01,7.593181499999999687e+03,1.468303799999999937e+00
1.104000000000000057e+02,5.480615599999999858e+02,-9.020028800000000047e+02,-8.884719599999999673e+02,2.310917500000000124e-01,7.593181499999999687e+03,1.468303799999999937e+00
1.104500000000000028e+02,6.034158300000000281e+02,-9.026956500000000005e+02,-8.877980999999999767e+02,9.597847400000000806e-02,7.593181499999999687e+03,1.468303799999999937e+00
1.105000000000000000e+02,6.016600300000000061e+02,-9.021105000000000018e+02,-8.872563099999999849e+02,4.351586199999999960e-01,7.593181499999999687e+03,1.468303799999999937e+00
1.105499999999999972e+02,6.244795299999999543e+02,-9.023374800000000278e+02,-8.869198999999999842e+02,-8.790455600000000869e-02,7.593181499999999687e+03,1.468303799999999937e+00
1.105999999999999943e+02,6.339814800000000332e+02,-9.025427600000000439e+02,-8.868905899999999747e+02,2.263643999999999934e-01,7.593181499999999687e+03,1.468303799999999937e+00
1.106500000000000057e+02,6.230422300000000178e+02,-9.025181499999999915e+02,-8.871360499999999547e+02,-3.422614099999999882e-01,7.593181499999999687e+03,1.468303799999999937e+00
1.107000000000000028e+02,6.164906600000000481e+02,-9.025864500000000135e+02,-8.873661100000000488e+02,3.274607400000000279e-01,7.593181499999999687e+03,1.468303799999999937e+00
1.107500000000000000e+02,5.893522400000000516e+02,-9.021070499999999583e+02,-8.875567200000000412e+02,2.044392700000000063e-02,7.593181499999999687e+03,1.468303799999999937e+00
1.107999999999999972e+02,6.159560500000000047e+02,-9.028295299999999770e+02,-8.876223899999999958e+02,2.783443999999999918e-01,7.593181499999999687e+03,1.468303799999999937e+00
1.108499999999999943e+02,5.602206800000000158e+02,-9.016377499999999827e+02,-8.878066400000000158e+02,-4.005934600000000262e-02,7.593181499999999687e+03,1.468303799999999937e+00
1.109000000000000057e+02,5.911547000000000480e+02,-9.024450000000000500e+02,-8.878501599999999598e+02,5.214936400000000360e-02,7.593181499999999687e+03,1.468303799999999937e+00
1.109500000000000028e+02,5.778079599999999800e+02,-9.021690899999999829e+02,-8.879037700000000086e+02,9.704943500000000334e-02,7.593181499999999687e+03,1.468303799999999937e+00
1.110000000000000000e+02,5.939396600000000035e+02,-9.024530899999999747e+02,-8.877894999999999754e+02,-3.347471600000000158e-02,7.593181499999999687e+03,1.468303799999999937e+00
1.110499999999999972e+02,6.120326000000000022e+02,-9.027389799999999696e+02,-8.876286999999999807e+02,1.894533200000000084e-01,7.593181499999999687e+03,1.468303799999999937e+00
1.110999999999999943e+02,5.568664700000000494e+02,-9.013075300000000425e+02,-8.875592299999999568e+02,1.636554100000000012e-01,7.593181499999999687e+03,1.468303799999999937e+00
1.111500000000000057e+02,5.912361899999999650e+02,-9.016167100000000119e+02,-8.870198699999999690e+02,1.967198699999999911e-01,7.593181499999999687e+03,1.468303799999999937e+00
1.112000000000000028e+02,5.877906000000000404e+02,-9.006646500000000515e+02,-8.861528700000000072e+02,-3.405882300000000473e-01,7.593181499999999687e+03,1.468303799999999937e+00
1.112500000000000000e+02,6.603093499999999949e+02,-9.015896500000000060e+02,-8.852874799999999595e+02,5.132991800000000215e-02,7.593181499999999687e+03,1.468303799999999937e+00
1.112999999999999972e+02,6.350761099999999715e+02,-9.006607800000000452e+02,-8.849815800000000081e+02,-1.156614000000000114e-01,7.593181499999999687e+03,1.468303799999999937e+00
1.113499999999999943e+02,6.394067900000000009e+02,-9.008224699999999530e+02,-8.850363499999999704e+02,8.848761800000000399e-02,7.593181499999999687e+03,1.468303799999999937e+00
1.114000000000000057e+02,6.191825800000000299e+02,-9.009824899999999843e+02,-8.856956900000000132e+02,1.003670300000000098e-02,7.593181499999999687e+03,1.468303799999999937e+00
1.114500000000000028e+02,5.839864300000000412e+02,-9.012701899999999569e+02,-8.868523300000000518e+02,-1.675118000000000093e-02,7.593181499999999687e+03,1.468303799999999937e+00
1.115000000000000000e+02,6.117798800000000483e+02,-9.027111400000000003e+02,-8.876070899999999710e+02,-5.297577800000000808e-02,7.593181499999999687e+03,1.468303799999999937e+00
1.115499999999999972e+02,5.927199200000000019e+02,-9.026196300000000292e+02,-8.879861600000000408e+02,4.830408200000000513e-02,7.593181499999999687e+03,1.468303799999999937e+00
1.115999999999999943e+02,5.726018100000000004e+02,-9.021878000000000384e+02,-8.880510100000000193e+02,2.924719800000000203e-01,7.593181499999999687e+03,1.468303799999999937e+00
1.116500000000000057e+02,6.186334500000000389e+02,-9.032063100000000304e+02,-8.879330599999999549e+02,-9.774742999999999626e-02,7.593181499999999687e+03,1.468303799999999937e+00
1.117000000000000028e+02,5.608454699999999775e+02,-9.017931300000000192e+02,-8.879465900000000147e+02,1.528845299999999907e-01,7.593181499999999687e+03,1.468303799999999937e+00
1.117500000000000000e+02,6.202754800000000159e+02,-9.031266799999999648e+02,-8.878128900000000385e+02,3.223874300000000304e-01,7.593181499999999687e+03,1.468303799999999937e+00
1.117999999999999972e+02,5.965377099999999473e+02,-9.022516000000000531e+02,-8.875238600000000133e+02,2.907417899999999999e-01,7.593181499999999687e+03,1.468303799999999937e+00
1.118499999999999943e+02,6.455063999999999851e+02,-9.027286400000000413e+02,-8.867919299999999794e+02,-7.114719900000000818e-02,7.593181499999999687e+03,1.468303799999999937e+00
1.119000000000000057e+02,6.905749899999999570e+02,-9.030614500000000362e+02,-8.860120600000000195e+02,-1.289580400000000203e-02,7.593181499999999687e+03,1.468303799999999937e+00
1.119500000000000028e+02,5.970156100000000379e+02,-9.003872599999999693e+02,-8.856477300000000241e+02,4.289821899999999855e-01,7.593181499999999687e+03,1.468303799999999937e+00
1.120000000000000000e+02,6.237784400000000460e+02,-9.006582300000000032e+02,-8.852579600000000255e+02,2.151534200000000119e-01,7.593181499999999687e+03,1.468303799999999937e+00
1.120499999999999972e+02,6.324877900000000182e+02,-9.005280500000000075e+02,-8.849127600000000484e+02,-2.059931099999999793e-01,7.593181499999999687e+03,1.468303799999999937e+00
1.120999999999999943e+02,6.763399500000000444e+02,-9.014218899999999621e+02,-8.847239499999999452e+02,6.927625500000000880e-02,7.593181499999999687e+03,1.468303799999999937e+00
1.121500000000000057e+02,5.961745100000000548e+02,-9.002497399999999743e+02,-8.855309799999999996e+02,9.834300299999999828e-02,7.593181499999999687e+03,1.468303799999999937e+00
1.122000000000000028e+02,5.826244000000000369e+02,-9.010014700000000403e+02,-8.866172400000000380e+02,-5.619869599999999937e-02,7.593181499999999687e+03,1.468303799999999937e+00
1.122500000000000000e+02,5.910259399999999914e+02,-9.017323099999999840e+02,-8.871406500000000506e+02,-3.624025500000000594e-02,7.593181499999999687e+03,1.468303799999999937e+00
1.122999999999999972e+02,6.569756899999999860e+02,-9.036522899999999936e+02,-8.874324199999999792e+02,2.901783199999999861e-03,7.593181499999999687e+03,1.468303799999999937e+00
1.123499999999999943e+02,6.096874299999999494e+02,-9.031508499999999913e+02,-8.880984700000000203e+02,-1.000368100000000038e-01,7.593181499999999687e+03,1.468303799999999937e+00
1.124000000000000057e+02,6.048034999999999854e+02,-9.036968000000000529e+02,-8.887649900000000116e+02,9.086729200000000228e-02,7.593181499999999687e+03,1.468303799999999937e+00
1.124500000000000028e+02,5.364214100000000371e+02,-9.025213899999999967e+02,-8.892778499999999440e+02,1.890368000000000048e-01,7.593181499999999687e+03,1.468303799999999937e+00
1.125000000000000000e+02,5.601147999999999456e+02,-9.030784400000000005e+02,-8.892499400000000378e+02,2.566119200000000489e-01,7.593181499999999687e+03,1.468303799999999937e+00
1.125499999999999972e+02,5.847098300000000108e+02,-9.034141700000000128e+02,-8.889784499999999525e+02,5.339297000000000487e-02,7.593181499999999687e+03,1.468303799999999937e+00
1.125999999999999943e+02,6.446608599999999569e+02,-9.046215099999999438e+02,-8.887056800000000294e+02,2.296153600000000183e-01,7.593181499999999687e+03,1.468303799999999937e+00
1.126500000000000057e+02,6.203464400000000296e+02,-9.040050400000000081e+02,-8.886894999999999527e+02,3.029535500000000159e-01,7.593181499999999687e+03,1.468303799999999937e+00
1.127000000000000028e+02,5.702967599999999493e+02,-9.027670900000000529e+02,-8.886872100000000501e+02,1.729542300000000143e-01,7.593181499999999687e+03,1.468303799999999937e+00
1.127500000000000000e+02,5.844992300000000114e+02,-9.031032699999999522e+02,-8.886727499999999509e+02,1.172660100000000177e-01,7.593181499999999687e+03,1.468303799999999937e+00
1.127999999999999972e+02,5.668458699999999908e+02,-9.025662200000000439e+02,-8.885715400000000272e+02,-9.631762200000000551e-02,7.593181499999999687e+03,1.468303799999999937e+00
1.128499999999999943e+02,5.803908500000000004e+02,-9.024349499999999580e+02,-8.881058699999999817e+02,-7.300050700000000614e-02,7.593181499999999687e+03,1.468303799999999937e+00
1.129000000000000057e+02,6.096656699999999773e+02,-9.023792999999999438e+02,-8.873274599999999737e+02,-3.669413099999999789e-02,7.593181499999999687e+03,1.468303799999999937e+00
1.129500000000000028e+02,6.583078900000000431e+02,-9.028577599999999848e+02,-8.866050000000000182e+02,3.365821100000000454e-01,7.593181499999999687e+03,1.468303799999999937e+00
1.130000000000000000e+02,6.123515800000000127e+02,-9.016685300000000325e+02,-8.865503800000000183e+02,-6.865569800000000111e-02,7.593181499999999687e+03,1.468303799999999937e+00
1.130499999999999972e+02,6.050414600000000291e+02,-9.016193399999999656e+02,-8.866816599999999653e+02,1.881405800000000017e-01,7.593181499999999687e+03,1.468303799999999937e+00
1.130999999999999943e+02,6.430099800000000414e+02,-9.023960700000000088e+02,-8.865209999999999582e+02,-2.276009300000000346e-01,7.593181499999999687e+03,1.468303799999999937e+00
1.131500000000000057e+02,6.427259299999999484e+02,-9.020716099999999642e+02,-8.862035499999999502e+02,2.958760400000000068e-01,7.593181499999999687e+03,1.468303799999999937e+00
1.132000000000000028e+02,6.163242099999999937e+02,-9.015341600000000426e+02,-8.863179300000000467e+02,-3.216548400000000113e-02,7.593181499999999687e+03,1.468303799999999937e+00
1.132500000000000000e+02,6.203009799999999814e+02,-9.019366499999999860e+02,-8.866222400000000334e+02,2.947537000000000074e-01,7.593181499999999687e+03,1.468303799999999937e+00
1.132999999999999972e+02,6.191261399999999639e+02,-9.022997299999999541e+02,-8.870143100000000231e+02,-8.937336000000001279e-02,7.593181499999999687e+03,1.468303799999999937e+00
1.133499999999999943e+02,5.713749900000000252e+02,-9.017453400000000556e+02,-8.876388399999999592e+02,1.112490100000000093e-01,7.593181499999999687e+03,1.468303799999999937e+00
1.134000000000000057e+02,5.742206700000000410e+02,-9.022981099999999515e+02,-8.881213500000000067e+02,1.026006400000000068e-01,7.593181499999999687e+03,1.468303799999999937e+00
1.134500000000000028e+02,5.742739400000000387e+02,-9.024665300000000343e+02,-8.882884599999999864e+02,1.778403400000000134e-01,7.593181499999999687e+03,1.468303799999999937e+00
1.135000000000000000e+02,5.800758399999999710e+02,-9.025210100000000466e+02,-8.881997000000000071e+02,2.139418500000000445e-01,7.593181499999999687e+03,1.468303799999999937e+00
1.135499999999999972e+02,6.119972400000000334e+02,-9.029047900000000482e+02,-8.877953800000000228e+02,-1.030116299999999929e-01,7.593181499999999687e+03,1.468303799999999937e+00
1.135999999999999943e+02,6.296031199999999899e+02,-9.025426899999999932e+02,-8.869986099999999851e+02,1.706412800000000063e-01,7.593181499999999687e+03,1.468303799999999937e+00
1.136500000000000057e+02,6.543534300000000030e+02,-9.022996100000000297e+02,-8.861444900000000189e+02,2.350653399999999907e-02,7.593181499999999687e+03,1.468303799999999937e+00
1.137000000000000028e+02,6.264170599999999922e+02,-9.013058999999999514e+02,-8.858404799999999568e+02,2.401344500000000270e-01,7.593181499999999687e+03,1.468303799999999937e+00
1.137500000000000000e+02,5.871999499999999443e+02,-9.002517599999999902e+02,-8.857545599999999695e+02,9.088478900000000749e-02,7.593181499999999687e+03,1.468303799999999937e+00
1.137999999999999972e+02,6.370776700000000119e+02,-9.011526499999999942e+02,-8.854240300000000161e+02,2.038922800000000229e-02,7.593181499999999687e+03,1.468303799999999937e+00
1.138499999999999943e+02,6.448799900000000207e+02,-9.009774999999999636e+02,-8.850562599999999520e+02,1.332998700000000147e-01,7.593181499999999687e+03,1.468303799999999937e+00
1.139000000000000057e+02,6.679406400000000303e+02,-9.016049400000000560e+02,-8.851143600000000333e+02,-1.941261299999999870e-02,7.593181499999999687e+03,1.468303799999999937e+00
1.139500000000000028e+02,6.163061699999999519e+02,-9.013265199999999595e+02,-8.861107299999999896e+02,-8.572364500000000109e-02,7.593181499999999687e+03,1.468303799999999937e+00
1.140000000000000000e+02,6.307081399999999576e+02,-9.028909899999999880e+02,-8.873196299999999610e+02,2.786350900000000297e-01,7.593181499999999687e+03,1.468303799999999937e+00
1.140499999999999972e+02,5.918422100000000228e+02,-9.028329599999999573e+02,-8.882211499999999660e+02,-1.385685700000000020e-02,7.593181499999999687e+03,1.468303799999999937e+00
1.140999999999999943e+02,5.783570899999999710e+02,-9.029803399999999556e+02,-8.887014599999999973e+02,2.606385400000000296e-01,7.593181499999999687e+03,1.468303799999999937e+00
1.141500000000000057e+02,5.724695400000000518e+02,-9.030345800000000054e+02,-8.889010500000000548e+02,7.818852400000000837e-04,7.593181499999999687e+03,1.468303799999999937e+00
1.142000000000000028e+02,5.886406100000000379e+02,-9.031899600000000419e+02,-8.886571999999999889e+02,2.468940200000000196e-01,7.593181499999999687e+03,1.468303799999999937e+00
1.142500000000000000e+02,6.321189600000000155e+02,-9.034609299999999621e+02,-8.878547399999999925e+02,2.379498400000000166e-02,7.593181499999999687e+03,1.468303799999999937e+00
1.142999999999999972e+02,6.392209299999999530e+02,-9.028610499999999774e+02,-8.870795200000000023e+02,8.396777800000000680e-02,7.593181499999999687e+03,1.468303799999999937e+00
1.143499999999999943e+02,5.889934200000000146e+02,-9.011679500000000189e+02,-8.866264700000000403e+02,1.263471899999999981e-01,7.593181499999999687e+03,1.468303799999999937e+00
1.144000000000000057e+02,5.938700999999999794e+02,-9.008399100000000317e+02,-8.861780400000000100e+02,2.870806300000000588e-01,7.593181499999999687e+03,1.468303799999999937e+00
1.144500000000000028e+02,5.590698099999999613e+02,-8.995451000000000477e+02,-8.857423999999999751e+02,6.316962200000000860e-02,7.593181499999999687e+03,1.468303799999999937e+00
1.145000000000000000e+02,5.971138099999999440e+02,-8.999367099999999482e+02,-8.851947499999999991e+02,2.698426700000000067e-01,7.593181499999999687e+03,1.468303799999999937e+00
1.145499999999999972e+02,6.449638200000000552e+02,-9.009051600000000235e+02,-8.849818500000000085e+02,2.993750099999999831e-02,7.593181499999999687e+03,1.468303799999999937e+00
1.145999999999999943e+02,6.226469899999999598e+02,-9.006118900000000167e+02,-8.852395500000000084e+02,1.100404500000000119e-01,7.593181499999999687e+03,1.468303799999999937e+00
1.146500000000000057e+02,5.763719099999999571e+02,-8.997335699999999861e+02,-8.855037099999999555e+02,6.079246600000000333e-02,7.593181499999999687e+03,1.468303799999999937e+00
1.147000000000000028e+02,6.514406300000000556e+02,-9.017452399999999670e+02,-8.856620299999999588e+02,8.488043800000000250e-02,7.593181499999999687e+03,1.468303799999999937e+00
1.147500000000000000e+02,5.957236799999999448e+02,-9.007901000000000522e+02,-8.860824699999999439e+02,2.312699400000000072e-01,7.593181499999999687e+03,1.468303799999999937e+00
1.147999999999999972e+02,5.854012699999999541e+02,-9.009777599999999893e+02,-8.865249700000000530e+02,3.939726700000000248e-01,7.593181499999999687e+03,1.468303799999999937e+00
1.148499999999999943e+02,5.957480699999999842e+02,-9.016665799999999535e+02,-8.869583499999999958e+02,1.354058200000000101e-01,7.593181499999999687e+03,1.468303799999999937e+00
1.149000000000000057e+02,5.779202500000000100e+02,-9.015699600000000373e+02,-8.873018700000000081e+02,3.960631900000000094e-01,7.593181499999999687e+03,1.468303799999999937e+00
1.149500000000000028e+02,5.862124599999999646e+02,-9.020864100000000008e+02,-8.876135900000000447e+02,3.387361000000000538e-02,7.593181499999999687e+03,1.468303799999999937e+00
1.150000000000000000e+02,6.184479999999999791e+02,-9.034318500000000540e+02,-8.881631800000000112e+02,1.276561700000000132e-01,7.593181499999999687e+03,1.468303799999999937e+00
1.150499999999999972e+02,5.097040600000000268e+02,-9.017219999999999800e+02,-8.891380799999999454e+02,-1.215264300000000047e-01,7.593181499999999687e+03,1.468303799999999937e+00
1.150999999999999943e+02,5.422273099999999886e+02,-9.030586499999999432e+02,-8.896717700000000377e+02,1.819689300000000010e-01,7.593181499999999687e+03,1.468303799999999937e+00
1.151500000000000057e+02,5.538326299999999947e+02,-9.034028399999999692e+02,-8.897294399999999541e+02,4.373510800000000170e-02,7.593181499999999687e+03,1.468303799999999937e+00
1.152000000000000028e+02,6.033650499999999965e+02,-9.041592200000000048e+02,-8.892629299999999830e+02,8.772686600000000057e-02,7.593181499999999687e+03,1.468303799999999937e+00
1.152500000000000000e+02,6.159606300000000374e+02,-9.033140200000000277e+02,-8.881067600000000084e+02,2.574444100000000124e-01,7.593181499999999687e+03,1.468303799999999937e+00
1.152999999999999972e+02,6.625544499999999744e+02,-9.033097699999999577e+02,-8.869521700000000237e+02,1.821839100000000045e-01,7.593181499999999687e+03,1.468303799999999937e+00
1.153499999999999943e+02,6.579966699999999946e+02,-9.028378900000000158e+02,-8.865928199999999606e+02,-2.179042200000000096e-01,7.593181499999999687e+03,1.468303799999999937e+00
1.154000000000000057e+02,6.084057699999999613e+02,-9.016163999999999987e+02,-8.865956599999999526e+02,2.095587399999999934e-02,7.593181499999999687e+03,1.468303799999999937e+00
1.154500000000000028e+02,6.348079400000000305e+02,-9.021998599999999442e+02,-8.865272899999999936e+02,2.357824300000000428e-01,7.593181499999999687e+03,1.468303799999999937e+00
1.155000000000000000e+02,6.432078000000000202e+02,-9.023848400000000538e+02,-8.865048799999999574e+02,1.407403100000000074e-01,7.593181499999999687e+03,1.468303799999999937e+00
1.155499999999999972e+02,5.846104900000000271e+02,-9.012332199999999602e+02,-8.867999600000000555e+02,-1.540779100000000124e-01,7.593181499999999687e+03,1.468303799999999937e+00
1.155999999999999943e+02,5.910624500000000126e+02,-9.018119199999999864e+02,-8.872193600000000515e+02,3.200793000000000110e-01,7.593181499999999687e+03,1.468303799999999937e+00
1.156500000000000057e+02,5.862848599999999806e+02,-9.025749100000000453e+02,-8.881003100000000359e+02,8.079178800000000327e-02,7.593181499999999687e+03,1.468303799999999937e+00
1.157000000000000028e+02,5.741761299999999437e+02,-9.037903099999999768e+02,-8.896146499999999833e+02,2.787482100000000518e-01,7.593181499999999687e+03,1.468303799999999937e+00
1.157500000000000000e+02,5.403101699999999710e+02,-9.036774900000000343e+02,-8.903379400000000032e+02,1.510045900000000219e-01,7.593181499999999687e+03,1.468303799999999937e+00
1.157999999999999972e+02,5.513771199999999908e+02,-9.039175900000000183e+02,-8.903048199999999497e+02,1.628629000000000049e-01,7.593181499999999687e+03,1.468303799999999937e+00
1.158499999999999943e+02,5.797531400000000303e+02,-9.041486899999999878e+02,-8.898353499999999485e+02,8.774524999999999686e-02,7.593181499999999687e+03,1.468303799999999937e+00
1.159000000000000057e+02,5.872282500000000027e+02,-9.036316500000000360e+02,-8.891337499999999636e+02,-2.838559800000000147e-02,7.593181499999999687e+03,1.468303799999999937e+00
1.159500000000000028e+02,5.866163699999999608e+02,-9.028979799999999614e+02,-8.884151900000000524e+02,6.161151700000000453e-02,7.593181499999999687e+03,1.468303799999999937e+00
1.160000000000000000e+02,5.579852300000000014e+02,-9.014350200000000086e+02,-8.876590899999999920e+02,-1.145937100000000153e-01,7.593181499999999687e+03,1.468303799999999937e+00
1.160499999999999972e+02,6.198663099999999986e+02,-9.022263199999999870e+02,-8.869226400000000012e+02,1.418734300000000226e-01,7.593181499999999687e+03,1.468303799999999937e+00
1.160999999999999943e+02,6.656778600000000097e+02,-9.029206199999999853e+02,-8.864859099999999899e+02,-2.434665800000000019e-02,7.593181499999999687e+03,1.468303799999999937e+00
1.161500000000000057e+02,6.395275699999999688e+02,-9.023966500000000224e+02,-8.866075499999999465e+02,1.924235700000000160e-01,7.593181499999999687e+03,1.468303799999999937e+00
1.162000000000000028e+02,5.941487399999999752e+02,-9.017640199999999595e+02,-8.870952600000000530e+02,-1.916938100000000200e-01,7.593181499999999687e+03,1.468303799999999937e+00
1.162500000000000000e+02,6.053319900000000189e+02,-9.024917400000000498e+02,-8.875468899999999621e+02,3.321279699999999946e-01,7.593181499999999687e+03,1.468303799999999937e+00
1.162999999999999972e+02,5.336856999999999971e+02,-9.010728299999999535e+02,-8.878968300000000227e+02,4.074150000000000688e-02,7.593181499999999687e+03,1.468303799999999937e+00
1.163499999999999943e+02,6.032527199999999539e+02,-9.025780099999999493e+02,-8.876844899999999825e+02,1.004000400000000098e-01,7.593181499999999687e+03,1.468303799999999937e+00
1.164000000000000057e+02,6.090443199999999706e+02,-9.018406599999999571e+02,-8.868041500000000497e+02,-1.026964400000000138e-01,7.593181499999999687e+03,1.468303799999999937e+00
1.164500000000000028e+02,5.993307899999999790e+02,-9.003779600000000300e+02,-8.855812700000000177e+02,3.563827600000000206e-01,7.593181499999999687e+03,1.468303799999999937e+00
1.165000000000000000e+02,6.108596900000000005e+02,-8.997766000000000304e+02,-8.846952800000000252e+02,9.945813800000000149e-02,7.593181499999999687e+03,1.468303799999999937e+00
1.165499999999999972e+02,6.343170999999999822e+02,-9.000834999999999582e+02,-8.844230499999999893e+02,9.586786800000000885e-02,7.593181499999999687e+03,1.468303799999999937e+00
1.165999999999999943e+02,6.597337499999999864e+02,-9.009912500000000364e+02,-8.847032799999999497e+02,1.580752099999999938e-01,7.593181499999999687e+03,1.468303799999999937e+00
1.166500000000000057e+02,6.443570300000000088e+02,-9.013023200000000088e+02,-8.853939900000000307e+02,2.916245600000000326e-01,7.593181499999999687e+03,1.468303799999999937e+00
1.167000000000000028e+02,6.376835600000000568e+02,-9.018811399999999594e+02,-8.861375699999999824e+02,-2.458468399999999901e-02,7.593181499999999687e+03,1.468303799999999937e+00
1.167500000000000000e+02,5.671878600000000006e+02,-9.005854399999999487e+02,-8.865823199999999815e+02,1.771202000000000054e-01,7.593181499999999687e+03,1.468303799999999937e+00
1.167999999999999972e+02,5.956356200000000172e+02,-9.013449500000000398e+02,-8.866394800000000487e+02,2.327701600000000107e-02,7.593181499999999687e+03,1.468303799999999937e+00
1.168499999999999943e+02,6.172508400000000393e+02,-9.019458600000000388e+02,-8.867067500000000564e+02,6.252270899999999576e-02,7.593181499999999687e+03,1.468303799999999937e+00
1.169000000000000057e+02,6.362847199999999930e+02,-9.025950699999999642e+02,-8.868860399999999800e+02,1.295287500000000085e-02,7.593181499999999687e+03,1.468303799999999937e+00
1.169500000000000028e+02,6.087861599999999953e+02,-9.025141499999999724e+02,-8.874840199999999868e+02,1.763117600000000118e-01,7.593181499999999687e+03,1.468303799999999937e+00
1.170000000000000000e+02,5.726775000000000091e+02,-9.025882900000000291e+02,-8.884496400000000449e+02,-1.452344100000000082e-01,7.593181499999999687e+03,1.468303799999999937e+00
1.170499999999999972e+02,5.743860100000000557e+02,-9.032357399999999643e+02,-8.890548999999999751e+02,-1.438920900000000003e-02,7.593181499999999687e+03,1.468303799999999937e+00
1.170999999999999943e+02,5.651772200000000339e+02,-9.032428099999999631e+02,-8.892893299999999499e+02,3.898002799999999990e-02,7.593181499999999687e+03,1.468303799999999937e+00
1.171500000000000057e+02,5.230453099999999722e+02,-9.019555199999999786e+02,-8.890422200000000430e+02,1.670598300000000203e-01,7.593181499999999687e+03,1.468303799999999937e+00
1.172000000000000028e+02,5.474920799999999872e+02,-9.018111099999999851e+02,-8.882942500000000337e+02,1.274662600000000257e-01,7.593181499999999687e+03,1.468303799999999937e+00
1.172500000000000000e+02,5.647436500000000024e+02,-9.016023500000000013e+02,-8.876595700000000306e+02,-5.368041800000000058e-02,7.593181499999999687e+03,1.468303799999999937e+00
1.172999999999999972e+02,5.574246299999999792e+02,-9.008796599999999444e+02,-8.871175799999999754e+02,-1.024656399999999967e-02,7.593181499999999687e+03,1.468303799999999937e+00
1.173499999999999943e+02,6.033363699999999881e+02,-9.014845599999999877e+02,-8.865889799999999923e+02,2.434875400000000023e-01,7.593181499999999687e+03,1.468303799999999937e+00
1.174000000000000057e+02,5.960868500000000267e+02,-9.008203800000000001e+02,-8.861037800000000288e+02,3.379935400000000367e-02,7.593181499999999687e+03,1.468303799999999937e+00
1.174500000000000028e+02,6.321142599999999447e+02,-9.013039199999999482e+02,-8.856978500000000167e+02,2.300375300000000178e-02,7.593181499999999687e+03,1.468303799999999937e+00
1.175000000000000000e+02,6.595765499999999975e+02,-9.020898700000000190e+02,-8.858057900000000018e+02,3.340179300000000184e-01,7.593181499999999687e+03,1.468303799999999937e+00
1.175499999999999972e+02,6.082091299999999592e+02,-9.014236200000000281e+02,-8.864077300000000150e+02,-2.986666299999999885e-01,7.593181499999999687e+03,1.468303799999999937e+00
1.175999999999999943e+02,5.649290200000000368e+02,-9.011868799999999737e+02,-8.872395299999999452e+02,2.378071500000000227e-01,7.593181499999999687e+03,1.468303799999999937e+00
1.176500000000000057e+02,5.686680900000000065e+02,-9.020206100000000333e+02,-8.879809400000000323e+02,2.175974600000000203e-01,7.593181499999999687e+03,1.468303799999999937e+00
1.177000000000000028e+02,5.608323599999999942e+02,-9.021977600000000166e+02,-8.883515499999999747e+02,1.400888600000000095e-01,7.593181499999999687e+03,1.468303799999999937e+00
1.177500000000000000e+02,5.925447599999999966e+02,-9.029990999999999985e+02,-8.883699400000000423e+02,2.289592299999999858e-02,7.593181499999999687e+03,1.468303799999999937e+00
1.177999999999999972e+02,5.804538800000000265e+02,-9.024439099999999598e+02,-8.881132700000000568e+02,-9.837889699999999293e-02,7.593181499999999687e+03,1.468303799999999937e+00
1.178499999999999943e+02,5.805136199999999462e+02,-9.016332400000000007e+02,-8.873011199999999690e+02,1.370731399999999822e-01,7.593181499999999687e+03,1.468303799999999937e+00
1.179000000000000057e+02,6.027664399999999887e+02,-9.010383600000000115e+02,-8.861568499999999631e+02,-2.527046400000000359e-01,7.593181499999999687e+03,1.468303799999999937e+00
1.179500000000000028e+02,6.355310500000000502e+02,-9.010117900000000191e+02,-8.853213600000000270e+02,1.982829799999999976e-01,7.593181499999999687e+03,1.468303799999999937e+00
1.180000000000000000e+02,6.719968199999999570e+02,-9.014882800000000316e+02,-8.848975599999999986e+02,1.121509100000000064e-01,7.593181499999999687e+03,1.468303799999999937e+00
1.180499999999999972e+02,5.996698599999999715e+02,-8.999764499999999998e+02,-8.851713899999999740e+02,-2.547113500000000325e-03,7.593181499999999687e+03,1.468303799999999937e+00
1.180999999999999943e+02,5.716630599999999731e+02,-8.999443700000000490e+02,-8.858307600000000548e+02,1.560163500000000258e-01,7.593181499999999687e+03,1.468303799999999937e+00
1.181500000000000057e+02,6.219604299999999739e+02,-9.018168399999999565e+02,-8.864614500000000135e+02,-2.879840500000000261e-02,7.593181499999999687e+03,1.468303799999999937e+00
1.182000000000000028e+02,5.850521800000000212e+02,-9.015791299999999637e+02,-8.871349599999999782e+02,1.765713800000000000e-01,7.593181499999999687e+03,1.468303799999999937e+00
1.182500000000000000e+02,6.177087900000000218e+02,-9.027441700000000537e+02,-8.874937499999999773e+02,-1.246074100000000157e-01,7.593181499999999687e+03,1.468303799999999937e+00
1.182999999999999972e+02,5.916407500000000255e+02,-9.025838300000000345e+02,-8.879769999999999754e+02,2.902360499999999677e-01,7.593181499999999687e+03,1.468303799999999937e+00
1.183499999999999943e+02,5.592242300000000341e+02,-9.026459399999999960e+02,-8.888394299999999930e+02,-6.998423200000000732e-02,7.593181499999999687e+03,1.468303799999999937e+00
1.184000000000000057e+02,5.237352499999999509e+02,-9.029676100000000361e+02,-8.900372700000000350e+02,7.020973900000000711e-02,7.593181499999999687e+03,1.468303799999999937e+00
1.184500000000000028e+02,5.223364800000000514e+02,-9.035307500000000118e+02,-8.906349400000000287e+02,-3.002164200000000394e-01,7.593181499999999687e+03,1.468303799999999937e+00
1.185000000000000000e+02,5.067844900000000052e+02,-9.028139899999999898e+02,-8.903021400000000085e+02,2.945511300000000152e-02,7.593181499999999687e+03,1.468303799999999937e+00
1.185499999999999972e+02,5.775960199999999531e+02,-9.034150100000000521e+02,-8.891549199999999473e+02,2.008979200000000076e-01,7.593181499999999687e+03,1.468303799999999937e+00
1.185999999999999943e+02,5.360103100000000040e+02,-9.016977799999999661e+02,-8.884643899999999803e+02,2.494997700000000096e-01,7.593181499999999687e+03,1.468303799999999937e+00
1.186500000000000057e+02,5.758287500000000136e+02,-9.021797500000000127e+02,-8.879632900000000291e+02,1.909686299999999951e-03,7.593181499999999687e+03,1.468303799999999937e+00
1.187000000000000028e+02,6.330881799999999657e+02,-9.030819400000000314e+02,-8.874518199999999979e+02,1.822464099999999976e-01,7.593181499999999687e+03,1.468303799999999937e+00
1.187500000000000000e+02,6.317554699999999457e+02,-9.026941900000000487e+02,-8.870969700000000557e+02,-1.890074000000000198e-01,7.593181499999999687e+03,1.468303799999999937e+00
1.187999999999999972e+02,6.354499299999999948e+02,-9.027167500000000473e+02,-8.870283299999999826e+02,1.650170300000000090e-01,7.593181499999999687e+03,1.468303799999999937e+00
1.188499999999999943e+02,5.843110900000000356e+02,-9.015996699999999464e+02,-8.871738000000000284e+02,-1.124773899999999965e-01,7.593181499999999687e+03,1.468303799999999937e+00
1.189000000000000057e+02,5.997943599999999833e+02,-9.019841999999999871e+02,-8.871760699999999815e+02,1.062308200000000036e-01,7.593181499999999687e+03,1.468303799999999937e+00
1.189500000000000028e+02,6.329959599999999682e+02,-9.027012399999999843e+02,-8.870734099999999671e+02,4.162765300000000057e-02,7.593181499999999687e+03,1.468303799999999937e+00
1.190000000000000000e+02,5.724819599999999582e+02,-9.012566199999999981e+02,-8.871227900000000091e+02,-3.745272599999999730e-01,7.593181499999999687e+03,1.468303799999999937e+00
1.190499999999999972e+02,6.110801800000000412e+02,-9.021965099999999893e+02,-8.871097499999999627e+02,2.797054999999999958e-01,7.593181499999999687e+03,1.468303799999999937e+00
1.190999999999999943e+02,6.100771200000000363e+02,-9.024361800000000358e+02,-8.873741800000000239e+02,-3.038964500000000332e-02,7.593181499999999687e+03,1.468303799999999937e+00
1.191500000000000057e+02,6.271690700000000334e+02,-9.032138599999999542e+02,-8.877298799999999801e+02,2.941972300000000318e-01,7.593181499999999687e+03,1.468303799999999937e+00
1.192000000000000028e+02,5.868950300000000198e+02,-9.027604499999999916e+02,-8.882707799999999452e+02,-4.939734999999999959e-02,7.593181499999999687e+03,1.468303799999999937e+00
1.192500000000000000e+02,5.228182000000000471e+02,-9.015517999999999574e+02,-8.886441099999999551e+02,9.635788000000000686e-02,7.593181499999999687e+03,1.468303799999999937e+00
1.192999999999999972e+02,5.714084900000000289e+02,-9.023930400000000418e+02,-8.882857199999999693e+02,1.535798899999999967e-01,7.593181499999999687e+03,1.468303799999999937e+00
1.193499999999999943e+02,6.043310800000000427e+02,-9.024293199999999615e+02,-8.875091800000000148e+02,2.904540800000000589e-01,7.593181499999999687e+03,1.468303799999999937e+00
1.194000000000000057e+02,6.805450700000000097e+02,-9.035493800000000419e+02,-8.867476199999999835e+02,-2.312136399999999981e-01,7.593181499999999687e+03,1.468303799999999937e+00
1.194500000000000028e+02,6.361352600000000166e+02,-9.022530199999999923e+02,-8.865476700000000392e+02,2.146566400000000374e-01,7.593181499999999687e+03,1.468303799999999937e+00
1.195000000000000000e+02,5.936027699999999641e+02,-9.015576800000000048e+02,-8.869024100000000317e+02,-3.916348900000000133e-01,7.593181499999999687e+03,1.468303799999999937e+00
1.195499999999999972e+02,5.762391000000000076e+02,-9.019996399999999994e+02,-8.877730500000000120e+02,4.025316300000000291e-01,7.593181499999999687e+03,1.468303799999999937e+00
1.195999999999999943e+02,5.507855799999999817e+02,-9.025258599999999660e+02,-8.889276800000000094e+02,-2.694021999999999806e-01,7.593181499999999687e+03,1.468303799999999937e+00
1.196500000000000057e+02,5.960561099999999897e+02,-9.042044600000000401e+02,-8.894886199999999690e+02,-4.068766299999999891e-02,7.593181499999999687e+03,1.468303799999999937e+00
1.197000000000000028e+02,5.519559199999999919e+02,-9.032708400000000211e+02,-8.896437700000000177e+02,1.951106699999999999e-02,7.593181499999999687e+03,1.468303799999999937e+00
1.197500000000000000e+02,5.539074500000000398e+02,-9.029643099999999549e+02,-8.892890599999999495e+02,-8.288510500000000059e-02,7.593181499999999687e+03,1.468303799999999937e+00
1.197999999999999972e+02,5.948280999999999494e+02,-9.030492100000000164e+02,-8.883636800000000449e+02,-7.354401700000000319e-02,7.593181499999999687e+03,1.468303799999999937e+00
1.198499999999999943e+02,5.972294799999999668e+02,-9.021950399999999490e+02,-8.874502300000000332e+02,-2.218450200000000178e-02,7.593181499999999687e+03,1.468303799999999937e+00
1.199000000000000057e+02,6.110406000000000404e+02,-9.021904100000000426e+02,-8.871046199999999544e+02,2.350185000000000295e-03,7.593181499999999687e+03,1.468303799999999937e+00
1.199500000000000028e+02,5.431711900000000242e+02,-9.002403199999999970e+02,-8.868301400000000285e+02,9.609860700000000255e-02,7.593181499999999687e+03,1.468303799999999937e+00
1.200000000000000000e+02,6.191256799999999885e+02,-9.015209700000000339e+02,-8.862355700000000525e+02,5.183628099999999794e-02,7.593181499999999687e+03,1.468303799999999937e+00
1.200499999999999972e+02,5.991558199999999488e+02,-9.005668399999999565e+02,-8.857744599999999764e+02,2.408026899999999859e-01,7.593181499999999687e+03,1.468303799999999937e+00
1.200999999999999943e+02,6.166857300000000350e+02,-9.005720300000000407e+02,-8.853468699999999671e+02,1.015154300000000037e-01,7.593181499999999687e+03,1.468303799999999937e+00
1.201500000000000057e+02,6.034353099999999586e+02,-8.999110299999999825e+02,-8.850130100000000084e+02,-6.836941600000000230e-02,7.593181499999999687e+03,1.468303799999999937e+00
1.202000000000000028e+02,6.461534400000000460e+02,-9.007428499999999758e+02,-8.847901699999999892e+02,-1.487312600000000040e-02,7.593181499999999687e+03,1.468303799999999937e+00
1.202500000000000000e+02,5.757601399999999785e+02,-8.992668300000000272e+02,-8.850520699999999579e+02,6.535476700000000805e-02,7.593181499999999687e+03,1.468303799999999937e+00
1.202999999999999972e+02,6.039076900000000023e+02,-9.008731199999999717e+02,-8.859634300000000167e+02,9.203690199999999845e-05,7.593181499999999687e+03,1.468303799999999937e+00
1.203499999999999943e+02,5.824540200000000141e+02,-9.014214500000000498e+02,-8.870414299999999912e+02,1.831060600000000149e-01,7.593181499999999687e+03,1.468303799999999937e+00
1.204000000000000057e+02,5.773428400000000238e+02,-9.019235099999999647e+02,-8.876696699999999964e+02,-1.070262099999999966e-01,7.593181499999999687e+03,1.468303799999999937e+00
1.204500000000000028e+02,5.797340199999999868e+02,-9.021992699999999559e+02,-8.878863999999999805e+02,8.642409500000000633e-02,7.593181499999999687e+03,1.468303799999999937e+00
1.205000000000000000e+02,5.889526499999999487e+02,-9.023519499999999880e+02,-8.878114900000000489e+02,-1.738298900000000147e-02,7.593181499999999687e+03,1.468303799999999937e+00
1.205499999999999972e+02,6.289690799999999626e+02,-9.030922600000000102e+02,-8.875638400000000274e+02,9.024819600000000275e-02,7.593181499999999687e+03,1.468303799999999937e+00
1.205999999999999943e+02,6.286152299999999968e+02,-9.029900499999999965e+02,-8.874703600000000279e+02,-2.073737200000000114e-01,7.593181499999999687e+03,1.468303799999999937e+00
1.206500000000000057e+02,6.125406100000000151e+02,-9.027937200000000075e+02,-8.876708999999999605e+02,-2.287322900000000325e-01,7.593181499999999687e+03,1.468303799999999937e+00
1.207000000000000028e+02,5.644340799999999945e+02,-9.018868700000000445e+02,-8.879517299999999977e+02,-1.238058199999999970e-01,7.593181499999999687e+03,1.468303799999999937e+00
1.207500000000000000e+02,5.717230799999999817e+02,-9.022439900000000534e+02,-8.881288899999999558e+02,1.327313200000000172e-02,7.593181499999999687e+03,1.468303799999999937e+00
1.207999999999999972e+02,5.835682000000000471e+02,-9.023809599999999591e+02,-8.879734300000000076e+02,-1.018917299999999929e-02,7.593181499999999687e+03,1.468303799999999937e+00
1.208499999999999943e+02,5.817843199999999797e+02,-9.017695400000000063e+02,-8.874060500000000502e+02,1.462727500000000069e-01,7.593181499999999687e+03,1.468303799999999937e+00
1.209000000000000057e+02,6.297114400000000387e+02,-9.021164400000000114e+02,-8.865696900000000369e+02,1.231494300000000180e-01,7.593181499999999687e+03,1.468303799999999937e+00
1.209500000000000028e+02,6.260943800000000010e+02,-9.012532499999999800e+02,-8.857957999999999856e+02,1.106492800000000026e-01,7.593181499999999687e+03,1.468303799999999937e+00
1.210000000000000000e+02,6.077840300000000298e+02,-9.004118799999999965e+02,-8.854064899999999625e+02,-3.410974299999999793e-01,7.593181499999999687e+03,1.468303799999999937e+00
1.210499999999999972e+02,6.680612399999999980e+02,-9.018331299999999828e+02,-8.853395699999999806e+02,2.127271900000000382e-01,7.593181499999999687e+03,1.468303799999999937e+00
1.210999999999999943e+02,6.008988699999999881e+02,-9.008114000000000487e+02,-8.859759900000000243e+02,-2.287855700000000214e-01,7.593181499999999687e+03,1.468303799999999937e+00
1.211500000000000057e+02,5.534522500000000491e+02,-9.004948399999999538e+02,-8.868308299999999917e+02,-2.036786299999999994e-02,7.593181499999999687e+03,1.468303799999999937e+00
1.212000000000000028e+02,5.976734199999999646e+02,-9.022944599999999582e+02,-8.875386899999999741e+02,-2.015710800000000136e-01,7.593181499999999687e+03,1.468303799999999937e+00
1.212500000000000000e+02,5.565828299999999444e+02,-9.020862899999999627e+02,-8.883449900000000525e+02,7.707714899999999758e-02,7.593181499999999687e+03,1.468303799999999937e+00
1.212999999999999972e+02,5.108040899999999738e+02,-9.018366600000000517e+02,-8.892255699999999479e+02,2.651934200000000130e-01,7.593181499999999687e+03,1.468303799999999937e+00
1.213499999999999943e+02,4.803375500000000216e+02,-9.016417900000000145e+02,-8.897828799999999774e+02,-1.330547200000000152e-01,7.593181499999999687e+03,1.468303799999999937e+00
1.214000000000000057e+02,5.287664700000000266e+02,-9.027317299999999705e+02,-8.896771800000000212e+02,3.256802300000000150e-01,7.593181499999999687e+03,1.468303799999999937e+00
1.214500000000000028e+02,5.738680600000000140e+02,-9.027863700000000335e+02,-8.886183200000000397e+02,-1.206514100000000145e-01,7.593181499999999687e+03,1.468303799999999937e+00
1.215000000000000000e+02,5.832650899999999865e+02,-9.016884400000000142e+02,-8.872883900000000494e+02,-6.267906000000000866e-02,7.593181499999999687e+03,1.468303799999999937e+00
1.215499999999999972e+02,6.124394999999999527e+02,-9.018146000000000413e+02,-8.866942800000000489e+02,-1.061537100000000122e-01,7.593181499999999687e+03,1.468303799999999937e+00
1.215999999999999943e+02,6.417478499999999713e+02,-9.024226899999999887e+02,-8.865787800000000516e+02,1.474244300000000091e-02,7.593181499999999687e+03,1.468303799999999937e+00
1.216500000000000057e+02,6.243687200000000530e+02,-9.024017099999999800e+02,-8.869868699999999535e+02,1.885230300000000081e-01,7.593181499999999687e+03,1.468303799999999937e+00
1.217000000000000028e+02,5.670480800000000272e+02,-9.016811800000000403e+02,-8.876815100000000029e+02,-2.492562700000000020e-01,7.593181499999999687e+03,1.468303799999999937e+00
1.217500000000000000e+02,5.926316000000000486e+02,-9.027834500000000162e+02,-8.881521599999999808e+02,1.386231300000000111e-01,7.593181499999999687e+03,1.468303799999999937e+00
1.217999999999999972e+02,5.884659900000000334e+02,-9.030407400000000280e+02,-8.885122900000000072e+02,-2.147917800000000155e-01,7.593181499999999687e+03,1.468303799999999937e+00
1.218499999999999943e+02,5.490087399999999889e+02,-9.022441199999999526e+02,-8.886898200000000543e+02,4.561839600000000550e-02,7.593181499999999687e+03,1.468303799999999937e+00
1.219000000000000057e+02,5.620293699999999717e+02,-9.021295999999999822e+02,-8.882538299999999936e+02,-1.653482600000000247e-01,7.593181499999999687e+03,1.468303799999999937e+00
1.219500000000000028e+02,6.627853999999999814e+02,-9.031642799999999625e+02,-8.868009799999999814e+02,9.829729200000000833e-02,7.593181499999999687e+03,1.468303799999999937e+00
1.220000000000000000e+02,6.084751499999999851e+02,-9.010335400000000163e+02,-8.860110799999999927e+02,-1.415713299999999883e-02,7.593181499999999687e+03,1.468303799999999937e+00
1.220499999999999972e+02,6.652943599999999833e+02,-9.022008700000000090e+02,-8.857756299999999783e+02,8.979127200000000530e-02,7.593181499999999687e+03,1.468303799999999937e+00
1.220999999999999943e+02,6.253613500000000158e+02,-9.017553100000000086e+02,-8.863159600000000182e+02,1.411497300000000010e-01,7.593181499999999687e+03,1.468303799999999937e+00
1.221500000000000057e+02,6.483605199999999513e+02,-9.032333700000000363e+02,-8.872261999999999489e+02,7.965454800000000557e-02,7.593181499999999687e+03,1.468303799999999937e+00
1.222000000000000028e+02,5.956241400000000112e+02,-9.028092699999999695e+02,-8.881040900000000420e+02,1.202637099999999959e-01,7.593181499999999687e+03,1.468303799999999937e+00
1.222500000000000000e+02,5.581262199999999893e+02,-9.021568300000000136e+02,-8.883774200000000292e+02,3.489574499999999885e-02,7.593181499999999687e+03,1.468303799999999937e+00
1.222999999999999972e+02,6.049027200000000448e+02,-9.031926899999999705e+02,-8.882584399999999505e+02,-2.567738400000000309e-01,7.593181499999999687e+03,1.468303799999999937e+00
1.223499999999999943e+02,5.794702399999999898e+02,-9.024407599999999547e+02,-8.881344000000000278e+02,-3.039470600000000397e-02,7.593181499999999687e+03,1.468303799999999937e+00
1.224000000000000057e+02,5.305206899999999450e+02,-9.007622400000000198e+02,-8.876643900000000258e+02,-4.421841700000000812e-03,7.593181499999999687e+03,1.468303799999999937e+00
1.224500000000000028e+02,6.499799600000000055e+02,-9.025560199999999895e+02,-8.865088700000000017e+02,-3.494521999999999906e-02,7.593181499999999687e+03,1.468303799999999937e+00
1.225000000000000000e+02,6.272882600000000366e+02,-9.015298299999999472e+02,-8.860429000000000315e+02,-1.284857100000000030e-01,7.593181499999999687e+03,1.468303799999999937e+00
1.225499999999999972e+02,6.113073500000000422e+02,-9.010990399999999454e+02,-8.860066600000000108e+02,3.096549600000000207e-02,7.593181499999999687e+03,1.468303799999999937e+00
1.225999999999999943e+02,6.220599899999999707e+02,-9.016891299999999774e+02,-8.863312899999999672e+02,-2.133720800000000195e-01,7.593181499999999687e+03,1.468303799999999937e+00
1.226500000000000057e+02,6.202893299999999499e+02,-9.021429399999999532e+02,-8.868288099999999758e+02,-1.879078600000000099e-01,7.593181499999999687e+03,1.468303799999999937e+00
1.227000000000000028e+02,6.109666899999999714e+02,-9.023935599999999795e+02,-8.873096000000000458e+02,-1.067785000000000123e-01,7.593181499999999687e+03,1.468303799999999937e+00
1.227500000000000000e+02,6.019640900000000556e+02,-9.024734899999999698e+02,-8.876117900000000418e+02,2.110822000000000254e-01,7.593181499999999687e+03,1.468303799999999937e+00
1.227999999999999972e+02,5.946004400000000487e+02,-9.023132799999999634e+02,-8.876333799999999883e+02,8.679051299999999969e-02,7.593181499999999687e+03,1.468303799999999937e+00
1.228499999999999943e+02,6.052785599999999704e+02,-9.023831999999999880e+02,-8.874396699999999782e+02,-3.800746099999999794e-01,7.593181499999999687e+03,1.468303799999999937e+00
1.229000000000000057e+02,6.071813300000000027e+02,-9.018510999999999740e+02,-8.868605900000000020e+02,8.382251400000000421e-03,7.593181499999999687e+03,1.468303799999999937e+00
1.229500000000000028e+02,5.936221799999999575e+02,-9.002670200000000023e+02,-8.856112699999999904e+02,-2.099512299999999887e-01,7.593181499999999687e+03,1.468303799999999937e+00
1.230000000000000000e+02,6.779577900000000454e+02,-9.013133900000000267e+02,-8.845755000000000337e+02,2.725659400000000065e-01,7.593181499999999687e+03,1.468303799999999937e+00
1.230499999999999972e+02,6.571916599999999562e+02,-9.008174699999999575e+02,-8.845922699999999850e+02,-2.116104899999999844e-01,7.593181499999999687e+03,1.468303799999999937e+00
1.230999999999999943e+02,6.485381999999999607e+02,-9.014876600000000053e+02,-8.854760999999999740e+02,1.035691499999999987e-01,7.593181499999999687e+03,1.468303799999999937e+00
1.231500000000000057e+02,6.508995499999999765e+02,-9.026544599999999718e+02,-8.865846099999999979e+02,1.669673500000000144e-01,7.593181499999999687e+03,1.468303799999999937e+00
1.232000000000000028e+02,6.230358800000000201e+02,-9.029208800000000110e+02,-8.875389400000000251e+02,6.670488700000000437e-02,7.593181499999999687e+03,1.468303799999999937e+00
1.232500000000000000e+02,6.368330899999999701e+02,-9.039255299999999806e+02,-8.882029499999999871e+02,-7.571108299999999847e-02,7.593181499999999687e+03,1.468303799999999937e+00
1.232999999999999972e+02,5.915451399999999467e+02,-9.033659000000000106e+02,-8.887614200000000437e+02,2.111797599999999941e-01,7.593181499999999687e+03,1.468303799999999937e+00
1.233499999999999943e+02,5.938914300000000139e+02,-9.036711299999999483e+02,-8.890087300000000141e+02,-8.025990399999999303e-02,7.593181499999999687e+03,1.468303799999999937e+00
1.234000000000000057e+02,5.527672199999999521e+02,-9.027184099999999489e+02,-8.890713200000000143e+02,1.049623700000000132e-01,7.593181499999999687e+03,1.468303799999999937e+00
1.234500000000000028e+02,5.690607300000000350e+02,-9.026983099999999922e+02,-8.886489500000000135e+02,-2.634223299999999962e-02,7.593181499999999687e+03,1.468303799999999937e+00
1.235000000000000000e+02,6.123560199999999440e+02,-9.026381800000000339e+02,-8.875199099999999817e+02,-1.709897800000000079e-01,7.593181499999999687e+03,1.468303799999999937e+00
1.235499999999999972e+02,6.223927700000000414e+02,-9.018262999999999465e+02,-8.864602399999999989e+02,2.601574300000000228e-01,7.593181499999999687e+03,1.468303799999999937e+00
1.235999999999999943e+02,5.936278899999999794e+02,-9.007615899999999556e+02,-8.861056999999999562e+02,1.644072300000000153e-01,7.593181499999999687e+03,1.468303799999999937e+00
1.236500000000000057e+02,5.851572300000000268e+02,-9.005265000000000555e+02,-8.860797300000000405e+02,2.343133200000000263e-02,7.593181499999999687e+03,1.468303799999999937e+00
1.237000000000000028e+02,6.025808899999999539e+02,-9.011165200000000368e+02,-8.862395900000000211e+02,-8.297510300000000838e-02,7.593181499999999687e+03,1.468303799999999937e+00
1.237500000000000000e+02,5.832401399999999967e+02,-9.009833399999999983e+02,-8.865839099999999462e+02,5.574748799999999782e-02,7.593181499999999687e+03,1.468303799999999937e+00
1.237999999999999972e+02,5.998024199999999837e+02,-9.018606600000000526e+02,-8.870523200000000088e+02,-4.288627100000000185e-03,7.593181499999999687e+03,1.468303799999999937e+00
1.238499999999999943e+02,5.959353200000000470e+02,-9.025083100000000513e+02,-8.877954499999999598e+02,1.363456400000000006e-03,7.593181499999999687e+03,1.468303799999999937e+00
1.239000000000000057e+02,5.799061299999999619e+02,-9.030421599999999671e+02,-8.887250400000000354e+02,-1.506423900000000149e-01,7.593181499999999687e+03,1.468303799999999937e+00
1.239500000000000028e+02,5.585990399999999454e+02,-9.032567000000000235e+02,-8.894656199999999444e+02,1.884539900000000157e-01,7.593181499999999687e+03,1.468303799999999937e+00
1.240000000000000000e+02,5.265014599999999518e+02,-9.025959199999999782e+02,-8.895972900000000436e+02,-3.538296400000000286e-02,7.593181499999999687e+03,1.468303799999999937e+00
1.240499999999999972e+02,6.011720500000000129e+02,-9.038795999999999822e+02,-8.890374500000000353e+02,4.550320500000000212e-01,7.593181499999999687e+03,1.468303799999999937e+00
1.240999999999999943e+02,5.751229200000000219e+02,-9.023472100000000182e+02,-8.881481800000000248e+02,-5.064943900000000720e-01,7.593181499999999687e+03,1.468303799999999937e+00
1.241500000000000057e+02,5.994528000000000247e+02,-9.021753899999999931e+02,-8.873756899999999632e+02,2.718246599999999957e-01,7.593181499999999687e+03,1.468303799999999937e+00
1.242000000000000028e+02,5.693410400000000209e+02,-9.012281299999999646e+02,-8.871718499999999494e+02,-1.947510499999999950e-02,7.593181499999999687e+03,1.468303799999999937e+00
1.242500000000000000e+02,6.248409199999999828e+02,-9.024941599999999653e+02,-8.870676600000000462e+02,-7.825057900000001454e-02,7.593181499999999687e+03,1.468303799999999937e+00
1.242999999999999972e+02,6.409303499999999758e+02,-9.031234399999999596e+02,-8.872997100000000046e+02,7.799002600000000396e-02,7.593181499999999687e+03,1.468303799999999937e+00
1.243499999999999943e+02,5.993777999999999793e+02,-9.025988499999999704e+02,-8.878010000000000446e+02,-1.915612100000000095e-01,7.593181499999999687e+03,1.468303799999999937e+00
1.244000000000000057e+02,6.016858099999999467e+02,-9.031079399999999850e+02,-8.882531000000000176e+02,6.247483300000000739e-02,7.593181499999999687e+03,1.468303799999999937e+00
1.244500000000000028e+02,5.632381599999999935e+02,-9.024852200000000266e+02,-8.885796100000000024e+02,-3.792572000000000165e-01,7.593181499999999687e+03,1.468303799999999937e+00
1.245000000000000000e+02,5.630850599999999986e+02,-9.024737099999999828e+02,-8.885718799999999646e+02,-6.222520500000000565e-02,7.593181499999999687e+03,1.468303799999999937e+00
1.245499999999999972e+02,5.756339699999999766e+02,-9.024344300000000203e+02,-8.882227799999999434e+02,-2.972816799999999926e-01,7.593181499999999687e+03,1.468303799999999937e+00
1.245999999999999943e+02,6.131302799999999706e+02,-9.026423300000000154e+02,-8.875049400000000333e+02,2.946532000000000318e-02,7.593181499999999687e+03,1.468303799999999937e+00
1.246500000000000057e+02,5.727060099999999920e+02,-9.007454300000000558e+02,-8.866060700000000452e+02,-7.393172099999999539e-03,7.593181499999999687e+03,1.468303799999999937e+00
1.247000000000000028e+02,6.721662000000000035e+02,-9.022810200000000123e+02,-8.856861199999999599e+02,2.324458400000000147e-01,7.593181499999999687e+03,1.468303799999999937e+00
1.247500000000000000e+02,6.522267799999999625e+02,-9.014930900000000520e+02,-8.853904599999999618e+02,1.166964999999999947e-01,7.593181499999999687e+03,1.468303799999999937e+00
1.247999999999999972e+02,6.946200499999999920e+02,-9.027607799999999543e+02,-8.856115200000000414e+02,2.549001499999999920e-01,7.593181499999999687e+03,1.468303799999999937e+00
1.248499999999999943e+02,6.416289500000000317e+02,-9.024120000000000346e+02,-8.865710199999999759e+02,1.430084199999999972e-01,7.593181499999999687e+03,1.468303799999999937e+00
1.249000000000000057e+02,5.873553799999999683e+02,-9.018027799999999843e+02,-8.873017399999999952e+02,2.929080599999999909e-02,7.593181499999999687e+03,1.468303799999999937e+00
1.249500000000000028e+02,6.065325000000000273e+02,-9.025304099999999607e+02,-8.875559200000000146e+02,3.304499400000000531e-01,7.593181499999999687e+03,1.468303799999999937e+00
1.250000000000000000e+02,6.180637000000000398e+02,-9.029497099999999818e+02,-8.876905299999999670e+02,-1.274555599999999955e-01,7.593181499999999687e+03,1.468303799999999937e+00
1.250499999999999972e+02,5.875042799999999943e+02,-9.023596000000000004e+02,-8.878548899999999549e+02,1.714712700000000090e-01,7.593181499999999687e+03,1.468303799999999937e+00
1.250999999999999943e+02,5.614133600000000115e+02,-9.019780299999999897e+02,-8.881174700000000257e+02,2.374322700000000286e-01,7.593181499999999687e+03,1.468303799999999937e+00
1.251500000000000057e+02,6.195436799999999948e+02,-9.035218099999999595e+02,-8.882260899999999992e+02,-3.198200100000000295e-02,7.593181499999999687e+03,1.468303799999999937e+00
1.252000000000000028e+02,6.190324399999999514e+02,-9.036193299999999908e+02,-8.883362300000000005e+02,-1.065770500000000204e-01,7.593181499999999687e+03,1.468303799999999937e+00
1.252500000000000000e+02,5.704397400000000289e+02,-9.027507500000000391e+02,-8.886673500000000558e+02,3.990755800000000270e-02,7.593181499999999687e+03,1.468303799999999937e+00
1.252999999999999972e+02,5.903234599999999546e+02,-9.034708699999999908e+02,-8.888965600000000222e+02,1.629874099999999992e-01,7.593181499999999687e+03,1.468303799999999937e+00
1.253499999999999943e+02,5.874334300000000439e+02,-9.036060300000000325e+02,-8.891030700000000024e+02,-1.532189000000000190e-01,7.593181499999999687e+03,1.468303799999999937e+00
1.254000000000000057e+02,5.798334999999999582e+02,-9.034687300000000505e+02,-8.891534000000000333e+02,-1.112022099999999958e-02,7.593181499999999687e+03,1.468303799999999937e+00
1.254500000000000028e+02,6.142353900000000522e+02,-9.041232499999999845e+02,-8.889585799999999836e+02,1.661859099999999922e-01,7.593181499999999687e+03,1.468303799999999937e+00
1.255000000000000000e+02,5.724836699999999610e+02,-9.029227100000000519e+02,-8.887888400000000502e+02,1.572210600000000236e-01,7.593181499999999687e+03,1.468303799999999937e+00
1.255499999999999972e+02,6.146777899999999590e+02,-9.033906799999999748e+02,-8.882150900000000320e+02,2.797646699999999931e-01,7.593181499999999687e+03,1.468303799999999937e+00
1.255999999999999943e+02,6.424094700000000557e+02,-9.034774599999999509e+02,-8.876172100000000000e+02,-3.634165000000000312e-02,7.593181499999999687e+03,1.468303799999999937e+00
1.256500000000000057e+02,5.839964899999999943e+02,-9.017043099999999640e+02,-8.872862099999999828e+02,2.805397399999999819e-01,7.593181499999999687e+03,1.468303799999999937e+00
1.257000000000000028e+02,5.920008100000000013e+02,-9.011895899999999529e+02,-8.865738700000000563e+02,-1.044073499999999960e-02,7.593181499999999687e+03,1.468303799999999937e+00
1.257500000000000000e+02,5.641905100000000175e+02,-8.997252399999999852e+02,-8.857961199999999735e+02,3.015639900000000040e-01,7.593181499999999687e+03,1.468303799999999937e+00
1.257999999999999972e+02,6.211367699999999559e+02,-9.005487000000000535e+02,-8.852136500000000296e+02,-3.257049200000000644e-02,7.593181499999999687e+03,1.468303799999999937e+00
1.258499999999999943e+02,6.757732799999999997e+02,-9.015358099999999695e+02,-8.848518500000000131e+02,3.173030000000000572e-01,7.593181499999999687e+03,1.468303799999999937e+00
1.259000000000000057e+02,6.299411900000000060e+02,-9.012874199999999973e+02,-8.857350000000000136e+02,4.281442200000000475e-02,7.593181499999999687e+03,1.468303799999999937e+00
1.259500000000000028e+02,6.543382599999999911e+02,-9.035407800000000407e+02,-8.873860300000000052e+02,-1.776278599999999829e-03,7.593181499999999687e+03,1.468303799999999937e+00
1.260000000000000000e+02,5.853947799999999688e+02,-9.027252200000000357e+02,-8.882725900000000365e+02,3.026359800000000266e-01,7.593181499999999687e+03,1.468303799999999937e+00
1.260499999999999972e+02,5.790357199999999693e+02,-9.028237900000000309e+02,-8.885281499999999824e+02,4.453792399999999957e-02,7.593181499999999687e+03,1.468303799999999937e+00
1.260999999999999943e+02,5.520011600000000271e+02,-9.020310799999999745e+02,-8.884029000000000451e+02,5.044079700000000388e-01,7.593181499999999687e+03,1.468303799999999937e+00
1.261500000000000057e+02,6.116002399999999852e+02,-9.030885200000000168e+02,-8.879889200000000073e+02,-2.857165600000000083e-01,7.593181499999999687e+03,1.468303799999999937e+00
1.262000000000000028e+02,5.920054699999999457e+02,-9.022476599999999962e+02,-8.876318199999999479e+02,3.674501600000000257e-01,7.593181499999999687e+03,1.468303799999999937e+00
1.262500000000000000e+02,5.962736099999999624e+02,-9.018102599999999711e+02,-8.870890500000000429e+02,-2.220835000000000170e-01,7.593181499999999687e+03,1.468303799999999937e+00
1.262999999999999972e+02,6.336368800000000192e+02,-9.020886000000000422e+02,-8.864449399999999741e+02,4.961423200000000255e-01,7.593181499999999687e+03,1.468303799999999937e+00
1.263499999999999943e+02,6.042635099999999966e+02,-9.008945700000000443e+02,-8.859760899999999992e+02,-2.602008600000000338e-01,7.593181499999999687e+03,1.468303799999999937e+00
1.264000000000000057e+02,6.220956599999999526e+02,-9.007469999999999573e+02,-8.853882700000000341e+02,2.281280000000000252e-01,7.593181499999999687e+03,1.468303799999999937e+00
1.264500000000000028e+02,6.643829700000000003e+02,-9.010961800000000039e+02,-8.846934300000000349e+02,1.735552400000000065e-02,7.593181499999999687e+03,1.468303799999999937e+00
1.265000000000000000e+02,6.606330400000000509e+02,-9.004751099999999724e+02,-8.841649499999999762e+02,9.815217800000000659e-02,7.593181499999999687e+03,1.468303799999999937e+00
1.265499999999999972e+02,7.037869799999999714e+02,-9.015428100000000313e+02,-8.841672300000000178e+02,1.977030600000000138e-01,7.593181499999999687e+03,1.468303799999999937e+00
1.265999999999999943e+02,6.256938000000000102e+02,-9.008638600000000451e+02,-8.854162999999999784e+02,1.004209200000000107e-01,7.593181499999999687e+03,1.468303799999999937e+00
1.266500000000000057e+02,6.217745999999999640e+02,-9.022073900000000322e+02,-8.868565899999999829e+02,3.939546899999999963e-01,7.593181499999999687e+03,1.468303799999999937e+00
1.267000000000000028e+02,6.199884200000000192e+02,-9.029429400000000214e+02,-8.876362400000000434e+02,-1.348169399999999893e-02,7.593181499999999687e+03,1.468303799999999937e+00
1.267500000000000000e+02,5.819355399999999463e+02,-9.026292099999999436e+02,-8.882619799999999941e+02,-1.147898699999999952e-02,7.593181499999999687e+03,1.468303799999999937e+00
1.267999999999999972e+02,5.307911199999999781e+02,-9.016589000000000169e+02,-8.885543599999999742e+02,-4.417337899999999873e-02,7.593181499999999687e+03,1.468303799999999937e+00
1.268499999999999943e+02,5.593999300000000403e+02,-9.019497199999999566e+02,-8.881388699999999972e+02,8.117314200000000368e-02,7.593181499999999687e+03,1.468303799999999937e+00
1.269000000000000057e+02,6.095284000000000333e+02,-9.022312100000000328e+02,-8.871827600000000302e+02,2.670971100000000265e-01,7.593181499999999687e+03,1.468303799999999937e+00
1.269500000000000028e+02,6.072447499999999536e+02,-9.015792300000000523e+02,-8.865871499999999514e+02,2.447253400000000134e-01,7.593181499999999687e+03,1.468303799999999937e+00
1.270000000000000000e+02,5.896383100000000468e+02,-9.009786699999999655e+02,-8.864212700000000495e+02,2.619223399999999757e-01,7.593181499999999687e+03,1.468303799999999937e+00
1.270499999999999972e+02,6.220286399999999958e+02,-9.017688200000000052e+02,-8.864117499999999836e+02,9.692321200000000858e-02,7.593181499999999687e+03,1.468303799999999937e+00
1.270999999999999943e+02,6.141929599999999709e+02,-9.017606600000000299e+02,-8.865970399999999927e+02,1.394331899999999846e-01,7.593181499999999687e+03,1.468303799999999937e+00
1.271500000000000057e+02,6.077883100000000240e+02,-9.020735399999999800e+02,-8.870680499999999711e+02,6.464331400000000727e-02,7.593181499999999687e+03,1.468303799999999937e+00
1.272000000000000028e+02,5.877229800000000068e+02,-9.026568300000000136e+02,-8.881467199999999593e+02,2.461166500000000132e-02,7.593181499999999687e+03,1.468303799999999937e+00
1.272500000000000000e+02,5.485561300000000529e+02,-9.027196400000000267e+02,-8.891765100000000075e+02,8.890342399999999479e-02,7.593181499999999687e+03,1.468303799999999937e+00
1.272999999999999972e+02,5.347116099999999506e+02,-9.026400599999999486e+02,-8.894387299999999641e+02,1.593330000000000024e-01,7.593181499999999687e+03,1.468303799999999937e+00
1.273499999999999943e+02,5.791131199999999808e+02,-9.034264500000000453e+02,-8.891289000000000442e+02,8.927603300000000464e-02,7.593181499999999687e+03,1.468303799999999937e+00
1.274000000000000057e+02,5.965085599999999886e+02,-9.033136299999999892e+02,-8.885866099999999506e+02,1.171495200000000070e-01,7.593181499999999687e+03,1.468303799999999937e+00
1.274500000000000028e+02,5.991376400000000331e+02,-9.027046100000000024e+02,-8.879126899999999978e+02,1.798625399999999874e-01,7.593181499999999687e+03,1.468303799999999937e+00
1.275000000000000000e+02,6.223842499999999518e+02,-9.023345600000000104e+02,-8.869687099999999873e+02,-2.988824700000000112e-01,7.593181499999999687e+03,1.468303799999999937e+00
1.275499999999999972e+02,6.430360899999999447e+02,-9.018862199999999802e+02,-8.860104999999999791e+02,8.403718699999999930e-03,7.593181499999999687e+03,1.468303799999999937e+00
1.275999999999999943e+02,5.960255499999999529e+02,-9.002695099999999684e+02,-8.855544300000000248e+02,3.893539900000000248e-02,7.593181499999999687e+03,1.468303799999999937e+00
1.276500000000000057e+02,6.390441200000000208e+02,-9.011808499999999640e+02,-8.854036899999999832e+02,-9.806909399999999555e-02,7.593181499999999687e+03,1.468303799999999937e+00
1.277000000000000028e+02,6.074198199999999588e+02,-9.005595100000000457e+02,-8.855631100000000515e+02,1.752212700000000123e-01,7.593181499999999687e+03,1.468303799999999937e+00
1.277500000000000000e+02,6.153656099999999469e+02,-9.010170100000000275e+02,-8.858244499999999562e+02,2.270696899999999907e-01,7.593181499999999687e+03,1.468303799999999937e+00
1.277999999999999972e+02,6.631504800000000159e+02,-9.025138100000000350e+02,-8.861414899999999761e+02,5.172858300000000853e-02,7.593181499999999687e+03,1.468303799999999937e+00
1.278499999999999943e+02,5.840583500000000186e+02,-9.012669100000000526e+02,-8.868472699999999804e+02,1.335092100000000170e-01,7.593181499999999687e+03,1.468303799999999937e+00
1.279000000000000057e+02,5.890902700000000323e+02,-9.021417699999999513e+02,-8.875979099999999562e+02,4.711243799999999780e-03,7.593181499999999687e+03,1.468303799999999937e+00
1.279500000000000028e+02,5.800978400000000192e+02,-9.025174799999999777e+02,-8.881956199999999626e+02,4.423119200000000251e-01,7.593181499999999687e+03,1.468303799999999937e+00
1.280000000000000000e+02,5.780817799999999806e+02,-9.028469599999999673e+02,-8.885748800000000074e+02,3.300980300000000423e-01,7.593181499999999687e+03,1.468303799999999937e+00
1.280500000000000114e+02,5.903305000000000291e+02,-9.032614200000000437e+02,-8.886869299999999612e+02,2.559800000000000408e-01,7.593181499999999687e+03,1.468303799999999937e+00
1.280999999999999943e+02,5.903243499999999813e+02,-9.031292099999999436e+02,-8.885548700000000508e+02,1.917259000000000047e-01,7.593181499999999687e+03,1.468303799999999937e+00
1.281500000000000057e+02,6.126917600000000448e+02,-9.032085600000000341e+02,-8.880820099999999684e+02,6.747988200000000492e-02,7.593181499999999687e+03,1.468303799999999937e+00
1.281999999999999886e+02,6.124967699999999695e+02,-9.022096999999999980e+02,-8.870879599999999527e+02,1.279185500000000197e-01,7.593181499999999687e+03,1.468303799999999937e+00
1.282500000000000000e+02,6.204860700000000406e+02,-9.012346099999999751e+02,-8.859156199999999899e+02,1.722307600000000105e-01,7.593181499999999687e+03,1.468303799999999937e+00
1.283000000000000114e+02,6.120493300000000545e+02,-9.003283300000000509e+02,-8.852176399999999603e+02,4.743703900000000029e-02,7.593181499999999687e+03,1.468303799999999937e+00
1.283499999999999943e+02,6.597571799999999484e+02,-9.012521100000000160e+02,-8.849635700000000043e+02,2.042003099999999960e-01,7.593181499999999687e+03,1.468303799999999937e+00
1.284000000000000057e+02,6.327012899999999718e+02,-9.009724599999999555e+02,-8.853519000000000005e+02,1.188125299999999995e-01,7.593181499999999687e+03,1.468303799999999937e+00
1.284499999999999886e+02,6.120738900000000058e+02,-9.011493699999999762e+02,-8.860380699999999479e+02,1.848235800000000151e-01,7.593181499999999687e+03,1.468303799999999937e+00
1.285000000000000000e+02,6.167542499999999563e+02,-9.018523400000000265e+02,-8.866254900000000134e+02,-2.248236300000000243e-01,7.593181499999999687e+03,1.468303799999999937e+00
1.285500000000000114e+02,6.120334599999999909e+02,-9.022966900000000123e+02,-8.871863799999999856e+02,2.808123500000000439e-01,7.593181499999999687e+03,1.468303799999999937e+00
1.285999999999999943e+02,5.738546599999999671e+02,-9.017840400000000045e+02,-8.876163199999999733e+02,-9.573994100000000895e-02,7.593181499999999687e+03,1.468303799999999937e+00
1.286500000000000057e+02,5.931935700000000224e+02,-9.022949399999999969e+02,-8.876497699999999895e+02,2.069850199999999918e-01,7.593181499999999687e+03,1.468303799999999937e+00
1.286999999999999886e+02,6.154375400000000127e+02,-9.026221900000000460e+02,-8.874278500000000349e+02,-6.978918600000000826e-03,7.593181499999999687e+03,1.468303799999999937e+00
1.287500000000000000e+02,6.139655299999999443e+02,-9.024909099999999853e+02,-8.873329099999999698e+02,2.390706400000000009e-01,7.593181499999999687e+03,1.468303799999999937e+00
1.288000000000000114e+02,6.167678300000000036e+02,-9.026400700000000370e+02,-8.874128799999999728e+02,7.269218899999999907e-03,7.593181499999999687e+03,1.468303799999999937e+00
1.288499999999999943e+02,6.148076099999999542e+02,-9.030994799999999714e+02,-8.879206799999999475e+02,-6.382533700000000976e-02,7.593181499999999687e+03,1.468303799999999937e+00
1.289000000000000057e+02,5.276740999999999531e+02,-9.019202099999999973e+02,-8.888926300000000538e+02,2.880314800000000064e-01,7.593181499999999687e+03,1.468303799999999937e+00
1.289499999999999886e+02,5.130750299999999697e+02,-9.023333599999999706e+02,-8.896662099999999782e+02,1.583920900000000132e-01,7.593181499999999687e+03,1.468303799999999937e+00
1.290000000000000000e+02,5.587996799999999666e+02,-9.037010699999999588e+02,-8.899050300000000107e+02,2.099108100000000032e-01,7.593181499999999687e+03,1.468303799999999937e+00
1.290500000000000114e+02,5.467653999999999996e+02,-9.030976600000000190e+02,-8.895987400000000207e+02,-3.543277900000000313e-01,7.593181499999999687e+03,1.468303799999999937e+00
1.290999999999999943e+02,6.086988199999999551e+02,-9.032761699999999792e+02,-8.882481999999999971e+02,-5.645409800000000117e-02,7.593181499999999687e+03,1.468303799999999937e+00
1.291500000000000057e+02,5.893783700000000181e+02,-9.015088700000000017e+02,-8.869578999999999951e+02,-1.995854800000000095e-01,7.593181499999999687e+03,1.468303799999999937e+00
1.291999999999999886e+02,6.373610099999999647e+02,-9.020273999999999432e+02,-8.862917899999999918e+02,5.186219499999999982e-02,7.593181499999999687e+03,1.468303799999999937e+00
1.292500000000000000e+02,6.028107199999999466e+02,-9.010524199999999837e+02,-8.861698099999999840e+02,4.001539900000000149e-01,7.593181499999999687e+03,1.468303799999999937e+00
1.293000000000000114e+02,6.420222499999999854e+02,-9.021222900000000209e+02,-8.862716000000000349e+02,1.190559000000000062e-01,7.593181499999999687e+03,1.468303799999999937e+00
1.293499999999999943e+02,5.840492000000000417e+02,-9.010612300000000232e+02,-8.866418200000000525e+02,-3.376372899999999927e-02,7.593181499999999687e+03,1.468303799999999937e+00
1.294000000000000057e+02,6.198920799999999645e+02,-9.021118099999999913e+02,-8.868074900000000298e+02,-2.184734700000000029e-01,7.593181499999999687e+03,1.468303799999999937e+00
1.294499999999999886e+02,5.823521600000000262e+02,-9.014153599999999642e+02,-8.870378500000000486e+02,2.084516900000000228e-01,7.593181499999999687e+03,1.468303799999999937e+00
1.295000000000000000e+02,6.025042099999999436e+02,-9.021467900000000100e+02,-8.872717499999999973e+02,-2.501194199999999812e-01,7.593181499999999687e+03,1.468303799999999937e+00
1.295500000000000114e+02,6.249627400000000534e+02,-9.030398699999999508e+02,-8.876103600000000142e+02,1.408460700000000176e-01,7.593181499999999687e+03,1.468303799999999937e+00
1.295999999999999943e+02,5.804926199999999881e+02,-9.026549599999999600e+02,-8.883233599999999797e+02,7.690088100000000426e-02,7.593181499999999687e+03,1.468303799999999937e+00
1.296500000000000057e+02,6.125263099999999667e+02,-9.040926500000000487e+02,-8.889701800000000276e+02,-1.228592100000000104e-01,7.593181499999999687e+03,1.468303799999999937e+00
1.296999999999999886e+02,5.436346700000000283e+02,-9.030075100000000248e+02,-8.895858899999999494e+02,2.520593899999999943e-01,7.593181499999999687e+03,1.468303799999999937e+00
1.297500000000000000e+02,5.611389599999999973e+02,-9.035666700000000446e+02,-8.897128900000000158e+02,8.443807300000000238e-02,7.593181499999999687e+03,1.468303799999999937e+00
1.298000000000000114e+02,5.978724499999999580e+02,-9.040724000000000160e+02,-8.893117099999999482e+02,5.028431600000000667e-01,7.593181499999999687e+03,1.468303799999999937e+00
1.298499999999999943e+02,5.854423900000000458e+02,-9.029122399999999971e+02,-8.884584399999999960e+02,-3.177115100000000303e-01,7.593181499999999687e+03,1.468303799999999937e+00
1.299000000000000057e+02,6.263728800000000092e+02,-9.025693800000000238e+02,-8.871050500000000056e+02,3.389040500000000122e-01,7.593181499999999687e+03,1.468303799999999937e+00
1.299499999999999886e+02,6.430422399999999925e+02,-9.023361099999999624e+02,-8.864602499999999736e+02,2.283675600000000250e-01,7.593181499999999687e+03,1.468303799999999937e+00
1.300000000000000000e+02,6.702583499999999503e+02,-9.031160999999999603e+02,-8.865683000000000220e+02,-1.416946900000000120e-01,7.593181499999999687e+03,1.468303799999999937e+00
1.300500000000000114e+02,6.471289100000000190e+02,-9.033499500000000353e+02,-8.873731900000000223e+02,4.245612600000000375e-02,7.593181499999999687e+03,1.468303799999999937e+00
1.300999999999999943e+02,6.101455799999999954e+02,-9.033620700000000170e+02,-8.882983699999999772e+02,-5.549572399999999628e-02,7.593181499999999687e+03,1.468303799999999937e+00
1.301500000000000057e+02,5.187644900000000234e+02,-9.014162800000000288e+02,-8.886086599999999862e+02,-9.699949700000000397e-02,7.593181499999999687e+03,1.468303799999999937e+00
1.301999999999999886e+02,6.170983700000000454e+02,-9.035821499999999560e+02,-8.883468000000000302e+02,-1.306877899999999981e-01,7.593181499999999687e+03,1.468303799999999937e+00
1.302500000000000000e+02,6.248402499999999691e+02,-9.036437100000000555e+02,-8.882172299999999723e+02,-7.760898200000000517e-03,7.593181499999999687e+03,1.468303799999999937e+00
1.303000000000000114e+02,6.007348700000000008e+02,-9.032515700000000152e+02,-8.884202199999999721e+02,-1.361027200000000104e-01,7.593181499999999687e+03,1.468303799999999937e+00
1.303499999999999943e+02,5.648094899999999825e+02,-9.027959200000000237e+02,-8.888515200000000505e+02,1.766387700000000005e-01,7.593181499999999687e+03,1.468303799999999937e+00
1.304000000000000057e+02,5.450780799999999999e+02,-9.029174900000000434e+02,-8.894602300000000241e+02,-1.578814699999999960e-01,7.593181499999999687e+03,1.468303799999999937e+00
1.304499999999999886e+02,5.405330900000000156e+02,-9.035138100000000350e+02,-8.901687600000000202e+02,7.753357300000001187e-03,7.593181499999999687e+03,1.468303799999999937e+00
1.305000000000000000e+02,5.442349900000000389e+02,-9.040189400000000433e+02,-8.905824900000000071e+02,-6.426144000000000387e-04,7.593181499999999687e+03,1.468303799999999937e+00
1.305500000000000114e+02,5.395666400000000067e+02,-9.038368000000000393e+02,-8.905156100000000379e+02,2.208445800000000125e-01,7.593181499999999687e+03,1.468303799999999937e+00
1.305999999999999943e+02,5.646378999999999451e+02,-9.035556900000000269e+02,-8.896155199999999468e+02,1.474943200000000121e-01,7.593181499999999687e+03,1.468303799999999937e+00
1.306500000000000057e+02,5.618072200000000294e+02,-9.022789299999999457e+02,-8.884086499999999660e+02,3.493775100000000022e-01,7.593181499999999687e+03,1.468303799999999937e+00
1.306999999999999886e+02,6.220229699999999866e+02,-9.029821500000000469e+02,-8.876252200000000130e+02,5.388254200000000549e-02,7.593181499999999687e+03,1.468303799999999937e+00
1.307500000000000000e+02,5.766673500000000558e+02,-9.015906899999999951e+02,-8.873535299999999779e+02,-5.329301399999999966e-03,7.593181499999999687e+03,1.468303799999999937e+00
1.308000000000000114e+02,6.205400600000000395e+02,-9.023519499999999880e+02,-8.870316299999999501e+02,2.111380300000000043e-01,7.593181499999999687e+03,1.468303799999999937e+00
1.308499999999999943e+02,6.071988999999999805e+02,-9.019198300000000472e+02,-8.869288900000000240e+02,5.363520499999999830e-02,7.593181499999999687e+03,1.468303799999999937e+00
1.309000000000000057e+02,6.247068000000000438e+02,-9.025045800000000327e+02,-8.870813900000000558e+02,-8.892241500000000465e-02,7.593181499999999687e+03,1.468303799999999937e+00
1.309499999999999886e+02,5.726671999999999798e+02,-9.018284899999999880e+02,-8.876900799999999663e+02,1.168636700000000028e-01,7.593181499999999687e+03,1.468303799999999937e+00
1.310000000000000000e+02,5.573886800000000221e+02,-9.022493399999999610e+02,-8.884881500000000187e+02,1.459833900000000184e-01,7.593181499999999687e+03,1.468303799999999937e+00
1.310500000000000114e+02,5.452559300000000349e+02,-9.027303000000000566e+02,-8.892686499999999796e+02,-1.241538800000000081e-01,7.593181499999999687e+03,1.468303799999999937e+00
1.310999999999999943e+02,5.486238299999999981e+02,-9.032273400000000265e+02,-8.896825300000000425e+02,-2.041591600000000062e-01,7.593181499999999687e+03,1.468303799999999937e+00
1.311500000000000057e+02,5.261803599999999506e+02,-9.024301500000000260e+02,-8.894394499999999653e+02,2.367883200000000243e-01,7.593181499999999687e+03,1.468303799999999937e+00
1.311999999999999886e+02,6.157057200000000421e+02,-9.032322400000000471e+02,-8.880312699999999495e+02,-3.987944000000000211e-02,7.593181499999999687e+03,1.468303799999999937e+00
1.312500000000000000e+02,6.236704499999999598e+02,-9.024035400000000209e+02,-8.870059300000000349e+02,-2.551739199999999985e-01,7.593181499999999687e+03,1.468303799999999937e+00
1.313000000000000114e+02,6.199805099999999811e+02,-9.020230000000000246e+02,-8.867164900000000216e+02,-9.825416200000000599e-02,7.593181499999999687e+03,1.468303799999999937e+00
1.313499999999999943e+02,6.400141800000000103e+02,-9.025165899999999510e+02,-8.867154799999999568e+02,1.204643499999999978e-01,7.593181499999999687e+03,1.468303799999999937e+00
1.314000000000000057e+02,6.564166599999999789e+02,-9.033153700000000299e+02,-8.871093100000000504e+02,1.611302300000000062e-02,7.593181499999999687e+03,1.468303799999999937e+00
1.314499999999999886e+02,6.130354700000000321e+02,-9.031146999999999707e+02,-8.879796599999999671e+02,-9.447994900000000751e-02,7.593181499999999687e+03,1.468303799999999937e+00
1.315000000000000000e+02,6.089007500000000164e+02,-9.038080200000000559e+02,-8.887750600000000532e+02,2.902212000000000125e-01,7.593181499999999687e+03,1.468303799999999937e+00
1.315500000000000114e+02,5.934472700000000032e+02,-9.038043900000000122e+02,-8.891529600000000073e+02,-1.281857799999999992e-01,7.593181499999999687e+03,1.468303799999999937e+00
1.315999999999999943e+02,5.396951699999999619e+02,-9.025884600000000546e+02,-8.892640999999999849e+02,7.001852399999999865e-02,7.593181499999999687e+03,1.468303799999999937e+00
1.316500000000000057e+02,5.864685500000000502e+02,-9.034924099999999498e+02,-8.890132700000000341e+02,-3.369458000000000175e-01,7.593181499999999687e+03,1.468303799999999937e+00
1.316999999999999886e+02,5.747905799999999772e+02,-9.028114199999999983e+02,-8.886205899999999929e+02,1.732668100000000003e-02,7.593181499999999687e+03,1.468303799999999937e+00
1.317500000000000000e+02,6.128613000000000284e+02,-9.032644000000000233e+02,-8.881336499999999887e+02,-3.688274999999999887e-02,7.593181499999999687e+03,1.468303799999999937e+00
1.318000000000000114e+02,6.009006500000000415e+02,-9.027129899999999907e+02,-8.878775399999999536e+02,-2.515457800000000035e-02,7.593181499999999687e+03,1.468303799999999937e+00
1.318499999999999943e+02,6.076126699999999801e+02,-9.027118900000000394e+02,-8.877107300000000123e+02,8.047089600000001397e-02,7.593181499999999687e+03,1.468303799999999937e+00
1.319000000000000057e+02,6.319164899999999534e+02,-9.031730400000000145e+02,-8.875718600000000151e+02,-9.295916499999999638e-02,7.593181499999999687e+03,1.468303799999999937e+00
1.319499999999999886e+02,5.902368599999999788e+02,-9.022317000000000462e+02,-8.876595300000000179e+02,1.030722300000000008e-01,7.593181499999999687e+03,1.468303799999999937e+00
1.320000000000000000e+02,5.757381800000000567e+02,-9.016713899999999740e+02,-8.874571700000000192e+02,1.144621200000000144e-01,7.593181499999999687e+03,1.468303799999999937e+00
1.320500000000000114e+02,5.686788000000000238e+02,-9.007426799999999503e+02,-8.867027500000000373e+02,1.781279900000000138e-01,7.593181499999999687e+03,1.468303799999999937e+00
1.320999999999999943e+02,6.621697199999999839e+02,-9.019986900000000105e+02,-8.856505899999999656e+02,1.832269400000000048e-01,7.593181499999999687e+03,1.468303799999999937e+00
1.321500000000000057e+02,6.389324100000000044e+02,-9.009757899999999609e+02,-8.852013899999999467e+02,5.218881300000000403e-03,7.593181499999999687e+03,1.468303799999999937e+00
1.321999999999999886e+02,6.707369200000000546e+02,-9.019934299999999894e+02,-8.854338199999999688e+02,1.106375200000000031e-01,7.593181499999999687e+03,1.468303799999999937e+00
1.322500000000000000e+02,6.179189000000000078e+02,-9.011121000000000549e+02,-8.858564999999999827e+02,-2.686642400000000541e-01,7.593181499999999687e+03,1.468303799999999937e+00
1.323000000000000114e+02,6.644247699999999668e+02,-9.025520199999999704e+02,-8.861482499999999618e+02,1.215814200000000095e-01,7.593181499999999687e+03,1.468303799999999937e+00
1.323499999999999943e+02,5.720201299999999947e+02,-9.006482899999999745e+02,-8.865258700000000545e+02,2.140411599999999821e-03,7.593181499999999687e+03,1.468303799999999937e+00
1.324000000000000057e+02,6.519151900000000524e+02,-9.026525400000000445e+02,-8.865576099999999542e+02,1.258185099999999945e-01,7.593181499999999687e+03,1.468303799999999937e+00
1.324499999999999886e+02,6.106810400000000527e+02,-9.020058000000000220e+02,-8.869288800000000492e+02,3.582820000000000449e-01,7.593181499999999687e+03,1.468303799999999937e+00
1.325000000000000000e+02,5.880655600000000049e+02,-9.021119800000000168e+02,-8.875934099999999489e+02,-1.222196700000000025e-01,7.593181499999999687e+03,1.468303799999999937e+00
1.325500000000000114e+02,6.035149599999999737e+02,-9.033744400000000496e+02,-8.884744500000000471e+02,2.954329900000000064e-01,7.593181499999999687e+03,1.468303799999999937e+00
1.325999999999999943e+02,5.433146900000000414e+02,-9.025709900000000516e+02,-8.891572599999999511e+02,-3.087402300000000044e-02,7.593181499999999687e+03,1.468303799999999937e+00
1.326500000000000057e+02,5.468137000000000398e+02,-9.026376199999999699e+02,-8.891375000000000455e+02,3.358000800000000008e-01,7.593181499999999687e+03,1.468303799999999937e+00
1.326999999999999886e+02,5.876569100000000390e+02,-9.032363900000000285e+02,-8.887279200000000401e+02,-1.911457799999999874e-01,7.593181499999999687e+03,1.468303799999999937e+00
1.327500000000000000e+02,6.141284799999999677e+02,-9.037262299999999868e+02,-8.885642100000000028e+02,2.897661700000000451e-01,7.593181499999999687e+03,1.468303799999999937e+00
1.328000000000000114e+02,5.917551600000000462e+02,-9.032182400000000371e+02,-8.886085799999999608e+02,5.765241999999999589e-02,7.593181499999999687e+03,1.468303799999999937e+00
1.328499999999999943e+02,6.095500500000000557e+02,-9.036298399999999447e+02,-8.885808500000000549e+02,3.396172300000000477e-01,7.593181499999999687e+03,1.468303799999999937e+00
1.329000000000000057e+02,5.708480100000000448e+02,-9.025203099999999949e+02,-8.884268200000000206e+02,2.373168099999999892e-01,7.593181499999999687e+03,1.468303799999999937e+00
1.329499999999999886e+02,6.096734699999999521e+02,-9.030390300000000252e+02,-8.879869999999999663e+02,-7.319227400000000335e-03,7.593181499999999687e+03,1.468303799999999937e+00
1.330000000000000000e+02,5.670869099999999889e+02,-9.016356100000000424e+02,-8.876349699999999530e+02,3.133876099999999831e-01,7.593181499999999687e+03,1.468303799999999937e+00
1.330500000000000114e+02,5.895282600000000457e+02,-9.015069200000000365e+02,-8.869522399999999607e+02,1.055747699999999983e-01,7.593181499999999687e+03,1.468303799999999937e+00
1.330999999999999943e+02,6.028701399999999921e+02,-9.006977600000000166e+02,-8.858136799999999766e+02,4.349039000000000099e-01,7.593181499999999687e+03,1.468303799999999937e+00
1.331500000000000057e+02,6.838713299999999435e+02,-9.018595400000000382e+02,-8.849756599999999480e+02,3.165134900000000084e-01,7.593181499999999687e+03,1.468303799999999937e+00
1.331999999999999886e+02,6.396043499999999540e+02,-9.008811299999999846e+02,-8.850901400000000194e+02,2.520360400000000167e-01,7.593181499999999687e+03,1.468303799999999937e+00
1.332500000000000000e+02,6.164480700000000297e+02,-9.006048100000000431e+02,-8.853855200000000423e+02,1.885462700000000158e-01,7.593181499999999687e+03,1.468303799999999937e+00
1.333000000000000114e+02,6.450839499999999589e+02,-9.015822100000000319e+02,-8.856559300000000121e+02,-3.922481800000000018e-01,7.593181499999999687e+03,1.468303799999999937e+00
1.333499999999999943e+02,6.456775999999999840e+02,-9.022138300000000299e+02,-8.862729000000000497e+02,4.367437600000000364e-01,7.593181499999999687e+03,1.468303799999999937e+00
1.334000000000000057e+02,5.722306899999999814e+02,-9.011838599999999815e+02,-8.870562400000000025e+02,9.548247800000000951e-02,7.593181499999999687e+03,1.468303799999999937e+00
1.334499999999999886e+02,6.190187300000000050e+02,-9.025855199999999741e+02,-8.873027600000000348e+02,1.824591400000000196e-01,7.593181499999999687e+03,1.468303799999999937e+00
1.335000000000000000e+02,5.433643700000000081e+02,-9.009226200000000517e+02,-8.875076699999999619e+02,-1.715346399999999882e-01,7.593181499999999687e+03,1.468303799999999937e+00
1.335500000000000114e+02,5.861454899999999952e+02,-9.019577000000000453e+02,-8.874865399999999909e+02,7.058491599999999755e-02,7.593181499999999687e+03,1.468303799999999937e+00
1.335999999999999943e+02,6.229981599999999844e+02,-9.028791300000000319e+02,-8.874981199999999717e+02,1.776353200000000132e-01,7.593181499999999687e+03,1.468303799999999937e+00
1.336500000000000057e+02,5.880035800000000563e+02,-9.022246599999999717e+02,-8.877076200000000199e+02,9.175142800000000987e-03,7.593181499999999687e+03,1.468303799999999937e+00
1.336999999999999886e+02,5.889788200000000415e+02,-9.022472400000000334e+02,-8.877061300000000301e+02,2.318832800000000111e-02,7.593181499999999687e+03,1.468303799999999937e+00
1.337500000000000000e+02,5.834235200000000532e+02,-9.019406300000000556e+02,-8.875366699999999582e+02,3.546297400000000127e-02,7.593181499999999687e+03,1.468303799999999937e+00
1.338000000000000114e+02,5.903519199999999501e+02,-9.016320399999999609e+02,-8.870570199999999659e+02,2.026401400000000033e-02,7.593181499999999687e+03,1.468303799999999937e+00
1.338499999999999943e+02,6.349097100000000182e+02,-9.018219400000000405e+02,-8.861468599999999469e+02,-1.149200700000000130e-01,7.593181499999999687e+03,1.468303799999999937e+00
1.339000000000000057e+02,6.571061099999999442e+02,-9.016862899999999854e+02,-8.854632000000000289e+02,3.270887000000000100e-01,7.593181499999999687e+03,1.468303799999999937e+00
1.339499999999999886e+02,5.935626499999999623e+02,-9.002047300000000405e+02,-8.855504399999999805e+02,5.636032199999999742e-02,7.593181499999999687e+03,1.468303799999999937e+00
1.340000000000000000e+02,6.161623700000000099e+02,-9.011371900000000323e+02,-8.859249499999999671e+02,3.115795600000000332e-01,7.593181499999999687e+03,1.468303799999999937e+00
1.340500000000000114e+02,5.758843100000000277e+02,-9.008408200000000079e+02,-8.866230000000000473e+02,5.924115600000000315e-02,7.593181499999999687e+03,1.468303799999999937e+00
1.340999999999999943e+02,5.746953999999999496e+02,-9.016718100000000504e+02,-8.874833399999999983e+02,2.675822600000000162e-01,7.593181499999999687e+03,1.468303799999999937e+00
1.341500000000000057e+02,5.619679700000000366e+02,-9.020031699999999546e+02,-8.881289199999999937e+02,1.580559500000000284e-01,7.593181499999999687e+03,1.468303799999999937e+00
1.341999999999999886e+02,5.945048199999999952e+02,-9.032658999999999878e+02,-8.885883499999999913e+02,3.057822200000000212e-02,7.593181499999999687e+03,1.468303799999999937e+00
1.342500000000000000e+02,5.565774599999999737e+02,-9.027361100000000533e+02,-8.889949400000000423e+02,9.305268700000000892e-02,7.593181499999999687e+03,1.468303799999999937e+00
1.343000000000000114e+02,6.009448800000000119e+02,-9.041714799999999741e+02,-8.893349399999999605e+02,2.880599999999999827e-01,7.593181499999999687e+03,1.468303799999999937e+00
1.343499999999999943e+02,5.505338900000000422e+02,-9.034856899999999769e+02,-8.898937300000000050e+02,-1.170890400000000053e-01,7.593181499999999687e+03,1.468303799999999937e+00
1.344000000000000057e+02,6.162345500000000129e+02,-9.052525900000000547e+02,-8.900385599999999613e+02,1.490935500000000191e-01,7.593181499999999687e+03,1.468303799999999937e+00
1.344499999999999886e+02,5.980887300000000550e+02,-9.046166100000000370e+02,-8.898505900000000111e+02,1.203573799999999999e-01,7.593181499999999687e+03,1.468303799999999937e+00
1.345000000000000000e+02,5.538257399999999961e+02,-9.029250600000000304e+02,-8.892518300000000409e+02,1.157138600000000017e-01,7.593181499999999687e+03,1.468303799999999937e+00
1.345500000000000114e+02,6.133709300000000439e+02,-9.032520100000000411e+02,-8.881086900000000242e+02,1.829588299999999890e-01,7.593181499999999687e+03,1.468303799999999937e+00
1.345999999999999943e+02,5.890412300000000414e+02,-9.019170900000000302e+02,-8.873744400000000496e+02,1.621348099999999903e-01,7.593181499999999687e+03,1.468303799999999937e+00
1.346500000000000057e+02,6.374724899999999934e+02,-9.027319700000000466e+02,-8.869936099999999897e+02,1.879423500000000080e-01,7.593181499999999687e+03,1.468303799999999937e+00
1.346999999999999886e+02,6.500978199999999561e+02,-9.032090299999999843e+02,-8.871589699999999539e+02,1.088269900000000123e-01,7.593181499999999687e+03,1.468303799999999937e+00
1.347500000000000000e+02,6.052664099999999507e+02,-9.027169000000000096e+02,-8.877736599999999498e+02,4.379824900000000021e-01,7.593181499999999687e+03,1.468303799999999937e+00
1.348000000000000114e+02,5.727592499999999518e+02,-9.025544999999999618e+02,-8.884138299999999617e+02,4.265053400000000557e-03,7.593181499999999687e+03,1.468303799999999937e+00
1.348499999999999943e+02,5.389411400000000185e+02,-9.022252799999999979e+02,-8.889195300000000088e+02,2.913192100000000506e-01,7.593181499999999687e+03,1.468303799999999937e+00
1.349000000000000057e+02,5.474016699999999673e+02,-9.026191400000000158e+02,-8.891045100000000048e+02,-2.319407600000000236e-01,7.593181499999999687e+03,1.468303799999999937e+00
1.349499999999999886e+02,5.754062099999999873e+02,-9.027457900000000564e+02,-8.885397699999999759e+02,1.998488300000000051e-01,7.593181499999999687e+03,1.468303799999999937e+00
1.350000000000000000e+02,6.339501999999999953e+02,-9.023300699999999779e+02,-8.866786700000000110e+02,-2.999441200000000154e-02,7.593181499999999687e+03,1.468303799999999937e+00
1.350500000000000114e+02,6.776534100000000080e+02,-9.026323200000000497e+02,-8.859019500000000562e+02,-7.565935899999999548e-02,7.593181499999999687e+03,1.468303799999999937e+00
1.350999999999999943e+02,6.271971600000000535e+02,-9.015190599999999677e+02,-8.860343800000000556e+02,-2.909822800000000029e-02,7.593181499999999687e+03,1.468303799999999937e+00
1.351500000000000057e+02,6.000438599999999951e+02,-9.012883699999999862e+02,-8.864740699999999833e+02,-6.054905400000000493e-02,7.593181499999999687e+03,1.468303799999999937e+00
1.351999999999999886e+02,6.081953700000000254e+02,-9.021708499999999731e+02,-8.871553000000000111e+02,1.173158700000000026e-01,7.593181499999999687e+03,1.468303799999999937e+00
1.352500000000000000e+02,5.448673199999999497e+02,-9.012833699999999908e+02,-8.878313100000000304e+02,-3.887455800000000437e-03,7.593181499999999687e+03,1.468303799999999937e+00
1.353000000000000114e+02,6.003859999999999673e+02,-9.028576000000000477e+02,-8.880348599999999806e+02,-1.492657500000000095e-02,7.593181499999999687e+03,1.468303799999999937e+00
1.353499999999999943e+02,5.832673200000000406e+02,-9.027239700000000084e+02,-8.883238599999999678e+02,2.527681600000000195e-01,7.593181499999999687e+03,1.468303799999999937e+00
1.354000000000000057e+02,5.589683300000000372e+02,-9.024983999999999469e+02,-8.886982100000000173e+02,-3.378266399999999697e-03,7.593181499999999687e+03,1.468303799999999937e+00
1.354499999999999886e+02,5.650483000000000402e+02,-9.031134899999999561e+02,-8.891631899999999860e+02,3.920869499999999896e-01,7.593181499999999687e+03,1.468303799999999937e+00
1.355000000000000000e+02,5.383591800000000376e+02,-9.031985899999999674e+02,-8.899072099999999637e+02,-1.066466600000000042e-01,7.593181499999999687e+03,1.468303799999999937e+00
1.355500000000000114e+02,5.761810299999999643e+02,-9.045969700000000557e+02,-8.903718099999999822e+02,2.019334100000000076e-01,7.593181499999999687e+03,1.468303799999999937e+00
1.355999999999999943e+02,5.237851799999999685e+02,-9.034052100000000110e+02,-8.904736400000000458e+02,6.912256300000001186e-02,7.593181499999999687e+03,1.468303799999999937e+00
1.356500000000000057e+02,5.779826399999999467e+02,-9.041108199999999897e+02,-8.898411899999999832e+02,3.796336600000000533e-02,7.593181499999999687e+03,1.468303799999999937e+00
1.356999999999999886e+02,5.578969700000000103e+02,-9.025076099999999997e+02,-8.887338700000000244e+02,2.332918500000000228e-01,7.593181499999999687e+03,1.468303799999999937e+00
1.357500000000000000e+02,5.683613400000000411e+02,-9.017926599999999553e+02,-8.877605700000000297e+02,-9.718046200000000912e-02,7.593181499999999687e+03,1.468303799999999937e+00
1.358000000000000114e+02,5.870970399999999927e+02,-9.016737200000000030e+02,-8.871790700000000243e+02,2.445110499999999798e-01,7.593181499999999687e+03,1.468303799999999937e+00
1.358499999999999943e+02,6.314639499999999543e+02,-9.024489200000000437e+02,-8.868589100000000371e+02,-9.579107100000000541e-02,7.593181499999999687e+03,1.468303799999999937e+00
1.359000000000000057e+02,5.994049400000000105e+02,-9.015886100000000170e+02,-8.867900899999999638e+02,1.344527299999999925e-01,7.593181499999999687e+03,1.468303799999999937e+00
1.359499999999999886e+02,6.227251899999999978e+02,-9.022854300000000194e+02,-8.869111599999999953e+02,1.908336100000000146e-01,7.593181499999999687e+03,1.468303799999999937e+00
1.360000000000000000e+02,6.543901600000000371e+02,-9.035322999999999638e+02,-8.873762600000000020e+02,-6.890014900000000601e-03,7.593181499999999687e+03,1.468303799999999937e+00
1.360500000000000114e+02,6.092207100000000537e+02,-9.035748800000000074e+02,-8.885340200000000550e+02,2.134768700000000130e-01,7.593181499999999687e+03,1.468303799999999937e+00
1.360999999999999943e+02,5.541261700000000019e+02,-9.031236499999999978e+02,-8.894429999999999836e+02,8.896017700000000139e-02,7.593181499999999687e+03,1.468303799999999937e+00
1.361500000000000057e+02,5.310701800000000503e+02,-9.026615900000000465e+02,-8.895501600000000053e+02,9.665145700000001006e-02,7.593181499999999687e+03,1.468303799999999937e+00
1.361999999999999886e+02,5.561907400000000052e+02,-9.027857000000000198e+02,-8.890540799999999990e+02,3.155967400000000422e-01,7.593181499999999687e+03,1.468303799999999937e+00
1.362500000000000000e+02,6.067391300000000456e+02,-9.033226700000000164e+02,-8.883430799999999863e+02,-9.676110100000000214e-02,7.593181499999999687e+03,1.468303799999999937e+00
1.363000000000000114e+02,5.711187499999999773e+02,-9.019964700000000448e+02,-8.878962999999999965e+02,3.825173000000000045e-01,7.593181499999999687e+03,1.468303799999999937e+00
1.363499999999999943e+02,5.595659900000000562e+02,-9.011935899999999720e+02,-8.873786400000000185e+02,-5.947242600000000046e-01,7.593181499999999687e+03,1.468303799999999937e+00
1.364000000000000057e+02,6.268478400000000192e+02,-9.022349100000000135e+02,-8.867588600000000270e+02,2.413120100000000212e-01,7.593181499999999687e+03,1.468303799999999937e+00
1.364499999999999886e+02,6.143925400000000536e+02,-9.015638400000000274e+02,-8.863952900000000454e+02,4.577565500000000537e-02,7.593181499999999687e+03,1.468303799999999937e+00
1.365000000000000000e+02,6.487560499999999593e+02,-9.022930199999999559e+02,-8.862760799999999790e+02,1.373352200000000078e-01,7.593181499999999687e+03,1.468303799999999937e+00
1.365500000000000114e+02,6.018225899999999911e+02,-9.015197899999999436e+02,-8.866615799999999581e+02,-5.879102900000000853e-02,7.593181499999999687e+03,1.468303799999999937e+00
1.365999999999999943e+02,5.611151399999999967e+02,-9.012369499999999789e+02,-8.873837499999999636e+02,-3.714476000000000583e-02,7.593181499999999687e+03,1.468303799999999937e+00
1.366500000000000057e+02,5.593848400000000538e+02,-9.021724699999999757e+02,-8.883619899999999916e+02,6.045608500000000446e-04,7.593181499999999687e+03,1.468303799999999937e+00
1.366999999999999886e+02,5.495593599999999697e+02,-9.029790699999999788e+02,-8.894111699999999701e+02,2.418415500000000162e-01,7.593181499999999687e+03,1.468303799999999937e+00
1.367500000000000000e+02,5.507919500000000426e+02,-9.035896599999999808e+02,-8.899913299999999481e+02,-1.071444199999999902e-01,7.593181499999999687e+03,1.468303799999999937e+00
1.368000000000000114e+02,5.784020199999999932e+02,-9.041856699999999591e+02,-8.899056900000000496e+02,1.093161599999999956e-01,7.593181499999999687e+03,1.468303799999999937e+00
1.368499999999999943e+02,5.513174299999999448e+02,-9.032677499999999782e+02,-8.896564399999999750e+02,-5.348839000000000371e-02,7.593181499999999687e+03,1.468303799999999937e+00
1.369000000000000057e+02,5.479545399999999518e+02,-9.029407899999999927e+02,-8.894125099999999975e+02,-6.455147300000000157e-03,7.593181499999999687e+03,1.468303799999999937e+00
1.369499999999999886e+02,5.888085399999999936e+02,-9.036279799999999796e+02,-8.890910699999999451e+02,-2.640102400000000071e-01,7.593181499999999687e+03,1.468303799999999937e+00
1.370000000000000000e+02,5.682242199999999457e+02,-9.027458299999999554e+02,-8.887171100000000479e+02,3.424636500000000083e-02,7.593181499999999687e+03,1.468303799999999937e+00
1.370500000000000114e+02,6.043950399999999945e+02,-9.030860999999999876e+02,-8.881643800000000510e+02,-3.338104599999999929e-03,7.593181499999999687e+03,1.468303799999999937e+00
1.370999999999999943e+02,6.286114599999999655e+02,-9.031156300000000101e+02,-8.875960300000000416e+02,1.891805800000000148e-02,7.593181499999999687e+03,1.468303799999999937e+00
1.371500000000000057e+02,5.987565299999999979e+02,-9.018905399999999872e+02,-8.871080200000000104e+02,2.015113300000000163e-01,7.593181499999999687e+03,1.468303799999999937e+00
1.371999999999999886e+02,6.090250600000000532e+02,-9.015673100000000204e+02,-8.865312900000000127e+02,4.396260899999999971e-02,7.593181499999999687e+03,1.468303799999999937e+00
1.372500000000000000e+02,6.678490000000000464e+02,-9.022698000000000320e+02,-8.857814899999999625e+02,2.293403200000000419e-01,7.593181499999999687e+03,1.468303799999999937e+00
1.373000000000000114e+02,6.186182599999999638e+02,-9.006843999999999824e+02,-8.854115299999999706e+02,-2.134918200000000266e-01,7.593181499999999687e+03,1.468303799999999937e+00
1.373499999999999943e+02,6.240652499999999918e+02,-9.005733800000000429e+02,-8.851660299999999779e+02,-6.152259100000000147e-02,7.593181499999999687e+03,1.468303799999999937e+00
1.374000000000000057e+02,6.932497299999999996e+02,-9.019008999999999787e+02,-8.847854700000000321e+02,2.179215000000000180e-01,7.593181499999999687e+03,1.468303799999999937e+00
1.374499999999999886e+02,6.488511099999999487e+02,-9.014385999999999513e+02,-8.854193199999999706e+02,1.465758000000000061e-01,7.593181499999999687e+03,1.468303799999999937e+00
1.375000000000000000e+02,6.527714200000000346e+02,-9.030534400000000232e+02,-8.869373699999999872e+02,4.419394000000000378e-01,7.593181499999999687e+03,1.468303799999999937e+00
1.375500000000000114e+02,6.058493399999999838e+02,-9.029352699999999459e+02,-8.879776399999999512e+02,-2.469073000000000014e-03,7.593181499999999687e+03,1.468303799999999937e+00
1.375999999999999943e+02,5.309979299999999967e+02,-9.015236800000000130e+02,-8.884140400000000000e+02,1.694614000000000120e-01,7.593181499999999687e+03,1.468303799999999937e+00
1.376500000000000057e+02,5.802092000000000098e+02,-9.025362499999999955e+02,-8.882116499999999633e+02,3.716644800000000193e-01,7.593181499999999687e+03,1.468303799999999937e+00
1.376999999999999886e+02,5.977568300000000363e+02,-9.025118300000000318e+02,-8.877540000000000191e+02,1.960277100000000147e-02,7.593181499999999687e+03,1.468303799999999937e+00
1.377500000000000000e+02,5.849584800000000087e+02,-9.016640599999999495e+02,-8.872222000000000435e+02,4.820393600000000278e-02,7.593181499999999687e+03,1.468303799999999937e+00
1.378000000000000114e+02,6.366124800000000050e+02,-9.021359499999999798e+02,-8.864188199999999824e+02,1.941353200000000001e-01,7.593181499999999687e+03,1.468303799999999937e+00
1.378499999999999943e+02,6.542155900000000202e+02,-9.019502800000000207e+02,-8.857985599999999522e+02,1.230109500000000078e-01,7.593181499999999687e+03,1.468303799999999937e+00
1.379000000000000057e+02,6.403747700000000123e+02,-9.015598999999999705e+02,-8.857498900000000503e+02,5.200268099999999505e-02,7.593181499999999687e+03,1.468303799999999937e+00
1.379499999999999886e+02,6.149075500000000147e+02,-9.013653399999999465e+02,-8.861840799999999945e+02,-2.299041299999999843e-01,7.593181499999999687e+03,1.468303799999999937e+00
1.380000000000000000e+02,6.085787100000000009e+02,-9.022509900000000016e+02,-8.872259800000000496e+02,-4.981856500000000215e-02,7.593181499999999687e+03,1.468303799999999937e+00
1.380500000000000114e+02,5.915421300000000429e+02,-9.031189799999999650e+02,-8.885145800000000236e+02,3.031128100000000103e-01,7.593181499999999687e+03,1.468303799999999937e+00
1.380999999999999943e+02,5.796676599999999553e+02,-9.035111100000000306e+02,-8.891998800000000074e+02,1.571771200000000174e-02,7.593181499999999687e+03,1.468303799999999937e+00
1.381500000000000057e+02,5.735138399999999592e+02,-9.033949499999999944e+02,-8.892356499999999642e+02,1.808036199999999982e-01,7.593181499999999687e+03,1.468303799999999937e+00
1.381999999999999886e+02,5.880116400000000567e+02,-9.034522399999999607e+02,-8.889350100000000339e+02,1.544325800000000137e-01,7.593181499999999687e+03,1.468303799999999937e+00
1.382500000000000000e+02,5.697929500000000189e+02,-9.026236800000000358e+02,-8.885562400000000025e+02,-1.388270600000000021e-01,7.593181499999999687e+03,1.468303799999999937e+00
1.383000000000000114e+02,5.902395999999999958e+02,-9.025354499999999689e+02,-8.879632100000000037e+02,1.602174000000000098e-01,7.593181499999999687e+03,1.468303799999999937e+00
1.383499999999999943e+02,6.736394500000000107e+02,-9.041176900000000387e+02,-8.874864199999999528e+02,1.707629300000000072e-01,7.593181499999999687e+03,1.468303799999999937e+00
1.384000000000000057e+02,6.102444000000000415e+02,-9.028706600000000435e+02,-8.878045299999999997e+02,-9.176674299999999784e-02,7.593181499999999687e+03,1.468303799999999937e+00
1.384499999999999886e+02,5.929028100000000450e+02,-9.029280899999999974e+02,-8.882901000000000522e+02,2.627605399999999869e-01,7.593181499999999687e+03,1.468303799999999937e+00
1.385000000000000000e+02,6.012270399999999881e+02,-9.038234499999999798e+02,-8.889799500000000307e+02,2.111221199999999965e-01,7.593181499999999687e+03,1.468303799999999937e+00
1.385500000000000114e+02,5.573727800000000343e+02,-9.039118099999999458e+02,-8.901510100000000421e+02,1.232896500000000145e-01,7.593181499999999687e+03,1.468303799999999937e+00
1.385999999999999943e+02,5.539568500000000313e+02,-9.046555600000000368e+02,-8.909790900000000420e+02,1.089707100000000123e-01,7.593181499999999687e+03,1.468303799999999937e+00
1.386500000000000057e+02,5.711148399999999583e+02,-9.053195699999999988e+02,-8.912195000000000391e+02,3.388338900000000264e-01,7.593181499999999687e+03,1.468303799999999937e+00
1.386999999999999886e+02,5.201744499999999789e+02,-9.039924700000000257e+02,-8.911500499999999647e+02,-8.179412499999999531e-02,7.593181499999999687e+03,1.468303799999999937e+00
1.387500000000000000e+02,5.533273599999999988e+02,-9.039796499999999924e+02,-8.903187199999999848e+02,5.482672700000000565e-02,7.593181499999999687e+03,1.468303799999999937e+00
1.388000000000000114e+02,5.806722300000000132e+02,-9.033102699999999459e+02,-8.889742400000000089e+02,5.483403300000000077e-03,7.593181499999999687e+03,1.468303799999999937e+00
1.388499999999999943e+02,6.007288399999999911e+02,-9.032285799999999654e+02,-8.883973700000000235e+02,2.394458200000000037e-01,7.593181499999999687e+03,1.468303799999999937e+00
1.389000000000000057e+02,6.159273100000000341e+02,-9.034056799999999612e+02,-8.881992500000000064e+02,1.104538399999999976e-01,7.593181499999999687e+03,1.468303799999999937e+00
1.389499999999999886e+02,5.944984500000000480e+02,-9.028692700000000286e+02,-8.881918899999999439e+02,7.007979100000000239e-02,7.593181499999999687e+03,1.468303799999999937e+00
1.390000000000000000e+02,6.055287100000000464e+02,-9.031323800000000119e+02,-8.881826700000000301e+02,1.173084900000000153e-01,7.593181499999999687e+03,1.468303799999999937e+00
1.390500000000000114e+02,6.354054200000000492e+02,-9.040215100000000348e+02,-8.883341900000000351e+02,8.907570200000000660e-02,7.593181499999999687e+03,1.468303799999999937e+00
1.390999999999999943e+02,5.765663899999999558e+02,-9.029061199999999872e+02,-8.886714500000000498e+02,-1.166512099999999913e-01,7.593181499999999687e+03,1.468303799999999937e+00
1.391500000000000057e+02,6.020058199999999715e+02,-9.039521700000000237e+02,-8.890894299999999930e+02,5.347464700000000848e-01,7.593181499999999687e+03,1.468303799999999937e+00
1.391999999999999886e+02,5.640045699999999442e+02,-9.037137800000000425e+02,-8.897892500000000382e+02,-2.043392700000000173e-01,7.593181499999999687e+03,1.468303799999999937e+00
1.392500000000000000e+02,5.416508400000000165e+02,-9.036324200000000246e+02,-8.902597700000000032e+02,1.889093599999999984e-01,7.593181499999999687e+03,1.468303799999999937e+00
1.393000000000000114e+02,5.322218800000000556e+02,-9.033061999999999898e+02,-8.901663399999999911e+02,1.174603900000000117e-01,7.593181499999999687e+03,1.468303799999999937e+00
1.393499999999999943e+02,5.844484400000000051e+02,-9.036701399999999467e+02,-8.892408699999999726e+02,2.356727200000000022e-01,7.593181499999999687e+03,1.468303799999999937e+00
1.394000000000000057e+02,5.841455700000000206e+02,-9.023305100000000039e+02,-8.879087200000000166e+02,-1.632166500000000187e-01,7.593181499999999687e+03,1.468303799999999937e+00
1.394499999999999886e+02,5.868734200000000101e+02,-9.016614100000000462e+02,-8.871722800000000007e+02,2.593591600000000330e-01,7.593181499999999687e+03,1.468303799999999937e+00
1.395000000000000000e+02,6.339118300000000090e+02,-9.025490600000000541e+02,-8.868986099999999624e+02,2.692778400000000461e-01,7.593181499999999687e+03,1.468303799999999937e+00
1.395500000000000114e+02,6.616352399999999534e+02,-9.034610400000000254e+02,-8.871261299999999892e+02,8.013295000000000834e-02,7.593181499999999687e+03,1.468303799999999937e+00
1.395999999999999943e+02,6.516540599999999586e+02,-9.039420900000000074e+02,-8.878536000000000286e+02,-2.181856200000000245e-01,7.593181499999999687e+03,1.468303799999999937e+00
1.396500000000000057e+02,5.613644299999999703e+02,-9.024299499999999625e+02,-8.885706000000000131e+02,4.217755800000000388e-01,7.593181499999999687e+03,1.468303799999999937e+00
1.396999999999999886e+02,6.388917500000000018e+02,-9.047163799999999583e+02,-8.889429800000000341e+02,-1.515982500000000177e-01,7.593181499999999687e+03,1.468303799999999937e+00
1.397500000000000000e+02,5.864220699999999624e+02,-9.038601200000000517e+02,-8.893821199999999862e+02,2.926215000000000413e-02,7.593181499999999687e+03,1.468303799999999937e+00
1.398000000000000114e+02,5.975218800000000101e+02,-9.044138799999999492e+02,-8.896618499999999585e+02,-1.041428699999999985e-01,7.593181499999999687e+03,1.468303799999999937e+00
1.398499999999999943e+02,5.759339099999999689e+02,-9.040287600000000339e+02,-8.898097000000000207e+02,-1.043123000000000106e-01,7.593181499999999687e+03,1.468303799999999937e+00
1.399000000000000057e+02,6.279579700000000457e+02,-9.053764999999999645e+02,-8.898730399999999463e+02,2.803155800000000086e-01,7.593181499999999687e+03,1.468303799999999937e+00
1.399499999999999886e+02,6.269596900000000232e+02,-9.058135499999999638e+02,-8.903347400000000107e+02,-6.947420700000001004e-02,7.593181499999999687e+03,1.468303799999999937e+00
1.400000000000000000e+02,5.511633100000000240e+02,-9.046413700000000517e+02,-8.910338699999999790e+02,1.488879200000000069e-01,7.593181499999999687e+03,1.468303799999999937e+00
1.400500000000000114e+02,5.558939800000000560e+02,-9.049712700000000041e+02,-8.912469700000000330e+02,1.882721400000000045e-01,7.593181499999999687e+03,1.468303799999999937e+00
1.400999999999999943e+02,5.427474399999999832e+02,-9.043599100000000135e+02,-8.909601900000000114e+02,-1.646485500000000046e-02,7.593181499999999687e+03,1.468303799999999937e+00
1.401500000000000057e+02,6.045502300000000560e+02,-9.050942199999999502e+02,-8.901686700000000201e+02,2.793515899999999830e-01,7.593181499999999687e+03,1.468303799999999937e+00
1.401999999999999886e+02,5.910580899999999929e+02,-9.039172800000000052e+02,-8.893248300000000199e+02,7.861222500000000779e-02,7.593181499999999687e+03,1.468303799999999937e+00
1.402500000000000000e+02,6.374564800000000560e+02,-9.042410499999999729e+02,-8.885030799999999545e+02,7.700206500000000842e-02,7.593181499999999687e+03,1.468303799999999937e+00
1.403000000000000114e+02,6.615164600000000519e+02,-9.043738200000000234e+02,-8.880418499999999540e+02,-2.193236300000000194e-01,7.593181499999999687e+03,1.468303799999999937e+00
1.403499999999999943e+02,6.339450799999999617e+02,-9.036566299999999501e+02,-8.880053599999999960e+02,2.516182700000000119e-02,7.593181499999999687e+03,1.468303799999999937e+00
1.404000000000000057e+02,6.102720000000000482e+02,-9.034755199999999604e+02,-8.884086999999999534e+02,-1.318219900000000000e-01,7.593181499999999687e+03,1.468303799999999937e+00
1.404499999999999886e+02,5.551593800000000556e+02,-9.027323300000000472e+02,-8.890261799999999539e+02,9.253501399999999877e-02,7.593181499999999687e+03,1.468303799999999937e+00
1.405000000000000000e+02,5.625735799999999927e+02,-9.032958800000000110e+02,-8.894066800000000512e+02,-3.101342000000000265e-01,7.593181499999999687e+03,1.468303799999999937e+00
1.405500000000000114e+02,5.710230199999999741e+02,-9.035521599999999580e+02,-8.894543599999999515e+02,3.321315599999999802e-03,7.593181499999999687e+03,1.468303799999999937e+00
1.405999999999999943e+02,5.883745699999999488e+02,-9.034453800000000001e+02,-8.889191899999999578e+02,-2.230078500000000075e-01,7.593181499999999687e+03,1.468303799999999937e+00
1.406500000000000057e+02,5.888798000000000457e+02,-9.024246299999999792e+02,-8.878859599999999546e+02,7.291982400000000808e-02,7.593181499999999687e+03,1.468303799999999937e+00
1.406999999999999886e+02,6.052034099999999626e+02,-9.019650500000000193e+02,-8.870233699999999999e+02,1.736872000000000138e-01,7.593181499999999687e+03,1.468303799999999937e+00
1.407500000000000000e+02,6.608066900000000032e+02,-9.029503799999999956e+02,-8.866359300000000303e+02,1.808938699999999844e-02,7.593181499999999687e+03,1.468303799999999937e+00
1.408000000000000114e+02,5.871150000000000091e+02,-9.013164299999999685e+02,-8.868213399999999638e+02,-7.707288400000000816e-02,7.593181499999999687e+03,1.468303799999999937e+00
1.408499999999999943e+02,5.904596999999999980e+02,-9.017000399999999445e+02,-8.871223700000000463e+02,1.078040900000000052e-01,7.593181499999999687e+03,1.468303799999999937e+00
1.409000000000000057e+02,5.927217699999999923e+02,-9.021994300000000067e+02,-8.875659000000000560e+02,-8.031435900000000183e-02,7.593181499999999687e+03,1.468303799999999937e+00
1.409499999999999886e+02,6.013814599999999473e+02,-9.030618100000000368e+02,-8.882144899999999552e+02,-5.654519400000000695e-02,7.593181499999999687e+03,1.468303799999999937e+00
1.410000000000000000e+02,5.961484199999999873e+02,-9.039137200000000121e+02,-8.891955900000000383e+02,1.261949300000000107e-01,7.593181499999999687e+03,1.468303799999999937e+00
1.410500000000000114e+02,5.558980199999999741e+02,-9.037547499999999445e+02,-8.900303599999999733e+02,-1.643241900000000089e-01,7.593181499999999687e+03,1.468303799999999937e+00
1.410999999999999943e+02,5.348007700000000568e+02,-9.035051399999999830e+02,-8.903016099999999824e+02,7.063239799999999902e-02,7.593181499999999687e+03,1.468303799999999937e+00
1.411500000000000057e+02,5.978852900000000545e+02,-9.048086499999999432e+02,-8.900476499999999760e+02,-2.052016000000000118e-01,7.593181499999999687e+03,1.468303799999999937e+00
1.411999999999999886e+02,5.723562299999999823e+02,-9.038234999999999673e+02,-8.896927799999999706e+02,2.816182200000000302e-01,7.593181499999999687e+03,1.468303799999999937e+00
1.412500000000000000e+02,5.694483000000000175e+02,-9.032544900000000325e+02,-8.891955600000000004e+02,-9.748112300000000285e-02,7.593181499999999687e+03,1.468303799999999937e+00
1.413000000000000114e+02,6.230023700000000417e+02,-9.038195299999999861e+02,-8.884384199999999510e+02,-1.198164000000000035e-01,7.593181499999999687e+03,1.468303799999999937e+00
1.413499999999999943e+02,5.992531199999999671e+02,-9.027600899999999911e+02,-8.879653100000000450e+02,1.086644500000000062e-02,7.593181499999999687e+03,1.468303799999999937e+00
1.414000000000000057e+02,6.247870199999999841e+02,-9.032545699999999442e+02,-8.878293999999999642e+02,-2.776862200000000391e-01,7.593181499999999687e+03,1.468303799999999937e+00
1.414499999999999886e+02,6.253534300000000030e+02,-9.035734400000000051e+02,-8.881342899999999645e+02,3.567002700000000415e-01,7.593181499999999687e+03,1.468303799999999937e+00
1.415000000000000000e+02,5.930628000000000384e+02,-9.034015699999999924e+02,-8.887596300000000156e+02,5.064910000000000245e-02,7.593181499999999687e+03,1.468303799999999937e+00
1.415500000000000114e+02,5.799614800000000514e+02,-9.034011699999999792e+02,-8.890826899999999569e+02,2.672140100000000018e-01,7.593181499999999687e+03,1.468303799999999937e+00
1.415999999999999943e+02,5.643617799999999534e+02,-9.030041099999999687e+02,-8.890707599999999502e+02,1.617319899999999921e-01,7.593181499999999687e+03,1.468303799999999937e+00
1.416500000000000057e+02,6.006253199999999879e+02,-9.037912300000000414e+02,-8.889625800000000027e+02,1.430507300000000148e-01,7.593181499999999687e+03,1.468303799999999937e+00
1.416999999999999886e+02,6.195739300000000185e+02,-9.041468599999999469e+02,-8.888503899999999476e+02,1.410473800000000000e-01,7.593181499999999687e+03,1.468303799999999937e+00
1.417500000000000000e+02,5.868195799999999736e+02,-9.032058399999999665e+02,-8.887180299999999988e+02,2.978801900000000585e-02,7.593181499999999687e+03,1.468303799999999937e+00
1.418000000000000114e+02,6.202774299999999812e+02,-9.036245099999999866e+02,-8.883106699999999591e+02,1.574159100000000200e-01,7.593181499999999687e+03,1.468303799999999937e+00
1.418499999999999943e+02,6.069853699999999890e+02,-9.026062600000000202e+02,-8.876205899999999929e+02,3.079316800000000409e-01,7.593181499999999687e+03,1.468303799999999937e+00
1.419000000000000057e+02,6.109888899999999694e+02,-9.019947399999999789e+02,-8.869102299999999559e+02,-1.021174500000000124e-02,7.593181499999999687e+03,1.468303799999999937e+00
1.419499999999999886e+02,5.990530899999999974e+02,-9.010487399999999525e+02,-8.862589000000000397e+02,-2.805363899999999827e-02,7.593181499999999687e+03,1.468303799999999937e+00
1.420000000000000000e+02,6.532486499999999978e+02,-9.014630899999999656e+02,-8.853352399999999989e+02,5.847048500000000260e-02,7.593181499999999687e+03,1.468303799999999937e+00
1.420500000000000114e+02,6.859496699999999691e+02,-9.019429000000000087e+02,-8.850076999999999998e+02,2.825105900000000059e-01,7.593181499999999687e+03,1.468303799999999937e+00
1.420999999999999943e+02,6.720313999999999623e+02,-9.021427800000000161e+02,-8.855512099999999691e+02,2.811728900000000086e-01,7.593181499999999687e+03,1.468303799999999937e+00
1.421500000000000057e+02,6.059222200000000385e+02,-9.017857099999999946e+02,-8.868262899999999718e+02,2.392445200000000161e-01,7.593181499999999687e+03,1.468303799999999937e+00
1.421999999999999886e+02,6.229777900000000272e+02,-9.030510000000000446e+02,-8.876704999999999472e+02,3.989203900000000066e-03,7.593181499999999687e+03,1.468303799999999937e+00
1.422500000000000000e+02,5.908524999999999636e+02,-9.026458300000000463e+02,-8.880584599999999682e+02,2.071358299999999930e-01,7.593181499999999687e+03,1.468303799999999937e+00
1.423000000000000114e+02,6.106708800000000110e+02,-9.033324499999999944e+02,-8.882557900000000473e+02,1.477334399999999937e-01,7.593181499999999687e+03,1.468303799999999937e+00
1.423499999999999943e+02,5.946513599999999542e+02,-9.031781300000000101e+02,-8.884969700000000330e+02,1.326616500000000164e-02,7.593181499999999687e+03,1.468303799999999937e+00
1.424000000000000057e+02,6.208182100000000219e+02,-9.042361399999999776e+02,-8.889089500000000044e+02,2.263249400000000300e-01,7.593181499999999687e+03,1.468303799999999937e+00
1.424499999999999886e+02,5.655772299999999859e+02,-9.035801999999999907e+02,-8.896168400000000247e+02,2.380786000000000291e-01,7.593181499999999687e+03,1.468303799999999937e+00
1.425000000000000000e+02,5.349026400000000194e+02,-9.031631399999999985e+02,-8.899570999999999685e+02,5.004477800000000504e-03,7.593181499999999687e+03,1.468303799999999937e+00
1.425500000000000114e+02,5.911627700000000232e+02,-9.044343400000000202e+02,-8.898392999999999802e+02,3.247249100000000332e-01,7.593181499999999687e+03,1.468303799999999937e+00
1.425999999999999943e+02,6.051403500000000122e+02,-9.045078600000000506e+02,-8.895677399999999579e+02,-5.032739800000000235e-02,7.593181499999999687e+03,1.468303799999999937e+00
1.426500000000000057e+02,6.024044599999999718e+02,-9.037349900000000389e+02,-8.888624200000000428e+02,1.023464600000000002e-01,7.593181499999999687e+03,1.468303799999999937e+00
1.426999999999999886e+02,6.319472799999999779e+02,-9.033617500000000291e+02,-8.877598000000000411e+02,2.796565400000000125e-03,7.593181499999999687e+03,1.468303799999999937e+00
1.427500000000000000e+02,6.387160699999999451e+02,-9.028086899999999559e+02,-8.870396299999999883e+02,3.695555699999999999e-02,7.593181499999999687e+03,1.468303799999999937e+00
1.428000000000000114e+02,5.894280199999999468e+02,-9.011826999999999543e+02,-8.866304999999999836e+02,-1.782204300000000130e-01,7.593181499999999687e+03,1.468303799999999937e+00
1.428499999999999943e+02,6.496187099999999646e+02,-9.021639599999999746e+02,-8.861257299999999759e+02,1.189311300000000099e-01,7.593181499999999687e+03,1.468303799999999937e+00
1.429000000000000057e+02,6.385608999999999469e+02,-9.017827399999999898e+02,-8.860175100000000157e+02,-9.708956900000000056e-02,7.593181499999999687e+03,1.468303799999999937e+00
1.429499999999999886e+02,6.403499100000000226e+02,-9.023757699999999886e+02,-8.865663700000000063e+02,7.152984500000000856e-02,7.593181499999999687e+03,1.468303799999999937e+00
1.430000000000000000e+02,6.276739199999999528e+02,-9.037612900000000309e+02,-8.882648400000000493e+02,-6.873319499999999867e-03,7.593181499999999687e+03,1.468303799999999937e+00
1.430500000000000114e+02,5.518359100000000126e+02,-9.030595499999999447e+02,-8.894354399999999714e+02,4.321449199999999845e-03,7.593181499999999687e+03,1.468303799999999937e+00
1.430999999999999943e+02,5.771884999999999764e+02,-9.038556599999999435e+02,-8.896056300000000192e+02,2.460315700000000327e-01,7.593181499999999687e+03,1.468303799999999937e+00
1.431500000000000057e+02,5.668255000000000337e+02,-9.034873099999999795e+02,-8.894931299999999510e+02,2.038843700000000092e-01,7.593181499999999687e+03,1.468303799999999937e+00
1.431999999999999886e+02,5.493566499999999451e+02,-9.026407400000000507e+02,-8.890778400000000374e+02,1.650453199999999954e-01,7.593181499999999687e+03,1.468303799999999937e+00
1.432500000000000000e+02,6.131023999999999887e+02,-9.033210599999999886e+02,-8.881843699999999444e+02,3.720968400000000415e-03,7.593181499999999687e+03,1.468303799999999937e+00
1.433000000000000114e+02,6.008997399999999516e+02,-9.023169599999999946e+02,-8.874815300000000207e+02,3.466356600000000121e-01,7.593181499999999687e+03,1.468303799999999937e+00
1.433499999999999943e+02,5.708765700000000152e+02,-9.011221900000000460e+02,-8.870279900000000453e+02,1.521381200000000156e-01,7.593181499999999687e+03,1.468303799999999937e+00
1.434000000000000057e+02,6.389816700000000083e+02,-9.022214999999999918e+02,-8.864458799999999883e+02,2.263949400000000167e-01,7.593181499999999687e+03,1.468303799999999937e+00
1.434499999999999886e+02,6.219993100000000368e+02,-9.015392399999999498e+02,-8.861829000000000178e+02,-4.525093300000000013e-02,7.593181499999999687e+03,1.468303799999999937e+00
1.435000000000000000e+02,7.041040699999999788e+02,-9.036755200000000059e+02,-8.862921099999999797e+02,3.685018200000000355e-01,7.593181499999999687e+03,1.468303799999999937e+00
1.435500000000000114e+02,6.209954699999999548e+02,-9.029369799999999486e+02,-8.876054199999999810e+02,1.339608300000000030e-01,7.593181499999999687e+03,1.468303799999999937e+00
1.435999999999999943e+02,5.670352199999999812e+02,-9.029266699999999446e+02,-8.889273200000000088e+02,4.314752800000000166e-01,7.593181499999999687e+03,1.468303799999999937e+00
1.436500000000000057e+02,6.078159799999999677e+02,-9.041387300000000096e+02,-8.891325600000000122e+02,2.644935700000000112e-01,7.593181499999999687e+03,1.468303799999999937e+00
1.436999999999999886e+02,5.669648399999999810e+02,-9.030199599999999691e+02,-8.890223399999999856e+02,1.075337999999999988e-02,7.593181499999999687e+03,1.468303799999999937e+00
1.437500000000000000e+02,5.931019599999999627e+02,-9.031824400000000423e+02,-8.885395300000000134e+02,8.044823900000000472e-02,7.593181499999999687e+03,1.468303799999999937e+00
1.438000000000000114e+02,5.782629899999999452e+02,-9.022433099999999513e+02,-8.879667600000000220e+02,2.092846800000000007e-01,7.593181499999999687e+03,1.468303799999999937e+00
1.438499999999999943e+02,6.338205900000000383e+02,-9.028907299999999623e+02,-8.872425299999999879e+02,8.017188300000001322e-02,7.593181499999999687e+03,1.468303799999999937e+00
1.439000000000000057e+02,6.107615700000000061e+02,-9.020661000000000058e+02,-8.869872000000000298e+02,1.526615899999999963e-02,7.593181499999999687e+03,1.468303799999999937e+00
1.439499999999999886e+02,6.255404399999999896e+02,-9.024531200000000126e+02,-8.870093500000000404e+02,2.696551600000000048e-01,7.593181499999999687e+03,1.468303799999999937e+00
1.440000000000000000e+02,6.068951799999999821e+02,-9.024961299999999937e+02,-8.875126800000000458e+02,2.453370800000000129e-01,7.593181499999999687e+03,1.468303799999999937e+00
1.440500000000000114e+02,5.805847499999999854e+02,-9.029574199999999564e+02,-8.886235400000000482e+02,1.155104400000000059e-01,7.593181499999999687e+03,1.468303799999999937e+00
1.440999999999999943e+02,5.928028799999999592e+02,-9.043654599999999846e+02,-8.897299400000000560e+02,-7.002847900000000458e-02,7.593181499999999687e+03,1.468303799999999937e+00
1.441500000000000057e+02,6.020835600000000341e+02,-9.052333399999999983e+02,-8.903686900000000151e+02,1.559034599999999937e-01,7.593181499999999687e+03,1.468303799999999937e+00
1.441999999999999886e+02,5.635932400000000371e+02,-9.044189999999999827e+02,-8.905046300000000201e+02,-9.565125100000000657e-02,7.593181499999999687e+03,1.468303799999999937e+00
1.442500000000000000e+02,5.889982999999999720e+02,-9.047917200000000548e+02,-8.902501200000000381e+02,2.606127000000000304e-01,7.593181499999999687e+03,1.468303799999999937e+00
1.443000000000000114e+02,6.164823000000000093e+02,-9.052327900000000227e+02,-8.900126500000000078e+02,-1.082660400000000078e-01,7.593181499999999687e+03,1.468303799999999937e+00
1.443499999999999943e+02,5.895493300000000545e+02,-9.043921199999999772e+02,-8.898369199999999637e+02,2.317262400000000278e-01,7.593181499999999687e+03,1.468303799999999937e+00
1.444000000000000057e+02,5.913586400000000367e+02,-9.039418200000000070e+02,-8.893419499999999971e+02,-2.411552000000000140e-02,7.593181499999999687e+03,1.468303799999999937e+00
1.444499999999999886e+02,6.219861100000000533e+02,-9.040090999999999894e+02,-8.886530800000000454e+02,7.536791200000000912e-02,7.593181499999999687e+03,1.468303799999999937e+00
1.445000000000000000e+02,6.116763399999999820e+02,-9.030594999999999573e+02,-8.879580200000000332e+02,-1.125755300000000070e-01,7.593181499999999687e+03,1.468303799999999937e+00
1.445500000000000114e+02,6.654648799999999937e+02,-9.032917800000000170e+02,-8.868623199999999542e+02,3.408033699999999944e-01,7.593181499999999687e+03,1.468303799999999937e+00
1.445999999999999943e+02,6.212394199999999955e+02,-9.012574299999999994e+02,-8.859198499999999967e+02,-1.474940200000000035e-01,7.593181499999999687e+03,1.468303799999999937e+00
1.446500000000000057e+02,6.562685300000000552e+02,-9.013237500000000182e+02,-8.851213400000000320e+02,-1.511668300000000055e-02,7.593181499999999687e+03,1.468303799999999937e+00
1.446999999999999886e+02,6.484951999999999543e+02,-9.010115500000000566e+02,-8.850010499999999638e+02,-4.076146800000000209e-02,7.593181499999999687e+03,1.468303799999999937e+00
1.447500000000000000e+02,6.488897100000000364e+02,-9.022161599999999453e+02,-8.861959200000000010e+02,6.130146999999999680e-02,7.593181499999999687e+03,1.468303799999999937e+00
1.448000000000000114e+02,5.869645600000000059e+02,-9.020680800000000090e+02,-8.875766899999999850e+02,-1.383989700000000100e-01,7.593181499999999687e+03,1.468303799999999937e+00
1.448499999999999943e+02,6.150566700000000537e+02,-9.033391699999999673e+02,-8.881542299999999841e+02,5.098316300000000495e-02,7.593181499999999687e+03,1.468303799999999937e+00
1.449000000000000057e+02,6.308399200000000064e+02,-9.042222100000000182e+02,-8.886476000000000113e+02,-5.017598300000000733e-02,7.593181499999999687e+03,1.468303799999999937e+00
1.449499999999999886e+02,5.889002100000000155e+02,-9.039471899999999778e+02,-8.894080099999999902e+02,4.663573800000000991e-03,7.593181499999999687e+03,1.468303799999999937e+00
1.450000000000000000e+02,5.484289300000000367e+02,-9.034211699999999610e+02,-8.898811799999999721e+02,6.687680199999999908e-02,7.593181499999999687e+03,1.468303799999999937e+00
1.450500000000000114e+02,5.856915500000000065e+02,-9.043859499999999798e+02,-8.899260000000000446e+02,-6.706744500000000331e-02,7.593181499999999687e+03,1.468303799999999937e+00
1.450999999999999943e+02,5.823351599999999735e+02,-9.039849900000000389e+02,-8.896078999999999724e+02,3.982301200000000485e-02,7.593181499999999687e+03,1.468303799999999937e+00
1.451500000000000057e+02,6.523848500000000286e+02,-9.047517000000000280e+02,-8.886451700000000073e+02,1.854979400000000000e-01,7.593181499999999687e+03,1.468303799999999937e+00
1.451999999999999886e+02,5.839972500000000082e+02,-9.023053400000000011e+02,-8.878872099999999818e+02,-1.153005400000000069e-01,7.593181499999999687e+03,1.468303799999999937e+00
1.452500000000000000e+02,6.702099100000000362e+02,-9.036742600000000039e+02,-8.871276500000000169e+02,2.459285499999999958e-01,7.593181499999999687e+03,1.468303799999999937e+00
1.453000000000000114e+02,6.216878400000000511e+02,-9.024859800000000405e+02,-8.871373200000000452e+02,-1.782351600000000149e-03,7.593181499999999687e+03,1.468303799999999937e+00
1.453499999999999943e+02,6.013407600000000457e+02,-9.022143700000000308e+02,-8.873680600000000140e+02,-1.489946200000000220e-01,7.593181499999999687e+03,1.468303799999999937e+00
1.454000000000000057e+02,6.399001500000000533e+02,-9.034722900000000436e+02,-8.876739900000000034e+02,-3.027128400000000594e-02,7.593181499999999687e+03,1.468303799999999937e+00
1.454499999999999886e+02,6.165575400000000172e+02,-9.034344200000000455e+02,-8.882124199999999519e+02,2.038475100000000095e-01,7.593181499999999687e+03,1.468303799999999937e+00
1.455000000000000000e+02,6.039125599999999849e+02,-9.036078300000000354e+02,-8.886980200000000423e+02,2.281511900000000037e-01,7.593181499999999687e+03,1.468303799999999937e+00
1.455500000000000114e+02,6.446328399999999874e+02,-9.049945000000000164e+02,-8.890793599999999515e+02,2.579962100000000591e-01,7.593181499999999687e+03,1.468303799999999937e+00
1.455999999999999943e+02,6.327697200000000066e+02,-9.052635500000000093e+02,-8.896412900000000263e+02,2.256602400000000397e-01,7.593181499999999687e+03,1.468303799999999937e+00
1.456500000000000057e+02,5.904845699999999624e+02,-9.048560199999999440e+02,-8.902777300000000196e+02,-9.344265000000000904e-03,7.593181499999999687e+03,1.468303799999999937e+00
1.456999999999999886e+02,5.740450200000000223e+02,-9.048211199999999508e+02,-8.906486999999999625e+02,2.736466200000000071e-01,7.593181499999999687e+03,1.468303799999999937e+00
1.457500000000000000e+02,5.992724799999999732e+02,-9.054446400000000494e+02,-8.906493900000000394e+02,-6.750263300000000632e-02,7.593181499999999687e+03,1.468303799999999937e+00
1.458000000000000114e+02,5.528889900000000353e+02,-9.041400200000000495e+02,-8.904899100000000089e+02,5.653357600000000899e-02,7.593181499999999687e+03,1.468303799999999937e+00
1.458499999999999943e+02,6.214073600000000397e+02,-9.053820699999999988e+02,-8.900403300000000399e+02,-1.708167999999999909e-01,7.593181499999999687e+03,1.468303799999999937e+00
1.459000000000000057e+02,6.174966699999999946e+02,-9.049912799999999606e+02,-8.897460999999999558e+02,-9.850657699999999448e-03,7.593181499999999687e+03,1.468303799999999937e+00
1.459499999999999886e+02,6.223587999999999738e+02,-9.049736100000000079e+02,-8.896083899999999858e+02,-9.851803700000000275e-02,7.593181499999999687e+03,1.468303799999999937e+00
1.460000000000000000e+02,6.058219900000000280e+02,-9.046724900000000389e+02,-8.897155400000000327e+02,2.547757200000000388e-01,7.593181499999999687e+03,1.468303799999999937e+00
1.460500000000000114e+02,5.953865100000000439e+02,-9.047191199999999753e+02,-8.900198100000000068e+02,-8.004019099999998971e-03,7.593181499999999687e+03,1.468303799999999937e+00
1.460999999999999943e+02,5.665584000000000060e+02,-9.041510700000000043e+02,-8.901634800000000496e+02,2.861802200000000407e-01,7.593181499999999687e+03,1.468303799999999937e+00
1.461500000000000057e+02,5.645017699999999650e+02,-9.039789899999999534e+02,-8.900421800000000303e+02,9.949204200000000275e-02,7.593181499999999687e+03,1.468303799999999937e+00
1.461999999999999886e+02,5.992716799999999466e+02,-9.045222599999999602e+02,-8.897270300000000134e+02,2.177697299999999947e-01,7.593181499999999687e+03,1.468303799999999937e+00
1.462500000000000000e+02,5.887812599999999748e+02,-9.040924199999999473e+02,-8.895561800000000403e+02,4.221837400000000122e-03,7.593181499999999687e+03,1.468303799999999937e+00
1.463000000000000114e+02,6.064903199999999970e+02,-9.044625600000000532e+02,-8.894891099999999824e+02,1.373139100000000112e-01,7.593181499999999687e+03,1.468303799999999937e+00
1.463499999999999943e+02,5.788705899999999929e+02,-9.037615500000000566e+02,-8.894700000000000273e+02,-1.879187600000000180e-01,7.593181499999999687e+03,1.468303799999999937e+00
1.464000000000000057e+02,5.870757200000000466e+02,-9.038030199999999468e+02,-8.893088999999999942e+02,2.695629399999999731e-01,7.593181499999999687e+03,1.468303799999999937e+00
1.464499999999999886e+02,5.891108600000000024e+02,-9.035904600000000073e+02,-8.890460799999999608e+02,-5.574607000000000173e-02,7.593181499999999687e+03,1.468303799999999937e+00
1.465000000000000000e+02,5.893283699999999499e+02,-9.031180000000000518e+02,-8.885682500000000346e+02,9.439257800000000476e-02,7.593181499999999687e+03,1.468303799999999937e+00
1.465500000000000114e+02,6.332188400000000001e+02,-9.034528699999999617e+02,-8.878195299999999861e+02,-2.371679100000000096e-02,7.593181499999999687e+03,1.468303799999999937e+00
1.465999999999999943e+02,6.367230200000000195e+02,-9.027323699999999462e+02,-8.870125100000000202e+02,1.455902800000000163e-01,7.593181499999999687e+03,1.468303799999999937e+00
1.466500000000000057e+02,6.771810400000000527e+02,-9.032577400000000125e+02,-8.865390300000000252e+02,-2.751967200000000544e-02,7.593181499999999687e+03,1.468303799999999937e+00
1.466999999999999886e+02,6.418193199999999479e+02,-9.024106600000000071e+02,-8.865649899999999661e+02,1.267795200000000067e-01,7.593181499999999687e+03,1.468303799999999937e+00
1.467500000000000000e+02,6.139814800000000332e+02,-9.025019499999999653e+02,-8.873435500000000502e+02,2.925024900000000247e-02,7.593181499999999687e+03,1.468303799999999937e+00
1.468000000000000114e+02,5.936418599999999515e+02,-9.033659699999999475e+02,-8.887097300000000359e+02,-9.338070900000000618e-02,7.593181499999999687e+03,1.468303799999999937e+00
1.468499999999999943e+02,5.889444799999999987e+02,-9.041053799999999683e+02,-8.895651100000000042e+02,4.285873400000000250e-02,7.593181499999999687e+03,1.468303799999999937e+00
1.469000000000000057e+02,6.066371500000000196e+02,-9.049898399999999583e+02,-8.900127599999999575e+02,-1.621483500000000244e-01,7.593181499999999687e+03,1.468303799999999937e+00
1.469499999999999886e+02,5.764727799999999434e+02,-9.044968400000000202e+02,-8.902644900000000234e+02,-7.441643600000000247e-02,7.593181499999999687e+03,1.468303799999999937e+00
1.470000000000000000e+02,5.469406699999999546e+02,-9.036396799999999985e+02,-8.901364300000000185e+02,-7.413082100000001340e-02,7.593181499999999687e+03,1.468303799999999937e+00
1.470500000000000114e+02,6.022466399999999567e+02,-9.043240500000000566e+02,-8.894553700000000163e+02,2.948892300000000022e-02,7.593181499999999687e+03,1.468303799999999937e+00
1.470999999999999943e+02,6.334330700000000434e+02,-9.042095600000000104e+02,-8.885709299999999757e+02,-9.455824300000001403e-02,7.593181499999999687e+03,1.468303799999999937e+00
1.471500000000000057e+02,6.267139600000000428e+02,-9.035307099999999991e+02,-8.880579699999999548e+02,-2.317326000000000108e-01,7.593181499999999687e+03,1.468303799999999937e+00
1.471999999999999886e+02,6.241580800000000409e+02,-9.032413500000000113e+02,-8.878317100000000437e+02,6.176682399999999795e-02,7.593181499999999687e+03,1.468303799999999937e+00
1.472500000000000000e+02,6.592510499999999638e+02,-9.038399200000000064e+02,-8.875638699999999517e+02,1.547063499999999925e-01,7.593181499999999687e+03,1.468303799999999937e+00
1.473000000000000114e+02,6.407502899999999499e+02,-9.034663900000000467e+02,-8.876471000000000231e+02,-1.195482299999999914e-01,7.593181499999999687e+03,1.468303799999999937e+00
1.473499999999999943e+02,6.293215099999999893e+02,-9.039373100000000250e+02,-8.884001899999999523e+02,2.684056100000000236e-02,7.593181499999999687e+03,1.468303799999999937e+00
1.474000000000000057e+02,5.913091799999999694e+02,-9.040117599999999811e+02,-8.894131200000000490e+02,-1.177763200000000177e-01,7.593181499999999687e+03,1.468303799999999937e+00
1.474499999999999886e+02,5.281371100000000069e+02,-9.032582200000000512e+02,-8.902192099999999755e+02,1.807966699999999927e-01,7.593181499999999687e+03,1.468303799999999937e+00
1.475000000000000000e+02,5.740538000000000238e+02,-9.045067500000000109e+02,-8.903341100000000097e+02,8.375292800000000426e-02,7.593181499999999687e+03,1.468303799999999937e+00
1.475500000000000114e+02,5.427048600000000533e+02,-9.035206100000000333e+02,-8.901219300000000203e+02,-1.902375299999999880e-01,7.593181499999999687e+03,1.468303799999999937e+00
1.475999999999999943e+02,6.338482800000000452e+02,-9.050655500000000302e+02,-8.894166699999999537e+02,1.776872700000000083e-01,7.593181499999999687e+03,1.468303799999999937e+00
1.476500000000000057e+02,6.063015000000000327e+02,-9.037051300000000538e+02,-8.887363400000000411e+02,-9.191049500000000871e-02,7.593181499999999687e+03,1.468303799999999937e+00
1.476999999999999886e+02,6.359378400000000511e+02,-9.039170699999999670e+02,-8.882165999999999713e+02,4.117864400000000313e-01,7.593181499999999687e+03,1.468303799999999937e+00
1.477500000000000000e+02,6.294508600000000342e+02,-9.035501199999999926e+02,-8.880098000000000411e+02,2.064033399999999976e-03,7.593181499999999687e+03,1.468303799999999937e+00
1.478000000000000114e+02,5.884619500000000016e+02,-9.027303699999999935e+02,-8.882020199999999477e+02,3.550428500000000209e-01,7.593181499999999687e+03,1.468303799999999937e+00
1.478499999999999943e+02,6.273547399999999925e+02,-9.042104100000000244e+02,-8.887218400000000429e+02,-1.080823799999999918e-01,7.593181499999999687e+03,1.468303799999999937e+00
1.479000000000000057e+02,5.758607299999999896e+02,-9.038565099999999575e+02,-8.896392600000000357e+02,6.285291700000000814e-02,7.593181499999999687e+03,1.468303799999999937e+00
1.479499999999999886e+02,5.776287300000000187e+02,-9.045179000000000542e+02,-8.902570100000000366e+02,-2.312064400000000408e-01,7.593181499999999687e+03,1.468303799999999937e+00
1.480000000000000000e+02,5.558233699999999544e+02,-9.040894700000000057e+02,-8.903669200000000501e+02,1.796348799999999968e-01,7.593181499999999687e+03,1.468303799999999937e+00
1.480500000000000114e+02,6.062593799999999646e+02,-9.048985099999999875e+02,-8.899307700000000523e+02,1.100747599999999937e-01,7.593181499999999687e+03,1.468303799999999937e+00
1.480999999999999943e+02,5.909453600000000506e+02,-9.038471100000000433e+02,-8.892574399999999741e+02,-2.885864600000000169e-02,7.593181499999999687e+03,1.468303799999999937e+00
1.481500000000000057e+02,5.489780100000000402e+02,-9.019302300000000514e+02,-8.883766900000000533e+02,2.317965600000000126e-01,7.593181499999999687e+03,1.468303799999999937e+00
1.481999999999999886e+02,6.163859400000000051e+02,-9.025096200000000408e+02,-8.872918600000000424e+02,1.371378499999999917e-02,7.593181499999999687e+03,1.468303799999999937e+00
1.482500000000000000e+02,7.015843399999999974e+02,-9.042790499999999838e+02,-8.869578500000000076e+02,4.659535900000000286e-02,7.593181499999999687e+03,1.468303799999999937e+00
1.483000000000000114e+02,6.057438799999999901e+02,-9.022166300000000092e+02,-8.872616100000000188e+02,-1.445560300000000298e-01,7.593181499999999687e+03,1.468303799999999937e+00
1.483499999999999943e+02,6.158146500000000287e+02,-9.027049600000000282e+02,-8.875013000000000147e+02,2.264874899999999858e-01,7.593181499999999687e+03,1.468303799999999937e+00
1.484000000000000057e+02,6.004085000000000036e+02,-9.026939800000000105e+02,-8.878706799999999930e+02,1.821693400000000129e-01,7.593181499999999687e+03,1.468303799999999937e+00
1.484499999999999886e+02,6.006322000000000116e+02,-9.030569100000000162e+02,-8.882280899999999519e+02,4.207102400000000131e-01,7.593181499999999687e+03,1.468303799999999937e+00
1.485000000000000000e+02,6.099355900000000474e+02,-9.036901800000000549e+02,-8.886316699999999855e+02,2.182494700000000287e-01,7.593181499999999687e+03,1.468303799999999937e+00
1.485500000000000114e+02,5.523605900000000020e+02,-9.030510900000000447e+02,-8.894140300000000252e+02,3.868829400000000501e-02,7.593181499999999687e+03,1.468303799999999937e+00
1.485999999999999943e+02,5.325641200000000026e+02,-9.034545600000000150e+02,-8.903062499999999773e+02,5.972494200000000308e-02,7.593181499999999687e+03,1.468303799999999937e+00
1.486500000000000057e+02,5.586247700000000123e+02,-9.048806899999999587e+02,-8.910889799999999923e+02,1.693712199999999890e-01,7.593181499999999687e+03,1.468303799999999937e+00
1.486999999999999886e+02,5.010555600000000140e+02,-9.041399499999999989e+02,-8.917695499999999811e+02,1.410611300000000068e-01,7.593181499999999687e+03,1.468303799999999937e+00
1.487500000000000000e+02,5.076669899999999984e+02,-9.043414000000000215e+02,-8.918077700000000050e+02,1.727285699999999979e-01,7.593181499999999687e+03,1.468303799999999937e+00
1.488000000000000114e+02,5.767705499999999574e+02,-9.047429700000000139e+02,-8.905032599999999547e+02,7.243745900000000959e-02,7.593181499999999687e+03,1.468303799999999937e+00
1.488499999999999943e+02,5.870986599999999953e+02,-9.036532600000000457e+02,-8.891585599999999658e+02,4.025855100000000353e-01,7.593181499999999687e+03,1.468303799999999937e+00
1.489000000000000057e+02,5.869619699999999511e+02,-9.029415599999999813e+02,-8.884502400000000080e+02,1.826180000000000025e-01,7.593181499999999687e+03,1.468303799999999937e+00
1.489499999999999886e+02,6.258077899999999545e+02,-9.033490000000000464e+02,-8.878986300000000256e+02,-1.386221200000000153e-01,7.593181499999999687e+03,1.468303799999999937e+00
1.490000000000000000e+02,6.063015599999999949e+02,-9.026468099999999595e+02,-8.876780199999999468e+02,1.749519100000000160e-01,7.593181499999999687e+03,1.468303799999999937e+00
1.490500000000000114e+02,6.175821999999999434e+02,-9.028111199999999599e+02,-8.875638300000000527e+02,2.896810599999999902e-01,7.593181499999999687e+03,1.468303799999999937e+00
1.490999999999999943e+02,5.651595399999999927e+02,-9.016426999999999907e+02,-8.876896500000000287e+02,2.338838400000000095e-01,7.593181499999999687e+03,1.468303799999999937e+00
1.491500000000000057e+02,6.040877900000000409e+02,-9.028028199999999970e+02,-8.878886899999999969e+02,2.320980099999999866e-02,7.593181499999999687e+03,1.468303799999999937e+00
1.491999999999999886e+02,5.523563199999999824e+02,-9.018350500000000238e+02,-8.881980999999999540e+02,-9.797560700000000969e-03,7.593181499999999687e+03,1.468303799999999937e+00
1.492500000000000000e+02,6.162571100000000115e+02,-9.033705499999999802e+02,-8.881559700000000248e+02,1.757733400000000279e-01,7.593181499999999687e+03,1.468303799999999937e+00
1.493000000000000114e+02,6.176566400000000385e+02,-9.030488900000000285e+02,-8.877997599999999920e+02,8.384320800000000240e-02,7.593181499999999687e+03,1.468303799999999937e+00
1.493499999999999943e+02,5.651163699999999608e+02,-9.013331100000000333e+02,-8.873811299999999846e+02,1.857866400000000306e-01,7.593181499999999687e+03,1.468303799999999937e+00
1.494000000000000057e+02,6.553177600000000211e+02,-9.029553200000000288e+02,-8.867763899999999921e+02,3.131762399999999946e-01,7.593181499999999687e+03,1.468303799999999937e+00
1.494499999999999886e+02,6.318641000000000076e+02,-9.021965500000000020e+02,-8.865966600000000426e+02,4.776417799999999741e-02,7.593181499999999687e+03,1.468303799999999937e+00
1.495000000000000000e+02,6.634155799999999772e+02,-9.036105599999999640e+02,-8.872317000000000462e+02,2.538626099999999886e-01,7.593181499999999687e+03,1.468303799999999937e+00
1.495500000000000114e+02,5.889967100000000073e+02,-9.030861999999999625e+02,-8.885446399999999585e+02,1.051758299999999979e-01,7.593181499999999687e+03,1.468303799999999937e+00
1.495999999999999943e+02,5.679788899999999785e+02,-9.032741999999999507e+02,-8.892515399999999772e+02,2.600181999999999771e-01,7.593181499999999687e+03,1.468303799999999937e+00
1.496500000000000057e+02,5.439662100000000464e+02,-9.027307299999999941e+02,-8.893009200000000192e+02,-1.429400599999999973e-02,7.593181499999999687e+03,1.468303799999999937e+00
1.496999999999999886e+02,5.510052799999999706e+02,-9.024262400000000071e+02,-8.888226399999999785e+02,1.773527500000000034e-01,7.593181499999999687e+03,1.468303799999999937e+00
1.497500000000000000e+02,6.122344399999999496e+02,-9.032880900000000111e+02,-8.881728200000000015e+02,-3.498762600000000084e-02,7.593181499999999687e+03,1.468303799999999937e+00
1.498000000000000114e+02,6.206086800000000494e+02,-9.031336099999999760e+02,-8.878115999999999985e+02,1.628096600000000088e-02,7.593181499999999687e+03,1.468303799999999937e+00
1.498499999999999943e+02,6.472308799999999565e+02,-9.037383099999999558e+02,-8.877590300000000525e+02,3.964033900000000221e-01,7.593181499999999687e+03,1.468303799999999937e+00
1.499000000000000057e+02,6.035319200000000137e+02,-9.029907899999999472e+02,-8.880903799999999819e+02,-8.722091400000001049e-02,7.593181499999999687e+03,1.468303799999999937e+00
1.499499999999999886e+02,6.243205199999999877e+02,-9.039562799999999925e+02,-8.885426300000000310e+02,-9.214915299999999407e-03,7.593181499999999687e+03,1.468303799999999937e+00
1.500000000000000000e+02,5.374881599999999935e+02,-9.027863800000000083e+02,-8.895164999999999509e+02,1.176038400000000012e-01,7.593181499999999687e+03,1.468303799999999937e+00
1.500500000000000114e+02,5.264210299999999734e+02,-9.037557100000000219e+02,-8.907590599999999768e+02,5.096325000000000160e-02,7.593181499999999687e+03,1.468303799999999937e+00
1.500999999999999943e+02,5.501554499999999734e+02,-9.048443499999999631e+02,-8.912617299999999432e+02,-8.084060400000000687e-03,7.593181499999999687e+03,1.468303799999999937e+00
1.501500000000000057e+02,5.409300600000000259e+02,-9.043763300000000527e+02,-8.910214799999999968e+02,-1.395229700000000239e-01,7.593181499999999687e+03,1.468303799999999937e+00
1.501999999999999886e+02,5.759628699999999526e+02,-9.043424800000000232e+02,-8.901227099999999837e+02,9.050220600000000171e-02,7.593181499999999687e+03,1.468303799999999937e+00
1.502500000000000000e+02,6.087565200000000232e+02,-9.043432199999999739e+02,-8.893138199999999642e+02,7.887962300000000981e-02,7.593181499999999687e+03,1.468303799999999937e+00
1.503000000000000114e+02,5.597724500000000489e+02,-9.029218399999999747e+02,-8.891018000000000256e+02,7.045222300000000826e-02,7.593181499999999687e+03,1.468303799999999937e+00
1.503499999999999943e+02,5.853703799999999546e+02,-9.033597600000000511e+02,-8.889077399999999898e+02,2.613343899999999720e-01,7.593181499999999687e+03,1.468303799999999937e+00
1.504000000000000057e+02,6.083232500000000300e+02,-9.036535300000000461e+02,-8.886348299999999654e+02,1.371522599999999981e-01,7.593181499999999687e+03,1.468303799999999937e+00
1.504499999999999886e+02,5.886849999999999454e+02,-9.027452399999999670e+02,-8.882113799999999628e+02,2.578831300000000160e-01,7.593181499999999687e+03,1.468303799999999937e+00
1.505000000000000000e+02,6.179355100000000220e+02,-9.029496000000000322e+02,-8.876935799999999972e+02,-6.514972900000000344e-02,7.593181499999999687e+03,1.468303799999999937e+00
1.505500000000000114e+02,5.970232200000000375e+02,-9.022201400000000149e+02,-8.874804199999999810e+02,3.139508099999999829e-02,7.593181499999999687e+03,1.468303799999999937e+00
1.505999999999999943e+02,6.230925399999999854e+02,-9.027298100000000431e+02,-8.873464800000000423e+02,3.361131800000000114e-01,7.593181499999999687e+03,1.468303799999999937e+00
1.506500000000000057e+02,5.781483899999999494e+02,-9.020257599999999911e+02,-8.877520299999999907e+02,9.679025900000000696e-03,7.593181499999999687e+03,1.468303799999999937e+00
1.506999999999999886e+02,5.810301500000000487e+02,-9.029345899999999574e+02,-8.885897200000000566e+02,-3.423022700000000196e-02,7.593181499999999687e+03,1.468303799999999937e+00
1.507500000000000000e+02,5.648527199999999766e+02,-9.034498999999999569e+02,-8.895044299999999566e+02,2.657485299999999828e-01,7.593181499999999687e+03,1.468303799999999937e+00
1.508000000000000114e+02,5.875678500000000213e+02,-9.043894500000000107e+02,-8.898831699999999501e+02,-3.802022600000000419e-02,7.593181499999999687e+03,1.468303799999999937e+00
1.508499999999999943e+02,6.088056400000000394e+02,-9.050017100000000028e+02,-8.899710999999999785e+02,6.092237500000000083e-02,7.593181499999999687e+03,1.468303799999999937e+00
1.509000000000000057e+02,5.566595499999999674e+02,-9.038114100000000235e+02,-8.900682199999999966e+02,-1.374884200000000001e-01,7.593181499999999687e+03,1.468303799999999937e+00
1.509499999999999886e+02,5.810788700000000517e+02,-9.040918799999999464e+02,-8.897458100000000059e+02,2.060250500000000012e-02,7.593181499999999687e+03,1.468303799999999937e+00
1.510000000000000000e+02,6.168450400000000400e+02,-9.040033200000000306e+02,-8.887742200000000139e+02,1.842228300000000041e-01,7.593181499999999687e+03,1.468303799999999937e+00
1.510500000000000114e+02,6.253808000000000220e+02,-9.030235900000000129e+02,-8.875837599999999838e+02,1.076261800000000018e-01,7.593181499999999687e+03,1.468303799999999937e+00
1.510999999999999943e+02,6.531540400000000091e+02,-9.030531600000000481e+02,-8.869276399999999967e+02,6.372630699999999593e-02,7.593181499999999687e+03,1.468303799999999937e+00
1.511500000000000057e+02,6.173171800000000076e+02,-9.021501299999999901e+02,-8.869093800000000556e+02,-1.851094300000000192e-01,7.593181499999999687e+03,1.468303799999999937e+00
1.511999999999999886e+02,6.058355099999999993e+02,-9.022391800000000330e+02,-8.872818999999999505e+02,1.407589999999999952e-01,7.593181499999999687e+03,1.468303799999999937e+00
1.512500000000000000e+02,5.712476699999999710e+02,-9.020515799999999444e+02,-8.879482299999999668e+02,1.123132200000000053e-01,7.593181499999999687e+03,1.468303799999999937e+00
1.513000000000000114e+02,6.215998200000000224e+02,-9.038984500000000253e+02,-8.885519600000000082e+02,2.778532000000000224e-02,7.593181499999999687e+03,1.468303799999999937e+00
1.513499999999999943e+02,5.816502400000000534e+02,-9.036487399999999752e+02,-8.892885599999999613e+02,-5.320649300000000054e-02,7.593181499999999687e+03,1.468303799999999937e+00
1.514000000000000057e+02,5.910689599999999473e+02,-9.046186000000000149e+02,-8.900258800000000292e+02,-1.809118400000000321e-02,7.593181499999999687e+03,1.468303799999999937e+00
1.514499999999999886e+02,5.310537399999999479e+02,-9.038935500000000047e+02,-8.907825299999999515e+02,-8.627423600000000414e-02,7.593181499999999687e+03,1.468303799999999937e+00
1.515000000000000000e+02,5.808310199999999668e+02,-9.053115099999999984e+02,-8.909715499999999793e+02,-1.129760400000000102e-02,7.593181499999999687e+03,1.468303799999999937e+00
1.515500000000000114e+02,5.868042900000000373e+02,-9.050819699999999557e+02,-8.905945400000000518e+02,6.477369900000000402e-02,7.593181499999999687e+03,1.468303799999999937e+00
1.515999999999999943e+02,5.912467599999999948e+02,-9.042542700000000195e+02,-8.896571599999999762e+02,1.542904100000000167e-01,7.593181499999999687e+03,1.468303799999999937e+00
1.516500000000000057e+02,6.091780400000000100e+02,-9.036663499999999658e+02,-8.886265399999999772e+02,1.340394199999999925e-01,7.593181499999999687e+03,1.468303799999999937e+00
1.516999999999999886e+02,5.790200700000000325e+02,-9.020667600000000448e+02,-8.877715100000000348e+02,2.312043299999999926e-02,7.593181499999999687e+03,1.468303799999999937e+00
1.517500000000000000e+02,6.412254100000000108e+02,-9.030171199999999772e+02,-8.871861099999999851e+02,3.808559100000000197e-01,7.593181499999999687e+03,1.468303799999999937e+00
1.518000000000000114e+02,6.037149799999999686e+02,-9.021476199999999608e+02,-8.872426900000000387e+02,-2.018432300000000124e-01,7.593181499999999687e+03,1.468303799999999937e+00
1.518499999999999943e+02,6.421569799999999759e+02,-9.033339700000000221e+02,-8.874799500000000307e+02,-7.945172900000000218e-03,7.593181499999999687e+03,1.468303799999999937e+00
1.519000000000000057e+02,6.098471700000000055e+02,-9.030264700000000175e+02,-8.879701400000000149e+02,-2.571835500000000385e-01,7.593181499999999687e+03,1.468303799999999937e+00
1.519499999999999886e+02,6.039402800000000298e+02,-9.035838400000000092e+02,-8.886733500000000276e+02,7.531380599999999703e-02,7.593181499999999687e+03,1.468303799999999937e+00
1.520000000000000000e+02,5.675798899999999776e+02,-9.035689499999999725e+02,-8.895561500000000024e+02,-3.618217600000000339e-02,7.593181499999999687e+03,1.468303799999999937e+00
1.520500000000000114e+02,5.214782800000000407e+02,-9.030683299999999463e+02,-8.901937100000000100e+02,-8.854733199999999249e-02,7.593181499999999687e+03,1.468303799999999937e+00
1.520999999999999943e+02,5.329376099999999497e+02,-9.034470700000000534e+02,-8.902895399999999881e+02,3.958378800000000308e-01,7.593181499999999687e+03,1.468303799999999937e+00
1.521500000000000057e+02,5.352718099999999595e+02,-9.027870199999999841e+02,-8.895718600000000151e+02,1.786695300000000208e-01,7.593181499999999687e+03,1.468303799999999937e+00
1.521999999999999886e+02,6.611197399999999789e+02,-9.041047999999999547e+02,-8.877826300000000401e+02,3.741940400000000055e-01,7.593181499999999687e+03,1.468303799999999937e+00
1.522500000000000000e+02,6.090418799999999919e+02,-9.021920699999999442e+02,-8.871556299999999737e+02,-2.031135099999999971e-01,7.593181499999999687e+03,1.468303799999999937e+00
1.523000000000000114e+02,6.462362399999999525e+02,-9.028740900000000238e+02,-8.869193699999999581e+02,1.012067200000000070e-02,7.593181499999999687e+03,1.468303799999999937e+00
1.523499999999999943e+02,6.218264299999999594e+02,-9.023949599999999691e+02,-8.870428799999999683e+02,1.189661900000000133e-01,7.593181499999999687e+03,1.468303799999999937e+00
1.524000000000000057e+02,6.303455599999999777e+02,-9.031769900000000462e+02,-8.876145900000000211e+02,9.044699100000000436e-02,7.593181499999999687e+03,1.468303799999999937e+00
1.524499999999999886e+02,5.861397899999999481e+02,-9.028440900000000511e+02,-8.883730600000000095e+02,-8.927921000000001162e-02,7.593181499999999687e+03,1.468303799999999937e+00
1.525000000000000000e+02,5.622517599999999902e+02,-9.030116299999999683e+02,-8.891303699999999708e+02,3.990656800000000337e-01,7.593181499999999687e+03,1.468303799999999937e+00
1.525500000000000114e+02,5.655796299999999519e+02,-9.035986799999999448e+02,-8.896352699999999913e+02,1.514385000000000037e-02,7.593181499999999687e+03,1.468303799999999937e+00
1.525999999999999943e+02,5.575413999999999533e+02,-9.035165200000000141e+02,-8.897515499999999520e+02,-4.357187700000000191e-02,7.593181499999999687e+03,1.468303799999999937e+00
1.526500000000000057e+02,6.014872699999999668e+02,-9.044163099999999531e+02,-8.895663799999999810e+02,-1.462090900000000138e-02,7.593181499999999687e+03,1.468303799999999937e+00
1.526999999999999886e+02,6.104033799999999701e+02,-9.042009399999999459e+02,-8.891308800000000474e+02,1.424066200000000115e-01,7.593181499999999687e+03,1.468303799999999937e+00
1.527500000000000000e+02,6.502010500000000093e+02,-9.039879499999999553e+02,-8.879353399999999965e+02,3.462764900000000340e-02,7.593181499999999687e+03,1.468303799999999937e+00
1.528000000000000114e+02,6.801229600000000346e+02,-9.034592599999999720e+02,-8.866679199999999810e+02,2.193925200000000353e-01,7.593181499999999687e+03,1.468303799999999937e+00
1.528499999999999943e+02,6.660404499999999643e+02,-9.026980899999999792e+02,-8.862544199999999819e+02,6.758028100000000593e-02,7.593181499999999687e+03,1.468303799999999937e+00
1.529000000000000057e+02,6.669901599999999462e+02,-9.030991199999999708e+02,-8.866320100000000366e+02,6.896782399999999702e-02,7.593181499999999687e+03,1.468303799999999937e+00
1.529499999999999886e+02,6.366741899999999532e+02,-9.035846800000000485e+02,-8.878660300000000234e+02,-9.316878400000000796e-03,7.593181499999999687e+03,1.468303799999999937e+00
1.530000000000000000e+02,5.639232799999999770e+02,-9.026484600000000000e+02,-8.887259299999999484e+02,2.822246999999999950e-01,7.593181499999999687e+03,1.468303799999999937e+00
1.530500000000000114e+02,5.860693800000000238e+02,-9.034454500000000507e+02,-8.889761600000000499e+02,1.227116800000000035e-01,7.593181499999999687e+03,1.468303799999999937e+00
1.530999999999999943e+02,5.594029399999999441e+02,-9.027434899999999516e+02,-8.889325700000000552e+02,2.642296600000000328e-01,7.593181499999999687e+03,1.468303799999999937e+00
1.531500000000000057e+02,5.841242999999999483e+02,-9.030032400000000052e+02,-8.885819699999999557e+02,1.138606299999999905e-01,7.593181499999999687e+03,1.468303799999999937e+00
1.531999999999999886e+02,5.761844300000000203e+02,-9.024718000000000302e+02,-8.882465600000000450e+02,2.747515400000000163e-01,7.593181499999999687e+03,1.468303799999999937e+00
1.532500000000000000e+02,6.392096400000000358e+02,-9.036839400000000069e+02,-8.879026900000000069e+02,9.575149600000000538e-02,7.593181499999999687e+03,1.468303799999999937e+00
1.533000000000000114e+02,6.166272099999999909e+02,-9.033051100000000133e+02,-8.880814000000000306e+02,-1.818779600000000052e-01,7.593181499999999687e+03,1.468303799999999937e+00
1.533499999999999943e+02,5.642687799999999925e+02,-9.026562699999999495e+02,-8.887252099999999473e+02,1.212991199999999964e-01,7.593181499999999687e+03,1.468303799999999937e+00
1.534000000000000057e+02,6.142822099999999637e+02,-9.045613100000000486e+02,-8.893954800000000205e+02,1.052628800000000031e-01,7.593181499999999687e+03,1.468303799999999937e+00
1.534499999999999886e+02,5.552858800000000201e+02,-9.041416600000000017e+02,-8.904323799999999665e+02,1.971287400000000176e-02,7.593181499999999687e+03,1.468303799999999937e+00
1.535000000000000000e+02,4.906998500000000263e+02,-9.029983999999999469e+02,-8.908836599999999635e+02,1.461838400000000093e-01,7.593181499999999687e+03,1.468303799999999937e+00
1.535500000000000114e+02,5.627073000000000320e+02,-9.043801399999999830e+02,-8.904876400000000558e+02,2.975131500000000040e-01,7.593181499999999687e+03,1.468303799999999937e+00
1.535999999999999943e+02,5.610412400000000162e+02,-9.034960600000000568e+02,-8.896446799999999939e+02,2.139237500000000167e-03,7.593181499999999687e+03,1.468303799999999937e+00
1.536500000000000057e+02,5.832247200000000475e+02,-9.031342100000000528e+02,-8.887351599999999507e+02,2.509855700000000467e-01,7.593181499999999687e+03,1.468303799999999937e+00
1.536999999999999886e+02,5.604568500000000313e+02,-9.022655899999999747e+02,-8.884286499999999478e+02,-8.620771800000000262e-02,7.593181499999999687e+03,1.468303799999999937e+00
1.537500000000000000e+02,5.870287899999999581e+02,-9.028370700000000397e+02,-8.883441000000000258e+02,3.367426100000000533e-01,7.593181499999999687e+03,1.468303799999999937e+00
1.538000000000000114e+02,5.573235399999999800e+02,-9.019694200000000137e+02,-8.882098300000000108e+02,1.593057400000000012e-01,7.593181499999999687e+03,1.468303799999999937e+00
1.538499999999999943e+02,6.198414400000000342e+02,-9.029556800000000294e+02,-8.876526099999999815e+02,-4.162112900000000670e-02,7.593181499999999687e+03,1.468303799999999937e+00
1.539000000000000057e+02,6.263692099999999527e+02,-9.025601799999999457e+02,-8.870959400000000414e+02,4.037357300000000149e-01,7.593181499999999687e+03,1.468303799999999937e+00
1.539499999999999886e+02,6.421323700000000372e+02,-9.028769700000000284e+02,-8.870235599999999749e+02,1.054412800000000122e-01,7.593181499999999687e+03,1.468303799999999937e+00
1.540000000000000000e+02,5.920075299999999743e+02,-9.021916800000000194e+02,-8.875757899999999836e+02,2.389786999999999884e-01,7.593181499999999687e+03,1.468303799999999937e+00
1.540500000000000114e+02,5.954435499999999593e+02,-9.033692499999999654e+02,-8.886685300000000325e+02,1.836298100000000044e-01,7.593181499999999687e+03,1.468303799999999937e+00
1.540999999999999943e+02,5.832993300000000545e+02,-9.042142700000000559e+02,-8.898133800000000520e+02,-1.731034600000000145e-01,7.593181499999999687e+03,1.468303799999999937e+00
1.541500000000000057e+02,5.771530900000000202e+02,-9.046011600000000499e+02,-8.903520099999999502e+02,2.652230600000000105e-01,7.593181499999999687e+03,1.468303799999999937e+00
1.541999999999999886e+02,5.800946599999999762e+02,-9.047261499999999614e+02,-8.904043699999999717e+02,-2.387470200000000320e-01,7.593181499999999687e+03,1.468303799999999937e+00
1.542500000000000000e+02,5.732262799999999743e+02,-9.042782700000000204e+02,-8.901260600000000522e+02,2.642500000000000057e-02,7.593181499999999687e+03,1.468303799999999937e+00
1.543000000000000114e+02,5.962135899999999538e+02,-9.042710100000000466e+02,-8.895512800000000198e+02,1.088130699999999979e-01,7.593181499999999687e+03,1.468303799999999937e+00
1.543499999999999943e+02,5.993073900000000549e+02,-9.037922600000000557e+02,-8.889961499999999432e+02,2.372246200000000249e-01,7.593181499999999687e+03,1.468303799999999937e+00
1.544000000000000057e+02,5.926245000000000118e+02,-9.031471500000000106e+02,-8.885160300000000007e+02,5.599535399999999719e-02,7.593181499999999687e+03,1.468303799999999937e+00
1.544499999999999886e+02,6.287274099999999635e+02,-9.036088300000000118e+02,-8.880863799999999628e+02,-5.803708099999999905e-03,7.593181499999999687e+03,1.468303799999999937e+00
1.545000000000000000e+02,6.056585900000000038e+02,-9.029079799999999523e+02,-8.879550699999999779e+02,-7.549518300000000737e-02,7.593181499999999687e+03,1.468303799999999937e+00
1.545500000000000114e+02,5.778680500000000393e+02,-9.022229099999999562e+02,-8.879561099999999669e+02,-1.473142800000000197e-01,7.593181499999999687e+03,1.468303799999999937e+00
1.545999999999999943e+02,5.824123100000000477e+02,-9.022359699999999521e+02,-8.878569700000000466e+02,3.810023900000000241e-01,7.593181499999999687e+03,1.468303799999999937e+00
1.546500000000000057e+02,6.149798700000000053e+02,-9.028789500000000317e+02,-8.876959000000000515e+02,-3.784480100000000430e-02,7.593181499999999687e+03,1.468303799999999937e+00
1.546999999999999886e+02,5.413145600000000286e+02,-9.009898799999999710e+02,-8.876255300000000261e+02,2.617882200000000159e-01,7.593181499999999687e+03,1.468303799999999937e+00
1.547500000000000000e+02,5.658650999999999840e+02,-9.012803000000000111e+02,-8.873098400000000083e+02,-5.193462100000000720e-02,7.593181499999999687e+03,1.468303799999999937e+00
1.548000000000000114e+02,5.976091900000000123e+02,-9.014422600000000330e+02,-8.866880800000000136e+02,2.330078399999999939e-01,7.593181499999999687e+03,1.468303799999999937e+00
1.548499999999999943e+02,6.401770800000000463e+02,-9.020247399999999516e+02,-8.862196099999999888e+02,-2.001321300000000192e-01,7.593181499999999687e+03,1.468303799999999937e+00
1.549000000000000057e+02,6.168319999999999936e+02,-9.013456099999999651e+02,-8.861168300000000499e+02,-1.372634700000000263e-01,7.593181499999999687e+03,1.468303799999999937e+00
1.549499999999999886e+02,6.121387200000000348e+02,-9.014804299999999557e+02,-8.863675299999999879e+02,-1.409983700000000117e-01,7.593181499999999687e+03,1.468303799999999937e+00
1.550000000000000000e+02,6.346683000000000447e+02,-9.026822600000000421e+02,-8.870131400000000212e+02,1.094596300000000022e-01,7.593181499999999687e+03,1.468303799999999937e+00
1.550500000000000114e+02,5.895173800000000028e+02,-9.023518599999999878e+02,-8.877974500000000262e+02,-9.494330400000000614e-02,7.593181499999999687e+03,1.468303799999999937e+00
1.550999999999999943e+02,5.796059900000000198e+02,-9.026176199999999881e+02,-8.883079099999999926e+02,-2.437439400000000062e-02,7.593181499999999687e+03,1.468303799999999937e+00
1.551500000000000057e+02,5.866049500000000307e+02,-9.030234799999999495e+02,-8.885409700000000157e+02,-4.022245199999999882e-02,7.593181499999999687e+03,1.468303799999999937e+00
1.551999999999999886e+02,5.995627799999999752e+02,-9.034369500000000244e+02,-8.886345300000000407e+02,1.988825499999999913e-01,7.593181499999999687e+03,1.468303799999999937e+00
1.552500000000000000e+02,5.908628899999999931e+02,-9.032482400000000098e+02,-8.886606100000000197e+02,8.321584400000001103e-02,7.593181499999999687e+03,1.468303799999999937e+00
1.553000000000000114e+02,6.150253800000000410e+02,-9.037501200000000381e+02,-8.885659500000000435e+02,1.382323299999999901e-02,7.593181499999999687e+03,1.468303799999999937e+00
1.553499999999999943e+02,5.895450899999999592e+02,-9.029794299999999794e+02,-8.884243300000000545e+02,4.610452099999999727e-03,7.593181499999999687e+03,1.468303799999999937e+00
1.554000000000000057e+02,6.441176799999999503e+02,-9.038371600000000399e+02,-8.879347400000000334e+02,1.430344100000000007e-01,7.593181499999999687e+03,1.468303799999999937e+00
1.554499999999999886e+02,6.226533100000000331e+02,-9.029935400000000527e+02,-8.876210499999999683e+02,1.879340500000000191e-01,7.593181499999999687e+03,1.468303799999999937e+00
1.555000000000000000e+02,6.315879899999999907e+02,-9.031106200000000399e+02,-8.875175500000000284e+02,-4.154097199999999893e-03,7.593181499999999687e+03,1.468303799999999937e+00
1.555500000000000114e+02,6.487501200000000381e+02,-9.035804500000000417e+02,-8.875636600000000271e+02,1.575776700000000030e-01,7.593181499999999687e+03,1.468303799999999937e+00
1.555999999999999943e+02,6.299548499999999649e+02,-9.035502000000000180e+02,-8.879974399999999832e+02,2.411560600000000124e-02,7.593181499999999687e+03,1.468303799999999937e+00
1.556500000000000057e+02,5.949556099999999788e+02,-9.035446100000000342e+02,-8.888559400000000323e+02,1.225775000000000198e-01,7.593181499999999687e+03,1.468303799999999937e+00
1.556999999999999886e+02,5.375744300000000067e+02,-9.029235200000000532e+02,-8.896515100000000302e+02,-9.765364299999999831e-02,7.593181499999999687e+03,1.468303799999999937e+00
1.557500000000000000e+02,5.747235799999999699e+02,-9.042017399999999725e+02,-8.900125699999999824e+02,4.838191799999999772e-03,7.593181499999999687e+03,1.468303799999999937e+00
1.558000000000000114e+02,5.305543099999999868e+02,-9.030949000000000524e+02,-8.899962100000000191e+02,-9.444369100000001016e-02,7.593181499999999687e+03,1.468303799999999937e+00
1.558499999999999943e+02,5.809290700000000243e+02,-9.035230400000000373e+02,-8.891806699999999637e+02,1.752462600000000148e-01,7.593181499999999687e+03,1.468303799999999937e+00
1.559000000000000057e+02,6.400821899999999687e+02,-9.036945899999999483e+02,-8.878917999999999893e+02,3.569816700000000287e-02,7.593181499999999687e+03,1.468303799999999937e+00
1.559499999999999886e+02,6.400061600000000226e+02,-9.032304400000000442e+02,-8.874295200000000250e+02,3.442852900000000216e-01,7.593181499999999687e+03,1.468303799999999937e+00
1.560000000000000000e+02,6.108076600000000553e+02,-9.026171600000000126e+02,-8.875371199999999590e+02,1.944376000000000090e-02,7.593181499999999687e+03,1.468303799999999937e+00
1.560500000000000114e+02,6.496628899999999476e+02,-9.039227799999999888e+02,-8.878834500000000389e+02,2.043841400000000197e-02,7.593181499999999687e+03,1.468303799999999937e+00
1.560999999999999943e+02,5.617248899999999594e+02,-9.024195700000000215e+02,-8.885513200000000325e+02,-1.957589400000000202e-01,7.593181499999999687e+03,1.468303799999999937e+00
1.561500000000000057e+02,6.140361500000000206e+02,-9.041313400000000229e+02,-8.889715999999999667e+02,3.593718699999999822e-01,7.593181499999999687e+03,1.468303799999999937e+00
1.561999999999999886e+02,5.963680200000000013e+02,-9.041326900000000251e+02,-8.894091499999999542e+02,-1.177896100000000029e-01,7.593181499999999687e+03,1.468303799999999937e+00
1.562500000000000000e+02,5.303148200000000543e+02,-9.027345500000000129e+02,-8.896417800000000398e+02,2.453963200000000289e-01,7.593181499999999687e+03,1.468303799999999937e+00
1.563000000000000114e+02,5.844250899999999547e+02,-9.036046599999999671e+02,-8.891759799999999814e+02,1.478193999999999897e-01,7.593181499999999687e+03,1.468303799999999937e+00
1.563499999999999943e+02,5.976074099999999589e+02,-9.027348200000000134e+02,-8.879806800000000067e+02,-3.634171099999999877e-02,7.593181499999999687e+03,1.468303799999999937e+00
1.564000000000000057e+02,6.546630599999999731e+02,-9.030984300000000076e+02,-8.869356599999999844e+02,3.765273499999999829e-01,7.593181499999999687e+03,1.468303799999999937e+00
1.564499999999999886e+02,5.895455899999999474e+02,-9.013204899999999498e+02,-8.867653800000000501e+02,1.358438600000000107e-01,7.593181499999999687e+03,1.468303799999999937e+00
1.565000000000000000e+02,6.130806900000000041e+02,-9.019112300000000459e+02,-8.867750700000000279e+02,3.345261199999999824e-01,7.593181499999999687e+03,1.468303799999999937e+00
1.565500000000000114e+02,6.223841499999999769e+02,-9.023286799999999630e+02,-8.869628300000000536e+02,2.004370200000000005e-02,7.593181499999999687e+03,1.468303799999999937e+00
1.565999999999999943e+02,6.177342099999999618e+02,-9.025654500000000553e+02,-8.873143999999999778e+02,2.188886000000000165e-01,7.593181499999999687e+03,1.468303799999999937e+00
1.566500000000000057e+02,6.085012799999999515e+02,-9.026169899999999870e+02,-8.875938899999999876e+02,-7.563768099999999828e-02,7.593181499999999687e+03,1.468303799999999937e+00
1.566999999999999886e+02,6.507694800000000441e+02,-9.040486600000000408e+02,-8.879820099999999456e+02,1.533648900000000037e-01,7.593181499999999687e+03,1.468303799999999937e+00
1.567500000000000000e+02,5.943709999999999809e+02,-9.034135199999999486e+02,-8.887392800000000079e+02,-9.371349699999999977e-03,7.593181499999999687e+03,1.468303799999999937e+00
1.568000000000000114e+02,5.330763699999999972e+02,-9.026067299999999705e+02,-8.894457700000000386e+02,-4.159108200000000144e-02,7.593181499999999687e+03,1.468303799999999937e+00
1.568499999999999943e+02,5.631803800000000138e+02,-9.036276699999999664e+02,-8.897234799999999950e+02,5.703056400000000581e-02,7.593181499999999687e+03,1.468303799999999937e+00
1.569000000000000057e+02,5.938768400000000156e+02,-9.041294699999999693e+02,-8.894674300000000358e+02,-2.236579999999999818e-02,7.593181499999999687e+03,1.468303799999999937e+00
1.569499999999999886e+02,6.392453500000000304e+02,-9.042633299999999963e+02,-8.884811999999999443e+02,1.452517200000000008e-01,7.593181499999999687e+03,1.468303799999999937e+00
1.570000000000000000e+02,6.125988300000000208e+02,-9.025139100000000099e+02,-8.873896499999999605e+02,9.097983199999999659e-02,7.593181499999999687e+03,1.468303799999999937e+00
1.570500000000000114e+02,6.580681299999999965e+02,-9.027329899999999725e+02,-8.864861499999999523e+02,1.835147000000000028e-01,7.593181499999999687e+03,1.468303799999999937e+00
1.570999999999999943e+02,6.087926300000000310e+02,-9.014121800000000349e+02,-8.863818899999999985e+02,3.522084100000000273e-01,7.593181499999999687e+03,1.468303799999999937e+00
1.571500000000000057e+02,5.903183000000000220e+02,-9.012328899999999976e+02,-8.866587100000000419e+02,2.442026600000000158e-01,7.593181499999999687e+03,1.468303799999999937e+00
1.571999999999999886e+02,5.551720900000000256e+02,-9.006461299999999710e+02,-8.869396600000000035e+02,4.631436299999999728e-02,7.593181499999999687e+03,1.468303799999999937e+00
1.572500000000000000e+02,6.123610099999999647e+02,-9.019869899999999916e+02,-8.868686000000000149e+02,2.154422799999999860e-01,7.593181499999999687e+03,1.468303799999999937e+00
1.573000000000000114e+02,6.299480899999999792e+02,-9.024745299999999588e+02,-8.869219399999999496e+02,3.973665599999999798e-01,7.593181499999999687e+03,1.468303799999999937e+00
1.573499999999999943e+02,5.522171299999999974e+02,-9.013118899999999485e+02,-8.876783799999999474e+02,-1.413933900000000077e-01,7.593181499999999687e+03,1.468303799999999937e+00
1.574000000000000057e+02,5.308408100000000331e+02,-9.016488699999999881e+02,-8.885431099999999560e+02,-7.785760599999999587e-02,7.593181499999999687e+03,1.468303799999999937e+00
1.574499999999999886e+02,6.128892899999999599e+02,-9.043063899999999649e+02,-8.891749499999999671e+02,-5.612472000000000294e-02,7.593181499999999687e+03,1.468303799999999937e+00
1.575000000000000000e+02,5.986664100000000417e+02,-9.046258100000000013e+02,-8.898455199999999650e+02,-1.202052900000000028e-02,7.593181499999999687e+03,1.468303799999999937e+00
1.575500000000000114e+02,4.961078099999999722e+02,-9.024988600000000361e+02,-8.902506100000000515e+02,2.578346900000000330e-02,7.593181499999999687e+03,1.468303799999999937e+00
1.575999999999999943e+02,5.415089000000000397e+02,-9.031413499999999885e+02,-8.897722099999999728e+02,-3.026716700000000038e-01,7.593181499999999687e+03,1.468303799999999937e+00
1.576500000000000057e+02,5.876766999999999825e+02,-9.030900900000000320e+02,-8.885811300000000301e+02,-5.429779400000000165e-03,7.593181499999999687e+03,1.468303799999999937e+00
1.576999999999999886e+02,5.659784899999999652e+02,-9.018036100000000488e+02,-8.878303399999999783e+02,4.036905299999999919e-01,7.593181499999999687e+03,1.468303799999999937e+00
1.577500000000000000e+02,6.445396399999999630e+02,-9.033981800000000248e+02,-8.874853399999999510e+02,-1.306680000000000064e-01,7.593181499999999687e+03,1.468303799999999937e+00
1.578000000000000114e+02,5.811648099999999886e+02,-9.018470200000000432e+02,-8.874988200000000234e+02,2.754934499999999731e-01,7.593181499999999687e+03,1.468303799999999937e+00
1.578499999999999943e+02,6.050578199999999924e+02,-9.022783500000000458e+02,-8.873402599999999438e+02,-1.098806800000000014e-02,7.593181499999999687e+03,1.468303799999999937e+00
1.579000000000000057e+02,6.328531000000000404e+02,-9.027778200000000197e+02,-8.871535099999999829e+02,1.334291800000000083e-01,7.593181499999999687e+03,1.468303799999999937e+00
1.579499999999999886e+02,5.679523900000000367e+02,-9.015011700000000019e+02,-8.874791699999999537e+02,4.011635900000000143e-01,7.593181499999999687e+03,1.468303799999999937e+00
1.580000000000000000e+02,5.705014300000000276e+02,-9.019709299999999530e+02,-8.878859899999999925e+02,5.979811700000000479e-02,7.593181499999999687e+03,1.468303799999999937e+00
1.580500000000000114e+02,5.641207100000000310e+02,-9.022899800000000141e+02,-8.883625799999999799e+02,-2.919565999999999828e-02,7.593181499999999687e+03,1.468303799999999937e+00
1.580999999999999943e+02,6.120612599999999475e+02,-9.038420300000000225e+02,-8.887310400000000072e+02,1.802105000000000234e-01,7.593181499999999687e+03,1.468303799999999937e+00
1.581500000000000057e+02,5.579971399999999448e+02,-9.029699399999999514e+02,-8.891937299999999595e+02,-5.861387499999999584e-02,7.593181499999999687e+03,1.468303799999999937e+00
1.581999999999999886e+02,5.810775099999999611e+02,-9.037811599999999999e+02,-8.894351199999999835e+02,1.672873400000000066e-01,7.593181499999999687e+03,1.468303799999999937e+00
1.582500000000000000e+02,5.365630400000000009e+02,-9.025847099999999728e+02,-8.893376799999999776e+02,-2.981321900000000191e-01,7.593181499999999687e+03,1.468303799999999937e+00
1.583000000000000114e+02,5.887651700000000119e+02,-9.030610400000000482e+02,-8.885252000000000407e+02,-7.161252500000001020e-02,7.593181499999999687e+03,1.468303799999999937e+00
1.583499999999999943e+02,6.175135199999999713e+02,-9.027446800000000167e+02,-8.874990800000000490e+02,9.939580200000000532e-02,7.593181499999999687e+03,1.468303799999999937e+00
1.584000000000000057e+02,6.232495800000000372e+02,-9.022350800000000390e+02,-8.868478699999999435e+02,-1.170975399999999930e-02,7.593181499999999687e+03,1.468303799999999937e+00
1.584499999999999886e+02,5.749416400000000067e+02,-9.007990899999999783e+02,-8.866045299999999543e+02,-2.262656500000000126e-01,7.593181499999999687e+03,1.468303799999999937e+00
1.585000000000000000e+02,6.497297200000000430e+02,-9.025541500000000497e+02,-8.865131699999999455e+02,1.215060300000000149e-01,7.593181499999999687e+03,1.468303799999999937e+00
1.585500000000000114e+02,6.206915000000000191e+02,-9.025984799999999950e+02,-8.872744199999999637e+02,1.491437600000000141e-01,7.593181499999999687e+03,1.468303799999999937e+00
1.585999999999999943e+02,5.580952300000000150e+02,-9.021253299999999626e+02,-8.883466899999999669e+02,1.661158400000000146e-01,7.593181499999999687e+03,1.468303799999999937e+00
1.586500000000000057e+02,5.881628600000000233e+02,-9.033575200000000223e+02,-8.888365499999999884e+02,6.672030099999999575e-02,7.593181499999999687e+03,1.468303799999999937e+00
1.586999999999999886e+02,6.020980299999999943e+02,-9.036768299999999954e+02,-8.888118200000000115e+02,1.560214300000000165e-01,7.593181499999999687e+03,1.468303799999999937e+00
1.587500000000000000e+02,6.263994999999999891e+02,-9.042382999999999811e+02,-8.887733200000000124e+02,-4.486968399999999996e-02,7.593181499999999687e+03,1.468303799999999937e+00
1.588000000000000114e+02,6.068821500000000242e+02,-9.038016599999999698e+02,-8.888185300000000097e+02,1.598631000000000080e-01,7.593181499999999687e+03,1.468303799999999937e+00
1.588499999999999943e+02,5.853469499999999925e+02,-9.030502999999999929e+02,-8.885988499999999704e+02,3.123813799999999863e-02,7.593181499999999687e+03,1.468303799999999937e+00
1.589000000000000057e+02,6.452626500000000078e+02,-9.037928100000000313e+02,-8.878621200000000044e+02,3.518365300000000362e-01,7.593181499999999687e+03,1.468303799999999937e+00
1.589499999999999886e+02,5.855780600000000504e+02,-9.015872500000000400e+02,-8.871300899999999956e+02,-1.915431000000000217e-01,7.593181499999999687e+03,1.468303799999999937e+00
1.590000000000000000e+02,6.621380699999999706e+02,-9.028405299999999443e+02,-8.864932099999999764e+02,1.818440700000000243e-01,7.593181499999999687e+03,1.468303799999999937e+00
1.590500000000000114e+02,6.237964799999999741e+02,-9.019596599999999853e+02,-8.865589499999999816e+02,-1.861692800000000203e-01,7.593181499999999687e+03,1.468303799999999937e+00
1.590999999999999943e+02,6.238805899999999838e+02,-9.024591000000000349e+02,-8.870562999999999647e+02,3.234073399999999598e-02,7.593181499999999687e+03,1.468303799999999937e+00
1.591500000000000057e+02,5.839269799999999577e+02,-9.021984999999999673e+02,-8.877821099999999888e+02,-1.038926999999999906e-01,7.593181499999999687e+03,1.468303799999999937e+00
1.591999999999999886e+02,5.632679600000000164e+02,-9.022251999999999725e+02,-8.883188499999999976e+02,2.666542299999999921e-01,7.593181499999999687e+03,1.468303799999999937e+00
1.592500000000000000e+02,5.660179699999999912e+02,-9.026520600000000059e+02,-8.886778199999999970e+02,-1.451633000000000229e-01,7.593181499999999687e+03,1.468303799999999937e+00
1.593000000000000114e+02,5.945535999999999603e+02,-9.042412500000000364e+02,-8.895625000000000000e+02,4.067567500000000141e-02,7.593181499999999687e+03,1.468303799999999937e+00
1.593499999999999943e+02,5.628451199999999517e+02,-9.054152699999999641e+02,-8.915193600000000060e+02,1.034970300000000037e-01,7.593181499999999687e+03,1.468303799999999937e+00
1.594000000000000057e+02,5.134040400000000091e+02,-9.046886500000000524e+02,-8.920133799999999837e+02,5.431984000000000118e-02,7.593181499999999687e+03,1.468303799999999937e+00
1.594499999999999886e+02,5.220694099999999480e+02,-9.045146300000000110e+02,-8.916254199999999628e+02,-1.536974800000000252e-02,7.593181499999999687e+03,1.468303799999999937e+00
1.595000000000000000e+02,5.617205400000000282e+02,-9.044496799999999439e+02,-8.905815400000000182e+02,-2.195538699999999982e-02,7.593181499999999687e+03,1.468303799999999937e+00
1.595500000000000114e+02,6.007725500000000238e+02,-9.042396800000000212e+02,-8.894073899999999639e+02,2.276320500000000024e-01,7.593181499999999687e+03,1.468303799999999937e+00
1.595999999999999943e+02,6.473940599999999677e+02,-9.045368099999999458e+02,-8.885534999999999854e+02,-2.595296600000000509e-01,7.593181499999999687e+03,1.468303799999999937e+00
1.596500000000000057e+02,6.306510399999999663e+02,-9.036693800000000465e+02,-8.880994399999999587e+02,-2.271449799999999963e-01,7.593181499999999687e+03,1.468303799999999937e+00
1.596999999999999886e+02,5.690289800000000469e+02,-9.017592700000000150e+02,-8.877106899999999996e+02,1.538305699999999998e-01,7.593181499999999687e+03,1.468303799999999937e+00
1.597500000000000000e+02,6.637576400000000376e+02,-9.033903199999999742e+02,-8.870030100000000175e+02,-1.491467399999999999e-01,7.593181499999999687e+03,1.468303799999999937e+00
1.598000000000000114e+02,6.539852399999999761e+02,-9.027946500000000469e+02,-8.866486099999999624e+02,-7.838594600000001189e-02,7.593181499999999687e+03,1.468303799999999937e+00
1.598499999999999943e+02,6.046484900000000380e+02,-9.017380000000000564e+02,-8.868100299999999834e+02,-3.705943600000000115e-02,7.593181499999999687e+03,1.468303799999999937e+00
1.599000000000000057e+02,6.063963400000000092e+02,-9.020258700000000545e+02,-8.870547400000000380e+02,-2.451785499999999951e-01,7.593181499999999687e+03,1.468303799999999937e+00
1.599499999999999886e+02,6.347129200000000537e+02,-9.031778299999999717e+02,-8.875076000000000249e+02,1.982371599999999956e-01,7.593181499999999687e+03,1.468303799999999937e+00
1.600000000000000000e+02,5.571921899999999823e+02,-9.023686699999999519e+02,-8.886123199999999542e+02,-6.163102400000000647e-02,7.593181499999999687e+03,1.468303799999999937e+00
1.600500000000000114e+02,5.677819600000000264e+02,-9.034963199999999688e+02,-8.894785299999999779e+02,2.033157200000000331e-01,7.593181499999999687e+03,1.468303799999999937e+00
1.600999999999999943e+02,5.827824000000000524e+02,-9.044689100000000508e+02,-8.900807800000000043e+02,-8.905916499999999569e-02,7.593181499999999687e+03,1.468303799999999937e+00
1.601500000000000057e+02,5.523262999999999465e+02,-9.040521999999999707e+02,-8.904159899999999652e+02,1.063004400000000099e-01,7.593181499999999687e+03,1.468303799999999937e+00
1.601999999999999886e+02,5.864903299999999717e+02,-9.047531500000000051e+02,-8.902734699999999748e+02,-4.951638900000000093e-02,7.593181499999999687e+03,1.468303799999999937e+00
1.602500000000000000e+02,5.799831699999999728e+02,-9.041672899999999800e+02,-8.898482699999999568e+02,4.600491000000000302e-02,7.593181499999999687e+03,1.468303799999999937e+00
1.603000000000000114e+02,6.075400300000000016e+02,-9.042627199999999448e+02,-8.892633499999999458e+02,1.063397900000000035e-01,7.593181499999999687e+03,1.468303799999999937e+00
1.603499999999999943e+02,6.340753499999999576e+02,-9.044333699999999681e+02,-8.887788799999999583e+02,1.002865200000000040e-01,7.593181499999999687e+03,1.468303799999999937e+00
1.604000000000000057e+02,5.737257899999999609e+02,-9.027098899999999730e+02,-8.885453499999999849e+02,-1.894814400000000010e-01,7.593181499999999687e+03,1.468303799999999937e+00
1.604499999999999886e+02,5.927282999999999902e+02,-9.028895700000000488e+02,-8.882558900000000222e+02,2.776448400000000594e-01,7.593181499999999687e+03,1.468303799999999937e+00
1.605000000000000000e+02,5.759769400000000132e+02,-9.022145400000000564e+02,-8.879944299999999657e+02,-2.102149199999999996e-01,7.593181499999999687e+03,1.468303799999999937e+00
1.605500000000000114e+02,5.711778000000000475e+02,-9.017624399999999696e+02,-8.876608099999999695e+02,3.187761800000000201e-01,7.593181499999999687e+03,1.468303799999999937e+00
1.605999999999999943e+02,6.413686900000000151e+02,-9.030582500000000437e+02,-8.872237000000000080e+02,-1.608500500000000222e-01,7.593181499999999687e+03,1.468303799999999937e+00
1.606500000000000057e+02,6.138953900000000203e+02,-9.023556800000000067e+02,-8.871993999999999687e+02,3.712880000000000069e-01,7.593181499999999687e+03,1.468303799999999937e+00
1.606999999999999886e+02,5.641663499999999658e+02,-9.013769999999999527e+02,-8.874484700000000430e+02,9.994829800000000486e-02,7.593181499999999687e+03,1.468303799999999937e+00
1.607500000000000000e+02,6.113295600000000150e+02,-9.026742100000000164e+02,-8.875812799999999925e+02,-3.390250900000000289e-01,7.593181499999999687e+03,1.468303799999999937e+00
1.608000000000000114e+02,6.136354599999999664e+02,-9.030729499999999916e+02,-8.879230900000000020e+02,3.990706600000000215e-01,7.593181499999999687e+03,1.468303799999999937e+00
1.608499999999999943e+02,6.113530700000000024e+02,-9.039090700000000425e+02,-8.888155699999999797e+02,-2.347170700000000276e-01,7.593181499999999687e+03,1.468303799999999937e+00
1.609000000000000057e+02,5.691707800000000361e+02,-9.038427799999999479e+02,-8.897907000000000153e+02,8.686471299999999618e-02,7.593181499999999687e+03,1.468303799999999937e+00
1.609499999999999886e+02,5.532161300000000210e+02,-9.040235999999999876e+02,-8.903654199999999719e+02,1.106573400000000068e-01,7.593181499999999687e+03,1.468303799999999937e+00
1.610000000000000000e+02,5.440008900000000267e+02,-9.038621200000000044e+02,-8.904314500000000407e+02,-1.294698599999999922e-01,7.593181499999999687e+03,1.468303799999999937e+00
1.610500000000000114e+02,5.736947400000000243e+02,-9.041284299999999803e+02,-8.899646599999999808e+02,2.191381100000000248e-01,7.593181499999999687e+03,1.468303799999999937e+00
1.610999999999999943e+02,6.356269099999999526e+02,-9.049081300000000283e+02,-8.892153399999999692e+02,-2.858985500000000082e-02,7.593181499999999687e+03,1.468303799999999937e+00
1.611500000000000057e+02,5.829686599999999999e+02,-9.029439599999999473e+02,-8.885512300000000323e+02,1.571564900000000098e-01,7.593181499999999687e+03,1.468303799999999937e+00
1.611999999999999886e+02,6.687807999999999993e+02,-9.042744900000000143e+02,-8.877631699999999455e+02,2.474014099999999883e-01,7.593181499999999687e+03,1.468303799999999937e+00
1.612500000000000000e+02,6.194921100000000251e+02,-9.028726799999999457e+02,-8.875782299999999623e+02,2.270702699999999907e-01,7.593181499999999687e+03,1.468303799999999937e+00
1.613000000000000114e+02,5.947332199999999602e+02,-9.027158799999999701e+02,-8.880326900000000023e+02,3.687709499999999863e-01,7.593181499999999687e+03,1.468303799999999937e+00
1.613499999999999943e+02,6.204432100000000219e+02,-9.044565000000000055e+02,-8.891385699999999588e+02,4.632504999999999956e-02,7.593181499999999687e+03,1.468303799999999937e+00
1.614000000000000057e+02,6.080511099999999942e+02,-9.051916899999999941e+02,-8.901797100000000000e+02,2.622690500000000036e-01,7.593181499999999687e+03,1.468303799999999937e+00
1.614499999999999886e+02,5.338217700000000150e+02,-9.039758399999999483e+02,-8.907964799999999741e+02,3.280366399999999627e-02,7.593181499999999687e+03,1.468303799999999937e+00
1.615000000000000000e+02,5.682012399999999843e+02,-9.048194499999999607e+02,-8.907912999999999784e+02,2.067029500000000242e-01,7.593181499999999687e+03,1.468303799999999937e+00
1.615500000000000114e+02,6.081352100000000291e+02,-9.053018499999999449e+02,-8.902877799999999979e+02,3.701764700000000075e-02,7.593181499999999687e+03,1.468303799999999937e+00
1.615999999999999943e+02,5.890030799999999545e+02,-9.040422499999999673e+02,-8.895005300000000261e+02,2.841132399999999891e-01,7.593181499999999687e+03,1.468303799999999937e+00
1.616500000000000057e+02,6.334235700000000406e+02,-9.043534899999999652e+02,-8.887150900000000320e+02,-2.312238600000000172e-02,7.593181499999999687e+03,1.468303799999999937e+00
1.616999999999999886e+02,5.939739200000000210e+02,-9.029797200000000430e+02,-8.883152900000000045e+02,4.295034300000000194e-01,7.593181499999999687e+03,1.468303799999999937e+00
1.617500000000000000e+02,6.063540400000000545e+02,-9.031346899999999778e+02,-8.881645999999999503e+02,1.409886700000000104e-01,7.593181499999999687e+03,1.468303799999999937e+00
1.618000000000000114e+02,6.133416600000000471e+02,-9.034082499999999527e+02,-8.882656500000000506e+02,-9.974997000000000724e-02,7.593181499999999687e+03,1.468303799999999937e+00
1.618499999999999943e+02,6.012792699999999968e+02,-9.035358300000000327e+02,-8.886910299999999552e+02,2.442795700000000292e-01,7.593181499999999687e+03,1.468303799999999937e+00
1.619000000000000057e+02,5.667450700000000552e+02,-9.036792599999999993e+02,-8.896870699999999488e+02,-3.014074999999999949e-01,7.593181499999999687e+03,1.468303799999999937e+00
1.619499999999999886e+02,5.542564499999999725e+02,-9.044724099999999680e+02,-8.907885499999999865e+02,9.130738600000000427e-02,7.593181499999999687e+03,1.468303799999999937e+00
1.620000000000000000e+02,5.776929300000000467e+02,-9.055425999999999931e+02,-8.912801200000000108e+02,-1.855323799999999967e-01,7.593181499999999687e+03,1.468303799999999937e+00
1.620500000000000114e+02,5.183993299999999635e+02,-9.040257699999999659e+02,-8.912271700000000010e+02,-7.446577800000001024e-02,7.593181499999999687e+03,1.468303799999999937e+00
1.620999999999999943e+02,5.631229299999999967e+02,-9.043251800000000458e+02,-8.904224100000000135e+02,1.425198400000000087e-01,7.593181499999999687e+03,1.468303799999999937e+00
1.621500000000000057e+02,6.011334699999999884e+02,-9.043233599999999797e+02,-8.894821699999999964e+02,-1.153801200000000166e-01,7.593181499999999687e+03,1.468303799999999937e+00
1.621999999999999886e+02,5.795805699999999661e+02,-9.032725799999999481e+02,-8.889634999999999536e+02,2.323892600000000142e-01,7.593181499999999687e+03,1.468303799999999937e+00
1.622500000000000000e+02,6.003771699999999782e+02,-9.034295899999999619e+02,-8.886070700000000215e+02,1.078560199999999969e-01,7.593181499999999687e+03,1.468303799999999937e+00
1.623000000000000114e+02,5.884475700000000415e+02,-9.028036399999999730e+02,-8.882756399999999530e+02,5.317460000000000242e-02,7.593181499999999687e+03,1.468303799999999937e+00
1.623499999999999943e+02,6.453263500000000477e+02,-9.038164900000000443e+02,-8.878842300000000023e+02,-1.384385700000000108e-01,7.593181499999999687e+03,1.468303799999999937e+00
1.624000000000000057e+02,6.329190099999999575e+02,-9.032401200000000472e+02,-8.876141800000000330e+02,1.809178700000000084e-01,7.593181499999999687e+03,1.468303799999999937e+00
1.624499999999999886e+02,6.460168300000000272e+02,-9.033370999999999640e+02,-8.873877899999999954e+02,1.376449600000000106e-01,7.593181499999999687e+03,1.468303799999999937e+00
1.625000000000000000e+02,6.184464500000000271e+02,-9.027805799999999863e+02,-8.875119499999999562e+02,-3.515115899999999849e-01,7.593181499999999687e+03,1.468303799999999937e+00
1.625500000000000114e+02,6.521036000000000286e+02,-9.040227700000000368e+02,-8.879231899999999769e+02,3.470121600000000139e-01,7.593181499999999687e+03,1.468303799999999937e+00
1.625999999999999943e+02,6.244703200000000152e+02,-9.046459800000000087e+02,-8.892286299999999528e+02,-1.875419700000000023e-01,7.593181499999999687e+03,1.468303799999999937e+00
1.626500000000000057e+02,5.401369600000000446e+02,-9.035874400000000151e+02,-8.902521699999999782e+02,3.079712900000000086e-01,7.593181499999999687e+03,1.468303799999999937e+00
1.626999999999999886e+02,5.348317500000000564e+02,-9.035466400000000249e+02,-8.903423500000000104e+02,-1.230568400000000145e-01,7.593181499999999687e+03,1.468303799999999937e+00
1.627500000000000000e+02,5.796733600000000024e+02,-9.042178300000000490e+02,-8.899064499999999498e+02,2.212078300000000219e-01,7.593181499999999687e+03,1.468303799999999937e+00
1.628000000000000114e+02,5.871597699999999804e+02,-9.037930999999999813e+02,-8.892969000000000506e+02,2.992615599999999890e-03,7.593181499999999687e+03,1.468303799999999937e+00
1.628499999999999943e+02,5.998885500000000093e+02,-9.033837099999999509e+02,-8.885732400000000553e+02,-2.353709800000000074e-01,7.593181499999999687e+03,1.468303799999999937e+00
1.629000000000000057e+02,6.072157700000000204e+02,-9.028821699999999737e+02,-8.878908099999999877e+02,2.405234900000000065e-01,7.593181499999999687e+03,1.468303799999999937e+00
1.629499999999999886e+02,6.127981999999999516e+02,-9.027332099999999855e+02,-8.876040199999999913e+02,4.109056700000000145e-02,7.593181499999999687e+03,1.468303799999999937e+00
1.630000000000000000e+02,5.883308100000000422e+02,-9.021252500000000509e+02,-8.876001300000000356e+02,1.330572600000000105e-01,7.593181499999999687e+03,1.468303799999999937e+00
1.630500000000000114e+02,5.955428100000000313e+02,-9.025205200000000332e+02,-8.878173500000000331e+02,1.892377300000000206e-01,7.593181499999999687e+03,1.468303799999999937e+00
1.630999999999999943e+02,5.628206599999999753e+02,-9.020886299999999665e+02,-8.881933199999999715e+02,6.741598300000001265e-02,7.593181499999999687e+03,1.468303799999999937e+00
1.631500000000000057e+02,6.073891599999999471e+02,-9.033707100000000310e+02,-8.883750700000000506e+02,1.507719299999999985e-01,7.593181499999999687e+03,1.468303799999999937e+00
1.631999999999999886e+02,5.768469700000000557e+02,-9.028596999999999753e+02,-8.886181000000000267e+02,8.556261600000000800e-02,7.593181499999999687e+03,1.468303799999999937e+00
1.632500000000000000e+02,5.601707800000000361e+02,-9.028487900000000081e+02,-8.890189100000000053e+02,-7.156752800000000525e-02,7.593181499999999687e+03,1.468303799999999937e+00
1.633000000000000114e+02,5.760451000000000477e+02,-9.043079400000000305e+02,-8.900861400000000003e+02,-2.657011000000000234e-01,7.593181499999999687e+03,1.468303799999999937e+00
1.633499999999999943e+02,5.462010199999999713e+02,-9.045722100000000410e+02,-8.910872299999999768e+02,3.349923100000000153e-01,7.593181499999999687e+03,1.468303799999999937e+00
1.634000000000000057e+02,5.141817300000000159e+02,-9.040543699999999490e+02,-8.913599000000000387e+02,-6.794023400000000212e-02,7.593181499999999687e+03,1.468303799999999937e+00
1.634499999999999886e+02,5.761444400000000314e+02,-9.051149599999999964e+02,-8.908907100000000128e+02,2.188895800000000003e-01,7.593181499999999687e+03,1.468303799999999937e+00
1.635000000000000000e+02,5.815487100000000282e+02,-9.044257599999999684e+02,-8.900680899999999838e+02,7.029248999999999914e-02,7.593181499999999687e+03,1.468303799999999937e+00
1.635500000000000114e+02,5.891589900000000171e+02,-9.037242899999999963e+02,-8.891787299999999732e+02,5.481399800000000960e-02,7.593181499999999687e+03,1.468303799999999937e+00
1.635999999999999943e+02,5.768814300000000230e+02,-9.027017299999999977e+02,-8.884592900000000100e+02,3.393619499999999678e-01,7.593181499999999687e+03,1.468303799999999937e+00
1.636500000000000057e+02,5.766497399999999516e+02,-9.020209700000000339e+02,-8.877842399999999543e+02,-3.685437200000000330e-02,7.593181499999999687e+03,1.468303799999999937e+00
1.636999999999999886e+02,6.127203500000000531e+02,-9.024101500000000442e+02,-8.872828899999999521e+02,3.865483100000000061e-01,7.593181499999999687e+03,1.468303799999999937e+00
1.637500000000000000e+02,6.336315799999999854e+02,-9.029093100000000049e+02,-8.872657699999999750e+02,-2.185895600000000230e-02,7.593181499999999687e+03,1.468303799999999937e+00
1.638000000000000114e+02,6.073245399999999563e+02,-9.026368099999999686e+02,-8.876427700000000414e+02,1.959065900000000193e-01,7.593181499999999687e+03,1.468303799999999937e+00
1.638499999999999943e+02,5.750584499999999935e+02,-9.025046800000000076e+02,-8.883072399999999789e+02,2.240899500000000100e-01,7.593181499999999687e+03,1.468303799999999937e+00
1.639000000000000057e+02,5.828283699999999499e+02,-9.034673800000000483e+02,-8.890781100000000379e+02,-1.637358200000000041e-01,7.593181499999999687e+03,1.468303799999999937e+00
1.639499999999999886e+02,5.651116799999999785e+02,-9.037314000000000078e+02,-8.897795300000000225e+02,1.396459900000000254e-01,7.593181499999999687e+03,1.468303799999999937e+00
1.640000000000000000e+02,5.633118799999999737e+02,-9.043026399999999967e+02,-8.903952100000000200e+02,5.871256300000000233e-02,7.593181499999999687e+03,1.468303799999999937e+00
1.640500000000000114e+02,5.203126099999999497e+02,-9.038983299999999872e+02,-8.910524900000000343e+02,-1.890093600000000013e-02,7.593181499999999687e+03,1.468303799999999937e+00
1.640999999999999943e+02,5.361619200000000092e+02,-9.045496399999999539e+02,-8.913125000000000000e+02,2.853691300000000264e-01,7.593181499999999687e+03,1.468303799999999937e+00
1.641500000000000057e+02,5.382129400000000032e+02,-9.043873499999999694e+02,-8.910995799999999463e+02,1.658165100000000003e-01,7.593181499999999687e+03,1.468303799999999937e+00
1.641999999999999886e+02,5.617323900000000094e+02,-9.041651100000000270e+02,-8.902966699999999491e+02,2.962158699999999922e-01,7.593181499999999687e+03,1.468303799999999937e+00
1.642500000000000000e+02,5.935973599999999806e+02,-9.037872099999999591e+02,-8.891320699999999988e+02,1.447294900000000162e-01,7.593181499999999687e+03,1.468303799999999937e+00
1.643000000000000114e+02,6.032964899999999489e+02,-9.032700700000000325e+02,-8.883754699999999502e+02,2.534880000000000466e-01,7.593181499999999687e+03,1.468303799999999937e+00
1.643499999999999943e+02,6.130851099999999860e+02,-9.032123199999999770e+02,-8.880760599999999840e+02,-5.951837199999999994e-02,7.593181499999999687e+03,1.468303799999999937e+00
1.644000000000000057e+02,6.132757699999999659e+02,-9.031028000000000020e+02,-8.879618299999999635e+02,-5.842823900000000334e-03,7.593181499999999687e+03,1.468303799999999937e+00
1.644499999999999886e+02,5.991410100000000511e+02,-9.028766500000000406e+02,-8.880846400000000358e+02,1.099467000000000153e-02,7.593181499999999687e+03,1.468303799999999937e+00
1.645000000000000000e+02,5.724778800000000274e+02,-9.026352699999999913e+02,-8.885015399999999772e+02,1.598462100000000163e-01,7.593181499999999687e+03,1.468303799999999937e+00
1.645500000000000114e+02,6.046726400000000012e+02,-9.040575499999999920e+02,-8.891289699999999812e+02,1.505562100000000236e-01,7.593181499999999687e+03,1.468303799999999937e+00
1.645999999999999943e+02,5.627267399999999498e+02,-9.040224600000000237e+02,-8.901294699999999693e+02,1.439482300000000103e-02,7.593181499999999687e+03,1.468303799999999937e+00
1.646500000000000057e+02,5.190703300000000127e+02,-9.037104000000000497e+02,-8.908952299999999696e+02,-2.269343699999999964e-01,7.593181499999999687e+03,1.468303799999999937e+00
1.646999999999999886e+02,5.323227000000000544e+02,-9.039598600000000488e+02,-8.908175099999999702e+02,1.039991299999999952e-01,7.593181499999999687e+03,1.468303799999999937e+00
1.647500000000000000e+02,5.656928299999999581e+02,-9.038280899999999747e+02,-8.898618699999999535e+02,6.655586100000000782e-02,7.593181499999999687e+03,1.468303799999999937e+00
1.648000000000000114e+02,6.178098899999999958e+02,-9.040232700000000250e+02,-8.887703500000000076e+02,1.275958100000000039e-01,7.593181499999999687e+03,1.468303799999999937e+00
1.648499999999999943e+02,5.782093899999999849e+02,-9.026712899999999991e+02,-8.883960600000000341e+02,-6.386418200000000545e-02,7.593181499999999687e+03,1.468303799999999937e+00
1.649000000000000057e+02,5.866022500000000264e+02,-9.025140599999999722e+02,-8.880316199999999753e+02,1.580320600000000020e-01,7.593181499999999687e+03,1.468303799999999937e+00
1.649499999999999886e+02,5.966164599999999609e+02,-9.021973000000000411e+02,-8.874676200000000108e+02,-2.972904300000000360e-02,7.593181499999999687e+03,1.468303799999999937e+00
1.650000000000000000e+02,6.277472400000000334e+02,-9.024672299999999723e+02,-8.869689700000000130e+02,2.403012000000000203e-02,7.593181499999999687e+03,1.468303799999999937e+00
1.650500000000000114e+02,5.931320200000000114e+02,-9.012890599999999495e+02,-8.866453999999999951e+02,-2.108911899999999992e-02,7.593181499999999687e+03,1.468303799999999937e+00
1.650999999999999943e+02,6.317156199999999444e+02,-9.020262900000000172e+02,-8.864300600000000259e+02,5.401755000000001139e-02,7.593181499999999687e+03,1.468303799999999937e+00
1.651500000000000057e+02,5.955691199999999981e+02,-9.013780199999999923e+02,-8.866742000000000417e+02,2.915997300000000222e-02,7.593181499999999687e+03,1.468303799999999937e+00
1.651999999999999886e+02,6.079553300000000036e+02,-9.022597399999999652e+02,-8.872501200000000381e+02,2.793100100000000044e-02,7.593181499999999687e+03,1.468303799999999937e+00
1.652500000000000000e+02,6.131359200000000556e+02,-9.034650299999999561e+02,-8.883275099999999611e+02,-1.222808100000000037e-01,7.593181499999999687e+03,1.468303799999999937e+00
1.653000000000000114e+02,5.168985099999999875e+02,-9.019727100000000064e+02,-8.892111599999999498e+02,1.168745799999999918e-01,7.593181499999999687e+03,1.468303799999999937e+00
1.653499999999999943e+02,5.519418100000000322e+02,-9.029423399999999447e+02,-8.893156199999999671e+02,4.946974199999999884e-03,7.593181499999999687e+03,1.468303799999999937e+00
1.654000000000000057e+02,5.590374900000000480e+02,-9.027470899999999574e+02,-8.889451800000000503e+02,3.758593999999999824e-02,7.593181499999999687e+03,1.468303799999999937e+00
1.654499999999999886e+02,6.262624100000000453e+02,-9.037202200000000403e+02,-8.882586199999999508e+02,1.207848799999999972e-01,7.593181499999999687e+03,1.468303799999999937e+00
1.655000000000000000e+02,5.987727700000000368e+02,-9.026485199999999622e+02,-8.878656099999999469e+02,2.017204999999999970e-01,7.593181499999999687e+03,1.468303799999999937e+00
1.655500000000000114e+02,6.604494200000000319e+02,-9.040842499999999973e+02,-8.877786200000000463e+02,-4.114734400000000236e-02,7.593181499999999687e+03,1.468303799999999937e+00
1.655999999999999943e+02,6.513788899999999558e+02,-9.042651299999999992e+02,-8.881834400000000187e+02,2.242984300000000208e-01,7.593181499999999687e+03,1.468303799999999937e+00
1.656500000000000057e+02,6.214154099999999517e+02,-9.039062199999999621e+02,-8.885642900000000282e+02,1.021706900000000084e-01,7.593181499999999687e+03,1.468303799999999937e+00
1.656999999999999886e+02,5.686316299999999728e+02,-9.027827899999999772e+02,-8.887440199999999777e+02,8.576726499999999531e-02,7.593181499999999687e+03,1.468303799999999937e+00
1.657500000000000000e+02,5.792194600000000264e+02,-9.030028399999999920e+02,-8.887026700000000119e+02,5.503372600000000503e-02,7.593181499999999687e+03,1.468303799999999937e+00
1.658000000000000114e+02,5.957413699999999608e+02,-9.032715100000000348e+02,-8.885634300000000394e+02,-6.241368300000000278e-03,7.593181499999999687e+03,1.468303799999999937e+00
1.658499999999999943e+02,6.348130200000000514e+02,-9.039732400000000325e+02,-8.883005399999999554e+02,-8.022599000000001090e-02,7.593181499999999687e+03,1.468303799999999937e+00
1.659000000000000057e+02,6.451533299999999826e+02,-9.038738200000000234e+02,-8.879458300000000008e+02,1.607475800000000010e-01,7.593181499999999687e+03,1.468303799999999937e+00
1.659499999999999886e+02,6.432420799999999872e+02,-9.033917300000000523e+02,-8.875109300000000303e+02,1.651372100000000065e-01,7.593181499999999687e+03,1.468303799999999937e+00
1.660000000000000000e+02,5.884825799999999845e+02,-9.013964300000000094e+02,-8.868675700000000006e+02,2.873424500000000270e-01,7.593181499999999687e+03,1.468303799999999937e+00
1.660500000000000114e+02,6.266818500000000540e+02,-9.015707499999999754e+02,-8.860987999999999829e+02,-2.531426300000000351e-01,7.593181499999999687e+03,1.468303799999999937e+00
1.660999999999999943e+02,6.481389299999999594e+02,-9.017627499999999827e+02,-8.857610499999999547e+02,3.626588900000000115e-01,7.593181499999999687e+03,1.468303799999999937e+00
1.661500000000000057e+02,6.464809000000000196e+02,-9.019744100000000344e+02,-8.860136499999999842e+02,5.468906600000000839e-02,7.593181499999999687e+03,1.468303799999999937e+00
1.661999999999999886e+02,6.190995400000000473e+02,-9.021269399999999905e+02,-8.868421799999999848e+02,6.369750600000000096e-02,7.593181499999999687e+03,1.468303799999999937e+00
1.662500000000000000e+02,5.989430300000000216e+02,-9.026756599999999935e+02,-8.878885400000000345e+02,7.281802199999999614e-02,7.593181499999999687e+03,1.468303799999999937e+00
1.663000000000000114e+02,5.294638099999999667e+02,-9.013589500000000498e+02,-8.882871800000000349e+02,1.342675600000000080e-01,7.593181499999999687e+03,1.468303799999999937e+00
1.663499999999999943e+02,5.859320400000000291e+02,-9.023610800000000154e+02,-8.878951899999999569e+02,-2.875602100000000383e-01,7.593181499999999687e+03,1.468303799999999937e+00
1.664000000000000057e+02,5.847551799999999957e+02,-9.018204200000000128e+02,-8.873835800000000518e+02,3.566701000000000454e-01,7.593181499999999687e+03,1.468303799999999937e+00
1.664499999999999886e+02,6.333468199999999797e+02,-9.025956899999999905e+02,-8.869591900000000351e+02,3.282143399999999933e-01,7.593181499999999687e+03,1.468303799999999937e+00
1.665000000000000000e+02,6.505232999999999493e+02,-9.028974200000000110e+02,-8.868368500000000267e+02,9.136439300000000208e-02,7.593181499999999687e+03,1.468303799999999937e+00
1.665500000000000114e+02,6.041381000000000085e+02,-9.020776399999999740e+02,-8.871622700000000350e+02,2.798829900000000537e-01,7.593181499999999687e+03,1.468303799999999937e+00
1.665999999999999943e+02,6.036142099999999573e+02,-9.023953099999999949e+02,-8.874928700000000390e+02,8.781160500000000091e-02,7.593181499999999687e+03,1.468303799999999937e+00
1.666500000000000057e+02,5.871557500000000118e+02,-9.022399100000000089e+02,-8.877437999999999647e+02,2.156422300000000181e-01,7.593181499999999687e+03,1.468303799999999937e+00
1.666999999999999886e+02,6.141585700000000543e+02,-9.030730800000000045e+02,-8.879103199999999561e+02,5.908163600000000681e-02,7.593181499999999687e+03,1.468303799999999937e+00
1.667500000000000000e+02,6.144105899999999565e+02,-9.033367500000000518e+02,-8.881677499999999554e+02,1.708598400000000128e-01,7.593181499999999687e+03,1.468303799999999937e+00
1.668000000000000114e+02,5.552502500000000509e+02,-9.022081600000000208e+02,-8.884997600000000375e+02,2.297885600000000306e-01,7.593181499999999687e+03,1.468303799999999937e+00
1.668499999999999943e+02,5.252561500000000478e+02,-9.019781100000000151e+02,-8.890102200000000039e+02,4.240079900000000290e-02,7.593181499999999687e+03,1.468303799999999937e+00
1.669000000000000057e+02,5.343418299999999590e+02,-9.029005799999999908e+02,-8.897083800000000338e+02,9.765410100000000704e-02,7.593181499999999687e+03,1.468303799999999937e+00
1.669499999999999886e+02,5.322183300000000372e+02,-9.031933000000000220e+02,-8.900535300000000234e+02,5.466790600000000916e-02,7.593181499999999687e+03,1.468303799999999937e+00
1.670000000000000000e+02,5.566586300000000165e+02,-9.034849400000000514e+02,-8.897417699999999741e+02,-9.219104899999999714e-02,7.593181499999999687e+03,1.468303799999999937e+00
1.670500000000000114e+02,5.546111399999999776e+02,-9.024868500000000040e+02,-8.887942299999999705e+02,-2.581521499999999691e-01,7.593181499999999687e+03,1.468303799999999937e+00
1.670999999999999943e+02,6.261251099999999497e+02,-9.031464499999999589e+02,-8.876882399999999507e+02,4.506080000000000085e-01,7.593181499999999687e+03,1.468303799999999937e+00
1.671500000000000057e+02,6.195765699999999470e+02,-9.025790100000000393e+02,-8.872824799999999641e+02,-1.365291100000000091e-01,7.593181499999999687e+03,1.468303799999999937e+00
1.671999999999999886e+02,6.010252299999999650e+02,-9.022172299999999723e+02,-8.873787099999999555e+02,1.394811400000000035e-01,7.593181499999999687e+03,1.468303799999999937e+00
1.672500000000000000e+02,5.598311899999999923e+02,-9.015288699999999835e+02,-8.877073799999999437e+02,-1.093818200000000046e-01,7.593181499999999687e+03,1.468303799999999937e+00
1.673000000000000114e+02,6.265677399999999579e+02,-9.032676000000000158e+02,-8.877984699999999521e+02,9.356634600000000856e-02,7.593181499999999687e+03,1.468303799999999937e+00
1.673499999999999943e+02,6.204215599999999995e+02,-9.035189699999999675e+02,-8.882015800000000354e+02,1.413580500000000129e-01,7.593181499999999687e+03,1.468303799999999937e+00
1.674000000000000057e+02,5.771587200000000166e+02,-9.034389899999999898e+02,-8.891897000000000162e+02,-2.878473100000000229e-01,7.593181499999999687e+03,1.468303799999999937e+00
1.674499999999999886e+02,5.006532599999999888e+02,-9.023828700000000254e+02,-8.900223999999999478e+02,2.362575500000000106e-01,7.593181499999999687e+03,1.468303799999999937e+00
1.675000000000000000e+02,5.619078700000000026e+02,-9.038613699999999653e+02,-8.899886000000000195e+02,-7.234349999999999115e-02,7.593181499999999687e+03,1.468303799999999937e+00
1.675500000000000114e+02,5.722689100000000053e+02,-9.034622100000000273e+02,-8.893336399999999458e+02,1.602611500000000189e-01,7.593181499999999687e+03,1.468303799999999937e+00
1.675999999999999943e+02,5.708753600000000006e+02,-9.023040799999999990e+02,-8.882099200000000110e+02,-2.620564600000000466e-01,7.593181499999999687e+03,1.468303799999999937e+00
1.676500000000000057e+02,6.091977900000000545e+02,-9.025313899999999876e+02,-8.874910999999999603e+02,5.251209399999999805e-01,7.593181499999999687e+03,1.468303799999999937e+00
1.676999999999999886e+02,6.041517199999999548e+02,-9.023035599999999476e+02,-8.873878499999999576e+02,-3.251960300000000248e-01,7.593181499999999687e+03,1.468303799999999937e+00
1.677500000000000000e+02,6.339229100000000017e+02,-9.031261899999999514e+02,-8.874754599999999982e+02,-1.863890500000000075e-02,7.593181499999999687e+03,1.468303799999999937e+00
1.678000000000000114e+02,5.757669100000000526e+02,-9.019879100000000562e+02,-8.877729799999999614e+02,5.836249100000000245e-02,7.593181499999999687e+03,1.468303799999999937e+00
1.678499999999999943e+02,6.147602299999999786e+02,-9.032043099999999640e+02,-8.880266800000000558e+02,-1.161337399999999992e-01,7.593181499999999687e+03,1.468303799999999937e+00
1.679000000000000057e+02,6.056377400000000080e+02,-9.032877099999999473e+02,-8.883353100000000495e+02,-1.704077000000000022e-02,7.593181499999999687e+03,1.468303799999999937e+00
1.679499999999999886e+02,5.368303799999999910e+02,-9.018387400000000298e+02,-8.885851000000000113e+02,-1.148531600000000097e-01,7.593181499999999687e+03,1.468303799999999937e+00
1.680000000000000000e+02,5.882218400000000429e+02,-9.027613599999999678e+02,-8.882389299999999821e+02,3.074351599999999851e-01,7.593181499999999687e+03,1.468303799999999937e+00
1.680500000000000114e+02,5.903840599999999768e+02,-9.019013999999999669e+02,-8.873255900000000338e+02,-1.237196099999999938e-01,7.593181499999999687e+03,1.468303799999999937e+00
1.680999999999999943e+02,6.256453699999999571e+02,-9.016129399999999805e+02,-8.861665799999999535e+02,-3.528020000000000461e-02,7.593181499999999687e+03,1.468303799999999937e+00
1.681500000000000057e+02,6.852811400000000503e+02,-9.024622799999999643e+02,-8.855435800000000199e+02,-4.420437299999999819e-02,7.593181499999999687e+03,1.468303799999999937e+00
1.681999999999999886e+02,6.379952200000000175e+02,-9.015504200000000310e+02,-8.857991500000000542e+02,1.507572100000000026e-01,7.593181499999999687e+03,1.468303799999999937e+00
1.682500000000000000e+02,6.119801099999999678e+02,-9.016592799999999670e+02,-8.865502900000000182e+02,1.302012200000000064e-01,7.593181499999999687e+03,1.468303799999999937e+00
1.683000000000000114e+02,6.056128400000000056e+02,-9.021947300000000496e+02,-8.872429499999999507e+02,-5.108120700000000347e-02,7.593181499999999687e+03,1.468303799999999937e+00
1.683499999999999943e+02,6.065906899999999951e+02,-9.024918400000000247e+02,-8.875159099999999626e+02,2.727236900000000186e-01,7.593181499999999687e+03,1.468303799999999937e+00
1.684000000000000057e+02,6.500597400000000334e+02,-9.037363299999999526e+02,-8.876872100000000501e+02,-4.357008200000000303e-02,7.593181499999999687e+03,1.468303799999999937e+00
1.684499999999999886e+02,6.335106899999999541e+02,-9.036904500000000553e+02,-8.880498999999999796e+02,-2.443996500000000238e-01,7.593181499999999687e+03,1.468303799999999937e+00
1.685000000000000000e+02,5.295442500000000337e+02,-9.014964400000000069e+02,-8.884226899999999887e+02,-1.102711700000000156e-01,7.593181499999999687e+03,1.468303799999999937e+00
1.685500000000000114e+02,5.633724700000000212e+02,-9.022388099999999440e+02,-8.883298800000000028e+02,-1.841353300000000137e-01,7.593181499999999687e+03,1.468303799999999937e+00
1.685999999999999943e+02,5.634415500000000065e+02,-9.019336499999999432e+02,-8.880230199999999741e+02,-2.565684799999999877e-01,7.593181499999999687e+03,1.468303799999999937e+00
1.686500000000000057e+02,6.298437300000000505e+02,-9.029912600000000111e+02,-8.874412399999999934e+02,1.935823799999999983e-01,7.593181499999999687e+03,1.468303799999999937e+00
1.686999999999999886e+02,6.030351000000000568e+02,-9.016316299999999728e+02,-8.867434799999999768e+02,-8.568153900000000101e-02,7.593181499999999687e+03,1.468303799999999937e+00
1.687500000000000000e+02,6.825537399999999479e+02,-9.019923800000000256e+02,-8.851410300000000007e+02,3.802743700000000161e-03,7.593181499999999687e+03,1.468303799999999937e+00
1.688000000000000114e+02,6.767536999999999807e+02,-9.006687500000000455e+02,-8.839605900000000247e+02,2.215101600000000115e-01,7.593181499999999687e+03,1.468303799999999937e+00
1.688499999999999943e+02,6.549337799999999561e+02,-9.001068299999999454e+02,-8.839373799999999619e+02,-2.571877000000000191e-01,7.593181499999999687e+03,1.468303799999999937e+00
1.689000000000000057e+02,6.582613800000000310e+02,-9.006070600000000468e+02,-8.843554500000000189e+02,4.292840700000000176e-01,7.593181499999999687e+03,1.468303799999999937e+00
1.689499999999999886e+02,5.897284499999999525e+02,-8.997396999999999707e+02,-8.851800700000000006e+02,-1.946885100000000091e-01,7.593181499999999687e+03,1.468303799999999937e+00
1.690000000000000000e+02,6.214351699999999710e+02,-9.011770500000000084e+02,-8.858346299999999474e+02,2.394663000000000208e-01,7.593181499999999687e+03,1.468303799999999937e+00
1.690500000000000114e+02,6.079140599999999495e+02,-9.013465999999999667e+02,-8.863379999999999654e+02,1.121987499999999999e-01,7.593181499999999687e+03,1.468303799999999937e+00
1.690999999999999943e+02,5.868560800000000199e+02,-9.010353000000000065e+02,-8.865466000000000122e+02,9.794960499999999515e-02,7.593181499999999687e+03,1.468303799999999937e+00
1.691500000000000057e+02,6.315838199999999460e+02,-9.023068899999999530e+02,-8.867139100000000553e+02,3.462396400000000152e-01,7.593181499999999687e+03,1.468303799999999937e+00
1.691999999999999886e+02,5.910981799999999566e+02,-9.018890499999999975e+02,-8.872956100000000106e+02,5.706489600000000384e-02,7.593181499999999687e+03,1.468303799999999937e+00
1.692500000000000000e+02,5.480164099999999507e+02,-9.014100300000000061e+02,-8.878802200000000084e+02,3.553293299999999988e-01,7.593181499999999687e+03,1.468303799999999937e+00
1.693000000000000114e+02,5.419135999999999740e+02,-9.014725300000000061e+02,-8.880933899999999994e+02,1.505695999999999979e-01,7.593181499999999687e+03,1.468303799999999937e+00
1.693499999999999943e+02,5.521397899999999481e+02,-9.014398200000000543e+02,-8.878082100000000310e+02,1.520194300000000109e-01,7.593181499999999687e+03,1.468303799999999937e+00
1.694000000000000057e+02,6.403537700000000541e+02,-9.022838699999999790e+02,-8.864743799999999965e+02,7.524530200000001390e-02,7.593181499999999687e+03,1.468303799999999937e+00
1.694499999999999886e+02,7.092798699999999599e+02,-9.025719500000000153e+02,-8.850607599999999593e+02,-1.248151000000000121e-01,7.593181499999999687e+03,1.468303799999999937e+00
1.695000000000000000e+02,6.178270999999999731e+02,-9.001783900000000358e+02,-8.849250500000000557e+02,-2.584040400000000015e-01,7.593181499999999687e+03,1.468303799999999937e+00
1.695500000000000114e+02,6.449811700000000201e+02,-9.010595600000000331e+02,-8.851358199999999670e+02,-1.310708200000000045e-01,7.593181499999999687e+03,1.468303799999999937e+00
1.695999999999999943e+02,6.088193800000000238e+02,-9.007941600000000335e+02,-8.857632099999999582e+02,-6.305283300000000604e-03,7.593181499999999687e+03,1.468303799999999937e+00
1.696500000000000057e+02,6.193400500000000193e+02,-9.018203999999999496e+02,-8.865297100000000228e+02,-5.469736000000000736e-02,7.593181499999999687e+03,1.468303799999999937e+00
1.696999999999999886e+02,6.176561000000000377e+02,-9.025672700000000077e+02,-8.873181600000000344e+02,7.414007000000000236e-02,7.593181499999999687e+03,1.468303799999999937e+00
1.697500000000000000e+02,6.092678200000000288e+02,-9.029595100000000230e+02,-8.879174900000000434e+02,-2.988399500000000208e-01,7.593181499999999687e+03,1.468303799999999937e+00
1.698000000000000114e+02,6.035295800000000099e+02,-9.030579000000000178e+02,-8.881575500000000147e+02,-3.304525900000000044e-02,7.593181499999999687e+03,1.468303799999999937e+00
1.698499999999999943e+02,6.020487100000000282e+02,-9.031615100000000211e+02,-8.882977200000000266e+02,1.157116600000000078e-01,7.593181499999999687e+03,1.468303799999999937e+00
1.699000000000000057e+02,5.592872200000000475e+02,-9.021722800000000007e+02,-8.883642099999999573e+02,9.652175799999999917e-02,7.593181499999999687e+03,1.468303799999999937e+00
1.699499999999999886e+02,5.816115600000000541e+02,-9.024847999999999502e+02,-8.881255800000000136e+02,2.620981899999999878e-02,7.593181499999999687e+03,1.468303799999999937e+00
1.700000000000000000e+02,6.153817099999999982e+02,-9.028911299999999756e+02,-8.876981700000000046e+02,7.161269400000000451e-02,7.593181499999999687e+03,1.468303799999999937e+00
1.700500000000000114e+02,5.734013499999999794e+02,-9.015464799999999741e+02,-8.873899499999999989e+02,-3.505003099999999816e-01,7.593181499999999687e+03,1.468303799999999937e+00
1.700999999999999943e+02,6.552604300000000421e+02,-9.030201799999999821e+02,-8.868426600000000235e+02,4.758922700000000061e-01,7.593181499999999687e+03,1.468303799999999937e+00
1.701500000000000057e+02,6.619448700000000372e+02,-9.029417899999999690e+02,-8.865992400000000089e+02,-1.077667200000000103e-01,7.593181499999999687e+03,1.468303799999999937e+00
1.701999999999999886e+02,5.983070800000000418e+02,-9.020553099999999631e+02,-8.872839000000000169e+02,5.695729700000000673e-01,7.593181499999999687e+03,1.468303799999999937e+00
1.702500000000000000e+02,5.857746799999999894e+02,-9.029543200000000525e+02,-8.884923199999999497e+02,-3.115375599999999912e-01,7.593181499999999687e+03,1.468303799999999937e+00
1.703000000000000114e+02,5.614170000000000300e+02,-9.031406700000000001e+02,-8.892800200000000359e+02,2.915212000000000359e-01,7.593181499999999687e+03,1.468303799999999937e+00
1.703499999999999943e+02,5.630891900000000305e+02,-9.034300299999999879e+02,-8.895280999999999949e+02,-2.051907400000000103e-01,7.593181499999999687e+03,1.468303799999999937e+00
1.704000000000000057e+02,5.945933300000000372e+02,-9.041322499999999991e+02,-8.894525200000000495e+02,-1.070504400000000106e-01,7.593181499999999687e+03,1.468303799999999937e+00
1.704499999999999886e+02,5.870003000000000384e+02,-9.036383399999999710e+02,-8.891460700000000088e+02,-8.077586600000000172e-02,7.593181499999999687e+03,1.468303799999999937e+00
1.705000000000000000e+02,5.997942399999999452e+02,-9.032971999999999753e+02,-8.884890699999999697e+02,8.247620100000001286e-02,7.593181499999999687e+03,1.468303799999999937e+00
1.705500000000000114e+02,6.285895900000000438e+02,-9.030138799999999719e+02,-8.874948200000000043e+02,6.097372200000000103e-02,7.593181499999999687e+03,1.468303799999999937e+00
1.705999999999999943e+02,6.862083900000000085e+02,-9.033818400000000111e+02,-8.864402499999999918e+02,2.890115600000000007e-01,7.593181499999999687e+03,1.468303799999999937e+00
1.706500000000000057e+02,6.315074299999999994e+02,-9.017160400000000209e+02,-8.861249500000000126e+02,3.291978799999999844e-02,7.593181499999999687e+03,1.468303799999999937e+00
1.706999999999999886e+02,6.304505100000000084e+02,-9.019300200000000132e+02,-8.863650199999999586e+02,1.899984400000000184e-01,7.593181499999999687e+03,1.468303799999999937e+00
1.707500000000000000e+02,6.094407599999999547e+02,-9.024978599999999460e+02,-8.874515599999999722e+02,1.394188400000000161e-01,7.593181499999999687e+03,1.468303799999999937e+00
1.708000000000000114e+02,5.685520800000000463e+02,-9.026791699999999992e+02,-8.886423700000000281e+02,2.828546000000000116e-01,7.593181499999999687e+03,1.468303799999999937e+00
1.708499999999999943e+02,5.808986800000000130e+02,-9.037248299999999972e+02,-8.893831999999999880e+02,2.649430899999999922e-01,7.593181499999999687e+03,1.468303799999999937e+00
1.709000000000000057e+02,5.666806100000000015e+02,-9.037941200000000208e+02,-8.898035200000000486e+02,3.486335000000000406e-01,7.593181499999999687e+03,1.468303799999999937e+00
1.709499999999999886e+02,6.174785900000000538e+02,-9.050376099999999724e+02,-8.897928799999999683e+02,-5.796537400000000007e-02,7.593181499999999687e+03,1.468303799999999937e+00
1.710000000000000000e+02,5.560597599999999829e+02,-9.035410399999999527e+02,-8.898126600000000508e+02,1.611286399999999897e-01,7.593181499999999687e+03,1.468303799999999937e+00
1.710500000000000114e+02,5.980878000000000156e+02,-9.043478199999999561e+02,-8.895818199999999933e+02,-2.440092699999999934e-02,7.593181499999999687e+03,1.468303799999999937e+00
1.710999999999999943e+02,6.043495900000000347e+02,-9.040787400000000389e+02,-8.891581400000000031e+02,-5.758583400000000241e-02,7.593181499999999687e+03,1.468303799999999937e+00
1.711500000000000057e+02,5.967740700000000516e+02,-9.032680400000000418e+02,-8.885344700000000557e+02,6.353196699999999475e-02,7.593181499999999687e+03,1.468303799999999937e+00
1.711999999999999886e+02,6.538260400000000345e+02,-9.038851700000000164e+02,-8.877430600000000140e+02,5.883849900000000244e-02,7.593181499999999687e+03,1.468303799999999937e+00
1.712500000000000000e+02,6.162863099999999577e+02,-9.025504200000000310e+02,-8.873351199999999608e+02,8.628624700000001035e-02,7.593181499999999687e+03,1.468303799999999937e+00
1.713000000000000114e+02,6.225476499999999760e+02,-9.022909300000000030e+02,-8.869210500000000366e+02,-1.626144300000000043e-01,7.593181499999999687e+03,1.468303799999999937e+00
1.713499999999999943e+02,6.023721699999999828e+02,-9.012439000000000533e+02,-8.863721199999999953e+02,9.865288500000000960e-02,7.593181499999999687e+03,1.468303799999999937e+00
1.714000000000000057e+02,6.127407500000000482e+02,-9.009689399999999750e+02,-8.858411800000000085e+02,2.006927599999999978e-01,7.593181499999999687e+03,1.468303799999999937e+00
1.714499999999999886e+02,6.996104500000000144e+02,-9.027807699999999613e+02,-8.855083100000000513e+02,1.607982299999999865e-01,7.593181499999999687e+03,1.468303799999999937e+00
1.715000000000000000e+02,5.893030300000000352e+02,-9.005985699999999952e+02,-8.860494499999999789e+02,-4.170540999999999832e-03,7.593181499999999687e+03,1.468303799999999937e+00
1.715500000000000114e+02,6.203332299999999577e+02,-9.023428999999999860e+02,-8.870276900000000069e+02,-2.321543000000000218e-02,7.593181499999999687e+03,1.468303799999999937e+00
1.715999999999999943e+02,5.873373400000000402e+02,-9.025367400000000089e+02,-8.880361599999999953e+02,2.633195000000000396e-01,7.593181499999999687e+03,1.468303799999999937e+00
1.716500000000000057e+02,6.138984000000000378e+02,-9.037205099999999902e+02,-8.885641600000000153e+02,-2.252268600000000009e-02,7.593181499999999687e+03,1.468303799999999937e+00
1.716999999999999886e+02,5.608283999999999878e+02,-9.027050199999999904e+02,-8.888589100000000371e+02,4.819035500000000416e-02,7.593181499999999687e+03,1.468303799999999937e+00
1.717500000000000000e+02,5.928127799999999752e+02,-9.033126999999999498e+02,-8.886769299999999703e+02,1.015917400000000137e-01,7.593181499999999687e+03,1.468303799999999937e+00
1.718000000000000114e+02,6.067807000000000244e+02,-9.032357700000000023e+02,-8.882551600000000462e+02,1.836004600000000209e-01,7.593181499999999687e+03,1.468303799999999937e+00
1.718499999999999943e+02,6.349889899999999443e+02,-9.035060700000000224e+02,-8.878290200000000141e+02,4.612092900000000495e-02,7.593181499999999687e+03,1.468303799999999937e+00
1.719000000000000057e+02,5.740279199999999946e+02,-9.013926199999999653e+02,-8.872206300000000283e+02,1.135342300000000137e-01,7.593181499999999687e+03,1.468303799999999937e+00
1.719499999999999886e+02,6.464930500000000393e+02,-9.015104599999999664e+02,-8.855493999999999915e+02,2.210619499999999793e-01,7.593181499999999687e+03,1.468303799999999937e+00
1.720000000000000000e+02,6.342978299999999763e+02,-9.002643100000000231e+02,-8.846043300000000045e+02,4.680799200000000382e-01,7.593181499999999687e+03,1.468303799999999937e+00
1.720500000000000114e+02,6.343915200000000141e+02,-9.004849100000000135e+02,-8.848226100000000542e+02,-3.718445200000000117e-01,7.593181499999999687e+03,1.468303799999999937e+00
1.720999999999999943e+02,6.513977899999999863e+02,-9.015113999999999805e+02,-8.854292400000000498e+02,3.962931399999999882e-01,7.593181499999999687e+03,1.468303799999999937e+00
1.721500000000000057e+02,5.870591899999999441e+02,-9.008794199999999819e+02,-8.863857000000000426e+02,-4.814510400000000107e-02,7.593181499999999687e+03,1.468303799999999937e+00
1.721999999999999886e+02,5.836204999999999927e+02,-9.014378699999999753e+02,-8.870290499999999838e+02,6.414028499999999133e-02,7.593181499999999687e+03,1.468303799999999937e+00
1.722500000000000000e+02,5.645160899999999629e+02,-9.012198100000000522e+02,-8.872826499999999896e+02,4.588922800000000413e-02,7.593181499999999687e+03,1.468303799999999937e+00
1.723000000000000114e+02,6.070386399999999867e+02,-9.023224099999999908e+02,-8.873354199999999992e+02,1.372920400000000041e-01,7.593181499999999687e+03,1.468303799999999937e+00
1.723499999999999943e+02,6.173513699999999744e+02,-9.026041900000000169e+02,-8.873625899999999547e+02,1.645279700000000164e-02,7.593181499999999687e+03,1.468303799999999937e+00
1.724000000000000057e+02,5.850013599999999769e+02,-9.019122899999999845e+02,-8.874693700000000263e+02,-1.143369200000000085e-01,7.593181499999999687e+03,1.468303799999999937e+00
1.724499999999999886e+02,5.700432200000000194e+02,-9.015054999999999836e+02,-8.874318799999999783e+02,2.529434099999999797e-01,7.593181499999999687e+03,1.468303799999999937e+00
1.725000000000000000e+02,5.848042900000000373e+02,-9.014116199999999708e+02,-8.869735699999999952e+02,-2.211225399999999786e-01,7.593181499999999687e+03,1.468303799999999937e+00
1.725500000000000114e+02,5.760198100000000068e+02,-9.002960799999999608e+02,-8.860749100000000453e+02,-3.743100900000000120e-02,7.593181499999999687e+03,1.468303799999999937e+00
1.725999999999999943e+02,6.512895499999999629e+02,-9.011675000000000182e+02,-8.850880200000000286e+02,-6.129461099999999885e-02,7.593181499999999687e+03,1.468303799999999937e+00
1.726500000000000057e+02,6.284862900000000536e+02,-9.001699999999999591e+02,-8.846534900000000334e+02,-3.470639000000000363e-01,7.593181499999999687e+03,1.468303799999999937e+00
1.726999999999999886e+02,6.786718899999999621e+02,-9.012691099999999551e+02,-8.845135900000000220e+02,1.849026100000000228e-01,7.593181499999999687e+03,1.468303799999999937e+00
1.727500000000000000e+02,6.262987900000000536e+02,-9.005323200000000270e+02,-8.850698200000000497e+02,-2.278030400000000122e-01,7.593181499999999687e+03,1.468303799999999937e+00
1.728000000000000114e+02,5.681957700000000386e+02,-8.998980699999999615e+02,-8.858700599999999667e+02,1.669601000000000279e-01,7.593181499999999687e+03,1.468303799999999937e+00
1.728499999999999943e+02,5.915486799999999903e+02,-9.011663899999999785e+02,-8.865618299999999863e+02,-3.647787800000000247e-01,7.593181499999999687e+03,1.468303799999999937e+00
1.729000000000000057e+02,5.571007100000000491e+02,-9.008953000000000202e+02,-8.871412100000000009e+02,6.012946200000000158e-02,7.593181499999999687e+03,1.468303799999999937e+00
1.729499999999999886e+02,5.831857599999999593e+02,-9.017005400000000463e+02,-8.873024500000000216e+02,-2.786584400000000072e-01,7.593181499999999687e+03,1.468303799999999937e+00
1.730000000000000000e+02,5.967840800000000172e+02,-9.021285100000000057e+02,-8.873946999999999434e+02,1.338064900000000279e-01,7.593181499999999687e+03,1.468303799999999937e+00
1.730500000000000114e+02,5.873414400000000342e+02,-9.023217300000000023e+02,-8.878210400000000391e+02,4.705200500000000785e-02,7.593181499999999687e+03,1.468303799999999937e+00
1.730999999999999943e+02,5.739985500000000229e+02,-9.027458100000000059e+02,-8.885745399999999563e+02,4.264616700000000565e-02,7.593181499999999687e+03,1.468303799999999937e+00
1.731500000000000057e+02,5.961766300000000456e+02,-9.039370099999999866e+02,-8.892181900000000496e+02,7.949483999999999717e-03,7.593181499999999687e+03,1.468303799999999937e+00
1.731999999999999886e+02,5.832176699999999983e+02,-9.040623500000000377e+02,-8.896634699999999611e+02,9.728041800000000738e-02,7.593181499999999687e+03,1.468303799999999937e+00
1.732500000000000000e+02,5.208001600000000053e+02,-9.026545200000000477e+02,-8.897966499999999996e+02,1.977326800000000218e-01,7.593181499999999687e+03,1.468303799999999937e+00
1.733000000000000114e+02,5.815637299999999641e+02,-9.035778800000000501e+02,-8.892198300000000017e+02,1.754021999999999873e-02,7.593181499999999687e+03,1.468303799999999937e+00
1.733499999999999943e+02,6.566417300000000523e+02,-9.044951200000000426e+02,-8.882835000000000036e+02,4.064875800000000011e-02,7.593181499999999687e+03,1.468303799999999937e+00
1.734000000000000057e+02,6.487555899999999838e+02,-9.038003999999999678e+02,-8.877834699999999657e+02,-4.942264500000000116e-02,7.593181499999999687e+03,1.468303799999999937e+00
1.734499999999999886e+02,6.276100199999999631e+02,-9.031900100000000293e+02,-8.876951500000000124e+02,1.913458600000000065e-01,7.593181499999999687e+03,1.468303799999999937e+00
1.735000000000000000e+02,6.322667800000000398e+02,-9.033301699999999528e+02,-8.877203399999999647e+02,2.662331699999999704e-02,7.593181499999999687e+03,1.468303799999999937e+00
1.735500000000000114e+02,5.893861699999999928e+02,-9.025360899999999447e+02,-8.879849100000000135e+02,-1.516661400000000187e-02,7.593181499999999687e+03,1.468303799999999937e+00
1.735999999999999943e+02,5.946760900000000447e+02,-9.031251999999999498e+02,-8.884434300000000349e+02,1.747575700000000287e-01,7.593181499999999687e+03,1.468303799999999937e+00
1.736500000000000057e+02,5.567732700000000250e+02,-9.028043400000000247e+02,-8.890583400000000438e+02,5.534221700000000604e-02,7.593181499999999687e+03,1.468303799999999937e+00
1.736999999999999886e+02,5.726592299999999796e+02,-9.035556199999999762e+02,-8.894174100000000180e+02,6.425657800000000863e-02,7.593181499999999687e+03,1.468303799999999937e+00
1.737500000000000000e+02,5.173358600000000251e+02,-9.022372199999999793e+02,-8.894648799999999937e+02,-8.189370199999999878e-02,7.593181499999999687e+03,1.468303799999999937e+00
1.738000000000000114e+02,5.498960600000000341e+02,-9.025282700000000204e+02,-8.889520599999999604e+02,2.245084400000000313e-01,7.593181499999999687e+03,1.468303799999999937e+00
1.738499999999999943e+02,6.256497900000000527e+02,-9.033369699999999511e+02,-8.878904999999999745e+02,-2.305146600000000101e-01,7.593181499999999687e+03,1.468303799999999937e+00
1.739000000000000057e+02,6.072380699999999933e+02,-9.020075399999999490e+02,-8.870156299999999874e+02,5.635143399999999886e-02,7.593181499999999687e+03,1.468303799999999937e+00
1.739499999999999886e+02,6.145089299999999639e+02,-9.017568800000000238e+02,-8.865854600000000119e+02,-1.272141100000000191e-02,7.593181499999999687e+03,1.468303799999999937e+00
1.740000000000000000e+02,5.877484899999999470e+02,-9.010832199999999830e+02,-8.865724800000000414e+02,2.426543200000000344e-02,7.593181499999999687e+03,1.468303799999999937e+00
1.740500000000000114e+02,6.162903499999999894e+02,-9.018202999999999747e+02,-8.866049000000000433e+02,-1.547101500000000185e-01,7.593181499999999687e+03,1.468303799999999937e+00
1.740999999999999943e+02,6.122969600000000128e+02,-9.018563599999999951e+02,-8.867395500000000084e+02,2.300399500000000208e-01,7.593181499999999687e+03,1.468303799999999937e+00
1.741500000000000057e+02,5.766124600000000555e+02,-9.011742799999999534e+02,-8.869384800000000268e+02,-3.651967400000000197e-01,7.593181499999999687e+03,1.468303799999999937e+00
1.741999999999999886e+02,6.307400599999999713e+02,-9.026503900000000158e+02,-8.870782400000000507e+02,1.656248100000000043e-02,7.593181499999999687e+03,1.468303799999999937e+00
1.742500000000000000e+02,5.638268000000000484e+02,-9.015236599999999498e+02,-8.876035200000000032e+02,2.201011300000000129e-02,7.593181499999999687e+03,1.468303799999999937e+00
1.743000000000000114e+02,6.077635900000000220e+02,-9.033384300000000167e+02,-8.883335399999999709e+02,5.298776000000000874e-02,7.593181499999999687e+03,1.468303799999999937e+00
1.743499999999999943e+02,5.573298800000000028e+02,-9.028823999999999614e+02,-8.891226599999999962e+02,1.969352400000000045e-02,7.593181499999999687e+03,1.468303799999999937e+00
1.744000000000000057e+02,5.604321999999999662e+02,-9.033529399999999896e+02,-8.895166000000000395e+02,-7.483746600000000526e-02,7.593181499999999687e+03,1.468303799999999937e+00
1.744499999999999886e+02,5.595142200000000230e+02,-9.032660600000000386e+02,-8.894523900000000367e+02,1.391332100000000072e-01,7.593181499999999687e+03,1.468303799999999937e+00
1.745000000000000000e+02,5.649136300000000119e+02,-9.027303299999999808e+02,-8.887833500000000413e+02,4.622159200000000752e-03,7.593181499999999687e+03,1.468303799999999937e+00
1.745500000000000114e+02,5.584528599999999869e+02,-9.014732800000000452e+02,-8.876858099999999467e+02,6.844301900000000771e-02,7.593181499999999687e+03,1.468303799999999937e+00
1.745999999999999943e+02,6.011391300000000228e+02,-9.018039800000000241e+02,-8.869626399999999649e+02,2.732068200000000169e-01,7.593181499999999687e+03,1.468303799999999937e+00
1.746500000000000057e+02,6.165249499999999898e+02,-9.019297100000000000e+02,-8.867085200000000214e+02,3.170376900000000386e-01,7.593181499999999687e+03,1.468303799999999937e+00
1.746999999999999886e+02,6.155735100000000557e+02,-9.019150200000000268e+02,-8.867173099999999977e+02,1.494080300000000250e-01,7.593181499999999687e+03,1.468303799999999937e+00
1.747500000000000000e+02,6.602144100000000435e+02,-9.033744599999999991e+02,-8.870746299999999565e+02,1.026164299999999946e-01,7.593181499999999687e+03,1.468303799999999937e+00
1.748000000000000114e+02,5.977831099999999651e+02,-9.027396300000000338e+02,-8.879811499999999569e+02,-1.427245899999999845e-01,7.593181499999999687e+03,1.468303799999999937e+00
1.748499999999999943e+02,5.635383299999999736e+02,-9.025499099999999544e+02,-8.886368899999999940e+02,2.463047900000000026e-02,7.593181499999999687e+03,1.468303799999999937e+00
1.749000000000000057e+02,5.836451299999999947e+02,-9.031617999999999711e+02,-8.887523700000000417e+02,-3.153251300000000507e-02,7.593181499999999687e+03,1.468303799999999937e+00
1.749499999999999886e+02,6.447735900000000129e+02,-9.046906900000000178e+02,-8.887720799999999599e+02,1.530665099999999890e-01,7.593181499999999687e+03,1.468303799999999937e+00
1.750000000000000000e+02,5.862152800000000070e+02,-9.036082000000000107e+02,-8.891353199999999788e+02,1.728615099999999960e-01,7.593181499999999687e+03,1.468303799999999937e+00
1.750500000000000114e+02,5.920668100000000322e+02,-9.039856999999999516e+02,-8.893683499999999640e+02,1.723450200000000154e-01,7.593181499999999687e+03,1.468303799999999937e+00
1.750999999999999943e+02,6.150543300000000499e+02,-9.045992300000000341e+02,-8.894143500000000131e+02,7.466900500000001051e-02,7.593181499999999687e+03,1.468303799999999937e+00
1.751500000000000057e+02,5.640810800000000427e+02,-9.034202900000000227e+02,-8.894938700000000154e+02,-2.354909299999999872e-01,7.593181499999999687e+03,1.468303799999999937e+00
1.751999999999999886e+02,6.318353399999999738e+02,-9.047455099999999675e+02,-8.891463300000000345e+02,-4.860809400000000446e-02,7.593181499999999687e+03,1.468303799999999937e+00
1.752500000000000000e+02,6.164698600000000397e+02,-9.034067199999999502e+02,-8.881868899999999485e+02,3.084012000000000420e-01,7.593181499999999687e+03,1.468303799999999937e+00
1.753000000000000114e+02,6.852063600000000179e+02,-9.038548100000000431e+02,-8.869379599999999755e+02,-1.078150400000000009e-01,7.593181499999999687e+03,1.468303799999999937e+00
1.753499999999999943e+02,6.619675099999999475e+02,-9.028680200000000013e+02,-8.865249099999999771e+02,-1.721578199999999892e-01,7.593181499999999687e+03,1.468303799999999937e+00
1.754000000000000057e+02,5.829992899999999736e+02,-9.011009900000000243e+02,-8.867074999999999818e+02,-8.347906800000000349e-02,7.593181499999999687e+03,1.468303799999999937e+00
1.754499999999999886e+02,5.895961899999999787e+02,-9.011998399999999947e+02,-8.866434799999999541e+02,-1.666840599999999950e-01,7.593181499999999687e+03,1.468303799999999937e+00
1.755000000000000000e+02,6.077803699999999480e+02,-9.011282200000000557e+02,-8.861229200000000219e+02,2.603328899999999835e-01,7.593181499999999687e+03,1.468303799999999937e+00
1.755500000000000114e+02,6.104341699999999946e+02,-9.004908500000000231e+02,-8.854200399999999718e+02,-2.507350899999999938e-01,7.593181499999999687e+03,1.468303799999999937e+00
1.755999999999999943e+02,6.743216300000000274e+02,-9.013913499999999885e+02,-8.847432400000000143e+02,1.188465999999999967e-01,7.593181499999999687e+03,1.468303799999999937e+00
1.756500000000000057e+02,6.460748499999999694e+02,-9.005548099999999749e+02,-8.846040699999999788e+02,8.189946000000000725e-02,7.593181499999999687e+03,1.468303799999999937e+00
1.756999999999999886e+02,6.709060200000000123e+02,-9.021105999999999767e+02,-8.855468200000000252e+02,2.468150900000000147e-01,7.593181499999999687e+03,1.468303799999999937e+00
1.757500000000000000e+02,5.853280700000000252e+02,-9.016079899999999725e+02,-8.871570100000000139e+02,-2.222138600000000408e-01,7.593181499999999687e+03,1.468303799999999937e+00
1.758000000000000114e+02,6.074259499999999434e+02,-9.028065800000000536e+02,-8.878100299999999834e+02,1.665511100000000022e-01,7.593181499999999687e+03,1.468303799999999937e+00
1.758499999999999943e+02,6.309825299999999970e+02,-9.038352200000000494e+02,-8.882570899999999483e+02,-1.270394200000000105e-02,7.593181499999999687e+03,1.468303799999999937e+00
1.759000000000000057e+02,5.757546599999999444e+02,-9.029298800000000256e+02,-8.887152499999999691e+02,-1.141285300000000058e-01,7.593181499999999687e+03,1.468303799999999937e+00
1.759499999999999886e+02,5.559205200000000104e+02,-9.026164300000000367e+02,-8.888914800000000014e+02,2.112441499999999917e-01,7.593181499999999687e+03,1.468303799999999937e+00
1.760000000000000000e+02,5.986356100000000424e+02,-9.035245099999999638e+02,-8.887449900000000298e+02,-1.307645800000000191e-01,7.593181499999999687e+03,1.468303799999999937e+00
1.760500000000000114e+02,5.898363200000000006e+02,-9.029886299999999437e+02,-8.884263499999999567e+02,3.980609900000000034e-01,7.593181499999999687e+03,1.468303799999999937e+00
1.760999999999999943e+02,5.689868300000000545e+02,-9.018687700000000405e+02,-8.878212300000000141e+02,5.491351900000000091e-02,7.593181499999999687e+03,1.468303799999999937e+00
1.761500000000000057e+02,6.803628400000000056e+02,-9.033558000000000447e+02,-8.865585399999999936e+02,2.211881800000000120e-01,7.593181499999999687e+03,1.468303799999999937e+00
1.761999999999999886e+02,6.753854599999999664e+02,-9.025422899999999800e+02,-8.858679100000000517e+02,-1.002793000000000018e-01,7.593181499999999687e+03,1.468303799999999937e+00
1.762500000000000000e+02,6.657487800000000107e+02,-9.024302900000000136e+02,-8.859938300000000027e+02,-1.075035100000000104e-01,7.593181499999999687e+03,1.468303799999999937e+00
1.763000000000000114e+02,6.394171400000000176e+02,-9.024513500000000477e+02,-8.866649800000000141e+02,2.144510100000000113e-03,7.593181499999999687e+03,1.468303799999999937e+00
1.763499999999999943e+02,6.040951099999999769e+02,-9.023082699999999932e+02,-8.873939599999999928e+02,-1.483625800000000217e-01,7.593181499999999687e+03,1.468303799999999937e+00
1.764000000000000057e+02,5.949608100000000377e+02,-9.026040400000000545e+02,-8.879152299999999514e+02,-6.692096499999999892e-02,7.593181499999999687e+03,1.468303799999999937e+00
1.764499999999999886e+02,5.649922900000000254e+02,-9.021059099999999944e+02,-8.881569899999999507e+02,-2.780968400000000118e-01,7.593181499999999687e+03,1.468303799999999937e+00
1.765000000000000000e+02,6.317778600000000324e+02,-9.036220399999999700e+02,-8.880242700000000013e+02,-1.064845000000000097e-01,7.593181499999999687e+03,1.468303799999999937e+00
1.765500000000000114e+02,6.252155099999999948e+02,-9.034850599999999758e+02,-8.880493099999999913e+02,2.398079900000000056e-02,7.593181499999999687e+03,1.468303799999999937e+00
1.765999999999999943e+02,5.745454200000000355e+02,-9.022315200000000459e+02,-8.880467499999999745e+02,-2.645479000000000025e-01,7.593181499999999687e+03,1.468303799999999937e+00
1.766500000000000057e+02,5.806286199999999553e+02,-9.021114199999999528e+02,-8.877764600000000428e+02,1.481676400000000171e-01,7.593181499999999687e+03,1.468303799999999937e+00
1.766999999999999886e+02,5.833874399999999696e+02,-9.016780099999999720e+02,-8.872749400000000151e+02,-4.736186800000000141e-02,7.593181499999999687e+03,1.468303799999999937e+00
1.767500000000000000e+02,6.750732299999999668e+02,-9.028669399999999996e+02,-8.862002700000000459e+02,2.600562399999999941e-01,7.593181499999999687e+03,1.468303799999999937e+00
1.768000000000000114e+02,6.044895299999999452e+02,-9.002264199999999619e+02,-8.853023699999999963e+02,-8.208097400000000099e-02,7.593181499999999687e+03,1.468303799999999937e+00
1.768499999999999943e+02,6.206607400000000325e+02,-9.000127599999999575e+02,-8.846894600000000537e+02,8.333370800000000633e-02,7.593181499999999687e+03,1.468303799999999937e+00
1.769000000000000057e+02,6.319832599999999729e+02,-9.002005799999999454e+02,-8.845977400000000443e+02,-1.660273500000000180e-01,7.593181499999999687e+03,1.468303799999999937e+00
1.769499999999999886e+02,6.294358999999999469e+02,-9.009601999999999862e+02,-8.854202599999999848e+02,2.735916300000000231e-02,7.593181499999999687e+03,1.468303799999999937e+00
1.770000000000000000e+02,5.901483399999999619e+02,-9.013777400000000171e+02,-8.868077500000000555e+02,4.528770299999999860e-02,7.593181499999999687e+03,1.468303799999999937e+00
1.770500000000000114e+02,6.185886199999999917e+02,-9.028946899999999687e+02,-8.876225500000000466e+02,1.400588700000000020e-01,7.593181499999999687e+03,1.468303799999999937e+00
1.770999999999999943e+02,5.612863200000000461e+02,-9.017074000000000069e+02,-8.878499799999999595e+02,-1.763568600000000042e-01,7.593181499999999687e+03,1.468303799999999937e+00
1.771500000000000057e+02,6.018919899999999643e+02,-9.026087300000000369e+02,-8.877488100000000486e+02,2.105566600000000343e-01,7.593181499999999687e+03,1.468303799999999937e+00
1.771999999999999886e+02,6.067010400000000345e+02,-9.026939700000000357e+02,-8.877153200000000197e+02,3.159410700000000322e-02,7.593181499999999687e+03,1.468303799999999937e+00
1.772500000000000000e+02,6.067800600000000486e+02,-9.028414400000000342e+02,-8.878608299999999645e+02,2.897024999999999947e-02,7.593181499999999687e+03,1.468303799999999937e+00
1.773000000000000114e+02,5.990543499999999995e+02,-9.029410699999999679e+02,-8.881512000000000171e+02,-1.573381699999999994e-01,7.593181499999999687e+03,1.468303799999999937e+00
1.773499999999999943e+02,6.238782400000000052e+02,-9.038755200000000514e+02,-8.884727799999999434e+02,4.934099400000000607e-02,7.593181499999999687e+03,1.468303799999999937e+00
1.774000000000000057e+02,6.143450900000000274e+02,-9.045175100000000157e+02,-8.893501300000000356e+02,-1.143249000000000071e-01,7.593181499999999687e+03,1.468303799999999937e+00
1.774499999999999886e+02,5.635655400000000554e+02,-9.043615399999999909e+02,-8.904478500000000167e+02,9.151598100000001013e-02,7.593181499999999687e+03,1.468303799999999937e+00
1.775000000000000000e+02,5.211166600000000244e+02,-9.038033100000000104e+02,-8.909376200000000381e+02,-5.833015600000000626e-03,7.593181499999999687e+03,1.468303799999999937e+00
1.775500000000000114e+02,5.262554199999999582e+02,-9.037541400000000067e+02,-8.907615799999999808e+02,-8.631171900000000896e-02,7.593181499999999687e+03,1.468303799999999937e+00
1.775999999999999943e+02,5.490099400000000287e+02,-9.036444999999999936e+02,-8.900901699999999437e+02,5.114344200000000423e-02,7.593181499999999687e+03,1.468303799999999937e+00
1.776500000000000057e+02,6.486222800000000461e+02,-9.051368999999999687e+02,-8.891232599999999593e+02,-4.805184900000000064e-02,7.593181499999999687e+03,1.468303799999999937e+00
1.776999999999999886e+02,5.904503700000000208e+02,-9.032300300000000561e+02,-8.886525900000000320e+02,1.727399699999999927e-01,7.593181499999999687e+03,1.468303799999999937e+00
1.777500000000000000e+02,6.236256100000000515e+02,-9.037535599999999931e+02,-8.883570600000000468e+02,-8.340038900000000532e-02,7.593181499999999687e+03,1.468303799999999937e+00
1.778000000000000114e+02,5.935716700000000401e+02,-9.028607700000000023e+02,-8.882062600000000430e+02,-7.396382700000000976e-02,7.593181499999999687e+03,1.468303799999999937e+00
1.778499999999999943e+02,6.078192900000000236e+02,-9.031488500000000386e+02,-8.881425900000000411e+02,1.895680900000000224e-01,7.593181499999999687e+03,1.468303799999999937e+00
1.779000000000000057e+02,5.713730199999999968e+02,-9.023715799999999945e+02,-8.882651299999999992e+02,-1.917994000000000088e-01,7.593181499999999687e+03,1.468303799999999937e+00
1.779499999999999886e+02,5.935194999999999936e+02,-9.030742999999999938e+02,-8.884210799999999608e+02,-7.392433099999999591e-02,7.593181499999999687e+03,1.468303799999999937e+00
1.780000000000000000e+02,5.750690100000000484e+02,-9.030189100000000053e+02,-8.888212099999999509e+02,1.000645599999999968e-01,7.593181499999999687e+03,1.468303799999999937e+00
1.780500000000000114e+02,6.093606300000000147e+02,-9.045072999999999865e+02,-8.894629800000000159e+02,1.557899899999999963e-02,7.593181499999999687e+03,1.468303799999999937e+00
1.780999999999999943e+02,5.747025599999999486e+02,-9.044854599999999891e+02,-8.902968100000000504e+02,1.691648699999999950e-01,7.593181499999999687e+03,1.468303799999999937e+00
1.781500000000000057e+02,5.335508399999999938e+02,-9.039974799999999959e+02,-8.908248099999999567e+02,-1.822550800000000137e-01,7.593181499999999687e+03,1.468303799999999937e+00
1.781999999999999886e+02,5.455120899999999438e+02,-9.041056099999999560e+02,-8.906376299999999446e+02,2.650140400000000618e-01,7.593181499999999687e+03,1.468303799999999937e+00
1.782500000000000000e+02,5.954870899999999665e+02,-9.044429599999999709e+02,-8.897411700000000110e+02,-5.117382600000000559e-02,7.593181499999999687e+03,1.468303799999999937e+00
1.783000000000000114e+02,6.202645199999999477e+02,-9.040191800000000057e+02,-8.887056599999999662e+02,3.689092000000000482e-01,7.593181499999999687e+03,1.468303799999999937e+00
1.783499999999999943e+02,6.124272499999999582e+02,-9.031541999999999462e+02,-8.880341799999999921e+02,-2.984226099999999771e-01,7.593181499999999687e+03,1.468303799999999937e+00
1.784000000000000057e+02,5.917942799999999579e+02,-9.022348799999999756e+02,-8.876242600000000493e+02,7.636043600000000375e-02,7.593181499999999687e+03,1.468303799999999937e+00
1.784499999999999886e+02,6.108118500000000495e+02,-9.024525300000000243e+02,-8.873723800000000210e+02,1.423771500000000148e-02,7.593181499999999687e+03,1.468303799999999937e+00
1.785000000000000000e+02,5.967141299999999546e+02,-9.021999100000000453e+02,-8.874678199999999606e+02,1.327684799999999943e-01,7.593181499999999687e+03,1.468303799999999937e+00
1.785500000000000114e+02,5.599532699999999750e+02,-9.014342000000000326e+02,-8.876096900000000005e+02,3.276141500000000206e-02,7.593181499999999687e+03,1.468303799999999937e+00
1.785999999999999943e+02,6.133609400000000278e+02,-9.026715000000000373e+02,-8.875284299999999575e+02,1.573594800000000238e-01,7.593181499999999687e+03,1.468303799999999937e+00
1.786500000000000057e+02,5.907671000000000276e+02,-9.021097499999999627e+02,-8.875244800000000396e+02,-1.361259200000000114e-01,7.593181499999999687e+03,1.468303799999999937e+00
1.786999999999999886e+02,5.823268600000000106e+02,-9.017094100000000481e+02,-8.873325200000000450e+02,-3.238994800000000174e-02,7.593181499999999687e+03,1.468303799999999937e+00
1.787500000000000000e+02,6.101120899999999665e+02,-9.016781799999999976e+02,-8.866153100000000222e+02,1.521763999999999895e-01,7.593181499999999687e+03,1.468303799999999937e+00
1.788000000000000114e+02,6.591751299999999674e+02,-9.018669399999999996e+02,-8.855927699999999732e+02,-2.929933799999999700e-01,7.593181499999999687e+03,1.468303799999999937e+00
1.788499999999999943e+02,6.493625399999999672e+02,-9.011675599999999804e+02,-8.851356500000000551e+02,2.186869500000000049e-02,7.593181499999999687e+03,1.468303799999999937e+00
1.789000000000000057e+02,6.376352900000000545e+02,-9.008609699999999521e+02,-8.851185900000000402e+02,1.411008300000000104e-01,7.593181499999999687e+03,1.468303799999999937e+00
1.789499999999999886e+02,6.244336299999999937e+02,-9.010215200000000095e+02,-8.856050699999999551e+02,2.597955800000000259e-01,7.593181499999999687e+03,1.468303799999999937e+00
1.790000000000000000e+02,5.839410299999999552e+02,-9.012613499999999931e+02,-8.868446099999999888e+02,3.209151600000000049e-02,7.593181499999999687e+03,1.468303799999999937e+00
1.790500000000000114e+02,6.111750500000000557e+02,-9.029781400000000531e+02,-8.878890300000000479e+02,2.086435599999999779e-01,7.593181499999999687e+03,1.468303799999999937e+00
1.790999999999999943e+02,5.771900200000000041e+02,-9.025425300000000561e+02,-8.882924600000000055e+02,-1.844046900000000100e-01,7.593181499999999687e+03,1.468303799999999937e+00
1.791500000000000057e+02,5.945472300000000132e+02,-9.029666799999999967e+02,-8.882880900000000111e+02,-1.071555800000000142e-01,7.593181499999999687e+03,1.468303799999999937e+00
1.791999999999999886e+02,5.759810599999999567e+02,-9.024308399999999892e+02,-8.882106199999999490e+02,7.869674399999999903e-02,7.593181499999999687e+03,1.468303799999999937e+00
1.792500000000000000e+02,6.089564800000000560e+02,-9.031065800000000081e+02,-8.880722399999999652e+02,3.532868299999999961e-02,7.593181499999999687e+03,1.468303799999999937e+00
1.793000000000000114e+02,5.746036599999999908e+02,-9.020926899999999478e+02,-8.879064799999999877e+02,6.322439500000000268e-02,7.593181499999999687e+03,1.468303799999999937e+00
1.793499999999999943e+02,6.116314200000000483e+02,-9.025624000000000251e+02,-8.874620200000000523e+02,-8.021915500000000032e-02,7.593181499999999687e+03,1.468303799999999937e+00
1.794000000000000057e+02,6.098210599999999886e+02,-9.016686399999999821e+02,-8.866129600000000437e+02,-1.676021300000000158e-01,7.593181499999999687e+03,1.468303799999999937e+00
1.794499999999999886e+02,6.662463999999999942e+02,-9.017790899999999965e+02,-8.853303399999999783e+02,3.724876000000000298e-01,7.593181499999999687e+03,1.468303799999999937e+00
1.795000000000000000e+02,6.638234499999999798e+02,-9.011710000000000491e+02,-8.847820699999999761e+02,1.536908899999999967e-01,7.593181499999999687e+03,1.468303799999999937e+00
1.795500000000000114e+02,6.522936999999999443e+02,-9.014118200000000343e+02,-8.853075499999999920e+02,-1.255082799999999998e-01,7.593181499999999687e+03,1.468303799999999937e+00
1.795999999999999943e+02,6.184853699999999890e+02,-9.016802300000000514e+02,-8.864106299999999692e+02,1.624415000000000164e-01,7.593181499999999687e+03,1.468303799999999937e+00
1.796500000000000057e+02,6.197076899999999569e+02,-9.024612399999999752e+02,-8.871614700000000084e+02,-1.930241800000000174e-01,7.593181499999999687e+03,1.468303799999999937e+00
1.796999999999999886e+02,5.649704100000000153e+02,-9.016225600000000213e+02,-8.876741799999999785e+02,2.312826200000000360e-02,7.593181499999999687e+03,1.468303799999999937e+00
1.797500000000000000e+02,5.819588999999999714e+02,-9.021435999999999922e+02,-8.877758000000000038e+02,-2.874828700000000015e-01,7.593181499999999687e+03,1.468303799999999937e+00
1.798000000000000114e+02,5.527995200000000295e+02,-9.012412799999999606e+02,-8.875933800000000247e+02,8.815254100000000093e-02,7.593181499999999687e+03,1.468303799999999937e+00
1.798499999999999943e+02,6.489444099999999480e+02,-9.030999799999999595e+02,-8.870783999999999878e+02,-6.162555400000000599e-02,7.593181499999999687e+03,1.468303799999999937e+00
1.799000000000000057e+02,5.800089000000000397e+02,-9.012895099999999502e+02,-8.869698499999999513e+02,8.094316400000001188e-02,7.593181499999999687e+03,1.468303799999999937e+00
1.799499999999999886e+02,6.352957499999999982e+02,-9.026750399999999672e+02,-8.869904199999999719e+02,-2.920455700000000321e-01,7.593181499999999687e+03,1.468303799999999937e+00
1.800000000000000000e+02,5.765955999999999904e+02,-9.016567400000000134e+02,-8.874213499999999613e+02,-4.180312300000000453e-02,7.593181499999999687e+03,1.468303799999999937e+00
1.800500000000000114e+02,5.596660699999999906e+02,-9.020411599999999908e+02,-8.882237400000000207e+02,7.152072700000000616e-02,7.593181499999999687e+03,1.468303799999999937e+00
1.800999999999999943e+02,5.551140799999999444e+02,-9.025248800000000529e+02,-8.888198399999999992e+02,-4.290884400000000154e-02,7.593181499999999687e+03,1.468303799999999937e+00
1.801500000000000057e+02,5.404015600000000177e+02,-9.025037300000000187e+02,-8.891619299999999839e+02,2.031880500000000089e-01,7.593181499999999687e+03,1.468303799999999937e+00
1.801999999999999886e+02,5.619687099999999873e+02,-9.029548300000000154e+02,-8.890805599999999913e+02,-7.317269599999999541e-02,7.593181499999999687e+03,1.468303799999999937e+00
1.802500000000000000e+02,5.532848900000000185e+02,-9.019925399999999627e+02,-8.883326600000000326e+02,-1.741580799999999929e-01,7.593181499999999687e+03,1.468303799999999937e+00
1.803000000000000114e+02,6.377238700000000335e+02,-9.027411600000000362e+02,-8.869965899999999692e+02,-2.065896900000000203e-01,7.593181499999999687e+03,1.468303799999999937e+00
1.803499999999999943e+02,6.197292400000000043e+02,-9.016726599999999507e+02,-8.863723599999999578e+02,9.148600099999999735e-02,7.593181499999999687e+03,1.468303799999999937e+00
1.804000000000000057e+02,6.230158699999999499e+02,-9.015874800000000278e+02,-8.862060300000000552e+02,3.465330300000000197e-01,7.593181499999999687e+03,1.468303799999999937e+00
1.804499999999999886e+02,6.338364400000000387e+02,-9.019291600000000244e+02,-8.862805700000000115e+02,2.684322399999999886e-02,7.593181499999999687e+03,1.468303799999999937e+00
1.805000000000000000e+02,6.520045900000000074e+02,-9.029502099999999700e+02,-8.868530799999999772e+02,2.459152900000000086e-01,7.593181499999999687e+03,1.468303799999999937e+00
1.805500000000000114e+02,5.412489199999999983e+02,-9.010942300000000387e+02,-8.877314999999999827e+02,-2.479755700000000340e-01,7.593181499999999687e+03,1.468303799999999937e+00
1.805999999999999943e+02,5.686009699999999611e+02,-9.021253000000000384e+02,-8.880872900000000527e+02,4.585021700000000422e-01,7.593181499999999687e+03,1.468303799999999937e+00
1.806500000000000057e+02,5.647387899999999945e+02,-9.020023200000000543e+02,-8.880596600000000080e+02,-1.985880900000000227e-01,7.593181499999999687e+03,1.468303799999999937e+00
1.806999999999999886e+02,6.379959199999999555e+02,-9.034038600000000088e+02,-8.876525699999999688e+02,-1.484006300000000056e-04,7.593181499999999687e+03,1.468303799999999937e+00
1.807500000000000000e+02,5.799418299999999817e+02,-9.016762999999999693e+02,-8.873582999999999856e+02,1.921427900000000077e-01,7.593181499999999687e+03,1.468303799999999937e+00
1.808000000000000114e+02,6.523697200000000294e+02,-9.031143600000000333e+02,-8.870081999999999880e+02,8.171806900000000429e-02,7.593181499999999687e+03,1.468303799999999937e+00
1.808499999999999943e+02,5.830275799999999435e+02,-9.014567100000000437e+02,-8.870625199999999495e+02,1.342365400000000231e-03,7.593181499999999687e+03,1.468303799999999937e+00
1.809000000000000057e+02,5.940387200000000121e+02,-9.018375999999999522e+02,-8.871715599999999995e+02,-2.724797600000000153e-01,7.593181499999999687e+03,1.468303799999999937e+00
1.809499999999999886e+02,5.870345700000000306e+02,-9.016226599999999962e+02,-8.871295400000000200e+02,-1.713568800000000170e-01,7.593181499999999687e+03,1.468303799999999937e+00
1.810000000000000000e+02,6.180197299999999814e+02,-9.022921199999999544e+02,-8.870340200000000550e+02,4.138345400000000285e-01,7.593181499999999687e+03,1.468303799999999937e+00
1.810500000000000114e+02,5.964414299999999685e+02,-9.019710400000000163e+02,-8.872456799999999930e+02,-1.846751699999999996e-01,7.593181499999999687e+03,1.468303799999999937e+00
1.810999999999999943e+02,5.959625099999999520e+02,-9.020728800000000547e+02,-8.873593499999999494e+02,-9.548565900000000051e-02,7.593181499999999687e+03,1.468303799999999937e+00
1.811500000000000057e+02,5.842990499999999656e+02,-9.017833000000000538e+02,-8.873577199999999721e+02,-3.444668800000000308e-02,7.593181499999999687e+03,1.468303799999999937e+00
1.811999999999999886e+02,5.842447499999999536e+02,-9.016234699999999975e+02,-8.871992299999999432e+02,1.994045399999999982e-02,7.593181499999999687e+03,1.468303799999999937e+00
1.812500000000000000e+02,5.785826100000000451e+02,-9.010329199999999901e+02,-8.867484799999999723e+02,-1.886078999999999950e-01,7.593181499999999687e+03,1.468303799999999937e+00
1.813000000000000114e+02,6.143501700000000483e+02,-9.012263299999999617e+02,-8.860588299999999435e+02,-1.892395900000000131e-01,7.593181499999999687e+03,1.468303799999999937e+00
1.813499999999999943e+02,6.121534199999999828e+02,-9.004082600000000411e+02,-8.852949999999999591e+02,-3.995016600000000362e-01,7.593181499999999687e+03,1.468303799999999937e+00
1.814000000000000057e+02,6.365141300000000228e+02,-9.003708699999999681e+02,-8.846561699999999746e+02,-1.882348699999999986e-01,7.593181499999999687e+03,1.468303799999999937e+00
1.814499999999999886e+02,6.160689599999999473e+02,-8.996148299999999836e+02,-8.844048999999999978e+02,4.061673200000000261e-02,7.593181499999999687e+03,1.468303799999999937e+00
1.815000000000000000e+02,6.517367799999999534e+02,-9.007511100000000397e+02,-8.846605799999999817e+02,1.497627099999999933e-01,7.593181499999999687e+03,1.468303799999999937e+00
1.815500000000000114e+02,5.928689299999999776e+02,-9.005155600000000504e+02,-8.858784000000000560e+02,6.659941199999999673e-02,7.593181499999999687e+03,1.468303799999999937e+00
1.815999999999999943e+02,5.787461200000000190e+02,-9.014741800000000467e+02,-8.871856999999999971e+02,-1.801686100000000068e-01,7.593181499999999687e+03,1.468303799999999937e+00
1.816500000000000057e+02,5.722267000000000507e+02,-9.017714999999999463e+02,-8.876439699999999675e+02,-4.976735499999999923e-02,7.593181499999999687e+03,1.468303799999999937e+00
1.816999999999999886e+02,5.550557800000000270e+02,-9.014194099999999708e+02,-8.877158100000000331e+02,2.278991900000000223e-02,7.593181499999999687e+03,1.468303799999999937e+00
1.817500000000000000e+02,6.128434600000000501e+02,-9.027132699999999659e+02,-8.875829700000000457e+02,-2.314411200000000002e-01,7.593181499999999687e+03,1.468303799999999937e+00
1.818000000000000114e+02,5.964085400000000163e+02,-9.023026999999999589e+02,-8.875781600000000253e+02,-2.008925900000000098e-01,7.593181499999999687e+03,1.468303799999999937e+00
1.818499999999999943e+02,6.018697300000000041e+02,-9.024199700000000348e+02,-8.875605900000000474e+02,5.022870399999999902e-02,7.593181499999999687e+03,1.468303799999999937e+00
1.819000000000000057e+02,6.255294199999999591e+02,-9.030765699999999470e+02,-8.876330699999999752e+02,1.630064100000000182e-01,7.593181499999999687e+03,1.468303799999999937e+00
1.819499999999999886e+02,6.156527099999999564e+02,-9.033092000000000326e+02,-8.881095500000000129e+02,3.863640300000000249e-01,7.593181499999999687e+03,1.468303799999999937e+00
1.820000000000000000e+02,5.690221500000000106e+02,-9.029478699999999662e+02,-8.888994599999999764e+02,-5.408305400000000540e-02,7.593181499999999687e+03,1.468303799999999937e+00
1.820500000000000114e+02,5.451432300000000168e+02,-9.029744299999999839e+02,-8.895155600000000504e+02,5.329496299999999520e-01,7.593181499999999687e+03,1.468303799999999937e+00
1.820999999999999943e+02,5.431504099999999653e+02,-9.031730199999999513e+02,-8.897633499999999458e+02,2.337939699999999899e-01,7.593181499999999687e+03,1.468303799999999937e+00
1.821500000000000057e+02,5.907197999999999638e+02,-9.040810099999999920e+02,-8.894969099999999571e+02,-1.571069200000000110e-01,7.593181499999999687e+03,1.468303799999999937e+00
1.821999999999999886e+02,6.109578900000000203e+02,-9.037036500000000387e+02,-8.886199000000000296e+02,1.523923299999999925e-01,7.593181499999999687e+03,1.468303799999999937e+00
1.822500000000000000e+02,6.242735199999999622e+02,-9.028756799999999885e+02,-8.874631900000000542e+02,1.927396100000000057e-01,7.593181499999999687e+03,1.468303799999999937e+00
1.823000000000000114e+02,6.256428200000000288e+02,-9.021910500000000184e+02,-8.867447499999999536e+02,2.619347000000000203e-01,7.593181499999999687e+03,1.468303799999999937e+00
1.823499999999999943e+02,6.703280700000000252e+02,-9.029606199999999490e+02,-8.864110899999999447e+02,-2.101901899999999990e-01,7.593181499999999687e+03,1.468303799999999937e+00
1.824000000000000057e+02,6.300801500000000033e+02,-9.020664399999999432e+02,-8.865105899999999792e+02,4.394000600000000367e-01,7.593181499999999687e+03,1.468303799999999937e+00
1.824499999999999886e+02,5.949356000000000222e+02,-9.015531700000000228e+02,-8.868649900000000343e+02,2.415914000000000394e-01,7.593181499999999687e+03,1.468303799999999937e+00
1.825000000000000000e+02,6.856694400000000087e+02,-9.043964899999999716e+02,-8.874682099999999991e+02,1.553219800000000261e-01,7.593181499999999687e+03,1.468303799999999937e+00
1.825500000000000114e+02,6.003793600000000197e+02,-9.032343399999999747e+02,-8.884117700000000468e+02,-1.965149300000000043e-01,7.593181499999999687e+03,1.468303799999999937e+00
1.825999999999999943e+02,5.668445199999999886e+02,-9.026422199999999521e+02,-8.886475699999999733e+02,-6.886209199999999975e-02,7.593181499999999687e+03,1.468303799999999937e+00
1.826500000000000057e+02,5.963066400000000158e+02,-9.032467299999999568e+02,-8.885247100000000273e+02,1.850620200000000215e-01,7.593181499999999687e+03,1.468303799999999937e+00
1.826999999999999886e+02,5.381771499999999833e+02,-9.017925000000000182e+02,-8.885056100000000470e+02,-5.183242700000000036e-02,7.593181499999999687e+03,1.468303799999999937e+00
1.827500000000000000e+02,6.227257700000000114e+02,-9.037170700000000352e+02,-8.883427900000000363e+02,5.590250100000000444e-01,7.593181499999999687e+03,1.468303799999999937e+00
1.828000000000000114e+02,5.825266500000000178e+02,-9.028082399999999552e+02,-8.884264299999999821e+02,-1.709336399999999978e-01,7.593181499999999687e+03,1.468303799999999937e+00
1.828499999999999943e+02,5.801923100000000204e+02,-9.029656499999999824e+02,-8.886414700000000266e+02,1.176186700000000085e-01,7.593181499999999687e+03,1.468303799999999937e+00
1.829000000000000057e+02,6.200170900000000529e+02,-9.041013699999999744e+02,-8.887939599999999700e+02,-2.267211600000000327e-01,7.593181499999999687e+03,1.468303799999999937e+00
1.829499999999999886e+02,5.884106500000000324e+02,-9.033665999999999485e+02,-8.888395100000000184e+02,-2.030323799999999949e-03,7.593181499999999687e+03,1.468303799999999937e+00
1.830000000000000000e+02,5.806982199999999921e+02,-9.027520799999999781e+02,-8.884153999999999769e+02,4.282901399999999859e-01,7.593181499999999687e+03,1.468303799999999937e+00
1.830500000000000114e+02,5.746534699999999702e+02,-9.014913999999999987e+02,-8.873039599999999609e+02,6.182787200000000594e-02,7.593181499999999687e+03,1.468303799999999937e+00
1.830999999999999943e+02,6.049538800000000265e+02,-9.011218000000000075e+02,-8.861862800000000107e+02,3.768018399999999990e-01,7.593181499999999687e+03,1.468303799999999937e+00
1.831500000000000057e+02,6.203107899999999972e+02,-9.011867300000000114e+02,-8.858720700000000079e+02,5.848355000000000220e-02,7.593181499999999687e+03,1.468303799999999937e+00
1.831999999999999886e+02,6.820153000000000247e+02,-9.028886499999999842e+02,-8.860505900000000565e+02,3.797536700000000293e-02,7.593181499999999687e+03,1.468303799999999937e+00
1.832500000000000000e+02,5.917601600000000417e+02,-9.015610199999999850e+02,-8.869512399999999843e+02,1.037589099999999959e-01,7.593181499999999687e+03,1.468303799999999937e+00
1.833000000000000114e+02,5.645477399999999761e+02,-9.015253500000000031e+02,-8.875874000000000024e+02,-1.588876300000000019e-01,7.593181499999999687e+03,1.468303799999999937e+00
1.833499999999999943e+02,6.112684799999999541e+02,-9.027325700000000097e+02,-8.876411500000000387e+02,-1.904103300000000165e-01,7.593181499999999687e+03,1.468303799999999937e+00
1.834000000000000057e+02,6.112870799999999463e+02,-9.027043099999999640e+02,-8.876124300000000176e+02,1.129768200000000056e-01,7.593181499999999687e+03,1.468303799999999937e+00
1.834499999999999886e+02,5.318406599999999571e+02,-9.008208499999999503e+02,-8.876903999999999542e+02,-2.555474900000000438e-01,7.593181499999999687e+03,1.468303799999999937e+00
1.835000000000000000e+02,5.934327500000000555e+02,-9.018942299999999932e+02,-8.872431599999999889e+02,-1.495659599999999978e-01,7.593181499999999687e+03,1.468303799999999937e+00
1.835500000000000114e+02,6.503133000000000266e+02,-9.019826900000000478e+02,-8.859273100000000341e+02,-6.797882100000000871e-02,7.593181499999999687e+03,1.468303799999999937e+00
1.835999999999999943e+02,6.523772000000000162e+02,-9.008337999999999965e+02,-8.847274700000000394e+02,4.079328300000000240e-01,7.593181499999999687e+03,1.468303799999999937e+00
1.836500000000000057e+02,7.284503799999999956e+02,-9.024109200000000328e+02,-8.844264399999999569e+02,1.920399100000000081e-01,7.593181499999999687e+03,1.468303799999999937e+00
1.836999999999999886e+02,6.553324499999999944e+02,-9.014138500000000249e+02,-8.852345500000000129e+02,1.453098999999999918e-01,7.593181499999999687e+03,1.468303799999999937e+00
1.837500000000000000e+02,6.058292099999999891e+02,-9.011515299999999797e+02,-8.861943999999999733e+02,-1.244251299999999949e-01,7.593181499999999687e+03,1.468303799999999937e+00
1.838000000000000114e+02,5.868890099999999848e+02,-9.010692299999999477e+02,-8.865797099999999773e+02,3.644465700000000530e-02,7.593181499999999687e+03,1.468303799999999937e+00
1.838499999999999943e+02,6.213357700000000250e+02,-9.020810999999999922e+02,-8.867411399999999730e+02,-2.023427300000000054e-02,7.593181499999999687e+03,1.468303799999999937e+00
1.839000000000000057e+02,6.376445099999999684e+02,-9.027858599999999569e+02,-8.870432600000000321e+02,2.483168600000000004e-01,7.593181499999999687e+03,1.468303799999999937e+00
1.839499999999999886e+02,5.994265799999999444e+02,-9.024490700000000061e+02,-8.876500099999999520e+02,1.561561000000000199e-02,7.593181499999999687e+03,1.468303799999999937e+00
1.840000000000000000e+02,5.557299600000000055e+02,-9.018623599999999669e+02,-8.881421100000000024e+02,2.800102700000000056e-01,7.593181499999999687e+03,1.468303799999999937e+00
1.840500000000000114e+02,5.734396500000000287e+02,-9.022739500000000135e+02,-8.881164800000000241e+02,-1.242350400000000049e-01,7.593181499999999687e+03,1.468303799999999937e+00
1.840999999999999943e+02,6.214326600000000553e+02,-9.029672699999999850e+02,-8.876249199999999746e+02,5.366853799999999827e-03,7.593181499999999687e+03,1.468303799999999937e+00
1.841500000000000057e+02,6.134439200000000483e+02,-9.019506800000000339e+02,-8.868055500000000393e+02,2.133686800000000050e-01,7.593181499999999687e+03,1.468303799999999937e+00
1.841999999999999886e+02,5.991402699999999868e+02,-9.005175299999999652e+02,-8.857255400000000236e+02,4.451458400000000287e-02,7.593181499999999687e+03,1.468303799999999937e+00
1.842500000000000000e+02,6.568465400000000045e+02,-9.010683500000000095e+02,-8.848516700000000128e+02,2.273049799999999898e-01,7.593181499999999687e+03,1.468303799999999937e+00
1.843000000000000114e+02,6.322133800000000292e+02,-9.003951299999999947e+02,-8.847866099999999960e+02,8.563891099999999812e-02,7.593181499999999687e+03,1.468303799999999937e+00
1.843499999999999943e+02,5.892174700000000485e+02,-8.999663199999999961e+02,-8.854193099999999959e+02,1.560411499999999896e-01,7.593181499999999687e+03,1.468303799999999937e+00
1.844000000000000057e+02,5.812457000000000562e+02,-9.013205199999999877e+02,-8.869703299999999899e+02,6.465627300000000022e-02,7.593181499999999687e+03,1.468303799999999937e+00
1.844499999999999886e+02,5.403538499999999658e+02,-9.012924600000000055e+02,-8.879518399999999474e+02,-1.633057300000000100e-01,7.593181499999999687e+03,1.468303799999999937e+00
1.845000000000000000e+02,6.184823300000000472e+02,-9.032680800000000545e+02,-8.879985599999999977e+02,-1.206017400000000163e-02,7.593181499999999687e+03,1.468303799999999937e+00
1.845500000000000114e+02,5.757393899999999576e+02,-9.023694100000000162e+02,-8.881551600000000235e+02,-5.208749300000000033e-03,7.593181499999999687e+03,1.468303799999999937e+00
1.845999999999999943e+02,5.740661199999999553e+02,-9.023306999999999789e+02,-8.881577600000000530e+02,3.493498300000000278e-01,7.593181499999999687e+03,1.468303799999999937e+00
1.846500000000000057e+02,5.758286699999999882e+02,-9.021281699999999546e+02,-8.879117099999999709e+02,-2.865735400000000155e-01,7.593181499999999687e+03,1.468303799999999937e+00
1.846999999999999886e+02,5.610174500000000535e+02,-9.013475300000000061e+02,-8.874967500000000200e+02,2.249964599999999815e-01,7.593181499999999687e+03,1.468303799999999937e+00
1.847500000000000000e+02,6.284617500000000518e+02,-9.020719599999999900e+02,-8.865560699999999770e+02,-3.112464000000000341e-01,7.593181499999999687e+03,1.468303799999999937e+00
1.848000000000000114e+02,5.726849799999999959e+02,-8.997554900000000089e+02,-8.856166500000000497e+02,1.247524300000000114e-01,7.593181499999999687e+03,1.468303799999999937e+00
1.848499999999999943e+02,5.824335399999999936e+02,-8.992234999999999445e+02,-8.848439799999999877e+02,-1.735975300000000277e-01,7.593181499999999687e+03,1.468303799999999937e+00
1.849000000000000057e+02,6.711325600000000122e+02,-9.010411000000000286e+02,-8.844717100000000300e+02,6.775304399999999838e-02,7.593181499999999687e+03,1.468303799999999937e+00
1.849499999999999886e+02,5.857862599999999702e+02,-8.991388399999999592e+02,-8.846765500000000202e+02,-8.442164800000000191e-02,7.593181499999999687e+03,1.468303799999999937e+00
1.850000000000000000e+02,5.978753600000000006e+02,-8.996015400000000000e+02,-8.848407799999999952e+02,-1.412671800000000200e-01,7.593181499999999687e+03,1.468303799999999937e+00
1.850500000000000114e+02,6.008013700000000199e+02,-9.000169100000000526e+02,-8.851839099999999689e+02,6.157991899999999685e-02,7.593181499999999687e+03,1.468303799999999937e+00
1.850999999999999943e+02,6.155754799999999705e+02,-9.008086700000000064e+02,-8.856109199999999646e+02,-8.733713400000001070e-02,7.593181499999999687e+03,1.468303799999999937e+00
1.851500000000000057e+02,5.835060300000000097e+02,-9.007741499999999633e+02,-8.863681500000000142e+02,4.571295800000000353e-01,7.593181499999999687e+03,1.468303799999999937e+00
1.851999999999999886e+02,6.210296799999999848e+02,-9.023064600000000155e+02,-8.869740500000000338e+02,-4.980966000000000560e-01,7.593181499999999687e+03,1.468303799999999937e+00
1.852500000000000000e+02,6.343910899999999629e+02,-9.030205799999999954e+02,-8.873582999999999856e+02,8.320561400000001107e-02,7.593181499999999687e+03,1.468303799999999937e+00
1.853000000000000114e+02,5.890563100000000532e+02,-9.020784800000000132e+02,-8.875354499999999689e+02,1.464888799999999880e-01,7.593181499999999687e+03,1.468303799999999937e+00
1.853499999999999943e+02,6.371401700000000119e+02,-9.031756599999999935e+02,-8.874455000000000382e+02,8.083460000000000645e-02,7.593181499999999687e+03,1.468303799999999937e+00
1.854000000000000057e+02,5.989251799999999548e+02,-9.024905700000000479e+02,-8.877038900000000012e+02,9.786665799999999527e-02,7.593181499999999687e+03,1.468303799999999937e+00
1.854499999999999886e+02,5.806136400000000322e+02,-9.024951499999999669e+02,-8.881605600000000322e+02,-5.416778299999999713e-02,7.593181499999999687e+03,1.468303799999999937e+00
1.855000000000000000e+02,5.725617899999999736e+02,-9.025072999999999865e+02,-8.883714999999999691e+02,1.677401900000000112e-01,7.593181499999999687e+03,1.468303799999999937e+00
1.855500000000000114e+02,5.960353099999999813e+02,-9.031070399999999836e+02,-8.883917099999999891e+02,4.700275200000000181e-02,7.593181499999999687e+03,1.468303799999999937e+00
1.855999999999999943e+02,6.084099999999999682e+02,-9.032340299999999615e+02,-8.882131799999999657e+02,-1.581349800000000083e-01,7.593181499999999687e+03,1.468303799999999937e+00
1.856500000000000057e+02,5.523278099999999995e+02,-9.014986699999999473e+02,-8.878624200000000428e+02,2.543060000000000320e-01,7.593181499999999687e+03,1.468303799999999937e+00
1.856999999999999886e+02,5.669641800000000558e+02,-9.009043599999999969e+02,-8.869067599999999629e+02,5.248103099999999743e-02,7.593181499999999687e+03,1.468303799999999937e+00
1.857500000000000000e+02,6.604358600000000479e+02,-9.021621400000000222e+02,-8.858568500000000085e+02,-3.065573699999999957e-01,7.593181499999999687e+03,1.468303799999999937e+00
1.858000000000000114e+02,6.434572899999999436e+02,-9.014725799999999936e+02,-8.855864599999999882e+02,1.315404099999999965e-01,7.593181499999999687e+03,1.468303799999999937e+00
1.858499999999999943e+02,6.025006399999999758e+02,-9.007597700000000032e+02,-8.858848199999999906e+02,-3.419428399999999701e-01,7.593181499999999687e+03,1.468303799999999937e+00
1.859000000000000057e+02,5.725022500000000036e+02,-9.005233600000000251e+02,-8.863890400000000227e+02,1.526822699999999880e-02,7.593181499999999687e+03,1.468303799999999937e+00
1.859499999999999886e+02,5.623681400000000394e+02,-9.006897199999999657e+02,-8.868055900000000520e+02,-2.055000500000000174e-01,7.593181499999999687e+03,1.468303799999999937e+00
1.860000000000000000e+02,5.829273699999999963e+02,-9.014941999999999780e+02,-8.871024800000000141e+02,-7.968032800000000165e-03,7.593181499999999687e+03,1.468303799999999937e+00
1.860500000000000114e+02,5.885151399999999740e+02,-9.021112900000000536e+02,-8.875816200000000435e+02,-5.884642999999999818e-02,7.593181499999999687e+03,1.468303799999999937e+00
1.860999999999999943e+02,5.756851000000000340e+02,-9.025489199999999528e+02,-8.883360099999999875e+02,-1.784620500000000110e-01,7.593181499999999687e+03,1.468303799999999937e+00
1.861500000000000057e+02,5.256777299999999968e+02,-9.020780600000000504e+02,-8.890997700000000350e+02,3.081450400000000367e-01,7.593181499999999687e+03,1.468303799999999937e+00
1.861999999999999886e+02,5.654551199999999653e+02,-9.034904400000000351e+02,-8.895300999999999476e+02,-8.156661600000000845e-02,7.593181499999999687e+03,1.468303799999999937e+00
1.862500000000000000e+02,5.344946099999999660e+02,-9.030553999999999633e+02,-8.898594299999999748e+02,3.043915400000000160e-01,7.593181499999999687e+03,1.468303799999999937e+00
1.863000000000000114e+02,5.468001799999999548e+02,-9.032787899999999581e+02,-8.897790099999999711e+02,-1.391400900000000218e-01,7.593181499999999687e+03,1.468303799999999937e+00
1.863499999999999943e+02,6.116269300000000158e+02,-9.037359800000000405e+02,-8.886357100000000173e+02,1.525313600000000047e-01,7.593181499999999687e+03,1.468303799999999937e+00
1.864000000000000057e+02,5.898983699999999999e+02,-9.019356400000000349e+02,-8.873718199999999570e+02,2.048022700000000085e-01,7.593181499999999687e+03,1.468303799999999937e+00
1.864499999999999886e+02,5.851362800000000561e+02,-9.011573399999999765e+02,-8.867110900000000129e+02,9.430135900000000820e-03,7.593181499999999687e+03,1.468303799999999937e+00
1.865000000000000000e+02,6.235608799999999974e+02,-9.016042800000000170e+02,-8.862093800000000101e+02,-2.616114400000000249e-03,7.593181499999999687e+03,1.468303799999999937e+00
1.865500000000000114e+02,5.894545900000000529e+02,-9.005005200000000514e+02,-8.859476600000000417e+02,2.079485100000000031e-01,7.593181499999999687e+03,1.468303799999999937e+00
1.865999999999999943e+02,6.311599200000000565e+02,-9.014670599999999467e+02,-8.858845499999999902e+02,-2.464548500000000031e-01,7.593181499999999687e+03,1.468303799999999937e+00
1.866500000000000057e+02,6.033354500000000371e+02,-9.010311000000000377e+02,-8.861355399999999918e+02,2.820537400000000527e-01,7.593181499999999687e+03,1.468303799999999937e+00
1.866999999999999886e+02,5.842400499999999965e+02,-9.010294000000000096e+02,-8.866052799999999934e+02,-1.369615299999999980e-01,7.593181499999999687e+03,1.468303799999999937e+00
1.867500000000000000e+02,5.621534000000000333e+02,-9.013617400000000544e+02,-8.874829099999999471e+02,4.340266899999999928e-01,7.593181499999999687e+03,1.468303799999999937e+00
1.868000000000000114e+02,5.855444300000000339e+02,-9.028755800000000136e+02,-8.884192500000000337e+02,-2.044664100000000151e-01,7.593181499999999687e+03,1.468303799999999937e+00
1.868499999999999943e+02,5.429060699999999997e+02,-9.022757299999999532e+02,-8.888721000000000458e+02,1.854396300000000219e-01,7.593181499999999687e+03,1.468303799999999937e+00
1.869000000000000057e+02,5.057376899999999864e+02,-9.011081699999999728e+02,-8.886221699999999828e+02,-1.547298700000000193e-01,7.593181499999999687e+03,1.468303799999999937e+00
1.869499999999999886e+02,6.022143499999999676e+02,-9.023120300000000498e+02,-8.874441500000000360e+02,1.441244300000000256e-01,7.593181499999999687e+03,1.468303799999999937e+00
1.870000000000000000e+02,5.720070899999999483e+02,-9.007683700000000044e+02,-8.866462699999999586e+02,-1.330691800000000091e-01,7.593181499999999687e+03,1.468303799999999937e+00
1.870500000000000114e+02,6.252378599999999551e+02,-9.016731800000000021e+02,-8.862368800000000419e+02,6.912547200000000724e-02,7.593181499999999687e+03,1.468303799999999937e+00
1.870999999999999943e+02,6.521789899999999989e+02,-9.022483099999999467e+02,-8.861468700000000354e+02,2.903735499999999803e-01,7.593181499999999687e+03,1.468303799999999937e+00
1.871500000000000057e+02,5.902929500000000189e+02,-9.012471500000000333e+02,-8.866735899999999901e+02,9.366030100000001524e-02,7.593181499999999687e+03,1.468303799999999937e+00
1.871999999999999886e+02,6.329127899999999727e+02,-9.028315599999999677e+02,-8.872057700000000295e+02,2.634233200000000163e-01,7.593181499999999687e+03,1.468303799999999937e+00
1.872500000000000000e+02,5.769502800000000207e+02,-9.020085500000000138e+02,-8.877644099999999980e+02,-5.290683000000000191e-02,7.593181499999999687e+03,1.468303799999999937e+00
1.873000000000000114e+02,5.650131900000000087e+02,-9.020741100000000188e+02,-8.881246700000000374e+02,-6.824523700000000026e-02,7.593181499999999687e+03,1.468303799999999937e+00
1.873499999999999943e+02,5.872304400000000442e+02,-9.028508500000000367e+02,-8.883529099999999517e+02,9.112137100000000656e-02,7.593181499999999687e+03,1.468303799999999937e+00
1.874000000000000057e+02,5.569535799999999881e+02,-9.023771799999999530e+02,-8.886267299999999523e+02,1.061450000000000032e-01,7.593181499999999687e+03,1.468303799999999937e+00
1.874499999999999886e+02,5.742718300000000227e+02,-9.029646500000000060e+02,-8.887866299999999455e+02,4.898870000000000308e-02,7.593181499999999687e+03,1.468303799999999937e+00
1.875000000000000000e+02,6.127949700000000348e+02,-9.038610700000000406e+02,-8.887319599999999582e+02,-3.562725300000000456e-02,7.593181499999999687e+03,1.468303799999999937e+00
1.875500000000000114e+02,6.412880300000000489e+02,-9.044078799999999774e+02,-8.885753200000000334e+02,2.115642300000000198e-01,7.593181499999999687e+03,1.468303799999999937e+00
1.875999999999999943e+02,6.002387599999999566e+02,-9.032651399999999740e+02,-8.884460299999999506e+02,-7.912505200000001515e-02,7.593181499999999687e+03,1.468303799999999937e+00
1.876500000000000057e+02,5.898266300000000228e+02,-9.028319300000000567e+02,-8.882698900000000322e+02,-2.173826300000000072e-02,7.593181499999999687e+03,1.468303799999999937e+00
1.876999999999999886e+02,5.989756800000000112e+02,-9.025827799999999570e+02,-8.877948599999999715e+02,1.412478600000000029e-01,7.593181499999999687e+03,1.468303799999999937e+00
1.877500000000000000e+02,6.080625499999999874e+02,-9.021998200000000452e+02,-8.871875599999999622e+02,9.561098399999999609e-02,7.593181499999999687e+03,1.468303799999999937e+00
1.878000000000000114e+02,6.086467400000000225e+02,-9.017523400000000038e+02,-8.867256499999999733e+02,6.238034600000000318e-02,7.593181499999999687e+03,1.468303799999999937e+00
1.878499999999999943e+02,6.403196100000000115e+02,-9.021189299999999776e+02,-8.863102800000000343e+02,-6.722415800000000607e-02,7.593181499999999687e+03,1.468303799999999937e+00
1.879000000000000057e+02,6.423141399999999521e+02,-9.020180400000000418e+02,-8.861601500000000442e+02,8.365048600000001000e-02,7.593181499999999687e+03,1.468303799999999937e+00
1.879499999999999886e+02,6.217647200000000112e+02,-9.017768999999999551e+02,-8.864263399999999820e+02,6.560607200000000269e-04,7.593181499999999687e+03,1.468303799999999937e+00
1.880000000000000000e+02,6.334138699999999744e+02,-9.030262800000000425e+02,-8.873881199999999581e+02,3.388599100000000419e-02,7.593181499999999687e+03,1.468303799999999937e+00
1.880500000000000114e+02,5.817150400000000445e+02,-9.030146099999999478e+02,-8.886528299999999945e+02,-6.139072100000000226e-02,7.593181499999999687e+03,1.468303799999999937e+00
1.880999999999999943e+02,5.237320499999999583e+02,-9.020861499999999751e+02,-8.891558899999999994e+02,4.378084500000000157e-01,7.593181499999999687e+03,1.468303799999999937e+00
1.881500000000000057e+02,5.219279099999999971e+02,-9.019022200000000566e+02,-8.890165100000000393e+02,-1.044001600000000057e-01,7.593181499999999687e+03,1.468303799999999937e+00
1.881999999999999886e+02,6.035247600000000148e+02,-9.033683800000000019e+02,-8.884681399999999485e+02,-9.493342800000001414e-02,7.593181499999999687e+03,1.468303799999999937e+00
1.882500000000000000e+02,5.509417300000000068e+02,-9.015481200000000399e+02,-8.879460900000000265e+02,2.433072900000000371e-01,7.593181499999999687e+03,1.468303799999999937e+00
1.883000000000000114e+02,5.904966699999999946e+02,-9.018260199999999713e+02,-8.872474300000000085e+02,-2.058745800000000292e-01,7.593181499999999687e+03,1.468303799999999937e+00
1.883499999999999943e+02,6.212540999999999940e+02,-9.019017300000000432e+02,-8.865637799999999515e+02,1.197504500000000083e-01,7.593181499999999687e+03,1.468303799999999937e+00
1.884000000000000057e+02,6.588281299999999874e+02,-9.023720499999999447e+02,-8.861064499999999953e+02,-1.000601900000000072e-01,7.593181499999999687e+03,1.468303799999999937e+00
1.884499999999999886e+02,6.269573799999999437e+02,-9.015751900000000205e+02,-8.860964300000000549e+02,-1.399807900000000216e-01,7.593181499999999687e+03,1.468303799999999937e+00
1.885000000000000000e+02,6.419773199999999633e+02,-9.021165099999999484e+02,-8.862669300000000021e+02,3.164748400000000350e-01,7.593181499999999687e+03,1.468303799999999937e+00
1.885500000000000114e+02,5.996218699999999444e+02,-9.014092000000000553e+02,-8.866053200000000061e+02,-2.571722499999999911e-01,7.593181499999999687e+03,1.468303799999999937e+00
1.885999999999999943e+02,5.544616399999999885e+02,-9.004458200000000261e+02,-8.867568899999999985e+02,2.706830000000000069e-01,7.593181499999999687e+03,1.468303799999999937e+00
1.886500000000000057e+02,6.209837400000000116e+02,-9.020777000000000498e+02,-8.867464199999999437e+02,1.171370799999999907e-01,7.593181499999999687e+03,1.468303799999999937e+00
1.886999999999999886e+02,5.866124899999999798e+02,-9.013654599999999846e+02,-8.868827700000000505e+02,1.803628999999999927e-01,7.593181499999999687e+03,1.468303799999999937e+00
1.887500000000000000e+02,5.673414900000000216e+02,-9.009654900000000453e+02,-8.869585799999999836e+02,-1.806672700000000187e-01,7.593181499999999687e+03,1.468303799999999937e+00
1.888000000000000114e+02,5.532846799999999803e+02,-9.004815200000000459e+02,-8.868216499999999769e+02,-5.435926800000000225e-02,7.593181499999999687e+03,1.468303799999999937e+00
1.888499999999999943e+02,6.115438699999999699e+02,-9.011042899999999918e+02,-8.860060799999999972e+02,-3.361946500000000115e-02,7.593181499999999687e+03,1.468303799999999937e+00
1.889000000000000057e+02,6.851068599999999833e+02,-9.019753500000000486e+02,-8.850609600000000228e+02,-5.145063300000000950e-02,7.593181499999999687e+03,1.468303799999999937e+00
1.889499999999999886e+02,6.478590400000000500e+02,-9.009835100000000239e+02,-8.849887199999999439e+02,3.709184500000000106e-01,7.593181499999999687e+03,1.468303799999999937e+00
1.890000000000000000e+02,5.983972300000000359e+02,-9.004843799999999874e+02,-8.857107399999999870e+02,-2.089248400000000006e-01,7.593181499999999687e+03,1.468303799999999937e+00
1.890500000000000114e+02,5.715530099999999720e+02,-9.008166800000000194e+02,-8.867057800000000043e+02,-7.649442800000000320e-02,7.593181499999999687e+03,1.468303799999999937e+00
1.890999999999999943e+02,5.871950199999999995e+02,-9.019437000000000353e+02,-8.874466200000000526e+02,-3.699749399999999883e-02,7.593181499999999687e+03,1.468303799999999937e+00
1.891500000000000057e+02,6.184698499999999513e+02,-9.030939200000000255e+02,-8.878247099999999818e+02,-7.897347899999999921e-02,7.593181499999999687e+03,1.468303799999999937e+00
1.891999999999999886e+02,5.854268600000000333e+02,-9.023777000000000044e+02,-8.879242799999999534e+02,-4.340425000000000533e-02,7.593181499999999687e+03,1.468303799999999937e+00
1.892500000000000000e+02,5.799986400000000231e+02,-9.020737900000000309e+02,-8.877543899999999439e+02,-2.084046900000000035e-01,7.593181499999999687e+03,1.468303799999999937e+00
1.893000000000000114e+02,5.857378200000000561e+02,-9.018688600000000406e+02,-8.874077700000000277e+02,1.320171700000000170e-01,7.593181499999999687e+03,1.468303799999999937e+00
1.893499999999999943e+02,6.182458800000000565e+02,-9.021917099999999436e+02,-8.869280300000000352e+02,1.097877000000000020e-01,7.593181499999999687e+03,1.468303799999999937e+00
1.894000000000000057e+02,6.098398799999999937e+02,-9.017349900000000389e+02,-8.866788500000000113e+02,3.112244900000000203e-01,7.593181499999999687e+03,1.468303799999999937e+00
1.894499999999999886e+02,5.619661399999999958e+02,-9.006136800000000449e+02,-8.867394699999999830e+02,6.705223500000000170e-02,7.593181499999999687e+03,1.468303799999999937e+00
1.895000000000000000e+02,6.179884600000000319e+02,-9.021700700000000097e+02,-8.869127399999999852e+02,1.748850600000000088e-01,7.593181499999999687e+03,1.468303799999999937e+00
1.895500000000000114e+02,5.516635199999999486e+02,-9.011268300000000409e+02,-8.875069799999999987e+02,5.862751400000000383e-03,7.593181499999999687e+03,1.468303799999999937e+00
1.895999999999999943e+02,5.620271800000000439e+02,-9.030910800000000336e+02,-8.892153700000000072e+02,2.665353799999999884e-01,7.593181499999999687e+03,1.468303799999999937e+00
1.896500000000000057e+02,5.475015200000000277e+02,-9.038859300000000303e+02,-8.903688399999999774e+02,-1.294609600000000155e-03,7.593181499999999687e+03,1.468303799999999937e+00
1.896999999999999886e+02,5.589917900000000373e+02,-9.043856100000000424e+02,-8.905848399999999856e+02,8.635984900000000242e-02,7.593181499999999687e+03,1.468303799999999937e+00
1.897500000000000000e+02,5.387321299999999837e+02,-9.037821699999999510e+02,-8.904815800000000081e+02,-1.457708200000000232e-01,7.593181499999999687e+03,1.468303799999999937e+00
1.898000000000000114e+02,5.181201300000000174e+02,-9.025714900000000398e+02,-8.897797900000000482e+02,-5.093850900000000334e-03,7.593181499999999687e+03,1.468303799999999937e+00
1.898499999999999943e+02,5.656784099999999853e+02,-9.025325000000000273e+02,-8.885666400000000067e+02,1.514762100000000000e-01,7.593181499999999687e+03,1.468303799999999937e+00
1.899000000000000057e+02,5.738823200000000497e+02,-9.018640100000000075e+02,-8.876956099999999878e+02,-1.686045399999999972e-01,7.593181499999999687e+03,1.468303799999999937e+00
1.899499999999999886e+02,5.718799400000000333e+02,-9.010680599999999458e+02,-8.869491000000000440e+02,-1.638850799999999885e-01,7.593181499999999687e+03,1.468303799999999937e+00
1.900000000000000000e+02,6.387327500000000100e+02,-9.020060700000000224e+02,-8.862365999999999531e+02,1.007433100000000026e-01,7.593181499999999687e+03,1.468303799999999937e+00
1.900500000000000114e+02,6.090956300000000283e+02,-9.009331700000000183e+02,-8.858953900000000203e+02,-1.899856600000000284e-01,7.593181499999999687e+03,1.468303799999999937e+00
1.900999999999999943e+02,5.921760000000000446e+02,-9.003435600000000250e+02,-8.857235100000000330e+02,2.359310599999999980e-01,7.593181499999999687e+03,1.468303799999999937e+00
1.901500000000000057e+02,6.135308099999999740e+02,-9.007603299999999535e+02,-8.856130600000000186e+02,-2.889047700000000329e-01,7.593181499999999687e+03,1.468303799999999937e+00
1.901999999999999886e+02,6.313365700000000516e+02,-9.013519700000000512e+02,-8.857650999999999613e+02,-2.630247100000000435e-02,7.593181499999999687e+03,1.468303799999999937e+00
1.902500000000000000e+02,5.869210399999999481e+02,-9.007786700000000337e+02,-8.862883600000000115e+02,1.886679700000000112e-02,7.593181499999999687e+03,1.468303799999999937e+00
1.903000000000000114e+02,5.761664799999999786e+02,-9.012669100000000526e+02,-8.870421199999999544e+02,-9.067829900000000387e-02,7.593181499999999687e+03,1.468303799999999937e+00
1.903499999999999943e+02,5.625097100000000410e+02,-9.019032799999999952e+02,-8.880156500000000506e+02,2.842282799999999998e-01,7.593181499999999687e+03,1.468303799999999937e+00
1.904000000000000057e+02,5.549940900000000283e+02,-9.023155799999999545e+02,-8.886135100000000193e+02,3.059997500000000148e-02,7.593181499999999687e+03,1.468303799999999937e+00
1.904499999999999886e+02,6.002189499999999498e+02,-9.035484099999999899e+02,-8.887297899999999800e+02,5.942186100000000637e-02,7.593181499999999687e+03,1.468303799999999937e+00
1.905000000000000000e+02,6.018349100000000362e+02,-9.035507300000000441e+02,-8.886922200000000203e+02,-3.368147900000000028e-02,7.593181499999999687e+03,1.468303799999999937e+00
1.905500000000000114e+02,6.225337500000000546e+02,-9.039406199999999671e+02,-8.885710800000000518e+02,1.436845999999999957e-01,7.593181499999999687e+03,1.468303799999999937e+00
1.905999999999999943e+02,5.706070499999999583e+02,-9.025235800000000381e+02,-8.884360400000000482e+02,-1.248070300000000132e-01,7.593181499999999687e+03,1.468303799999999937e+00
1.906500000000000057e+02,6.154730299999999943e+02,-9.030989799999999832e+02,-8.879037600000000339e+02,5.029523500000000757e-02,7.593181499999999687e+03,1.468303799999999937e+00
1.906999999999999886e+02,6.171529699999999821e+02,-9.023930100000000039e+02,-8.871563200000000506e+02,1.957554599999999922e-01,7.593181499999999687e+03,1.468303799999999937e+00
1.907500000000000000e+02,6.392677700000000414e+02,-9.023263100000000350e+02,-8.865436300000000074e+02,7.135198500000000665e-02,7.593181499999999687e+03,1.468303799999999937e+00
1.908000000000000114e+02,6.174796999999999798e+02,-9.014996700000000374e+02,-8.862549000000000206e+02,2.914989100000000000e-01,7.593181499999999687e+03,1.468303799999999937e+00
1.908499999999999943e+02,5.666698900000000094e+02,-9.001317299999999477e+02,-8.861413900000000012e+02,7.545058300000000162e-02,7.593181499999999687e+03,1.468303799999999937e+00
1.909000000000000057e+02,6.084879300000000057e+02,-9.009554900000000544e+02,-8.859327299999999923e+02,4.387416199999999988e-01,7.593181499999999687e+03,1.468303799999999937e+00
1.909499999999999886e+02,6.125450799999999845e+02,-9.010849799999999732e+02,-8.859620499999999765e+02,2.166068200000000332e-01,7.593181499999999687e+03,1.468303799999999937e+00
1.910000000000000000e+02,5.982442600000000539e+02,-9.013834500000000389e+02,-8.866135799999999563e+02,2.079504600000000106e-02,7.593181499999999687e+03,1.468303799999999937e+00
1.910500000000000114e+02,5.767921999999999798e+02,-9.018227500000000418e+02,-8.875825099999999566e+02,2.042186200000000174e-01,7.593181499999999687e+03,1.468303799999999937e+00
1.910999999999999943e+02,5.514986000000000104e+02,-9.019433199999999715e+02,-8.883275499999999738e+02,3.469553200000000115e-02,7.593181499999999687e+03,1.468303799999999937e+00
1.911500000000000057e+02,6.128481399999999439e+02,-9.038527199999999766e+02,-8.887223000000000184e+02,6.412022100000000502e-02,7.593181499999999687e+03,1.468303799999999937e+00
1.911999999999999886e+02,5.454805300000000443e+02,-9.025819199999999682e+02,-8.891147200000000339e+02,9.945586100000000651e-02,7.593181499999999687e+03,1.468303799999999937e+00
1.912500000000000000e+02,5.957327999999999975e+02,-9.036897000000000162e+02,-8.889818400000000338e+02,1.585187600000000085e-02,7.593181499999999687e+03,1.468303799999999937e+00
1.913000000000000114e+02,5.609177600000000439e+02,-9.021902999999999793e+02,-8.883419800000000350e+02,2.486322700000000163e-01,7.593181499999999687e+03,1.468303799999999937e+00
1.913499999999999943e+02,6.036204400000000305e+02,-9.017434399999999641e+02,-8.868408399999999574e+02,-1.211414800000000097e-01,7.593181499999999687e+03,1.468303799999999937e+00
1.914000000000000057e+02,6.455773599999999988e+02,-9.016145000000000209e+02,-8.856760399999999436e+02,-9.588912600000000508e-02,7.593181499999999687e+03,1.468303799999999937e+00
1.914499999999999886e+02,6.671320299999999861e+02,-9.019783200000000534e+02,-8.855076999999999998e+02,2.415428199999999914e-01,7.593181499999999687e+03,1.468303799999999937e+00
1.915000000000000000e+02,6.089909999999999854e+02,-9.010565299999999525e+02,-8.860213400000000092e+02,-1.616335499999999870e-01,7.593181499999999687e+03,1.468303799999999937e+00
1.915500000000000114e+02,6.068492800000000216e+02,-9.017788799999999583e+02,-8.867965599999999995e+02,2.531820800000000315e-01,7.593181499999999687e+03,1.468303799999999937e+00
1.915999999999999943e+02,5.924687400000000252e+02,-9.021359499999999798e+02,-8.875086700000000519e+02,-2.848437500000000067e-01,7.593181499999999687e+03,1.468303799999999937e+00
1.916500000000000057e+02,6.020183200000000170e+02,-9.028106199999999717e+02,-8.879475800000000163e+02,2.946312100000000184e-02,7.593181499999999687e+03,1.468303799999999937e+00
1.916999999999999886e+02,5.950996499999999969e+02,-9.029015799999999672e+02,-8.882093499999999722e+02,5.055057100000000248e-02,7.593181499999999687e+03,1.468303799999999937e+00
1.917500000000000000e+02,5.756417599999999766e+02,-9.024519599999999855e+02,-8.882401200000000472e+02,-2.628055200000000147e-01,7.593181499999999687e+03,1.468303799999999937e+00
1.918000000000000114e+02,6.216437100000000555e+02,-9.031305899999999838e+02,-8.877830199999999650e+02,3.037610900000000114e-01,7.593181499999999687e+03,1.468303799999999937e+00
1.918499999999999943e+02,6.021100800000000390e+02,-9.018498700000000099e+02,-8.869845599999999877e+02,-6.194916600000000689e-02,7.593181499999999687e+03,1.468303799999999937e+00
1.919000000000000057e+02,6.481504200000000537e+02,-9.019385099999999511e+02,-8.859365299999999479e+02,1.339523200000000136e-01,7.593181499999999687e+03,1.468303799999999937e+00
1.919499999999999886e+02,6.711068800000000465e+02,-9.015610100000000102e+02,-8.849922599999999875e+02,-7.264553200000001265e-02,7.593181499999999687e+03,1.468303799999999937e+00
1.920000000000000000e+02,6.537200299999999515e+02,-9.010457699999999477e+02,-8.849062900000000127e+02,2.949268999999999918e-01,7.593181499999999687e+03,1.468303799999999937e+00
1.920500000000000114e+02,6.282271500000000515e+02,-9.014533300000000509e+02,-8.859432299999999714e+02,-2.087274600000000313e-01,7.593181499999999687e+03,1.468303799999999937e+00
1.920999999999999943e+02,5.888107800000000225e+02,-9.020193299999999681e+02,-8.874823699999999462e+02,-5.587122200000000510e-02,7.593181499999999687e+03,1.468303799999999937e+00
1.921500000000000057e+02,6.439428199999999833e+02,-9.043570499999999583e+02,-8.884589499999999589e+02,6.717570400000000275e-02,7.593181499999999687e+03,1.468303799999999937e+00
1.921999999999999886e+02,5.583391299999999546e+02,-9.028496999999999844e+02,-8.890650399999999536e+02,7.439895600000000220e-02,7.593181499999999687e+03,1.468303799999999937e+00
1.922500000000000000e+02,5.564286100000000488e+02,-9.028469700000000557e+02,-8.891094799999999623e+02,1.708260299999999898e-01,7.593181499999999687e+03,1.468303799999999937e+00
1.923000000000000114e+02,5.706903899999999794e+02,-9.027061800000000176e+02,-8.886165799999999990e+02,-3.363516200000000178e-01,7.593181499999999687e+03,1.468303799999999937e+00
1.923499999999999943e+02,5.827067299999999932e+02,-9.021541200000000345e+02,-8.877678600000000415e+02,3.630625400000000308e-02,7.593181499999999687e+03,1.468303799999999937e+00
1.924000000000000057e+02,6.230398900000000140e+02,-9.023792399999999816e+02,-8.869972000000000207e+02,-6.807715400000000083e-02,7.593181499999999687e+03,1.468303799999999937e+00
1.924499999999999886e+02,6.290425199999999677e+02,-9.022107999999999493e+02,-8.866805699999999888e+02,1.390784499999999924e-01,7.593181499999999687e+03,1.468303799999999937e+00
1.925000000000000000e+02,5.766678699999999935e+02,-9.009680200000000241e+02,-8.867308399999999438e+02,-1.443541300000000249e-01,7.593181499999999687e+03,1.468303799999999937e+00
1.925500000000000114e+02,5.794933499999999640e+02,-9.010446699999999964e+02,-8.867377400000000307e+02,-1.629894000000000065e-01,7.593181499999999687e+03,1.468303799999999937e+00
1.925999999999999943e+02,5.879981199999999717e+02,-9.009209600000000364e+02,-8.864040499999999838e+02,-2.479104300000000149e-01,7.593181499999999687e+03,1.468303799999999937e+00
1.926500000000000057e+02,6.071464300000000094e+02,-9.001861900000000105e+02,-8.851965400000000272e+02,8.322172500000001027e-02,7.593181499999999687e+03,1.468303799999999937e+00
1.926999999999999886e+02,6.443144700000000284e+02,-8.998296400000000403e+02,-8.839223600000000260e+02,-2.885587399999999803e-01,7.593181499999999687e+03,1.468303799999999937e+00
1.927500000000000000e+02,6.421692500000000337e+02,-8.996530199999999695e+02,-8.837987000000000535e+02,1.415364500000000081e-01,7.593181499999999687e+03,1.468303799999999937e+00
1.928000000000000114e+02,6.395543300000000499e+02,-9.000548199999999497e+02,-8.842650599999999486e+02,3.138617699999999844e-01,7.593181499999999687e+03,1.468303799999999937e+00
1.928499999999999943e+02,6.860466499999999996e+02,-9.021829800000000432e+02,-8.852453900000000431e+02,-2.830190200000000100e-01,7.593181499999999687e+03,1.468303799999999937e+00
1.929000000000000057e+02,6.296233600000000479e+02,-9.018219000000000278e+02,-8.862773200000000315e+02,2.357013100000000250e-01,7.593181499999999687e+03,1.468303799999999937e+00
1.929499999999999886e+02,5.664570099999999684e+02,-9.006996400000000449e+02,-8.867145600000000059e+02,-1.624932500000000057e-01,7.593181499999999687e+03,1.468303799999999937e+00
1.930000000000000000e+02,6.730400300000000016e+02,-9.034962900000000445e+02,-8.868798100000000204e+02,4.449398000000000242e-02,7.593181499999999687e+03,1.468303799999999937e+00
1.930500000000000114e+02,5.739050600000000486e+02,-9.017217100000000300e+02,-8.875527499999999463e+02,-3.805065000000000530e-02,7.593181499999999687e+03,1.468303799999999937e+00
1.930999999999999943e+02,5.474313200000000279e+02,-9.015271900000000187e+02,-8.880118300000000318e+02,1.766982400000000064e-01,7.593181499999999687e+03,1.468303799999999937e+00
1.931500000000000057e+02,5.525407099999999900e+02,-9.015455500000000484e+02,-8.879040499999999838e+02,-2.030155700000000063e-01,7.593181499999999687e+03,1.468303799999999937e+00
1.931999999999999886e+02,5.681784599999999728e+02,-9.012547299999999950e+02,-8.872271500000000515e+02,1.762893900000000180e-01,7.593181499999999687e+03,1.468303799999999937e+00
1.932500000000000000e+02,6.236593800000000556e+02,-9.017049200000000155e+02,-8.863075900000000047e+02,-3.302100200000000069e-02,7.593181499999999687e+03,1.468303799999999937e+00
1.933000000000000114e+02,6.273005799999999681e+02,-9.013119599999999991e+02,-8.858247300000000450e+02,-3.716333599999999820e-02,7.593181499999999687e+03,1.468303799999999937e+00
1.933499999999999943e+02,6.385279399999999441e+02,-9.015005700000000388e+02,-8.857361600000000408e+02,1.673393499999999978e-01,7.593181499999999687e+03,1.468303799999999937e+00
1.934000000000000057e+02,5.807024099999999862e+02,-9.004698799999999892e+02,-8.861331000000000131e+02,-3.639364300000000330e-01,7.593181499999999687e+03,1.468303799999999937e+00
1.934499999999999886e+02,5.757752000000000407e+02,-9.013096799999999575e+02,-8.870945500000000266e+02,-2.265825800000000056e-01,7.593181499999999687e+03,1.468303799999999937e+00
1.935000000000000000e+02,5.908016800000000330e+02,-9.031688500000000204e+02,-8.885827299999999696e+02,2.722292199999999940e-01,7.593181499999999687e+03,1.468303799999999937e+00
1.935500000000000114e+02,5.500293299999999590e+02,-9.029755699999999479e+02,-8.893960700000000088e+02,-2.812411000000000216e-01,7.593181499999999687e+03,1.468303799999999937e+00
1.935999999999999943e+02,5.727326100000000224e+02,-9.035360399999999572e+02,-8.893960200000000214e+02,-9.482424600000001480e-02,7.593181499999999687e+03,1.468303799999999937e+00
1.936500000000000057e+02,5.963193199999999479e+02,-9.038152400000000171e+02,-8.890928999999999860e+02,1.169809099999999935e-01,7.593181499999999687e+03,1.468303799999999937e+00
1.936999999999999886e+02,5.498177100000000337e+02,-9.023768499999999904e+02,-8.888025699999999460e+02,-2.494674300000000178e-01,7.593181499999999687e+03,1.468303799999999937e+00
1.937500000000000000e+02,6.113305699999999661e+02,-9.031474799999999732e+02,-8.880545299999999997e+02,1.318630300000000199e-01,7.593181499999999687e+03,1.468303799999999937e+00
1.938000000000000114e+02,5.824781100000000151e+02,-9.017178000000000111e+02,-8.873371799999999894e+02,-2.165721399999999963e-01,7.593181499999999687e+03,1.468303799999999937e+00
1.938499999999999943e+02,6.596082000000000107e+02,-9.029271899999999960e+02,-8.866423300000000154e+02,2.574562499999999976e-01,7.593181499999999687e+03,1.468303799999999937e+00
1.939000000000000057e+02,6.297561200000000099e+02,-9.019167499999999791e+02,-8.863689000000000533e+02,3.135523999999999950e-02,7.593181499999999687e+03,1.468303799999999937e+00
1.939499999999999886e+02,5.776199299999999539e+02,-9.007918700000000172e+02,-8.865311900000000378e+02,-3.305864800000000159e-01,7.593181499999999687e+03,1.468303799999999937e+00
1.940000000000000000e+02,6.346376599999999826e+02,-9.023420999999999594e+02,-8.866737299999999777e+02,1.553254400000000091e-01,7.593181499999999687e+03,1.468303799999999937e+00
1.940500000000000114e+02,6.114019100000000435e+02,-9.025967699999999923e+02,-8.875020600000000286e+02,-1.693373499999999976e-01,7.593181499999999687e+03,1.468303799999999937e+00
1.940999999999999943e+02,5.728977999999999611e+02,-9.026788599999999860e+02,-8.885347600000000057e+02,-1.489909199999999989e-01,7.593181499999999687e+03,1.468303799999999937e+00
1.941500000000000057e+02,5.551523899999999685e+02,-9.027269300000000385e+02,-8.890209499999999707e+02,7.604385300000000847e-02,7.593181499999999687e+03,1.468303799999999937e+00
1.941999999999999886e+02,5.596147700000000214e+02,-9.028238400000000183e+02,-8.890076900000000251e+02,8.814577000000001217e-02,7.593181499999999687e+03,1.468303799999999937e+00
1.942500000000000000e+02,5.980338400000000547e+02,-9.032508400000000393e+02,-8.884861700000000155e+02,-2.092431999999999973e-02,7.593181499999999687e+03,1.468303799999999937e+00
1.943000000000000114e+02,6.414678800000000365e+02,-9.034885699999999815e+02,-8.876515699999999924e+02,1.066726000000000202e-01,7.593181499999999687e+03,1.468303799999999937e+00
1.943499999999999943e+02,6.177731899999999996e+02,-9.023075999999999794e+02,-8.870555900000000520e+02,-2.770884599999999809e-01,7.593181499999999687e+03,1.468303799999999937e+00
1.944000000000000057e+02,6.187378999999999678e+02,-9.020167199999999639e+02,-8.867409000000000106e+02,-1.081267100000000148e-01,7.593181499999999687e+03,1.468303799999999937e+00
1.944499999999999886e+02,6.465597599999999829e+02,-9.028010799999999563e+02,-8.868383700000000545e+02,4.546874100000000002e-02,7.593181499999999687e+03,1.468303799999999937e+00
1.945000000000000000e+02,6.217455200000000559e+02,-9.030611999999999853e+02,-8.877111200000000508e+02,1.189174800000000060e-01,7.593181499999999687e+03,1.468303799999999937e+00
1.945500000000000114e+02,5.348211900000000014e+02,-9.021642000000000507e+02,-8.889601699999999482e+02,-1.611765900000000085e-01,7.593181499999999687e+03,1.468303799999999937e+00
1.945999999999999943e+02,5.473898000000000366e+02,-9.028962199999999712e+02,-8.893818899999999985e+02,-5.725619400000001025e-02,7.593181499999999687e+03,1.468303799999999937e+00
1.946500000000000057e+02,5.858847299999999905e+02,-9.036641200000000254e+02,-8.891993999999999687e+02,1.551025400000000110e-02,7.593181499999999687e+03,1.468303799999999937e+00
1.946999999999999886e+02,5.696508000000000038e+02,-9.029523000000000366e+02,-8.888883700000000090e+02,-2.595051600000000125e-01,7.593181499999999687e+03,1.468303799999999937e+00
1.947500000000000000e+02,6.147488399999999729e+02,-9.037222699999999804e+02,-8.885449200000000474e+02,-2.528614900000000082e-02,7.593181499999999687e+03,1.468303799999999937e+00
1.948000000000000114e+02,5.735322999999999638e+02,-9.026184100000000399e+02,-8.884586500000000342e+02,-5.175777699999999787e-02,7.593181499999999687e+03,1.468303799999999937e+00
1.948499999999999943e+02,5.813013200000000325e+02,-9.026359899999999925e+02,-8.882844199999999546e+02,1.034541100000000019e-01,7.593181499999999687e+03,1.468303799999999937e+00
1.949000000000000057e+02,6.542058600000000297e+02,-9.041473399999999856e+02,-8.879958500000000186e+02,7.171653999999999529e-03,7.593181499999999687e+03,1.468303799999999937e+00
1.949499999999999886e+02,5.644610099999999875e+02,-9.019010399999999663e+02,-8.879652399999999943e+02,-6.391365000000000240e-02,7.593181499999999687e+03,1.468303799999999937e+00
1.950000000000000000e+02,5.929541900000000396e+02,-9.022918100000000550e+02,-8.876525500000000193e+02,3.802859500000000392e-01,7.593181499999999687e+03,1.468303799999999937e+00
1.950500000000000114e+02,5.963442199999999502e+02,-9.014844399999999496e+02,-8.867614899999999807e+02,-2.048961800000000111e-01,7.593181499999999687e+03,1.468303799999999937e+00
1.950999999999999943e+02,6.196662599999999657e+02,-9.008367500000000518e+02,-8.855380099999999857e+02,2.965228099999999700e-01,7.593181499999999687e+03,1.468303799999999937e+00
1.951500000000000057e+02,5.974002100000000155e+02,-8.997802500000000236e+02,-8.850312199999999621e+02,5.820626400000000061e-02,7.593181499999999687e+03,1.468303799999999937e+00
1.951999999999999886e+02,6.152802400000000489e+02,-9.002002499999999827e+02,-8.850097899999999527e+02,9.661204300000000855e-02,7.593181499999999687e+03,1.468303799999999937e+00
1.952500000000000000e+02,5.925313300000000254e+02,-9.000659200000000055e+02,-8.854370999999999867e+02,-3.018486499999999961e-01,7.593181499999999687e+03,1.468303799999999937e+00
1.953000000000000114e+02,6.350904399999999441e+02,-9.016181000000000267e+02,-8.859385499999999638e+02,-2.287817500000000337e-01,7.593181499999999687e+03,1.468303799999999937e+00
1.953499999999999943e+02,6.013029400000000351e+02,-9.017885899999999992e+02,-8.869432100000000219e+02,1.878192100000000142e-01,7.593181499999999687e+03,1.468303799999999937e+00
1.954000000000000057e+02,6.117324300000000221e+02,-9.032618800000000192e+02,-8.881590099999999666e+02,5.387882299999999930e-02,7.593181499999999687e+03,1.468303799999999937e+00
1.954499999999999886e+02,5.632487899999999854e+02,-9.026185799999999517e+02,-8.887127100000000155e+02,6.488040800000000746e-03,7.593181499999999687e+03,1.468303799999999937e+00
1.955000000000000000e+02,5.798744500000000244e+02,-9.030599999999999454e+02,-8.887436599999999771e+02,-3.559718800000000183e-02,7.593181499999999687e+03,1.468303799999999937e+00
1.955500000000000114e+02,5.854023799999999937e+02,-9.029700900000000274e+02,-8.885172700000000532e+02,-7.416670100000000154e-02,7.593181499999999687e+03,1.468303799999999937e+00
1.955999999999999943e+02,5.880080400000000509e+02,-9.025303000000000111e+02,-8.880131599999999708e+02,2.076831300000000005e-02,7.593181499999999687e+03,1.468303799999999937e+00
1.956500000000000057e+02,5.923321499999999560e+02,-9.018839900000000398e+02,-8.872600800000000163e+02,-5.836971900000000046e-02,7.593181499999999687e+03,1.468303799999999937e+00
1.956999999999999886e+02,5.960179699999999912e+02,-9.014703399999999647e+02,-8.867554400000000214e+02,1.708895400000000064e-01,7.593181499999999687e+03,1.468303799999999937e+00
1.957500000000000000e+02,6.404191700000000083e+02,-9.022167899999999463e+02,-8.864056799999999612e+02,-1.629665799999999998e-01,7.593181499999999687e+03,1.468303799999999937e+00
1.958000000000000114e+02,6.382531099999999924e+02,-9.020960000000000036e+02,-8.863383700000000545e+02,1.749249200000000115e-01,7.593181499999999687e+03,1.468303799999999937e+00
1.958499999999999943e+02,5.856113900000000285e+02,-9.012874500000000353e+02,-8.868294700000000148e+02,-1.586481799999999998e-01,7.593181499999999687e+03,1.468303799999999937e+00
1.959000000000000057e+02,6.038459900000000289e+02,-9.023074299999999539e+02,-8.873992600000000266e+02,1.654068300000000047e-01,7.593181499999999687e+03,1.468303799999999937e+00
1.959499999999999886e+02,5.599282699999999977e+02,-9.015193400000000565e+02,-8.876954399999999623e+02,-1.949111600000000000e-01,7.593181499999999687e+03,1.468303799999999937e+00
1.960000000000000000e+02,6.039749799999999595e+02,-9.024850199999999631e+02,-8.875736699999999928e+02,2.696215000000000070e-03,7.593181499999999687e+03,1.468303799999999937e+00
1.960500000000000114e+02,5.928026899999999841e+02,-9.014336700000000064e+02,-8.867981499999999642e+02,-3.479936400000000016e-03,7.593181499999999687e+03,1.468303799999999937e+00
1.960999999999999943e+02,6.326750500000000557e+02,-9.007306599999999435e+02,-8.851107399999999643e+02,-1.600607700000000050e-02,7.593181499999999687e+03,1.468303799999999937e+00
1.961500000000000057e+02,6.486833500000000186e+02,-9.002761000000000422e+02,-8.842609599999999546e+02,1.363923500000000233e-01,7.593181499999999687e+03,1.468303799999999937e+00
1.961999999999999886e+02,6.750843200000000479e+02,-9.008109200000000101e+02,-8.841439800000000560e+02,-1.033535599999999971e-01,7.593181499999999687e+03,1.468303799999999937e+00
1.962500000000000000e+02,6.574275900000000092e+02,-9.012612400000000434e+02,-8.850302199999999857e+02,2.354896400000000278e-01,7.593181499999999687e+03,1.468303799999999937e+00
1.963000000000000114e+02,6.236717499999999745e+02,-9.018238199999999551e+02,-8.864261800000000449e+02,-7.164629899999999663e-02,7.593181499999999687e+03,1.468303799999999937e+00
1.963499999999999943e+02,6.067210199999999531e+02,-9.022878399999999601e+02,-8.873086899999999559e+02,1.466894700000000076e-03,7.593181499999999687e+03,1.468303799999999937e+00
1.964000000000000057e+02,5.779623900000000276e+02,-9.020297600000000102e+02,-8.877606200000000172e+02,-1.943635500000000238e-01,7.593181499999999687e+03,1.468303799999999937e+00
1.964499999999999886e+02,6.027274800000000141e+02,-9.029882800000000316e+02,-8.881077299999999468e+02,-1.585155599999999998e-01,7.593181499999999687e+03,1.468303799999999937e+00
1.965000000000000000e+02,5.415006399999999758e+02,-9.017909399999999778e+02,-8.884220000000000255e+02,3.769871600000000017e-02,7.593181499999999687e+03,1.468303799999999937e+00
1.965500000000000114e+02,5.913669099999999617e+02,-9.028762299999999641e+02,-8.882761500000000296e+02,-3.284144299999999794e-02,7.593181499999999687e+03,1.468303799999999937e+00
1.965999999999999943e+02,6.106664500000000544e+02,-9.028169199999999819e+02,-8.877403699999999844e+02,3.820636799999999750e-02,7.593181499999999687e+03,1.468303799999999937e+00
1.966500000000000057e+02,6.225779800000000250e+02,-9.023073100000000295e+02,-8.869366700000000492e+02,-2.187392100000000172e-01,7.593181499999999687e+03,1.468303799999999937e+00
1.966999999999999886e+02,6.835663899999999558e+02,-9.028834500000000389e+02,-8.860070899999999483e+02,1.541360100000000177e-01,7.593181499999999687e+03,1.468303799999999937e+00
1.967500000000000000e+02,6.458634899999999561e+02,-9.016753300000000309e+02,-8.857298100000000431e+02,2.907224500000000211e-01,7.593181499999999687e+03,1.468303799999999937e+00
1.968000000000000114e+02,6.592035399999999754e+02,-9.027696499999999560e+02,-8.864947799999999916e+02,3.118843000000000032e-01,7.593181499999999687e+03,1.468303799999999937e+00
1.968499999999999943e+02,5.611570400000000518e+02,-9.016525900000000320e+02,-8.877983600000000024e+02,-1.796484700000000045e-01,7.593181499999999687e+03,1.468303799999999937e+00
1.969000000000000057e+02,5.799685399999999618e+02,-9.024418799999999692e+02,-8.881232199999999466e+02,2.672822599999999937e-01,7.593181499999999687e+03,1.468303799999999937e+00
1.969499999999999886e+02,5.939438699999999471e+02,-9.027095000000000482e+02,-8.880457999999999856e+02,-2.677985800000000083e-01,7.593181499999999687e+03,1.468303799999999937e+00
1.970000000000000000e+02,5.948038699999999608e+02,-9.025887500000000045e+02,-8.879038199999999961e+02,1.918229700000000093e-01,7.593181499999999687e+03,1.468303799999999937e+00
1.970500000000000114e+02,5.944769499999999880e+02,-9.024980399999999463e+02,-8.878211800000000267e+02,5.261503699999999645e-02,7.593181499999999687e+03,1.468303799999999937e+00
1.970999999999999943e+02,5.664365900000000238e+02,-9.017263199999999870e+02,-8.877417400000000498e+02,5.467697100000000476e-02,7.593181499999999687e+03,1.468303799999999937e+00
1.971500000000000057e+02,6.037096199999999726e+02,-9.022572300000000496e+02,-8.873524300000000267e+02,-6.395333500000001392e-02,7.593181499999999687e+03,1.468303799999999937e+00
1.971999999999999886e+02,6.217596499999999651e+02,-9.022202200000000403e+02,-8.868697899999999663e+02,6.266354200000000263e-02,7.593181499999999687e+03,1.468303799999999937e+00
1.972500000000000000e+02,6.391290000000000191e+02,-9.020181599999999662e+02,-8.862388999999999442e+02,-1.034250800000000026e-01,7.593181499999999687e+03,1.468303799999999937e+00
1.973000000000000114e+02,6.949142000000000507e+02,-9.025720900000000029e+02,-8.854155700000000024e+02,2.168539900000000242e-01,7.593181499999999687e+03,1.468303799999999937e+00
1.973499999999999943e+02,6.885738599999999678e+02,-9.020095400000000154e+02,-8.850095499999999902e+02,9.029850500000000113e-02,7.593181499999999687e+03,1.468303799999999937e+00
1.974000000000000057e+02,6.806641499999999496e+02,-9.025508200000000443e+02,-8.857461100000000442e+02,4.114863199999999749e-02,7.593181499999999687e+03,1.468303799999999937e+00
1.974499999999999886e+02,6.091994700000000194e+02,-9.024400000000000546e+02,-8.873996600000000399e+02,-8.649467400000000750e-02,7.593181499999999687e+03,1.468303799999999937e+00
1.975000000000000000e+02,6.366957599999999502e+02,-9.039532199999999875e+02,-8.882340299999999615e+02,1.554431000000000007e-01,7.593181499999999687e+03,1.468303799999999937e+00
1.975500000000000114e+02,5.607916599999999789e+02,-9.026563099999999622e+02,-8.888110900000000356e+02,-4.216192100000000498e-02,7.593181499999999687e+03,1.468303799999999937e+00
1.975999999999999943e+02,5.798095399999999700e+02,-9.032040799999999763e+02,-8.888893399999999474e+02,3.364832799999999818e-02,7.593181499999999687e+03,1.468303799999999937e+00
1.976500000000000057e+02,6.182495400000000245e+02,-9.039250200000000177e+02,-8.886612499999999955e+02,9.817018300000000808e-02,7.593181499999999687e+03,1.468303799999999937e+00
1.976999999999999886e+02,5.943062999999999647e+02,-9.029837199999999484e+02,-8.883110799999999472e+02,1.107127099999999920e-01,7.593181499999999687e+03,1.468303799999999937e+00
1.977500000000000000e+02,6.453551300000000310e+02,-9.037207499999999527e+02,-8.877877799999999979e+02,1.339042300000000199e-02,7.593181499999999687e+03,1.468303799999999937e+00
1.978000000000000114e+02,6.239346900000000460e+02,-9.028923999999999523e+02,-8.874882700000000568e+02,9.266942000000000235e-02,7.593181499999999687e+03,1.468303799999999937e+00
1.978499999999999943e+02,6.406354400000000169e+02,-9.031011399999999867e+02,-8.872846899999999550e+02,2.226172900000000232e-01,7.593181499999999687e+03,1.468303799999999937e+00
1.979000000000000057e+02,6.277698100000000068e+02,-9.032566000000000486e+02,-8.877577800000000252e+02,4.261779900000000482e-02,7.593181499999999687e+03,1.468303799999999937e+00
1.979499999999999886e+02,5.776443900000000440e+02,-9.031690499999999702e+02,-8.889077700000000277e+02,2.330914900000000400e-01,7.593181499999999687e+03,1.468303799999999937e+00
1.980000000000000000e+02,5.637130300000000034e+02,-9.035489099999999780e+02,-8.896315799999999854e+02,4.909620199999999851e-02,7.593181499999999687e+03,1.468303799999999937e+00
1.980500000000000114e+02,5.552011199999999462e+02,-9.034512300000000096e+02,-8.897440400000000409e+02,2.948160899999999890e-02,7.593181499999999687e+03,1.468303799999999937e+00
1.980999999999999943e+02,5.459899900000000343e+02,-9.028610599999999522e+02,-8.893812799999999470e+02,6.798075900000000171e-02,7.593181499999999687e+03,1.468303799999999937e+00
1.981500000000000057e+02,5.765235900000000129e+02,-9.027750399999999900e+02,-8.885414299999999912e+02,1.483539600000000069e-01,7.593181499999999687e+03,1.468303799999999937e+00
1.981999999999999886e+02,6.371405200000000377e+02,-9.034031099999999697e+02,-8.876729500000000144e+02,4.362777400000000250e-01,7.593181499999999687e+03,1.468303799999999937e+00
1.982500000000000000e+02,6.448014500000000453e+02,-9.032078000000000202e+02,-8.872884999999999991e+02,-1.681567700000000110e-01,7.593181499999999687e+03,1.468303799999999937e+00
1.983000000000000114e+02,6.547784500000000207e+02,-9.034608899999999494e+02,-8.872952699999999595e+02,-1.122041900000000057e-02,7.593181499999999687e+03,1.468303799999999937e+00
1.983499999999999943e+02,6.187959799999999859e+02,-9.030987900000000081e+02,-8.878215300000000525e+02,2.216423100000000090e-01,7.593181499999999687e+03,1.468303799999999937e+00
1.984000000000000057e+02,5.597576199999999744e+02,-9.023066300000000410e+02,-8.884869400000000041e+02,-3.875101100000000187e-02,7.593181499999999687e+03,1.468303799999999937e+00
1.984499999999999886e+02,6.151149000000000342e+02,-9.040881100000000288e+02,-8.889017300000000432e+02,3.274656699999999726e-02,7.593181499999999687e+03,1.468303799999999937e+00
1.985000000000000000e+02,5.741787900000000491e+02,-9.035672100000000455e+02,-8.893914899999999761e+02,-9.995282799999999704e-03,7.593181499999999687e+03,1.468303799999999937e+00
1.985500000000000114e+02,5.541731399999999894e+02,-9.033319800000000441e+02,-8.896501700000000028e+02,2.745806300000000477e-01,7.593181499999999687e+03,1.468303799999999937e+00
1.985999999999999943e+02,5.893404299999999694e+02,-9.040440599999999449e+02,-8.894940199999999777e+02,-7.869299500000000169e-02,7.593181499999999687e+03,1.468303799999999937e+00
1.986500000000000057e+02,6.163276499999999487e+02,-9.041378999999999451e+02,-8.889215799999999490e+02,2.103668700000000391e-01,7.593181499999999687e+03,1.468303799999999937e+00
1.986999999999999886e+02,6.047105099999999993e+02,-9.025110899999999674e+02,-8.875815800000000309e+02,-2.273776400000000197e-01,7.593181499999999687e+03,1.468303799999999937e+00
1.987500000000000000e+02,6.260686899999999468e+02,-9.017674799999999777e+02,-8.863106699999999591e+02,1.496583100000000166e-01,7.593181499999999687e+03,1.468303799999999937e+00
1.988000000000000114e+02,6.413537199999999530e+02,-9.019837599999999611e+02,-8.861495700000000397e+02,-2.323743399999999848e-01,7.593181499999999687e+03,1.468303799999999937e+00
1.988499999999999943e+02,6.227209699999999657e+02,-9.018324800000000323e+02,-8.864583199999999579e+02,3.152054300000000087e-01,7.593181499999999687e+03,1.468303799999999937e+00
1.989000000000000057e+02,6.017785999999999831e+02,-9.017396999999999707e+02,-8.868825699999999870e+02,-8.490772300000000439e-02,7.593181499999999687e+03,1.468303799999999937e+00
1.989499999999999886e+02,5.989029399999999441e+02,-9.020275799999999435e+02,-8.872414499999999862e+02,6.135142700000000698e-02,7.593181499999999687e+03,1.468303799999999937e+00
1.990000000000000000e+02,5.890132399999999961e+02,-9.022069999999999936e+02,-8.876650300000000016e+02,-3.638155100000000503e-02,7.593181499999999687e+03,1.468303799999999937e+00
1.990500000000000114e+02,6.077023500000000240e+02,-9.033004300000000057e+02,-8.882970599999999877e+02,1.742576200000000020e-01,7.593181499999999687e+03,1.468303799999999937e+00
1.990999999999999943e+02,5.702181000000000495e+02,-9.033789799999999559e+02,-8.893010399999999436e+02,3.737456299999999954e-02,7.593181499999999687e+03,1.468303799999999937e+00
1.991500000000000057e+02,5.576150400000000218e+02,-9.038150500000000420e+02,-8.900482700000000023e+02,7.075895500000001226e-02,7.593181499999999687e+03,1.468303799999999937e+00
1.991999999999999886e+02,5.804117899999999963e+02,-9.045735799999999927e+02,-8.902439699999999903e+02,-1.022066900000000028e-01,7.593181499999999687e+03,1.468303799999999937e+00
1.992500000000000000e+02,5.972870900000000347e+02,-9.048102099999999837e+02,-8.900639700000000403e+02,-6.953312699999999492e-03,7.593181499999999687e+03,1.468303799999999937e+00
1.993000000000000114e+02,5.942296599999999671e+02,-9.041563700000000381e+02,-8.894856200000000399e+02,6.222866199999999709e-02,7.593181499999999687e+03,1.468303799999999937e+00
1.993499999999999943e+02,6.170621999999999616e+02,-9.028387199999999666e+02,-8.876042700000000423e+02,-6.161476000000000453e-02,7.593181499999999687e+03,1.468303799999999937e+00
1.994000000000000057e+02,6.452103799999999865e+02,-9.023275800000000118e+02,-8.863981800000000248e+02,4.336153400000000019e-02,7.593181499999999687e+03,1.468303799999999937e+00
1.994499999999999886e+02,6.229996800000000121e+02,-9.016115800000000036e+02,-8.862305400000000191e+02,-1.571342200000000189e-01,7.593181499999999687e+03,1.468303799999999937e+00
1.995000000000000000e+02,6.691790700000000243e+02,-9.028488599999999451e+02,-8.863277100000000246e+02,-1.994255600000000017e-02,7.593181499999999687e+03,1.468303799999999937e+00
1.995500000000000114e+02,5.820755599999999959e+02,-9.014951600000000553e+02,-8.871244699999999739e+02,1.460730900000000061e-02,7.593181499999999687e+03,1.468303799999999937e+00
1.995999999999999943e+02,5.984993899999999485e+02,-9.026615299999999706e+02,-8.878853599999999915e+02,-2.428720000000000045e-01,7.593181499999999687e+03,1.468303799999999937e+00
1.996500000000000057e+02,5.828982999999999493e+02,-9.027972399999999880e+02,-8.884062400000000252e+02,3.036494000000000259e-03,7.593181499999999687e+03,1.468303799999999937e+00
1.996999999999999886e+02,6.149439099999999598e+02,-9.039254100000000562e+02,-8.887432599999999638e+02,1.278218799999999988e-02,7.593181499999999687e+03,1.468303799999999937e+00
1.997500000000000000e+02,5.422633600000000342e+02,-9.026079899999999725e+02,-8.892202200000000403e+02,-1.213357600000000147e-01,7.593181499999999687e+03,1.468303799999999937e+00
1.998000000000000114e+02,5.825216599999999971e+02,-9.037431299999999510e+02,-8.893614300000000412e+02,-1.727628400000000009e-01,7.593181499999999687e+03,1.468303799999999937e+00
1.998499999999999943e+02,6.069076999999999771e+02,-9.040854199999999992e+02,-8.891016700000000128e+02,3.389005600000000173e-01,7.593181499999999687e+03,1.468303799999999937e+00
1.999000000000000057e+02,5.926291300000000319e+02,-9.028625399999999672e+02,-8.882313000000000329e+02,-1.958984999999999893e-03,7.593181499999999687e+03,1.468303799999999937e+00
1.999499999999999886e+02,6.387097499999999854e+02,-9.025745100000000321e+02,-8.868056000000000267e+02,2.225511199999999912e-01,7.593181499999999687e+03,1.468303799999999937e+00
2.000000000000000000e+02,6.694651699999999437e+02,-9.027437200000000530e+02,-8.862155099999999948e+02,1.435231800000000106e-02,7.593181499999999687e+03,1.468303799999999937e+00
