time_ps,T_K,PE_eV,Etot_eV,P_GPa,volume_A3,density_g_cm3
0.000000000000000000e+00,6.742482499999999845e+02,-8.979138799999999492e+02,-8.812675699999999779e+02,-2.103434699999999768e-01,9.716641700000000128e+03,1.147422900000000023e+00
5.000000000000000278e-02,6.799402300000000423e+02,-8.979198900000000094e+02,-8.811330600000000004e+02,1.094506400000000018e-01,9.716641700000000128e+03,1.147422900000000023e+00
1.000000000000000056e-01,6.818130800000000136e+02,-8.976432399999999916e+02,-8.808101699999999710e+02,-2.359486200000000117e-02,9.716641700000000128e+03,1.147422900000000023e+00
1.499999999999999944e-01,6.057381800000000567e+02,-8.950165299999999888e+02,-8.800616499999999860e+02,-8.392111800000000288e-02,9.716641700000000128e+03,1.147422900000000023e+00
2.000000000000000111e-01,7.267263299999999617e+02,-8.962675699999999779e+02,-8.783256499999999960e+02,-4.018550000000000594e-02,9.716641700000000128e+03,1.147422900000000023e+00
2.500000000000000000e-01,7.103319199999999682e+02,-8.949778800000000274e+02,-8.774407200000000557e+02,-1.480878800000000051e-01,9.716641700000000128e+03,1.147422900000000023e+00
2.999999999999999889e-01,7.258030800000000227e+02,-8.950606599999999844e+02,-8.771415299999999888e+02,-1.511398200000000080e-01,9.716641700000000128e+03,1.147422900000000023e+00
3.499999999999999778e-01,7.568116300000000365e+02,-8.958377500000000282e+02,-8.771530599999999822e+02,-1.589305800000000157e-01,9.716641700000000128e+03,1.147422900000000023e+00
4.000000000000000222e-01,6.786385999999999967e+02,-8.942432599999999638e+02,-8.774885699999999815e+02,-2.759200800000000120e-01,9.716641700000000128e+03,1.147422900000000023e+00
4.500000000000000111e-01,7.823254299999999830e+02,-8.972960299999999734e+02,-8.779814400000000205e+02,-7.401571400000001022e-03,9.716641700000000128e+03,1.147422900000000023e+00
5.000000000000000000e-01,7.354140899999999874e+02,-8.974516300000000228e+02,-8.792952199999999721e+02,-5.421850400000000070e-02,9.716641700000000128e+03,1.147422900000000023e+00
5.500000000000000444e-01,6.267028900000000249e+02,-8.957318599999999833e+02,-8.802593799999999646e+02,8.598121000000000236e-03,9.716641700000000128e+03,1.147422900000000023e+00
5.999999999999999778e-01,6.992296400000000176e+02,-8.976093700000000126e+02,-8.803463000000000420e+02,1.423740600000000245e-01,9.716641700000000128e+03,1.147422900000000023e+00
6.500000000000000222e-01,7.319977199999999584e+02,-8.985266299999999546e+02,-8.804545699999999897e+02,-4.558949300000000315e-01,9.716641700000000128e+03,1.147422900000000023e+00
6.999999999999999556e-01,6.874982999999999720e+02,-8.976565000000000509e+02,-8.806830700000000434e+02,1.329623000000000055e-01,9.716641700000000128e+03,1.147422900000000023e+00
7.500000000000000000e-01,6.431301700000000210e+02,-8.965672600000000330e+02,-8.806892199999999775e+02,8.593629700000000871e-03,9.716641700000000128e+03,1.147422900000000023e+00
8.000000000000000444e-01,6.611115200000000414e+02,-8.968641199999999571e+02,-8.805421499999999924e+02,5.034064099999999847e-02,9.716641700000000128e+03,1.147422900000000023e+00
8.499999999999999778e-01,6.423621900000000551e+02,-8.960435899999999947e+02,-8.801845100000000457e+02,-5.366997800000000707e-02,9.716641700000000128e+03,1.147422900000000023e+00
9.000000000000000222e-01,7.243961600000000089e+02,-8.969986800000000358e+02,-8.791142899999999827e+02,3.809906400000000193e-02,9.716641700000000128e+03,1.147422900000000023e+00
9.499999999999999556e-01,7.607719700000000103e+02,-8.965512300000000323e+02,-8.777687700000000177e+02,-1.913509800000000038e-01,9.716641700000000128e+03,1.147422900000000023e+00
1.000000000000000000e+00,7.899770499999999629e+02,-8.963223699999999781e+02,-8.768188800000000356e+02,2.930390300000000336e-01,9.716641700000000128e+03,1.147422900000000023e+00
1.050000000000000044e+00,7.443232699999999795e+02,-8.952520799999999781e+02,-8.768757200000000012e+02,6.910123499999999697e-02,9.716641700000000128e+03,1.147422900000000023e+00
1.100000000000000089e+00,7.537524600000000419e+02,-8.962781499999999824e+02,-8.776689900000000080e+02,-1.219369400000000075e-01,9.716641700000000128e+03,1.147422900000000023e+00
1.149999999999999911e+00,7.151670299999999543e+02,-8.964877599999999802e+02,-8.788312200000000303e+02,1.347644500000000078e-01,9.716641700000000128e+03,1.147422900000000023e+00
1.199999999999999956e+00,6.694038199999999961e+02,-8.959373500000000377e+02,-8.794106500000000324e+02,-2.134438400000000235e-01,9.716641700000000128e+03,1.147422900000000023e+00
1.250000000000000000e+00,6.684217700000000377e+02,-8.959083900000000540e+02,-8.794059300000000121e+02,2.774102100000000459e-01,9.716641700000000128e+03,1.147422900000000023e+00
1.300000000000000044e+00,6.982090399999999590e+02,-8.965396299999999883e+02,-8.793017700000000332e+02,-1.157994799999999963e-01,9.716641700000000128e+03,1.147422900000000023e+00
1.350000000000000089e+00,7.291253699999999753e+02,-8.972473800000000210e+02,-8.792462299999999686e+02,2.619247900000000184e-01,9.716641700000000128e+03,1.147422900000000023e+00
1.399999999999999911e+00,6.875832400000000462e+02,-8.963878799999999956e+02,-8.794123499999999467e+02,-2.035830899999999943e-01,9.716641700000000128e+03,1.147422900000000023e+00
1.449999999999999956e+00,7.232580199999999877e+02,-8.976618200000000343e+02,-8.798055200000000013e+02,9.773405900000001201e-02,9.716641700000000128e+03,1.147422900000000023e+00
1.500000000000000000e+00,6.987621000000000322e+02,-8.979139599999999746e+02,-8.806624399999999468e+02,9.222683700000000595e-02,9.716641700000000128e+03,1.147422900000000023e+00
1.550000000000000044e+00,6.762839000000000169e+02,-8.982448500000000422e+02,-8.815482799999999770e+02,2.582434100000000066e-02,9.716641700000000128e+03,1.147422900000000023e+00
1.600000000000000089e+00,6.561547100000000228e+02,-8.984919300000000248e+02,-8.822923299999999927e+02,4.969609800000000105e-02,9.716641700000000128e+03,1.147422900000000023e+00
1.649999999999999911e+00,6.656260499999999638e+02,-8.992045399999999518e+02,-8.827711100000000215e+02,-1.933567500000000008e-02,9.716641700000000128e+03,1.147422900000000023e+00
1.699999999999999956e+00,6.590440899999999829e+02,-8.991787299999999732e+02,-8.829077999999999520e+02,1.866569899999999949e-01,9.716641700000000128e+03,1.147422900000000023e+00
1.750000000000000000e+00,6.671664500000000544e+02,-8.987984300000000530e+02,-8.823269699999999602e+02,-9.787153300000001055e-02,9.716641700000000128e+03,1.147422900000000023e+00
1.800000000000000044e+00,6.984954099999999926e+02,-8.979879300000000057e+02,-8.807429899999999634e+02,5.198001100000000652e-02,9.716641700000000128e+03,1.147422900000000023e+00
1.850000000000000089e+00,6.728044800000000123e+02,-8.962105800000000499e+02,-8.795999199999999973e+02,-2.818682000000000132e-02,9.716641700000000128e+03,1.147422900000000023e+00
1.899999999999999911e+00,6.951664500000000544e+02,-8.959969700000000330e+02,-8.788342199999999593e+02,-2.127502300000000124e-01,9.716641700000000128e+03,1.147422900000000023e+00
1.949999999999999956e+00,7.114781100000000151e+02,-8.957598699999999781e+02,-8.781944099999999480e+02,-1.536760600000000032e-01,9.716641700000000128e+03,1.147422900000000023e+00
2.000000000000000000e+00,7.029234699999999521e+02,-8.950419399999999541e+02,-8.776876899999999750e+02,-1.478559200000000018e-01,9.716641700000000128e+03,1.147422900000000023e+00
2.049999999999999822e+00,7.358452099999999518e+02,-8.956961800000000267e+02,-8.775291300000000092e+02,1.590763900000000119e-01,9.716641700000000128e+03,1.147422900000000023e+00
2.100000000000000089e+00,7.380884899999999789e+02,-8.961280500000000302e+02,-8.779056100000000242e+02,-2.187318299999999882e-01,9.716641700000000128e+03,1.147422900000000023e+00
2.149999999999999911e+00,7.152180399999999736e+02,-8.965594599999999446e+02,-8.789016699999999673e+02,-5.451207600000000653e-02,9.716641700000000128e+03,1.147422900000000023e+00
2.200000000000000178e+00,6.832942299999999705e+02,-8.971963600000000270e+02,-8.803267299999999977e+02,7.631839199999999879e-02,9.716641700000000128e+03,1.147422900000000023e+00
2.250000000000000000e+00,6.808767000000000280e+02,-8.979448800000000119e+02,-8.811349199999999655e+02,-1.261862400000000051e-01,9.716641700000000128e+03,1.147422900000000023e+00
2.299999999999999822e+00,6.678245799999999690e+02,-8.977403000000000475e+02,-8.812525900000000547e+02,-5.486928199999999839e-02,9.716641700000000128e+03,1.147422900000000023e+00
2.350000000000000089e+00,6.721807800000000270e+02,-8.974873900000000049e+02,-8.808921299999999519e+02,-1.227330799999999944e-01,9.716641700000000128e+03,1.147422900000000023e+00
2.399999999999999911e+00,7.129906700000000228e+02,-8.979982899999999972e+02,-8.803954899999999952e+02,1.119819900000000035e-01,9.716641700000000128e+03,1.147422900000000023e+00
2.450000000000000178e+00,7.448174199999999701e+02,-8.986631999999999607e+02,-8.802746399999999767e+02,-2.864140500000000311e-01,9.716641700000000128e+03,1.147422900000000023e+00
2.500000000000000000e+00,6.949172499999999673e+02,-8.975293299999999590e+02,-8.803727300000000469e+02,-8.153301100000001286e-03,9.716641700000000128e+03,1.147422900000000023e+00
2.549999999999999822e+00,7.203383800000000292e+02,-8.981927299999999832e+02,-8.804085199999999531e+02,-3.397794100000000039e-01,9.716641700000000128e+03,1.147422900000000023e+00
2.600000000000000089e+00,6.991970300000000407e+02,-8.978902399999999489e+02,-8.806279899999999543e+02,1.590742199999999884e-01,9.716641700000000128e+03,1.147422900000000023e+00
2.649999999999999911e+00,6.822619999999999436e+02,-8.978603399999999510e+02,-8.810161799999999630e+02,-7.072086000000001038e-02,9.716641700000000128e+03,1.147422900000000023e+00
2.700000000000000178e+00,6.633346400000000358e+02,-8.978530500000000529e+02,-8.814761899999999741e+02,-7.615239900000000950e-02,9.716641700000000128e+03,1.147422900000000023e+00
2.750000000000000000e+00,6.894187299999999823e+02,-8.989812600000000202e+02,-8.819604100000000244e+02,3.093086800000000025e-01,9.716641700000000128e+03,1.147422900000000023e+00
2.799999999999999822e+00,6.087469899999999825e+02,-8.973321200000000317e+02,-8.823029599999999846e+02,7.436720200000000898e-03,9.716641700000000128e+03,1.147422900000000023e+00
2.850000000000000089e+00,6.558154100000000426e+02,-8.980555200000000013e+02,-8.818642999999999574e+02,1.599896899999999900e-01,9.716641700000000128e+03,1.147422900000000023e+00
2.899999999999999911e+00,7.023293800000000147e+02,-8.981579900000000407e+02,-8.808183999999999969e+02,-2.628585300000000347e-01,9.716641700000000128e+03,1.147422900000000023e+00
2.950000000000000178e+00,7.116042300000000296e+02,-8.973546700000000556e+02,-8.797860899999999447e+02,4.681689900000000210e-02,9.716641700000000128e+03,1.147422900000000023e+00
3.000000000000000000e+00,7.668569599999999582e+02,-8.980788800000000265e+02,-8.791461900000000469e+02,-8.567055400000000639e-03,9.716641700000000128e+03,1.147422900000000023e+00
3.049999999999999822e+00,7.135040000000000191e+02,-8.966957499999999754e+02,-8.790802700000000414e+02,-1.620012799999999975e-01,9.716641700000000128e+03,1.147422900000000023e+00
3.100000000000000089e+00,7.264630600000000413e+02,-8.969901800000000094e+02,-8.790547599999999875e+02,-2.484680199999999839e-01,9.716641700000000128e+03,1.147422900000000023e+00
3.149999999999999911e+00,7.348047199999999748e+02,-8.972822899999999890e+02,-8.791409200000000510e+02,-4.319848999999999911e-02,9.716641700000000128e+03,1.147422900000000023e+00
3.200000000000000178e+00,6.551501100000000406e+02,-8.960023499999999785e+02,-8.798275499999999738e+02,4.322012199999999971e-02,9.716641700000000128e+03,1.147422900000000023e+00
3.250000000000000000e+00,6.544233600000000024e+02,-8.970946300000000520e+02,-8.809377700000000004e+02,-1.481719900000000034e-01,9.716641700000000128e+03,1.147422900000000023e+00
3.299999999999999822e+00,6.636546600000000353e+02,-8.983292099999999891e+02,-8.819444499999999607e+02,-2.707013300000000178e-01,9.716641700000000128e+03,1.147422900000000023e+00
3.350000000000000089e+00,6.654193599999999833e+02,-8.988376500000000533e+02,-8.824093199999999797e+02,8.774977399999999914e-03,9.716641700000000128e+03,1.147422900000000023e+00
3.399999999999999911e+00,6.715814000000000306e+02,-8.990076699999999619e+02,-8.824272099999999455e+02,-2.777844999999999898e-01,9.716641700000000128e+03,1.147422900000000023e+00
3.450000000000000178e+00,6.839670899999999847e+02,-8.987571400000000494e+02,-8.818708900000000313e+02,-3.250464400000000614e-02,9.716641700000000128e+03,1.147422900000000023e+00
3.500000000000000000e+00,7.697285200000000032e+02,-8.995050199999999450e+02,-8.805014300000000276e+02,-6.544808200000000464e-02,9.716641700000000128e+03,1.147422900000000023e+00
3.549999999999999822e+00,7.196356299999999919e+02,-8.971332099999999627e+02,-8.793663500000000113e+02,-3.486126900000000028e-02,9.716641700000000128e+03,1.147422900000000023e+00
3.600000000000000089e+00,7.319194700000000466e+02,-8.966041699999999537e+02,-8.785340400000000045e+02,-3.621272600000000064e-02,9.716641700000000128e+03,1.147422900000000023e+00
3.649999999999999911e+00,7.109291399999999612e+02,-8.957338300000000118e+02,-8.781819199999999910e+02,1.389979100000000023e-01,9.716641700000000128e+03,1.147422900000000023e+00
3.700000000000000178e+00,7.009424099999999953e+02,-8.956152100000000473e+02,-8.783098599999999578e+02,1.210524800000000040e-01,9.716641700000000128e+03,1.147422900000000023e+00
3.750000000000000000e+00,6.833197599999999738e+02,-8.954117499999999836e+02,-8.785414799999999786e+02,1.157815000000000094e-01,9.716641700000000128e+03,1.147422900000000023e+00
3.799999999999999822e+00,7.596790799999999990e+02,-8.976174800000000005e+02,-8.788619999999999663e+02,-1.654415700000000100e-01,9.716641700000000128e+03,1.147422900000000023e+00
3.850000000000000089e+00,7.108527500000000146e+02,-8.968317799999999806e+02,-8.792817599999999629e+02,-8.947148600000000285e-02,9.716641700000000128e+03,1.147422900000000023e+00
3.899999999999999911e+00,7.201636899999999741e+02,-8.973094800000000077e+02,-8.795295800000000099e+02,5.909794500000000589e-02,9.716641700000000128e+03,1.147422900000000023e+00
3.950000000000000178e+00,7.035928800000000365e+02,-8.972692500000000564e+02,-8.798984600000000000e+02,1.400009399999999904e-01,9.716641700000000128e+03,1.147422900000000023e+00
4.000000000000000000e+00,6.939452499999999873e+02,-8.973805200000000468e+02,-8.802479299999999967e+02,-1.170576299999999959e-01,9.716641700000000128e+03,1.147422900000000023e+00
4.049999999999999822e+00,7.017893299999999499e+02,-8.979822199999999839e+02,-8.806559700000000248e+02,6.709819499999999937e-02,9.716641700000000128e+03,1.147422900000000023e+00
4.099999999999999645e+00,6.806578500000000531e+02,-8.981083599999999478e+02,-8.813038099999999986e+02,1.119932800000000145e-01,9.716641700000000128e+03,1.147422900000000023e+00
4.150000000000000355e+00,6.863268799999999601e+02,-8.993713400000000320e+02,-8.824268299999999954e+02,-1.708366900000000133e-01,9.716641700000000128e+03,1.147422900000000023e+00
4.200000000000000178e+00,6.436745200000000295e+02,-8.996997499999999945e+02,-8.838082699999999932e+02,-4.589510000000000117e-02,9.716641700000000128e+03,1.147422900000000023e+00
4.250000000000000000e+00,6.642269000000000005e+02,-9.007697500000000446e+02,-8.843708599999999933e+02,-3.913707300000000000e-01,9.716641700000000128e+03,1.147422900000000023e+00
4.299999999999999822e+00,6.433900899999999865e+02,-9.001476800000000367e+02,-8.842632200000000466e+02,1.199103200000000008e-01,9.716641700000000128e+03,1.147422900000000023e+00
4.349999999999999645e+00,6.262612100000000055e+02,-8.990935299999999870e+02,-8.836319700000000239e+02,2.913349900000000020e-02,9.716641700000000128e+03,1.147422900000000023e+00
4.400000000000000355e+00,6.397757500000000164e+02,-8.983218699999999899e+02,-8.825266400000000431e+02,8.880882800000000632e-02,9.716641700000000128e+03,1.147422900000000023e+00
4.450000000000000178e+00,6.936463800000000219e+02,-8.987591999999999643e+02,-8.816339799999999514e+02,2.371407000000000376e-02,9.716641700000000128e+03,1.147422900000000023e+00
4.500000000000000000e+00,6.114887400000000071e+02,-8.963510700000000497e+02,-8.812542200000000321e+02,-9.445434800000000741e-02,9.716641700000000128e+03,1.147422900000000023e+00
4.549999999999999822e+00,7.338452899999999772e+02,-8.986401299999999992e+02,-8.805224600000000237e+02,-9.959180499999999506e-03,9.716641700000000128e+03,1.147422900000000023e+00
4.599999999999999645e+00,6.939749000000000478e+02,-8.972061899999999923e+02,-8.800728699999999662e+02,-3.305888500000000452e-01,9.716641700000000128e+03,1.147422900000000023e+00
4.650000000000000355e+00,7.283098899999999958e+02,-8.977063900000000558e+02,-8.797253799999999728e+02,3.146831000000000628e-02,9.716641700000000128e+03,1.147422900000000023e+00
4.700000000000000178e+00,7.295675899999999956e+02,-8.975486100000000533e+02,-8.795365399999999454e+02,-1.045208200000000143e-01,9.716641700000000128e+03,1.147422900000000023e+00
4.750000000000000000e+00,6.903115699999999606e+02,-8.967379899999999679e+02,-8.796951000000000249e+02,-1.301182499999999909e-01,9.716641700000000128e+03,1.147422900000000023e+00
4.799999999999999822e+00,6.853902399999999489e+02,-8.968306400000000167e+02,-8.799092600000000175e+02,1.842709299999999994e-01,9.716641700000000128e+03,1.147422900000000023e+00
4.849999999999999645e+00,6.192903099999999768e+02,-8.954775100000000521e+02,-8.801880400000000009e+02,5.526088400000000317e-02,9.716641700000000128e+03,1.147422900000000023e+00
4.900000000000000355e+00,6.888073200000000043e+02,-8.972122900000000527e+02,-8.802065400000000182e+02,-2.116374900000000166e-03,9.716641700000000128e+03,1.147422900000000023e+00
4.950000000000000178e+00,7.159852200000000266e+02,-8.975220399999999472e+02,-8.798453100000000404e+02,-2.005003700000000111e-01,9.716641700000000128e+03,1.147422900000000023e+00
5.000000000000000000e+00,7.705686399999999594e+02,-8.980766700000000355e+02,-8.790523399999999583e+02,1.271494200000000130e-01,9.716641700000000128e+03,1.147422900000000023e+00
5.049999999999999822e+00,7.368232699999999795e+02,-8.965664900000000443e+02,-8.783752899999999499e+02,-1.603133200000000091e-01,9.716641700000000128e+03,1.147422900000000023e+00
5.099999999999999645e+00,7.647795200000000477e+02,-8.968009399999999687e+02,-8.779195399999999836e+02,-6.948771500000000545e-02,9.716641700000000128e+03,1.147422900000000023e+00
5.150000000000000355e+00,7.299953000000000429e+02,-8.958694500000000289e+02,-8.778468299999999545e+02,-1.985752100000000020e-01,9.716641700000000128e+03,1.147422900000000023e+00
5.200000000000000178e+00,7.070146600000000490e+02,-8.956759299999999939e+02,-8.782206599999999526e+02,1.254247800000000135e-01,9.716641700000000128e+03,1.147422900000000023e+00
5.250000000000000000e+00,7.351319300000000112e+02,-8.975994899999999461e+02,-8.794500500000000329e+02,-8.201854899999999615e-02,9.716641700000000128e+03,1.147422900000000023e+00
5.299999999999999822e+00,6.499737499999999955e+02,-8.970205899999999701e+02,-8.809736000000000331e+02,-1.876963100000000051e-01,9.716641700000000128e+03,1.147422900000000023e+00
5.349999999999999645e+00,6.619138199999999870e+02,-8.977870299999999588e+02,-8.814452499999999873e+02,-2.417173400000000028e-03,9.716641700000000128e+03,1.147422900000000023e+00
5.400000000000000355e+00,6.612409699999999475e+02,-8.977945200000000341e+02,-8.814693499999999631e+02,-1.169987100000000058e-01,9.716641700000000128e+03,1.147422900000000023e+00
5.450000000000000178e+00,6.469789799999999786e+02,-8.971998499999999694e+02,-8.812267799999999625e+02,6.218520099999999551e-02,9.716641700000000128e+03,1.147422900000000023e+00
5.500000000000000000e+00,7.103620700000000170e+02,-8.980944500000000517e+02,-8.805565500000000156e+02,1.010388600000000081e-01,9.716641700000000128e+03,1.147422900000000023e+00
5.549999999999999822e+00,7.052261999999999489e+02,-8.971710199999999986e+02,-8.797599099999999908e+02,-8.620090900000000611e-02,9.716641700000000128e+03,1.147422900000000023e+00
5.599999999999999645e+00,7.530016100000000279e+02,-8.974499899999999570e+02,-8.788593700000000126e+02,3.579302600000000001e-01,9.716641700000000128e+03,1.147422900000000023e+00
5.650000000000000355e+00,7.192409800000000359e+02,-8.962843000000000302e+02,-8.785271900000000187e+02,-1.410867700000000002e-01,9.716641700000000128e+03,1.147422900000000023e+00
5.700000000000000178e+00,7.343832700000000386e+02,-8.966940600000000359e+02,-8.785630999999999631e+02,1.283749399999999929e-01,9.716641700000000128e+03,1.147422900000000023e+00
5.750000000000000000e+00,6.521726999999999634e+02,-8.952081899999999450e+02,-8.791068999999999960e+02,-3.240967000000000153e-02,9.716641700000000128e+03,1.147422900000000023e+00
5.799999999999999822e+00,6.577590999999999894e+02,-8.962710200000000214e+02,-8.800318099999999504e+02,1.421387300000000187e-01,9.716641700000000128e+03,1.147422900000000023e+00
5.849999999999999645e+00,6.675847499999999854e+02,-8.971533600000000206e+02,-8.806715699999999742e+02,-3.656813300000000613e-03,9.716641700000000128e+03,1.147422900000000023e+00
5.900000000000000355e+00,6.652261799999999994e+02,-8.974260900000000447e+02,-8.810025299999999788e+02,6.952983799999999659e-02,9.716641700000000128e+03,1.147422900000000023e+00
5.950000000000000178e+00,6.746680000000000064e+02,-8.975980399999999690e+02,-8.809413799999999810e+02,-2.808787800000000362e-02,9.716641700000000128e+03,1.147422900000000023e+00
6.000000000000000000e+00,6.819904099999999971e+02,-8.972686800000000176e+02,-8.804312300000000278e+02,1.560629500000000058e-01,9.716641700000000128e+03,1.147422900000000023e+00
6.049999999999999822e+00,6.886861800000000358e+02,-8.964839899999999489e+02,-8.794812299999999823e+02,3.436599600000000282e-02,9.716641700000000128e+03,1.147422900000000023e+00
6.099999999999999645e+00,7.517309000000000196e+02,-8.968881599999999708e+02,-8.783289099999999507e+02,1.786547900000000078e-01,9.716641700000000128e+03,1.147422900000000023e+00
6.150000000000000355e+00,7.401416699999999764e+02,-8.960415199999999913e+02,-8.777683899999999539e+02,-4.015177200000000050e-03,9.716641700000000128e+03,1.147422900000000023e+00
6.200000000000000178e+00,7.402585500000000138e+02,-8.960907499999999573e+02,-8.778147300000000541e+02,8.004968099999999753e-02,9.716641700000000128e+03,1.147422900000000023e+00
6.250000000000000000e+00,6.687212600000000293e+02,-8.946995399999999563e+02,-8.781896900000000414e+02,-3.218441399999999973e-03,9.716641700000000128e+03,1.147422900000000023e+00
6.299999999999999822e+00,7.425578000000000429e+02,-8.966819299999999657e+02,-8.783491500000000087e+02,1.720726499999999937e-01,9.716641700000000128e+03,1.147422900000000023e+00
6.349999999999999645e+00,6.588053099999999631e+02,-8.951556000000000495e+02,-8.788905600000000504e+02,4.126927600000000057e-03,9.716641700000000128e+03,1.147422900000000023e+00
6.400000000000000355e+00,6.124887499999999818e+02,-8.945144000000000233e+02,-8.793928600000000415e+02,3.298823900000000253e-02,9.716641700000000128e+03,1.147422900000000023e+00
6.450000000000000178e+00,6.332572199999999611e+02,-8.953142699999999650e+02,-8.796799800000000005e+02,-3.577418300000000106e-02,9.716641700000000128e+03,1.147422900000000023e+00
6.500000000000000000e+00,7.290939100000000508e+02,-8.977126899999999523e+02,-8.797123100000000022e+02,4.887861800000000562e-02,9.716641700000000128e+03,1.147422900000000023e+00
6.549999999999999822e+00,6.881048799999999801e+02,-8.970094800000000532e+02,-8.800210700000000088e+02,1.146957400000000044e-01,9.716641700000000128e+03,1.147422900000000023e+00
6.599999999999999645e+00,6.749984399999999596e+02,-8.969976100000000088e+02,-8.803327799999999570e+02,6.119415100000000370e-05,9.716641700000000128e+03,1.147422900000000023e+00
6.650000000000000355e+00,7.165849399999999605e+02,-8.977762999999999920e+02,-8.800847599999999602e+02,1.733866700000000162e-03,9.716641700000000128e+03,1.147422900000000023e+00
6.700000000000000178e+00,6.855831299999999828e+02,-8.964097500000000309e+02,-8.794836000000000240e+02,3.947670500000000082e-02,9.716641700000000128e+03,1.147422900000000023e+00
6.750000000000000000e+00,6.928745900000000120e+02,-8.957206800000000158e+02,-8.786145199999999704e+02,-6.767058600000000479e-02,9.716641700000000128e+03,1.147422900000000023e+00
6.799999999999999822e+00,7.153036899999999605e+02,-8.951779199999999719e+02,-8.775180100000000039e+02,1.557806800000000047e-02,9.716641700000000128e+03,1.147422900000000023e+00
6.849999999999999645e+00,7.484082100000000537e+02,-8.952613700000000563e+02,-8.767841499999999542e+02,-5.559809100000000226e-02,9.716641700000000128e+03,1.147422900000000023e+00
6.900000000000000355e+00,7.303922099999999773e+02,-8.947352399999999761e+02,-8.767028199999999742e+02,-6.508993399999999730e-04,9.716641700000000128e+03,1.147422900000000023e+00
6.950000000000000178e+00,7.778048599999999624e+02,-8.965924099999999726e+02,-8.773894299999999475e+02,-5.743332500000000729e-02,9.716641700000000128e+03,1.147422900000000023e+00
7.000000000000000000e+00,7.192145199999999932e+02,-8.963364100000000008e+02,-8.785799399999999650e+02,-5.916973500000000802e-02,9.716641700000000128e+03,1.147422900000000023e+00
7.049999999999999822e+00,7.592954300000000103e+02,-8.981735400000000027e+02,-8.794275400000000218e+02,-6.138565400000000477e-02,9.716641700000000128e+03,1.147422900000000023e+00
7.099999999999999645e+00,6.535298699999999599e+02,-8.960010200000000395e+02,-8.798662199999999984e+02,1.284451600000000027e-01,9.716641700000000128e+03,1.147422900000000023e+00
7.150000000000000355e+00,6.982306899999999814e+02,-8.971929900000000089e+02,-8.799546000000000276e+02,-8.814691500000000624e-02,9.716641700000000128e+03,1.147422900000000023e+00
7.200000000000000178e+00,6.671486499999999751e+02,-8.964367899999999736e+02,-8.799657700000000204e+02,8.731379600000000255e-04,9.716641700000000128e+03,1.147422900000000023e+00
7.250000000000000000e+00,6.928280999999999494e+02,-8.967545699999999442e+02,-8.796495499999999765e+02,2.071239300000000394e-01,9.716641700000000128e+03,1.147422900000000023e+00
7.299999999999999822e+00,6.595343100000000049e+02,-8.952835999999999785e+02,-8.790005599999999504e+02,-2.912839799999999979e-02,9.716641700000000128e+03,1.147422900000000023e+00
7.349999999999999645e+00,7.323919200000000274e+02,-8.959142299999999750e+02,-8.778324400000000196e+02,2.284050200000000211e-02,9.716641700000000128e+03,1.147422900000000023e+00
7.400000000000000355e+00,6.974678800000000365e+02,-8.941349900000000162e+02,-8.769154200000000401e+02,-4.558589600000000769e-02,9.716641700000000128e+03,1.147422900000000023e+00
7.450000000000000178e+00,7.795378699999999981e+02,-8.957145400000000564e+02,-8.764687699999999495e+02,-7.636624300000000032e-02,9.716641700000000128e+03,1.147422900000000023e+00
7.500000000000000000e+00,8.030315699999999879e+02,-8.968763900000000149e+02,-8.770506000000000313e+02,1.035787499999999972e-01,9.716641700000000128e+03,1.147422900000000023e+00
7.549999999999999822e+00,7.112189399999999750e+02,-8.959003000000000156e+02,-8.783412399999999707e+02,-2.334235799999999916e-01,9.716641700000000128e+03,1.147422900000000023e+00
7.599999999999999645e+00,6.934939299999999776e+02,-8.961430199999999786e+02,-8.790215600000000222e+02,1.996014300000000241e-01,9.716641700000000128e+03,1.147422900000000023e+00
7.650000000000000355e+00,7.163457200000000284e+02,-8.969871000000000549e+02,-8.793014699999999948e+02,-2.062107500000000260e-01,9.716641700000000128e+03,1.147422900000000023e+00
7.700000000000000178e+00,6.736899100000000544e+02,-8.962743699999999762e+02,-8.796418499999999767e+02,4.878609600000000102e-01,9.716641700000000128e+03,1.147422900000000023e+00
7.750000000000000000e+00,6.693374700000000530e+02,-8.963872599999999693e+02,-8.798622000000000298e+02,-7.711441300000000665e-02,9.716641700000000128e+03,1.147422900000000023e+00
7.799999999999999822e+00,7.133485500000000457e+02,-8.973759300000000394e+02,-8.797642899999999599e+02,4.389655000000000640e-02,9.716641700000000128e+03,1.147422900000000023e+00
7.849999999999999645e+00,7.233732099999999718e+02,-8.975267800000000307e+02,-8.796676499999999805e+02,-1.000044800000000067e-01,9.716641700000000128e+03,1.147422900000000023e+00
7.900000000000000355e+00,6.602200699999999642e+02,-8.959646800000000439e+02,-8.796647199999999884e+02,1.287935699999999961e-01,9.716641700000000128e+03,1.147422900000000023e+00
7.950000000000000178e+00,7.489557700000000295e+02,-8.976790799999999990e+02,-8.791883400000000393e+02,1.017847700000000105e-01,9.716641700000000128e+03,1.147422900000000023e+00
8.000000000000000000e+00,7.291060599999999567e+02,-8.968449799999999641e+02,-8.788443099999999504e+02,7.578121000000000163e-02,9.716641700000000128e+03,1.147422900000000023e+00
8.050000000000000711e+00,7.241979000000000042e+02,-8.966149299999999585e+02,-8.787354400000000396e+02,6.993085300000000115e-02,9.716641700000000128e+03,1.147422900000000023e+00
8.099999999999999645e+00,6.699633499999999913e+02,-8.953435299999999870e+02,-8.788030199999999468e+02,7.937320999999999960e-02,9.716641700000000128e+03,1.147422900000000023e+00
8.150000000000000355e+00,6.953737399999999980e+02,-8.958753799999999501e+02,-8.787075099999999566e+02,-2.025369000000000128e-02,9.716641700000000128e+03,1.147422900000000023e+00
8.199999999999999289e+00,7.157933399999999438e+02,-8.961829800000000432e+02,-8.785109800000000178e+02,7.422310000000000019e-02,9.716641700000000128e+03,1.147422900000000023e+00
8.250000000000000000e+00,7.701863499999999476e+02,-8.974427899999999454e+02,-8.784279000000000224e+02,-1.827173099999999939e-01,9.716641700000000128e+03,1.147422900000000023e+00
8.300000000000000711e+00,7.175889700000000175e+02,-8.971330299999999625e+02,-8.794166999999999916e+02,-1.286194099999999896e-01,9.716641700000000128e+03,1.147422900000000023e+00
8.349999999999999645e+00,6.458042900000000373e+02,-8.964788099999999531e+02,-8.805347500000000309e+02,-2.026973400000000314e-01,9.716641700000000128e+03,1.147422900000000023e+00
8.400000000000000355e+00,6.903972700000000486e+02,-8.978670899999999619e+02,-8.808220800000000281e+02,-7.121568000000000342e-02,9.716641700000000128e+03,1.147422900000000023e+00
8.449999999999999289e+00,6.756106300000000147e+02,-8.975305600000000368e+02,-8.808506200000000490e+02,-1.040817900000000074e-01,9.716641700000000128e+03,1.147422900000000023e+00
8.500000000000000000e+00,6.666200900000000047e+02,-8.970185099999999920e+02,-8.805605399999999463e+02,-4.328647100000000171e-03,9.716641700000000128e+03,1.147422900000000023e+00
8.550000000000000711e+00,6.923072399999999789e+02,-8.967242899999999963e+02,-8.796321299999999610e+02,7.955254200000000386e-02,9.716641700000000128e+03,1.147422900000000023e+00
8.599999999999999645e+00,7.591782899999999472e+02,-8.970898200000000315e+02,-8.783467000000000553e+02,-9.307600400000000385e-02,9.716641700000000128e+03,1.147422900000000023e+00
8.650000000000000355e+00,6.805668399999999565e+02,-8.943100100000000339e+02,-8.775077099999999746e+02,-9.790262800000001236e-03,9.716641700000000128e+03,1.147422900000000023e+00
8.699999999999999289e+00,7.366449000000000069e+02,-8.949363600000000361e+02,-8.767495599999999740e+02,-1.313012600000000030e-01,9.716641700000000128e+03,1.147422900000000023e+00
8.750000000000000000e+00,7.515161200000000008e+02,-8.953228699999999662e+02,-8.767689199999999801e+02,1.041382000000000141e-01,9.716641700000000128e+03,1.147422900000000023e+00
8.800000000000000711e+00,7.244390700000000152e+02,-8.963459699999999657e+02,-8.784605199999999741e+02,-2.126070900000000263e-02,9.716641700000000128e+03,1.147422900000000023e+00
8.849999999999999645e+00,6.630679400000000214e+02,-8.968486000000000331e+02,-8.804783200000000534e+02,1.077757900000000102e-01,9.716641700000000128e+03,1.147422900000000023e+00
8.900000000000000355e+00,6.977570399999999609e+02,-8.980651800000000549e+02,-8.808384800000000041e+02,-7.319184900000000327e-02,9.716641700000000128e+03,1.147422900000000023e+00
8.949999999999999289e+00,6.618245699999999943e+02,-8.971403099999999995e+02,-8.808007300000000441e+02,7.565526300000000037e-02,9.716641700000000128e+03,1.147422900000000023e+00
9.000000000000000000e+00,7.288185700000000224e+02,-8.982466799999999694e+02,-8.802531099999999924e+02,1.496477499999999961e-01,9.716641700000000128e+03,1.147422900000000023e+00
9.050000000000000711e+00,7.434378000000000384e+02,-8.980025399999999536e+02,-8.796480299999999488e+02,-7.966008900000000337e-02,9.716641700000000128e+03,1.147422900000000023e+00
9.099999999999999645e+00,7.474898399999999583e+02,-8.978079599999999800e+02,-8.793534200000000283e+02,-5.734817600000000071e-02,9.716641700000000128e+03,1.147422900000000023e+00
9.150000000000000355e+00,7.385494099999999662e+02,-8.977042800000000398e+02,-8.794704600000000028e+02,-5.994229599999999908e-02,9.716641700000000128e+03,1.147422900000000023e+00
9.199999999999999289e+00,6.983314599999999928e+02,-8.971110899999999901e+02,-8.798702100000000428e+02,5.914241800000000215e-02,9.716641700000000128e+03,1.147422900000000023e+00
9.250000000000000000e+00,7.116442600000000311e+02,-8.979632800000000543e+02,-8.803937200000000303e+02,3.522524900000000708e-02,9.716641700000000128e+03,1.147422900000000023e+00
9.300000000000000711e+00,6.549102199999999812e+02,-8.971340099999999893e+02,-8.809651400000000194e+02,7.550975000000000048e-02,9.716641700000000128e+03,1.147422900000000023e+00
9.349999999999999645e+00,7.080219499999999471e+02,-8.987036200000000008e+02,-8.812234799999999950e+02,-1.035315000000000124e-01,9.716641700000000128e+03,1.147422900000000023e+00
9.400000000000000355e+00,6.666140299999999570e+02,-8.979938700000000154e+02,-8.815360500000000457e+02,6.751352500000000478e-02,9.716641700000000128e+03,1.147422900000000023e+00
9.449999999999999289e+00,6.793593499999999494e+02,-8.988431900000000496e+02,-8.820706999999999880e+02,4.208812100000000611e-02,9.716641700000000128e+03,1.147422900000000023e+00
9.500000000000000000e+00,6.446305999999999585e+02,-8.985928699999999480e+02,-8.826777899999999590e+02,-5.398180700000000665e-02,9.716641700000000128e+03,1.147422900000000023e+00
9.550000000000000711e+00,6.522614200000000437e+02,-8.989777900000000272e+02,-8.828743100000000368e+02,1.382059500000000218e-01,9.716641700000000128e+03,1.147422900000000023e+00
9.599999999999999645e+00,6.952875199999999722e+02,-8.998442599999999629e+02,-8.826785200000000486e+02,-1.257938900000000193e-01,9.716641700000000128e+03,1.147422900000000023e+00
9.650000000000000355e+00,6.798003300000000309e+02,-8.986269800000000032e+02,-8.818436100000000124e+02,-3.403537999999999702e-02,9.716641700000000128e+03,1.147422900000000023e+00
9.699999999999999289e+00,7.739586000000000467e+02,-8.995391600000000381e+02,-8.804311400000000276e+02,-4.635523700000000052e-02,9.716641700000000128e+03,1.147422900000000023e+00
9.750000000000000000e+00,7.184381700000000137e+02,-8.974174100000000180e+02,-8.796801100000000133e+02,-1.762960100000000030e-01,9.716641700000000128e+03,1.147422900000000023e+00
9.800000000000000711e+00,7.242512000000000398e+02,-8.971634900000000243e+02,-8.792826800000000276e+02,-1.073376500000000067e-01,9.716641700000000128e+03,1.147422900000000023e+00
9.849999999999999645e+00,7.499149599999999509e+02,-8.976621400000000222e+02,-8.791477200000000494e+02,-2.591825100000000326e-01,9.716641700000000128e+03,1.147422900000000023e+00
9.900000000000000355e+00,8.058504799999999477e+02,-8.993991800000000012e+02,-8.795037899999999809e+02,1.348795600000000094e-01,9.716641700000000128e+03,1.147422900000000023e+00
9.949999999999999289e+00,6.955901199999999562e+02,-8.977060099999999920e+02,-8.805327999999999520e+02,-1.269781199999999999e-01,9.716641700000000128e+03,1.147422900000000023e+00
1.000000000000000000e+01,7.147351899999999887e+02,-8.989016800000000558e+02,-8.812558000000000220e+02,-1.288492900000000052e-01,9.716641700000000128e+03,1.147422900000000023e+00
1.005000000000000071e+01,6.262068400000000565e+02,-8.970544300000000248e+02,-8.815942099999999755e+02,-4.801562900000000411e-02,9.716641700000000128e+03,1.147422900000000023e+00
1.009999999999999964e+01,6.859237200000000030e+02,-8.984007599999999911e+02,-8.814661999999999580e+02,8.512725500000001277e-02,9.716641700000000128e+03,1.147422900000000023e+00
1.015000000000000036e+01,6.873584600000000364e+02,-8.983269299999999475e+02,-8.813569499999999834e+02,-4.205764000000000030e-02,9.716641700000000128e+03,1.147422900000000023e+00
1.019999999999999929e+01,6.819077800000000025e+02,-8.981906500000000051e+02,-8.813552499999999554e+02,-1.107715300000000069e-01,9.716641700000000128e+03,1.147422900000000023e+00
1.025000000000000000e+01,6.603994800000000396e+02,-8.976092700000000377e+02,-8.813048700000000508e+02,-7.343847500000000306e-02,9.716641700000000128e+03,1.147422900000000023e+00
1.030000000000000071e+01,6.490443299999999454e+02,-8.969635200000000168e+02,-8.809394700000000284e+02,-4.821620000000000072e-02,9.716641700000000128e+03,1.147422900000000023e+00
1.034999999999999964e+01,7.066307600000000093e+02,-8.977428200000000516e+02,-8.802970299999999497e+02,-5.072697900000000537e-02,9.716641700000000128e+03,1.147422900000000023e+00
1.040000000000000036e+01,7.239166300000000547e+02,-8.977715399999999590e+02,-8.798989900000000262e+02,2.727315500000000448e-01,9.716641700000000128e+03,1.147422900000000023e+00
1.044999999999999929e+01,7.185476499999999760e+02,-8.973847500000000537e+02,-8.796447500000000446e+02,-1.438534900000000283e-01,9.716641700000000128e+03,1.147422900000000023e+00
1.050000000000000000e+01,8.177778100000000450e+02,-8.997018399999999474e+02,-8.795119799999999941e+02,2.292985200000000057e-01,9.716641700000000128e+03,1.147422900000000023e+00
1.055000000000000071e+01,7.234138599999999997e+02,-8.982102399999999989e+02,-8.803500999999999976e+02,-5.466424100000000924e-02,9.716641700000000128e+03,1.147422900000000023e+00
1.059999999999999964e+01,6.947548900000000458e+02,-8.988680000000000518e+02,-8.817154100000000199e+02,4.640230800000000322e-02,9.716641700000000128e+03,1.147422900000000023e+00
1.065000000000000036e+01,6.364752300000000105e+02,-8.982382300000000441e+02,-8.825244900000000143e+02,5.593843900000000646e-02,9.716641700000000128e+03,1.147422900000000023e+00
1.069999999999999929e+01,5.936921300000000201e+02,-8.971302600000000211e+02,-8.824727799999999434e+02,5.556136400000000891e-02,9.716641700000000128e+03,1.147422900000000023e+00
1.075000000000000000e+01,6.487379899999999679e+02,-8.978147400000000289e+02,-8.817982500000000528e+02,2.759388100000000066e-02,9.716641700000000128e+03,1.147422900000000023e+00
1.080000000000000071e+01,6.458664899999999989e+02,-8.969273600000000215e+02,-8.809817600000000084e+02,5.367500199999999944e-02,9.716641700000000128e+03,1.147422900000000023e+00
1.084999999999999964e+01,6.627650300000000243e+02,-8.966159599999999728e+02,-8.802531699999999546e+02,-1.034138200000000174e-01,9.716641700000000128e+03,1.147422900000000023e+00
1.090000000000000036e+01,7.409758299999999736e+02,-8.980894899999999552e+02,-8.797957699999999477e+02,-1.504116500000000078e-01,9.716641700000000128e+03,1.147422900000000023e+00
1.094999999999999929e+01,6.864757399999999734e+02,-8.967815399999999499e+02,-8.798333499999999958e+02,-1.694811400000000023e-02,9.716641700000000128e+03,1.147422900000000023e+00
1.100000000000000000e+01,7.150996099999999842e+02,-8.975826399999999694e+02,-8.799277600000000348e+02,-8.999443800000000993e-02,9.716641700000000128e+03,1.147422900000000023e+00
1.105000000000000071e+01,6.833657500000000482e+02,-8.972184300000000121e+02,-8.803470300000000179e+02,2.880794300000000252e-01,9.716641700000000128e+03,1.147422900000000023e+00
1.109999999999999964e+01,6.248071400000000040e+02,-8.963193999999999733e+02,-8.808937300000000050e+02,-1.427675300000000314e-01,9.716641700000000128e+03,1.147422900000000023e+00
1.115000000000000036e+01,6.633544299999999794e+02,-8.974730100000000448e+02,-8.810956599999999526e+02,-4.238641600000000315e-02,9.716641700000000128e+03,1.147422900000000023e+00
1.119999999999999929e+01,6.735587900000000445e+02,-8.976013199999999870e+02,-8.809720399999999927e+02,-6.488804300000000636e-02,9.716641700000000128e+03,1.147422900000000023e+00
1.125000000000000000e+01,6.424882499999999936e+02,-8.961928400000000465e+02,-8.803306499999999915e+02,4.401787400000000544e-02,9.716641700000000128e+03,1.147422900000000023e+00
1.130000000000000071e+01,7.398251000000000204e+02,-8.971101300000000265e+02,-8.788448200000000270e+02,-3.718140100000000281e-01,9.716641700000000128e+03,1.147422900000000023e+00
1.134999999999999964e+01,7.571154500000000098e+02,-8.966495499999999765e+02,-8.779573599999999942e+02,6.960903400000000019e-02,9.716641700000000128e+03,1.147422900000000023e+00
1.140000000000000036e+01,7.824093599999999924e+02,-8.972244100000000344e+02,-8.779077499999999645e+02,1.374401199999999990e-01,9.716641700000000128e+03,1.147422900000000023e+00
1.144999999999999929e+01,7.491610100000000330e+02,-8.972070999999999685e+02,-8.787113000000000511e+02,2.567122000000000154e-02,9.716641700000000128e+03,1.147422900000000023e+00
1.150000000000000000e+01,6.303577500000000100e+02,-8.953142800000000534e+02,-8.797515799999999899e+02,-9.131921300000001018e-02,9.716641700000000128e+03,1.147422900000000023e+00
1.155000000000000071e+01,6.672559700000000475e+02,-8.965655000000000427e+02,-8.800918299999999590e+02,-7.560325400000000862e-02,9.716641700000000128e+03,1.147422900000000023e+00
1.159999999999999964e+01,7.292260599999999613e+02,-8.981369300000000067e+02,-8.801332999999999629e+02,1.365543899999999977e-01,9.716641700000000128e+03,1.147422900000000023e+00
1.165000000000000036e+01,6.428487199999999575e+02,-8.960906199999999444e+02,-8.802195299999999634e+02,1.598868199999999851e-01,9.716641700000000128e+03,1.147422900000000023e+00
1.169999999999999929e+01,6.569395399999999654e+02,-8.960809900000000425e+02,-8.798620200000000295e+02,2.046690099999999915e-02,9.716641700000000128e+03,1.147422900000000023e+00
1.175000000000000000e+01,7.456685800000000199e+02,-8.972261999999999489e+02,-8.788166199999999435e+02,1.014137400000000022e-01,9.716641700000000128e+03,1.147422900000000023e+00
1.180000000000000071e+01,8.158296400000000403e+02,-8.973980199999999741e+02,-8.772562500000000227e+02,2.519575700000000265e-02,9.716641700000000128e+03,1.147422900000000023e+00
1.184999999999999964e+01,7.676730999999999767e+02,-8.956557900000000245e+02,-8.767029499999999871e+02,4.205477600000000205e-02,9.716641700000000128e+03,1.147422900000000023e+00
1.190000000000000036e+01,7.806646500000000515e+02,-8.959689700000000130e+02,-8.766953899999999749e+02,5.371708000000000038e-02,9.716641700000000128e+03,1.147422900000000023e+00
1.194999999999999929e+01,7.481746799999999666e+02,-8.963672800000000507e+02,-8.778958300000000463e+02,-1.384264699999999959e-01,9.716641700000000128e+03,1.147422900000000023e+00
1.200000000000000000e+01,7.007124900000000025e+02,-8.971634299999999484e+02,-8.798637599999999566e+02,1.614873599999999965e-01,9.716641700000000128e+03,1.147422900000000023e+00
1.205000000000000071e+01,6.806701000000000477e+02,-8.975716400000000021e+02,-8.807667900000000145e+02,-1.914170699999999947e-01,9.716641700000000128e+03,1.147422900000000023e+00
1.209999999999999964e+01,6.726255200000000514e+02,-8.977587300000000141e+02,-8.811524899999999434e+02,-1.064328999999999970e-01,9.716641700000000128e+03,1.147422900000000023e+00
1.215000000000000036e+01,6.919945999999999913e+02,-8.981452000000000453e+02,-8.810607700000000477e+02,-1.248682600000000087e-01,9.716641700000000128e+03,1.147422900000000023e+00
1.219999999999999929e+01,7.281581800000000158e+02,-8.986398799999999483e+02,-8.806626099999999724e+02,-2.829522499999999850e-03,9.716641700000000128e+03,1.147422900000000023e+00
1.225000000000000000e+01,6.818960600000000341e+02,-8.971581099999999651e+02,-8.803229900000000043e+02,-1.072022599999999937e-02,9.716641700000000128e+03,1.147422900000000023e+00
1.230000000000000071e+01,7.267335799999999608e+02,-8.975831299999999828e+02,-8.796410300000000007e+02,-1.400834000000000246e-01,9.716641700000000128e+03,1.147422900000000023e+00
1.234999999999999964e+01,7.349986699999999473e+02,-8.970243900000000394e+02,-8.788782400000000052e+02,-2.446500600000000095e-02,9.716641700000000128e+03,1.147422900000000023e+00
1.240000000000000036e+01,7.317099899999999479e+02,-8.963753799999999501e+02,-8.783104200000000219e+02,-9.630785800000001007e-02,9.716641700000000128e+03,1.147422900000000023e+00
1.244999999999999929e+01,7.680692400000000362e+02,-8.971657999999999902e+02,-8.782031799999999748e+02,1.357902300000000118e-01,9.716641700000000128e+03,1.147422900000000023e+00
1.250000000000000000e+01,7.443633599999999433e+02,-8.971599800000000187e+02,-8.787826199999999517e+02,-1.240046700000000113e-01,9.716641700000000128e+03,1.147422900000000023e+00
1.255000000000000071e+01,7.071891399999999521e+02,-8.977648299999999608e+02,-8.803052599999999757e+02,1.420909399999999989e-01,9.716641700000000128e+03,1.147422900000000023e+00
1.259999999999999964e+01,6.706098600000000260e+02,-8.982909200000000283e+02,-8.817344399999999496e+02,-8.662533800000001005e-02,9.716641700000000128e+03,1.147422900000000023e+00
1.265000000000000036e+01,6.177414800000000241e+02,-8.973007400000000189e+02,-8.820495200000000295e+02,7.455654000000000448e-02,9.716641700000000128e+03,1.147422900000000023e+00
1.269999999999999929e+01,6.331267100000000028e+02,-8.972245799999999463e+02,-8.815935200000000123e+02,-1.302459499999999992e-01,9.716641700000000128e+03,1.147422900000000023e+00
1.275000000000000000e+01,7.231157100000000355e+02,-8.985533900000000358e+02,-8.807006099999999833e+02,-6.914119700000000146e-02,9.716641700000000128e+03,1.147422900000000023e+00
1.280000000000000071e+01,7.125823699999999690e+02,-8.977635999999999967e+02,-8.801708800000000110e+02,4.387364200000000158e-01,9.716641700000000128e+03,1.147422900000000023e+00
1.284999999999999964e+01,7.354136999999999489e+02,-8.983963899999999967e+02,-8.802399900000000343e+02,4.336804500000000263e-03,9.716641700000000128e+03,1.147422900000000023e+00
1.290000000000000036e+01,6.519081800000000158e+02,-8.968115099999999984e+02,-8.807167600000000220e+02,2.317373000000000072e-01,9.716641700000000128e+03,1.147422900000000023e+00
1.294999999999999929e+01,6.544033799999999701e+02,-8.970199900000000071e+02,-8.808636299999999437e+02,1.084970000000000032e-02,9.716641700000000128e+03,1.147422900000000023e+00
1.300000000000000000e+01,6.838619599999999537e+02,-8.974264299999999821e+02,-8.805427799999999934e+02,8.677130600000000638e-02,9.716641700000000128e+03,1.147422900000000023e+00
1.305000000000000071e+01,6.838108999999999469e+02,-8.963926400000000285e+02,-8.795102399999999534e+02,-3.272399100000000088e-02,9.716641700000000128e+03,1.147422900000000023e+00
1.309999999999999964e+01,7.523650499999999965e+02,-8.966790799999999990e+02,-8.781041800000000421e+02,-1.356931299999999951e-01,9.716641700000000128e+03,1.147422900000000023e+00
1.315000000000000036e+01,7.212912499999999909e+02,-8.953518400000000383e+02,-8.775441100000000461e+02,2.520328500000000305e-01,9.716641700000000128e+03,1.147422900000000023e+00
1.319999999999999929e+01,7.510865599999999631e+02,-8.961476999999999862e+02,-8.776043600000000424e+02,-3.732123300000000227e-02,9.716641700000000128e+03,1.147422900000000023e+00
1.325000000000000000e+01,7.353139200000000528e+02,-8.964539499999999634e+02,-8.783000100000000430e+02,3.180324100000000292e-02,9.716641700000000128e+03,1.147422900000000023e+00
1.330000000000000071e+01,6.880352000000000317e+02,-8.964648700000000190e+02,-8.794781799999999521e+02,-2.045311600000000174e-01,9.716641700000000128e+03,1.147422900000000023e+00
1.334999999999999964e+01,7.283455699999999524e+02,-8.984127700000000232e+02,-8.804308800000000019e+02,3.112852899999999853e-02,9.716641700000000128e+03,1.147422900000000023e+00
1.340000000000000036e+01,7.220900100000000066e+02,-8.989688599999999497e+02,-8.811414099999999507e+02,-1.342031900000000000e-01,9.716641700000000128e+03,1.147422900000000023e+00
1.344999999999999929e+01,6.871200900000000047e+02,-8.985532200000000103e+02,-8.815891299999999546e+02,3.539875299999999808e-02,9.716641700000000128e+03,1.147422900000000023e+00
1.350000000000000000e+01,6.600849399999999605e+02,-8.979925700000000006e+02,-8.816959399999999505e+02,-2.575501000000000595e-01,9.716641700000000128e+03,1.147422900000000023e+00
1.355000000000000071e+01,7.101376800000000458e+02,-8.990711800000000267e+02,-8.815388100000000122e+02,3.461071900000000090e-01,9.716641700000000128e+03,1.147422900000000023e+00
1.359999999999999964e+01,6.571245300000000498e+02,-8.975854600000000119e+02,-8.813619200000000546e+02,-8.184071199999999602e-02,9.716641700000000128e+03,1.147422900000000023e+00
1.365000000000000036e+01,6.380764799999999468e+02,-8.965007699999999886e+02,-8.807474999999999454e+02,-2.013615100000000213e-01,9.716641700000000128e+03,1.147422900000000023e+00
1.369999999999999929e+01,7.120146099999999478e+02,-8.971029099999999517e+02,-8.795241999999999507e+02,-4.849511000000000099e-02,9.716641700000000128e+03,1.147422900000000023e+00
1.375000000000000000e+01,7.481265700000000152e+02,-8.971664899999999534e+02,-8.786962300000000141e+02,8.975059800000000088e-02,9.716641700000000128e+03,1.147422900000000023e+00
1.380000000000000071e+01,7.412292599999999538e+02,-8.970059800000000223e+02,-8.787060000000000173e+02,1.309127400000000170e-02,9.716641700000000128e+03,1.147422900000000023e+00
1.384999999999999964e+01,7.223630100000000311e+02,-8.968794500000000198e+02,-8.790452599999999848e+02,-2.303740899999999758e-01,9.716641700000000128e+03,1.147422900000000023e+00
1.390000000000000036e+01,6.857680500000000166e+02,-8.962611299999999801e+02,-8.793304200000000037e+02,-1.179124600000000106e-01,9.716641700000000128e+03,1.147422900000000023e+00
1.394999999999999929e+01,7.185063999999999851e+02,-8.973548799999999801e+02,-8.796159000000000106e+02,5.286630800000000768e-02,9.716641700000000128e+03,1.147422900000000023e+00
1.400000000000000000e+01,6.963478199999999561e+02,-8.971480000000000246e+02,-8.799560800000000427e+02,-1.750158400000000058e-01,9.716641700000000128e+03,1.147422900000000023e+00
1.405000000000000071e+01,7.528990700000000516e+02,-8.987274800000000141e+02,-8.801393900000000485e+02,1.617019900000000177e-01,9.716641700000000128e+03,1.147422900000000023e+00
1.409999999999999964e+01,6.994578000000000202e+02,-8.978619200000000546e+02,-8.805932299999999486e+02,-1.517056400000000027e-01,9.716641700000000128e+03,1.147422900000000023e+00
1.415000000000000036e+01,6.761611699999999701e+02,-8.982863399999999956e+02,-8.815928099999999858e+02,8.046186900000000530e-02,9.716641700000000128e+03,1.147422900000000023e+00
1.419999999999999929e+01,6.293420099999999593e+02,-8.981792699999999741e+02,-8.826416400000000522e+02,-4.660568400000000139e-02,9.716641700000000128e+03,1.147422900000000023e+00
1.425000000000000000e+01,5.985126500000000078e+02,-8.976833100000000059e+02,-8.829068200000000388e+02,3.383761500000000422e-01,9.716641700000000128e+03,1.147422900000000023e+00
1.430000000000000071e+01,6.403217799999999897e+02,-8.979634899999999789e+02,-8.821547900000000482e+02,-3.013562800000000319e-01,9.716641700000000128e+03,1.147422900000000023e+00
1.434999999999999964e+01,7.219839899999999489e+02,-8.983338899999999967e+02,-8.805090599999999768e+02,1.709385700000000050e-02,9.716641700000000128e+03,1.147422900000000023e+00
1.440000000000000036e+01,7.366014199999999619e+02,-8.980469399999999496e+02,-8.798612200000000030e+02,-1.807248000000000188e-01,9.716641700000000128e+03,1.147422900000000023e+00
1.444999999999999929e+01,7.336004699999999730e+02,-8.978237500000000182e+02,-8.797121100000000524e+02,2.787044799999999906e-02,9.716641700000000128e+03,1.147422900000000023e+00
1.450000000000000000e+01,7.194970100000000457e+02,-8.975199499999999944e+02,-8.797565100000000484e+02,-1.310559400000000096e-01,9.716641700000000128e+03,1.147422900000000023e+00
1.455000000000000071e+01,6.900717799999999897e+02,-8.969313399999999774e+02,-8.798943699999999808e+02,-2.748184499999999919e-01,9.716641700000000128e+03,1.147422900000000023e+00
1.459999999999999964e+01,7.480500100000000430e+02,-8.982645899999999983e+02,-8.797962199999999484e+02,-2.724988000000000410e-02,9.716641700000000128e+03,1.147422900000000023e+00
1.465000000000000036e+01,7.521970199999999522e+02,-8.984301000000000386e+02,-8.798593399999999747e+02,-7.543264100000000860e-02,9.716641700000000128e+03,1.147422900000000023e+00
1.469999999999999929e+01,6.720024600000000419e+02,-8.970244699999999511e+02,-8.804336100000000442e+02,1.415842900000000293e-01,9.716641700000000128e+03,1.147422900000000023e+00
1.475000000000000000e+01,7.023342400000000225e+02,-8.984561999999999671e+02,-8.811164899999999989e+02,5.870000100000000165e-02,9.716641700000000128e+03,1.147422900000000023e+00
1.480000000000000071e+01,7.072480799999999590e+02,-8.994667600000000220e+02,-8.820057299999999714e+02,1.667847299999999922e-01,9.716641700000000128e+03,1.147422900000000023e+00
1.484999999999999964e+01,6.584367700000000241e+02,-8.991853399999999965e+02,-8.829293999999999869e+02,-8.892361200000001298e-02,9.716641700000000128e+03,1.147422900000000023e+00
1.490000000000000036e+01,6.844348400000000083e+02,-9.005417700000000423e+02,-8.836439699999999675e+02,-9.749153800000000258e-02,9.716641700000000128e+03,1.147422900000000023e+00
1.494999999999999929e+01,6.307219099999999798e+02,-8.996249699999999621e+02,-8.840532699999999977e+02,1.027824499999999974e-01,9.716641700000000128e+03,1.147422900000000023e+00
1.500000000000000000e+01,6.644921100000000251e+02,-9.001496499999999514e+02,-8.837442099999999527e+02,6.002705499999999583e-02,9.716641700000000128e+03,1.147422900000000023e+00
1.505000000000000071e+01,6.983142800000000534e+02,-8.996467599999999720e+02,-8.824062999999999874e+02,-1.202047000000000115e-01,9.716641700000000128e+03,1.147422900000000023e+00
1.509999999999999964e+01,6.854504399999999578e+02,-8.978634899999999561e+02,-8.809406199999999671e+02,-4.995671500000000570e-02,9.716641700000000128e+03,1.147422900000000023e+00
1.515000000000000036e+01,7.001386700000000474e+02,-8.976395199999999477e+02,-8.803540100000000166e+02,6.340970300000001170e-02,9.716641700000000128e+03,1.147422900000000023e+00
1.519999999999999929e+01,7.303657699999999977e+02,-8.982503799999999501e+02,-8.802186000000000377e+02,-2.139135100000000012e-01,9.716641700000000128e+03,1.147422900000000023e+00
1.525000000000000000e+01,7.182429700000000139e+02,-8.983034499999999980e+02,-8.805709799999999632e+02,5.095571499999999865e-02,9.716641700000000128e+03,1.147422900000000023e+00
1.530000000000000071e+01,6.914414399999999432e+02,-8.983037799999999606e+02,-8.812329899999999725e+02,2.299988099999999980e-02,9.716641700000000128e+03,1.147422900000000023e+00
1.534999999999999964e+01,6.823491699999999582e+02,-8.987700899999999820e+02,-8.819237799999999652e+02,4.840955700000000583e-02,9.716641700000000128e+03,1.147422900000000023e+00
1.540000000000000036e+01,6.218494600000000219e+02,-8.976842799999999443e+02,-8.823316399999999931e+02,-5.487763500000000100e-02,9.716641700000000128e+03,1.147422900000000023e+00
1.544999999999999929e+01,7.004067599999999629e+02,-8.994586000000000467e+02,-8.821664799999999786e+02,1.015415900000000010e-01,9.716641700000000128e+03,1.147422900000000023e+00
1.550000000000000000e+01,6.717119599999999764e+02,-8.984070500000000266e+02,-8.818233599999999797e+02,-1.948010700000000206e-01,9.716641700000000128e+03,1.147422900000000023e+00
1.555000000000000071e+01,7.588985800000000381e+02,-8.997159199999999828e+02,-8.809797099999999546e+02,1.483094199999999974e-01,9.716641700000000128e+03,1.147422900000000023e+00
1.559999999999999964e+01,7.257846299999999928e+02,-8.980317999999999756e+02,-8.801131299999999555e+02,-1.275630500000000112e-01,9.716641700000000128e+03,1.147422900000000023e+00
1.565000000000000036e+01,7.428792200000000321e+02,-8.977703000000000202e+02,-8.794295899999999619e+02,4.434884299999999890e-02,9.716641700000000128e+03,1.147422900000000023e+00
1.569999999999999929e+01,7.555282300000000077e+02,-8.979154300000000148e+02,-8.792624299999999948e+02,-5.480325800000000747e-02,9.716641700000000128e+03,1.147422900000000023e+00
1.575000000000000000e+01,7.963224099999999908e+02,-8.997134600000000546e+02,-8.800533100000000104e+02,-1.671715099999999954e-01,9.716641700000000128e+03,1.147422900000000023e+00
1.580000000000000071e+01,6.491695099999999456e+02,-8.978599500000000262e+02,-8.818328099999999949e+02,1.763737699999999853e-01,9.716641700000000128e+03,1.147422900000000023e+00
1.584999999999999964e+01,6.164129199999999855e+02,-8.977604300000000421e+02,-8.825420000000000300e+02,-2.473943499999999851e-01,9.716641700000000128e+03,1.147422900000000023e+00
1.590000000000000036e+01,6.996043499999999540e+02,-8.996737299999999777e+02,-8.824014200000000301e+02,1.665008099999999991e-01,9.716641700000000128e+03,1.147422900000000023e+00
1.594999999999999929e+01,6.562967800000000125e+02,-8.982177299999999605e+02,-8.820146200000000363e+02,-1.437107099999999915e-01,9.716641700000000128e+03,1.147422900000000023e+00
1.600000000000000000e+01,6.987489500000000362e+02,-8.984820600000000468e+02,-8.812308600000000069e+02,-1.081706100000000143e-01,9.716641700000000128e+03,1.147422900000000023e+00
1.605000000000000071e+01,6.659431100000000470e+02,-8.968312799999999925e+02,-8.803900200000000495e+02,-1.108546700000000163e-01,9.716641700000000128e+03,1.147422900000000023e+00
1.610000000000000142e+01,7.465847899999999981e+02,-8.980186099999999669e+02,-8.795864100000000008e+02,1.841502500000000153e-01,9.716641700000000128e+03,1.147422900000000023e+00
1.614999999999999858e+01,7.485173700000000281e+02,-8.979672199999999975e+02,-8.794873099999999795e+02,1.162930900000000156e-01,9.716641700000000128e+03,1.147422900000000023e+00
1.619999999999999929e+01,7.020352400000000443e+02,-8.971613099999999577e+02,-8.798289800000000014e+02,-2.118135900000000238e-01,9.716641700000000128e+03,1.147422900000000023e+00
1.625000000000000000e+01,7.268715899999999692e+02,-8.982235799999999699e+02,-8.802780800000000454e+02,-4.051681300000000568e-02,9.716641700000000128e+03,1.147422900000000023e+00
1.630000000000000071e+01,6.631010400000000118e+02,-8.969104800000000068e+02,-8.805393900000000258e+02,-3.222784800000000338e-02,9.716641700000000128e+03,1.147422900000000023e+00
1.635000000000000142e+01,6.876214700000000448e+02,-8.973958599999999706e+02,-8.804193800000000465e+02,1.273951800000000002e-02,9.716641700000000128e+03,1.147422900000000023e+00
1.639999999999999858e+01,6.730244000000000142e+02,-8.967991100000000415e+02,-8.801830200000000559e+02,-4.210334300000000141e-02,9.716641700000000128e+03,1.147422900000000023e+00
1.644999999999999929e+01,7.221479399999999487e+02,-8.978392900000000054e+02,-8.800104099999999789e+02,-3.534422900000000478e-02,9.716641700000000128e+03,1.147422900000000023e+00
1.650000000000000000e+01,7.356748800000000301e+02,-8.983404699999999821e+02,-8.801776300000000219e+02,5.978315799999999944e-03,9.716641700000000128e+03,1.147422900000000023e+00
1.655000000000000071e+01,6.984162300000000414e+02,-8.978597399999999880e+02,-8.806167599999999993e+02,-1.324246200000000206e-01,9.716641700000000128e+03,1.147422900000000023e+00
1.660000000000000142e+01,7.015217800000000352e+02,-8.982536900000000060e+02,-8.809340399999999818e+02,4.587109100000000272e-02,9.716641700000000128e+03,1.147422900000000023e+00
1.664999999999999858e+01,6.431703499999999849e+02,-8.971882100000000264e+02,-8.813091799999999694e+02,5.028479300000000297e-03,9.716641700000000128e+03,1.147422900000000023e+00
1.669999999999999929e+01,6.615978800000000319e+02,-8.981584800000000541e+02,-8.818244999999999436e+02,-3.715894599999999826e-02,9.716641700000000128e+03,1.147422900000000023e+00
1.675000000000000000e+01,6.437179099999999607e+02,-8.982918700000000172e+02,-8.823993199999999888e+02,-6.728737900000000827e-02,9.716641700000000128e+03,1.147422900000000023e+00
1.680000000000000071e+01,6.266616099999999960e+02,-8.980299800000000232e+02,-8.825585300000000188e+02,8.301092700000001212e-02,9.716641700000000128e+03,1.147422900000000023e+00
1.685000000000000142e+01,6.905834499999999707e+02,-8.990718900000000531e+02,-8.820222899999999981e+02,-3.783725999999999756e-02,9.716641700000000128e+03,1.147422900000000023e+00
1.689999999999999858e+01,7.032031100000000379e+02,-8.983949400000000196e+02,-8.810337799999999788e+02,-1.269100400000000017e-01,9.716641700000000128e+03,1.147422900000000023e+00
1.694999999999999929e+01,7.287682999999999538e+02,-8.980440099999999575e+02,-8.800516800000000330e+02,-2.878093700000000209e-04,9.716641700000000128e+03,1.147422900000000023e+00
1.700000000000000000e+01,7.356578100000000404e+02,-8.978019600000000082e+02,-8.796395400000000109e+02,-1.171786400000000006e-01,9.716641700000000128e+03,1.147422900000000023e+00
1.705000000000000071e+01,7.136856199999999717e+02,-8.974978499999999713e+02,-8.798778800000000047e+02,2.863879300000000128e-01,9.716641700000000128e+03,1.147422900000000023e+00
1.710000000000000142e+01,6.861705799999999726e+02,-8.975305299999999988e+02,-8.805898799999999937e+02,-6.557209400000001132e-02,9.716641700000000128e+03,1.147422900000000023e+00
1.714999999999999858e+01,6.922694099999999935e+02,-8.985342900000000554e+02,-8.814430599999999458e+02,2.342896600000000107e-01,9.716641700000000128e+03,1.147422900000000023e+00
1.719999999999999929e+01,7.076354199999999537e+02,-8.997767400000000180e+02,-8.823061500000000024e+02,-7.738002900000000295e-02,9.716641700000000128e+03,1.147422900000000023e+00
1.725000000000000000e+01,6.479678900000000112e+02,-8.991776300000000219e+02,-8.831801500000000260e+02,3.124547999999999909e-02,9.716641700000000128e+03,1.147422900000000023e+00
1.730000000000000071e+01,6.174975399999999581e+02,-8.990015600000000404e+02,-8.837563599999999724e+02,-8.637671400000000721e-02,9.716641700000000128e+03,1.147422900000000023e+00
1.735000000000000142e+01,6.471844899999999825e+02,-8.997475799999999708e+02,-8.837694400000000314e+02,-7.535279799999999861e-02,9.716641700000000128e+03,1.147422900000000023e+00
1.739999999999999858e+01,6.847798400000000356e+02,-8.993361200000000508e+02,-8.824298000000000002e+02,5.207199399999999645e-02,9.716641700000000128e+03,1.147422900000000023e+00
1.744999999999999929e+01,7.055869999999999891e+02,-8.980173999999999523e+02,-8.805973800000000438e+02,-1.822892800000000257e-01,9.716641700000000128e+03,1.147422900000000023e+00
1.750000000000000000e+01,8.012200599999999895e+02,-8.994341399999999567e+02,-8.796530699999999570e+02,3.240789900000000112e-01,9.716641700000000128e+03,1.147422900000000023e+00
1.755000000000000071e+01,7.188043599999999742e+02,-8.975821499999999560e+02,-8.798358100000000377e+02,8.465747800000000822e-02,9.716641700000000128e+03,1.147422900000000023e+00
1.760000000000000142e+01,6.579327500000000555e+02,-8.967498399999999492e+02,-8.805063499999999976e+02,1.080478599999999956e-01,9.716641700000000128e+03,1.147422900000000023e+00
1.764999999999999858e+01,7.000858299999999872e+02,-8.982846799999999803e+02,-8.810004800000000387e+02,-3.445310899999999912e-03,9.716641700000000128e+03,1.147422900000000023e+00
1.769999999999999929e+01,7.054008700000000545e+02,-8.989027300000000196e+02,-8.814873099999999795e+02,-4.837468800000000206e-04,9.716641700000000128e+03,1.147422900000000023e+00
1.775000000000000000e+01,6.597185500000000502e+02,-8.983286200000000008e+02,-8.820410299999999779e+02,6.952233800000000297e-02,9.716641700000000128e+03,1.147422900000000023e+00
1.780000000000000071e+01,6.643972999999999729e+02,-8.986717200000000503e+02,-8.822686200000000554e+02,5.246807199999999755e-02,9.716641700000000128e+03,1.147422900000000023e+00
1.785000000000000142e+01,6.702816299999999501e+02,-8.988782200000000557e+02,-8.823298499999999649e+02,6.058668800000000659e-02,9.716641700000000128e+03,1.147422900000000023e+00
1.789999999999999858e+01,7.024320199999999659e+02,-8.995868100000000140e+02,-8.822446800000000167e+02,2.074100500000000125e-01,9.716641700000000128e+03,1.147422900000000023e+00
1.794999999999999929e+01,6.901925099999999702e+02,-8.989913999999999987e+02,-8.819514500000000226e+02,2.688774300000000284e-01,9.716641700000000128e+03,1.147422900000000023e+00
1.800000000000000000e+01,7.421895100000000411e+02,-8.996537600000000339e+02,-8.813300699999999779e+02,1.352100499999999983e-01,9.716641700000000128e+03,1.147422900000000023e+00
1.805000000000000071e+01,7.264136200000000372e+02,-8.985721700000000283e+02,-8.806379699999999957e+02,-1.565759800000000035e-01,9.716641700000000128e+03,1.147422900000000023e+00
1.810000000000000142e+01,7.272096699999999601e+02,-8.983008700000000317e+02,-8.803470200000000432e+02,2.186388199999999837e-01,9.716641700000000128e+03,1.147422900000000023e+00
1.814999999999999858e+01,6.786582499999999527e+02,-8.972322000000000344e+02,-8.804770099999999502e+02,1.011087100000000044e-01,9.716641700000000128e+03,1.147422900000000023e+00
1.819999999999999929e+01,6.911528600000000324e+02,-8.978771000000000413e+02,-8.808134400000000142e+02,7.928102300000000602e-02,9.716641700000000128e+03,1.147422900000000023e+00
1.825000000000000000e+01,7.282982799999999770e+02,-8.995598199999999451e+02,-8.815790899999999510e+02,-2.290132200000000173e-01,9.716641700000000128e+03,1.147422900000000023e+00
1.830000000000000071e+01,6.722481400000000349e+02,-8.994398200000000543e+02,-8.828428999999999860e+02,1.344601799999999847e-01,9.716641700000000128e+03,1.147422900000000023e+00
1.835000000000000142e+01,6.514709199999999782e+02,-8.996086599999999862e+02,-8.835246899999999641e+02,-1.982508600000000010e-01,9.716641700000000128e+03,1.147422900000000023e+00
1.839999999999999858e+01,6.939356900000000223e+02,-9.007248299999999972e+02,-8.835924599999999600e+02,2.637005500000000335e-01,9.716641700000000128e+03,1.147422900000000023e+00
1.844999999999999929e+01,6.471420299999999770e+02,-8.994003999999999905e+02,-8.834233100000000150e+02,1.151843100000000120e-01,9.716641700000000128e+03,1.147422900000000023e+00
1.850000000000000000e+01,6.919426399999999830e+02,-9.000197100000000319e+02,-8.829365500000000111e+02,5.796238800000000357e-02,9.716641700000000128e+03,1.147422900000000023e+00
1.855000000000000071e+01,6.652061300000000301e+02,-8.981357000000000426e+02,-8.817126299999999901e+02,-9.952571500000000071e-02,9.716641700000000128e+03,1.147422900000000023e+00
1.860000000000000142e+01,7.698811500000000478e+02,-8.988478400000000192e+02,-8.798404799999999568e+02,-1.391052100000000069e-01,9.716641700000000128e+03,1.147422900000000023e+00
1.864999999999999858e+01,7.604245499999999538e+02,-8.980352500000000191e+02,-8.792613599999999678e+02,-8.491211500000000415e-05,9.716641700000000128e+03,1.147422900000000023e+00
1.869999999999999929e+01,7.560521199999999453e+02,-8.979559600000000046e+02,-8.792900300000000016e+02,-7.454284499999999647e-02,9.716641700000000128e+03,1.147422900000000023e+00
1.875000000000000000e+01,7.480251200000000154e+02,-8.983182199999999966e+02,-8.798504599999999982e+02,6.579145900000000526e-03,9.716641700000000128e+03,1.147422900000000023e+00
1.880000000000000071e+01,7.143691400000000158e+02,-8.983653199999999970e+02,-8.807284899999999652e+02,-1.576923199999999969e-01,9.716641700000000128e+03,1.147422900000000023e+00
1.885000000000000142e+01,6.553509299999999484e+02,-8.978936499999999796e+02,-8.817138999999999669e+02,-6.944677200000000383e-02,9.716641700000000128e+03,1.147422900000000023e+00
1.889999999999999858e+01,6.722257299999999987e+02,-8.988856200000000172e+02,-8.822892500000000382e+02,-1.285740700000000125e-01,9.716641700000000128e+03,1.147422900000000023e+00
1.894999999999999929e+01,6.906760299999999688e+02,-8.994414699999999812e+02,-8.823895800000000236e+02,-2.802150400000000263e-01,9.716641700000000128e+03,1.147422900000000023e+00
1.900000000000000000e+01,6.282470200000000204e+02,-8.975227899999999863e+02,-8.820121900000000323e+02,-4.075337799999999983e-02,9.716641700000000128e+03,1.147422900000000023e+00
1.905000000000000071e+01,7.520151100000000497e+02,-8.993313299999999799e+02,-8.807650599999999486e+02,-1.041043400000000035e-01,9.716641700000000128e+03,1.147422900000000023e+00
1.910000000000000142e+01,7.310950400000000400e+02,-8.978129099999999880e+02,-8.797631300000000465e+02,1.026606000000000046e-01,9.716641700000000128e+03,1.147422900000000023e+00
1.914999999999999858e+01,7.566142599999999447e+02,-8.983660899999999856e+02,-8.796862800000000107e+02,1.155637199999999948e-01,9.716641700000000128e+03,1.147422900000000023e+00
1.919999999999999929e+01,6.934717100000000300e+02,-8.970883800000000292e+02,-8.799674700000000485e+02,-1.120517200000000074e-01,9.716641700000000128e+03,1.147422900000000023e+00
1.925000000000000000e+01,7.106404899999999998e+02,-8.976263199999999642e+02,-8.800815400000000182e+02,-1.049907300000000182e-01,9.716641700000000128e+03,1.147422900000000023e+00
1.930000000000000071e+01,6.951017200000000003e+02,-8.974057500000000118e+02,-8.802445999999999913e+02,1.966610200000000128e-02,9.716641700000000128e+03,1.147422900000000023e+00
1.935000000000000142e+01,6.832079899999999952e+02,-8.973349799999999732e+02,-8.804674700000000485e+02,-1.499421000000000130e-03,9.716641700000000128e+03,1.147422900000000023e+00
1.939999999999999858e+01,7.030262999999999920e+02,-8.981463099999999713e+02,-8.807895099999999502e+02,2.013896300000000139e-01,9.716641700000000128e+03,1.147422900000000023e+00
1.944999999999999929e+01,6.903892799999999852e+02,-8.986635400000000118e+02,-8.816187400000000025e+02,5.791813200000000411e-02,9.716641700000000128e+03,1.147422900000000023e+00
1.950000000000000000e+01,6.740865099999999757e+02,-8.995211299999999710e+02,-8.828788100000000441e+02,-7.761882200000000398e-02,9.716641700000000128e+03,1.147422900000000023e+00
1.955000000000000071e+01,6.900004500000000007e+02,-9.009686500000000251e+02,-8.839334499999999935e+02,2.067787299999999939e-01,9.716641700000000128e+03,1.147422900000000023e+00
1.960000000000000142e+01,6.023164500000000317e+02,-8.992523400000000038e+02,-8.843819300000000112e+02,-5.777286100000000174e-02,9.716641700000000128e+03,1.147422900000000023e+00
1.964999999999999858e+01,6.131763499999999567e+02,-8.990761999999999716e+02,-8.839376800000000003e+02,1.987242800000000031e-01,9.716641700000000128e+03,1.147422900000000023e+00
1.969999999999999929e+01,6.743029999999999973e+02,-8.995709900000000516e+02,-8.829233400000000529e+02,-3.058072600000000252e-01,9.716641700000000128e+03,1.147422900000000023e+00
1.975000000000000000e+01,6.996693999999999960e+02,-8.995315200000000004e+02,-8.822576000000000249e+02,9.884462700000000435e-02,9.716641700000000128e+03,1.147422900000000023e+00
1.980000000000000071e+01,6.633810399999999845e+02,-8.982507200000000012e+02,-8.818727099999999837e+02,-2.012387600000000165e-01,9.716641700000000128e+03,1.147422900000000023e+00
1.985000000000000142e+01,6.710969499999999925e+02,-8.978412100000000464e+02,-8.812727099999999609e+02,9.435663200000000972e-02,9.716641700000000128e+03,1.147422900000000023e+00
1.989999999999999858e+01,6.361265200000000277e+02,-8.962148899999999685e+02,-8.805097600000000284e+02,1.560758100000000058e-02,9.716641700000000128e+03,1.147422900000000023e+00
1.994999999999999929e+01,6.815993399999999838e+02,-8.963591000000000122e+02,-8.795312999999999874e+02,2.365627500000000161e-01,9.716641700000000128e+03,1.147422900000000023e+00
2.000000000000000000e+01,6.917100199999999859e+02,-8.959224400000000514e+02,-8.788450299999999515e+02,-1.278380500000000086e-01,9.716641700000000128e+03,1.147422900000000023e+00
2.005000000000000071e+01,6.981085600000000113e+02,-8.957491099999999733e+02,-8.785137200000000348e+02,-4.568172499999999941e-02,9.716641700000000128e+03,1.147422900000000023e+00
2.010000000000000142e+01,7.676994399999999814e+02,-8.974921000000000504e+02,-8.785386099999999487e+02,1.433118700000000079e-01,9.716641700000000128e+03,1.147422900000000023e+00
2.014999999999999858e+01,7.695701999999999998e+02,-8.982144399999999678e+02,-8.792147599999999557e+02,-3.069073700000000265e-02,9.716641700000000128e+03,1.147422900000000023e+00
2.019999999999999929e+01,7.198730799999999590e+02,-8.980705600000000004e+02,-8.802978399999999510e+02,8.738471300000000275e-02,9.716641700000000128e+03,1.147422900000000023e+00
2.025000000000000000e+01,6.498332100000000082e+02,-8.968874700000000075e+02,-8.808439399999999750e+02,-3.887461400000000178e-02,9.716641700000000128e+03,1.147422900000000023e+00
2.030000000000000071e+01,7.118172100000000455e+02,-8.983638999999999442e+02,-8.807900600000000395e+02,8.807197300000001172e-02,9.716641700000000128e+03,1.147422900000000023e+00
2.035000000000000142e+01,7.478718199999999570e+02,-8.994097100000000182e+02,-8.809457400000000007e+02,1.851347400000000198e-01,9.716641700000000128e+03,1.147422900000000023e+00
2.039999999999999858e+01,7.153599799999999505e+02,-8.990132899999999836e+02,-8.813519900000000007e+02,-2.927175200000000088e-01,9.716641700000000128e+03,1.147422900000000023e+00
2.044999999999999929e+01,7.167487899999999854e+02,-8.993456200000000536e+02,-8.816500399999999900e+02,3.287590100000000182e-01,9.716641700000000128e+03,1.147422900000000023e+00
2.050000000000000000e+01,6.995836399999999458e+02,-8.992079899999999952e+02,-8.819361900000000105e+02,-4.246973899999999941e-02,9.716641700000000128e+03,1.147422900000000023e+00
2.055000000000000071e+01,6.502423900000000003e+02,-8.983320800000000190e+02,-8.822784500000000207e+02,-6.714082700000000015e-02,9.716641700000000128e+03,1.147422900000000023e+00
2.060000000000000142e+01,6.326848300000000336e+02,-8.979835699999999861e+02,-8.823634100000000444e+02,3.966699700000000245e-02,9.716641700000000128e+03,1.147422900000000023e+00
2.064999999999999858e+01,6.531904399999999669e+02,-8.979768800000000510e+02,-8.818504699999999730e+02,4.392249800000000426e-02,9.716641700000000128e+03,1.147422900000000023e+00
2.069999999999999929e+01,7.496598000000000184e+02,-8.991183600000000524e+02,-8.806102399999999761e+02,5.408944200000000146e-02,9.716641700000000128e+03,1.147422900000000023e+00
2.075000000000000000e+01,7.636991100000000188e+02,-8.984400900000000547e+02,-8.795853600000000370e+02,1.697405300000000006e-01,9.716641700000000128e+03,1.147422900000000023e+00
2.080000000000000071e+01,7.159566399999999931e+02,-8.968879500000000462e+02,-8.792119199999999637e+02,-1.173972600000000067e-02,9.716641700000000128e+03,1.147422900000000023e+00
2.085000000000000142e+01,7.293733700000000226e+02,-8.970565500000000156e+02,-8.790492799999999534e+02,-1.299128900000000031e-01,9.716641700000000128e+03,1.147422900000000023e+00
2.089999999999999858e+01,7.441165099999999484e+02,-8.977794099999999844e+02,-8.794081499999999778e+02,4.602943400000000240e-01,9.716641700000000128e+03,1.147422900000000023e+00
2.094999999999999929e+01,6.883985800000000381e+02,-8.976677300000000059e+02,-8.806720699999999624e+02,-4.142895099999999720e-01,9.716641700000000128e+03,1.147422900000000023e+00
2.100000000000000000e+01,6.457790400000000091e+02,-8.978153399999999920e+02,-8.818718999999999824e+02,2.272429299999999819e-01,9.716641700000000128e+03,1.147422900000000023e+00
2.105000000000000071e+01,6.803417299999999841e+02,-8.990673799999999574e+02,-8.822706399999999576e+02,-1.916003300000000131e-01,9.716641700000000128e+03,1.147422900000000023e+00
2.110000000000000142e+01,6.266092599999999493e+02,-8.976117699999999786e+02,-8.821416100000000142e+02,8.597844100000000267e-02,9.716641700000000128e+03,1.147422900000000023e+00
2.114999999999999858e+01,6.559168799999999919e+02,-8.977652799999999615e+02,-8.815715599999999768e+02,-4.875978200000000151e-02,9.716641700000000128e+03,1.147422900000000023e+00
2.119999999999999929e+01,6.436183600000000524e+02,-8.968395699999999806e+02,-8.809494799999999941e+02,2.609998900000000122e-01,9.716641700000000128e+03,1.147422900000000023e+00
2.125000000000000000e+01,7.482921000000000049e+02,-8.987174400000000105e+02,-8.802430900000000520e+02,-2.576055000000000358e-02,9.716641700000000128e+03,1.147422900000000023e+00
2.130000000000000071e+01,7.049202400000000353e+02,-8.974109999999999445e+02,-8.800074399999999741e+02,1.313049700000000208e-01,9.716641700000000128e+03,1.147422900000000023e+00
2.135000000000000142e+01,6.977644000000000233e+02,-8.972696499999999560e+02,-8.800427700000000186e+02,-1.238809700000000069e-01,9.716641700000000128e+03,1.147422900000000023e+00
2.139999999999999858e+01,7.403361599999999498e+02,-8.983362499999999500e+02,-8.800583199999999806e+02,6.100277100000000771e-03,9.716641700000000128e+03,1.147422900000000023e+00
2.144999999999999929e+01,6.742093399999999974e+02,-8.967955100000000357e+02,-8.801501600000000280e+02,-2.503164199999999978e-02,9.716641700000000128e+03,1.147422900000000023e+00
2.150000000000000000e+01,7.050506199999999808e+02,-8.974654699999999821e+02,-8.800586899999999559e+02,1.666185000000000027e-01,9.716641700000000128e+03,1.147422900000000023e+00
2.155000000000000071e+01,6.652398600000000215e+02,-8.966822499999999536e+02,-8.802583499999999503e+02,-4.551608100000000684e-02,9.716641700000000128e+03,1.147422900000000023e+00
2.160000000000000142e+01,7.204745299999999588e+02,-8.983231600000000299e+02,-8.805355899999999565e+02,-9.789194199999999568e-02,9.716641700000000128e+03,1.147422900000000023e+00
2.164999999999999858e+01,6.654612700000000132e+02,-8.973970299999999725e+02,-8.809676699999999983e+02,3.775184200000000073e-02,9.716641700000000128e+03,1.147422900000000023e+00
2.169999999999999929e+01,6.255276900000000069e+02,-8.967354100000000017e+02,-8.812919500000000426e+02,-5.005034000000000566e-02,9.716641700000000128e+03,1.147422900000000023e+00
2.175000000000000000e+01,6.835209800000000087e+02,-8.979376800000000003e+02,-8.810624400000000378e+02,3.121540000000000079e-02,9.716641700000000128e+03,1.147422900000000023e+00
2.180000000000000071e+01,7.268413100000000213e+02,-8.986466299999999592e+02,-8.807018699999999853e+02,-1.852316499999999977e-01,9.716641700000000128e+03,1.147422900000000023e+00
2.185000000000000142e+01,6.591586200000000417e+02,-8.967508500000000140e+02,-8.804770899999999756e+02,-2.669220999999999955e-01,9.716641700000000128e+03,1.147422900000000023e+00
2.189999999999999858e+01,7.040779499999999871e+02,-8.973331799999999703e+02,-8.799504200000000083e+02,2.241677099999999923e-01,9.716641700000000128e+03,1.147422900000000023e+00
2.194999999999999929e+01,7.369676799999999730e+02,-8.976020600000000513e+02,-8.794072899999999890e+02,-1.551126300000000013e-01,9.716641700000000128e+03,1.147422900000000023e+00
2.200000000000000000e+01,7.320845399999999472e+02,-8.968702399999999670e+02,-8.787960399999999481e+02,-2.247185900000000028e-02,9.716641700000000128e+03,1.147422900000000023e+00
2.205000000000000071e+01,7.801296499999999696e+02,-8.973980599999999868e+02,-8.781376800000000458e+02,1.349821600000000177e-01,9.716641700000000128e+03,1.147422900000000023e+00
2.210000000000000142e+01,7.399303700000000390e+02,-8.961721300000000383e+02,-8.779042200000000093e+02,-9.504093500000000694e-02,9.716641700000000128e+03,1.147422900000000023e+00
2.214999999999999858e+01,7.030318999999999505e+02,-8.953722599999999829e+02,-8.780153199999999742e+02,-2.584931200000000207e-01,9.716641700000000128e+03,1.147422900000000023e+00
2.219999999999999929e+01,6.903162600000000566e+02,-8.954300200000000132e+02,-8.783870100000000321e+02,-1.100027300000000069e-01,9.716641700000000128e+03,1.147422900000000023e+00
2.225000000000000000e+01,7.350447299999999586e+02,-8.973491099999999960e+02,-8.792018199999999979e+02,-1.718420100000000172e-01,9.716641700000000128e+03,1.147422900000000023e+00
2.230000000000000071e+01,6.922166099999999460e+02,-8.975307999999999993e+02,-8.804408799999999928e+02,-7.818783399999999773e-02,9.716641700000000128e+03,1.147422900000000023e+00
2.235000000000000142e+01,6.508745300000000498e+02,-8.975088399999999638e+02,-8.814396000000000413e+02,3.558720600000000456e-01,9.716641700000000128e+03,1.147422900000000023e+00
2.239999999999999858e+01,6.170963699999999790e+02,-8.970535800000000108e+02,-8.818182799999999588e+02,-7.148782900000000273e-02,9.716641700000000128e+03,1.147422900000000023e+00
2.244999999999999929e+01,6.241623100000000477e+02,-8.969304100000000517e+02,-8.815206600000000208e+02,3.989859100000000408e-02,9.716641700000000128e+03,1.147422900000000023e+00
2.250000000000000000e+01,6.941624699999999848e+02,-8.977413800000000492e+02,-8.806034100000000535e+02,4.918506200000000161e-02,9.716641700000000128e+03,1.147422900000000023e+00
2.255000000000000071e+01,6.817279200000000401e+02,-8.964780299999999897e+02,-8.796470600000000104e+02,8.571836700000000364e-02,9.716641700000000128e+03,1.147422900000000023e+00
2.260000000000000142e+01,7.495738999999999805e+02,-8.974789799999999786e+02,-8.789729800000000068e+02,-8.851018900000000300e-02,9.716641700000000128e+03,1.147422900000000023e+00
2.264999999999999858e+01,7.033720399999999700e+02,-8.961578700000000026e+02,-8.787925400000000309e+02,1.190970199999999979e-01,9.716641700000000128e+03,1.147422900000000023e+00
2.269999999999999929e+01,7.349321999999999662e+02,-8.969389899999999898e+02,-8.787944700000000466e+02,7.946329100000000534e-02,9.716641700000000128e+03,1.147422900000000023e+00
2.275000000000000000e+01,7.227099500000000489e+02,-8.970817899999999554e+02,-8.792390299999999570e+02,5.018629800000000418e-03,9.716641700000000128e+03,1.147422900000000023e+00
2.280000000000000071e+01,7.074302800000000389e+02,-8.974428799999999455e+02,-8.799773500000000013e+02,1.419500600000000168e-01,9.716641700000000128e+03,1.147422900000000023e+00
2.285000000000000142e+01,6.518435799999999745e+02,-8.965870499999999765e+02,-8.804938899999999649e+02,9.958246000000000459e-03,9.716641700000000128e+03,1.147422900000000023e+00
2.289999999999999858e+01,6.686686399999999821e+02,-8.969937599999999520e+02,-8.804852100000000519e+02,1.058217799999999903e-01,9.716641700000000128e+03,1.147422900000000023e+00
2.294999999999999929e+01,6.673456400000000031e+02,-8.966936899999999468e+02,-8.802178000000000111e+02,-1.223173099999999985e-01,9.716641700000000128e+03,1.147422900000000023e+00
2.300000000000000000e+01,7.034791300000000547e+02,-8.966645700000000261e+02,-8.792966000000000122e+02,-1.094949499999999937e-01,9.716641700000000128e+03,1.147422900000000023e+00
2.305000000000000071e+01,7.590163400000000138e+02,-8.963996100000000524e+02,-8.776604899999999816e+02,-7.025986500000000468e-02,9.716641700000000128e+03,1.147422900000000023e+00
2.310000000000000142e+01,8.115785799999999881e+02,-8.971443299999999681e+02,-8.771075200000000223e+02,-9.173571899999999335e-02,9.716641700000000128e+03,1.147422900000000023e+00
2.314999999999999858e+01,7.617883100000000240e+02,-8.966747599999999920e+02,-8.778672000000000253e+02,2.848561800000000074e-02,9.716641700000000128e+03,1.147422900000000023e+00
2.319999999999999929e+01,7.241982299999999668e+02,-8.970223099999999476e+02,-8.791428100000000541e+02,-6.410353400000000368e-02,9.716641700000000128e+03,1.147422900000000023e+00
2.325000000000000000e+01,7.080723699999999781e+02,-8.976817800000000034e+02,-8.802003999999999451e+02,3.368696399999999980e-02,9.716641700000000128e+03,1.147422900000000023e+00
2.330000000000000071e+01,7.090793800000000147e+02,-8.982937100000000328e+02,-8.807874699999999848e+02,-7.326508700000000651e-02,9.716641700000000128e+03,1.147422900000000023e+00
2.335000000000000142e+01,6.767470200000000204e+02,-8.978818199999999479e+02,-8.811738199999999779e+02,-7.406063499999999966e-02,9.716641700000000128e+03,1.147422900000000023e+00
2.339999999999999858e+01,6.526172699999999622e+02,-8.972897699999999759e+02,-8.811775099999999838e+02,9.124072700000000757e-02,9.716641700000000128e+03,1.147422900000000023e+00
2.344999999999999929e+01,6.922655499999999620e+02,-8.978715799999999945e+02,-8.807804599999999482e+02,-5.766727900000000184e-02,9.716641700000000128e+03,1.147422900000000023e+00
2.350000000000000000e+01,7.535852999999999611e+02,-8.988451900000000023e+02,-8.802401499999999714e+02,8.214749600000000040e-02,9.716641700000000128e+03,1.147422900000000023e+00
2.355000000000000071e+01,6.871951599999999871e+02,-8.968073900000000549e+02,-8.798414500000000089e+02,-1.935571999999999848e-01,9.716641700000000128e+03,1.147422900000000023e+00
2.360000000000000142e+01,7.451919699999999693e+02,-8.975714600000000019e+02,-8.791736499999999523e+02,1.565228000000000175e-01,9.716641700000000128e+03,1.147422900000000023e+00
2.364999999999999858e+01,7.276824000000000296e+02,-8.960307400000000371e+02,-8.780652199999999539e+02,8.385797200000000284e-02,9.716641700000000128e+03,1.147422900000000023e+00
2.369999999999999929e+01,7.478626600000000053e+02,-8.955411100000000033e+02,-8.770773599999999988e+02,-2.540870799999999860e-02,9.716641700000000128e+03,1.147422900000000023e+00
2.375000000000000000e+01,7.897120300000000270e+02,-8.959968099999999822e+02,-8.764998600000000124e+02,-1.038217300000000010e-01,9.716641700000000128e+03,1.147422900000000023e+00
2.380000000000000071e+01,7.782094499999999471e+02,-8.960657700000000432e+02,-8.768528000000000020e+02,-7.403940999999999995e-02,9.716641700000000128e+03,1.147422900000000023e+00
2.385000000000000142e+01,7.293846200000000408e+02,-8.961686499999999569e+02,-8.781611000000000331e+02,-3.596803100000000447e-02,9.716641700000000128e+03,1.147422900000000023e+00
2.389999999999999858e+01,6.557506899999999632e+02,-8.957280600000000277e+02,-8.795384400000000369e+02,3.336757700000000243e-02,9.716641700000000128e+03,1.147422900000000023e+00
2.394999999999999929e+01,6.468413799999999583e+02,-8.959242699999999786e+02,-8.799546100000000024e+02,1.122436500000000142e-01,9.716641700000000128e+03,1.147422900000000023e+00
2.400000000000000000e+01,7.079829600000000482e+02,-8.973532599999999775e+02,-8.798740900000000238e+02,-5.691707199999999911e-02,9.716641700000000128e+03,1.147422900000000023e+00
2.405000000000000071e+01,6.901893900000000031e+02,-8.970034299999999803e+02,-8.799635600000000295e+02,-4.343998700000000629e-02,9.716641700000000128e+03,1.147422900000000023e+00
2.410000000000000142e+01,6.870009000000000015e+02,-8.970129799999999705e+02,-8.800518299999999954e+02,-1.546689100000000171e-02,9.716641700000000128e+03,1.147422900000000023e+00
2.414999999999999858e+01,6.758576500000000351e+02,-8.965891500000000178e+02,-8.799031099999999697e+02,8.737088300000001029e-02,9.716641700000000128e+03,1.147422900000000023e+00
2.419999999999999929e+01,6.950727000000000544e+02,-8.963436500000000251e+02,-8.791832100000000310e+02,-1.958797000000000177e-01,9.716641700000000128e+03,1.147422900000000023e+00
2.425000000000000000e+01,7.783129699999999502e+02,-8.970964199999999664e+02,-8.778808900000000222e+02,1.545690299999999961e-01,9.716641700000000128e+03,1.147422900000000023e+00
2.430000000000000071e+01,7.913679200000000264e+02,-8.967083699999999453e+02,-8.771705399999999599e+02,-3.848813999999999846e-01,9.716641700000000128e+03,1.147422900000000023e+00
2.435000000000000142e+01,7.253292400000000271e+02,-8.951471000000000231e+02,-8.772396700000000465e+02,2.036011600000000032e-01,9.716641700000000128e+03,1.147422900000000023e+00
2.439999999999999858e+01,7.348534200000000283e+02,-8.963306900000000041e+02,-8.781881200000000263e+02,-4.130681499999999673e-01,9.716641700000000128e+03,1.147422900000000023e+00
2.444999999999999929e+01,6.816753499999999804e+02,-8.968025699999999460e+02,-8.799728999999999814e+02,2.080046800000000251e-01,9.716641700000000128e+03,1.147422900000000023e+00
2.450000000000000000e+01,6.464872400000000425e+02,-8.967376799999999548e+02,-8.807767599999999675e+02,-2.070149600000000256e-01,9.716641700000000128e+03,1.147422900000000023e+00
2.455000000000000071e+01,6.897520600000000286e+02,-8.977211999999999534e+02,-8.806921300000000201e+02,5.842681700000000589e-02,9.716641700000000128e+03,1.147422900000000023e+00
2.460000000000000142e+01,6.939552800000000161e+02,-8.975121100000000069e+02,-8.803792600000000448e+02,-1.579677899999999968e-01,9.716641700000000128e+03,1.147422900000000023e+00
2.464999999999999858e+01,7.191877600000000257e+02,-8.977395599999999831e+02,-8.799837499999999864e+02,1.572446700000000239e-02,9.716641700000000128e+03,1.147422900000000023e+00
2.469999999999999929e+01,7.034860700000000406e+02,-8.972075399999999945e+02,-8.798393999999999551e+02,5.596179800000000010e-02,9.716641700000000128e+03,1.147422900000000023e+00
2.475000000000000000e+01,7.511578700000000026e+02,-8.983786900000000060e+02,-8.798335899999999583e+02,-3.062510900000000591e-01,9.716641700000000128e+03,1.147422900000000023e+00
2.480000000000000071e+01,6.756752300000000560e+02,-8.968364800000000514e+02,-8.801549400000000105e+02,2.277580700000000069e-01,9.716641700000000128e+03,1.147422900000000023e+00
2.485000000000000142e+01,6.859376300000000128e+02,-8.977557500000000346e+02,-8.808208499999999503e+02,-4.298671800000000709e-02,9.716641700000000128e+03,1.147422900000000023e+00
2.489999999999999858e+01,6.944270400000000336e+02,-8.990044799999999441e+02,-8.818599900000000389e+02,5.405729800000000362e-02,9.716641700000000128e+03,1.147422900000000023e+00
2.494999999999999929e+01,6.252686200000000554e+02,-8.982125300000000152e+02,-8.827754599999999527e+02,7.303429800000001137e-02,9.716641700000000128e+03,1.147422900000000023e+00
2.500000000000000000e+01,6.212608699999999544e+02,-8.981938599999999724e+02,-8.828557499999999436e+02,-1.229737600000000014e-01,9.716641700000000128e+03,1.147422900000000023e+00
2.505000000000000071e+01,6.720059700000000475e+02,-8.986811199999999644e+02,-8.820901800000000321e+02,1.993835000000000190e-01,9.716641700000000128e+03,1.147422900000000023e+00
2.510000000000000142e+01,7.081433799999999792e+02,-8.983884399999999459e+02,-8.809053099999999858e+02,1.052431499999999936e-01,9.716641700000000128e+03,1.147422900000000023e+00
2.514999999999999858e+01,7.630371300000000474e+02,-8.991311299999999846e+02,-8.802927399999999807e+02,2.020034100000000013e-02,9.716641700000000128e+03,1.147422900000000023e+00
2.519999999999999929e+01,7.289366800000000239e+02,-8.985199300000000449e+02,-8.805234400000000505e+02,2.988441000000000361e-02,9.716641700000000128e+03,1.147422900000000023e+00
2.525000000000000000e+01,6.665767899999999599e+02,-8.973480799999999817e+02,-8.808911699999999882e+02,2.191002300000000347e-01,9.716641700000000128e+03,1.147422900000000023e+00
2.530000000000000071e+01,6.880671899999999823e+02,-8.980818699999999808e+02,-8.810943899999999758e+02,-1.567322800000000016e-01,9.716641700000000128e+03,1.147422900000000023e+00
2.535000000000000142e+01,7.578080700000000434e+02,-9.000071599999999989e+02,-8.812978799999999637e+02,1.580843200000000004e-01,9.716641700000000128e+03,1.147422900000000023e+00
2.539999999999999858e+01,6.850403099999999768e+02,-8.987505599999999504e+02,-8.818378099999999904e+02,6.754898399999999248e-02,9.716641700000000128e+03,1.147422900000000023e+00
2.544999999999999929e+01,6.510977900000000318e+02,-8.983656999999999471e+02,-8.822909499999999525e+02,2.602460200000000223e-01,9.716641700000000128e+03,1.147422900000000023e+00
2.550000000000000000e+01,6.788495500000000220e+02,-8.991947099999999864e+02,-8.824347999999999956e+02,-1.021087000000000106e-01,9.716641700000000128e+03,1.147422900000000023e+00
2.555000000000000071e+01,6.850906599999999571e+02,-8.992170899999999847e+02,-8.823030999999999722e+02,2.045885500000000079e-01,9.716641700000000128e+03,1.147422900000000023e+00
2.560000000000000142e+01,6.734649500000000444e+02,-8.982812500000000000e+02,-8.816542899999999463e+02,-1.430382900000000124e-01,9.716641700000000128e+03,1.147422900000000023e+00
2.564999999999999858e+01,7.067960900000000493e+02,-8.978147999999999911e+02,-8.803649299999999585e+02,2.710841399999999735e-01,9.716641700000000128e+03,1.147422900000000023e+00
2.569999999999999929e+01,6.933673099999999749e+02,-8.964219000000000506e+02,-8.793035800000000108e+02,-5.365466599999999670e-02,9.716641700000000128e+03,1.147422900000000023e+00
2.575000000000000000e+01,7.955281300000000329e+02,-8.983739399999999478e+02,-8.787333899999999858e+02,1.334588999999999914e-01,9.716641700000000128e+03,1.147422900000000023e+00
2.580000000000000071e+01,7.298521200000000135e+02,-8.972220800000000054e+02,-8.792029899999999998e+02,3.189868299999999990e-01,9.716641700000000128e+03,1.147422900000000023e+00
2.585000000000000142e+01,6.531375000000000455e+02,-8.961871800000000121e+02,-8.800620699999999488e+02,6.500696900000001166e-02,9.716641700000000128e+03,1.147422900000000023e+00
2.589999999999999858e+01,6.536752699999999550e+02,-8.968231200000000172e+02,-8.806847299999999450e+02,-9.986265500000000850e-03,9.716641700000000128e+03,1.147422900000000023e+00
2.594999999999999929e+01,6.827570200000000114e+02,-8.979605400000000373e+02,-8.811041599999999789e+02,-8.903577599999999703e-02,9.716641700000000128e+03,1.147422900000000023e+00
2.600000000000000000e+01,6.819992999999999483e+02,-8.983736300000000483e+02,-8.815359600000000455e+02,2.256773800000000108e-01,9.716641700000000128e+03,1.147422900000000023e+00
2.605000000000000071e+01,7.008364500000000135e+02,-8.994058400000000120e+02,-8.821031000000000404e+02,-2.168000399999999994e-01,9.716641700000000128e+03,1.147422900000000023e+00
2.610000000000000142e+01,6.778185399999999845e+02,-8.999121199999999590e+02,-8.831776700000000346e+02,5.315611600000000325e-02,9.716641700000000128e+03,1.147422900000000023e+00
2.614999999999999858e+01,6.549434199999999464e+02,-9.005001099999999497e+02,-8.843304100000000290e+02,-9.156950700000000831e-02,9.716641700000000128e+03,1.147422900000000023e+00
2.619999999999999929e+01,6.488911100000000260e+02,-9.008166700000000446e+02,-8.847963999999999487e+02,5.370583100000000248e-02,9.716641700000000128e+03,1.147422900000000023e+00
2.625000000000000000e+01,6.448936999999999671e+02,-9.004164799999999786e+02,-8.844949000000000296e+02,-1.708544200000000068e-01,9.716641700000000128e+03,1.147422900000000023e+00
2.630000000000000071e+01,6.354106900000000451e+02,-8.990701800000000503e+02,-8.833827199999999493e+02,1.960273899999999958e-01,9.716641700000000128e+03,1.147422900000000023e+00
2.635000000000000142e+01,6.711733900000000403e+02,-8.986561500000000251e+02,-8.820857600000000502e+02,4.777269200000000549e-02,9.716641700000000128e+03,1.147422900000000023e+00
2.639999999999999858e+01,7.082267500000000382e+02,-8.988803799999999455e+02,-8.813951899999999569e+02,8.257407700000000961e-02,9.716641700000000128e+03,1.147422900000000023e+00
2.644999999999999929e+01,7.244054899999999861e+02,-8.991009800000000496e+02,-8.812163600000000088e+02,3.681956400000000601e-02,9.716641700000000128e+03,1.147422900000000023e+00
2.650000000000000000e+01,6.940571700000000419e+02,-8.984535600000000386e+02,-8.813182000000000471e+02,2.378447000000000200e-01,9.716641700000000128e+03,1.147422900000000023e+00
2.655000000000000071e+01,7.058681000000000267e+02,-8.987951799999999594e+02,-8.813682300000000396e+02,1.152031400000000094e-01,9.716641700000000128e+03,1.147422900000000023e+00
2.660000000000000142e+01,6.253727900000000091e+02,-8.968523500000000013e+02,-8.814127099999999473e+02,-3.109179100000000057e-02,9.716641700000000128e+03,1.147422900000000023e+00
2.664999999999999858e+01,6.679820999999999458e+02,-8.975069499999999607e+02,-8.810153500000000122e+02,-9.842523000000000244e-02,9.716641700000000128e+03,1.147422900000000023e+00
2.669999999999999929e+01,7.249531299999999874e+02,-8.978635399999999436e+02,-8.799654000000000451e+02,1.863553100000000032e-02,9.716641700000000128e+03,1.147422900000000023e+00
2.675000000000000000e+01,7.014277899999999590e+02,-8.961045000000000300e+02,-8.787871699999999464e+02,-3.487551200000000295e-01,9.716641700000000128e+03,1.147422900000000023e+00
2.680000000000000071e+01,7.978242900000000191e+02,-8.977174899999999980e+02,-8.780202600000000075e+02,1.571755499999999972e-01,9.716641700000000128e+03,1.147422900000000023e+00
2.685000000000000142e+01,7.663473199999999679e+02,-8.973631199999999808e+02,-8.784430099999999584e+02,1.569811000000000123e-02,9.716641700000000128e+03,1.147422900000000023e+00
2.689999999999999858e+01,6.912477000000000089e+02,-8.962769399999999678e+02,-8.792109400000000505e+02,1.873261900000000035e-01,9.716641700000000128e+03,1.147422900000000023e+00
2.694999999999999929e+01,6.695779700000000503e+02,-8.962423099999999749e+02,-8.797113100000000259e+02,-9.561990600000000451e-02,9.716641700000000128e+03,1.147422900000000023e+00
2.700000000000000000e+01,7.289932300000000396e+02,-8.977844199999999546e+02,-8.797865299999999706e+02,-2.808157600000000254e-01,9.716641700000000128e+03,1.147422900000000023e+00
2.705000000000000071e+01,7.842036299999999756e+02,-8.992307200000000194e+02,-8.798697600000000421e+02,-2.899873399999999823e-01,9.716641700000000128e+03,1.147422900000000023e+00
2.710000000000000142e+01,6.761436099999999669e+02,-8.970412599999999657e+02,-8.803481600000000071e+02,-1.478217899999999946e-02,9.716641700000000128e+03,1.147422900000000023e+00
2.714999999999999858e+01,6.781562900000000127e+02,-8.972363699999999653e+02,-8.804935799999999517e+02,-1.643051200000000267e-01,9.716641700000000128e+03,1.147422900000000023e+00
2.719999999999999929e+01,7.094466700000000401e+02,-8.980388900000000376e+02,-8.805235900000000129e+02,1.498361100000000223e-01,9.716641700000000128e+03,1.147422900000000023e+00
2.725000000000000000e+01,6.963976499999999987e+02,-8.977622599999999693e+02,-8.805691100000000233e+02,-1.469829800000000131e-01,9.716641700000000128e+03,1.147422900000000023e+00
2.730000000000000071e+01,7.295113800000000310e+02,-8.984652800000000070e+02,-8.804546000000000276e+02,7.553328299999999274e-02,9.716641700000000128e+03,1.147422900000000023e+00
2.735000000000000142e+01,6.903786900000000060e+02,-8.973155400000000554e+02,-8.802709899999999834e+02,1.339137999999999995e-01,9.716641700000000128e+03,1.147422900000000023e+00
2.739999999999999858e+01,7.095950800000000527e+02,-8.973820500000000493e+02,-8.798630799999999681e+02,-1.020909200000000155e-01,9.716641700000000128e+03,1.147422900000000023e+00
2.744999999999999929e+01,7.115651299999999537e+02,-8.968865299999999934e+02,-8.793189200000000483e+02,1.638160200000000066e-01,9.716641700000000128e+03,1.147422900000000023e+00
2.750000000000000000e+01,7.419733700000000454e+02,-8.969360500000000229e+02,-8.786177000000000135e+02,2.028432200000000185e-01,9.716641700000000128e+03,1.147422900000000023e+00
2.755000000000000071e+01,7.200864500000000135e+02,-8.959791800000000421e+02,-8.782011899999999969e+02,1.579370300000000060e-01,9.716641700000000128e+03,1.147422900000000023e+00
2.760000000000000142e+01,7.423268500000000358e+02,-8.967116899999999760e+02,-8.783846099999999524e+02,-4.563220700000000102e-02,9.716641700000000128e+03,1.147422900000000023e+00
2.764999999999999858e+01,6.872907999999999902e+02,-8.960629599999999755e+02,-8.790946500000000015e+02,5.044772300000000681e-02,9.716641700000000128e+03,1.147422900000000023e+00
2.769999999999999929e+01,6.861943199999999479e+02,-8.969904800000000478e+02,-8.800492400000000544e+02,1.607440800000000114e-01,9.716641700000000128e+03,1.147422900000000023e+00
2.775000000000000000e+01,6.611409899999999880e+02,-8.972603800000000547e+02,-8.809376800000000003e+02,1.693748500000000212e-02,9.716641700000000128e+03,1.147422900000000023e+00
2.780000000000000071e+01,6.865422600000000557e+02,-8.983689000000000533e+02,-8.814190700000000334e+02,7.047564600000000290e-02,9.716641700000000128e+03,1.147422900000000023e+00
2.785000000000000142e+01,6.736274700000000166e+02,-8.985667300000000068e+02,-8.819357499999999845e+02,-1.924677899999999997e-01,9.716641700000000128e+03,1.147422900000000023e+00
2.789999999999999858e+01,6.781204099999999926e+02,-8.989509900000000471e+02,-8.822090899999999465e+02,1.723068799999999956e-01,9.716641700000000128e+03,1.147422900000000023e+00
2.794999999999999929e+01,6.792343700000000126e+02,-8.988284599999999500e+02,-8.820590600000000450e+02,9.311954399999999854e-02,9.716641700000000128e+03,1.147422900000000023e+00
2.800000000000000000e+01,7.239038000000000466e+02,-8.986626899999999978e+02,-8.807904499999999643e+02,9.535706900000000263e-02,9.716641700000000128e+03,1.147422900000000023e+00
2.805000000000000071e+01,7.387382300000000441e+02,-8.972203600000000279e+02,-8.789818800000000465e+02,-7.910946800000000570e-03,9.716641700000000128e+03,1.147422900000000023e+00
2.810000000000000142e+01,7.164545500000000402e+02,-8.959721700000000055e+02,-8.782838500000000295e+02,1.939265500000000031e-01,9.716641700000000128e+03,1.147422900000000023e+00
2.814999999999999858e+01,7.008451199999999517e+02,-8.954930799999999635e+02,-8.781901299999999537e+02,3.304091500000000056e-03,9.716641700000000128e+03,1.147422900000000023e+00
2.819999999999999929e+01,7.368591900000000123e+02,-8.964719700000000557e+02,-8.782798800000000483e+02,1.421265399999999957e-01,9.716641700000000128e+03,1.147422900000000023e+00
2.825000000000000000e+01,7.237787799999999834e+02,-8.966292499999999563e+02,-8.787600999999999658e+02,-1.609013300000000091e-01,9.716641700000000128e+03,1.147422900000000023e+00
2.830000000000000071e+01,6.816102499999999509e+02,-8.964688200000000506e+02,-8.796407500000000255e+02,-1.212332100000000114e-02,9.716641700000000128e+03,1.147422900000000023e+00
2.835000000000000142e+01,7.393902900000000500e+02,-8.987896500000000515e+02,-8.805350700000000188e+02,-2.181420900000000107e-01,9.716641700000000128e+03,1.147422900000000023e+00
2.839999999999999858e+01,6.264684600000000501e+02,-8.969842099999999618e+02,-8.815175199999999904e+02,1.730742099999999992e-02,9.716641700000000128e+03,1.147422900000000023e+00
2.844999999999999929e+01,6.798200000000000500e+02,-8.986346700000000283e+02,-8.818508000000000493e+02,-1.625066099999999958e-01,9.716641700000000128e+03,1.147422900000000023e+00
2.850000000000000000e+01,6.528057300000000396e+02,-8.978144399999999905e+02,-8.816975200000000541e+02,-9.579868300000000947e-02,9.716641700000000128e+03,1.147422900000000023e+00
2.855000000000000071e+01,6.002150900000000320e+02,-8.958096399999999448e+02,-8.809911100000000488e+02,-1.703972800000000121e-01,9.716641700000000128e+03,1.147422900000000023e+00
2.860000000000000142e+01,7.521298600000000079e+02,-8.985142200000000230e+02,-8.799451199999999744e+02,-1.122733800000000060e-01,9.716641700000000128e+03,1.147422900000000023e+00
2.864999999999999858e+01,6.857044100000000526e+02,-8.965750500000000329e+02,-8.796459099999999580e+02,-2.135926200000000108e-01,9.716641700000000128e+03,1.147422900000000023e+00
2.869999999999999929e+01,7.051572499999999764e+02,-8.967547499999999445e+02,-8.793453399999999647e+02,1.604066900000000184e-01,9.716641700000000128e+03,1.147422900000000023e+00
2.875000000000000000e+01,7.988172799999999825e+02,-8.987251099999999724e+02,-8.790033600000000433e+02,2.054225500000000093e-01,9.716641700000000128e+03,1.147422900000000023e+00
2.880000000000000071e+01,6.832386900000000196e+02,-8.961638599999999997e+02,-8.792955899999999474e+02,-1.557707200000000014e-01,9.716641700000000128e+03,1.147422900000000023e+00
2.885000000000000142e+01,7.624830799999999726e+02,-8.985891299999999546e+02,-8.797644199999999728e+02,-2.483380699999999941e-02,9.716641700000000128e+03,1.147422900000000023e+00
2.889999999999999858e+01,6.769130099999999857e+02,-8.975466900000000123e+02,-8.808346000000000231e+02,6.814071700000000342e-02,9.716641700000000128e+03,1.147422900000000023e+00
2.894999999999999929e+01,6.921668600000000424e+02,-8.988660599999999476e+02,-8.817773600000000442e+02,6.224955300000000608e-02,9.716641700000000128e+03,1.147422900000000023e+00
2.900000000000000000e+01,6.578186200000000099e+02,-8.986484199999999873e+02,-8.824077399999999898e+02,9.986138300000000842e-03,9.716641700000000128e+03,1.147422900000000023e+00
2.905000000000000071e+01,6.998645699999999579e+02,-8.999079799999999523e+02,-8.826292399999999816e+02,1.405440800000000157e-01,9.716641700000000128e+03,1.147422900000000023e+00
2.910000000000000142e+01,6.816882200000000012e+02,-8.995677299999999832e+02,-8.827377500000000055e+02,1.833001999999999965e-01,9.716641700000000128e+03,1.147422900000000023e+00
2.914999999999999858e+01,6.773929200000000037e+02,-8.994463500000000522e+02,-8.827224099999999680e+02,-2.004184300000000085e-01,9.716641700000000128e+03,1.147422900000000023e+00
2.919999999999999929e+01,6.860070600000000240e+02,-8.992167100000000346e+02,-8.822800999999999476e+02,4.696554400000000490e-03,9.716641700000000128e+03,1.147422900000000023e+00
2.925000000000000000e+01,6.853102300000000469e+02,-8.975060200000000350e+02,-8.805866099999999506e+02,-1.092538200000000015e-01,9.716641700000000128e+03,1.147422900000000023e+00
2.930000000000000071e+01,6.735695699999999988e+02,-8.956263999999999896e+02,-8.789968499999999949e+02,9.337314200000000619e-02,9.716641700000000128e+03,1.147422900000000023e+00
2.935000000000000142e+01,6.687646899999999732e+02,-8.948279899999999998e+02,-8.783170699999999442e+02,-2.978122100000000216e-01,9.716641700000000128e+03,1.147422900000000023e+00
2.939999999999999858e+01,7.200029600000000300e+02,-8.956141900000000078e+02,-8.778382699999999659e+02,-1.092640100000000086e-01,9.716641700000000128e+03,1.147422900000000023e+00
2.944999999999999929e+01,7.441677399999999807e+02,-8.963215300000000525e+02,-8.779489999999999554e+02,-4.963005200000000089e-02,9.716641700000000128e+03,1.147422900000000023e+00
2.950000000000000000e+01,7.632046500000000151e+02,-8.976442399999999679e+02,-8.788017200000000457e+02,-1.351156699999999933e-01,9.716641700000000128e+03,1.147422900000000023e+00
2.955000000000000071e+01,6.780250899999999774e+02,-8.968049300000000130e+02,-8.800653800000000047e+02,1.302382599999999946e-01,9.716641700000000128e+03,1.147422900000000023e+00
2.960000000000000142e+01,6.655584300000000439e+02,-8.973001199999999926e+02,-8.808683499999999640e+02,1.237314699999999962e-01,9.716641700000000128e+03,1.147422900000000023e+00
2.964999999999999858e+01,6.485398599999999760e+02,-8.970685899999999720e+02,-8.810569900000000416e+02,-2.664476800000000201e-01,9.716641700000000128e+03,1.147422900000000023e+00
2.969999999999999929e+01,6.563231799999999794e+02,-8.969843799999999874e+02,-8.807806299999999737e+02,-4.301138800000000456e-02,9.716641700000000128e+03,1.147422900000000023e+00
2.975000000000000000e+01,7.217957199999999602e+02,-8.981256300000000010e+02,-8.803054399999999760e+02,9.265702800000000239e-02,9.716641700000000128e+03,1.147422900000000023e+00
2.980000000000000071e+01,7.032212700000000041e+02,-8.975298500000000104e+02,-8.801682399999999689e+02,1.265722300000000078e-01,9.716641700000000128e+03,1.147422900000000023e+00
2.985000000000000142e+01,7.511618600000000470e+02,-8.987142499999999927e+02,-8.801690499999999702e+02,5.195938200000000534e-02,9.716641700000000128e+03,1.147422900000000023e+00
2.989999999999999858e+01,7.064644100000000435e+02,-8.979547199999999521e+02,-8.805130400000000463e+02,-1.936543300000000134e-01,9.716641700000000128e+03,1.147422900000000023e+00
2.994999999999999929e+01,6.781100500000000011e+02,-8.978250000000000455e+02,-8.810833499999999958e+02,-2.546070900000000411e-03,9.716641700000000128e+03,1.147422900000000023e+00
3.000000000000000000e+01,6.584363399999999729e+02,-8.976233499999999594e+02,-8.813674300000000130e+02,-2.782976900000000073e-02,9.716641700000000128e+03,1.147422900000000023e+00
3.005000000000000071e+01,6.375694700000000239e+02,-8.967113699999999881e+02,-8.809706200000000536e+02,1.038402899999999948e-02,9.716641700000000128e+03,1.147422900000000023e+00
3.010000000000000142e+01,6.653341000000000349e+02,-8.963329599999999573e+02,-8.799067300000000387e+02,1.202900100000000166e-01,9.716641700000000128e+03,1.147422900000000023e+00
3.014999999999999858e+01,7.013579600000000482e+02,-8.961119899999999916e+02,-8.787963799999999992e+02,-7.262149899999999214e-02,9.716641700000000128e+03,1.147422900000000023e+00
3.019999999999999929e+01,7.023380399999999781e+02,-8.953946499999999560e+02,-8.780548499999999876e+02,2.856803900000000063e-01,9.716641700000000128e+03,1.147422900000000023e+00
3.025000000000000000e+01,7.730554300000000012e+02,-8.969423100000000204e+02,-8.778565899999999829e+02,-9.008609100000000702e-02,9.716641700000000128e+03,1.147422900000000023e+00
3.030000000000000071e+01,7.397333800000000110e+02,-8.965896000000000186e+02,-8.783265499999999975e+02,-6.553503500000000537e-02,9.716641700000000128e+03,1.147422900000000023e+00
3.035000000000000142e+01,7.782523999999999660e+02,-8.985681600000000344e+02,-8.793541300000000547e+02,2.611916200000000132e-01,9.716641700000000128e+03,1.147422900000000023e+00
3.039999999999999858e+01,6.555489700000000539e+02,-8.967545099999999820e+02,-8.805698700000000372e+02,-1.739628099999999955e-01,9.716641700000000128e+03,1.147422900000000023e+00
3.044999999999999929e+01,6.611973799999999528e+02,-8.972714600000000473e+02,-8.809473699999999781e+02,1.057786299999999985e-01,9.716641700000000128e+03,1.147422900000000023e+00
3.050000000000000000e+01,7.063490100000000211e+02,-8.982706399999999576e+02,-8.808318100000000186e+02,-2.240268799999999838e-01,9.716641700000000128e+03,1.147422900000000023e+00
3.055000000000000071e+01,6.771995799999999690e+02,-8.973356499999999869e+02,-8.806164800000000241e+02,2.778402799999999950e-01,9.716641700000000128e+03,1.147422900000000023e+00
3.060000000000000142e+01,6.962194799999999759e+02,-8.975002200000000130e+02,-8.803114799999999605e+02,-1.784802799999999912e-01,9.716641700000000128e+03,1.147422900000000023e+00
3.064999999999999858e+01,7.072738200000000006e+02,-8.974725799999999936e+02,-8.800109200000000556e+02,-7.484209799999999579e-02,9.716641700000000128e+03,1.147422900000000023e+00
3.069999999999999929e+01,7.054218600000000379e+02,-8.969816100000000461e+02,-8.795656699999999546e+02,-8.141281000000000212e-02,9.716641700000000128e+03,1.147422900000000023e+00
3.075000000000000000e+01,6.926916599999999562e+02,-8.957022100000000364e+02,-8.786005599999999731e+02,8.469736299999999773e-02,9.716641700000000128e+03,1.147422900000000023e+00
3.080000000000000071e+01,7.352217100000000300e+02,-8.953822400000000243e+02,-8.772305900000000065e+02,-1.715843599999999913e-01,9.716641700000000128e+03,1.147422900000000023e+00
3.085000000000000142e+01,8.136154500000000098e+02,-8.963463400000000547e+02,-8.762592499999999518e+02,-1.044228300000000081e-01,9.716641700000000128e+03,1.147422900000000023e+00
3.089999999999999858e+01,7.618839699999999766e+02,-8.953114199999999983e+02,-8.765015100000000530e+02,-4.610006200000000415e-02,9.716641700000000128e+03,1.147422900000000023e+00
3.094999999999999929e+01,7.548154299999999921e+02,-8.960614600000000110e+02,-8.774260600000000068e+02,3.393634900000000454e-02,9.716641700000000128e+03,1.147422900000000023e+00
3.100000000000000000e+01,7.062000500000000329e+02,-8.960052299999999832e+02,-8.785700699999999870e+02,-1.758803500000000186e-01,9.716641700000000128e+03,1.147422900000000023e+00
3.105000000000000071e+01,7.700977599999999939e+02,-8.984147000000000389e+02,-8.794019899999999552e+02,2.669647199999999887e-01,9.716641700000000128e+03,1.147422900000000023e+00
3.110000000000000142e+01,6.940477600000000393e+02,-8.971663300000000163e+02,-8.800312000000000126e+02,-8.039795100000000916e-02,9.716641700000000128e+03,1.147422900000000023e+00
3.114999999999999858e+01,7.313205799999999499e+02,-8.984142200000000003e+02,-8.803588799999999992e+02,6.249833999999999945e-02,9.716641700000000128e+03,1.147422900000000023e+00
3.119999999999999929e+01,7.236304099999999835e+02,-8.986677899999999681e+02,-8.808022999999999456e+02,-1.099011400000000083e-01,9.716641700000000128e+03,1.147422900000000023e+00
3.125000000000000000e+01,6.937925000000000182e+02,-8.986362199999999802e+02,-8.815073999999999614e+02,1.353026900000000032e-01,9.716641700000000128e+03,1.147422900000000023e+00
3.130000000000000071e+01,6.596013400000000502e+02,-8.986873299999999745e+02,-8.824026300000000447e+02,2.339265800000000020e-02,9.716641700000000128e+03,1.147422900000000023e+00
3.135000000000000142e+01,6.557263299999999617e+02,-8.991781700000000228e+02,-8.829891499999999951e+02,9.843259299999999878e-02,9.716641700000000128e+03,1.147422900000000023e+00
3.139999999999999858e+01,6.756842699999999695e+02,-8.999031300000000329e+02,-8.832213799999999537e+02,-1.450980600000000287e-01,9.716641700000000128e+03,1.147422900000000023e+00
3.144999999999999929e+01,6.697007200000000466e+02,-8.996897599999999784e+02,-8.831557299999999486e+02,1.336153700000000111e-01,9.716641700000000128e+03,1.147422900000000023e+00
3.150000000000000000e+01,6.654209799999999859e+02,-8.989319199999999910e+02,-8.825035500000000184e+02,1.847382900000000272e-01,9.716641700000000128e+03,1.147422900000000023e+00
3.155000000000000071e+01,7.755579400000000305e+02,-8.999059899999999743e+02,-8.807584799999999632e+02,5.569315900000000596e-02,9.716641700000000128e+03,1.147422900000000023e+00
3.160000000000000142e+01,7.277298299999999927e+02,-8.977143700000000308e+02,-8.797476799999999457e+02,-1.572638000000000091e-01,9.716641700000000128e+03,1.147422900000000023e+00
3.164999999999999858e+01,7.251864299999999730e+02,-8.973413600000000088e+02,-8.794374599999999873e+02,-2.081147899999999940e-01,9.716641700000000128e+03,1.147422900000000023e+00
3.169999999999999929e+01,7.368583999999999605e+02,-8.976572499999999764e+02,-8.794651800000000321e+02,1.329228600000000038e-01,9.716641700000000128e+03,1.147422900000000023e+00
3.175000000000000000e+01,7.536441600000000562e+02,-8.986045299999999543e+02,-8.799980399999999463e+02,1.754234400000000138e-01,9.716641700000000128e+03,1.147422900000000023e+00
3.180000000000000071e+01,6.717011099999999715e+02,-8.973725799999999708e+02,-8.807891600000000381e+02,-2.405926800000000310e-01,9.716641700000000128e+03,1.147422900000000023e+00
3.185000000000000142e+01,6.282186299999999619e+02,-8.967598699999999781e+02,-8.812499699999999621e+02,3.351376999999999828e-02,9.716641700000000128e+03,1.147422900000000023e+00
3.189999999999999858e+01,6.420273600000000442e+02,-8.970602099999999837e+02,-8.812093999999999596e+02,-3.147460799999999836e-01,9.716641700000000128e+03,1.147422900000000023e+00
3.194999999999999929e+01,7.491577999999999520e+02,-8.989514000000000351e+02,-8.804556800000000294e+02,1.111927600000000016e-01,9.716641700000000128e+03,1.147422900000000023e+00
3.200000000000000000e+01,7.199392900000000282e+02,-8.967403500000000349e+02,-8.789659900000000334e+02,-1.272175500000000126e-01,9.716641700000000128e+03,1.147422900000000023e+00
3.204999999999999716e+01,7.861749700000000303e+02,-8.963894299999999475e+02,-8.769797999999999547e+02,1.018184600000000134e-01,9.716641700000000128e+03,1.147422900000000023e+00
3.210000000000000142e+01,7.610724000000000160e+02,-8.953924799999999777e+02,-8.766026000000000522e+02,-2.401409400000000249e-01,9.716641700000000128e+03,1.147422900000000023e+00
3.214999999999999858e+01,7.069594499999999471e+02,-8.943426500000000487e+02,-8.768887499999999591e+02,2.048709900000000028e-01,9.716641700000000128e+03,1.147422900000000023e+00
3.220000000000000284e+01,7.745535200000000486e+02,-8.964679899999999861e+02,-8.773452800000000025e+02,-3.305578800000000261e-02,9.716641700000000128e+03,1.147422900000000023e+00
3.225000000000000000e+01,7.245806300000000419e+02,-8.962546300000000201e+02,-8.783656799999999976e+02,-1.837180300000000044e-01,9.716641700000000128e+03,1.147422900000000023e+00
3.229999999999999716e+01,6.993681900000000269e+02,-8.966371000000000322e+02,-8.793706200000000308e+02,2.098221500000000198e-02,9.716641700000000128e+03,1.147422900000000023e+00
3.235000000000000142e+01,7.193644100000000208e+02,-8.977561699999999973e+02,-8.799960099999999557e+02,-5.067655500000000507e-02,9.716641700000000128e+03,1.147422900000000023e+00
3.239999999999999858e+01,7.262513599999999769e+02,-8.982792200000000093e+02,-8.803490199999999959e+02,-1.054353200000000129e-01,9.716641700000000128e+03,1.147422900000000023e+00
3.245000000000000284e+01,7.438216499999999769e+02,-8.991496100000000524e+02,-8.807856199999999944e+02,-5.951018400000000763e-02,9.716641700000000128e+03,1.147422900000000023e+00
3.250000000000000000e+01,7.260500799999999799e+02,-8.991328999999999496e+02,-8.812076799999999821e+02,8.293166500000000163e-02,9.716641700000000128e+03,1.147422900000000023e+00
3.254999999999999716e+01,6.723216200000000526e+02,-8.981144199999999955e+02,-8.815156799999999748e+02,1.785729500000000081e-01,9.716641700000000128e+03,1.147422900000000023e+00
3.260000000000000142e+01,6.686293399999999565e+02,-8.981243899999999485e+02,-8.816168099999999868e+02,-6.558622900000000977e-02,9.716641700000000128e+03,1.147422900000000023e+00
3.264999999999999858e+01,6.805210399999999709e+02,-8.983910100000000511e+02,-8.815898399999999810e+02,-9.261399700000000346e-02,9.716641700000000128e+03,1.147422900000000023e+00
3.270000000000000284e+01,7.080034299999999803e+02,-8.986976899999999659e+02,-8.812180100000000493e+02,2.003495799999999993e-01,9.716641700000000128e+03,1.147422900000000023e+00
3.275000000000000000e+01,7.646362699999999677e+02,-8.992490900000000238e+02,-8.803712299999999686e+02,-1.362115000000000131e-01,9.716641700000000128e+03,1.147422900000000023e+00
3.279999999999999716e+01,7.603060100000000148e+02,-8.986576599999999644e+02,-8.798867000000000189e+02,-8.568241199999999946e-02,9.716641700000000128e+03,1.147422900000000023e+00
3.285000000000000142e+01,7.306527399999999943e+02,-8.980893700000000308e+02,-8.800505100000000311e+02,4.233142000000000155e-02,9.716641700000000128e+03,1.147422900000000023e+00
3.289999999999999858e+01,7.374330200000000559e+02,-8.990141499999999724e+02,-8.808078900000000431e+02,1.075066300000000058e-01,9.716641700000000128e+03,1.147422900000000023e+00
3.295000000000000284e+01,7.033675799999999754e+02,-8.993731199999999717e+02,-8.820078999999999496e+02,-9.919869200000000498e-02,9.716641700000000128e+03,1.147422900000000023e+00
3.300000000000000000e+01,6.466398400000000493e+02,-8.987436900000000151e+02,-8.827789999999999964e+02,-1.770572499999999994e-01,9.716641700000000128e+03,1.147422900000000023e+00
3.304999999999999716e+01,7.003953000000000202e+02,-9.000248000000000275e+02,-8.827329600000000482e+02,-1.518096799999999955e-02,9.716641700000000128e+03,1.147422900000000023e+00
3.310000000000000142e+01,6.799590299999999843e+02,-8.991750500000000557e+02,-8.823877599999999575e+02,4.675253000000000048e-02,9.716641700000000128e+03,1.147422900000000023e+00
3.314999999999999858e+01,6.882455099999999675e+02,-8.987435500000000275e+02,-8.817516699999999901e+02,2.258856100000000353e-02,9.716641700000000128e+03,1.147422900000000023e+00
3.320000000000000284e+01,6.458777599999999666e+02,-8.965727000000000544e+02,-8.806268300000000409e+02,-1.764162499999999967e-01,9.716641700000000128e+03,1.147422900000000023e+00
3.325000000000000000e+01,7.320930299999999988e+02,-8.973763999999999896e+02,-8.793019900000000462e+02,2.499454499999999996e-02,9.716641700000000128e+03,1.147422900000000023e+00
3.329999999999999716e+01,6.867849700000000439e+02,-8.958317399999999679e+02,-8.788759199999999510e+02,8.136562800000000928e-02,9.716641700000000128e+03,1.147422900000000023e+00
3.335000000000000142e+01,7.654804400000000442e+02,-8.979339599999999564e+02,-8.790352500000000191e+02,5.301644000000000495e-02,9.716641700000000128e+03,1.147422900000000023e+00
3.339999999999999858e+01,7.118949000000000069e+02,-8.972607799999999543e+02,-8.796850299999999834e+02,-1.562850000000000072e-01,9.716641700000000128e+03,1.147422900000000023e+00
3.345000000000000284e+01,6.737354800000000523e+02,-8.968004499999999553e+02,-8.801667999999999665e+02,-9.332021400000001243e-03,9.716641700000000128e+03,1.147422900000000023e+00
3.350000000000000000e+01,6.799870200000000295e+02,-8.971904100000000426e+02,-8.804024200000000064e+02,8.011075600000000518e-02,9.716641700000000128e+03,1.147422900000000023e+00
3.354999999999999716e+01,6.553037000000000489e+02,-8.967247399999999971e+02,-8.805461500000000115e+02,-3.335363100000000025e-01,9.716641700000000128e+03,1.147422900000000023e+00
3.360000000000000142e+01,6.598871599999999944e+02,-8.967485000000000355e+02,-8.804567500000000564e+02,-9.034370800000000867e-02,9.716641700000000128e+03,1.147422900000000023e+00
3.364999999999999858e+01,6.915674099999999953e+02,-8.969965300000000070e+02,-8.799226400000000012e+02,-7.148850400000000826e-02,9.716641700000000128e+03,1.147422900000000023e+00
3.370000000000000284e+01,7.136128800000000183e+02,-8.965058999999999969e+02,-8.788877400000000080e+02,2.968455100000000346e-01,9.716641700000000128e+03,1.147422900000000023e+00
3.375000000000000000e+01,6.895158999999999878e+02,-8.950271999999999935e+02,-8.780039500000000317e+02,-9.937784500000000631e-02,9.716641700000000128e+03,1.147422900000000023e+00
3.379999999999999716e+01,7.231793900000000122e+02,-8.952462500000000318e+02,-8.773918999999999642e+02,7.568768000000000717e-02,9.716641700000000128e+03,1.147422900000000023e+00
3.385000000000000142e+01,7.718935800000000427e+02,-8.961897000000000162e+02,-8.771326599999999871e+02,1.044328900000000004e-01,9.716641700000000128e+03,1.147422900000000023e+00
3.389999999999999858e+01,7.819306900000000269e+02,-8.971347299999999905e+02,-8.778298899999999776e+02,-3.281460000000000626e-02,9.716641700000000128e+03,1.147422900000000023e+00
3.395000000000000284e+01,7.268211099999999760e+02,-8.976086900000000242e+02,-8.796644300000000385e+02,-1.044835600000000170e-01,9.716641700000000128e+03,1.147422900000000023e+00
3.400000000000000000e+01,6.805588599999999815e+02,-8.976336199999999508e+02,-8.808315099999999802e+02,-1.249635700000000099e-01,9.716641700000000128e+03,1.147422900000000023e+00
3.404999999999999716e+01,6.336816900000000032e+02,-8.969152800000000525e+02,-8.812705099999999447e+02,-1.143997400000000032e-02,9.716641700000000128e+03,1.147422900000000023e+00
3.410000000000000142e+01,7.199425099999999702e+02,-8.991418700000000399e+02,-8.813674300000000130e+02,-6.388126700000000546e-02,9.716641700000000128e+03,1.147422900000000023e+00
3.414999999999999858e+01,6.594010899999999538e+02,-8.978050299999999879e+02,-8.815252799999999525e+02,-2.324452800000000041e-02,9.716641700000000128e+03,1.147422900000000023e+00
3.420000000000000284e+01,7.326797299999999495e+02,-8.995418399999999792e+02,-8.814529400000000123e+02,-2.429933799999999811e-01,9.716641700000000128e+03,1.147422900000000023e+00
3.425000000000000000e+01,6.831138300000000072e+02,-8.981688000000000329e+02,-8.813036200000000235e+02,3.512636000000000230e-02,9.716641700000000128e+03,1.147422900000000023e+00
3.429999999999999716e+01,7.054912600000000111e+02,-8.984249600000000555e+02,-8.810073099999999613e+02,-4.543392500000000001e-02,9.716641700000000128e+03,1.147422900000000023e+00
3.435000000000000142e+01,6.806193399999999656e+02,-8.975340700000000425e+02,-8.807304699999999684e+02,6.438641800000000082e-02,9.716641700000000128e+03,1.147422900000000023e+00
3.439999999999999858e+01,6.874144800000000259e+02,-8.970913000000000466e+02,-8.801199400000000423e+02,4.870686300000000302e-02,9.716641700000000128e+03,1.147422900000000023e+00
3.445000000000000284e+01,7.602758199999999533e+02,-8.979148800000000392e+02,-8.791446700000000192e+02,1.186112300000000119e-01,9.716641700000000128e+03,1.147422900000000023e+00
3.450000000000000000e+01,7.434217700000000377e+02,-8.971038899999999785e+02,-8.787497899999999618e+02,1.524888500000000091e-01,9.716641700000000128e+03,1.147422900000000023e+00
3.454999999999999716e+01,7.585857399999999870e+02,-8.975870499999999765e+02,-8.788585699999999861e+02,-4.645155399999999907e-02,9.716641700000000128e+03,1.147422900000000023e+00
3.460000000000000142e+01,6.866913700000000063e+02,-8.966422400000000152e+02,-8.796887400000000525e+02,1.975673700000000199e-01,9.716641700000000128e+03,1.147422900000000023e+00
3.464999999999999858e+01,6.747637600000000475e+02,-8.976600600000000441e+02,-8.810010300000000143e+02,8.728073799999999660e-02,9.716641700000000128e+03,1.147422900000000023e+00
3.470000000000000284e+01,6.687932399999999689e+02,-8.983491299999999455e+02,-8.818374999999999773e+02,-9.885717100000000757e-02,9.716641700000000128e+03,1.147422900000000023e+00
3.475000000000000000e+01,6.532665700000000015e+02,-8.981534599999999955e+02,-8.820251700000000028e+02,7.093832099999999863e-02,9.716641700000000128e+03,1.147422900000000023e+00
3.479999999999999716e+01,6.514103900000000067e+02,-8.978170000000000073e+02,-8.817345400000000382e+02,-9.394138400000000277e-02,9.716641700000000128e+03,1.147422900000000023e+00
3.485000000000000142e+01,7.027565200000000232e+02,-8.983420700000000352e+02,-8.809919300000000248e+02,2.030264600000000197e-01,9.716641700000000128e+03,1.147422900000000023e+00
3.489999999999999858e+01,7.335180400000000418e+02,-8.987179700000000366e+02,-8.806083700000000363e+02,-1.320128700000000044e-01,9.716641700000000128e+03,1.147422900000000023e+00
3.495000000000000284e+01,6.980478000000000520e+02,-8.980302199999999857e+02,-8.807963399999999865e+02,-1.381168600000000080e-01,9.716641700000000128e+03,1.147422900000000023e+00
3.500000000000000000e+01,6.855659799999999677e+02,-8.978030800000000227e+02,-8.808773499999999785e+02,-2.588843400000000461e-01,9.716641700000000128e+03,1.147422900000000023e+00
3.504999999999999716e+01,7.026195699999999533e+02,-8.981478600000000370e+02,-8.808011099999999942e+02,-1.685480800000000168e-01,9.716641700000000128e+03,1.147422900000000023e+00
3.510000000000000142e+01,7.181538900000000467e+02,-8.985606199999999717e+02,-8.808303399999999783e+02,9.748852200000000801e-02,9.716641700000000128e+03,1.147422900000000023e+00
3.514999999999999858e+01,7.110335499999999911e+02,-8.986707199999999602e+02,-8.811162399999999479e+02,7.804529899999999853e-02,9.716641700000000128e+03,1.147422900000000023e+00
3.520000000000000284e+01,6.392772200000000566e+02,-8.975302799999999479e+02,-8.817473599999999578e+02,-1.633559300000000242e-02,9.716641700000000128e+03,1.147422900000000023e+00
3.525000000000000000e+01,6.368477100000000064e+02,-8.982591599999999517e+02,-8.825362199999999575e+02,-1.536836800000000169e-01,9.716641700000000128e+03,1.147422900000000023e+00
3.529999999999999716e+01,6.320584599999999682e+02,-8.990681799999999839e+02,-8.834634899999999789e+02,-6.173967300000000880e-02,9.716641700000000128e+03,1.147422900000000023e+00
3.535000000000000142e+01,6.215475800000000390e+02,-8.996795200000000250e+02,-8.843343300000000227e+02,2.253171700000000319e-02,9.716641700000000128e+03,1.147422900000000023e+00
3.539999999999999858e+01,6.553681299999999510e+02,-9.007812199999999621e+02,-8.846010499999999865e+02,-1.778482000000000118e-01,9.716641700000000128e+03,1.147422900000000023e+00
3.545000000000000284e+01,6.540262699999999541e+02,-9.002815100000000257e+02,-8.841344599999999900e+02,1.534236000000000211e-01,9.716641700000000128e+03,1.147422900000000023e+00
3.550000000000000000e+01,6.458587499999999864e+02,-8.989238100000000031e+02,-8.829784100000000535e+02,-6.351834900000000173e-02,9.716641700000000128e+03,1.147422900000000023e+00
3.554999999999999716e+01,7.063913999999999760e+02,-8.990362800000000334e+02,-8.815964000000000169e+02,4.944617700000000088e-02,9.716641700000000128e+03,1.147422900000000023e+00
3.560000000000000142e+01,6.824978499999999713e+02,-8.976514799999999923e+02,-8.808015100000000075e+02,-1.242516800000000171e-01,9.716641700000000128e+03,1.147422900000000023e+00
3.564999999999999858e+01,7.208287800000000516e+02,-8.981666900000000169e+02,-8.803703699999999799e+02,1.530943700000000074e-01,9.716641700000000128e+03,1.147422900000000023e+00
3.570000000000000284e+01,7.368572400000000471e+02,-8.986249900000000252e+02,-8.804329500000000053e+02,-3.432800999999999908e-02,9.716641700000000128e+03,1.147422900000000023e+00
3.575000000000000000e+01,6.825070500000000493e+02,-8.977394199999999955e+02,-8.808892200000000230e+02,2.355847699999999989e-01,9.716641700000000128e+03,1.147422900000000023e+00
3.579999999999999716e+01,6.894323000000000548e+02,-8.982075999999999567e+02,-8.811864199999999983e+02,6.557123199999999839e-03,9.716641700000000128e+03,1.147422900000000023e+00
3.585000000000000142e+01,6.734740100000000211e+02,-8.977336699999999610e+02,-8.811064800000000332e+02,1.487912900000000205e-01,9.716641700000000128e+03,1.147422900000000023e+00
3.589999999999999858e+01,6.752355999999999767e+02,-8.971502799999999525e+02,-8.804796000000000049e+02,1.111688700000000030e-01,9.716641700000000128e+03,1.147422900000000023e+00
3.595000000000000284e+01,7.365383100000000240e+02,-8.971393900000000485e+02,-8.789552200000000539e+02,-1.205410600000000020e-02,9.716641700000000128e+03,1.147422900000000023e+00
3.600000000000000000e+01,7.743727499999999964e+02,-8.969115399999999454e+02,-8.777933000000000447e+02,5.565492500000000786e-02,9.716641700000000128e+03,1.147422900000000023e+00
3.604999999999999716e+01,8.551055599999999686e+02,-8.987492399999999861e+02,-8.776378099999999449e+02,-3.051586600000000260e-02,9.716641700000000128e+03,1.147422900000000023e+00
3.610000000000000142e+01,7.588589899999999489e+02,-8.977036500000000387e+02,-8.789684099999999489e+02,1.193655700000000042e-02,9.716641700000000128e+03,1.147422900000000023e+00
3.614999999999999858e+01,7.392206800000000158e+02,-8.981977900000000545e+02,-8.799474099999999908e+02,1.605256000000000044e-02,9.716641700000000128e+03,1.147422900000000023e+00
3.620000000000000284e+01,6.989394600000000537e+02,-8.977423900000000003e+02,-8.804864999999999782e+02,-2.503278199999999995e-02,9.716641700000000128e+03,1.147422900000000023e+00
3.625000000000000000e+01,6.392640599999999722e+02,-8.965102900000000545e+02,-8.807277000000000271e+02,2.965596699999999974e-01,9.716641700000000128e+03,1.147422900000000023e+00
3.629999999999999716e+01,6.724195700000000215e+02,-8.971643400000000383e+02,-8.805631799999999885e+02,-5.900822299999999854e-02,9.716641700000000128e+03,1.147422900000000023e+00
3.635000000000000142e+01,7.129696800000000394e+02,-8.976481099999999742e+02,-8.800458200000000488e+02,3.649756299999999953e-01,9.716641700000000128e+03,1.147422900000000023e+00
3.639999999999999858e+01,7.054237500000000409e+02,-8.969511800000000221e+02,-8.795351899999999432e+02,-3.212381100000000211e-01,9.716641700000000128e+03,1.147422900000000023e+00
3.645000000000000284e+01,7.534947300000000041e+02,-8.975055099999999584e+02,-8.789027099999999564e+02,8.642418500000000406e-03,9.716641700000000128e+03,1.147422900000000023e+00
3.650000000000000000e+01,8.190511800000000449e+02,-8.983882499999999709e+02,-8.781669500000000426e+02,-1.003691000000000028e-01,9.716641700000000128e+03,1.147422900000000023e+00
3.654999999999999716e+01,7.192168799999999464e+02,-8.959805999999999813e+02,-8.782240799999999581e+02,1.235113600000000006e-01,9.716641700000000128e+03,1.147422900000000023e+00
3.660000000000000142e+01,7.340737100000000055e+02,-8.972288200000000415e+02,-8.791055000000000064e+02,5.207796300000000489e-02,9.716641700000000128e+03,1.147422900000000023e+00
3.664999999999999858e+01,7.063799500000000080e+02,-8.980982599999999820e+02,-8.806586700000000292e+02,-9.837134499999999893e-02,9.716641700000000128e+03,1.147422900000000023e+00
3.670000000000000284e+01,6.717986200000000281e+02,-8.983104299999999967e+02,-8.817246099999999842e+02,2.612367800000000087e-02,9.716641700000000128e+03,1.147422900000000023e+00
3.675000000000000000e+01,6.234327200000000175e+02,-8.975212800000000470e+02,-8.821295400000000200e+02,-1.321107000000000184e-02,9.716641700000000128e+03,1.147422900000000023e+00
3.679999999999999716e+01,6.166665799999999535e+02,-8.973218399999999519e+02,-8.820971500000000560e+02,-1.640514400000000206e-01,9.716641700000000128e+03,1.147422900000000023e+00
3.685000000000000142e+01,7.333283500000000004e+02,-8.998114299999999730e+02,-8.817065099999999802e+02,1.552761099999999950e-01,9.716641700000000128e+03,1.147422900000000023e+00
3.689999999999999858e+01,6.862172199999999975e+02,-8.985515699999999697e+02,-8.816097600000000511e+02,2.251795099999999994e-01,9.716641700000000128e+03,1.147422900000000023e+00
3.695000000000000284e+01,6.979056699999999864e+02,-8.987521400000000540e+02,-8.815217599999999720e+02,4.104370000000000240e-02,9.716641700000000128e+03,1.147422900000000023e+00
3.700000000000000000e+01,7.194638999999999669e+02,-8.992444500000000289e+02,-8.814818299999999454e+02,9.019282100000000635e-02,9.716641700000000128e+03,1.147422900000000023e+00
3.704999999999999716e+01,6.621011200000000372e+02,-8.980383600000000115e+02,-8.816919500000000198e+02,-1.230670000000000097e-01,9.716641700000000128e+03,1.147422900000000023e+00
3.710000000000000142e+01,6.318114299999999730e+02,-8.972948599999999715e+02,-8.816962600000000521e+02,-1.834906000000000037e-01,9.716641700000000128e+03,1.147422900000000023e+00
3.714999999999999858e+01,7.134995800000000372e+02,-8.985714100000000144e+02,-8.809560400000000300e+02,-1.883340099999999961e-01,9.716641700000000128e+03,1.147422900000000023e+00
3.720000000000000284e+01,7.170633699999999635e+02,-8.977295699999999670e+02,-8.800262099999999919e+02,-6.709678500000000601e-02,9.716641700000000128e+03,1.147422900000000023e+00
3.725000000000000000e+01,7.402377900000000182e+02,-8.977483700000000226e+02,-8.794728699999999435e+02,-2.475120000000000098e-02,9.716641700000000128e+03,1.147422900000000023e+00
3.729999999999999716e+01,7.197981600000000526e+02,-8.972826800000000276e+02,-8.795117999999999938e+02,2.567563999999999957e-01,9.716641700000000128e+03,1.147422900000000023e+00
3.735000000000000142e+01,6.875514699999999948e+02,-8.972031500000000506e+02,-8.802283999999999651e+02,-1.005609000000000017e-02,9.716641700000000128e+03,1.147422900000000023e+00
3.739999999999999858e+01,7.367326100000000224e+02,-8.993738399999999729e+02,-8.811848700000000463e+02,1.367872000000000254e-01,9.716641700000000128e+03,1.147422900000000023e+00
3.745000000000000284e+01,6.875276000000000067e+02,-8.994561200000000554e+02,-8.824819599999999582e+02,-1.134284400000000054e-01,9.716641700000000128e+03,1.147422900000000023e+00
3.750000000000000000e+01,6.689230400000000145e+02,-8.997205000000000155e+02,-8.832056700000000546e+02,1.775605199999999995e-01,9.716641700000000128e+03,1.147422900000000023e+00
3.754999999999999716e+01,7.045641799999999648e+02,-9.006263500000000022e+02,-8.832315800000000081e+02,-3.416806300000000546e-02,9.716641700000000128e+03,1.147422900000000023e+00
3.760000000000000142e+01,6.803571399999999585e+02,-8.998273599999999988e+02,-8.830302400000000489e+02,-2.998342400000000296e-01,9.716641700000000128e+03,1.147422900000000023e+00
3.764999999999999858e+01,6.558563500000000204e+02,-8.987011999999999716e+02,-8.825089699999999766e+02,1.399264400000000130e-01,9.716641700000000128e+03,1.147422900000000023e+00
3.770000000000000284e+01,6.758808800000000474e+02,-8.986189000000000533e+02,-8.819322899999999663e+02,-1.772943800000000014e-01,9.716641700000000128e+03,1.147422900000000023e+00
3.775000000000000000e+01,7.430510100000000193e+02,-8.997904700000000275e+02,-8.814455199999999877e+02,1.669180000000000108e-01,9.716641700000000128e+03,1.147422900000000023e+00
3.779999999999999716e+01,6.973293999999999642e+02,-8.984162099999999782e+02,-8.812000600000000077e+02,-2.472656400000000088e-01,9.716641700000000128e+03,1.147422900000000023e+00
3.785000000000000142e+01,6.869129599999999982e+02,-8.979376800000000003e+02,-8.809787000000000035e+02,1.302989200000000125e-01,9.716641700000000128e+03,1.147422900000000023e+00
3.789999999999999858e+01,7.211218199999999570e+02,-8.984464100000000144e+02,-8.806428600000000415e+02,1.369235000000000035e-01,9.716641700000000128e+03,1.147422900000000023e+00
3.795000000000000284e+01,7.047989599999999655e+02,-8.976610100000000330e+02,-8.802604499999999916e+02,-1.122670200000000090e-01,9.716641700000000128e+03,1.147422900000000023e+00
3.800000000000000000e+01,7.159913299999999481e+02,-8.972984900000000152e+02,-8.796216100000000324e+02,8.735466499999999801e-02,9.716641700000000128e+03,1.147422900000000023e+00
3.804999999999999716e+01,7.351152899999999590e+02,-8.966749200000000428e+02,-8.785258900000000040e+02,1.466761500000000190e-02,9.716641700000000128e+03,1.147422900000000023e+00
3.810000000000000142e+01,7.903580699999999979e+02,-8.969931000000000267e+02,-8.774801999999999680e+02,3.376461300000000582e-02,9.716641700000000128e+03,1.147422900000000023e+00
3.814999999999999858e+01,7.424088100000000168e+02,-8.955301200000000108e+02,-8.772010199999999713e+02,-1.781292800000000009e-01,9.716641700000000128e+03,1.147422900000000023e+00
3.820000000000000284e+01,6.738469000000000051e+02,-8.942008499999999458e+02,-8.775644600000000537e+02,8.962188700000001118e-02,9.716641700000000128e+03,1.147422900000000023e+00
3.825000000000000000e+01,7.566409499999999753e+02,-8.966694400000000087e+02,-8.779889699999999948e+02,8.135058800000001533e-02,9.716641700000000128e+03,1.147422900000000023e+00
3.829999999999999716e+01,7.590510699999999815e+02,-8.979458399999999756e+02,-8.792058600000000297e+02,-2.404442500000000260e-01,9.716641700000000128e+03,1.147422900000000023e+00
3.835000000000000142e+01,6.588309199999999919e+02,-8.970413200000000415e+02,-8.807756500000000415e+02,1.954698200000000163e-01,9.716641700000000128e+03,1.147422900000000023e+00
3.839999999999999858e+01,6.432837200000000166e+02,-8.971051499999999805e+02,-8.812233199999999442e+02,-2.656649400000000161e-01,9.716641700000000128e+03,1.147422900000000023e+00
3.845000000000000284e+01,7.288115999999999985e+02,-8.991223499999999831e+02,-8.811289500000000317e+02,-1.632236400000000032e-01,9.716641700000000128e+03,1.147422900000000023e+00
3.850000000000000000e+01,6.812280899999999519e+02,-8.978002800000000434e+02,-8.809816600000000335e+02,-1.661983099999999880e-01,9.716641700000000128e+03,1.147422900000000023e+00
3.854999999999999716e+01,7.321615500000000338e+02,-8.984805099999999811e+02,-8.804044099999999844e+02,4.525128199999999684e-02,9.716641700000000128e+03,1.147422900000000023e+00
3.860000000000000142e+01,6.787968799999999874e+02,-8.966413300000000390e+02,-8.798827300000000378e+02,4.697019300000000730e-03,9.716641700000000128e+03,1.147422900000000023e+00
3.864999999999999858e+01,7.454501999999999953e+02,-8.977905500000000529e+02,-8.793863700000000563e+02,-1.524742300000000127e-02,9.716641700000000128e+03,1.147422900000000023e+00
3.870000000000000284e+01,7.283849099999999908e+02,-8.968882200000000466e+02,-8.789053499999999985e+02,-2.052329600000000198e-01,9.716641700000000128e+03,1.147422900000000023e+00
3.875000000000000000e+01,7.508761100000000397e+02,-8.965475000000000136e+02,-8.780093600000000151e+02,-9.455023099999999847e-02,9.716641700000000128e+03,1.147422900000000023e+00
3.879999999999999716e+01,7.361258199999999761e+02,-8.950878300000000536e+02,-8.769138500000000249e+02,-1.409016200000000052e-01,9.716641700000000128e+03,1.147422900000000023e+00
3.885000000000000142e+01,8.216976600000000417e+02,-8.965795200000000023e+02,-8.762928900000000567e+02,1.101373000000000074e-01,9.716641700000000128e+03,1.147422900000000023e+00
3.889999999999999858e+01,7.989706800000000158e+02,-8.966119899999999916e+02,-8.768864499999999680e+02,-1.315007300000000101e-01,9.716641700000000128e+03,1.147422900000000023e+00
3.895000000000000284e+01,6.976362500000000182e+02,-8.956890600000000404e+02,-8.784653299999999945e+02,-1.401320300000000185e-01,9.716641700000000128e+03,1.147422900000000023e+00
3.900000000000000000e+01,6.990715800000000399e+02,-8.967233899999999949e+02,-8.794642300000000432e+02,9.952490200000000536e-03,9.716641700000000128e+03,1.147422900000000023e+00
3.904999999999999716e+01,6.439624900000000025e+02,-8.958296599999999899e+02,-8.799310699999999770e+02,1.199552900000000087e-03,9.716641700000000128e+03,1.147422900000000023e+00
3.910000000000000142e+01,6.990958399999999529e+02,-8.972575399999999490e+02,-8.799977800000000343e+02,-1.523150900000000071e-02,9.716641700000000128e+03,1.147422900000000023e+00
3.914999999999999858e+01,6.661318899999999985e+02,-8.965039600000000064e+02,-8.800580400000000054e+02,-3.655121700000000251e-01,9.716641700000000128e+03,1.147422900000000023e+00
3.920000000000000284e+01,7.039933700000000272e+02,-8.974932800000000270e+02,-8.801126100000000179e+02,5.418954700000000457e-02,9.716641700000000128e+03,1.147422900000000023e+00
3.925000000000000000e+01,6.855024399999999787e+02,-8.971682299999999941e+02,-8.802440800000000536e+02,-1.761270100000000005e-01,9.716641700000000128e+03,1.147422900000000023e+00
3.929999999999999716e+01,6.704325999999999794e+02,-8.966807499999999891e+02,-8.801286499999999933e+02,-1.576530999999999905e-01,9.716641700000000128e+03,1.147422900000000023e+00
3.935000000000000142e+01,6.997028000000000247e+02,-8.968448200000000270e+02,-8.795700799999999617e+02,-3.728440300000000485e-01,9.716641700000000128e+03,1.147422900000000023e+00
3.939999999999999858e+01,6.674560500000000047e+02,-8.953096299999999701e+02,-8.788310199999999668e+02,2.931445699999999863e-02,9.716641700000000128e+03,1.147422900000000023e+00
3.945000000000000284e+01,7.336202100000000428e+02,-8.958633700000000317e+02,-8.777512500000000273e+02,-1.447228600000000087e-01,9.716641700000000128e+03,1.147422900000000023e+00
3.950000000000000000e+01,7.335829599999999573e+02,-8.950310699999999997e+02,-8.769198699999999462e+02,-2.749803000000000108e-01,9.716641700000000128e+03,1.147422900000000023e+00
3.954999999999999716e+01,7.910710199999999759e+02,-8.962534299999999803e+02,-8.767229300000000194e+02,-1.027255900000000194e-01,9.716641700000000128e+03,1.147422900000000023e+00
3.960000000000000142e+01,7.711854600000000346e+02,-8.964695100000000139e+02,-8.774299499999999625e+02,-1.248573400000000111e-01,9.716641700000000128e+03,1.147422900000000023e+00
3.964999999999999858e+01,7.425227999999999611e+02,-8.972029499999999871e+02,-8.788710300000000188e+02,-9.748294000000000403e-02,9.716641700000000128e+03,1.147422900000000023e+00
3.970000000000000284e+01,6.119525800000000118e+02,-8.950013400000000274e+02,-8.798930299999999534e+02,-2.457732200000000145e-01,9.716641700000000128e+03,1.147422900000000023e+00
3.975000000000000000e+01,6.821875499999999874e+02,-8.967164500000000089e+02,-8.798741300000000365e+02,-1.416635199999999872e-01,9.716641700000000128e+03,1.147422900000000023e+00
3.979999999999999716e+01,7.939225099999999884e+02,-8.992107799999999997e+02,-8.796098700000000008e+02,-1.957785599999999904e-01,9.716641700000000128e+03,1.147422900000000023e+00
3.985000000000000142e+01,6.591614100000000462e+02,-8.959885500000000320e+02,-8.797147200000000566e+02,-2.128367900000000257e-01,9.716641700000000128e+03,1.147422900000000023e+00
3.989999999999999858e+01,7.099542900000000145e+02,-8.971252700000000004e+02,-8.795974300000000312e+02,-3.053605400000000344e-02,9.716641700000000128e+03,1.147422900000000023e+00
3.995000000000000284e+01,7.512868999999999460e+02,-8.982306700000000319e+02,-8.796823799999999665e+02,8.427517699999999626e-03,9.716641700000000128e+03,1.147422900000000023e+00
4.000000000000000000e+01,7.435900799999999435e+02,-8.985991999999999962e+02,-8.802409400000000232e+02,6.692492899999999412e-02,9.716641700000000128e+03,1.147422900000000023e+00
4.004999999999999716e+01,7.020402000000000271e+02,-8.989362099999999600e+02,-8.816037499999999909e+02,-4.676088300000000308e-02,9.716641700000000128e+03,1.147422900000000023e+00
4.010000000000000142e+01,6.216566599999999880e+02,-8.981059400000000323e+02,-8.827580600000000004e+02,4.015025700000000169e-02,9.716641700000000128e+03,1.147422900000000023e+00
4.014999999999999858e+01,6.565499999999999545e+02,-8.992122799999999643e+02,-8.830029200000000174e+02,-3.940846399999999722e-02,9.716641700000000128e+03,1.147422900000000023e+00
4.020000000000000284e+01,6.475309600000000501e+02,-8.989489300000000185e+02,-8.829622399999999516e+02,-1.857077199999999928e-02,9.716641700000000128e+03,1.147422900000000023e+00
4.025000000000000000e+01,6.456099900000000389e+02,-8.984459699999999884e+02,-8.825067099999999982e+02,1.965073599999999920e-01,9.716641700000000128e+03,1.147422900000000023e+00
4.029999999999999716e+01,6.618794900000000325e+02,-8.979666899999999714e+02,-8.816257500000000391e+02,-2.366921100000000111e-01,9.716641700000000128e+03,1.147422900000000023e+00
4.035000000000000142e+01,7.015054300000000467e+02,-8.979336600000000317e+02,-8.806144100000000208e+02,4.208916199999999941e-02,9.716641700000000128e+03,1.147422900000000023e+00
4.039999999999999858e+01,6.955866399999999885e+02,-8.973023899999999458e+02,-8.801292700000000195e+02,-7.889411200000000235e-02,9.716641700000000128e+03,1.147422900000000023e+00
4.045000000000000284e+01,7.202956400000000485e+02,-8.977960900000000493e+02,-8.800129299999999830e+02,1.929874099999999981e-01,9.716641700000000128e+03,1.147422900000000023e+00
4.050000000000000000e+01,7.197861599999999953e+02,-8.978582599999999729e+02,-8.800876899999999523e+02,-8.821102499999999846e-02,9.716641700000000128e+03,1.147422900000000023e+00
4.054999999999999716e+01,7.054269000000000460e+02,-8.976985499999999547e+02,-8.802824799999999641e+02,-2.749402900000000316e-02,9.716641700000000128e+03,1.147422900000000023e+00
4.060000000000000142e+01,7.019299399999999878e+02,-8.979564900000000307e+02,-8.806267599999999902e+02,-6.938806899999999667e-02,9.716641700000000128e+03,1.147422900000000023e+00
4.064999999999999858e+01,6.579520300000000361e+02,-8.973949800000000323e+02,-8.811510100000000421e+02,9.652249100000000193e-02,9.716641700000000128e+03,1.147422900000000023e+00
4.070000000000000284e+01,6.891334100000000262e+02,-8.985860300000000507e+02,-8.815722299999999905e+02,2.759373500000000257e-01,9.716641700000000128e+03,1.147422900000000023e+00
4.075000000000000000e+01,6.155892400000000180e+02,-8.973231100000000424e+02,-8.821250199999999495e+02,-3.315418400000000321e-01,9.716641700000000128e+03,1.147422900000000023e+00
4.079999999999999716e+01,6.461186500000000024e+02,-8.981026500000000397e+02,-8.821508300000000418e+02,2.419569900000000107e-01,9.716641700000000128e+03,1.147422900000000023e+00
4.085000000000000142e+01,6.242192900000000009e+02,-8.968137699999999768e+02,-8.814026099999999815e+02,-3.775692900000000019e-01,9.716641700000000128e+03,1.147422900000000023e+00
4.089999999999999858e+01,6.968770700000000033e+02,-8.970763299999999845e+02,-8.798713500000000067e+02,2.668644900000000098e-02,9.716641700000000128e+03,1.147422900000000023e+00
4.095000000000000284e+01,7.577876300000000356e+02,-8.975157400000000507e+02,-8.788069600000000037e+02,-1.875156800000000179e-01,9.716641700000000128e+03,1.147422900000000023e+00
4.100000000000000000e+01,7.022763700000000426e+02,-8.958570399999999836e+02,-8.785187600000000430e+02,-1.591987900000000067e-01,9.716641700000000128e+03,1.147422900000000023e+00
4.104999999999999716e+01,7.249310500000000275e+02,-8.962333700000000363e+02,-8.783357700000000250e+02,-1.215536900000000059e-01,9.716641700000000128e+03,1.147422900000000023e+00
4.110000000000000142e+01,7.406111499999999523e+02,-8.967296099999999797e+02,-8.784448899999999867e+02,7.669924499999999923e-02,9.716641700000000128e+03,1.147422900000000023e+00
4.114999999999999858e+01,6.911254699999999502e+02,-8.962256300000000238e+02,-8.791626499999999851e+02,-2.980791900000000494e-01,9.716641700000000128e+03,1.147422900000000023e+00
4.120000000000000284e+01,6.132520399999999654e+02,-8.953644600000000082e+02,-8.802240699999999833e+02,2.544567400000000146e-02,9.716641700000000128e+03,1.147422900000000023e+00
4.125000000000000000e+01,6.627934400000000323e+02,-8.971985100000000557e+02,-8.808350100000000111e+02,-3.417097700000000238e-01,9.716641700000000128e+03,1.147422900000000023e+00
4.129999999999999716e+01,6.222837299999999914e+02,-8.964281099999999469e+02,-8.810647400000000289e+02,-1.044089099999999937e-01,9.716641700000000128e+03,1.147422900000000023e+00
4.135000000000000142e+01,7.031099199999999882e+02,-8.978743899999999485e+02,-8.805155300000000125e+02,-1.933999800000000269e-01,9.716641700000000128e+03,1.147422900000000023e+00
4.139999999999999858e+01,7.443329700000000457e+02,-8.972131500000000415e+02,-8.788365499999999884e+02,-1.233901100000000112e-01,9.716641700000000128e+03,1.147422900000000023e+00
4.145000000000000284e+01,7.701932399999999461e+02,-8.964083600000000160e+02,-8.773932999999999538e+02,-1.238335400000000058e-01,9.716641700000000128e+03,1.147422900000000023e+00
4.150000000000000000e+01,7.785742299999999432e+02,-8.966001700000000483e+02,-8.773781900000000178e+02,-1.557161800000000096e-01,9.716641700000000128e+03,1.147422900000000023e+00
4.154999999999999716e+01,7.024416899999999941e+02,-8.951655700000000024e+02,-8.778232000000000426e+02,3.680947600000000208e-01,9.716641700000000128e+03,1.147422900000000023e+00
4.160000000000000142e+01,7.200286200000000463e+02,-8.961907400000000052e+02,-8.784141700000000128e+02,-5.426307399999999448e-02,9.716641700000000128e+03,1.147422900000000023e+00
4.164999999999999858e+01,7.071482799999999997e+02,-8.967666900000000396e+02,-8.793081200000000308e+02,2.436956299999999964e-01,9.716641700000000128e+03,1.147422900000000023e+00
4.170000000000000284e+01,6.712633899999999585e+02,-8.968116999999999734e+02,-8.802390900000000329e+02,3.136151899999999743e-02,9.716641700000000128e+03,1.147422900000000023e+00
4.175000000000000000e+01,6.385721800000000030e+02,-8.965220600000000104e+02,-8.807565499999999474e+02,8.039585300000000323e-02,9.716641700000000128e+03,1.147422900000000023e+00
4.179999999999999716e+01,7.091397799999999734e+02,-8.982580600000000004e+02,-8.807503299999999626e+02,-1.498075900000000182e-01,9.716641700000000128e+03,1.147422900000000023e+00
4.185000000000000142e+01,7.176949200000000246e+02,-8.983106800000000476e+02,-8.805917399999999589e+02,-3.713837600000000072e-02,9.716641700000000128e+03,1.147422900000000023e+00
4.189999999999999858e+01,6.699270699999999579e+02,-8.970396100000000388e+02,-8.804999900000000252e+02,2.641543299999999928e-01,9.716641700000000128e+03,1.147422900000000023e+00
4.195000000000000284e+01,7.065301200000000108e+02,-8.977170700000000352e+02,-8.802737700000000132e+02,-1.393263700000000049e-01,9.716641700000000128e+03,1.147422900000000023e+00
4.200000000000000000e+01,6.933862900000000309e+02,-8.967685300000000552e+02,-8.796497299999999768e+02,6.071499300000000876e-02,9.716641700000000128e+03,1.147422900000000023e+00
4.204999999999999716e+01,7.953594200000000001e+02,-8.973038000000000238e+02,-8.776674199999999928e+02,1.879631200000000113e-01,9.716641700000000128e+03,1.147422900000000023e+00
4.210000000000000142e+01,7.754801300000000310e+02,-8.954657899999999700e+02,-8.763201999999999998e+02,-5.876807099999999812e-02,9.716641700000000128e+03,1.147422900000000023e+00
4.214999999999999858e+01,7.515834700000000339e+02,-8.946393500000000358e+02,-8.760837400000000343e+02,-3.245617400000000430e-01,9.716641700000000128e+03,1.147422900000000023e+00
4.220000000000000284e+01,7.543068299999999908e+02,-8.949508499999999458e+02,-8.763279999999999745e+02,8.100808700000000639e-02,9.716641700000000128e+03,1.147422900000000023e+00
4.225000000000000000e+01,7.431273700000000417e+02,-8.954208999999999605e+02,-8.770740700000000061e+02,-2.528550499999999701e-01,9.716641700000000128e+03,1.147422900000000023e+00
4.229999999999999716e+01,7.535066900000000487e+02,-8.968487400000000207e+02,-8.782456499999999551e+02,1.337863900000000050e-01,9.716641700000000128e+03,1.147422900000000023e+00
4.235000000000000142e+01,6.921693800000000465e+02,-8.961668100000000550e+02,-8.790780600000000504e+02,-3.258838000000000568e-01,9.716641700000000128e+03,1.147422900000000023e+00
4.239999999999999858e+01,7.039156299999999646e+02,-8.967069000000000187e+02,-8.793281500000000506e+02,1.871240300000000245e-02,9.716641700000000128e+03,1.147422900000000023e+00
4.245000000000000284e+01,6.903196100000000115e+02,-8.965640399999999772e+02,-8.795209599999999455e+02,-2.431788500000000297e-01,9.716641700000000128e+03,1.147422900000000023e+00
4.250000000000000000e+01,6.945484699999999521e+02,-8.967530199999999923e+02,-8.796055300000000443e+02,4.643071900000000224e-02,9.716641700000000128e+03,1.147422900000000023e+00
4.254999999999999716e+01,6.571587700000000041e+02,-8.957002700000000459e+02,-8.794758799999999610e+02,-2.127578200000000141e-01,9.716641700000000128e+03,1.147422900000000023e+00
4.260000000000000142e+01,6.806228499999999713e+02,-8.957423900000000003e+02,-8.789387100000000146e+02,-1.974541200000000038e-02,9.716641700000000128e+03,1.147422900000000023e+00
4.264999999999999858e+01,7.303025900000000092e+02,-8.961222299999999450e+02,-8.780920099999999593e+02,-3.390592400000000395e-01,9.716641700000000128e+03,1.147422900000000023e+00
4.270000000000000284e+01,7.348870299999999816e+02,-8.954698799999999892e+02,-8.773264799999999468e+02,3.919983500000000232e-02,9.716641700000000128e+03,1.147422900000000023e+00
4.275000000000000000e+01,7.281732299999999896e+02,-8.948637700000000450e+02,-8.768861299999999801e+02,5.418050800000000916e-03,9.716641700000000128e+03,1.147422900000000023e+00
4.279999999999999716e+01,7.733868499999999813e+02,-8.955771200000000363e+02,-8.764832099999999855e+02,-7.864970600000001366e-02,9.716641700000000128e+03,1.147422900000000023e+00
4.285000000000000142e+01,8.002214500000000044e+02,-8.964204200000000355e+02,-8.766639999999999873e+02,2.526192300000000279e-01,9.716641700000000128e+03,1.147422900000000023e+00
4.289999999999999858e+01,7.605908399999999574e+02,-8.973280700000000252e+02,-8.785500799999999799e+02,-1.836993000000000098e-01,9.716641700000000128e+03,1.147422900000000023e+00
4.295000000000000284e+01,6.115668299999999817e+02,-8.950144900000000234e+02,-8.799157099999999900e+02,-6.988595700000000896e-03,9.716641700000000128e+03,1.147422900000000023e+00
4.300000000000000000e+01,6.609741599999999835e+02,-8.964630600000000413e+02,-8.801444800000000441e+02,-2.374018900000000043e-01,9.716641700000000128e+03,1.147422900000000023e+00
4.304999999999999716e+01,6.973142599999999902e+02,-8.972317199999999957e+02,-8.800159499999999753e+02,1.288622900000000182e-01,9.716641700000000128e+03,1.147422900000000023e+00
4.310000000000000142e+01,6.934294899999999870e+02,-8.970026400000000422e+02,-8.798827800000000252e+02,-1.753766600000000037e-02,9.716641700000000128e+03,1.147422900000000023e+00
4.314999999999999858e+01,7.272017399999999725e+02,-8.980559100000000399e+02,-8.801022500000000264e+02,-4.798992300000000377e-02,9.716641700000000128e+03,1.147422900000000023e+00
4.320000000000000284e+01,7.102444600000000037e+02,-8.982571199999999862e+02,-8.807221200000000181e+02,-6.798156699999999275e-02,9.716641700000000128e+03,1.147422900000000023e+00
4.325000000000000000e+01,6.945717100000000528e+02,-8.987261399999999867e+02,-8.815780799999999999e+02,-2.318732000000000015e-01,9.716641700000000128e+03,1.147422900000000023e+00
4.329999999999999716e+01,6.501313699999999471e+02,-8.983921299999999519e+02,-8.823412399999999707e+02,-1.257636900000000113e-01,9.716641700000000128e+03,1.147422900000000023e+00
4.335000000000000142e+01,6.857831899999999905e+02,-8.996158000000000357e+02,-8.826847099999999955e+02,1.197597600000000068e-01,9.716641700000000128e+03,1.147422900000000023e+00
4.339999999999999858e+01,6.660252600000000029e+02,-8.991108299999999645e+02,-8.826675400000000309e+02,-2.381752700000000222e-01,9.716641700000000128e+03,1.147422900000000023e+00
4.345000000000000284e+01,6.568420300000000225e+02,-8.980256900000000542e+02,-8.818091200000000072e+02,-4.806185400000000107e-02,9.716641700000000128e+03,1.147422900000000023e+00
4.350000000000000000e+01,7.085892400000000180e+02,-8.974202599999999848e+02,-8.799261299999999437e+02,2.456387100000000101e-01,9.716641700000000128e+03,1.147422900000000023e+00
4.354999999999999716e+01,6.841186300000000529e+02,-8.957739199999999755e+02,-8.788839299999999639e+02,-2.537036999999999765e-01,9.716641700000000128e+03,1.147422900000000023e+00
4.360000000000000142e+01,7.035439699999999448e+02,-8.957345699999999624e+02,-8.783650000000000091e+02,1.269730099999999973e-01,9.716641700000000128e+03,1.147422900000000023e+00
4.364999999999999858e+01,7.160401600000000144e+02,-8.959709199999999782e+02,-8.782928299999999808e+02,-1.802319099999999952e-01,9.716641700000000128e+03,1.147422900000000023e+00
4.370000000000000284e+01,7.045892300000000432e+02,-8.958599299999999630e+02,-8.784645400000000564e+02,3.033121300000000270e-02,9.716641700000000128e+03,1.147422900000000023e+00
4.375000000000000000e+01,7.158474499999999807e+02,-8.965522200000000339e+02,-8.788788799999999810e+02,-1.428272100000000100e-01,9.716641700000000128e+03,1.147422900000000023e+00
4.379999999999999716e+01,6.872746399999999767e+02,-8.966621999999999844e+02,-8.796942900000000236e+02,7.323903800000000630e-02,9.716641700000000128e+03,1.147422900000000023e+00
4.385000000000000142e+01,6.951150499999999965e+02,-8.976158199999999852e+02,-8.804543400000000020e+02,-3.146069199999999844e-02,9.716641700000000128e+03,1.147422900000000023e+00
4.389999999999999858e+01,6.653588899999999740e+02,-8.973823899999999867e+02,-8.809555500000000166e+02,-1.059243799999999985e-01,9.716641700000000128e+03,1.147422900000000023e+00
4.395000000000000284e+01,7.018835299999999506e+02,-8.982626599999999826e+02,-8.809340799999999945e+02,-5.554165000000000491e-02,9.716641700000000128e+03,1.147422900000000023e+00
4.400000000000000000e+01,7.090211799999999585e+02,-8.979313100000000532e+02,-8.804265100000000075e+02,-3.969388800000000356e-02,9.716641700000000128e+03,1.147422900000000023e+00
4.404999999999999716e+01,6.232553799999999455e+02,-8.946109500000000025e+02,-8.792236000000000331e+02,-1.553960000000000063e-01,9.716641700000000128e+03,1.147422900000000023e+00
4.410000000000000142e+01,7.096609899999999698e+02,-8.950477700000000141e+02,-8.775271699999999555e+02,1.186270500000000117e-01,9.716641700000000128e+03,1.147422900000000023e+00
4.414999999999999858e+01,7.463128000000000384e+02,-8.953836000000000013e+02,-8.769581100000000333e+02,-1.715542300000000020e-01,9.716641700000000128e+03,1.147422900000000023e+00
4.420000000000000284e+01,7.707880699999999479e+02,-8.963986200000000508e+02,-8.773688799999999901e+02,-1.615772200000000283e-02,9.716641700000000128e+03,1.147422900000000023e+00
4.425000000000000000e+01,6.557797399999999470e+02,-8.947854599999999436e+02,-8.785951199999999517e+02,-1.916992100000000088e-01,9.716641700000000128e+03,1.147422900000000023e+00
4.429999999999999716e+01,7.206929599999999709e+02,-8.971023699999999508e+02,-8.793094099999999571e+02,-1.797766900000000168e-01,9.716641700000000128e+03,1.147422900000000023e+00
4.435000000000000142e+01,7.445379299999999603e+02,-8.984125599999999849e+02,-8.800308899999999994e+02,1.563221999999999945e-01,9.716641700000000128e+03,1.147422900000000023e+00
4.439999999999999858e+01,7.040804699999999912e+02,-8.981715100000000120e+02,-8.807886799999999994e+02,1.337727699999999853e-01,9.716641700000000128e+03,1.147422900000000023e+00
4.445000000000000284e+01,6.829763000000000375e+02,-8.980569699999999784e+02,-8.811951800000000503e+02,-4.275483100000000009e-02,9.716641700000000128e+03,1.147422900000000023e+00
4.450000000000000000e+01,6.563626500000000306e+02,-8.974622799999999643e+02,-8.812575500000000375e+02,8.913876000000001132e-02,9.716641700000000128e+03,1.147422900000000023e+00
4.454999999999999716e+01,6.637271500000000515e+02,-8.972173999999999978e+02,-8.808308500000000549e+02,-1.414251300000000100e-01,9.716641700000000128e+03,1.147422900000000023e+00
4.460000000000000142e+01,6.499250399999999672e+02,-8.958634100000000444e+02,-8.798176099999999451e+02,-2.613151799999999941e-02,9.716641700000000128e+03,1.147422900000000023e+00
4.464999999999999858e+01,7.509866399999999658e+02,-8.968767299999999523e+02,-8.783358600000000251e+02,-1.067670400000000075e-01,9.716641700000000128e+03,1.147422900000000023e+00
4.470000000000000284e+01,7.324817500000000337e+02,-8.960563899999999649e+02,-8.779723800000000438e+02,-3.080922500000000119e-01,9.716641700000000128e+03,1.147422900000000023e+00
4.475000000000000000e+01,6.820150399999999991e+02,-8.949051799999999730e+02,-8.780671200000000454e+02,-9.819888999999999701e-02,9.716641700000000128e+03,1.147422900000000023e+00
4.479999999999999716e+01,7.201945500000000493e+02,-8.960234400000000505e+02,-8.782427800000000389e+02,1.506251100000000065e-01,9.716641700000000128e+03,1.147422900000000023e+00
4.485000000000000142e+01,7.005442000000000462e+02,-8.959933999999999514e+02,-8.786978900000000294e+02,-1.350361000000000200e-01,9.716641700000000128e+03,1.147422900000000023e+00
4.489999999999999858e+01,6.878110199999999850e+02,-8.961232700000000477e+02,-8.791421199999999772e+02,1.728091699999999981e-03,9.716641700000000128e+03,1.147422900000000023e+00
4.495000000000000284e+01,6.897444400000000542e+02,-8.967176799999999730e+02,-8.796887900000000400e+02,-9.897803600000000535e-02,9.716641700000000128e+03,1.147422900000000023e+00
4.500000000000000000e+01,6.996891399999999521e+02,-8.977687300000000050e+02,-8.804943299999999908e+02,9.101876899999999937e-02,9.716641700000000128e+03,1.147422900000000023e+00
4.504999999999999716e+01,6.701279299999999921e+02,-8.980475900000000138e+02,-8.815030100000000175e+02,-7.910180400000001166e-02,9.716641700000000128e+03,1.147422900000000023e+00
4.510000000000000142e+01,6.332459700000000566e+02,-8.976588100000000168e+02,-8.820248000000000275e+02,-5.438445900000000999e-02,9.716641700000000128e+03,1.147422900000000023e+00
4.514999999999999858e+01,6.791243799999999737e+02,-8.983958000000000084e+02,-8.816291099999999687e+02,-1.793266400000000094e-01,9.716641700000000128e+03,1.147422900000000023e+00
4.520000000000000284e+01,6.911993700000000445e+02,-8.973053300000000263e+02,-8.802405300000000352e+02,-6.590007000000000503e-02,9.716641700000000128e+03,1.147422900000000023e+00
4.525000000000000000e+01,7.321488500000000386e+02,-8.970629400000000260e+02,-8.789871399999999539e+02,-3.629881500000000510e-02,9.716641700000000128e+03,1.147422900000000023e+00
4.529999999999999716e+01,6.541053900000000567e+02,-8.948141900000000533e+02,-8.786651799999999639e+02,-2.378124699999999980e-01,9.716641700000000128e+03,1.147422900000000023e+00
4.535000000000000142e+01,6.958144800000000032e+02,-8.956053699999999935e+02,-8.784266199999999571e+02,1.082094400000000040e-01,9.716641700000000128e+03,1.147422900000000023e+00
4.539999999999999858e+01,7.491690999999999576e+02,-8.970005700000000388e+02,-8.785045699999999442e+02,-1.270986200000000232e-01,9.716641700000000128e+03,1.147422900000000023e+00
4.545000000000000284e+01,7.305245700000000397e+02,-8.970706999999999880e+02,-8.790350100000000566e+02,-9.310827800000000265e-02,9.716641700000000128e+03,1.147422900000000023e+00
4.550000000000000000e+01,6.990845100000000230e+02,-8.969990500000000111e+02,-8.797395699999999579e+02,9.121314599999999495e-02,9.716641700000000128e+03,1.147422900000000023e+00
4.554999999999999716e+01,7.081385800000000472e+02,-8.980570000000000164e+02,-8.805739899999999807e+02,1.423538299999999868e-01,9.716641700000000128e+03,1.147422900000000023e+00
4.560000000000000142e+01,7.462557399999999461e+02,-8.999268499999999449e+02,-8.815027700000000550e+02,-1.783359300000000036e-01,9.716641700000000128e+03,1.147422900000000023e+00
4.564999999999999858e+01,6.077853699999999435e+02,-8.973938399999999547e+02,-8.823884199999999964e+02,-1.593403100000000128e-01,9.716641700000000128e+03,1.147422900000000023e+00
4.570000000000000284e+01,6.501221000000000458e+02,-8.983052999999999884e+02,-8.822546399999999949e+02,-1.304005599999999987e-01,9.716641700000000128e+03,1.147422900000000023e+00
4.575000000000000000e+01,6.553112800000000107e+02,-8.976725400000000263e+02,-8.814937599999999520e+02,1.313111299999999981e-01,9.716641700000000128e+03,1.147422900000000023e+00
4.579999999999999716e+01,6.464349200000000337e+02,-8.967382400000000189e+02,-8.807786099999999578e+02,-1.114092399999999997e-02,9.716641700000000128e+03,1.147422900000000023e+00
4.585000000000000142e+01,6.787607299999999668e+02,-8.970460399999999481e+02,-8.802883299999999736e+02,-9.432238200000001016e-02,9.716641700000000128e+03,1.147422900000000023e+00
4.589999999999999858e+01,7.000323499999999513e+02,-8.970841199999999844e+02,-8.798012400000000071e+02,-5.154716600000000537e-02,9.716641700000000128e+03,1.147422900000000023e+00
4.595000000000000284e+01,6.552802299999999605e+02,-8.954201500000000351e+02,-8.792421399999999494e+02,2.272847600000000301e-01,9.716641700000000128e+03,1.147422900000000023e+00
4.600000000000000000e+01,6.952037400000000389e+02,-8.957067200000000184e+02,-8.785430499999999938e+02,-1.079532300000000111e-01,9.716641700000000128e+03,1.147422900000000023e+00
4.604999999999999716e+01,7.797570600000000240e+02,-8.970752400000000080e+02,-8.778240600000000313e+02,1.382191900000000195e-01,9.716641700000000128e+03,1.147422900000000023e+00
4.610000000000000142e+01,7.666911700000000565e+02,-8.965988999999999578e+02,-8.776703099999999722e+02,-1.180839199999999950e-01,9.716641700000000128e+03,1.147422900000000023e+00
4.614999999999999858e+01,7.510188900000000558e+02,-8.968185700000000224e+02,-8.782768999999999551e+02,-9.028131100000000298e-02,9.716641700000000128e+03,1.147422900000000023e+00
4.620000000000000284e+01,7.001872799999999870e+02,-8.970743099999999686e+02,-8.797875999999999976e+02,5.576615100000000685e-02,9.716641700000000128e+03,1.147422900000000023e+00
4.625000000000000000e+01,6.483803900000000340e+02,-8.970098299999999654e+02,-8.810021699999999782e+02,-1.408655100000000097e-02,9.716641700000000128e+03,1.147422900000000023e+00
4.629999999999999716e+01,6.446003200000000106e+02,-8.971007600000000366e+02,-8.811864299999999730e+02,-1.296237499999999994e-02,9.716641700000000128e+03,1.147422900000000023e+00
4.635000000000000142e+01,6.957844800000000305e+02,-8.981071100000000342e+02,-8.809291100000000370e+02,5.875170500000000823e-02,9.716641700000000128e+03,1.147422900000000023e+00
4.639999999999999858e+01,6.651565699999999879e+02,-8.971770299999999452e+02,-8.807551899999999705e+02,1.738544599999999885e-02,9.716641700000000128e+03,1.147422900000000023e+00
4.645000000000000284e+01,6.850261500000000296e+02,-8.973219100000000026e+02,-8.804095099999999547e+02,-3.867132400000000136e-01,9.716641700000000128e+03,1.147422900000000023e+00
4.650000000000000000e+01,7.175295499999999720e+02,-8.976493400000000520e+02,-8.799344800000000077e+02,1.468265199999999916e-02,9.716641700000000128e+03,1.147422900000000023e+00
4.654999999999999716e+01,7.411402100000000246e+02,-8.981246300000000247e+02,-8.798268500000000358e+02,-1.346437300000000170e-01,9.716641700000000128e+03,1.147422900000000023e+00
4.660000000000000142e+01,6.867882399999999734e+02,-8.971862700000000359e+02,-8.802303699999999935e+02,-2.408027700000000271e-01,9.716641700000000128e+03,1.147422900000000023e+00
4.664999999999999858e+01,6.899376499999999623e+02,-8.978607200000000148e+02,-8.808270599999999604e+02,1.466389200000000059e-01,9.716641700000000128e+03,1.147422900000000023e+00
4.670000000000000284e+01,6.068831699999999501e+02,-8.966013699999999744e+02,-8.816182199999999511e+02,-1.868811600000000184e-01,9.716641700000000128e+03,1.147422900000000023e+00
4.675000000000000000e+01,7.064999699999999621e+02,-8.993947500000000446e+02,-8.819521899999999732e+02,2.456440500000000304e-01,9.716641700000000128e+03,1.147422900000000023e+00
4.679999999999999716e+01,6.728691900000000032e+02,-8.988772999999999911e+02,-8.822650399999999991e+02,-8.555885100000000520e-02,9.716641700000000128e+03,1.147422900000000023e+00
4.685000000000000142e+01,6.605557099999999764e+02,-8.985592100000000073e+02,-8.822509599999999637e+02,1.239952600000000099e-01,9.716641700000000128e+03,1.147422900000000023e+00
4.689999999999999858e+01,7.206279500000000553e+02,-8.995517099999999573e+02,-8.817603500000000167e+02,1.849291300000000249e-01,9.716641700000000128e+03,1.147422900000000023e+00
4.695000000000000284e+01,6.386090799999999490e+02,-8.968510700000000497e+02,-8.810846500000000106e+02,-2.034323400000000170e-01,9.716641700000000128e+03,1.147422900000000023e+00
4.700000000000000000e+01,6.781818500000000540e+02,-8.963680900000000520e+02,-8.796246700000000374e+02,2.427152000000000198e-01,9.716641700000000128e+03,1.147422900000000023e+00
4.704999999999999716e+01,7.464910599999999476e+02,-8.970502300000000560e+02,-8.786203400000000556e+02,-1.113406700000000027e-01,9.716641700000000128e+03,1.147422900000000023e+00
4.710000000000000142e+01,7.693322899999999436e+02,-8.976435900000000174e+02,-8.786497799999999643e+02,7.744732900000000919e-02,9.716641700000000128e+03,1.147422900000000023e+00
4.714999999999999858e+01,6.981998599999999442e+02,-8.965164999999999509e+02,-8.792788600000000088e+02,3.114113500000000381e-02,9.716641700000000128e+03,1.147422900000000023e+00
4.720000000000000284e+01,6.624755099999999857e+02,-8.961474100000000362e+02,-8.797917599999999538e+02,-2.869314400000000376e-02,9.716641700000000128e+03,1.147422900000000023e+00
4.725000000000000000e+01,7.090903399999999692e+02,-8.976822200000000294e+02,-8.801757099999999809e+02,8.986416000000001236e-02,9.716641700000000128e+03,1.147422900000000023e+00
4.729999999999999716e+01,6.500676200000000335e+02,-8.967387099999999691e+02,-8.806893900000000031e+02,2.032267900000000183e-01,9.716641700000000128e+03,1.147422900000000023e+00
4.735000000000000142e+01,6.991172599999999875e+02,-8.982966199999999617e+02,-8.810363300000000208e+02,-1.727252400000000299e-01,9.716641700000000128e+03,1.147422900000000023e+00
4.739999999999999858e+01,6.814931900000000269e+02,-8.985835799999999836e+02,-8.817584100000000262e+02,-8.800688700000000586e-02,9.716641700000000128e+03,1.147422900000000023e+00
4.745000000000000284e+01,6.413250500000000329e+02,-8.986713700000000244e+02,-8.828378999999999905e+02,2.580311100000000080e-01,9.716641700000000128e+03,1.147422900000000023e+00
4.750000000000000000e+01,5.824673900000000231e+02,-8.978231799999999794e+02,-8.834428299999999581e+02,-1.437672299999999959e-01,9.716641700000000128e+03,1.147422900000000023e+00
4.754999999999999716e+01,6.764148000000000138e+02,-8.997464999999999691e+02,-8.830466999999999871e+02,4.595632700000000341e-03,9.716641700000000128e+03,1.147422900000000023e+00
4.760000000000000142e+01,7.143415099999999711e+02,-8.995600899999999456e+02,-8.819239300000000412e+02,1.682963100000000045e-01,9.716641700000000128e+03,1.147422900000000023e+00
4.764999999999999858e+01,6.904904999999999973e+02,-8.978451499999999896e+02,-8.807978399999999510e+02,-2.324109000000000036e-01,9.716641700000000128e+03,1.147422900000000023e+00
4.770000000000000284e+01,7.004217499999999745e+02,-8.972981099999999515e+02,-8.800056200000000217e+02,1.205761299999999897e-01,9.716641700000000128e+03,1.147422900000000023e+00
4.775000000000000000e+01,6.853893199999999979e+02,-8.964594799999999850e+02,-8.795381099999999606e+02,-1.692422800000000227e-01,9.716641700000000128e+03,1.147422900000000023e+00
4.779999999999999716e+01,7.149542900000000145e+02,-8.968615700000000288e+02,-8.792102899999999863e+02,-1.629669300000000098e-01,9.716641700000000128e+03,1.147422900000000023e+00
4.785000000000000142e+01,7.397405099999999720e+02,-8.974080099999999902e+02,-8.791447799999999688e+02,-1.581659599999999943e-01,9.716641700000000128e+03,1.147422900000000023e+00
4.789999999999999858e+01,6.806306700000000092e+02,-8.961020200000000386e+02,-8.792981499999999642e+02,2.488927200000000117e-01,9.716641700000000128e+03,1.147422900000000023e+00
4.795000000000000284e+01,7.517150900000000320e+02,-8.981852000000000089e+02,-8.796263400000000274e+02,7.779414500000000898e-02,9.716641700000000128e+03,1.147422900000000023e+00
4.800000000000000000e+01,6.640216000000000349e+02,-8.972863200000000461e+02,-8.808925000000000409e+02,-1.122012500000000162e-01,9.716641700000000128e+03,1.147422900000000023e+00
4.804999999999999716e+01,6.813136700000000019e+02,-8.988956100000000333e+02,-8.820748700000000326e+02,5.204621400000000037e-02,9.716641700000000128e+03,1.147422900000000023e+00
4.810000000000000142e+01,6.171994099999999435e+02,-8.978166099999999687e+02,-8.825787699999999631e+02,1.688132800000000100e-01,9.716641700000000128e+03,1.147422900000000023e+00
4.814999999999999858e+01,6.237492700000000241e+02,-8.978168600000000197e+02,-8.824173100000000431e+02,-4.157816700000000615e-02,9.716641700000000128e+03,1.147422900000000023e+00
4.820000000000000284e+01,6.267713300000000345e+02,-8.974040499999999838e+02,-8.819298900000000003e+02,9.310641900000001317e-03,9.716641700000000128e+03,1.147422900000000023e+00
4.825000000000000000e+01,6.674772400000000516e+02,-8.978694900000000416e+02,-8.813903500000000122e+02,2.305228799999999856e-01,9.716641700000000128e+03,1.147422900000000023e+00
4.829999999999999716e+01,7.076812700000000405e+02,-8.985572799999999916e+02,-8.810855599999999868e+02,-1.037677800000000039e-01,9.716641700000000128e+03,1.147422900000000023e+00
4.835000000000000142e+01,7.412878299999999854e+02,-8.993626900000000433e+02,-8.810612599999999475e+02,1.524731099999999950e-01,9.716641700000000128e+03,1.147422900000000023e+00
4.839999999999999858e+01,6.831059099999999944e+02,-8.980152299999999741e+02,-8.811502400000000534e+02,-8.268842399999999648e-02,9.716641700000000128e+03,1.147422900000000023e+00
4.845000000000000284e+01,7.017270300000000134e+02,-8.983615099999999529e+02,-8.810367899999999963e+02,9.583301600000000697e-02,9.716641700000000128e+03,1.147422900000000023e+00
4.850000000000000000e+01,7.182080700000000206e+02,-8.986118099999999913e+02,-8.808801899999999705e+02,8.815780600000000522e-02,9.716641700000000128e+03,1.147422900000000023e+00
4.854999999999999716e+01,7.053865299999999934e+02,-8.979811499999999569e+02,-8.805660800000000563e+02,-2.290208999999999995e-01,9.716641700000000128e+03,1.147422900000000023e+00
4.860000000000000142e+01,7.344422700000000077e+02,-8.983410599999999704e+02,-8.802086500000000342e+02,2.918672599999999964e-02,9.716641700000000128e+03,1.147422900000000023e+00
4.864999999999999858e+01,7.166295499999999947e+02,-8.979227399999999761e+02,-8.802300999999999931e+02,7.429658699999999727e-02,9.716641700000000128e+03,1.147422900000000023e+00
4.870000000000000284e+01,7.203876900000000205e+02,-8.985233500000000504e+02,-8.807379200000000310e+02,-1.169752500000000167e-01,9.716641700000000128e+03,1.147422900000000023e+00
4.875000000000000000e+01,6.859509399999999459e+02,-8.982707900000000336e+02,-8.813355599999999868e+02,1.686094100000000151e-01,9.716641700000000128e+03,1.147422900000000023e+00
4.879999999999999716e+01,6.301205599999999549e+02,-8.972866800000000467e+02,-8.817298399999999674e+02,-4.130337300000000433e-01,9.716641700000000128e+03,1.147422900000000023e+00
4.885000000000000142e+01,6.890864800000000514e+02,-8.987234899999999698e+02,-8.817108500000000504e+02,2.714119300000000234e-01,9.716641700000000128e+03,1.147422900000000023e+00
4.889999999999999858e+01,6.401894499999999653e+02,-8.974634800000000041e+02,-8.816580400000000282e+02,-9.102263400000000504e-02,9.716641700000000128e+03,1.147422900000000023e+00
4.895000000000000284e+01,6.804544799999999896e+02,-8.980004199999999628e+02,-8.812008899999999585e+02,-6.779411300000000307e-02,9.716641700000000128e+03,1.147422900000000023e+00
4.900000000000000000e+01,7.046959900000000516e+02,-8.977322100000000091e+02,-8.803341900000000351e+02,1.045078900000000061e-01,9.716641700000000128e+03,1.147422900000000023e+00
4.904999999999999716e+01,6.705386200000000372e+02,-8.958802600000000211e+02,-8.793255400000000463e+02,-1.297597199999999951e-01,9.716641700000000128e+03,1.147422900000000023e+00
4.910000000000000142e+01,7.781940499999999474e+02,-8.974694899999999507e+02,-8.782568999999999733e+02,2.086954299999999873e-01,9.716641700000000128e+03,1.147422900000000023e+00
4.914999999999999858e+01,7.480667099999999436e+02,-8.965877000000000407e+02,-8.781189200000000028e+02,-4.869802400000000087e-01,9.716641700000000128e+03,1.147422900000000023e+00
4.920000000000000284e+01,7.819939000000000533e+02,-8.978393399999999929e+02,-8.785329400000000533e+02,6.007471799999999917e-02,9.716641700000000128e+03,1.147422900000000023e+00
4.925000000000000000e+01,7.797306700000000319e+02,-8.989386799999999766e+02,-8.796881499999999505e+02,-1.389546700000000301e-01,9.716641700000000128e+03,1.147422900000000023e+00
4.929999999999999716e+01,7.259364500000000362e+02,-8.988572100000000091e+02,-8.809347900000000209e+02,-6.357410400000000628e-02,9.716641700000000128e+03,1.147422900000000023e+00
4.935000000000000142e+01,6.988105000000000473e+02,-8.986514399999999796e+02,-8.813987300000000005e+02,-1.181417899999999965e-01,9.716641700000000128e+03,1.147422900000000023e+00
4.939999999999999858e+01,6.267140699999999924e+02,-8.969972800000000461e+02,-8.815245400000000018e+02,-3.216054500000000566e-02,9.716641700000000128e+03,1.147422900000000023e+00
4.945000000000000284e+01,6.565256200000000035e+02,-8.974243199999999661e+02,-8.812155599999999822e+02,1.466552500000000148e-01,9.716641700000000128e+03,1.147422900000000023e+00
4.950000000000000000e+01,6.992651299999999992e+02,-8.977466799999999694e+02,-8.804827400000000353e+02,-1.584043400000000046e-01,9.716641700000000128e+03,1.147422900000000023e+00
4.954999999999999716e+01,7.002087599999999838e+02,-8.969604500000000371e+02,-8.796732200000000148e+02,1.919846900000000134e-01,9.716641700000000128e+03,1.147422900000000023e+00
4.960000000000000142e+01,7.351756800000000567e+02,-8.970060200000000350e+02,-8.788555000000000064e+02,5.704855500000000600e-03,9.716641700000000128e+03,1.147422900000000023e+00
4.964999999999999858e+01,6.979057699999999613e+02,-8.956228399999999965e+02,-8.783924600000000282e+02,-1.334676500000000210e-01,9.716641700000000128e+03,1.147422900000000023e+00
4.970000000000000284e+01,7.342112300000000005e+02,-8.961728200000000015e+02,-8.780461099999999988e+02,8.986021300000000822e-02,9.716641700000000128e+03,1.147422900000000023e+00
4.975000000000000000e+01,7.064711300000000165e+02,-8.952043800000000147e+02,-8.777625399999999445e+02,-1.433307500000000068e-02,9.716641700000000128e+03,1.147422900000000023e+00
4.979999999999999716e+01,7.216989200000000437e+02,-8.954216099999999869e+02,-8.776038200000000415e+02,7.347426299999999799e-02,9.716641700000000128e+03,1.147422900000000023e+00
4.985000000000000142e+01,7.300301799999999730e+02,-8.958691900000000032e+02,-8.778457100000000537e+02,-8.138335500000000444e-02,9.716641700000000128e+03,1.147422900000000023e+00
4.989999999999999858e+01,7.270874000000000024e+02,-8.966835099999999557e+02,-8.787326799999999594e+02,2.281233700000000197e-01,9.716641700000000128e+03,1.147422900000000023e+00
4.995000000000000284e+01,6.474626500000000533e+02,-8.960555200000000013e+02,-8.800705199999999877e+02,7.132768999999999915e-02,9.716641700000000128e+03,1.147422900000000023e+00
5.000000000000000000e+01,6.544540600000000268e+02,-8.969412300000000187e+02,-8.807836200000000417e+02,1.654018299999999997e-01,9.716641700000000128e+03,1.147422900000000023e+00
5.004999999999999716e+01,6.653746700000000374e+02,-8.974727599999999939e+02,-8.810455299999999852e+02,-3.286118399999999884e-01,9.716641700000000128e+03,1.147422900000000023e+00
5.010000000000000142e+01,6.560565599999999904e+02,-8.971724699999999757e+02,-8.809752899999999727e+02,1.781640500000000182e-01,9.716641700000000128e+03,1.147422900000000023e+00
5.014999999999999858e+01,6.968468400000000429e+02,-8.975434699999999566e+02,-8.803392300000000432e+02,1.523017299999999963e-02,9.716641700000000128e+03,1.147422900000000023e+00
5.020000000000000284e+01,6.997448000000000548e+02,-8.966549499999999853e+02,-8.793791700000000446e+02,-4.601029200000000124e-02,9.716641700000000128e+03,1.147422900000000023e+00
5.025000000000000000e+01,7.449258999999999560e+02,-8.966568600000000515e+02,-8.782656100000000379e+02,-1.043559600000000115e-01,9.716641700000000128e+03,1.147422900000000023e+00
5.029999999999999716e+01,7.747984999999999900e+02,-8.970565900000000283e+02,-8.779278399999999465e+02,1.578493800000000113e-01,9.716641700000000128e+03,1.147422900000000023e+00
5.035000000000000142e+01,7.562994200000000546e+02,-8.971266500000000406e+02,-8.784546100000000024e+02,-1.528949599999999964e-01,9.716641700000000128e+03,1.147422900000000023e+00
5.039999999999999858e+01,6.705658600000000433e+02,-8.955522499999999582e+02,-8.789968599999999697e+02,8.073427600000000759e-02,9.716641700000000128e+03,1.147422900000000023e+00
5.045000000000000284e+01,7.549997600000000375e+02,-8.978561099999999442e+02,-8.792161499999999705e+02,-4.606825400000000292e-02,9.716641700000000128e+03,1.147422900000000023e+00
5.050000000000000000e+01,6.839247599999999920e+02,-8.965125299999999697e+02,-8.796273200000000543e+02,-2.172004500000000171e-01,9.716641700000000128e+03,1.147422900000000023e+00
5.054999999999999716e+01,7.075663399999999683e+02,-8.972449400000000423e+02,-8.797760600000000295e+02,-1.140674600000000094e-01,9.716641700000000128e+03,1.147422900000000023e+00
5.060000000000000142e+01,6.764307099999999764e+02,-8.965929099999999607e+02,-8.798927200000000539e+02,8.970930700000000202e-02,9.716641700000000128e+03,1.147422900000000023e+00
5.064999999999999858e+01,6.645125100000000202e+02,-8.962388600000000451e+02,-8.798329199999999446e+02,-9.560515199999999880e-02,9.716641700000000128e+03,1.147422900000000023e+00
5.070000000000000284e+01,6.773150000000000546e+02,-8.964698399999999765e+02,-8.797478200000000470e+02,2.227488999999999858e-02,9.716641700000000128e+03,1.147422900000000023e+00
5.075000000000000000e+01,7.246055199999999559e+02,-8.976576199999999517e+02,-8.797680599999999913e+02,3.504811199999999932e-02,9.716641700000000128e+03,1.147422900000000023e+00
5.079999999999999716e+01,6.669666499999999587e+02,-8.968791700000000446e+02,-8.804126300000000356e+02,5.764533100000000104e-02,9.716641700000000128e+03,1.147422900000000023e+00
5.085000000000000142e+01,6.501974500000000035e+02,-8.977958999999999605e+02,-8.817433800000000019e+02,1.005818800000000089e-02,9.716641700000000128e+03,1.147422900000000023e+00
5.089999999999999858e+01,6.142540800000000445e+02,-8.977412199999999984e+02,-8.825760900000000220e+02,-5.939209899999999681e-02,9.716641700000000128e+03,1.147422900000000023e+00
5.095000000000000284e+01,6.425582200000000057e+02,-8.985023099999999658e+02,-8.826383899999999585e+02,-4.314982900000000066e-02,9.716641700000000128e+03,1.147422900000000023e+00
5.100000000000000000e+01,6.992123100000000022e+02,-8.994838300000000118e+02,-8.822211999999999534e+02,-1.018352400000000074e-01,9.716641700000000128e+03,1.147422900000000023e+00
5.104999999999999716e+01,6.835626600000000508e+02,-8.983769399999999905e+02,-8.815006799999999885e+02,9.675452600000000736e-02,9.716641700000000128e+03,1.147422900000000023e+00
5.110000000000000142e+01,7.132113399999999501e+02,-8.980474400000000514e+02,-8.804391900000000533e+02,3.239216300000000159e-02,9.716641700000000128e+03,1.147422900000000023e+00
5.114999999999999858e+01,7.496972399999999652e+02,-8.982230399999999690e+02,-8.797140000000000555e+02,-1.302090600000000153e-01,9.716641700000000128e+03,1.147422900000000023e+00
5.120000000000000284e+01,7.083702100000000428e+02,-8.969990900000000238e+02,-8.795103500000000167e+02,1.261420800000000175e-01,9.716641700000000128e+03,1.147422900000000023e+00
5.125000000000000000e+01,7.410789399999999887e+02,-8.978220000000000027e+02,-8.795257299999999532e+02,1.224310600000000082e-01,9.716641700000000128e+03,1.147422900000000023e+00
5.129999999999999716e+01,7.153061500000000024e+02,-8.979731100000000197e+02,-8.803131399999999758e+02,8.302323000000000341e-02,9.716641700000000128e+03,1.147422900000000023e+00
5.135000000000000142e+01,6.816762800000000198e+02,-8.986203400000000556e+02,-8.817906500000000278e+02,-1.411109000000000113e-01,9.716641700000000128e+03,1.147422900000000023e+00
5.139999999999999858e+01,6.368783100000000559e+02,-8.984744600000000219e+02,-8.827507699999999886e+02,-2.429028300000000140e-01,9.716641700000000128e+03,1.147422900000000023e+00
5.145000000000000284e+01,6.355411199999999781e+02,-8.987603100000000040e+02,-8.830696400000000494e+02,2.431874899999999784e-01,9.716641700000000128e+03,1.147422900000000023e+00
5.150000000000000000e+01,6.443664700000000494e+02,-8.986949799999999868e+02,-8.827864200000000210e+02,-2.643226399999999976e-01,9.716641700000000128e+03,1.147422900000000023e+00
5.154999999999999716e+01,6.638706499999999551e+02,-8.980864299999999503e+02,-8.816963399999999638e+02,2.055941200000000191e-01,9.716641700000000128e+03,1.147422900000000023e+00
5.160000000000000142e+01,7.223265300000000479e+02,-8.983530600000000277e+02,-8.805197699999999941e+02,-3.344166200000000047e-03,9.716641700000000128e+03,1.147422900000000023e+00
5.164999999999999858e+01,6.935476400000000012e+02,-8.970280199999999695e+02,-8.799052400000000489e+02,1.251726699999999859e-01,9.716641700000000128e+03,1.147422900000000023e+00
5.170000000000000284e+01,7.171746699999999919e+02,-8.971283200000000306e+02,-8.794222200000000385e+02,-1.392714200000000069e-01,9.716641700000000128e+03,1.147422900000000023e+00
5.175000000000000000e+01,7.154299200000000383e+02,-8.967852500000000191e+02,-8.791222299999999450e+02,-4.558411200000000302e-02,9.716641700000000128e+03,1.147422900000000023e+00
5.179999999999999716e+01,7.518469300000000430e+02,-8.974585499999999456e+02,-8.788964399999999841e+02,1.118983100000000008e-01,9.716641700000000128e+03,1.147422900000000023e+00
5.185000000000000142e+01,7.042371200000000044e+02,-8.962986700000000155e+02,-8.789119699999999966e+02,3.721735800000000594e-02,9.716641700000000128e+03,1.147422900000000023e+00
5.189999999999999858e+01,7.692562400000000480e+02,-8.982046400000000403e+02,-8.792127100000000155e+02,2.130670100000000011e-01,9.716641700000000128e+03,1.147422900000000023e+00
5.195000000000000284e+01,6.401988099999999804e+02,-8.963156400000000303e+02,-8.805099699999999530e+02,-3.689750800000000108e-01,9.716641700000000128e+03,1.147422900000000023e+00
5.200000000000000000e+01,6.841484799999999495e+02,-8.985302299999999605e+02,-8.816395099999999729e+02,1.505215500000000040e-01,9.716641700000000128e+03,1.147422900000000023e+00
5.204999999999999716e+01,6.631494999999999891e+02,-8.986956000000000131e+02,-8.823233099999999922e+02,6.984530899999999431e-02,9.716641700000000128e+03,1.147422900000000023e+00
5.210000000000000142e+01,6.995729300000000421e+02,-8.998640199999999822e+02,-8.825924800000000232e+02,-9.883005000000001650e-02,9.716641700000000128e+03,1.147422900000000023e+00
5.214999999999999858e+01,7.039018800000000056e+02,-9.000505100000000311e+02,-8.826721000000000004e+02,-1.160181500000000004e-01,9.716641700000000128e+03,1.147422900000000023e+00
5.220000000000000284e+01,7.134784100000000535e+02,-9.000898399999999810e+02,-8.824749900000000480e+02,1.054903800000000086e-01,9.716641700000000128e+03,1.147422900000000023e+00
5.225000000000000000e+01,6.855628400000000511e+02,-8.988342599999999720e+02,-8.819086099999999533e+02,-2.257249999999999882e-02,9.716641700000000128e+03,1.147422900000000023e+00
5.229999999999999716e+01,6.980124399999999696e+02,-8.976617700000000468e+02,-8.804287600000000111e+02,-1.560291800000000173e-01,9.716641700000000128e+03,1.147422900000000023e+00
5.235000000000000142e+01,8.183771600000000035e+02,-8.989799500000000307e+02,-8.787752900000000409e+02,3.439603200000000416e-01,9.716641700000000128e+03,1.147422900000000023e+00
5.239999999999999858e+01,7.066820900000000165e+02,-8.961284600000000182e+02,-8.786814100000000280e+02,-1.350444500000000103e-01,9.716641700000000128e+03,1.147422900000000023e+00
5.245000000000000284e+01,7.187020199999999477e+02,-8.967502299999999877e+02,-8.790064200000000483e+02,2.062463100000000091e-02,9.716641700000000128e+03,1.147422900000000023e+00
5.250000000000000000e+01,7.340182700000000295e+02,-8.977554599999999709e+02,-8.796335100000000011e+02,-1.625736900000000068e-02,9.716641700000000128e+03,1.147422900000000023e+00
5.254999999999999716e+01,7.211723600000000260e+02,-8.983359400000000505e+02,-8.805311400000000503e+02,6.275492500000000307e-02,9.716641700000000128e+03,1.147422900000000023e+00
5.260000000000000142e+01,6.606527899999999818e+02,-8.977705899999999701e+02,-8.814599399999999605e+02,1.973274500000000153e-01,9.716641700000000128e+03,1.147422900000000023e+00
5.264999999999999858e+01,6.601579500000000280e+02,-8.982287099999999782e+02,-8.819302800000000389e+02,-3.471399099999999960e-02,9.716641700000000128e+03,1.147422900000000023e+00
5.270000000000000284e+01,6.695124600000000328e+02,-8.984514699999999721e+02,-8.819220900000000256e+02,6.375642600000000493e-02,9.716641700000000128e+03,1.147422900000000023e+00
5.275000000000000000e+01,6.860078899999999749e+02,-8.983490299999999706e+02,-8.814123899999999594e+02,-1.301548200000000044e-01,9.716641700000000128e+03,1.147422900000000023e+00
5.279999999999999716e+01,6.830926299999999856e+02,-8.974348800000000210e+02,-8.805702199999999493e+02,2.463951000000000058e-01,9.716641700000000128e+03,1.147422900000000023e+00
5.285000000000000142e+01,7.192822599999999511e+02,-8.976812700000000405e+02,-8.799231399999999894e+02,-3.059931399999999968e-01,9.716641700000000128e+03,1.147422900000000023e+00
5.289999999999999858e+01,6.737062200000000303e+02,-8.961929699999999457e+02,-8.795600500000000466e+02,-9.123357899999999521e-02,9.716641700000000128e+03,1.147422900000000023e+00
5.295000000000000284e+01,7.406609799999999950e+02,-8.976058000000000447e+02,-8.793198499999999740e+02,-2.171832900000000011e-01,9.716641700000000128e+03,1.147422900000000023e+00
5.300000000000000000e+01,6.656548000000000229e+02,-8.957950299999999970e+02,-8.793608900000000403e+02,-2.408789400000000136e-01,9.716641700000000128e+03,1.147422900000000023e+00
5.304999999999999716e+01,7.074162900000000036e+02,-8.968841400000000021e+02,-8.794189599999999700e+02,1.820886000000000171e-01,9.716641700000000128e+03,1.147422900000000023e+00
5.310000000000000142e+01,7.396010700000000497e+02,-8.981241099999999733e+02,-8.798643299999999954e+02,-1.431830900000000129e-01,9.716641700000000128e+03,1.147422900000000023e+00
5.314999999999999858e+01,7.026834300000000439e+02,-8.979705199999999650e+02,-8.806221900000000460e+02,1.197795599999999933e-01,9.716641700000000128e+03,1.147422900000000023e+00
5.320000000000000284e+01,7.160878300000000536e+02,-8.990647900000000163e+02,-8.813855200000000423e+02,-2.433445100000000347e-02,9.716641700000000128e+03,1.147422900000000023e+00
5.325000000000000000e+01,6.795081000000000131e+02,-8.990617300000000114e+02,-8.822855600000000322e+02,-7.621824500000000391e-02,9.716641700000000128e+03,1.147422900000000023e+00
5.329999999999999716e+01,6.421128800000000183e+02,-8.986703999999999724e+02,-8.828174800000000459e+02,3.697702099999999881e-01,9.716641700000000128e+03,1.147422900000000023e+00
5.335000000000000142e+01,6.750435400000000072e+02,-8.994254600000000437e+02,-8.827595199999999522e+02,-2.143078900000000009e-01,9.716641700000000128e+03,1.147422900000000023e+00
5.339999999999999858e+01,6.451885600000000522e+02,-8.978212499999999636e+02,-8.818923899999999776e+02,1.338788000000000200e-01,9.716641700000000128e+03,1.147422900000000023e+00
5.345000000000000284e+01,7.469716200000000299e+02,-8.981751000000000431e+02,-8.797333499999999731e+02,-3.725729299999999689e-02,9.716641700000000128e+03,1.147422900000000023e+00
5.350000000000000000e+01,7.096388299999999845e+02,-8.965150099999999611e+02,-8.789949599999999919e+02,6.683995099999999467e-02,9.716641700000000128e+03,1.147422900000000023e+00
5.354999999999999716e+01,7.132162499999999454e+02,-8.964513100000000350e+02,-8.788429300000000239e+02,-5.357260800000000767e-02,9.716641700000000128e+03,1.147422900000000023e+00
5.360000000000000142e+01,7.348578199999999470e+02,-8.971103900000000522e+02,-8.789677199999999857e+02,-1.720180000000000042e-01,9.716641700000000128e+03,1.147422900000000023e+00
5.364999999999999858e+01,7.181631300000000238e+02,-8.974276800000000094e+02,-8.796971800000000030e+02,4.559874700000000197e-02,9.716641700000000128e+03,1.147422900000000023e+00
5.370000000000000284e+01,6.926969400000000405e+02,-8.978032399999999598e+02,-8.807014599999999973e+02,-6.210827000000000361e-03,9.716641700000000128e+03,1.147422900000000023e+00
5.375000000000000000e+01,6.953831099999999878e+02,-8.987975300000000516e+02,-8.816294299999999566e+02,6.345539599999999725e-02,9.716641700000000128e+03,1.147422900000000023e+00
5.379999999999999716e+01,6.249904800000000478e+02,-8.976172500000000127e+02,-8.821870599999999740e+02,1.745793600000000168e-01,9.716641700000000128e+03,1.147422900000000023e+00
5.385000000000000142e+01,6.962048600000000533e+02,-8.993062899999999900e+02,-8.821178999999999633e+02,-3.807173100000000449e-02,9.716641700000000128e+03,1.147422900000000023e+00
5.389999999999999858e+01,7.392811699999999746e+02,-9.003272600000000239e+02,-8.820753799999999956e+02,2.108403899999999886e-01,9.716641700000000128e+03,1.147422900000000023e+00
5.395000000000000284e+01,6.114219799999999623e+02,-8.974232200000000148e+02,-8.823280099999999493e+02,-1.798297000000000090e-02,9.716641700000000128e+03,1.147422900000000023e+00
5.400000000000000000e+01,7.205219899999999598e+02,-8.998398100000000568e+02,-8.820510600000000068e+02,1.104044200000000031e-01,9.716641700000000128e+03,1.147422900000000023e+00
5.404999999999999716e+01,7.487411100000000488e+02,-8.998895700000000488e+02,-8.814041300000000092e+02,-5.394817600000000046e-02,9.716641700000000128e+03,1.147422900000000023e+00
5.410000000000000142e+01,7.012541099999999687e+02,-8.980209800000000087e+02,-8.807079300000000330e+02,-1.533854500000000065e-01,9.716641700000000128e+03,1.147422900000000023e+00
5.414999999999999858e+01,7.577842600000000175e+02,-8.984460199999999759e+02,-8.797373199999999542e+02,1.001923700000000167e-01,9.716641700000000128e+03,1.147422900000000023e+00
5.420000000000000284e+01,8.037366100000000415e+02,-8.991244000000000369e+02,-8.792811900000000378e+02,-1.822228100000000336e-02,9.716641700000000128e+03,1.147422900000000023e+00
5.425000000000000000e+01,7.186001400000000103e+02,-8.975703200000000379e+02,-8.798290200000000141e+02,7.466662500000000036e-02,9.716641700000000128e+03,1.147422900000000023e+00
5.429999999999999716e+01,7.323993799999999510e+02,-8.989338299999999435e+02,-8.808518500000000131e+02,2.549774900000000288e-01,9.716641700000000128e+03,1.147422900000000023e+00
5.435000000000000142e+01,6.407268800000000510e+02,-8.978175700000000461e+02,-8.819988700000000108e+02,1.585459300000000016e-01,9.716641700000000128e+03,1.147422900000000023e+00
5.439999999999999858e+01,6.933657799999999725e+02,-8.993635799999999563e+02,-8.822452899999999545e+02,-3.555280400000000035e-02,9.716641700000000128e+03,1.147422900000000023e+00
5.445000000000000284e+01,7.608589799999999741e+02,-9.010824499999999944e+02,-8.822978399999999510e+02,1.963605999999999963e-01,9.716641700000000128e+03,1.147422900000000023e+00
5.450000000000000000e+01,6.660933199999999488e+02,-8.988382400000000416e+02,-8.823932700000000295e+02,-1.317800799999999939e-01,9.716641700000000128e+03,1.147422900000000023e+00
5.454999999999999716e+01,6.799990400000000363e+02,-8.987880499999999984e+02,-8.819997600000000375e+02,4.051104400000000300e-02,9.716641700000000128e+03,1.147422900000000023e+00
5.460000000000000142e+01,6.845469799999999623e+02,-8.981094799999999623e+02,-8.812089099999999462e+02,8.085737299999999628e-02,9.716641700000000128e+03,1.147422900000000023e+00
5.464999999999999858e+01,8.146040900000000420e+02,-8.996153500000000349e+02,-8.795038500000000568e+02,-3.082374100000000172e-02,9.716641700000000128e+03,1.147422900000000023e+00
5.470000000000000284e+01,8.164718400000000429e+02,-8.986864500000000362e+02,-8.785288299999999708e+02,1.117597300000000016e-01,9.716641700000000128e+03,1.147422900000000023e+00
5.475000000000000000e+01,7.646362199999999802e+02,-8.977480199999999968e+02,-8.788701600000000553e+02,5.704615199999999581e-02,9.716641700000000128e+03,1.147422900000000023e+00
5.479999999999999716e+01,7.834351400000000467e+02,-8.988394200000000183e+02,-8.794974300000000085e+02,1.999735300000000104e-01,9.716641700000000128e+03,1.147422900000000023e+00
5.485000000000000142e+01,7.017563300000000481e+02,-8.973777499999999918e+02,-8.800523100000000341e+02,-9.854104500000000766e-02,9.716641700000000128e+03,1.147422900000000023e+00
5.489999999999999858e+01,7.069279000000000224e+02,-8.980378600000000233e+02,-8.805847400000000107e+02,2.329496400000000134e-01,9.716641700000000128e+03,1.147422900000000023e+00
5.495000000000000284e+01,6.301820599999999786e+02,-8.966651699999999892e+02,-8.811068099999999959e+02,8.376858700000000546e-02,9.716641700000000128e+03,1.147422900000000023e+00
5.500000000000000000e+01,7.420447299999999586e+02,-8.996317099999999982e+02,-8.813115999999999985e+02,-1.936850600000000061e-02,9.716641700000000128e+03,1.147422900000000023e+00
5.504999999999999716e+01,7.193592099999999618e+02,-8.997475200000000086e+02,-8.819874899999999798e+02,-1.479190100000000174e-01,9.716641700000000128e+03,1.147422900000000023e+00
5.510000000000000142e+01,6.961306799999999839e+02,-8.998987799999999879e+02,-8.827122299999999768e+02,-1.577630299999999985e-01,9.716641700000000128e+03,1.147422900000000023e+00
5.514999999999999858e+01,6.598127100000000382e+02,-8.995709900000000516e+02,-8.832810799999999745e+02,-2.060124200000000294e-01,9.716641700000000128e+03,1.147422900000000023e+00
5.520000000000000284e+01,6.175983300000000327e+02,-8.988983699999999999e+02,-8.836506699999999910e+02,8.959327600000001335e-02,9.716641700000000128e+03,1.147422900000000023e+00
5.525000000000000000e+01,6.632064800000000560e+02,-8.997651299999999992e+02,-8.833914399999999887e+02,-4.011708400000000424e-02,9.716641700000000128e+03,1.147422900000000023e+00
5.529999999999999716e+01,7.300432600000000321e+02,-8.997246199999999590e+02,-8.817008100000000468e+02,2.567274100000000239e-02,9.716641700000000128e+03,1.147422900000000023e+00
5.535000000000000142e+01,7.072297099999999546e+02,-8.976714799999999741e+02,-8.802109000000000378e+02,-2.502229899999999785e-01,9.716641700000000128e+03,1.147422900000000023e+00
5.539999999999999858e+01,7.494490600000000313e+02,-8.981240599999999858e+02,-8.796211499999999432e+02,1.922035200000000166e-01,9.716641700000000128e+03,1.147422900000000023e+00
5.545000000000000284e+01,6.914936900000000151e+02,-8.968221899999999778e+02,-8.797501200000000381e+02,-8.925601799999999253e-02,9.716641700000000128e+03,1.147422900000000023e+00
5.550000000000000000e+01,6.755095599999999649e+02,-8.965479299999999512e+02,-8.798704900000000180e+02,-1.943646699999999894e-02,9.716641700000000128e+03,1.147422900000000023e+00
5.554999999999999716e+01,7.370095900000000029e+02,-8.982571000000000367e+02,-8.800612999999999602e+02,-1.260005800000000009e-01,9.716641700000000128e+03,1.147422900000000023e+00
5.560000000000000142e+01,6.699544399999999769e+02,-8.973762199999999893e+02,-8.808359199999999873e+02,-1.198717000000000116e-01,9.716641700000000128e+03,1.147422900000000023e+00
5.564999999999999858e+01,6.250740700000000061e+02,-8.969630700000000161e+02,-8.815308099999999740e+02,-3.341412199999999749e-02,9.716641700000000128e+03,1.147422900000000023e+00
5.570000000000000284e+01,6.986351899999999659e+02,-8.990799200000000155e+02,-8.818315300000000434e+02,-3.534062800000000171e-01,9.716641700000000128e+03,1.147422900000000023e+00
5.575000000000000000e+01,6.824302999999999884e+02,-8.989936500000000024e+02,-8.821453500000000076e+02,-7.905869300000001321e-02,9.716641700000000128e+03,1.147422900000000023e+00
5.579999999999999716e+01,6.200338000000000420e+02,-8.980539199999999482e+02,-8.827460999999999558e+02,5.932673900000000333e-02,9.716641700000000128e+03,1.147422900000000023e+00
5.585000000000000142e+01,6.392719799999999850e+02,-8.989648200000000315e+02,-8.831820300000000543e+02,-3.008176200000000078e-01,9.716641700000000128e+03,1.147422900000000023e+00
5.589999999999999858e+01,6.612832600000000411e+02,-8.995736799999999675e+02,-8.832474600000000464e+02,1.445914100000000035e-01,9.716641700000000128e+03,1.147422900000000023e+00
5.595000000000000284e+01,6.521212000000000444e+02,-8.989520700000000488e+02,-8.828520499999999629e+02,-2.122391299999999981e-01,9.716641700000000128e+03,1.147422900000000023e+00
5.600000000000000000e+01,6.817339600000000246e+02,-8.985449999999999591e+02,-8.817138899999999921e+02,-9.266388799999999981e-02,9.716641700000000128e+03,1.147422900000000023e+00
5.604999999999999716e+01,6.900160799999999881e+02,-8.976126299999999674e+02,-8.805770400000000109e+02,-1.612509199999999920e-01,9.716641700000000128e+03,1.147422900000000023e+00
5.610000000000000142e+01,7.421303799999999455e+02,-8.981957499999999754e+02,-8.798735199999999850e+02,1.633411700000000077e-01,9.716641700000000128e+03,1.147422900000000023e+00
5.614999999999999858e+01,6.932618899999999940e+02,-8.968718999999999824e+02,-8.797561699999999973e+02,2.460218899999999931e-01,9.716641700000000128e+03,1.147422900000000023e+00
5.620000000000000284e+01,7.263767400000000407e+02,-8.975942900000000009e+02,-8.796609999999999445e+02,-1.566348600000000146e-01,9.716641700000000128e+03,1.147422900000000023e+00
5.625000000000000000e+01,7.593388099999999667e+02,-8.983778700000000299e+02,-8.796307900000000473e+02,1.327217699999999889e-01,9.716641700000000128e+03,1.147422900000000023e+00
5.629999999999999716e+01,6.545182099999999537e+02,-8.962347300000000132e+02,-8.800755400000000463e+02,-4.046620500000000509e-02,9.716641700000000128e+03,1.147422900000000023e+00
5.635000000000000142e+01,6.953444899999999507e+02,-8.980236099999999624e+02,-8.808564699999999448e+02,8.957637000000000238e-02,9.716641700000000128e+03,1.147422900000000023e+00
5.639999999999999858e+01,7.146759899999999561e+02,-8.997375200000000177e+02,-8.820931000000000495e+02,-1.383994799999999914e-01,9.716641700000000128e+03,1.147422900000000023e+00
5.645000000000000284e+01,6.250451699999999846e+02,-8.985597000000000207e+02,-8.831281599999999798e+02,2.960208799999999862e-01,9.716641700000000128e+03,1.147422900000000023e+00
5.650000000000000000e+01,6.741564300000000003e+02,-9.000999299999999721e+02,-8.834558899999999539e+02,-1.972869700000000059e-01,9.716641700000000128e+03,1.147422900000000023e+00
5.654999999999999716e+01,6.466722700000000259e+02,-8.992741300000000138e+02,-8.833086399999999685e+02,8.569959100000000551e-02,9.716641700000000128e+03,1.147422900000000023e+00
5.660000000000000142e+01,6.965921700000000101e+02,-8.996393000000000484e+02,-8.824413500000000568e+02,4.421669999999999767e-02,9.716641700000000128e+03,1.147422900000000023e+00
5.664999999999999858e+01,6.864956499999999551e+02,-8.984608799999999746e+02,-8.815122099999999818e+02,-2.067360299999999873e-01,9.716641700000000128e+03,1.147422900000000023e+00
5.670000000000000284e+01,7.316500700000000279e+02,-8.986720599999999877e+02,-8.806085799999999608e+02,-1.167334599999999972e-01,9.716641700000000128e+03,1.147422900000000023e+00
5.675000000000000000e+01,7.071528499999999440e+02,-8.975444899999999961e+02,-8.800858100000000377e+02,-3.434456200000000070e-01,9.716641700000000128e+03,1.147422900000000023e+00
5.679999999999999716e+01,7.796033899999999903e+02,-8.992036799999999630e+02,-8.799562899999999672e+02,-2.478725100000000181e-01,9.716641700000000128e+03,1.147422900000000023e+00
5.685000000000000142e+01,7.640165100000000393e+02,-8.993281600000000253e+02,-8.804655900000000202e+02,-7.177092100000000141e-02,9.716641700000000128e+03,1.147422900000000023e+00
5.689999999999999858e+01,6.985349700000000439e+02,-8.983963599999999587e+02,-8.811504499999999780e+02,-9.692306600000000216e-02,9.716641700000000128e+03,1.147422900000000023e+00
5.695000000000000284e+01,6.347993300000000545e+02,-8.972757000000000289e+02,-8.816033300000000281e+02,-1.777358300000000113e-01,9.716641700000000128e+03,1.147422900000000023e+00
5.700000000000000000e+01,7.111286700000000565e+02,-8.991682200000000194e+02,-8.816113900000000285e+02,-6.924325900000000145e-02,9.716641700000000128e+03,1.147422900000000023e+00
5.704999999999999716e+01,6.480149999999999864e+02,-8.977749800000000278e+02,-8.817763400000000047e+02,-9.392485700000000048e-02,9.716641700000000128e+03,1.147422900000000023e+00
5.710000000000000142e+01,6.621838699999999562e+02,-8.980570400000000291e+02,-8.817085899999999583e+02,-2.197595200000000415e-01,9.716641700000000128e+03,1.147422900000000023e+00
5.714999999999999858e+01,6.863201900000000251e+02,-8.977706699999999955e+02,-8.808263299999999845e+02,-2.789112300000000100e-01,9.716641700000000128e+03,1.147422900000000023e+00
5.720000000000000284e+01,7.611648400000000265e+02,-8.981083599999999478e+02,-8.793161999999999807e+02,-8.862907700000000055e-02,9.716641700000000128e+03,1.147422900000000023e+00
5.725000000000000000e+01,7.113097400000000334e+02,-8.962736400000000003e+02,-8.787123400000000402e+02,-3.378265000000000295e-01,9.716641700000000128e+03,1.147422900000000023e+00
5.729999999999999716e+01,7.516846100000000206e+02,-8.970750199999999950e+02,-8.785169200000000274e+02,2.128095400000000123e-02,9.716641700000000128e+03,1.147422900000000023e+00
5.735000000000000142e+01,7.495319500000000517e+02,-8.972220499999999674e+02,-8.787170899999999847e+02,-1.987309600000000120e-01,9.716641700000000128e+03,1.147422900000000023e+00
5.739999999999999858e+01,7.377358799999999519e+02,-8.978388200000000552e+02,-8.796250900000000001e+02,7.885547600000000767e-03,9.716641700000000128e+03,1.147422900000000023e+00
5.745000000000000284e+01,6.816383299999999963e+02,-8.974814199999999573e+02,-8.806526699999999437e+02,-6.928211300000000628e-02,9.716641700000000128e+03,1.147422900000000023e+00
5.750000000000000000e+01,6.535443199999999706e+02,-8.970095700000000534e+02,-8.808744199999999864e+02,-1.509210200000000168e-01,9.716641700000000128e+03,1.147422900000000023e+00
5.754999999999999716e+01,7.086582200000000284e+02,-8.982279200000000401e+02,-8.807320799999999963e+02,6.420327800000000251e-02,9.716641700000000128e+03,1.147422900000000023e+00
5.760000000000000142e+01,6.857422800000000507e+02,-8.976184299999999894e+02,-8.806883500000000140e+02,1.488210500000000103e-01,9.716641700000000128e+03,1.147422900000000023e+00
5.764999999999999858e+01,7.289004800000000159e+02,-8.984028399999999692e+02,-8.804072400000000016e+02,-2.128669100000000203e-01,9.716641700000000128e+03,1.147422900000000023e+00
5.770000000000000284e+01,7.090602999999999838e+02,-8.978814899999999852e+02,-8.803757200000000012e+02,5.182163199999999942e-02,9.716641700000000128e+03,1.147422900000000023e+00
5.775000000000000000e+01,7.419358999999999469e+02,-8.990598700000000463e+02,-8.807424499999999625e+02,-1.729798899999999973e-01,9.716641700000000128e+03,1.147422900000000023e+00
5.779999999999999716e+01,6.770765000000000100e+02,-8.985796500000000151e+02,-8.818635199999999941e+02,6.965079299999999557e-03,9.716641700000000128e+03,1.147422900000000023e+00
5.785000000000000142e+01,6.293741300000000365e+02,-8.985584099999999808e+02,-8.830199800000000323e+02,-2.781715399999999949e-01,9.716641700000000128e+03,1.147422900000000023e+00
5.789999999999999858e+01,6.297569600000000491e+02,-8.988755999999999631e+02,-8.833277299999999741e+02,1.429883900000000208e-01,9.716641700000000128e+03,1.147422900000000023e+00
5.795000000000000284e+01,7.049502999999999702e+02,-9.004164799999999786e+02,-8.830121900000000323e+02,-2.026669300000000229e-01,9.716641700000000128e+03,1.147422900000000023e+00
5.800000000000000000e+01,6.836814600000000155e+02,-8.995768399999999474e+02,-8.826976499999999533e+02,4.384330100000000119e-02,9.716641700000000128e+03,1.147422900000000023e+00
5.804999999999999716e+01,6.956953600000000506e+02,-8.994700900000000274e+02,-8.822942799999999579e+02,-1.328580300000000228e-02,9.716641700000000128e+03,1.147422900000000023e+00
5.810000000000000142e+01,6.941345599999999649e+02,-8.983615999999999531e+02,-8.812243300000000090e+02,1.421931499999999904e-01,9.716641700000000128e+03,1.147422900000000023e+00
5.814999999999999858e+01,7.376902199999999539e+02,-8.973578700000000481e+02,-8.791452699999999822e+02,-8.095317700000001504e-02,9.716641700000000128e+03,1.147422900000000023e+00
5.820000000000000284e+01,7.648752299999999877e+02,-8.971917499999999563e+02,-8.783079800000000432e+02,8.116139100000001327e-02,9.716641700000000128e+03,1.147422900000000023e+00
5.825000000000000000e+01,7.645359499999999571e+02,-8.974461400000000140e+02,-8.785707499999999754e+02,-6.213135800000000458e-02,9.716641700000000128e+03,1.147422900000000023e+00
5.829999999999999716e+01,7.446104800000000523e+02,-8.979889600000000200e+02,-8.796055000000000064e+02,5.888337400000000915e-02,9.716641700000000128e+03,1.147422900000000023e+00
5.835000000000000142e+01,6.822185899999999492e+02,-8.975245599999999513e+02,-8.806814799999999650e+02,-3.959707100000000035e-01,9.716641700000000128e+03,1.147422900000000023e+00
5.839999999999999858e+01,6.722027000000000498e+02,-8.976504499999999780e+02,-8.810546500000000378e+02,1.519677799999999968e-01,9.716641700000000128e+03,1.147422900000000023e+00
5.845000000000000284e+01,6.740046599999999444e+02,-8.976288100000000441e+02,-8.809885199999999941e+02,-1.232740700000000030e-02,9.716641700000000128e+03,1.147422900000000023e+00
5.850000000000000000e+01,7.014271899999999960e+02,-8.978306599999999662e+02,-8.805133399999999710e+02,-3.922239800000000276e-01,9.716641700000000128e+03,1.147422900000000023e+00
5.854999999999999716e+01,7.439903100000000222e+02,-8.983083599999999933e+02,-8.799402199999999539e+02,1.443190200000000201e-01,9.716641700000000128e+03,1.147422900000000023e+00
5.860000000000000142e+01,7.872967700000000377e+02,-8.993103499999999713e+02,-8.798730299999999716e+02,-2.255971200000000121e-01,9.716641700000000128e+03,1.147422900000000023e+00
5.864999999999999858e+01,6.802586400000000140e+02,-8.979490600000000313e+02,-8.811543599999999969e+02,1.351821099999999942e-01,9.716641700000000128e+03,1.147422900000000023e+00
5.870000000000000284e+01,6.215300799999999981e+02,-8.980405500000000529e+02,-8.826957899999999881e+02,-8.743149299999999902e-02,9.716641700000000128e+03,1.147422900000000023e+00
5.875000000000000000e+01,6.708631900000000314e+02,-8.995901300000000447e+02,-8.830273899999999685e+02,2.734780600000000575e-02,9.716641700000000128e+03,1.147422900000000023e+00
5.879999999999999716e+01,6.653747600000000375e+02,-8.991882399999999507e+02,-8.827610100000000557e+02,2.434002300000000230e-01,9.716641700000000128e+03,1.147422900000000023e+00
5.885000000000000142e+01,6.416023500000000013e+02,-8.980748300000000199e+02,-8.822345100000000002e+02,-2.960301399999999972e-01,9.716641700000000128e+03,1.147422900000000023e+00
5.889999999999999858e+01,7.032681300000000419e+02,-8.987428499999999758e+02,-8.813800800000000208e+02,2.050783600000000428e-01,9.716641700000000128e+03,1.147422900000000023e+00
5.895000000000000284e+01,7.826313999999999851e+02,-9.001390999999999849e+02,-8.808169500000000198e+02,-3.318212500000000120e-01,9.716641700000000128e+03,1.147422900000000023e+00
5.900000000000000000e+01,6.716721800000000258e+02,-8.976839700000000448e+02,-8.811012600000000248e+02,4.007010499999999822e-03,9.716641700000000128e+03,1.147422900000000023e+00
5.904999999999999716e+01,6.911719399999999496e+02,-8.983812699999999722e+02,-8.813171399999999949e+02,-2.308822799999999953e-01,9.716641700000000128e+03,1.147422900000000023e+00
5.910000000000000142e+01,6.920457000000000107e+02,-8.986712999999999738e+02,-8.815855999999999995e+02,3.840980000000000089e-02,9.716641700000000128e+03,1.147422900000000023e+00
5.914999999999999858e+01,6.690208599999999706e+02,-8.983149499999999534e+02,-8.817977100000000519e+02,-1.310202700000000220e-01,9.716641700000000128e+03,1.147422900000000023e+00
5.920000000000000284e+01,6.959353300000000218e+02,-8.988732499999999845e+02,-8.816915199999999686e+02,1.445580699999999934e-02,9.716641700000000128e+03,1.147422900000000023e+00
5.925000000000000000e+01,6.804227899999999636e+02,-8.981241099999999733e+02,-8.813253600000000461e+02,-1.625746700000000045e-01,9.716641700000000128e+03,1.147422900000000023e+00
5.929999999999999716e+01,7.423162099999999555e+02,-8.989873900000000049e+02,-8.806605799999999817e+02,4.748727500000000067e-03,9.716641700000000128e+03,1.147422900000000023e+00
5.935000000000000142e+01,7.466975899999999911e+02,-8.987276799999999639e+02,-8.802926999999999680e+02,-7.390752600000000117e-02,9.716641700000000128e+03,1.147422900000000023e+00
5.939999999999999858e+01,7.033954300000000330e+02,-8.977333899999999858e+02,-8.803674800000000005e+02,-1.058950999999999990e-02,9.716641700000000128e+03,1.147422900000000023e+00
5.945000000000000284e+01,7.231243799999999737e+02,-8.985973500000000058e+02,-8.807443600000000288e+02,-7.809533600000000651e-03,9.716641700000000128e+03,1.147422900000000023e+00
5.950000000000000000e+01,7.349652099999999564e+02,-8.996237099999999600e+02,-8.814783800000000156e+02,-1.185132900000000072e-01,9.716641700000000128e+03,1.147422900000000023e+00
5.954999999999999716e+01,6.848980800000000499e+02,-8.992515100000000530e+02,-8.823422699999999850e+02,-2.588626299999999825e-01,9.716641700000000128e+03,1.147422900000000023e+00
5.960000000000000142e+01,6.841583200000000033e+02,-8.998425399999999854e+02,-8.829515699999999470e+02,6.037820500000000423e-02,9.716641700000000128e+03,1.147422900000000023e+00
5.964999999999999858e+01,7.066392200000000230e+02,-9.007110099999999875e+02,-8.832650099999999611e+02,-3.015481700000000390e-02,9.716641700000000128e+03,1.147422900000000023e+00
5.970000000000000284e+01,6.347476699999999710e+02,-8.991439199999999801e+02,-8.834728300000000445e+02,1.056485799999999919e-01,9.716641700000000128e+03,1.147422900000000023e+00
5.975000000000000000e+01,6.460114099999999553e+02,-8.990384500000000116e+02,-8.830892800000000307e+02,-4.280753200000000230e-02,9.716641700000000128e+03,1.147422900000000023e+00
5.979999999999999716e+01,7.024645699999999806e+02,-8.989724099999999680e+02,-8.816294799999999441e+02,-2.433556900000000134e-02,9.716641700000000128e+03,1.147422900000000023e+00
5.985000000000000142e+01,7.468474899999999934e+02,-8.987151699999999437e+02,-8.802764799999999923e+02,1.361448299999999945e-01,9.716641700000000128e+03,1.147422900000000023e+00
5.989999999999999858e+01,7.498489299999999957e+02,-8.982986100000000533e+02,-8.797858199999999442e+02,1.705259100000000028e-01,9.716641700000000128e+03,1.147422900000000023e+00
5.995000000000000284e+01,7.377262399999999616e+02,-8.983651399999999967e+02,-8.801516400000000431e+02,1.119781799999999966e-01,9.716641700000000128e+03,1.147422900000000023e+00
6.000000000000000000e+01,6.740835299999999961e+02,-8.975247200000000021e+02,-8.808824899999999616e+02,-1.661761900000000014e-01,9.716641700000000128e+03,1.147422900000000023e+00
6.004999999999999716e+01,6.545775099999999611e+02,-8.976095100000000002e+02,-8.814488499999999931e+02,1.253421399999999908e-01,9.716641700000000128e+03,1.147422900000000023e+00
6.010000000000000142e+01,6.985192399999999679e+02,-8.990330599999999777e+02,-8.817875299999999470e+02,-1.273760399999999959e-01,9.716641700000000128e+03,1.147422900000000023e+00
6.014999999999999858e+01,7.177245599999999968e+02,-8.997677499999999782e+02,-8.820480700000000525e+02,1.484690600000000173e-02,9.716641700000000128e+03,1.147422900000000023e+00
6.020000000000000284e+01,6.927952599999999848e+02,-8.997883600000000115e+02,-8.826841500000000451e+02,-3.294264300000000062e-02,9.716641700000000128e+03,1.147422900000000023e+00
6.025000000000000000e+01,6.299001299999999901e+02,-8.993062099999999646e+02,-8.837548000000000457e+02,-2.084485000000000157e-02,9.716641700000000128e+03,1.147422900000000023e+00
6.029999999999999716e+01,5.794207199999999602e+02,-8.986953700000000254e+02,-8.843902299999999741e+02,-7.888646500000000283e-02,9.716641700000000128e+03,1.147422900000000023e+00
6.035000000000000142e+01,5.598436299999999619e+02,-8.977819799999999759e+02,-8.839601800000000367e+02,9.579352900000000226e-02,9.716641700000000128e+03,1.147422900000000023e+00
6.039999999999999858e+01,7.013446099999999888e+02,-8.997109799999999495e+02,-8.823957000000000335e+02,1.230238200000000059e-01,9.716641700000000128e+03,1.147422900000000023e+00
6.045000000000000284e+01,6.879583199999999579e+02,-8.983718999999999824e+02,-8.813871100000000069e+02,9.000346700000000366e-02,9.716641700000000128e+03,1.147422900000000023e+00
6.050000000000000000e+01,7.201271299999999655e+02,-8.985196799999999939e+02,-8.807406899999999723e+02,1.451165199999999988e-01,9.716641700000000128e+03,1.147422900000000023e+00
6.054999999999999716e+01,6.632436599999999771e+02,-8.968321999999999434e+02,-8.804575800000000072e+02,8.531524699999999684e-02,9.716641700000000128e+03,1.147422900000000023e+00
6.060000000000000142e+01,6.916705699999999979e+02,-8.973411200000000463e+02,-8.802646799999999985e+02,1.474870899999999874e-01,9.716641700000000128e+03,1.147422900000000023e+00
6.064999999999999858e+01,7.620551799999999503e+02,-8.991186500000000024e+02,-8.803045100000000502e+02,-1.105012400000000145e-01,9.716641700000000128e+03,1.147422900000000023e+00
6.070000000000000284e+01,6.797084800000000087e+02,-8.977805899999999610e+02,-8.809994799999999486e+02,8.055868500000000487e-02,9.716641700000000128e+03,1.147422900000000023e+00
6.075000000000000000e+01,6.522037500000000136e+02,-8.979571399999999812e+02,-8.818550900000000183e+02,-3.905947800000000303e-01,9.716641700000000128e+03,1.147422900000000023e+00
6.079999999999999716e+01,6.756371400000000449e+02,-8.990882800000000543e+02,-8.824076800000000276e+02,5.210818300000000236e-02,9.716641700000000128e+03,1.147422900000000023e+00
6.085000000000000142e+01,6.245549600000000510e+02,-8.981219499999999698e+02,-8.827025099999999611e+02,4.672359599999999918e-02,9.716641700000000128e+03,1.147422900000000023e+00
6.089999999999999858e+01,7.060652099999999791e+02,-8.998829700000000003e+02,-8.824511499999999842e+02,9.577234099999999695e-02,9.716641700000000128e+03,1.147422900000000023e+00
6.095000000000000284e+01,6.835858399999999619e+02,-8.986282999999999674e+02,-8.817514700000000403e+02,1.663814600000000088e-01,9.716641700000000128e+03,1.147422900000000023e+00
6.100000000000000000e+01,7.001756000000000313e+02,-8.977901799999999639e+02,-8.805037700000000314e+02,6.120999800000000157e-02,9.716641700000000128e+03,1.147422900000000023e+00
6.104999999999999716e+01,7.841830899999999929e+02,-8.987859399999999823e+02,-8.794254899999999679e+02,-1.450682600000000044e-01,9.716641700000000128e+03,1.147422900000000023e+00
6.110000000000000142e+01,6.728130200000000514e+02,-8.960478799999999637e+02,-8.794370000000000118e+02,1.271863500000000036e-01,9.716641700000000128e+03,1.147422900000000023e+00
6.114999999999999858e+01,7.273570399999999836e+02,-8.975531200000000354e+02,-8.795956300000000283e+02,-8.540324300000000368e-02,9.716641700000000128e+03,1.147422900000000023e+00
6.120000000000000284e+01,7.032874500000000353e+02,-8.974886199999999690e+02,-8.801253799999999501e+02,1.630647500000000083e-01,9.716641700000000128e+03,1.147422900000000023e+00
6.125000000000000000e+01,7.242884099999999989e+02,-8.990920599999999467e+02,-8.812103299999999990e+02,6.305906700000001031e-02,9.716641700000000128e+03,1.147422900000000023e+00
6.129999999999999716e+01,6.807116300000000138e+02,-8.995802899999999909e+02,-8.827744099999999889e+02,-3.339195799999999936e-02,9.716641700000000128e+03,1.147422900000000023e+00
6.135000000000000142e+01,6.495967900000000554e+02,-8.994342599999999948e+02,-8.833965699999999970e+02,-1.830599000000000245e-03,9.716641700000000128e+03,1.147422900000000023e+00
6.139999999999999858e+01,6.539642099999999800e+02,-8.993653600000000097e+02,-8.832198399999999765e+02,6.002225499999999658e-02,9.716641700000000128e+03,1.147422900000000023e+00
6.145000000000000284e+01,6.891749499999999671e+02,-8.996630900000000111e+02,-8.826482700000000250e+02,5.080855100000000041e-02,9.716641700000000128e+03,1.147422900000000023e+00
6.150000000000000000e+01,6.664298099999999749e+02,-8.984811600000000453e+02,-8.820278799999999819e+02,4.425280500000000790e-03,9.716641700000000128e+03,1.147422900000000023e+00
6.154999999999999716e+01,6.371225899999999456e+02,-8.971980999999999540e+02,-8.814683800000000247e+02,4.769393699999999875e-02,9.716641700000000128e+03,1.147422900000000023e+00
6.160000000000000142e+01,7.194720399999999927e+02,-8.984341799999999694e+02,-8.806713600000000497e+02,-1.164628099999999999e-01,9.716641700000000128e+03,1.147422900000000023e+00
6.164999999999999858e+01,7.041533500000000458e+02,-8.975507800000000316e+02,-8.801661599999999908e+02,9.402896700000000496e-02,9.716641700000000128e+03,1.147422900000000023e+00
6.170000000000000284e+01,7.796403500000000122e+02,-8.993061300000000529e+02,-8.800578400000000556e+02,-1.550442800000000065e-01,9.716641700000000128e+03,1.147422900000000023e+00
6.175000000000000000e+01,7.119246699999999919e+02,-8.981695399999999836e+02,-8.805930600000000368e+02,1.365546599999999944e-01,9.716641700000000128e+03,1.147422900000000023e+00
6.179999999999999716e+01,6.550846500000000106e+02,-8.978083000000000311e+02,-8.816351200000000290e+02,-1.084086100000000025e-01,9.716641700000000128e+03,1.147422900000000023e+00
6.185000000000000142e+01,6.735609399999999596e+02,-8.990671800000000076e+02,-8.824378500000000258e+02,-5.707467799999999675e-02,9.716641700000000128e+03,1.147422900000000023e+00
6.189999999999999858e+01,6.395194199999999682e+02,-8.987102099999999609e+02,-8.829213099999999486e+02,5.709282100000000887e-02,9.716641700000000128e+03,1.147422900000000023e+00
6.195000000000000284e+01,6.784753299999999854e+02,-8.999147100000000137e+02,-8.831640499999999747e+02,-5.117737800000000253e-02,9.716641700000000128e+03,1.147422900000000023e+00
6.200000000000000000e+01,6.806571199999999635e+02,-9.002313100000000077e+02,-8.834267800000000079e+02,2.519088000000000230e-02,9.716641700000000128e+03,1.147422900000000023e+00
6.204999999999999716e+01,6.868107899999999972e+02,-9.003002300000000560e+02,-8.833437699999999495e+02,-1.729773400000000072e-01,9.716641700000000128e+03,1.147422900000000023e+00
6.210000000000000142e+01,6.617352600000000393e+02,-8.991252700000000004e+02,-8.827878899999999476e+02,1.853387500000000243e-01,9.716641700000000128e+03,1.147422900000000023e+00
6.214999999999999858e+01,6.611941100000000233e+02,-8.982488499999999476e+02,-8.819248300000000427e+02,-4.716457400000000424e-03,9.716641700000000128e+03,1.147422900000000023e+00
6.220000000000000284e+01,7.210394300000000385e+02,-8.987194299999999885e+02,-8.809179100000000062e+02,-2.231558599999999837e-01,9.716641700000000128e+03,1.147422900000000023e+00
6.225000000000000000e+01,7.488315499999999929e+02,-8.986983599999999797e+02,-8.802106899999999996e+02,1.738826600000000222e-01,9.716641700000000128e+03,1.147422900000000023e+00
6.229999999999999716e+01,7.273562500000000455e+02,-8.980676099999999451e+02,-8.801101400000000012e+02,-2.313173099999999982e-01,9.716641700000000128e+03,1.147422900000000023e+00
6.235000000000000142e+01,7.326340500000000020e+02,-8.987171299999999974e+02,-8.806293600000000197e+02,2.053768000000000260e-01,9.716641700000000128e+03,1.147422900000000023e+00
6.239999999999999858e+01,7.141991799999999557e+02,-8.994431399999999712e+02,-8.818105000000000473e+02,-2.231411799999999945e-01,9.716641700000000128e+03,1.147422900000000023e+00
6.245000000000000284e+01,7.400655100000000175e+02,-9.011292600000000448e+02,-8.828580100000000357e+02,-2.157782600000000134e-02,9.716641700000000128e+03,1.147422900000000023e+00
6.250000000000000000e+01,6.658330600000000459e+02,-8.998570600000000468e+02,-8.834185199999999440e+02,1.007640400000000104e-03,9.716641700000000128e+03,1.147422900000000023e+00
6.254999999999999716e+01,6.324630799999999908e+02,-8.990209099999999580e+02,-8.834062300000000505e+02,-1.374708500000000055e-01,9.716641700000000128e+03,1.147422900000000023e+00
6.260000000000000142e+01,6.547254599999999982e+02,-8.990371999999999844e+02,-8.828728800000000092e+02,2.106298800000000124e-02,9.716641700000000128e+03,1.147422900000000023e+00
6.264999999999999858e+01,7.127615500000000566e+02,-8.996712999999999738e+02,-8.820741500000000315e+02,-8.825516699999999548e-02,9.716641700000000128e+03,1.147422900000000023e+00
6.270000000000000284e+01,6.595449300000000221e+02,-8.976318800000000238e+02,-8.813485899999999447e+02,-6.506199099999999957e-02,9.716641700000000128e+03,1.147422900000000023e+00
6.275000000000000000e+01,7.046143299999999954e+02,-8.981804399999999760e+02,-8.807844400000000178e+02,1.322256200000000159e-01,9.716641700000000128e+03,1.147422900000000023e+00
6.279999999999999716e+01,6.571304099999999835e+02,-8.968216099999999642e+02,-8.805979200000000446e+02,-9.473316099999999629e-02,9.716641700000000128e+03,1.147422900000000023e+00
6.285000000000000142e+01,7.548708900000000313e+02,-8.991915099999999939e+02,-8.805547299999999495e+02,-5.004040400000000360e-02,9.716641700000000128e+03,1.147422900000000023e+00
6.289999999999999858e+01,7.063480100000000448e+02,-8.985990600000000086e+02,-8.811602500000000191e+02,5.124561000000000394e-02,9.716641700000000128e+03,1.147422900000000023e+00
6.295000000000000284e+01,6.765727100000000291e+02,-8.985196300000000065e+02,-8.818159299999999803e+02,-2.557027000000000050e-01,9.716641700000000128e+03,1.147422900000000023e+00
6.300000000000000000e+01,6.669782699999999522e+02,-8.987210300000000416e+02,-8.822542099999999436e+02,-2.688481300000000393e-02,9.716641700000000128e+03,1.147422900000000023e+00
6.304999999999999716e+01,5.802185200000000123e+02,-8.966930300000000216e+02,-8.823681900000000269e+02,-1.420968599999999915e-01,9.716641700000000128e+03,1.147422900000000023e+00
6.310000000000000142e+01,7.458744799999999486e+02,-8.995120699999999943e+02,-8.810973999999999933e+02,-2.633442800000000347e-02,9.716641700000000128e+03,1.147422900000000023e+00
6.314999999999999858e+01,8.021862700000000359e+02,-8.991665900000000420e+02,-8.793616600000000290e+02,-3.922537200000000279e-01,9.716641700000000128e+03,1.147422900000000023e+00
6.320000000000000284e+01,7.706296399999999949e+02,-8.980750299999999697e+02,-8.790491899999999532e+02,1.817945800000000112e-01,9.716641700000000128e+03,1.147422900000000023e+00
6.325000000000000000e+01,7.609342299999999568e+02,-8.981582100000000537e+02,-8.793717400000000453e+02,-9.612068100000001336e-02,9.716641700000000128e+03,1.147422900000000023e+00
6.329999999999999716e+01,7.862300199999999677e+02,-8.992264400000000251e+02,-8.798154600000000300e+02,1.677873200000000176e-01,9.716641700000000128e+03,1.147422900000000023e+00
6.335000000000000142e+01,7.181034200000000283e+02,-8.982572699999999486e+02,-8.805282300000000077e+02,6.200661400000000460e-04,9.716641700000000128e+03,1.147422900000000023e+00
6.339999999999999858e+01,6.739680600000000368e+02,-8.977930000000000064e+02,-8.811536099999999578e+02,-1.373560500000000073e-01,9.716641700000000128e+03,1.147422900000000023e+00
6.345000000000000284e+01,6.892239700000000084e+02,-8.984900000000000091e+02,-8.814739600000000337e+02,1.538109699999999913e-01,9.716641700000000128e+03,1.147422900000000023e+00
6.350000000000000000e+01,6.959997499999999491e+02,-8.988037199999999984e+02,-8.816204000000000178e+02,-1.372551800000000044e-01,9.716641700000000128e+03,1.147422900000000023e+00
6.354999999999999716e+01,7.858990499999999884e+02,-9.011187700000000405e+02,-8.817159500000000207e+02,3.158659600000000151e-02,9.716641700000000128e+03,1.147422900000000023e+00
6.360000000000000142e+01,6.985382200000000239e+02,-8.995489499999999907e+02,-8.823029599999999846e+02,-2.501297799999999683e-01,9.716641700000000128e+03,1.147422900000000023e+00
6.364999999999999858e+01,6.634173899999999549e+02,-8.992205400000000282e+02,-8.828416300000000092e+02,5.141078300000000434e-01,9.716641700000000128e+03,1.147422900000000023e+00
6.370000000000000284e+01,6.832232500000000073e+02,-8.999530700000000252e+02,-8.830851800000000367e+02,-3.444269500000000234e-02,9.716641700000000128e+03,1.147422900000000023e+00
6.375000000000000000e+01,6.239447499999999991e+02,-8.984149599999999509e+02,-8.830105800000000045e+02,1.419909700000000080e-02,9.716641700000000128e+03,1.147422900000000023e+00
6.379999999999999716e+01,6.716985499999999547e+02,-8.991936500000000478e+02,-8.826102899999999636e+02,6.559761499999999801e-02,9.716641700000000128e+03,1.147422900000000023e+00
6.385000000000000142e+01,7.074150499999999511e+02,-8.997180299999999988e+02,-8.822528800000000047e+02,1.143971100000000102e-01,9.716641700000000128e+03,1.147422900000000023e+00
6.389999999999999858e+01,6.934050399999999854e+02,-8.991605799999999817e+02,-8.820413099999999531e+02,-6.219660000000000466e-02,9.716641700000000128e+03,1.147422900000000023e+00
6.395000000000000284e+01,6.997998199999999542e+02,-8.988284099999999626e+02,-8.815512700000000450e+02,9.193308700000001055e-02,9.716641700000000128e+03,1.147422900000000023e+00
6.400000000000000000e+01,7.137403900000000476e+02,-8.983639200000000073e+02,-8.807426100000000133e+02,-2.369468700000000039e-01,9.716641700000000128e+03,1.147422900000000023e+00
6.404999999999999716e+01,7.508744199999999864e+02,-8.985239199999999755e+02,-8.799858199999999897e+02,-4.266160600000000469e-02,9.716641700000000128e+03,1.147422900000000023e+00
6.409999999999999432e+01,7.277937200000000075e+02,-8.976373200000000452e+02,-8.796690499999999702e+02,4.183838600000000518e-02,9.716641700000000128e+03,1.147422900000000023e+00
6.415000000000000568e+01,7.325929800000000114e+02,-8.975489800000000287e+02,-8.794622200000000021e+02,-2.544380099999999922e-01,9.716641700000000128e+03,1.147422900000000023e+00
6.420000000000000284e+01,7.439088900000000422e+02,-8.977070400000000063e+02,-8.793409000000000333e+02,2.812555199999999811e-01,9.716641700000000128e+03,1.147422900000000023e+00
6.425000000000000000e+01,6.138893100000000231e+02,-8.949974300000000085e+02,-8.798413100000000213e+02,-2.191582499999999989e-01,9.716641700000000128e+03,1.147422900000000023e+00
6.429999999999999716e+01,6.961055999999999813e+02,-8.977410999999999603e+02,-8.805551600000000008e+02,3.394524499999999889e-02,9.716641700000000128e+03,1.147422900000000023e+00
6.434999999999999432e+01,6.457723499999999603e+02,-8.974761499999999614e+02,-8.815328799999999774e+02,-3.564770999999999912e-02,9.716641700000000128e+03,1.147422900000000023e+00
6.440000000000000568e+01,6.697229599999999436e+02,-8.987832300000000032e+02,-8.822486499999999978e+02,-6.130609100000000700e-02,9.716641700000000128e+03,1.147422900000000023e+00
6.445000000000000284e+01,6.717998900000000049e+02,-8.992635000000000218e+02,-8.826776399999999967e+02,-7.775947499999999457e-02,9.716641700000000128e+03,1.147422900000000023e+00
6.450000000000000000e+01,6.817651799999999866e+02,-8.995748099999999567e+02,-8.827429300000000012e+02,-1.695901499999999951e-01,9.716641700000000128e+03,1.147422900000000023e+00
6.454999999999999716e+01,6.861106899999999769e+02,-8.992915299999999661e+02,-8.823523599999999760e+02,-2.080527300000000190e-01,9.716641700000000128e+03,1.147422900000000023e+00
6.459999999999999432e+01,6.843645199999999704e+02,-8.981802599999999757e+02,-8.812842000000000553e+02,1.226927200000000190e-01,9.716641700000000128e+03,1.147422900000000023e+00
6.465000000000000568e+01,7.139028899999999567e+02,-8.973453799999999774e+02,-8.797200500000000147e+02,-3.075724000000000166e-02,9.716641700000000128e+03,1.147422900000000023e+00
6.470000000000000284e+01,7.119793100000000550e+02,-8.965996400000000222e+02,-8.790218099999999595e+02,-7.248282800000000262e-03,9.716641700000000128e+03,1.147422900000000023e+00
6.475000000000000000e+01,7.136528100000000450e+02,-8.964499399999999696e+02,-8.788307899999999790e+02,-2.766074900000000114e-01,9.716641700000000128e+03,1.147422900000000023e+00
6.479999999999999716e+01,7.157591300000000274e+02,-8.966899899999999661e+02,-8.790188399999999547e+02,9.701001900000000289e-02,9.716641700000000128e+03,1.147422900000000023e+00
6.484999999999999432e+01,6.607451200000000426e+02,-8.958332199999999830e+02,-8.795202900000000454e+02,-1.967611400000000010e-01,9.716641700000000128e+03,1.147422900000000023e+00
6.490000000000000568e+01,6.963174599999999828e+02,-8.969889399999999569e+02,-8.797977700000000141e+02,-1.134442400000000017e-01,9.716641700000000128e+03,1.147422900000000023e+00
6.495000000000000284e+01,6.986074099999999589e+02,-8.971701199999999972e+02,-8.799224199999999882e+02,-1.603374300000000030e-01,9.716641700000000128e+03,1.147422900000000023e+00
6.500000000000000000e+01,7.021112000000000535e+02,-8.976043300000000045e+02,-8.802701299999999947e+02,1.280610400000000149e-01,9.716641700000000128e+03,1.147422900000000023e+00
6.504999999999999716e+01,7.061623399999999720e+02,-8.989075500000000147e+02,-8.814733300000000327e+02,-2.766315099999999694e-01,9.716641700000000128e+03,1.147422900000000023e+00
6.509999999999999432e+01,6.030859600000000000e+02,-8.976647100000000137e+02,-8.827753099999999904e+02,1.278320200000000184e-01,9.716641700000000128e+03,1.147422900000000023e+00
6.515000000000000568e+01,6.408422100000000228e+02,-8.991300400000000081e+02,-8.833084900000000061e+02,-1.749524400000000007e-02,9.716641700000000128e+03,1.147422900000000023e+00
6.520000000000000284e+01,6.716808800000000019e+02,-8.999391399999999521e+02,-8.833562200000000075e+02,5.371976700000000160e-02,9.716641700000000128e+03,1.147422900000000023e+00
6.525000000000000000e+01,6.487184700000000248e+02,-8.991034799999999905e+02,-8.830874700000000530e+02,-1.612731800000000160e-01,9.716641700000000128e+03,1.147422900000000023e+00
6.529999999999999716e+01,6.736152499999999463e+02,-8.988737700000000359e+02,-8.822431000000000267e+02,3.240377500000000133e-01,9.716641700000000128e+03,1.147422900000000023e+00
6.534999999999999432e+01,7.220666700000000446e+02,-8.987587800000000016e+02,-8.809319000000000415e+02,-3.459446100000000412e-01,9.716641700000000128e+03,1.147422900000000023e+00
6.540000000000000568e+01,7.626923000000000457e+02,-8.990036700000000565e+02,-8.801738000000000284e+02,5.256214900000000245e-01,9.716641700000000128e+03,1.147422900000000023e+00
6.545000000000000284e+01,7.300310600000000250e+02,-8.980951000000000022e+02,-8.800715900000000147e+02,-3.625317200000000017e-01,9.716641700000000128e+03,1.147422900000000023e+00
6.550000000000000000e+01,7.173857699999999795e+02,-8.978582900000000109e+02,-8.801469799999999850e+02,4.809729199999999982e-02,9.716641700000000128e+03,1.147422900000000023e+00
6.554999999999999716e+01,6.665095199999999522e+02,-8.967402600000000348e+02,-8.802850100000000566e+02,-2.335465300000000022e-01,9.716641700000000128e+03,1.147422900000000023e+00
6.559999999999999432e+01,6.689733099999999695e+02,-8.967235100000000330e+02,-8.802074300000000449e+02,4.136707700000000210e-02,9.716641700000000128e+03,1.147422900000000023e+00
6.565000000000000568e+01,6.754827599999999848e+02,-8.966492500000000518e+02,-8.799724599999999555e+02,-3.281375100000000211e-02,9.716641700000000128e+03,1.147422900000000023e+00
6.570000000000000284e+01,7.318266300000000228e+02,-8.977982500000000528e+02,-8.797304100000000062e+02,-3.065241200000000041e-02,9.716641700000000128e+03,1.147422900000000023e+00
6.575000000000000000e+01,7.017717699999999468e+02,-8.971386099999999715e+02,-8.798127899999999499e+02,1.191460500000000033e-01,9.716641700000000128e+03,1.147422900000000023e+00
6.579999999999999716e+01,7.615384500000000116e+02,-8.992753500000000031e+02,-8.804739700000000084e+02,-8.262564499999999756e-02,9.716641700000000128e+03,1.147422900000000023e+00
6.584999999999999432e+01,6.448798100000000204e+02,-8.978129900000000134e+02,-8.818917500000000018e+02,-1.517034000000000160e-01,9.716641700000000128e+03,1.147422900000000023e+00
6.590000000000000568e+01,6.656001800000000230e+02,-8.988935900000000174e+02,-8.824607899999999745e+02,-1.651455800000000140e-01,9.716641700000000128e+03,1.147422900000000023e+00
6.595000000000000284e+01,6.850195400000000063e+02,-8.994364000000000487e+02,-8.825241700000000264e+02,-4.545275900000000230e-02,9.716641700000000128e+03,1.147422900000000023e+00
6.600000000000000000e+01,6.305743400000000065e+02,-8.978004200000000310e+02,-8.822323699999999462e+02,-9.943110400000000626e-02,9.716641700000000128e+03,1.147422900000000023e+00
6.604999999999999716e+01,7.122387899999999945e+02,-8.987633399999999710e+02,-8.811790999999999485e+02,-1.700343599999999955e-01,9.716641700000000128e+03,1.147422900000000023e+00
6.609999999999999432e+01,7.064226099999999633e+02,-8.975493400000000292e+02,-8.801086900000000242e+02,1.326234400000000091e-01,9.716641700000000128e+03,1.147422900000000023e+00
6.615000000000000568e+01,7.227241900000000214e+02,-8.974776000000000522e+02,-8.796344900000000280e+02,1.627782600000000131e-03,9.716641700000000128e+03,1.147422900000000023e+00
6.620000000000000284e+01,7.148229199999999537e+02,-8.972761799999999539e+02,-8.796281400000000303e+02,-2.937347699999999784e-01,9.716641700000000128e+03,1.147422900000000023e+00
6.625000000000000000e+01,7.073742499999999609e+02,-8.972493500000000495e+02,-8.797852100000000064e+02,-1.035882000000000053e-01,9.716641700000000128e+03,1.147422900000000023e+00
6.629999999999999716e+01,7.512637999999999465e+02,-8.987140299999999797e+02,-8.801663099999999531e+02,-1.563329700000000155e-01,9.716641700000000128e+03,1.147422900000000023e+00
6.634999999999999432e+01,7.274169799999999668e+02,-8.987972099999999500e+02,-8.808382400000000416e+02,2.978988899999999995e-03,9.716641700000000128e+03,1.147422900000000023e+00
6.640000000000000568e+01,7.770188000000000557e+02,-9.006816099999999778e+02,-8.814980399999999463e+02,-1.605055400000000021e-01,9.716641700000000128e+03,1.147422900000000023e+00
6.645000000000000284e+01,6.745819999999999936e+02,-8.985172499999999900e+02,-8.818627099999999928e+02,-2.532020600000000066e-01,9.716641700000000128e+03,1.147422900000000023e+00
6.650000000000000000e+01,7.631947900000000118e+02,-9.007553599999999960e+02,-8.819130800000000363e+02,2.381291700000000289e-01,9.716641700000000128e+03,1.147422900000000023e+00
6.654999999999999716e+01,6.430225199999999859e+02,-8.981726599999999507e+02,-8.822972700000000259e+02,-3.374199300000000346e-01,9.716641700000000128e+03,1.147422900000000023e+00
6.659999999999999432e+01,6.188284899999999880e+02,-8.976985600000000431e+02,-8.824204999999999472e+02,7.057931400000000410e-02,9.716641700000000128e+03,1.147422900000000023e+00
6.665000000000000568e+01,6.718374700000000530e+02,-8.984957000000000562e+02,-8.819089099999999917e+02,-3.289068900000000628e-01,9.716641700000000128e+03,1.147422900000000023e+00
6.670000000000000284e+01,7.240025699999999915e+02,-8.990109899999999925e+02,-8.811363199999999551e+02,1.808218200000000220e-01,9.716641700000000128e+03,1.147422900000000023e+00
6.675000000000000000e+01,6.897009000000000469e+02,-8.972396499999999833e+02,-8.802118400000000520e+02,-1.386485000000000148e-02,9.716641700000000128e+03,1.147422900000000023e+00
6.679999999999999716e+01,7.114841499999999996e+02,-8.966948200000000497e+02,-8.791292099999999436e+02,-2.339356300000000055e-01,9.716641700000000128e+03,1.147422900000000023e+00
6.684999999999999432e+01,7.737104399999999487e+02,-8.975570099999999911e+02,-8.784551199999999653e+02,1.116953600000000074e-01,9.716641700000000128e+03,1.147422900000000023e+00
6.690000000000000568e+01,7.122965699999999742e+02,-8.960198699999999690e+02,-8.784342000000000326e+02,1.665580300000000027e-02,9.716641700000000128e+03,1.147422900000000023e+00
6.695000000000000284e+01,7.530090400000000272e+02,-8.971101899999999887e+02,-8.785193799999999555e+02,5.291464300000000426e-02,9.716641700000000128e+03,1.147422900000000023e+00
6.700000000000000000e+01,7.212821900000000142e+02,-8.968657600000000230e+02,-8.790582500000000437e+02,-2.177264200000000316e-01,9.716641700000000128e+03,1.147422900000000023e+00
6.704999999999999716e+01,7.250887900000000172e+02,-8.976309499999999844e+02,-8.797294600000000173e+02,2.585904600000000220e-01,9.716641700000000128e+03,1.147422900000000023e+00
6.709999999999999432e+01,7.219113300000000208e+02,-8.982559400000000096e+02,-8.804329000000000178e+02,-4.404285000000000144e-02,9.716641700000000128e+03,1.147422900000000023e+00
6.715000000000000568e+01,6.726188700000000154e+02,-8.976126500000000306e+02,-8.810065700000000106e+02,9.318290500000001031e-02,9.716641700000000128e+03,1.147422900000000023e+00
6.720000000000000284e+01,7.738167700000000195e+02,-9.005467099999999618e+02,-8.814421899999999823e+02,-2.798018300000000222e-02,9.716641700000000128e+03,1.147422900000000023e+00
6.725000000000000000e+01,6.787622999999999820e+02,-8.990114700000000312e+02,-8.822537099999999555e+02,-1.101473000000000035e-01,9.716641700000000128e+03,1.147422900000000023e+00
6.729999999999999716e+01,6.612954499999999598e+02,-8.991006300000000238e+02,-8.827741099999999506e+02,-4.924933600000000467e-02,9.716641700000000128e+03,1.147422900000000023e+00
6.734999999999999432e+01,6.460288600000000088e+02,-8.988487900000000081e+02,-8.828991899999999760e+02,-4.275036600000000492e-02,9.716641700000000128e+03,1.147422900000000023e+00
6.740000000000000568e+01,7.024877199999999675e+02,-8.999752999999999474e+02,-8.826317999999999984e+02,1.412407200000000140e-01,9.716641700000000128e+03,1.147422900000000023e+00
6.745000000000000284e+01,7.155681100000000470e+02,-8.997737399999999752e+02,-8.821073000000000093e+02,9.044664000000000870e-02,9.716641700000000128e+03,1.147422900000000023e+00
6.750000000000000000e+01,7.819902899999999590e+02,-8.998249299999999948e+02,-8.805186200000000554e+02,2.363880200000000389e-02,9.716641700000000128e+03,1.147422900000000023e+00
6.754999999999999716e+01,7.952670200000000023e+02,-8.983607500000000528e+02,-8.787266499999999496e+02,-5.458006500000000399e-02,9.716641700000000128e+03,1.147422900000000023e+00
6.759999999999999432e+01,7.504284800000000359e+02,-8.968693899999999530e+02,-8.783423000000000229e+02,-1.892815100000000139e-01,9.716641700000000128e+03,1.147422900000000023e+00
6.765000000000000568e+01,7.678159600000000182e+02,-8.974777699999999641e+02,-8.785214099999999462e+02,2.736227500000000257e-01,9.716641700000000128e+03,1.147422900000000023e+00
6.770000000000000284e+01,7.140573799999999665e+02,-8.970108400000000302e+02,-8.793817000000000235e+02,4.000600500000000420e-02,9.716641700000000128e+03,1.147422900000000023e+00
6.775000000000000000e+01,6.976701500000000351e+02,-8.975125900000000456e+02,-8.802880300000000489e+02,-2.379356499999999985e-01,9.716641700000000128e+03,1.147422900000000023e+00
6.779999999999999716e+01,7.419716200000000299e+02,-8.991149199999999837e+02,-8.807966099999999869e+02,-1.801240500000000078e-01,9.716641700000000128e+03,1.147422900000000023e+00
6.784999999999999432e+01,6.952282699999999522e+02,-8.984820899999999710e+02,-8.813178199999999833e+02,-3.785623800000000039e-02,9.716641700000000128e+03,1.147422900000000023e+00
6.790000000000000568e+01,6.775053599999999960e+02,-8.983255799999999454e+02,-8.815988599999999451e+02,-1.810764499999999999e-01,9.716641700000000128e+03,1.147422900000000023e+00
6.795000000000000284e+01,7.014880600000000186e+02,-8.988762400000000525e+02,-8.815574199999999792e+02,-1.455128200000000149e-01,9.716641700000000128e+03,1.147422900000000023e+00
6.800000000000000000e+01,7.380226400000000240e+02,-8.998196500000000242e+02,-8.815988399999999956e+02,-6.568453599999999476e-03,9.716641700000000128e+03,1.147422900000000023e+00
6.804999999999999716e+01,6.978680399999999509e+02,-8.992119900000000143e+02,-8.819825499999999465e+02,-1.892233200000000004e-01,9.716641700000000128e+03,1.147422900000000023e+00
6.809999999999999432e+01,6.942401700000000346e+02,-8.998912299999999505e+02,-8.827513500000000022e+02,3.649937299999999902e-03,9.716641700000000128e+03,1.147422900000000023e+00
6.815000000000000568e+01,6.429365599999999858e+02,-8.997831300000000283e+02,-8.839098699999999553e+02,-5.930254000000000081e-02,9.716641700000000128e+03,1.147422900000000023e+00
6.820000000000000284e+01,6.191763600000000451e+02,-8.999303599999999506e+02,-8.846437100000000555e+02,9.406221600000000405e-02,9.716641700000000128e+03,1.147422900000000023e+00
6.825000000000000000e+01,6.719706800000000158e+02,-9.011704899999999725e+02,-8.845804200000000037e+02,-1.965467399999999976e-01,9.716641700000000128e+03,1.147422900000000023e+00
6.829999999999999716e+01,6.420840299999999843e+02,-8.994595199999999977e+02,-8.836073099999999840e+02,2.271004199999999973e-01,9.716641700000000128e+03,1.147422900000000023e+00
6.834999999999999432e+01,7.079343599999999697e+02,-8.993940000000000055e+02,-8.819160299999999779e+02,1.745537999999999951e-02,9.716641700000000128e+03,1.147422900000000023e+00
6.840000000000000568e+01,6.644416099999999687e+02,-8.976952800000000252e+02,-8.812910900000000538e+02,-1.305713500000000096e-02,9.716641700000000128e+03,1.147422900000000023e+00
6.845000000000000284e+01,6.811578500000000531e+02,-8.977554199999999582e+02,-8.809385300000000143e+02,-4.514239600000000130e-02,9.716641700000000128e+03,1.147422900000000023e+00
6.850000000000000000e+01,7.366417800000000398e+02,-8.989760300000000370e+02,-8.807893100000000004e+02,1.360978900000000269e-01,9.716641700000000128e+03,1.147422900000000023e+00
6.854999999999999716e+01,6.885890500000000429e+02,-8.982338700000000244e+02,-8.812335100000000239e+02,2.335162600000000310e-01,9.716641700000000128e+03,1.147422900000000023e+00
6.859999999999999432e+01,6.852080300000000079e+02,-8.988174599999999828e+02,-8.819005700000000161e+02,-1.082966200000000101e-01,9.716641700000000128e+03,1.147422900000000023e+00
6.865000000000000568e+01,6.761443299999999681e+02,-8.991760000000000446e+02,-8.824828800000000228e+02,-2.527988200000000352e-02,9.716641700000000128e+03,1.147422900000000023e+00
6.870000000000000284e+01,6.947902699999999641e+02,-8.999962799999999561e+02,-8.828428199999999606e+02,-1.505099200000000088e-02,9.716641700000000128e+03,1.147422900000000023e+00
6.875000000000000000e+01,7.172463199999999688e+02,-9.009151200000000017e+02,-8.832072500000000446e+02,6.529430899999999482e-02,9.716641700000000128e+03,1.147422900000000023e+00
6.879999999999999716e+01,6.792382800000000316e+02,-9.009346399999999448e+02,-8.841651399999999512e+02,-2.415971199999999985e-01,9.716641700000000128e+03,1.147422900000000023e+00
6.884999999999999432e+01,6.438336000000000467e+02,-9.012006999999999834e+02,-8.853052900000000136e+02,1.133847299999999891e-01,9.716641700000000128e+03,1.147422900000000023e+00
6.890000000000000568e+01,6.093126099999999497e+02,-9.007500300000000379e+02,-8.857069000000000187e+02,-6.887559599999999727e-02,9.716641700000000128e+03,1.147422900000000023e+00
6.895000000000000284e+01,6.604255699999999933e+02,-9.013898299999999608e+02,-8.850847899999999981e+02,2.777434000000000153e-02,9.716641700000000128e+03,1.147422900000000023e+00
6.900000000000000000e+01,7.184099899999999934e+02,-9.016095299999999497e+02,-8.838729299999999967e+02,6.369566000000000117e-02,9.716641700000000128e+03,1.147422900000000023e+00
6.904999999999999716e+01,6.678244300000000067e+02,-8.996003100000000359e+02,-8.831126000000000431e+02,6.500832900000000358e-02,9.716641700000000128e+03,1.147422900000000023e+00
6.909999999999999432e+01,6.331144699999999830e+02,-8.982244500000000471e+02,-8.825936900000000378e+02,-4.208413500000000168e-02,9.716641700000000128e+03,1.147422900000000023e+00
6.915000000000000568e+01,6.995734999999999673e+02,-8.993663999999999987e+02,-8.820948399999999765e+02,4.130903300000000195e-02,9.716641700000000128e+03,1.147422900000000023e+00
6.920000000000000284e+01,7.269759099999999989e+02,-8.998668400000000247e+02,-8.819187500000000455e+02,-1.013721900000000113e-02,9.716641700000000128e+03,1.147422900000000023e+00
6.925000000000000000e+01,6.836997300000000450e+02,-8.988336299999999710e+02,-8.819539899999999761e+02,-7.469448500000000490e-02,9.716641700000000128e+03,1.147422900000000023e+00
6.929999999999999716e+01,7.165628699999999753e+02,-8.995104000000000042e+02,-8.818194099999999480e+02,2.471934800000000123e-03,9.716641700000000128e+03,1.147422900000000023e+00
6.934999999999999432e+01,7.159701400000000149e+02,-8.995172599999999647e+02,-8.818409000000000333e+02,-5.973065400000000802e-02,9.716641700000000128e+03,1.147422900000000023e+00
6.940000000000000568e+01,6.781955100000000130e+02,-8.990762399999999843e+02,-8.823324800000000323e+02,4.266095700000000629e-02,9.716641700000000128e+03,1.147422900000000023e+00
6.945000000000000284e+01,6.677093200000000479e+02,-8.997575100000000248e+02,-8.832726400000000240e+02,-1.109357600000000083e-01,9.716641700000000128e+03,1.147422900000000023e+00
6.950000000000000000e+01,6.237376400000000558e+02,-8.994570099999999684e+02,-8.840577500000000555e+02,1.296514599999999962e-01,9.716641700000000128e+03,1.147422900000000023e+00
6.954999999999999716e+01,6.044726200000000063e+02,-8.990556199999999762e+02,-8.841319899999999734e+02,1.413634800000000136e-01,9.716641700000000128e+03,1.147422900000000023e+00
6.959999999999999432e+01,6.369695400000000518e+02,-8.991358599999999797e+02,-8.834099099999999680e+02,-1.167652400000000062e-02,9.716641700000000128e+03,1.147422900000000023e+00
6.965000000000000568e+01,6.751556100000000242e+02,-8.986024800000000141e+02,-8.819337799999999561e+02,6.931535300000001010e-02,9.716641700000000128e+03,1.147422900000000023e+00
6.970000000000000284e+01,6.927070800000000190e+02,-8.980247399999999516e+02,-8.809227100000000519e+02,-1.904661099999999802e-02,9.716641700000000128e+03,1.147422900000000023e+00
6.975000000000000000e+01,6.975164200000000392e+02,-8.976690599999999449e+02,-8.804483000000000175e+02,-3.803360900000000294e-02,9.716641700000000128e+03,1.147422900000000023e+00
6.979999999999999716e+01,7.846157899999999472e+02,-8.994686599999999999e+02,-8.800975300000000061e+02,-1.111780299999999971e-01,9.716641700000000128e+03,1.147422900000000023e+00
6.984999999999999432e+01,7.116611799999999448e+02,-8.980498700000000554e+02,-8.804798899999999549e+02,-1.470940900000000107e-01,9.716641700000000128e+03,1.147422900000000023e+00
6.990000000000000568e+01,7.492318299999999454e+02,-9.000006200000000263e+02,-8.815030699999999797e+02,-1.196826599999999997e-02,9.716641700000000128e+03,1.147422900000000023e+00
6.995000000000000284e+01,6.819627600000000029e+02,-8.994631699999999910e+02,-8.826264099999999644e+02,-1.279431199999999935e-01,9.716641700000000128e+03,1.147422900000000023e+00
7.000000000000000000e+01,6.762217299999999796e+02,-8.998666299999999865e+02,-8.831716000000000122e+02,1.038402900000000156e-01,9.716641700000000128e+03,1.147422900000000023e+00
7.004999999999999716e+01,7.044553700000000163e+02,-9.008090700000000197e+02,-8.834169900000000553e+02,-9.976678900000000849e-02,9.716641700000000128e+03,1.147422900000000023e+00
7.009999999999999432e+01,6.472782600000000457e+02,-8.995896699999999555e+02,-8.836092200000000503e+02,-2.432917300000000255e-02,9.716641700000000128e+03,1.147422900000000023e+00
7.015000000000000568e+01,6.325614900000000489e+02,-8.988714800000000196e+02,-8.832543699999999944e+02,-1.199016599999999932e-01,9.716641700000000128e+03,1.147422900000000023e+00
7.020000000000000284e+01,7.377073500000000195e+02,-9.005418100000000550e+02,-8.823287800000000516e+02,-1.522818000000000088e-02,9.716641700000000128e+03,1.147422900000000023e+00
7.025000000000000000e+01,7.080981399999999439e+02,-8.990591500000000451e+02,-8.815771300000000110e+02,-2.767551799999999965e-02,9.716641700000000128e+03,1.147422900000000023e+00
7.029999999999999716e+01,7.353403299999999945e+02,-8.992812699999999495e+02,-8.811266799999999648e+02,-1.856712399999999874e-01,9.716641700000000128e+03,1.147422900000000023e+00
7.034999999999999432e+01,7.128929100000000290e+02,-8.986567599999999629e+02,-8.810563700000000154e+02,-1.553526800000000008e-03,9.716641700000000128e+03,1.147422900000000023e+00
7.040000000000000568e+01,7.170659100000000308e+02,-8.987534399999999550e+02,-8.810500299999999925e+02,1.302661899999999970e-02,9.716641700000000128e+03,1.147422900000000023e+00
7.045000000000000284e+01,7.456584400000000414e+02,-8.994685500000000502e+02,-8.810592199999999821e+02,2.704818700000000131e-01,9.716641700000000128e+03,1.147422900000000023e+00
7.050000000000000000e+01,7.031605600000000322e+02,-8.989310900000000402e+02,-8.815709699999999884e+02,-7.597326199999999974e-02,9.716641700000000128e+03,1.147422900000000023e+00
7.054999999999999716e+01,6.825293299999999590e+02,-8.991264999999999645e+02,-8.822757400000000416e+02,1.716285000000000172e-01,9.716641700000000128e+03,1.147422900000000023e+00
7.059999999999999432e+01,6.983052400000000262e+02,-8.999989299999999730e+02,-8.827586900000000014e+02,1.591848100000000168e-02,9.716641700000000128e+03,1.147422900000000023e+00
7.065000000000000568e+01,6.873570999999999458e+02,-9.002610700000000179e+02,-8.832911199999999781e+02,7.390994100000001024e-03,9.716641700000000128e+03,1.147422900000000023e+00
7.070000000000000284e+01,5.840909900000000334e+02,-8.982333200000000488e+02,-8.838128799999999501e+02,3.130079000000000194e-02,9.716641700000000128e+03,1.147422900000000023e+00
7.075000000000000000e+01,6.086631499999999733e+02,-8.987437200000000530e+02,-8.837166200000000345e+02,1.978635500000000269e-01,9.716641700000000128e+03,1.147422900000000023e+00
7.079999999999999716e+01,6.895448199999999588e+02,-8.993839699999999766e+02,-8.823600199999999631e+02,1.584425000000000139e-01,9.716641700000000128e+03,1.147422900000000023e+00
7.084999999999999432e+01,7.558944300000000567e+02,-8.994033200000000079e+02,-8.807412799999999606e+02,-1.764709200000000033e-01,9.716641700000000128e+03,1.147422900000000023e+00
7.090000000000000568e+01,7.658935999999999922e+02,-8.990138299999999845e+02,-8.801049199999999928e+02,3.675077499999999942e-02,9.716641700000000128e+03,1.147422900000000023e+00
7.095000000000000284e+01,7.121980899999999792e+02,-8.977807800000000498e+02,-8.801975499999999784e+02,-2.519492500000000343e-02,9.716641700000000128e+03,1.147422900000000023e+00
7.100000000000000000e+01,7.184171099999999797e+02,-8.983395500000000311e+02,-8.806027800000000525e+02,-1.509889300000000212e-01,9.716641700000000128e+03,1.147422900000000023e+00
7.104999999999999716e+01,6.902308000000000447e+02,-8.982899300000000267e+02,-8.812490400000000363e+02,1.184349300000000077e-01,9.716641700000000128e+03,1.147422900000000023e+00
7.109999999999999432e+01,6.540197200000000066e+02,-8.981462800000000470e+02,-8.819994000000000369e+02,1.956731299999999937e-02,9.716641700000000128e+03,1.147422900000000023e+00
7.115000000000000568e+01,6.515210100000000466e+02,-8.986269700000000284e+02,-8.825417700000000423e+02,-4.962941300000000416e-02,9.716641700000000128e+03,1.147422900000000023e+00
7.120000000000000284e+01,7.087599000000000160e+02,-9.004741699999999582e+02,-8.829758199999999988e+02,-2.801580000000000181e-01,9.716641700000000128e+03,1.147422900000000023e+00
7.125000000000000000e+01,6.487643399999999474e+02,-8.997900300000000016e+02,-8.837728899999999612e+02,-2.216776300000000005e-02,9.716641700000000128e+03,1.147422900000000023e+00
7.129999999999999716e+01,6.430025200000000041e+02,-9.006404700000000503e+02,-8.847655799999999999e+02,-1.359285000000000077e-01,9.716641700000000128e+03,1.147422900000000023e+00
7.134999999999999432e+01,6.881102700000000141e+02,-9.026817499999999654e+02,-8.856932100000000219e+02,1.738777000000000239e-01,9.716641700000000128e+03,1.147422900000000023e+00
7.140000000000000568e+01,6.474448700000000372e+02,-9.023737599999999475e+02,-8.863891899999999850e+02,3.554518499999999998e-02,9.716641700000000128e+03,1.147422900000000023e+00
7.145000000000000284e+01,6.265937400000000252e+02,-9.018213899999999512e+02,-8.863516100000000506e+02,5.109202700000000513e-02,9.716641700000000128e+03,1.147422900000000023e+00
7.150000000000000000e+01,6.299800999999999931e+02,-9.007303299999999808e+02,-8.851769500000000335e+02,-8.837702799999999637e-02,9.716641700000000128e+03,1.147422900000000023e+00
7.154999999999999716e+01,7.276996599999999944e+02,-9.016832399999999552e+02,-8.837172900000000482e+02,6.407820100000000130e-02,9.716641700000000128e+03,1.147422900000000023e+00
7.159999999999999432e+01,7.081676300000000310e+02,-9.007846799999999803e+02,-8.833009499999999434e+02,2.255839700000000086e-02,9.716641700000000128e+03,1.147422900000000023e+00
7.165000000000000568e+01,7.360823400000000447e+02,-9.013858900000000176e+02,-8.832129800000000159e+02,3.155190800000000073e-01,9.716641700000000128e+03,1.147422900000000023e+00
7.170000000000000284e+01,6.685082300000000259e+02,-8.999751999999999725e+02,-8.834706099999999651e+02,8.387428800000000214e-04,9.716641700000000128e+03,1.147422900000000023e+00
7.175000000000000000e+01,7.090868799999999510e+02,-9.012776199999999562e+02,-8.837712000000000216e+02,-1.926953100000000293e-02,9.716641700000000128e+03,1.147422900000000023e+00
7.179999999999999716e+01,6.514846499999999878e+02,-9.002018600000000106e+02,-8.841175600000000259e+02,-2.614857400000000220e-01,9.716641700000000128e+03,1.147422900000000023e+00
7.184999999999999432e+01,6.591886600000000271e+02,-9.003723499999999831e+02,-8.840978400000000192e+02,-1.138339800000000013e-01,9.716641700000000128e+03,1.147422900000000023e+00
7.190000000000000568e+01,6.667274599999999509e+02,-8.998411300000000210e+02,-8.833805099999999584e+02,-1.834231900000000276e-02,9.716641700000000128e+03,1.147422900000000023e+00
7.195000000000000284e+01,7.360672700000000077e+02,-9.002004299999999830e+02,-8.820279000000000451e+02,1.011681000000000108e-01,9.716641700000000128e+03,1.147422900000000023e+00
7.200000000000000000e+01,7.528096100000000206e+02,-8.996537700000000086e+02,-8.810678900000000340e+02,9.853719100000001702e-03,9.716641700000000128e+03,1.147422900000000023e+00
7.204999999999999716e+01,7.416502000000000407e+02,-8.991382499999999709e+02,-8.808278800000000501e+02,-1.598597800000000138e-02,9.716641700000000128e+03,1.147422900000000023e+00
7.209999999999999432e+01,7.515407300000000532e+02,-8.993756600000000390e+02,-8.808211000000000013e+02,-5.838691599999999704e-02,9.716641700000000128e+03,1.147422900000000023e+00
7.215000000000000568e+01,6.974593800000000101e+02,-8.984171599999999671e+02,-8.811978000000000293e+02,-7.980080400000000296e-02,9.716641700000000128e+03,1.147422900000000023e+00
7.220000000000000284e+01,6.775893899999999803e+02,-8.983146799999999530e+02,-8.815858899999999494e+02,4.837887099999999690e-02,9.716641700000000128e+03,1.147422900000000023e+00
7.225000000000000000e+01,6.531941500000000360e+02,-8.979030500000000075e+02,-8.817765399999999545e+02,-1.776226900000000067e-02,9.716641700000000128e+03,1.147422900000000023e+00
7.229999999999999716e+01,6.783815100000000484e+02,-8.982013600000000224e+02,-8.814530099999999493e+02,2.210579700000000342e-02,9.716641700000000128e+03,1.147422900000000023e+00
7.234999999999999432e+01,7.328304000000000542e+02,-8.983110699999999724e+02,-8.802184499999999616e+02,1.398572800000000005e-01,9.716641700000000128e+03,1.147422900000000023e+00
7.240000000000000568e+01,7.567623499999999694e+02,-8.978142800000000534e+02,-8.791308099999999968e+02,-2.482107399999999853e-02,9.716641700000000128e+03,1.147422900000000023e+00
7.245000000000000284e+01,7.320952499999999645e+02,-8.968136700000000019e+02,-8.787391999999999825e+02,7.295980100000000468e-02,9.716641700000000128e+03,1.147422900000000023e+00
7.250000000000000000e+01,7.417002899999999954e+02,-8.972646899999999732e+02,-8.789530799999999999e+02,1.472003200000000234e-01,9.716641700000000128e+03,1.147422900000000023e+00
7.254999999999999716e+01,7.190419799999999668e+02,-8.976249299999999494e+02,-8.798727300000000469e+02,-4.797148100000000331e-02,9.716641700000000128e+03,1.147422900000000023e+00
7.259999999999999432e+01,7.528206599999999753e+02,-8.997130100000000539e+02,-8.811268499999999904e+02,1.327896500000000091e-01,9.716641700000000128e+03,1.147422900000000023e+00
7.265000000000000568e+01,6.869306000000000267e+02,-8.990636700000000019e+02,-8.821042599999999538e+02,-1.250509499999999941e-01,9.716641700000000128e+03,1.147422900000000023e+00
7.270000000000000284e+01,6.755472600000000511e+02,-8.991254500000000007e+02,-8.824470700000000534e+02,-8.858475300000000219e-02,9.716641700000000128e+03,1.147422900000000023e+00
7.275000000000000000e+01,6.504705599999999777e+02,-8.984290600000000495e+02,-8.823697899999999663e+02,-1.500960000000000141e-02,9.716641700000000128e+03,1.147422900000000023e+00
7.279999999999999716e+01,7.147586199999999508e+02,-8.996025899999999638e+02,-8.819561300000000301e+02,-1.112781400000000115e-01,9.716641700000000128e+03,1.147422900000000023e+00
7.284999999999999432e+01,6.794935699999999770e+02,-8.983372699999999895e+02,-8.815614699999999857e+02,3.736248000000000347e-02,9.716641700000000128e+03,1.147422900000000023e+00
7.290000000000000568e+01,6.687271899999999505e+02,-8.976084299999999985e+02,-8.810984399999999823e+02,1.676685700000000168e-01,9.716641700000000128e+03,1.147422900000000023e+00
7.295000000000000284e+01,6.914184000000000196e+02,-8.975308099999999740e+02,-8.804605999999999995e+02,-6.874625700000000506e-02,9.716641700000000128e+03,1.147422900000000023e+00
7.300000000000000000e+01,7.746941199999999981e+02,-8.984327899999999545e+02,-8.793066099999999778e+02,1.392687100000000178e-01,9.716641700000000128e+03,1.147422900000000023e+00
7.304999999999999716e+01,7.618801600000000462e+02,-8.966204500000000053e+02,-8.778106199999999717e+02,-1.957078899999999955e-01,9.716641700000000128e+03,1.147422900000000023e+00
7.309999999999999432e+01,8.279211299999999483e+02,-8.975796500000000151e+02,-8.771393600000000106e+02,-1.424291900000000111e-01,9.716641700000000128e+03,1.147422900000000023e+00
7.315000000000000568e+01,7.535682500000000346e+02,-8.964670399999999972e+02,-8.778624300000000176e+02,7.881471700000000635e-02,9.716641700000000128e+03,1.147422900000000023e+00
7.320000000000000284e+01,7.086802199999999630e+02,-8.967088999999999714e+02,-8.792125200000000405e+02,-1.530774000000000024e-01,9.716641700000000128e+03,1.147422900000000023e+00
7.325000000000000000e+01,7.065327800000000025e+02,-8.977544500000000198e+02,-8.803110799999999472e+02,2.482316699999999876e-01,9.716641700000000128e+03,1.147422900000000023e+00
7.329999999999999716e+01,6.944646199999999681e+02,-8.979873800000000301e+02,-8.808419599999999718e+02,-1.107882200000000067e-01,9.716641700000000128e+03,1.147422900000000023e+00
7.334999999999999432e+01,7.348731000000000222e+02,-8.992919799999999668e+02,-8.811489199999999755e+02,2.041213800000000189e-01,9.716641700000000128e+03,1.147422900000000023e+00
7.340000000000000568e+01,7.458731400000000349e+02,-8.998752100000000382e+02,-8.814605800000000499e+02,-9.758403300000000058e-02,9.716641700000000128e+03,1.147422900000000023e+00
7.345000000000000284e+01,6.994431100000000470e+02,-8.992679299999999785e+02,-8.819995999999999867e+02,-3.234981299999999949e-01,9.716641700000000128e+03,1.147422900000000023e+00
7.350000000000000000e+01,7.215973300000000563e+02,-9.003804199999999582e+02,-8.825651299999999537e+02,1.663377500000000064e-01,9.716641700000000128e+03,1.147422900000000023e+00
7.354999999999999716e+01,7.009427600000000211e+02,-9.008038900000000240e+02,-8.834985299999999597e+02,6.810032700000000216e-02,9.716641700000000128e+03,1.147422900000000023e+00
7.359999999999999432e+01,6.184106399999999439e+02,-8.995744300000000067e+02,-8.843066900000000032e+02,-6.058191600000000648e-02,9.716641700000000128e+03,1.147422900000000023e+00
7.365000000000000568e+01,6.214144099999999753e+02,-8.995309799999999996e+02,-8.841890799999999899e+02,-1.257162000000000002e-01,9.716641700000000128e+03,1.147422900000000023e+00
7.370000000000000284e+01,7.417103899999999612e+02,-9.015249999999999773e+02,-8.832131399999999530e+02,2.390150200000000155e-02,9.716641700000000128e+03,1.147422900000000023e+00
7.375000000000000000e+01,6.968768700000000536e+02,-8.995230000000000246e+02,-8.823180200000000468e+02,-1.967030700000000076e-01,9.716641700000000128e+03,1.147422900000000023e+00
7.379999999999999716e+01,7.728364000000000260e+02,-9.008097000000000207e+02,-8.817293799999999919e+02,4.206171200000000110e-02,9.716641700000000128e+03,1.147422900000000023e+00
7.384999999999999432e+01,6.823337000000000216e+02,-8.986636300000000119e+02,-8.818177100000000337e+02,-1.579433399999999876e-01,9.716641700000000128e+03,1.147422900000000023e+00
7.390000000000000568e+01,7.681250999999999749e+02,-9.007734100000000126e+02,-8.818093999999999824e+02,-7.314867400000001074e-02,9.716641700000000128e+03,1.147422900000000023e+00
7.395000000000000284e+01,7.122899899999999889e+02,-8.999167499999999791e+02,-8.823312399999999798e+02,-1.602413700000000218e-01,9.716641700000000128e+03,1.147422900000000023e+00
7.400000000000000000e+01,6.759216800000000376e+02,-8.994833999999999605e+02,-8.827957800000000361e+02,-3.765689800000000180e-04,9.716641700000000128e+03,1.147422900000000023e+00
7.404999999999999716e+01,6.976292200000000321e+02,-9.001522899999999936e+02,-8.829287399999999479e+02,9.054062300000001451e-02,9.716641700000000128e+03,1.147422900000000023e+00
7.409999999999999432e+01,6.697421299999999746e+02,-8.996657000000000153e+02,-8.831306399999999712e+02,2.067007200000000114e-02,9.716641700000000128e+03,1.147422900000000023e+00
7.415000000000000568e+01,6.288584799999999859e+02,-8.987663099999999758e+02,-8.832406200000000354e+02,-1.914286200000000215e-01,9.716641700000000128e+03,1.147422900000000023e+00
7.420000000000000284e+01,7.126970400000000154e+02,-9.002915000000000418e+02,-8.826959399999999505e+02,4.164152600000000162e-03,9.716641700000000128e+03,1.147422900000000023e+00
7.425000000000000000e+01,7.360423500000000558e+02,-8.998377299999999650e+02,-8.816658099999999649e+02,2.976091599999999837e-02,9.716641700000000128e+03,1.147422900000000023e+00
7.429999999999999716e+01,7.208601099999999633e+02,-8.986756299999999555e+02,-8.808785400000000436e+02,1.974738300000000168e-01,9.716641700000000128e+03,1.147422900000000023e+00
7.434999999999999432e+01,7.709464799999999514e+02,-8.994294099999999617e+02,-8.803957500000000209e+02,1.238462099999999982e-01,9.716641700000000128e+03,1.147422900000000023e+00
7.440000000000000568e+01,7.187435100000000148e+02,-8.981387700000000223e+02,-8.803939299999999548e+02,-1.579796100000000203e-01,9.716641700000000128e+03,1.147422900000000023e+00
7.445000000000000284e+01,6.943006500000000187e+02,-8.978364299999999503e+02,-8.806950600000000122e+02,2.400234600000000079e-02,9.716641700000000128e+03,1.147422900000000023e+00
7.450000000000000000e+01,7.078801099999999451e+02,-8.988355299999999488e+02,-8.813588999999999487e+02,-2.379934900000000297e-01,9.716641700000000128e+03,1.147422900000000023e+00
7.454999999999999716e+01,6.459573799999999437e+02,-8.985702300000000378e+02,-8.826223899999999958e+02,1.091865900000000000e-01,9.716641700000000128e+03,1.147422900000000023e+00
7.459999999999999432e+01,6.615305700000000115e+02,-8.999347800000000461e+02,-8.836024599999999509e+02,4.707180300000000234e-02,9.716641700000000128e+03,1.147422900000000023e+00
7.465000000000000568e+01,6.494411300000000438e+02,-8.999998299999999745e+02,-8.839659900000000334e+02,1.224772100000000030e-01,9.716641700000000128e+03,1.147422900000000023e+00
7.470000000000000284e+01,6.992286500000000160e+02,-9.010681299999999965e+02,-8.838050899999999501e+02,-1.051577500000000082e-01,9.716641700000000128e+03,1.147422900000000023e+00
7.475000000000000000e+01,6.154571899999999687e+02,-8.985070899999999483e+02,-8.833122600000000375e+02,-1.646508600000000030e-02,9.716641700000000128e+03,1.147422900000000023e+00
7.479999999999999716e+01,6.958867500000000064e+02,-8.991626300000000356e+02,-8.819820999999999458e+02,-1.193689400000000067e-01,9.716641700000000128e+03,1.147422900000000023e+00
7.484999999999999432e+01,7.101458000000000084e+02,-8.985116500000000315e+02,-8.809790900000000420e+02,2.241356800000000177e-02,9.716641700000000128e+03,1.147422900000000023e+00
7.490000000000000568e+01,7.100205200000000332e+02,-8.983029900000000225e+02,-8.807735099999999875e+02,-5.389242699999999969e-02,9.716641700000000128e+03,1.147422900000000023e+00
7.495000000000000284e+01,7.030089699999999766e+02,-8.981256600000000390e+02,-8.807692899999999554e+02,-2.643322000000000171e-01,9.716641700000000128e+03,1.147422900000000023e+00
7.500000000000000000e+01,7.480754299999999830e+02,-8.993550999999999931e+02,-8.808861000000000558e+02,-7.931633500000000170e-02,9.716641700000000128e+03,1.147422900000000023e+00
7.504999999999999716e+01,7.371698000000000093e+02,-8.995107000000000426e+02,-8.813109399999999596e+02,5.760042700000000265e-02,9.716641700000000128e+03,1.147422900000000023e+00
7.509999999999999432e+01,6.878224999999999909e+02,-8.990877400000000534e+02,-8.821063000000000329e+02,-4.885639600000000332e-02,9.716641700000000128e+03,1.147422900000000023e+00
7.515000000000000568e+01,6.913415999999999713e+02,-8.999665999999999713e+02,-8.828982899999999745e+02,7.976489500000000232e-02,9.716641700000000128e+03,1.147422900000000023e+00
7.520000000000000284e+01,5.978676799999999503e+02,-8.982391800000000330e+02,-8.834786100000000033e+02,-2.444446399999999908e-01,9.716641700000000128e+03,1.147422900000000023e+00
7.525000000000000000e+01,6.214667399999999589e+02,-8.985231099999999742e+02,-8.831799099999999498e+02,2.735416200000000408e-01,9.716641700000000128e+03,1.147422900000000023e+00
7.529999999999999716e+01,7.060393500000000131e+02,-8.990133700000000090e+02,-8.815821899999999687e+02,-3.310585200000000228e-01,9.716641700000000128e+03,1.147422900000000023e+00
7.534999999999999432e+01,6.710006600000000390e+02,-8.968149700000000166e+02,-8.802488399999999729e+02,4.364229300000000561e-02,9.716641700000000128e+03,1.147422900000000023e+00
7.540000000000000568e+01,6.874960399999999936e+02,-8.967508299999999508e+02,-8.797774600000000191e+02,-2.909721900000000402e-02,9.716641700000000128e+03,1.147422900000000023e+00
7.545000000000000284e+01,7.461080699999999979e+02,-8.979855499999999893e+02,-8.795651199999999790e+02,5.102966000000000446e-02,9.716641700000000128e+03,1.147422900000000023e+00
7.550000000000000000e+01,7.353608699999999772e+02,-8.978098800000000210e+02,-8.796547900000000482e+02,6.504323600000000427e-02,9.716641700000000128e+03,1.147422900000000023e+00
7.554999999999999716e+01,6.771720100000000002e+02,-8.966892400000000407e+02,-8.799707499999999527e+02,-3.061764000000000152e-02,9.716641700000000128e+03,1.147422900000000023e+00
7.559999999999999432e+01,6.823536299999999528e+02,-8.972463500000000067e+02,-8.803999300000000403e+02,-1.605748599999999929e-02,9.716641700000000128e+03,1.147422900000000023e+00
7.565000000000000568e+01,7.422940599999999449e+02,-8.992120300000000270e+02,-8.808857600000000048e+02,6.513553500000000655e-03,9.716641700000000128e+03,1.147422900000000023e+00
7.570000000000000284e+01,6.185720800000000281e+02,-8.970913299999999708e+02,-8.818196000000000367e+02,4.576184400000000291e-02,9.716641700000000128e+03,1.147422900000000023e+00
7.575000000000000000e+01,6.559363499999999476e+02,-8.987060599999999795e+02,-8.825118499999999813e+02,-6.979158000000000583e-02,9.716641700000000128e+03,1.147422900000000023e+00
7.579999999999999716e+01,6.892767300000000432e+02,-8.998970699999999852e+02,-8.828797299999999950e+02,-1.033151000000000035e-02,9.716641700000000128e+03,1.147422900000000023e+00
7.584999999999999432e+01,6.763164900000000443e+02,-8.998580600000000231e+02,-8.831606900000000451e+02,-2.600310900000000203e-01,9.716641700000000128e+03,1.147422900000000023e+00
7.590000000000000568e+01,6.649714000000000169e+02,-8.996647799999999506e+02,-8.832475100000000339e+02,-1.939859800000000023e-01,9.716641700000000128e+03,1.147422900000000023e+00
7.595000000000000284e+01,6.754134400000000369e+02,-8.994056000000000495e+02,-8.827305300000000443e+02,-7.177724700000000235e-02,9.716641700000000128e+03,1.147422900000000023e+00
7.600000000000000000e+01,7.083292500000000018e+02,-8.989926900000000387e+02,-8.815049699999999575e+02,-1.692207000000000294e-01,9.716641700000000128e+03,1.147422900000000023e+00
7.604999999999999716e+01,7.764640200000000050e+02,-8.995670300000000452e+02,-8.803971500000000106e+02,-1.008283700000000005e-01,9.716641700000000128e+03,1.147422900000000023e+00
7.609999999999999432e+01,6.968125599999999622e+02,-8.973713400000000320e+02,-8.801679599999999937e+02,-1.132073700000000016e-01,9.716641700000000128e+03,1.147422900000000023e+00
7.615000000000000568e+01,7.924736400000000458e+02,-8.998334599999999455e+02,-8.802683299999999917e+02,1.886595800000000211e-01,9.716641700000000128e+03,1.147422900000000023e+00
7.620000000000000284e+01,7.093904300000000376e+02,-8.988882599999999456e+02,-8.813743399999999610e+02,-5.833004399999999756e-02,9.716641700000000128e+03,1.147422900000000023e+00
7.625000000000000000e+01,6.188951700000000073e+02,-8.975442299999999705e+02,-8.822645199999999477e+02,-9.449890799999999258e-02,9.716641700000000128e+03,1.147422900000000023e+00
7.629999999999999716e+01,6.761552599999999984e+02,-8.989633300000000418e+02,-8.822699400000000196e+02,3.085777600000000256e-03,9.716641700000000128e+03,1.147422900000000023e+00
7.634999999999999432e+01,6.669748200000000224e+02,-8.983449399999999514e+02,-8.818782099999999673e+02,-9.297439799999999976e-02,9.716641700000000128e+03,1.147422900000000023e+00
7.640000000000000568e+01,7.330573000000000548e+02,-8.994882800000000316e+02,-8.813900599999999486e+02,3.918919099999999822e-02,9.716641700000000128e+03,1.147422900000000023e+00
7.645000000000000284e+01,6.894519699999999602e+02,-8.983611700000000155e+02,-8.813395000000000437e+02,-1.716458000000000220e-02,9.716641700000000128e+03,1.147422900000000023e+00
7.650000000000000000e+01,6.796297799999999825e+02,-8.981717300000000250e+02,-8.813925600000000031e+02,-1.400717100000000159e-01,9.716641700000000128e+03,1.147422900000000023e+00
7.654999999999999716e+01,7.192733799999999746e+02,-8.990813000000000557e+02,-8.813233900000000176e+02,9.153172900000000611e-02,9.716641700000000128e+03,1.147422900000000023e+00
7.659999999999999432e+01,8.016349699999999530e+02,-9.012005500000000211e+02,-8.814092299999999796e+02,-2.038192400000000126e-01,9.716641700000000128e+03,1.147422900000000023e+00
7.665000000000000568e+01,6.826769399999999450e+02,-8.988451499999999896e+02,-8.819907500000000482e+02,-4.967850000000000737e-02,9.716641700000000128e+03,1.147422900000000023e+00
7.670000000000000284e+01,7.374620300000000270e+02,-9.005417300000000296e+02,-8.823347599999999602e+02,-3.137863500000000194e-02,9.716641700000000128e+03,1.147422900000000023e+00
7.675000000000000000e+01,7.364961799999999812e+02,-9.010661499999999933e+02,-8.828830199999999877e+02,3.207556999999999769e-02,9.716641700000000128e+03,1.147422900000000023e+00
7.679999999999999716e+01,6.817575399999999490e+02,-9.002736800000000130e+02,-8.834419799999999441e+02,-1.530633499999999869e-01,9.716641700000000128e+03,1.147422900000000023e+00
7.684999999999999432e+01,6.631490800000000263e+02,-8.998018499999999449e+02,-8.834295700000000124e+02,1.608577399999999991e-01,9.716641700000000128e+03,1.147422900000000023e+00
7.690000000000000568e+01,7.664175500000000056e+02,-9.015750299999999697e+02,-8.826531800000000203e+02,3.600881800000000493e-02,9.716641700000000128e+03,1.147422900000000023e+00
7.695000000000000284e+01,7.039566600000000562e+02,-8.990320400000000518e+02,-8.816522800000000188e+02,1.074993900000000089e-03,9.716641700000000128e+03,1.147422900000000023e+00
7.700000000000000000e+01,7.131393299999999726e+02,-8.979457400000000007e+02,-8.803392599999999675e+02,-2.435156900000000069e-01,9.716641700000000128e+03,1.147422900000000023e+00
7.704999999999999716e+01,7.958034900000000107e+02,-8.988074900000000298e+02,-8.791601500000000442e+02,2.669736699999999963e-01,9.716641700000000128e+03,1.147422900000000023e+00
7.709999999999999432e+01,7.760774000000000115e+02,-8.984353999999999587e+02,-8.792750700000000279e+02,-5.931653000000000620e-02,9.716641700000000128e+03,1.147422900000000023e+00
7.715000000000000568e+01,7.194647499999999809e+02,-8.975410900000000538e+02,-8.797784500000000207e+02,-2.742062700000000297e-01,9.716641700000000128e+03,1.147422900000000023e+00
7.720000000000000284e+01,7.327353100000000268e+02,-8.981045800000000554e+02,-8.800143000000000484e+02,-2.714612500000000428e-01,9.716641700000000128e+03,1.147422900000000023e+00
7.725000000000000000e+01,7.649286100000000488e+02,-8.991765900000000329e+02,-8.802915100000000166e+02,1.026992899999999986e-01,9.716641700000000128e+03,1.147422900000000023e+00
7.729999999999999716e+01,6.603039899999999989e+02,-8.970566099999999778e+02,-8.807545699999999442e+02,3.697056500000000384e-02,9.716641700000000128e+03,1.147422900000000023e+00
7.734999999999999432e+01,7.095770999999999731e+02,-8.985258300000000418e+02,-8.810072999999999865e+02,1.563683399999999946e-01,9.716641700000000128e+03,1.147422900000000023e+00
7.740000000000000568e+01,6.733637300000000323e+02,-8.979807899999999563e+02,-8.813563199999999824e+02,-2.077158399999999849e-01,9.716641700000000128e+03,1.147422900000000023e+00
7.745000000000000284e+01,7.036824699999999666e+02,-8.990319399999999632e+02,-8.816589400000000296e+02,-6.312055000000001137e-02,9.716641700000000128e+03,1.147422900000000023e+00
7.750000000000000000e+01,6.689569800000000441e+02,-8.985801999999999907e+02,-8.820645299999999907e+02,-1.615457500000000157e-01,9.716641700000000128e+03,1.147422900000000023e+00
7.754999999999999716e+01,6.276448199999999815e+02,-8.979373699999999872e+02,-8.824416400000000067e+02,4.934936900000000404e-02,9.716641700000000128e+03,1.147422900000000023e+00
7.759999999999999432e+01,6.661409300000000258e+02,-8.987019599999999855e+02,-8.822558099999999968e+02,8.456944600000000645e-02,9.716641700000000128e+03,1.147422900000000023e+00
7.765000000000000568e+01,7.046520199999999932e+02,-8.987683500000000549e+02,-8.813714199999999437e+02,-1.306813799999999859e-01,9.716641700000000128e+03,1.147422900000000023e+00
7.770000000000000284e+01,7.501477099999999609e+02,-8.987776900000000069e+02,-8.802575199999999995e+02,-5.293752300000000022e-02,9.716641700000000128e+03,1.147422900000000023e+00
7.775000000000000000e+01,7.013890599999999722e+02,-8.969880200000000059e+02,-8.796716499999999996e+02,-2.894018400000000213e-01,9.716641700000000128e+03,1.147422900000000023e+00
7.779999999999999716e+01,7.378674200000000383e+02,-8.973221499999999651e+02,-8.791051800000000185e+02,2.231734900000000021e-01,9.716641700000000128e+03,1.147422900000000023e+00
7.784999999999999432e+01,7.647162700000000086e+02,-8.977738699999999881e+02,-8.788940300000000434e+02,-1.905586999999999975e-01,9.716641700000000128e+03,1.147422900000000023e+00
7.790000000000000568e+01,7.007203200000000152e+02,-8.967016099999999597e+02,-8.794017400000000180e+02,-2.535166500000000239e-02,9.716641700000000128e+03,1.147422900000000023e+00
7.795000000000000284e+01,6.736194900000000416e+02,-8.970960400000000163e+02,-8.804652599999999438e+02,-2.484018500000000351e-01,9.716641700000000128e+03,1.147422900000000023e+00
7.800000000000000000e+01,6.646713200000000370e+02,-8.982984099999999899e+02,-8.818885400000000345e+02,4.128488400000000502e-01,9.716641700000000128e+03,1.147422900000000023e+00
7.804999999999999716e+01,6.110721800000000030e+02,-8.978545000000000300e+02,-8.827679299999999785e+02,-8.663794799999999241e-02,9.716641700000000128e+03,1.147422900000000023e+00
7.809999999999999432e+01,6.384015100000000302e+02,-8.986357799999999543e+02,-8.828744799999999486e+02,7.576060400000000916e-02,9.716641700000000128e+03,1.147422900000000023e+00
7.815000000000000568e+01,6.880008400000000393e+02,-8.994669199999999591e+02,-8.824810800000000199e+02,9.902129700000000811e-02,9.716641700000000128e+03,1.147422900000000023e+00
7.820000000000000284e+01,6.768590599999999995e+02,-8.986691100000000461e+02,-8.819583499999999958e+02,-1.050361600000000034e-01,9.716641700000000128e+03,1.147422900000000023e+00
7.825000000000000000e+01,7.260168400000000020e+02,-8.992798599999999851e+02,-8.813554599999999937e+02,1.404062000000000088e-01,9.716641700000000128e+03,1.147422900000000023e+00
7.829999999999999716e+01,6.955610000000000355e+02,-8.981485199999999622e+02,-8.809760300000000370e+02,-1.306855800000000234e-01,9.716641700000000128e+03,1.147422900000000023e+00
7.834999999999999432e+01,7.917155900000000202e+02,-9.002980400000000145e+02,-8.807516200000000026e+02,2.989498899999999959e-01,9.716641700000000128e+03,1.147422900000000023e+00
7.840000000000000568e+01,6.288502899999999727e+02,-8.965101300000000037e+02,-8.809846499999999878e+02,-4.450781799999999760e-02,9.716641700000000128e+03,1.147422900000000023e+00
7.845000000000000284e+01,6.837653699999999617e+02,-8.976133700000000317e+02,-8.807320999999999458e+02,3.543662899999999727e-01,9.716641700000000128e+03,1.147422900000000023e+00
7.850000000000000000e+01,6.835688099999999849e+02,-8.972517000000000280e+02,-8.803752799999999752e+02,1.957126200000000038e-01,9.716641700000000128e+03,1.147422900000000023e+00
7.854999999999999716e+01,7.044441000000000486e+02,-8.974288099999999986e+02,-8.800370100000000093e+02,-1.277212500000000084e-01,9.716641700000000128e+03,1.147422900000000023e+00
7.859999999999999432e+01,7.262793699999999717e+02,-8.979168200000000297e+02,-8.799859300000000530e+02,1.946700600000000059e-01,9.716641700000000128e+03,1.147422900000000023e+00
7.865000000000000568e+01,7.158088400000000320e+02,-8.981105400000000145e+02,-8.804381600000000390e+02,1.567451499999999998e-01,9.716641700000000128e+03,1.147422900000000023e+00
7.870000000000000284e+01,6.810641299999999774e+02,-8.985805100000000039e+02,-8.817659300000000258e+02,5.317894900000000313e-02,9.716641700000000128e+03,1.147422900000000023e+00
7.875000000000000000e+01,6.352776599999999689e+02,-8.995389000000000124e+02,-8.838547300000000178e+02,-1.996153700000000142e-01,9.716641700000000128e+03,1.147422900000000023e+00
7.879999999999999716e+01,6.454604900000000498e+02,-9.003906600000000253e+02,-8.844550900000000411e+02,-1.568978400000000176e-02,9.716641700000000128e+03,1.147422900000000023e+00
7.884999999999999432e+01,6.488594699999999875e+02,-9.002609300000000303e+02,-8.842414400000000114e+02,-1.856003500000000250e-01,9.716641700000000128e+03,1.147422900000000023e+00
7.890000000000000568e+01,6.878867299999999432e+02,-9.005271099999999933e+02,-8.835440899999999829e+02,-5.203343200000000446e-02,9.716641700000000128e+03,1.147422900000000023e+00
7.895000000000000284e+01,6.965213499999999840e+02,-9.000282399999999825e+02,-8.828320400000000063e+02,-1.286314600000000030e-01,9.716641700000000128e+03,1.147422900000000023e+00
7.900000000000000000e+01,6.824323799999999665e+02,-8.989984100000000353e+02,-8.821500499999999647e+02,-1.455942900000000151e-01,9.716641700000000128e+03,1.147422900000000023e+00
7.904999999999999716e+01,7.665315600000000131e+02,-9.002005299999999579e+02,-8.812758700000000545e+02,-3.558048700000000092e-02,9.716641700000000128e+03,1.147422900000000023e+00
7.909999999999999432e+01,7.616031799999999521e+02,-8.997121300000000019e+02,-8.809091499999999542e+02,5.053022800000000342e-02,9.716641700000000128e+03,1.147422900000000023e+00
7.915000000000000568e+01,7.142742299999999886e+02,-8.987588700000000017e+02,-8.811243799999999737e+02,-1.462025900000000211e-01,9.716641700000000128e+03,1.147422900000000023e+00
7.920000000000000284e+01,6.640664399999999432e+02,-8.981427200000000539e+02,-8.817477900000000091e+02,7.303352500000000105e-04,9.716641700000000128e+03,1.147422900000000023e+00
7.925000000000000000e+01,6.584818900000000212e+02,-8.989955099999999675e+02,-8.827384499999999434e+02,-1.609069100000000141e-01,9.716641700000000128e+03,1.147422900000000023e+00
7.929999999999999716e+01,6.750122900000000072e+02,-9.010049000000000206e+02,-8.843397300000000314e+02,1.107487399999999983e-01,9.716641700000000128e+03,1.147422900000000023e+00
7.934999999999999432e+01,6.152782399999999825e+02,-9.007966800000000376e+02,-8.856062699999999950e+02,-2.126204900000000161e-02,9.716641700000000128e+03,1.147422900000000023e+00
7.940000000000000568e+01,6.538577199999999721e+02,-9.017474799999999959e+02,-8.856045900000000302e+02,-2.635181600000000013e-01,9.716641700000000128e+03,1.147422900000000023e+00
7.945000000000000284e+01,6.877058600000000297e+02,-9.019786599999999908e+02,-8.850001099999999497e+02,-8.981025700000000445e-02,9.716641700000000128e+03,1.147422900000000023e+00
7.950000000000000000e+01,6.837633799999999837e+02,-9.012562400000000480e+02,-8.843750199999999495e+02,-2.407867000000000202e-01,9.716641700000000128e+03,1.147422900000000023e+00
7.954999999999999716e+01,6.802074099999999817e+02,-9.006069099999999708e+02,-8.838134800000000268e+02,1.426276200000000105e-01,9.716641700000000128e+03,1.147422900000000023e+00
7.959999999999999432e+01,7.060821899999999687e+02,-9.005886500000000296e+02,-8.831564100000000508e+02,8.666525600000000995e-02,9.716641700000000128e+03,1.147422900000000023e+00
7.965000000000000568e+01,7.180371099999999842e+02,-9.003097800000000461e+02,-8.825823900000000322e+02,9.722961800000000376e-02,9.716641700000000128e+03,1.147422900000000023e+00
7.970000000000000284e+01,7.576735999999999649e+02,-9.009977499999999964e+02,-8.822917899999999918e+02,-2.960011900000000251e-01,9.716641700000000128e+03,1.147422900000000023e+00
7.975000000000000000e+01,7.124731299999999692e+02,-8.997614600000000564e+02,-8.821714299999999866e+02,-3.218657100000000271e-01,9.716641700000000128e+03,1.147422900000000023e+00
7.979999999999999716e+01,7.265443400000000338e+02,-9.000581300000000056e+02,-8.821207000000000562e+02,4.944937600000000322e-02,9.716641700000000128e+03,1.147422900000000023e+00
7.984999999999999432e+01,6.343586000000000240e+02,-8.987786999999999580e+02,-8.831172199999999748e+02,-2.546038400000000257e-01,9.716641700000000128e+03,1.147422900000000023e+00
7.990000000000000568e+01,6.794510000000000218e+02,-9.008739000000000487e+02,-8.840991500000000087e+02,-4.347117200000000237e-02,9.716641700000000128e+03,1.147422900000000023e+00
7.995000000000000284e+01,6.771062600000000202e+02,-9.013788600000000315e+02,-8.846619899999999461e+02,-3.432843900000000226e-02,9.716641700000000128e+03,1.147422900000000023e+00
8.000000000000000000e+01,6.278858699999999544e+02,-9.002991100000000415e+02,-8.847974299999999630e+02,-5.954459799999999720e-02,9.716641700000000128e+03,1.147422900000000023e+00
8.004999999999999716e+01,6.477672300000000405e+02,-9.001098299999999881e+02,-8.841173099999999749e+02,1.306299999999999961e-01,9.716641700000000128e+03,1.147422900000000023e+00
8.009999999999999432e+01,6.428701300000000174e+02,-8.985936500000000251e+02,-8.827220300000000179e+02,-1.898414200000000107e-01,9.716641700000000128e+03,1.147422900000000023e+00
8.015000000000000568e+01,6.692531500000000051e+02,-8.981050699999999551e+02,-8.815820899999999938e+02,-1.781292999999999904e-01,9.716641700000000128e+03,1.147422900000000023e+00
8.020000000000000284e+01,7.137136699999999792e+02,-8.985128799999999956e+02,-8.808922300000000405e+02,-7.987428100000000530e-02,9.716641700000000128e+03,1.147422900000000023e+00
8.025000000000000000e+01,7.431447500000000446e+02,-8.989949299999999539e+02,-8.806476599999999735e+02,-1.780113200000000007e-01,9.716641700000000128e+03,1.147422900000000023e+00
8.029999999999999716e+01,7.257646499999999605e+02,-8.985411000000000286e+02,-8.806229200000000219e+02,2.945357700000000162e-02,9.716641700000000128e+03,1.147422900000000023e+00
8.034999999999999432e+01,7.626955000000000382e+02,-8.996421800000000530e+02,-8.808122299999999996e+02,2.240414300000000136e-01,9.716641700000000128e+03,1.147422900000000023e+00
8.040000000000000568e+01,7.264779300000000148e+02,-8.996988900000000058e+02,-8.817631099999999833e+02,2.465040500000000023e-02,9.716641700000000128e+03,1.147422900000000023e+00
8.045000000000000284e+01,6.900203400000000329e+02,-8.998669300000000248e+02,-8.828312300000000050e+02,-5.331120700000000195e-04,9.716641700000000128e+03,1.147422900000000023e+00
8.050000000000000000e+01,6.924274100000000089e+02,-9.004086399999999912e+02,-8.833135200000000395e+02,2.768301900000000315e-01,9.716641700000000128e+03,1.147422900000000023e+00
8.054999999999999716e+01,7.060331400000000031e+02,-9.009071900000000142e+02,-8.834761600000000499e+02,1.195092499999999974e-01,9.716641700000000128e+03,1.147422900000000023e+00
8.059999999999999432e+01,6.274226499999999760e+02,-8.990672200000000203e+02,-8.835769800000000487e+02,1.718283300000000152e-02,9.716641700000000128e+03,1.147422900000000023e+00
8.065000000000000568e+01,6.680112800000000561e+02,-8.996467300000000478e+02,-8.831544099999999844e+02,-1.077515200000000034e-01,9.716641700000000128e+03,1.147422900000000023e+00
8.070000000000000284e+01,7.559873099999999795e+02,-9.002350800000000390e+02,-8.815707400000000007e+02,5.927620700000000437e-02,9.716641700000000128e+03,1.147422900000000023e+00
8.075000000000000000e+01,7.037694500000000062e+02,-8.972920699999999670e+02,-8.799169200000000046e+02,-2.331856900000000080e-03,9.716641700000000128e+03,1.147422900000000023e+00
8.079999999999999716e+01,7.401729000000000269e+02,-8.975918900000000349e+02,-8.793179900000000089e+02,-9.935587900000000805e-02,9.716641700000000128e+03,1.147422900000000023e+00
8.084999999999999432e+01,7.852528600000000552e+02,-8.987602200000000039e+02,-8.793733499999999594e+02,5.351208599999999864e-03,9.716641700000000128e+03,1.147422900000000023e+00
8.090000000000000568e+01,7.236764699999999948e+02,-8.981869799999999486e+02,-8.803203600000000506e+02,-1.766449599999999898e-01,9.716641700000000128e+03,1.147422900000000023e+00
8.095000000000000284e+01,6.500339199999999664e+02,-8.975133399999999710e+02,-8.814648499999999558e+02,2.194660500000000097e-02,9.716641700000000128e+03,1.147422900000000023e+00
8.100000000000000000e+01,6.238994199999999637e+02,-8.973444600000000264e+02,-8.819411999999999807e+02,1.213018200000000046e-01,9.716641700000000128e+03,1.147422900000000023e+00
8.104999999999999716e+01,6.596398000000000366e+02,-8.981269499999999653e+02,-8.818413100000000213e+02,1.005997899999999945e-01,9.716641700000000128e+03,1.147422900000000023e+00
8.109999999999999432e+01,7.219319199999999910e+02,-8.991693299999999454e+02,-8.813457799999999907e+02,8.081989300000000376e-02,9.716641700000000128e+03,1.147422900000000023e+00
8.115000000000000568e+01,7.289058999999999742e+02,-8.989348899999999958e+02,-8.809391600000000153e+02,9.844794399999999557e-02,9.716641700000000128e+03,1.147422900000000023e+00
8.120000000000000284e+01,7.686891399999999521e+02,-8.997438300000000027e+02,-8.807658999999999878e+02,-1.550233500000000042e-01,9.716641700000000128e+03,1.147422900000000023e+00
8.125000000000000000e+01,7.498108499999999594e+02,-8.994081599999999526e+02,-8.808963199999999460e+02,1.959791700000000081e-01,9.716641700000000128e+03,1.147422900000000023e+00
8.129999999999999716e+01,7.258878700000000208e+02,-8.998486599999999953e+02,-8.819274400000000469e+02,1.093700599999999912e-01,9.716641700000000128e+03,1.147422900000000023e+00
8.134999999999999432e+01,6.918569899999999961e+02,-9.007465999999999440e+02,-8.836655600000000277e+02,-1.180701900000000054e-01,9.716641700000000128e+03,1.147422900000000023e+00
8.140000000000000568e+01,6.221980899999999792e+02,-8.997749199999999519e+02,-8.844136600000000499e+02,-2.185492200000000163e-01,9.716641700000000128e+03,1.147422900000000023e+00
8.145000000000000284e+01,6.447773499999999558e+02,-9.001315299999999979e+02,-8.842128300000000536e+02,-1.817340799999999923e-01,9.716641700000000128e+03,1.147422900000000023e+00
8.150000000000000000e+01,6.759422600000000330e+02,-9.001386800000000221e+02,-8.834505599999999959e+02,-2.001024900000000079e-02,9.716641700000000128e+03,1.147422900000000023e+00
8.154999999999999716e+01,6.851093700000000126e+02,-8.994127899999999727e+02,-8.824983399999999847e+02,1.471038800000000202e-01,9.716641700000000128e+03,1.147422900000000023e+00
8.159999999999999432e+01,6.893511799999999994e+02,-8.987314499999999953e+02,-8.817122799999999643e+02,8.886496900000000199e-02,9.716641700000000128e+03,1.147422900000000023e+00
8.165000000000000568e+01,7.795817299999999932e+02,-9.006106200000000399e+02,-8.813637700000000450e+02,-1.737948500000000007e-01,9.716641700000000128e+03,1.147422900000000023e+00
8.170000000000000284e+01,6.999874800000000050e+02,-8.988332799999999452e+02,-8.815515100000000075e+02,-1.462694999999999967e-01,9.716641700000000128e+03,1.147422900000000023e+00
8.175000000000000000e+01,7.059592900000000100e+02,-8.989646500000000060e+02,-8.815354399999999941e+02,2.913041499999999978e-02,9.716641700000000128e+03,1.147422900000000023e+00
8.179999999999999716e+01,6.908560099999999693e+02,-8.983653500000000349e+02,-8.813090200000000323e+02,-1.708040600000000075e-01,9.716641700000000128e+03,1.147422900000000023e+00
8.184999999999999432e+01,6.929361699999999473e+02,-8.976685999999999694e+02,-8.805609200000000101e+02,1.147435700000000031e-01,9.716641700000000128e+03,1.147422900000000023e+00
8.190000000000000568e+01,7.365718200000000024e+02,-8.970310899999999492e+02,-8.788460999999999785e+02,-1.220388600000000059e-02,9.716641700000000128e+03,1.147422900000000023e+00
8.195000000000000284e+01,7.746501600000000280e+02,-8.969797600000000557e+02,-8.778546599999999671e+02,-3.521371200000000205e-03,9.716641700000000128e+03,1.147422900000000023e+00
8.200000000000000000e+01,7.574576399999999694e+02,-8.965921299999999974e+02,-8.778914899999999761e+02,2.474400900000000292e-01,9.716641700000000128e+03,1.147422900000000023e+00
8.204999999999999716e+01,7.383108499999999594e+02,-8.967789000000000215e+02,-8.785509799999999814e+02,-6.934869800000000029e-02,9.716641700000000128e+03,1.147422900000000023e+00
8.209999999999999432e+01,7.071584299999999530e+02,-8.969401299999999537e+02,-8.794813199999999824e+02,4.677126799999999779e-02,9.716641700000000128e+03,1.147422900000000023e+00
8.215000000000000568e+01,6.706193700000000035e+02,-8.970312800000000379e+02,-8.804745699999999715e+02,-3.170041900000000051e-02,9.716641700000000128e+03,1.147422900000000023e+00
8.220000000000000284e+01,6.806107799999999770e+02,-8.979245300000000043e+02,-8.811211399999999685e+02,-2.653832900000000373e-03,9.716641700000000128e+03,1.147422900000000023e+00
8.225000000000000000e+01,6.945455799999999726e+02,-8.984889899999999443e+02,-8.813415700000000470e+02,-2.454147200000000029e-01,9.716641700000000128e+03,1.147422900000000023e+00
8.229999999999999716e+01,7.063100299999999834e+02,-8.986019099999999753e+02,-8.811640400000000000e+02,1.022584799999999988e-01,9.716641700000000128e+03,1.147422900000000023e+00
8.234999999999999432e+01,7.158375800000000027e+02,-8.986877500000000509e+02,-8.810146600000000490e+02,-1.646980399999999900e-01,9.716641700000000128e+03,1.147422900000000023e+00
8.240000000000000568e+01,6.585449300000000221e+02,-8.972068000000000438e+02,-8.809481899999999541e+02,-1.471998300000000037e-01,9.716641700000000128e+03,1.147422900000000023e+00
8.245000000000000284e+01,7.374858600000000024e+02,-8.986269899999999780e+02,-8.804194400000000087e+02,1.562440100000000165e-01,9.716641700000000128e+03,1.147422900000000023e+00
8.250000000000000000e+01,6.855410900000000538e+02,-8.969622200000000021e+02,-8.800371099999999842e+02,-2.304400600000000021e-01,9.716641700000000128e+03,1.147422900000000023e+00
8.254999999999999716e+01,7.166570799999999508e+02,-8.971998800000000074e+02,-8.795065499999999474e+02,1.994483800000000084e-01,9.716641700000000128e+03,1.147422900000000023e+00
8.259999999999999432e+01,7.076827299999999923e+02,-8.963010299999999688e+02,-8.788292699999999513e+02,1.429457100000000036e-01,9.716641700000000128e+03,1.147422900000000023e+00
8.265000000000000568e+01,7.661887500000000273e+02,-8.971967100000000528e+02,-8.782805200000000241e+02,-1.073431700000000155e-01,9.716641700000000128e+03,1.147422900000000023e+00
8.270000000000000284e+01,7.803584700000000112e+02,-8.974415599999999813e+02,-8.781755299999999806e+02,-1.140170000000000072e-01,9.716641700000000128e+03,1.147422900000000023e+00
8.275000000000000000e+01,8.068713999999999942e+02,-8.990374699999999848e+02,-8.791168800000000374e+02,-1.498033900000000085e-01,9.716641700000000128e+03,1.147422900000000023e+00
8.279999999999999716e+01,7.192882700000000114e+02,-8.985655600000000049e+02,-8.808072799999999916e+02,3.636505900000000513e-02,9.716641700000000128e+03,1.147422900000000023e+00
8.284999999999999432e+01,7.234436699999999973e+02,-8.996715799999999490e+02,-8.818106999999999971e+02,-5.946539500000000422e-02,9.716641700000000128e+03,1.147422900000000023e+00
8.290000000000000568e+01,6.891761500000000069e+02,-8.993936300000000301e+02,-8.823787800000000061e+02,-1.520766500000000077e-01,9.716641700000000128e+03,1.147422900000000023e+00
8.295000000000000284e+01,6.542013200000000097e+02,-8.988021099999999706e+02,-8.826507400000000416e+02,-2.737580900000000095e-02,9.716641700000000128e+03,1.147422900000000023e+00
8.300000000000000000e+01,6.700243100000000140e+02,-8.991143799999999828e+02,-8.825723600000000033e+02,-1.090314200000000108e-02,9.716641700000000128e+03,1.147422900000000023e+00
8.304999999999999716e+01,7.138451000000000022e+02,-8.997981700000000274e+02,-8.821742699999999786e+02,-1.904449800000000137e-01,9.716641700000000128e+03,1.147422900000000023e+00
8.309999999999999432e+01,6.602888000000000375e+02,-8.979744399999999587e+02,-8.816727799999999888e+02,7.707371299999999856e-03,9.716641700000000128e+03,1.147422900000000023e+00
8.315000000000000568e+01,7.018001299999999674e+02,-8.980808299999999917e+02,-8.807543100000000322e+02,-3.140637600000000147e-03,9.716641700000000128e+03,1.147422900000000023e+00
8.320000000000000284e+01,6.911544099999999844e+02,-8.964713100000000168e+02,-8.794076099999999769e+02,7.703457300000000896e-02,9.716641700000000128e+03,1.147422900000000023e+00
8.325000000000000000e+01,7.779058199999999488e+02,-8.977897299999999632e+02,-8.785842599999999720e+02,2.713646400000000250e-02,9.716641700000000128e+03,1.147422900000000023e+00
8.329999999999999716e+01,7.472938500000000204e+02,-8.974375199999999495e+02,-8.789878099999999677e+02,3.668770100000000312e-02,9.716641700000000128e+03,1.147422900000000023e+00
8.334999999999999432e+01,7.678152199999999539e+02,-8.987239899999999579e+02,-8.797676400000000285e+02,-1.177758299999999980e-01,9.716641700000000128e+03,1.147422900000000023e+00
8.340000000000000568e+01,6.692332400000000234e+02,-8.970713600000000270e+02,-8.805488699999999653e+02,6.019530800000000292e-02,9.716641700000000128e+03,1.147422900000000023e+00
8.345000000000000284e+01,7.225529000000000224e+02,-8.987724500000000489e+02,-8.809335700000000315e+02,2.000015500000000002e-01,9.716641700000000128e+03,1.147422900000000023e+00
8.350000000000000000e+01,7.605258900000000040e+02,-9.000731299999999919e+02,-8.812967399999999998e+02,-1.518599399999999953e-02,9.716641700000000128e+03,1.147422900000000023e+00
8.354999999999999716e+01,7.048745800000000372e+02,-8.993250299999999697e+02,-8.819225999999999885e+02,1.547390600000000116e-01,9.716641700000000128e+03,1.147422900000000023e+00
8.359999999999999432e+01,6.720964300000000549e+02,-8.988907600000000002e+02,-8.822975800000000390e+02,-5.476584000000000313e-02,9.716641700000000128e+03,1.147422900000000023e+00
8.365000000000000568e+01,6.815198599999999942e+02,-8.990590600000000450e+02,-8.822332300000000487e+02,1.408022500000000003e-02,9.716641700000000128e+03,1.147422900000000023e+00
8.370000000000000284e+01,7.127323599999999715e+02,-8.994893399999999701e+02,-8.818929100000000290e+02,-3.211526700000000289e-01,9.716641700000000128e+03,1.147422900000000023e+00
8.375000000000000000e+01,7.024743999999999460e+02,-8.981056800000000067e+02,-8.807625100000000202e+02,-6.953468200000000911e-03,9.716641700000000128e+03,1.147422900000000023e+00
8.379999999999999716e+01,7.364218299999999999e+02,-8.971081000000000358e+02,-8.789268100000000459e+02,9.164037899999999404e-02,9.716641700000000128e+03,1.147422900000000023e+00
8.384999999999999432e+01,7.301384699999999839e+02,-8.963319900000000189e+02,-8.783058300000000145e+02,-7.534735100000000685e-02,9.716641700000000128e+03,1.147422900000000023e+00
8.390000000000000568e+01,7.670173899999999776e+02,-8.972020800000000236e+02,-8.782654300000000376e+02,2.038294200000000111e-01,9.716641700000000128e+03,1.147422900000000023e+00
8.395000000000000284e+01,6.960516900000000078e+02,-8.961749099999999544e+02,-8.789903000000000475e+02,-5.703818700000001102e-02,9.716641700000000128e+03,1.147422900000000023e+00
8.400000000000000000e+01,6.898991600000000517e+02,-8.969519400000000360e+02,-8.799192399999999452e+02,2.641544100000000062e-01,9.716641700000000128e+03,1.147422900000000023e+00
8.404999999999999716e+01,6.957662900000000263e+02,-8.978171499999999696e+02,-8.806395899999999983e+02,-3.393225200000000163e-01,9.716641700000000128e+03,1.147422900000000023e+00
8.409999999999999432e+01,7.123988399999999501e+02,-8.987243099999999458e+02,-8.811361100000000306e+02,2.140254800000000179e-01,9.716641700000000128e+03,1.147422900000000023e+00
8.415000000000000568e+01,6.025328500000000531e+02,-8.965475400000000263e+02,-8.816717999999999620e+02,-2.300174700000000017e-01,9.716641700000000128e+03,1.147422900000000023e+00
8.420000000000000284e+01,6.993832200000000512e+02,-8.987904700000000275e+02,-8.815236200000000508e+02,-5.129484200000000715e-02,9.716641700000000128e+03,1.147422900000000023e+00
8.425000000000000000e+01,6.952664099999999507e+02,-8.984770399999999881e+02,-8.813118200000000115e+02,-4.648835999999999941e-03,9.716641700000000128e+03,1.147422900000000023e+00
8.429999999999999716e+01,7.143869600000000446e+02,-8.987740700000000516e+02,-8.811367900000000191e+02,7.058225300000001146e-02,9.716641700000000128e+03,1.147422900000000023e+00
8.434999999999999432e+01,7.410247000000000526e+02,-8.987574600000000373e+02,-8.804625399999999900e+02,-1.427143800000000018e-01,9.716641700000000128e+03,1.147422900000000023e+00
8.440000000000000568e+01,7.693908800000000383e+02,-8.977828200000000152e+02,-8.787875699999999597e+02,1.324978800000000123e-01,9.716641700000000128e+03,1.147422900000000023e+00
8.445000000000000284e+01,7.881333600000000388e+02,-8.971765199999999822e+02,-8.777185399999999618e+02,-2.163119600000000184e-02,9.716641700000000128e+03,1.147422900000000023e+00
8.450000000000000000e+01,7.150706199999999626e+02,-8.955630499999999756e+02,-8.779089000000000169e+02,1.264348700000000048e-01,9.716641700000000128e+03,1.147422900000000023e+00
8.454999999999999716e+01,7.168474899999999934e+02,-8.963022600000000466e+02,-8.786042400000000043e+02,-1.119849300000000103e-01,9.716641700000000128e+03,1.147422900000000023e+00
8.459999999999999432e+01,6.985942099999999755e+02,-8.967972899999999754e+02,-8.795499099999999544e+02,-1.487867999999999968e-01,9.716641700000000128e+03,1.147422900000000023e+00
8.465000000000000568e+01,6.392642899999999599e+02,-8.961605100000000448e+02,-8.803779100000000426e+02,-7.983252300000000246e-02,9.716641700000000128e+03,1.147422900000000023e+00
8.470000000000000284e+01,6.879354799999999841e+02,-8.976837299999999686e+02,-8.806994999999999436e+02,8.252519800000000794e-02,9.716641700000000128e+03,1.147422900000000023e+00
8.475000000000000000e+01,6.629479199999999537e+02,-8.969898200000000088e+02,-8.806224999999999454e+02,-2.042729900000000154e-01,9.716641700000000128e+03,1.147422900000000023e+00
8.479999999999999716e+01,7.516000099999999975e+02,-8.988730600000000095e+02,-8.803170400000000200e+02,4.558044600000000363e-02,9.716641700000000128e+03,1.147422900000000023e+00
8.484999999999999432e+01,7.305845699999999852e+02,-8.985218700000000354e+02,-8.804846900000000005e+02,-2.450835300000000216e-01,9.716641700000000128e+03,1.147422900000000023e+00
8.490000000000000568e+01,6.933917400000000271e+02,-8.983149600000000419e+02,-8.811960299999999506e+02,2.244816000000000034e-01,9.716641700000000128e+03,1.147422900000000023e+00
8.495000000000000284e+01,6.506248199999999997e+02,-8.990060799999999972e+02,-8.829430099999999584e+02,-2.632539400000000196e-01,9.716641700000000128e+03,1.147422900000000023e+00
8.500000000000000000e+01,6.554256400000000440e+02,-9.002393100000000459e+02,-8.840577100000000428e+02,3.502575699999999764e-02,9.716641700000000128e+03,1.147422900000000023e+00
8.504999999999999716e+01,6.916183200000000397e+02,-9.014777199999999766e+02,-8.844025699999999688e+02,1.085843800000000220e-01,9.716641700000000128e+03,1.147422900000000023e+00
8.509999999999999432e+01,6.570875099999999520e+02,-9.007397300000000087e+02,-8.845171100000000024e+02,1.786796400000000007e-01,9.716641700000000128e+03,1.147422900000000023e+00
8.515000000000000568e+01,6.530716099999999642e+02,-9.003546400000000176e+02,-8.842311600000000453e+02,-1.533765699999999899e-01,9.716641700000000128e+03,1.147422900000000023e+00
8.520000000000000284e+01,6.420354200000000446e+02,-8.991112399999999525e+02,-8.832602200000000039e+02,2.435704100000000150e-01,9.716641700000000128e+03,1.147422900000000023e+00
8.525000000000000000e+01,7.185115600000000313e+02,-8.996266000000000531e+02,-8.818875000000000455e+02,-1.492624700000000082e-01,9.716641700000000128e+03,1.147422900000000023e+00
8.529999999999999716e+01,7.036272400000000289e+02,-8.986046499999999924e+02,-8.812330200000000104e+02,1.068686500000000095e-01,9.716641700000000128e+03,1.147422900000000023e+00
8.534999999999999432e+01,7.003743399999999610e+02,-8.984133799999999610e+02,-8.811220600000000331e+02,-1.950225700000000062e-01,9.716641700000000128e+03,1.147422900000000023e+00
8.540000000000000568e+01,7.231753800000000183e+02,-8.989758600000000115e+02,-8.811216100000000324e+02,-6.322700000000000542e-02,9.716641700000000128e+03,1.147422900000000023e+00
8.545000000000000284e+01,6.820272400000000061e+02,-8.982398299999999836e+02,-8.814014799999999923e+02,-1.083905099999999955e-01,9.716641700000000128e+03,1.147422900000000023e+00
8.550000000000000000e+01,6.698427400000000489e+02,-8.982540900000000192e+02,-8.817165499999999838e+02,-2.259029200000000071e-01,9.716641700000000128e+03,1.147422900000000023e+00
8.554999999999999716e+01,7.013445500000000266e+02,-8.993842399999999770e+02,-8.820689599999999473e+02,-1.884163800000000222e-01,9.716641700000000128e+03,1.147422900000000023e+00
8.559999999999999432e+01,6.823492999999999711e+02,-8.996810100000000148e+02,-8.828346999999999980e+02,-7.204517900000000086e-02,9.716641700000000128e+03,1.147422900000000023e+00
8.565000000000000568e+01,6.706529600000000073e+02,-9.005584199999999555e+02,-8.840008699999999635e+02,-1.724461800000000045e-01,9.716641700000000128e+03,1.147422900000000023e+00
8.570000000000000284e+01,6.059624400000000151e+02,-8.995753300000000081e+02,-8.846149100000000089e+02,2.453934400000000113e-02,9.716641700000000128e+03,1.147422900000000023e+00
8.575000000000000000e+01,6.553025099999999838e+02,-9.003442999999999756e+02,-8.841657400000000280e+02,-1.677006000000000052e-01,9.716641700000000128e+03,1.147422900000000023e+00
8.579999999999999716e+01,6.570986599999999953e+02,-8.993685699999999770e+02,-8.831456699999999955e+02,-5.885755500000000584e-02,9.716641700000000128e+03,1.147422900000000023e+00
8.584999999999999432e+01,6.743248099999999567e+02,-8.987206999999999653e+02,-8.820725099999999657e+02,-3.176858999999999933e-02,9.716641700000000128e+03,1.147422900000000023e+00
8.590000000000000568e+01,6.988413600000000088e+02,-8.985281099999999697e+02,-8.812746300000000019e+02,-7.624179100000000320e-02,9.716641700000000128e+03,1.147422900000000023e+00
8.595000000000000284e+01,7.030800299999999652e+02,-8.983382000000000289e+02,-8.809800699999999551e+02,9.819880300000000117e-02,9.716641700000000128e+03,1.147422900000000023e+00
8.600000000000000000e+01,7.373705499999999802e+02,-8.991653800000000274e+02,-8.809606700000000501e+02,5.639282400000000112e-02,9.716641700000000128e+03,1.147422900000000023e+00
8.604999999999999716e+01,7.410351500000000442e+02,-8.993879899999999452e+02,-8.810928000000000111e+02,3.858768500000000351e-02,9.716641700000000128e+03,1.147422900000000023e+00
8.609999999999999432e+01,6.512543799999999692e+02,-8.973328800000000456e+02,-8.812542700000000195e+02,1.733210099999999976e-01,9.716641700000000128e+03,1.147422900000000023e+00
8.615000000000000568e+01,7.026590599999999540e+02,-8.981533399999999574e+02,-8.808056100000000015e+02,-1.217601300000000081e-01,9.716641700000000128e+03,1.147422900000000023e+00
8.620000000000000284e+01,7.300944700000000012e+02,-8.978976099999999860e+02,-8.798725399999999581e+02,1.719096800000000091e-01,9.716641700000000128e+03,1.147422900000000023e+00
8.625000000000000000e+01,6.864160299999999779e+02,-8.958321200000000317e+02,-8.788854099999999789e+02,2.505535700000000032e-01,9.716641700000000128e+03,1.147422900000000023e+00
8.629999999999999716e+01,7.726617099999999709e+02,-8.968570700000000215e+02,-8.777810699999999997e+02,1.445500000000000118e-01,9.716641700000000128e+03,1.147422900000000023e+00
8.634999999999999432e+01,7.811071399999999585e+02,-8.970221400000000358e+02,-8.777376299999999674e+02,5.125113500000000322e-02,9.716641700000000128e+03,1.147422900000000023e+00
8.640000000000000568e+01,7.423325300000000198e+02,-8.971432300000000168e+02,-8.788160199999999804e+02,1.426372100000000143e-01,9.716641700000000128e+03,1.147422900000000023e+00
8.645000000000000284e+01,6.510566000000000031e+02,-8.960868500000000267e+02,-8.800131199999999581e+02,1.659406200000000109e-01,9.716641700000000128e+03,1.147422900000000023e+00
8.650000000000000000e+01,6.817119500000000016e+02,-8.971302100000000337e+02,-8.802996399999999539e+02,-5.466649999999999981e-02,9.716641700000000128e+03,1.147422900000000023e+00
8.654999999999999716e+01,7.417531800000000430e+02,-8.988682499999999891e+02,-8.805553400000000011e+02,2.751568600000000031e-01,9.716641700000000128e+03,1.147422900000000023e+00
8.659999999999999432e+01,6.376918899999999439e+02,-8.969201699999999846e+02,-8.811763899999999694e+02,3.982063200000000164e-02,9.716641700000000128e+03,1.147422900000000023e+00
8.665000000000000568e+01,6.766075499999999465e+02,-8.981754100000000562e+02,-8.814708500000000413e+02,3.622540200000000550e-03,9.716641700000000128e+03,1.147422900000000023e+00
8.670000000000000284e+01,6.878252700000000459e+02,-8.985829400000000078e+02,-8.816014400000000251e+02,-3.194581700000000135e-02,9.716641700000000128e+03,1.147422900000000023e+00
8.675000000000000000e+01,6.462706399999999576e+02,-8.977379799999999932e+02,-8.817824100000000271e+02,4.071398700000000009e-02,9.716641700000000128e+03,1.147422900000000023e+00
8.679999999999999716e+01,6.672711500000000342e+02,-8.980397699999999759e+02,-8.815657200000000557e+02,3.696811000000000541e-02,9.716641700000000128e+03,1.147422900000000023e+00
8.684999999999999432e+01,7.432973299999999881e+02,-8.991830300000000307e+02,-8.808319999999999936e+02,-1.048936400000000102e-02,9.716641700000000128e+03,1.147422900000000023e+00
8.690000000000000568e+01,7.033639899999999443e+02,-8.973582400000000234e+02,-8.799931100000000015e+02,-4.994496200000000247e-03,9.716641700000000128e+03,1.147422900000000023e+00
8.695000000000000284e+01,7.304123499999999467e+02,-8.973584100000000490e+02,-8.793254899999999452e+02,2.589921800000000163e-02,9.716641700000000128e+03,1.147422900000000023e+00
8.700000000000000000e+01,7.565504300000000057e+02,-8.975604799999999841e+02,-8.788822400000000243e+02,-1.165055000000000084e-02,9.716641700000000128e+03,1.147422900000000023e+00
8.704999999999999716e+01,8.051341800000000148e+02,-8.988975400000000491e+02,-8.790198299999999563e+02,1.315022899999999939e-01,9.716641700000000128e+03,1.147422900000000023e+00
8.709999999999999432e+01,6.790182499999999663e+02,-8.972581000000000131e+02,-8.804940299999999525e+02,6.833610199999999579e-03,9.716641700000000128e+03,1.147422900000000023e+00
8.715000000000000568e+01,7.207483200000000352e+02,-8.993304799999999659e+02,-8.815361500000000206e+02,7.776931300000000657e-02,9.716641700000000128e+03,1.147422900000000023e+00
8.720000000000000284e+01,7.049329900000000180e+02,-8.995519600000000082e+02,-8.821480900000000247e+02,-3.154020700000000066e-02,9.716641700000000128e+03,1.147422900000000023e+00
8.725000000000000000e+01,7.250240999999999758e+02,-9.004566800000000057e+02,-8.825567800000000034e+02,3.468586800000000164e-02,9.716641700000000128e+03,1.147422900000000023e+00
8.729999999999999716e+01,6.742221200000000181e+02,-8.995156600000000253e+02,-8.828700000000000045e+02,5.642251000000000211e-02,9.716641700000000128e+03,1.147422900000000023e+00
8.734999999999999432e+01,6.934752300000000105e+02,-9.000589800000000196e+02,-8.829379900000000134e+02,-2.024834800000000212e-01,9.716641700000000128e+03,1.147422900000000023e+00
8.740000000000000568e+01,6.763618800000000419e+02,-8.996419399999999769e+02,-8.829434599999999591e+02,2.299943700000000035e-01,9.716641700000000128e+03,1.147422900000000023e+00
8.745000000000000284e+01,6.832474499999999580e+02,-8.993019399999999450e+02,-8.824334599999999682e+02,-2.077130100000000035e-01,9.716641700000000128e+03,1.147422900000000023e+00
8.750000000000000000e+01,7.282565100000000484e+02,-8.985602599999999711e+02,-8.805805699999999661e+02,2.022095900000000224e-01,9.716641700000000128e+03,1.147422900000000023e+00
8.754999999999999716e+01,7.351656799999999521e+02,-8.974105100000000448e+02,-8.792602299999999786e+02,1.750699900000000087e-01,9.716641700000000128e+03,1.147422900000000023e+00
8.759999999999999432e+01,7.345162400000000389e+02,-8.971027500000000146e+02,-8.789685100000000375e+02,2.554687999999999959e-01,9.716641700000000128e+03,1.147422900000000023e+00
8.765000000000000568e+01,7.296853899999999840e+02,-8.970033799999999928e+02,-8.789883999999999560e+02,-3.071513200000000263e-02,9.716641700000000128e+03,1.147422900000000023e+00
8.770000000000000284e+01,7.448101699999999710e+02,-8.974988600000000361e+02,-8.791104800000000523e+02,2.077928199999999892e-01,9.716641700000000128e+03,1.147422900000000023e+00
8.775000000000000000e+01,7.247046900000000278e+02,-8.972795099999999593e+02,-8.793875000000000455e+02,1.686174500000000298e-01,9.716641700000000128e+03,1.147422900000000023e+00
8.779999999999999716e+01,6.851526400000000194e+02,-8.967379600000000437e+02,-8.798224400000000287e+02,8.792080800000000307e-02,9.716641700000000128e+03,1.147422900000000023e+00
8.784999999999999432e+01,6.752862599999999702e+02,-8.970132099999999582e+02,-8.803412799999999834e+02,4.932573800000000092e-02,9.716641700000000128e+03,1.147422900000000023e+00
8.790000000000000568e+01,6.677430000000000518e+02,-8.973125000000000000e+02,-8.808268000000000484e+02,-4.661998799999999936e-03,9.716641700000000128e+03,1.147422900000000023e+00
8.795000000000000284e+01,6.472626000000000204e+02,-8.970230800000000499e+02,-8.810430199999999559e+02,-7.089219399999999172e-02,9.716641700000000128e+03,1.147422900000000023e+00
8.800000000000000000e+01,6.843845000000000027e+02,-8.976355800000000045e+02,-8.807390199999999822e+02,1.312077700000000013e-01,9.716641700000000128e+03,1.147422900000000023e+00
8.804999999999999716e+01,7.388440000000000509e+02,-8.982617599999999811e+02,-8.800206799999999703e+02,8.676116600000000068e-02,9.716641700000000128e+03,1.147422900000000023e+00
8.809999999999999432e+01,7.295863699999999881e+02,-8.972909799999999905e+02,-8.792784500000000207e+02,8.937393600000000105e-02,9.716641700000000128e+03,1.147422900000000023e+00
8.815000000000000568e+01,7.216901900000000296e+02,-8.965460600000000113e+02,-8.787284799999999905e+02,1.134415000000000007e-01,9.716641700000000128e+03,1.147422900000000023e+00
8.820000000000000284e+01,7.243800400000000081e+02,-8.965599899999999707e+02,-8.786759899999999561e+02,3.076785800000000209e-02,9.716641700000000128e+03,1.147422900000000023e+00
8.825000000000000000e+01,7.380716800000000148e+02,-8.974225800000000390e+02,-8.792005599999999959e+02,4.982770699999999886e-02,9.716641700000000128e+03,1.147422900000000023e+00
8.829999999999999716e+01,6.696302600000000211e+02,-8.970300700000000234e+02,-8.804977800000000343e+02,5.790122000000000324e-02,9.716641700000000128e+03,1.147422900000000023e+00
8.834999999999999432e+01,6.493216200000000526e+02,-8.976958499999999503e+02,-8.816649599999999509e+02,1.134685899999999942e-01,9.716641700000000128e+03,1.147422900000000023e+00
8.840000000000000568e+01,7.037780800000000454e+02,-8.995121100000000069e+02,-8.821367599999999811e+02,-1.352305699999999944e-01,9.716641700000000128e+03,1.147422900000000023e+00
8.845000000000000284e+01,6.580849299999999857e+02,-8.985418799999999919e+02,-8.822946200000000090e+02,4.912329199999999896e-02,9.716641700000000128e+03,1.147422900000000023e+00
8.850000000000000000e+01,6.416550999999999476e+02,-8.978491299999999455e+02,-8.820075000000000500e+02,-1.272008900000000109e-01,9.716641700000000128e+03,1.147422900000000023e+00
8.854999999999999716e+01,7.125625499999999874e+02,-8.988420099999999593e+02,-8.812497700000000123e+02,-3.985101399999999711e-02,9.716641700000000128e+03,1.147422900000000023e+00
8.859999999999999432e+01,7.095457699999999477e+02,-8.981187599999999520e+02,-8.806010099999999738e+02,-1.323912900000000226e-01,9.716641700000000128e+03,1.147422900000000023e+00
8.865000000000000568e+01,6.895810199999999668e+02,-8.974541199999999890e+02,-8.804292699999999741e+02,-1.338898500000000047e-01,9.716641700000000128e+03,1.147422900000000023e+00
8.870000000000000284e+01,7.502515700000000152e+02,-8.990637900000000400e+02,-8.805410600000000159e+02,1.057912000000000019e-01,9.716641700000000128e+03,1.147422900000000023e+00
8.875000000000000000e+01,6.830963600000000042e+02,-8.977758900000000040e+02,-8.809111400000000458e+02,-1.383428800000000014e-01,9.716641700000000128e+03,1.147422900000000023e+00
8.879999999999999716e+01,6.923717400000000453e+02,-8.981277999999999793e+02,-8.810340499999999793e+02,-3.850084900000000365e-02,9.716641700000000128e+03,1.147422900000000023e+00
8.884999999999999432e+01,7.600184199999999919e+02,-8.996396700000000237e+02,-8.808758100000000013e+02,-1.514404600000000267e-01,9.716641700000000128e+03,1.147422900000000023e+00
8.890000000000000568e+01,7.726198399999999538e+02,-8.998771900000000414e+02,-8.808022200000000339e+02,4.460816699999999718e-02,9.716641700000000128e+03,1.147422900000000023e+00
8.895000000000000284e+01,7.289072400000000016e+02,-8.993739399999999478e+02,-8.813781800000000430e+02,1.988067299999999801e-02,9.716641700000000128e+03,1.147422900000000023e+00
8.900000000000000000e+01,6.843234700000000430e+02,-8.997294100000000299e+02,-8.828343599999999469e+02,4.266681600000000324e-02,9.716641700000000128e+03,1.147422900000000023e+00
8.904999999999999716e+01,6.316661000000000286e+02,-8.996241899999999987e+02,-8.840291799999999967e+02,-2.698509599999999731e-01,9.716641700000000128e+03,1.147422900000000023e+00
8.909999999999999432e+01,7.220538299999999481e+02,-9.021453500000000076e+02,-8.843187799999999470e+02,5.245728000000000890e-02,9.716641700000000128e+03,1.147422900000000023e+00
8.915000000000000568e+01,6.007586499999999887e+02,-8.993118399999999610e+02,-8.844799000000000433e+02,6.343733799999999590e-02,9.716641700000000128e+03,1.147422900000000023e+00
8.920000000000000284e+01,7.097640800000000354e+02,-9.014366599999999607e+02,-8.839135199999999486e+02,1.297033900000000017e-01,9.716641700000000128e+03,1.147422900000000023e+00
8.925000000000000000e+01,6.724724800000000187e+02,-8.999598799999999983e+02,-8.833574200000000474e+02,-1.714284300000000205e-01,9.716641700000000128e+03,1.147422900000000023e+00
8.929999999999999716e+01,6.954973999999999705e+02,-9.000028200000000425e+02,-8.828319000000000187e+02,-1.994042400000000104e-01,9.716641700000000128e+03,1.147422900000000023e+00
8.934999999999999432e+01,7.012968700000000126e+02,-8.996566500000000133e+02,-8.823425499999999602e+02,3.553712300000000379e-02,9.716641700000000128e+03,1.147422900000000023e+00
8.940000000000000568e+01,6.637847400000000562e+02,-8.984244099999999662e+02,-8.820364399999999705e+02,-4.182623900000000117e-02,9.716641700000000128e+03,1.147422900000000023e+00
8.945000000000000284e+01,6.642035700000000134e+02,-8.979937899999999900e+02,-8.815954799999999523e+02,4.907773800000000269e-02,9.716641700000000128e+03,1.147422900000000023e+00
8.950000000000000000e+01,7.323072499999999536e+02,-8.992250099999999975e+02,-8.811453099999999949e+02,-1.172906299999999964e-02,9.716641700000000128e+03,1.147422900000000023e+00
8.954999999999999716e+01,7.072921800000000303e+02,-8.985223499999999603e+02,-8.810602400000000216e+02,-5.000338900000000225e-02,9.716641700000000128e+03,1.147422900000000023e+00
8.959999999999999432e+01,7.092749400000000151e+02,-8.986303699999999708e+02,-8.811192999999999529e+02,7.313279000000000307e-02,9.716641700000000128e+03,1.147422900000000023e+00
8.965000000000000568e+01,7.479245799999999917e+02,-8.997105800000000499e+02,-8.812453000000000429e+02,4.967809800000000386e-02,9.716641700000000128e+03,1.147422900000000023e+00
8.970000000000000284e+01,7.416272199999999657e+02,-9.003908099999999877e+02,-8.820810099999999920e+02,1.207434800000000003e-01,9.716641700000000128e+03,1.147422900000000023e+00
8.975000000000000000e+01,6.517396899999999960e+02,-9.000162100000000009e+02,-8.839256100000000060e+02,-1.501674400000000131e-01,9.716641700000000128e+03,1.147422900000000023e+00
8.979999999999999716e+01,6.375820599999999558e+02,-9.003997799999999643e+02,-8.846587200000000166e+02,4.206030400000000669e-02,9.716641700000000128e+03,1.147422900000000023e+00
8.984999999999999432e+01,6.632405300000000352e+02,-9.008553299999999808e+02,-8.844807899999999563e+02,9.408958300000000441e-02,9.716641700000000128e+03,1.147422900000000023e+00
8.990000000000000568e+01,6.111179700000000139e+02,-8.990539199999999482e+02,-8.839662200000000212e+02,1.442821900000000046e-01,9.716641700000000128e+03,1.147422900000000023e+00
8.995000000000000284e+01,7.043808299999999463e+02,-9.004474699999999530e+02,-8.830572300000000041e+02,6.087721299999999947e-02,9.716641700000000128e+03,1.147422900000000023e+00
9.000000000000000000e+01,7.011082199999999602e+02,-8.996563999999999623e+02,-8.823469599999999673e+02,-2.574102500000000071e-01,9.716641700000000128e+03,1.147422900000000023e+00
9.004999999999999716e+01,7.231049299999999675e+02,-8.997148499999999558e+02,-8.818623400000000174e+02,5.048491500000000520e-02,9.716641700000000128e+03,1.147422900000000023e+00
9.009999999999999432e+01,7.601924699999999575e+02,-9.005432100000000446e+02,-8.817750600000000532e+02,-1.173077399999999937e-02,9.716641700000000128e+03,1.147422900000000023e+00
9.015000000000000568e+01,6.919199800000000096e+02,-8.993073799999999665e+02,-8.822247899999999845e+02,-1.393157100000000093e-01,9.716641700000000128e+03,1.147422900000000023e+00
9.020000000000000284e+01,6.934283599999999979e+02,-8.997374099999999544e+02,-8.826175799999999754e+02,-9.834341700000000241e-02,9.716641700000000128e+03,1.147422900000000023e+00
9.025000000000000000e+01,6.979024799999999686e+02,-9.000814400000000433e+02,-8.828511399999999867e+02,3.967508700000000471e-02,9.716641700000000128e+03,1.147422900000000023e+00
9.029999999999999716e+01,6.547179599999999482e+02,-8.992846200000000181e+02,-8.831204900000000180e+02,1.112654100000000090e-01,9.716641700000000128e+03,1.147422900000000023e+00
9.034999999999999432e+01,7.283273000000000366e+02,-9.012619600000000446e+02,-8.832805200000000241e+02,-1.081840000000000024e-01,9.716641700000000128e+03,1.147422900000000023e+00
9.040000000000000568e+01,6.974122200000000475e+02,-9.007454000000000178e+02,-8.835272099999999682e+02,7.677276700000000564e-02,9.716641700000000128e+03,1.147422900000000023e+00
9.045000000000000284e+01,7.169191200000000208e+02,-9.012313500000000204e+02,-8.835315600000000131e+02,3.958869000000000277e-02,9.716641700000000128e+03,1.147422900000000023e+00
9.050000000000000000e+01,6.730352699999999686e+02,-8.998798500000000331e+02,-8.832634900000000471e+02,4.410765700000000150e-02,9.716641700000000128e+03,1.147422900000000023e+00
9.054999999999999716e+01,7.585132800000000088e+02,-9.013450400000000400e+02,-8.826183399999999892e+02,-1.041679799999999968e-02,9.716641700000000128e+03,1.147422900000000023e+00
9.059999999999999432e+01,7.025844499999999471e+02,-8.996184899999999516e+02,-8.822726000000000113e+02,1.230280800000000119e-01,9.716641700000000128e+03,1.147422900000000023e+00
9.065000000000000568e+01,7.208032899999999472e+02,-8.999234099999999899e+02,-8.821277199999999539e+02,1.694774799999999859e-01,9.716641700000000128e+03,1.147422900000000023e+00
9.070000000000000284e+01,7.335303300000000490e+02,-9.001200199999999541e+02,-8.820101100000000542e+02,7.301866300000001142e-02,9.716641700000000128e+03,1.147422900000000023e+00
9.075000000000000000e+01,7.464077600000000530e+02,-9.004708900000000540e+02,-8.820430599999999686e+02,-5.625550299999999837e-02,9.716641700000000128e+03,1.147422900000000023e+00
9.079999999999999716e+01,6.672817300000000387e+02,-8.990145700000000488e+02,-8.825402599999999893e+02,8.370125400000000271e-02,9.716641700000000128e+03,1.147422900000000023e+00
9.084999999999999432e+01,6.481620299999999588e+02,-8.990170000000000528e+02,-8.830147299999999859e+02,-1.185785599999999995e-01,9.716641700000000128e+03,1.147422900000000023e+00
9.090000000000000568e+01,6.963069699999999784e+02,-9.003858699999999544e+02,-8.831949600000000373e+02,-1.024894100000000099e-02,9.716641700000000128e+03,1.147422900000000023e+00
9.095000000000000284e+01,6.195418300000000045e+02,-8.986648000000000138e+02,-8.833691199999999526e+02,-9.776870400000001182e-02,9.716641700000000128e+03,1.147422900000000023e+00
9.100000000000000000e+01,6.553598200000000134e+02,-8.992075200000000450e+02,-8.830275500000000193e+02,1.108440599999999943e-01,9.716641700000000128e+03,1.147422900000000023e+00
9.104999999999999716e+01,6.649113499999999704e+02,-8.986764600000000200e+02,-8.822606700000000046e+02,-1.721702600000000194e-01,9.716641700000000128e+03,1.147422900000000023e+00
9.109999999999999432e+01,7.584429999999999836e+02,-8.997060999999999922e+02,-8.809811399999999821e+02,7.297345600000000598e-02,9.716641700000000128e+03,1.147422900000000023e+00
9.115000000000000568e+01,6.935743400000000065e+02,-8.971831300000000056e+02,-8.800596900000000460e+02,2.023695400000000144e-01,9.716641700000000128e+03,1.147422900000000023e+00
9.120000000000000284e+01,6.775110100000000557e+02,-8.961515500000000429e+02,-8.794246900000000551e+02,1.357227500000000031e-01,9.716641700000000128e+03,1.147422900000000023e+00
9.125000000000000000e+01,7.578905600000000504e+02,-8.975679099999999835e+02,-8.788565899999999829e+02,5.732870400000000810e-02,9.716641700000000128e+03,1.147422900000000023e+00
9.129999999999999716e+01,7.909721200000000181e+02,-8.984171599999999671e+02,-8.788890999999999849e+02,6.603951800000000538e-02,9.716641700000000128e+03,1.147422900000000023e+00
9.134999999999999432e+01,7.379853799999999637e+02,-8.978986999999999625e+02,-8.796788099999999986e+02,-3.378210000000000379e-01,9.716641700000000128e+03,1.147422900000000023e+00
9.140000000000000568e+01,7.129068899999999758e+02,-8.982035700000000134e+02,-8.806028400000000147e+02,-1.040139600000000025e-01,9.716641700000000128e+03,1.147422900000000023e+00
9.145000000000000284e+01,6.829504799999999705e+02,-8.979941499999999905e+02,-8.811330000000000382e+02,-5.746566500000000605e-02,9.716641700000000128e+03,1.147422900000000023e+00
9.150000000000000000e+01,6.899141899999999623e+02,-8.982608699999999544e+02,-8.812278000000000020e+02,2.393773899999999955e-02,9.716641700000000128e+03,1.147422900000000023e+00
9.154999999999999716e+01,7.125773599999999988e+02,-8.987714999999999463e+02,-8.811788999999999987e+02,-9.215086000000000110e-02,9.716641700000000128e+03,1.147422900000000023e+00
9.159999999999999432e+01,7.378517799999999625e+02,-8.993337999999999965e+02,-8.811172100000000000e+02,-1.644532099999999886e-01,9.716641700000000128e+03,1.147422900000000023e+00
9.165000000000000568e+01,7.529862200000000030e+02,-9.001706100000000106e+02,-8.815803700000000163e+02,5.171589900000000267e-02,9.716641700000000128e+03,1.147422900000000023e+00
9.170000000000000284e+01,6.575897800000000188e+02,-8.988822800000000370e+02,-8.826472499999999854e+02,-1.615279199999999915e-01,9.716641700000000128e+03,1.147422900000000023e+00
9.175000000000000000e+01,7.042629899999999452e+02,-9.005896400000000313e+02,-8.832023100000000113e+02,8.073192599999999552e-02,9.716641700000000128e+03,1.147422900000000023e+00
9.179999999999999716e+01,6.297626500000000078e+02,-8.989911200000000235e+02,-8.834431100000000470e+02,2.163107100000000171e-01,9.716641700000000128e+03,1.147422900000000023e+00
9.184999999999999432e+01,7.092983900000000403e+02,-9.007307700000000068e+02,-8.832191299999999501e+02,2.051800400000000080e-01,9.716641700000000128e+03,1.147422900000000023e+00
9.190000000000000568e+01,7.184212400000000116e+02,-9.007433399999999892e+02,-8.830064599999999473e+02,1.559148100000000148e-01,9.716641700000000128e+03,1.147422900000000023e+00
9.195000000000000284e+01,6.747082100000000082e+02,-8.995914800000000469e+02,-8.829338199999999688e+02,1.031402800000000147e-01,9.716641700000000128e+03,1.147422900000000023e+00
9.200000000000000000e+01,6.953361499999999751e+02,-8.999426999999999452e+02,-8.827757599999999911e+02,2.149332500000000062e-02,9.716641700000000128e+03,1.147422900000000023e+00
9.204999999999999716e+01,7.110987000000000080e+02,-9.000934499999999616e+02,-8.825373600000000351e+02,-7.801676999999999917e-02,9.716641700000000128e+03,1.147422900000000023e+00
9.209999999999999432e+01,6.883049999999999500e+02,-8.992419300000000248e+02,-8.822485799999999472e+02,1.631261300000000081e-01,9.716641700000000128e+03,1.147422900000000023e+00
9.215000000000000568e+01,6.918593700000000126e+02,-8.988863999999999805e+02,-8.818052999999999884e+02,1.489413200000000159e-01,9.716641700000000128e+03,1.147422900000000023e+00
9.220000000000000284e+01,7.318083400000000438e+02,-8.992833100000000286e+02,-8.812159199999999828e+02,-8.881079899999999583e-02,9.716641700000000128e+03,1.147422900000000023e+00
9.225000000000000000e+01,7.339708500000000413e+02,-8.986701100000000224e+02,-8.805493300000000545e+02,-1.216573700000000112e-03,9.716641700000000128e+03,1.147422900000000023e+00
9.229999999999999716e+01,7.700411100000000033e+02,-8.986163500000000113e+02,-8.796050500000000056e+02,-2.868021200000000492e-01,9.716641700000000128e+03,1.147422900000000023e+00
9.234999999999999432e+01,7.464370000000000118e+02,-8.970958699999999908e+02,-8.786673200000000179e+02,2.541997500000000021e-01,9.716641700000000128e+03,1.147422900000000023e+00
9.240000000000000568e+01,7.453759000000000015e+02,-8.963062499999999773e+02,-8.779038900000000467e+02,-4.838020000000000653e-01,9.716641700000000128e+03,1.147422900000000023e+00
9.245000000000000284e+01,7.950396600000000262e+02,-8.974526399999999740e+02,-8.778241600000000062e+02,8.827608900000000203e-02,9.716641700000000128e+03,1.147422900000000023e+00
9.250000000000000000e+01,7.005704299999999876e+02,-8.963240899999999556e+02,-8.790279299999999694e+02,-1.679897699999999966e-02,9.716641700000000128e+03,1.147422900000000023e+00
9.254999999999999716e+01,7.444267399999999952e+02,-8.987215999999999667e+02,-8.803426799999999730e+02,1.299805500000000003e-01,9.716641700000000128e+03,1.147422900000000023e+00
9.259999999999999432e+01,7.501771700000000465e+02,-9.000558899999999767e+02,-8.815349999999999682e+02,-1.623720700000000072e-01,9.716641700000000128e+03,1.147422900000000023e+00
9.265000000000000568e+01,7.302924799999999550e+02,-9.003586900000000242e+02,-8.823287299999999505e+02,1.255228200000000072e-01,9.716641700000000128e+03,1.147422900000000023e+00
9.270000000000000284e+01,6.865386499999999614e+02,-8.995728000000000293e+02,-8.826230699999999842e+02,-3.119087899999999913e-01,9.716641700000000128e+03,1.147422900000000023e+00
9.275000000000000000e+01,6.602877999999999474e+02,-8.986515000000000555e+02,-8.823498600000000351e+02,-4.382539200000000468e-02,9.716641700000000128e+03,1.147422900000000023e+00
9.279999999999999716e+01,7.230509600000000319e+02,-8.993695400000000291e+02,-8.815183600000000297e+02,5.065404599999999901e-04,9.716641700000000128e+03,1.147422900000000023e+00
9.284999999999999432e+01,7.409240899999999783e+02,-8.991300199999999450e+02,-8.808375700000000279e+02,3.154354200000000080e-02,9.716641700000000128e+03,1.147422900000000023e+00
9.290000000000000568e+01,7.047944499999999834e+02,-8.979679899999999861e+02,-8.805675400000000081e+02,-9.127777500000000543e-02,9.716641700000000128e+03,1.147422900000000023e+00
9.295000000000000284e+01,7.119332600000000184e+02,-8.979906300000000101e+02,-8.804139300000000503e+02,3.528787400000000379e-03,9.716641700000000128e+03,1.147422900000000023e+00
9.300000000000000000e+01,7.857988500000000158e+02,-9.000207299999999577e+02,-8.806203900000000431e+02,-6.557132400000001415e-02,9.716641700000000128e+03,1.147422900000000023e+00
9.304999999999999716e+01,7.089526799999999866e+02,-8.997563099999999849e+02,-8.822531999999999925e+02,-3.209320400000000295e-01,9.716641700000000128e+03,1.147422900000000023e+00
9.309999999999999432e+01,6.327606500000000551e+02,-8.991561799999999494e+02,-8.835341499999999542e+02,-2.269561600000000179e-01,9.716641700000000128e+03,1.147422900000000023e+00
9.315000000000000568e+01,7.146644300000000385e+02,-9.013528599999999642e+02,-8.837087400000000343e+02,-1.223096300000000025e-01,9.716641700000000128e+03,1.147422900000000023e+00
9.320000000000000284e+01,6.156883800000000520e+02,-8.989441199999999981e+02,-8.837435799999999517e+02,-7.438995099999999583e-02,9.716641700000000128e+03,1.147422900000000023e+00
9.325000000000000000e+01,6.650007299999999759e+02,-8.996696500000000469e+02,-8.832516500000000406e+02,1.134588299999999966e-01,9.716641700000000128e+03,1.147422900000000023e+00
9.329999999999999716e+01,7.109210299999999734e+02,-8.999225199999999631e+02,-8.823708100000000059e+02,9.041614000000000595e-02,9.716641700000000128e+03,1.147422900000000023e+00
9.334999999999999432e+01,7.208330300000000079e+02,-8.994396500000000287e+02,-8.816432300000000168e+02,-2.053203699999999951e-02,9.716641700000000128e+03,1.147422900000000023e+00
9.340000000000000568e+01,6.788005399999999554e+02,-8.979359799999999723e+02,-8.811772799999999961e+02,-1.361208600000000102e-01,9.716641700000000128e+03,1.147422900000000023e+00
9.345000000000000284e+01,7.015440200000000459e+02,-8.980104300000000421e+02,-8.806902300000000423e+02,5.534289800000000842e-02,9.716641700000000128e+03,1.147422900000000023e+00
9.350000000000000000e+01,7.408315199999999550e+02,-8.980798300000000154e+02,-8.797896700000000010e+02,-6.493858400000000926e-03,9.716641700000000128e+03,1.147422900000000023e+00
9.354999999999999716e+01,7.633231799999999794e+02,-8.971876600000000508e+02,-8.783422100000000228e+02,-1.875520900000000046e-01,9.716641700000000128e+03,1.147422900000000023e+00
9.359999999999999432e+01,8.005740899999999556e+02,-8.970322599999999511e+02,-8.772671400000000403e+02,-8.772574300000000880e-02,9.716641700000000128e+03,1.147422900000000023e+00
9.365000000000000568e+01,8.096236499999999978e+02,-8.971976399999999785e+02,-8.772091000000000349e+02,-9.887184999999999724e-02,9.716641700000000128e+03,1.147422900000000023e+00
9.370000000000000284e+01,7.217517900000000282e+02,-8.961009699999999611e+02,-8.782818700000000263e+02,9.309946000000000887e-02,9.716641700000000128e+03,1.147422900000000023e+00
9.375000000000000000e+01,7.236838400000000320e+02,-8.976847999999999956e+02,-8.798179999999999836e+02,-1.807385400000000031e-01,9.716641700000000128e+03,1.147422900000000023e+00
9.379999999999999716e+01,7.135388799999999492e+02,-8.980774999999999864e+02,-8.804611700000000383e+02,-2.504243300000000283e-01,9.716641700000000128e+03,1.147422900000000023e+00
9.384999999999999432e+01,7.066498900000000276e+02,-8.982893900000000258e+02,-8.808431299999999737e+02,9.125282099999999785e-02,9.716641700000000128e+03,1.147422900000000023e+00
9.390000000000000568e+01,7.359199399999999969e+02,-8.994980699999999842e+02,-8.813291799999999512e+02,-2.273840900000000387e-01,9.716641700000000128e+03,1.147422900000000023e+00
9.395000000000000284e+01,7.024619199999999637e+02,-8.993882200000000466e+02,-8.820453599999999597e+02,1.560208399999999940e-01,9.716641700000000128e+03,1.147422900000000023e+00
9.400000000000000000e+01,6.376276299999999537e+02,-8.983310199999999668e+02,-8.825888300000000299e+02,-1.255169100000000093e-01,9.716641700000000128e+03,1.147422900000000023e+00
9.404999999999999716e+01,6.901529399999999441e+02,-8.996232099999999718e+02,-8.825842400000000225e+02,7.651043200000000322e-02,9.716641700000000128e+03,1.147422900000000023e+00
9.409999999999999432e+01,7.102212500000000546e+02,-9.000386600000000499e+02,-8.825042300000000068e+02,-1.491454700000000022e-01,9.716641700000000128e+03,1.147422900000000023e+00
9.415000000000000568e+01,6.460989100000000462e+02,-8.984310299999999643e+02,-8.824796999999999798e+02,-9.927434400000000048e-02,9.716641700000000128e+03,1.147422900000000023e+00
9.420000000000000284e+01,6.445604299999999967e+02,-8.978465899999999920e+02,-8.819332399999999552e+02,1.649477599999999988e-01,9.716641700000000128e+03,1.147422900000000023e+00
9.425000000000000000e+01,6.670139000000000351e+02,-8.972551899999999705e+02,-8.807875000000000227e+02,-2.005821300000000251e-01,9.716641700000000128e+03,1.147422900000000023e+00
9.429999999999999716e+01,7.411601899999999432e+02,-8.978553200000000061e+02,-8.795570400000000291e+02,1.078909200000000013e-02,9.716641700000000128e+03,1.147422900000000023e+00
9.434999999999999432e+01,7.009782500000000027e+02,-8.964310500000000275e+02,-8.791248100000000250e+02,4.363079100000000210e-02,9.716641700000000128e+03,1.147422900000000023e+00
9.440000000000000568e+01,7.684984899999999470e+02,-8.979728900000000067e+02,-8.789996700000000374e+02,-1.672401900000000108e-01,9.716641700000000128e+03,1.147422900000000023e+00
9.445000000000000284e+01,7.373153899999999794e+02,-8.976094399999999496e+02,-8.794060899999999492e+02,1.304556099999999996e-01,9.716641700000000128e+03,1.147422900000000023e+00
9.450000000000000000e+01,7.209930100000000266e+02,-8.982369800000000168e+02,-8.804366099999999733e+02,-2.337207300000000154e-01,9.716641700000000128e+03,1.147422900000000023e+00
9.454999999999999716e+01,6.916757800000000316e+02,-8.988086700000000064e+02,-8.817320999999999458e+02,2.193135000000000223e-01,9.716641700000000128e+03,1.147422900000000023e+00
9.459999999999999432e+01,6.888744500000000244e+02,-8.994177799999999934e+02,-8.824103699999999435e+02,-1.278848900000000011e-01,9.716641700000000128e+03,1.147422900000000023e+00
9.465000000000000568e+01,6.709791900000000169e+02,-8.991068800000000465e+02,-8.825412800000000288e+02,3.523127699999999973e-01,9.716641700000000128e+03,1.147422900000000023e+00
9.470000000000000284e+01,6.820248299999999517e+02,-8.993024699999999712e+02,-8.824641800000000558e+02,-1.229761299999999891e-01,9.716641700000000128e+03,1.147422900000000023e+00
9.475000000000000000e+01,6.751208299999999554e+02,-8.988881199999999581e+02,-8.822202700000000277e+02,-4.132423300000000188e-02,9.716641700000000128e+03,1.147422900000000023e+00
9.479999999999999716e+01,6.864473299999999654e+02,-8.987278599999999642e+02,-8.817803800000000365e+02,-1.074250500000000219e-01,9.716641700000000128e+03,1.147422900000000023e+00
9.484999999999999432e+01,7.365446699999999964e+02,-8.993800099999999702e+02,-8.811956900000000132e+02,3.977346699999999985e-02,9.716641700000000128e+03,1.147422900000000023e+00
9.490000000000000568e+01,7.559715700000000425e+02,-8.996686499999999569e+02,-8.810047100000000455e+02,1.668527599999999889e-01,9.716641700000000128e+03,1.147422900000000023e+00
9.495000000000000284e+01,6.564249800000000050e+02,-8.977579299999999876e+02,-8.815516599999999698e+02,-1.367161000000000071e-01,9.716641700000000128e+03,1.147422900000000023e+00
9.500000000000000000e+01,6.357052599999999529e+02,-8.980219499999999471e+02,-8.823272200000000112e+02,-2.763963300000000243e-04,9.716641700000000128e+03,1.147422900000000023e+00
9.504999999999999716e+01,6.843170099999999820e+02,-9.001962399999999889e+02,-8.833013499999999567e+02,-1.603301899999999905e-02,9.716641700000000128e+03,1.147422900000000023e+00
9.509999999999999432e+01,6.363573000000000093e+02,-8.999064799999999877e+02,-8.841956500000000005e+02,-1.251751299999999956e-01,9.716641700000000128e+03,1.147422900000000023e+00
9.515000000000000568e+01,6.376149599999999964e+02,-9.003039999999999736e+02,-8.845621200000000499e+02,-2.603178700000000068e-01,9.716641700000000128e+03,1.147422900000000023e+00
9.520000000000000284e+01,6.652344399999999496e+02,-9.005776700000000119e+02,-8.841539000000000215e+02,-1.642329000000000150e-01,9.716641700000000128e+03,1.147422900000000023e+00
9.525000000000000000e+01,6.942617500000000064e+02,-9.000955999999999904e+02,-8.829551800000000412e+02,-5.510231599999999841e-02,9.716641700000000128e+03,1.147422900000000023e+00
9.529999999999999716e+01,7.527268199999999752e+02,-9.003456099999999651e+02,-8.817617699999999559e+02,9.285355400000000481e-02,9.716641700000000128e+03,1.147422900000000023e+00
9.534999999999999432e+01,7.886869500000000244e+02,-9.008027899999999590e+02,-8.813311400000000049e+02,-7.191074899999999603e-02,9.716641700000000128e+03,1.147422900000000023e+00
9.540000000000000568e+01,7.212814300000000003e+02,-8.994292500000000246e+02,-8.816217599999999948e+02,1.470000400000000262e-02,9.716641700000000128e+03,1.147422900000000023e+00
9.545000000000000284e+01,7.183007199999999557e+02,-8.999166999999999916e+02,-8.821827899999999545e+02,3.829216699999999918e-01,9.716641700000000128e+03,1.147422900000000023e+00
9.550000000000000000e+01,6.932560300000000097e+02,-8.995720499999999902e+02,-8.824564699999999675e+02,-1.034409800000000018e-01,9.716641700000000128e+03,1.147422900000000023e+00
9.554999999999999716e+01,6.745936299999999619e+02,-8.992455999999999676e+02,-8.825907700000000204e+02,2.036084499999999964e-01,9.716641700000000128e+03,1.147422900000000023e+00
9.559999999999999432e+01,6.633587199999999484e+02,-8.989513600000000224e+02,-8.825739099999999553e+02,-2.465795300000000467e-01,9.716641700000000128e+03,1.147422900000000023e+00
9.565000000000000568e+01,7.001559300000000121e+02,-8.994009499999999662e+02,-8.821150199999999586e+02,4.079892999999999992e-01,9.716641700000000128e+03,1.147422900000000023e+00
9.570000000000000284e+01,6.997305300000000443e+02,-8.981478100000000495e+02,-8.808723800000000210e+02,-4.024327800000000038e-02,9.716641700000000128e+03,1.147422900000000023e+00
9.575000000000000000e+01,7.290620900000000120e+02,-8.972050900000000411e+02,-8.792055100000000039e+02,2.790781100000000459e-01,9.716641700000000128e+03,1.147422900000000023e+00
9.579999999999999716e+01,7.077636800000000221e+02,-8.960426800000000185e+02,-8.785689200000000483e+02,8.539085300000000267e-02,9.716641700000000128e+03,1.147422900000000023e+00
9.584999999999999432e+01,7.493087000000000444e+02,-8.973468100000000049e+02,-8.788473599999999806e+02,1.316304300000000205e-01,9.716641700000000128e+03,1.147422900000000023e+00
9.590000000000000568e+01,7.341061399999999821e+02,-8.978972599999999602e+02,-8.797731400000000122e+02,-7.728939099999999895e-02,9.716641700000000128e+03,1.147422900000000023e+00
9.595000000000000284e+01,6.776886600000000271e+02,-8.973250500000000329e+02,-8.805938099999999622e+02,-9.097176000000000221e-03,9.716641700000000128e+03,1.147422900000000023e+00
9.600000000000000000e+01,7.350434299999999439e+02,-8.991104199999999764e+02,-8.809631600000000162e+02,-1.816812400000000216e-01,9.716641700000000128e+03,1.147422900000000023e+00
9.604999999999999716e+01,7.144959700000000566e+02,-8.991253900000000385e+02,-8.814854199999999764e+02,1.132854199999999978e-01,9.716641700000000128e+03,1.147422900000000023e+00
9.609999999999999432e+01,7.287371699999999919e+02,-9.001709499999999480e+02,-8.821793900000000122e+02,-5.614641500000000507e-02,9.716641700000000128e+03,1.147422900000000023e+00
9.615000000000000568e+01,6.356495700000000397e+02,-8.984751099999999724e+02,-8.827817599999999629e+02,1.440127099999999882e-01,9.716641700000000128e+03,1.147422900000000023e+00
9.620000000000000284e+01,6.823404199999999946e+02,-8.996019700000000512e+02,-8.827558800000000474e+02,1.641885500000000164e-01,9.716641700000000128e+03,1.147422900000000023e+00
9.625000000000000000e+01,7.019286499999999478e+02,-9.000436399999999821e+02,-8.827139399999999796e+02,-9.244519200000000589e-03,9.716641700000000128e+03,1.147422900000000023e+00
9.629999999999999716e+01,6.953308899999999539e+02,-8.999342000000000326e+02,-8.827673899999999776e+02,5.571539400000000836e-02,9.716641700000000128e+03,1.147422900000000023e+00
9.634999999999999432e+01,6.881119599999999537e+02,-8.998767599999999902e+02,-8.828881800000000339e+02,1.511698499999999945e-01,9.716641700000000128e+03,1.147422900000000023e+00
9.640000000000000568e+01,6.693034099999999853e+02,-8.998438999999999623e+02,-8.833196799999999484e+02,8.482000800000000229e-02,9.716641700000000128e+03,1.147422900000000023e+00
9.645000000000000284e+01,6.244685899999999492e+02,-8.998688300000000027e+02,-8.844515199999999595e+02,1.682312599999999936e-01,9.716641700000000128e+03,1.147422900000000023e+00
9.650000000000000000e+01,6.075108099999999922e+02,-9.003388099999999667e+02,-8.853401699999999437e+02,1.301777100000000020e-01,9.716641700000000128e+03,1.147422900000000023e+00
9.654999999999999716e+01,6.743795199999999568e+02,-9.020114399999999932e+02,-8.853618900000000167e+02,-1.836473800000000198e-02,9.716641700000000128e+03,1.147422900000000023e+00
9.659999999999999432e+01,6.500836500000000342e+02,-9.008826000000000249e+02,-8.848328900000000203e+02,2.480260000000000242e-01,9.716641700000000128e+03,1.147422900000000023e+00
9.665000000000000568e+01,7.072988100000000031e+02,-9.012599599999999782e+02,-8.837976800000000139e+02,-1.291050799999999936e-02,9.716641700000000128e+03,1.147422900000000023e+00
9.670000000000000284e+01,6.576711800000000494e+02,-8.990044000000000324e+02,-8.827673700000000281e+02,1.217195400000000149e-01,9.716641700000000128e+03,1.147422900000000023e+00
9.675000000000000000e+01,6.951994200000000319e+02,-8.991530199999999695e+02,-8.819894500000000335e+02,5.034133899999999884e-02,9.716641700000000128e+03,1.147422900000000023e+00
9.679999999999999716e+01,7.095601199999999835e+02,-8.990443199999999706e+02,-8.815262099999999919e+02,2.139918200000000270e-01,9.716641700000000128e+03,1.147422900000000023e+00
9.684999999999999432e+01,7.351002799999999979e+02,-8.994576499999999442e+02,-8.813089899999999943e+02,-7.563798900000000269e-02,9.716641700000000128e+03,1.147422900000000023e+00
9.690000000000000568e+01,6.984815499999999702e+02,-8.987797600000000102e+02,-8.815351699999999937e+02,-3.134565200000000162e-01,9.716641700000000128e+03,1.147422900000000023e+00
9.695000000000000284e+01,7.132807900000000245e+02,-8.996311899999999468e+02,-8.820212299999999459e+02,3.523063399999999956e-01,9.716641700000000128e+03,1.147422900000000023e+00
9.700000000000000000e+01,6.354972999999999956e+02,-8.987835000000000036e+02,-8.830939100000000508e+02,7.030467599999999651e-02,9.716641700000000128e+03,1.147422900000000023e+00
9.704999999999999716e+01,6.360078300000000127e+02,-8.998908900000000131e+02,-8.841886899999999514e+02,1.436831100000000305e-01,9.716641700000000128e+03,1.147422900000000023e+00
9.709999999999999432e+01,7.196501899999999523e+02,-9.027578300000000127e+02,-8.849906099999999469e+02,-1.687661900000000104e-01,9.716641700000000128e+03,1.147422900000000023e+00
9.715000000000000568e+01,6.026606299999999692e+02,-9.004353499999999713e+02,-8.855564500000000407e+02,1.476431599999999955e-01,9.716641700000000128e+03,1.147422900000000023e+00
9.720000000000000284e+01,6.342990999999999531e+02,-9.008383499999999913e+02,-8.851783400000000483e+02,-8.389600699999999467e-02,9.716641700000000128e+03,1.147422900000000023e+00
9.725000000000000000e+01,6.715109800000000178e+02,-8.998857000000000426e+02,-8.833069799999999532e+02,-5.942288099999999684e-02,9.716641700000000128e+03,1.147422900000000023e+00
9.729999999999999716e+01,6.892205599999999777e+02,-8.988992200000000139e+02,-8.818832700000000386e+02,-1.636661900000000169e-01,9.716641700000000128e+03,1.147422900000000023e+00
9.734999999999999432e+01,7.172055500000000166e+02,-8.990431700000000319e+02,-8.813363100000000259e+02,1.044513700000000191e-03,9.716641700000000128e+03,1.147422900000000023e+00
9.740000000000000568e+01,7.194353399999999965e+02,-8.987887200000000121e+02,-8.810267999999999802e+02,2.235578100000000235e-01,9.716641700000000128e+03,1.147422900000000023e+00
9.745000000000000284e+01,7.069181499999999687e+02,-8.984016599999999926e+02,-8.809487800000000561e+02,-1.830449199999999998e-01,9.716641700000000128e+03,1.147422900000000023e+00
9.750000000000000000e+01,7.188054600000000391e+02,-8.986786399999999730e+02,-8.809322799999999916e+02,-1.114969000000000099e-01,9.716641700000000128e+03,1.147422900000000023e+00
9.754999999999999716e+01,7.427271100000000388e+02,-8.996391999999999598e+02,-8.813022499999999582e+02,2.130115900000000007e-01,9.716641700000000128e+03,1.147422900000000023e+00
9.759999999999999432e+01,6.243914499999999634e+02,-8.976316299999999728e+02,-8.822162299999999959e+02,3.225563099999999989e-02,9.716641700000000128e+03,1.147422900000000023e+00
9.765000000000000568e+01,7.061779599999999846e+02,-9.001974599999999782e+02,-8.827628499999999576e+02,4.064207799999999815e-02,9.716641700000000128e+03,1.147422900000000023e+00
9.770000000000000284e+01,7.091079099999999471e+02,-9.008195200000000114e+02,-8.833125800000000254e+02,-5.978332200000000332e-03,9.716641700000000128e+03,1.147422900000000023e+00
9.775000000000000000e+01,6.491462500000000091e+02,-8.998940499999999929e+02,-8.838674800000000005e+02,6.412817300000001053e-02,9.716641700000000128e+03,1.147422900000000023e+00
9.779999999999999716e+01,6.326574100000000271e+02,-8.995562899999999900e+02,-8.839368100000000368e+02,-1.497602500000000114e-01,9.716641700000000128e+03,1.147422900000000023e+00
9.784999999999999432e+01,6.757556399999999712e+02,-8.996749899999999798e+02,-8.829914700000000494e+02,-6.583132600000000945e-02,9.716641700000000128e+03,1.147422900000000023e+00
9.790000000000000568e+01,7.389400100000000293e+02,-8.997018199999999979e+02,-8.814583599999999706e+02,1.885888400000000076e-01,9.716641700000000128e+03,1.147422900000000023e+00
9.795000000000000284e+01,6.929749199999999973e+02,-8.975895600000000059e+02,-8.804809199999999691e+02,-6.256791500000000172e-02,9.716641700000000128e+03,1.147422900000000023e+00
9.800000000000000000e+01,7.516148799999999710e+02,-8.983747899999999618e+02,-8.798184099999999717e+02,1.040414600000000127e-02,9.716641700000000128e+03,1.147422900000000023e+00
9.804999999999999716e+01,7.701742600000000039e+02,-8.988538700000000290e+02,-8.798392800000000307e+02,1.503301200000000115e-01,9.716641700000000128e+03,1.147422900000000023e+00
9.809999999999999432e+01,7.529737999999999829e+02,-8.991946799999999484e+02,-8.806047399999999925e+02,6.712576600000000338e-02,9.716641700000000128e+03,1.147422900000000023e+00
9.815000000000000568e+01,6.896105400000000145e+02,-8.986030399999999645e+02,-8.815774599999999737e+02,3.220495100000000249e-02,9.716641700000000128e+03,1.147422900000000023e+00
9.820000000000000284e+01,7.227702500000000327e+02,-9.000572899999999663e+02,-8.822130499999999529e+02,3.623855300000000668e-02,9.716641700000000128e+03,1.147422900000000023e+00
9.825000000000000000e+01,6.494163600000000542e+02,-8.985272099999999682e+02,-8.824939799999999650e+02,1.370559100000000030e-01,9.716641700000000128e+03,1.147422900000000023e+00
9.829999999999999716e+01,7.235230599999999868e+02,-9.000919300000000476e+02,-8.822290900000000420e+02,1.035661700000000129e-01,9.716641700000000128e+03,1.147422900000000023e+00
9.834999999999999432e+01,6.834676600000000235e+02,-8.988581500000000233e+02,-8.819842300000000250e+02,1.812432700000000119e-01,9.716641700000000128e+03,1.147422900000000023e+00
9.840000000000000568e+01,6.935497900000000300e+02,-8.986133599999999433e+02,-8.814905300000000352e+02,-1.301479299999999950e-01,9.716641700000000128e+03,1.147422900000000023e+00
9.845000000000000284e+01,6.766580800000000409e+02,-8.973446300000000520e+02,-8.806388299999999845e+02,1.865959300000000209e-01,9.716641700000000128e+03,1.147422900000000023e+00
9.850000000000000000e+01,7.050151899999999614e+02,-8.968332199999999830e+02,-8.794273200000000088e+02,4.886095199999999916e-02,9.716641700000000128e+03,1.147422900000000023e+00
9.854999999999999716e+01,7.677700200000000450e+02,-8.976992900000000191e+02,-8.787440500000000156e+02,-1.785591700000000170e-01,9.716641700000000128e+03,1.147422900000000023e+00
9.859999999999999432e+01,7.650755400000000463e+02,-8.977726400000000240e+02,-8.788839199999999892e+02,2.710905900000000202e-01,9.716641700000000128e+03,1.147422900000000023e+00
9.865000000000000568e+01,7.448889000000000351e+02,-8.978371300000000019e+02,-8.794468000000000529e+02,-3.245528400000000091e-01,9.716641700000000128e+03,1.147422900000000023e+00
9.870000000000000284e+01,7.267907599999999775e+02,-8.982977799999999888e+02,-8.803542700000000423e+02,2.810615200000000091e-01,9.716641700000000128e+03,1.147422900000000023e+00
9.875000000000000000e+01,7.381369600000000446e+02,-8.995659200000000055e+02,-8.813422900000000482e+02,-3.096748500000000570e-01,9.716641700000000128e+03,1.147422900000000023e+00
9.879999999999999716e+01,7.105314499999999498e+02,-8.996417800000000398e+02,-8.820996900000000096e+02,4.105390800000000007e-02,9.716641700000000128e+03,1.147422900000000023e+00
9.884999999999999432e+01,6.769712899999999536e+02,-8.994576499999999442e+02,-8.827441099999999778e+02,-1.410711099999999996e-01,9.716641700000000128e+03,1.147422900000000023e+00
9.890000000000000568e+01,6.799408200000000306e+02,-8.998680900000000520e+02,-8.830812399999999798e+02,-4.574859400000000353e-02,9.716641700000000128e+03,1.147422900000000023e+00
9.895000000000000284e+01,6.593931000000000040e+02,-8.994262300000000323e+02,-8.831466799999999466e+02,5.031719899999999995e-02,9.716641700000000128e+03,1.147422900000000023e+00
9.900000000000000000e+01,6.891182300000000396e+02,-9.000594099999999571e+02,-8.830459799999999859e+02,-3.186551400000000034e-01,9.716641700000000128e+03,1.147422900000000023e+00
9.904999999999999716e+01,6.690427499999999554e+02,-8.992398500000000467e+02,-8.827220600000000559e+02,9.163697499999999552e-02,9.716641700000000128e+03,1.147422900000000023e+00
9.909999999999999432e+01,7.094686699999999746e+02,-8.988365599999999631e+02,-8.813207099999999627e+02,-1.422183200000000092e-01,9.716641700000000128e+03,1.147422900000000023e+00
9.915000000000000568e+01,7.261013199999999870e+02,-8.975832699999999704e+02,-8.796567800000000261e+02,8.271447100000001162e-02,9.716641700000000128e+03,1.147422900000000023e+00
9.920000000000000284e+01,7.293375099999999520e+02,-8.969525599999999486e+02,-8.789461800000000267e+02,1.419276900000000230e-01,9.716641700000000128e+03,1.147422900000000023e+00
9.925000000000000000e+01,7.481663099999999531e+02,-8.974738200000000461e+02,-8.790025699999999915e+02,4.656735600000000419e-01,9.716641700000000128e+03,1.147422900000000023e+00
9.929999999999999716e+01,7.849220800000000509e+02,-8.992960900000000493e+02,-8.799173899999999549e+02,2.392024099999999834e-02,9.716641700000000128e+03,1.147422900000000023e+00
9.934999999999999432e+01,7.152481099999999969e+02,-8.988214799999999514e+02,-8.811629400000000487e+02,2.620427700000000359e-01,9.716641700000000128e+03,1.147422900000000023e+00
9.940000000000000568e+01,6.751272599999999784e+02,-8.986538600000000088e+02,-8.819858500000000276e+02,1.691791600000000229e-01,9.716641700000000128e+03,1.147422900000000023e+00
9.945000000000000284e+01,6.601208000000000311e+02,-8.984630100000000539e+02,-8.821654899999999770e+02,2.508023300000000386e-02,9.716641700000000128e+03,1.147422900000000023e+00
9.950000000000000000e+01,7.053578300000000354e+02,-8.993909400000000005e+02,-8.819765800000000127e+02,1.044122000000000106e-01,9.716641700000000128e+03,1.147422900000000023e+00
9.954999999999999716e+01,6.674911200000000235e+02,-8.983320599999999558e+02,-8.818525799999999890e+02,-6.332939300000001159e-02,9.716641700000000128e+03,1.147422900000000023e+00
9.959999999999999432e+01,7.830185099999999920e+02,-9.009877599999999802e+02,-8.816560600000000250e+02,5.151163900000000490e-02,9.716641700000000128e+03,1.147422900000000023e+00
9.965000000000000568e+01,6.380716099999999642e+02,-8.976354300000000421e+02,-8.818822800000000370e+02,-6.521571600000000690e-02,9.716641700000000128e+03,1.147422900000000023e+00
9.970000000000000284e+01,6.974180000000000064e+02,-8.990461199999999735e+02,-8.818277799999999615e+02,-7.426769100000000200e-03,9.716641700000000128e+03,1.147422900000000023e+00
9.975000000000000000e+01,7.367570799999999736e+02,-8.999040400000000091e+02,-8.817144700000000057e+02,-2.957004000000000299e-01,9.716641700000000128e+03,1.147422900000000023e+00
9.979999999999999716e+01,7.306056300000000192e+02,-9.000506800000000567e+02,-8.820129799999999705e+02,-7.679905200000000827e-03,9.716641700000000128e+03,1.147422900000000023e+00
9.984999999999999432e+01,7.143061400000000276e+02,-9.004064799999999877e+02,-8.827712000000000216e+02,-2.349021700000000074e-02,9.716641700000000128e+03,1.147422900000000023e+00
9.990000000000000568e+01,5.988383000000000038e+02,-8.982717699999999468e+02,-8.834872400000000425e+02,-1.981765400000000121e-01,9.716641700000000128e+03,1.147422900000000023e+00
9.995000000000000284e+01,7.061117900000000418e+02,-9.008445600000000013e+02,-8.834115900000000465e+02,-6.216196800000000494e-02,9.716641700000000128e+03,1.147422900000000023e+00
1.000000000000000000e+02,6.667664700000000266e+02,-8.995419000000000551e+02,-8.830803200000000288e+02,-1.316233300000000106e-01,9.716641700000000128e+03,1.147422900000000023e+00
1.000499999999999972e+02,7.189465199999999641e+02,-8.999492999999999938e+02,-8.821994499999999562e+02,7.369032200000000254e-02,9.716641700000000128e+03,1.147422900000000023e+00
1.000999999999999943e+02,7.148997600000000148e+02,-8.986712999999999738e+02,-8.810213599999999587e+02,-7.015091900000000602e-02,9.716641700000000128e+03,1.147422900000000023e+00
1.001500000000000057e+02,7.360514399999999569e+02,-8.983025199999999586e+02,-8.801303799999999455e+02,2.116344900000000084e-01,9.716641700000000128e+03,1.147422900000000023e+00
1.002000000000000028e+02,7.303477100000000064e+02,-8.978927400000000034e+02,-8.798614099999999780e+02,-6.585918900000001242e-02,9.716641700000000128e+03,1.147422900000000023e+00
1.002500000000000000e+02,7.033291699999999764e+02,-8.975280800000000454e+02,-8.801638000000000375e+02,2.202385400000000104e-01,9.716641700000000128e+03,1.147422900000000023e+00
1.002999999999999972e+02,7.020797599999999647e+02,-8.976964500000000271e+02,-8.803630200000000059e+02,-3.091321900000000289e-01,9.716641700000000128e+03,1.147422900000000023e+00
1.003499999999999943e+02,7.758347199999999475e+02,-8.995429000000000315e+02,-8.803885599999999840e+02,1.900971100000000136e-01,9.716641700000000128e+03,1.147422900000000023e+00
1.004000000000000057e+02,6.987032299999999623e+02,-8.979626399999999649e+02,-8.807125800000000027e+02,-2.089032600000000073e-01,9.716641700000000128e+03,1.147422900000000023e+00
1.004500000000000028e+02,7.166693099999999959e+02,-8.986036599999999908e+02,-8.809100399999999809e+02,5.452899200000000703e-03,9.716641700000000128e+03,1.147422900000000023e+00
1.005000000000000000e+02,7.155351699999999937e+02,-8.987095000000000482e+02,-8.810438699999999699e+02,2.169091100000000161e-01,9.716641700000000128e+03,1.147422900000000023e+00
1.005499999999999972e+02,7.014658500000000458e+02,-8.985135599999999840e+02,-8.811952900000000000e+02,-2.587063700000000188e-02,9.716641700000000128e+03,1.147422900000000023e+00
1.005999999999999943e+02,6.830714000000000397e+02,-8.981553699999999480e+02,-8.812912300000000414e+02,-1.212780800000000103e-01,9.716641700000000128e+03,1.147422900000000023e+00
1.006500000000000057e+02,7.134937599999999520e+02,-8.989430599999999458e+02,-8.813278400000000374e+02,-4.267907600000000676e-03,9.716641700000000128e+03,1.147422900000000023e+00
1.007000000000000028e+02,7.321565900000000511e+02,-8.997937699999999950e+02,-8.817177799999999479e+02,-1.472889300000000123e-01,9.716641700000000128e+03,1.147422900000000023e+00
1.007500000000000000e+02,6.414839399999999614e+02,-8.988140899999999647e+02,-8.829767000000000507e+02,-1.384371500000000088e-01,9.716641700000000128e+03,1.147422900000000023e+00
1.007999999999999972e+02,6.614362899999999854e+02,-9.005705199999999877e+02,-8.842405199999999468e+02,1.254628500000000146e-01,9.716641700000000128e+03,1.147422900000000023e+00
1.008499999999999943e+02,5.758552499999999554e+02,-8.988256599999999708e+02,-8.846085500000000366e+02,-3.759153600000000178e-02,9.716641700000000128e+03,1.147422900000000023e+00
1.009000000000000057e+02,6.126973400000000538e+02,-8.989833999999999605e+02,-8.838567100000000210e+02,-1.267640500000000170e-01,9.716641700000000128e+03,1.147422900000000023e+00
1.009500000000000028e+02,6.932599999999999909e+02,-8.998324999999999818e+02,-8.827168199999999842e+02,4.225931000000000132e-02,9.716641700000000128e+03,1.147422900000000023e+00
1.010000000000000000e+02,6.928987200000000257e+02,-8.991137800000000198e+02,-8.820070200000000114e+02,-1.733592100000000136e-01,9.716641700000000128e+03,1.147422900000000023e+00
1.010499999999999972e+02,7.743511099999999487e+02,-9.006307000000000471e+02,-8.815129799999999705e+02,-1.903886599999999804e-02,9.716641700000000128e+03,1.147422900000000023e+00
1.010999999999999943e+02,6.555823699999999690e+02,-8.977634500000000344e+02,-8.815779899999999998e+02,8.929729100000000086e-02,9.716641700000000128e+03,1.147422900000000023e+00
1.011500000000000057e+02,7.062344900000000507e+02,-8.990015899999999647e+02,-8.815655799999999545e+02,-3.536634399999999956e-01,9.716641700000000128e+03,1.147422900000000023e+00
1.012000000000000028e+02,7.313912900000000263e+02,-8.995836900000000469e+02,-8.815266000000000304e+02,1.999937499999999979e-01,9.716641700000000128e+03,1.147422900000000023e+00
1.012500000000000000e+02,6.820536399999999730e+02,-8.985944100000000390e+02,-8.817554000000000087e+02,-1.131571999999999995e-01,9.716641700000000128e+03,1.147422900000000023e+00
1.012999999999999972e+02,6.519503600000000461e+02,-8.980879899999999907e+02,-8.819921900000000505e+02,-1.661785200000000240e-01,9.716641700000000128e+03,1.147422900000000023e+00
1.013499999999999943e+02,6.799999099999999999e+02,-8.983898599999999988e+02,-8.816015499999999747e+02,-2.145822800000000141e-01,9.716641700000000128e+03,1.147422900000000023e+00
1.014000000000000057e+02,7.087808999999999742e+02,-8.979957100000000310e+02,-8.804968400000000202e+02,7.351483899999999849e-02,9.716641700000000128e+03,1.147422900000000023e+00
1.014500000000000028e+02,6.810002299999999877e+02,-8.961112799999999652e+02,-8.792982700000000023e+02,-1.886885800000000224e-01,9.716641700000000128e+03,1.147422900000000023e+00
1.015000000000000000e+02,7.422494199999999864e+02,-8.969659400000000460e+02,-8.786407799999999497e+02,-1.695106000000000113e-01,9.716641700000000128e+03,1.147422900000000023e+00
1.015499999999999972e+02,7.412090100000000348e+02,-8.972534399999999550e+02,-8.789539600000000519e+02,-4.579387100000000682e-02,9.716641700000000128e+03,1.147422900000000023e+00
1.015999999999999943e+02,7.347418199999999615e+02,-8.979909999999999854e+02,-8.798511899999999741e+02,-5.980390000000000011e-02,9.716641700000000128e+03,1.147422900000000023e+00
1.016500000000000057e+02,7.212889000000000124e+02,-8.984849100000000135e+02,-8.806772399999999834e+02,-2.986941400000000038e-02,9.716641700000000128e+03,1.147422900000000023e+00
1.017000000000000028e+02,6.535019899999999780e+02,-8.973220000000000027e+02,-8.811878900000000385e+02,-1.009703799999999985e-01,9.716641700000000128e+03,1.147422900000000023e+00
1.017500000000000000e+02,7.107961400000000367e+02,-8.986046000000000049e+02,-8.810559799999999768e+02,-1.378201300000000129e-01,9.716641700000000128e+03,1.147422900000000023e+00
1.017999999999999972e+02,6.800514600000000200e+02,-8.976463099999999713e+02,-8.808567299999999705e+02,-2.833353900000000203e-01,9.716641700000000128e+03,1.147422900000000023e+00
1.018499999999999943e+02,7.217386999999999944e+02,-8.984936099999999897e+02,-8.806748300000000427e+02,1.500283000000000033e-01,9.716641700000000128e+03,1.147422900000000023e+00
1.019000000000000057e+02,6.560231599999999617e+02,-8.967604000000000042e+02,-8.805640499999999520e+02,-4.538641400000000686e-02,9.716641700000000128e+03,1.147422900000000023e+00
1.019500000000000028e+02,7.122607799999999543e+02,-8.977029199999999491e+02,-8.801181299999999510e+02,5.168940999999999814e-02,9.716641700000000128e+03,1.147422900000000023e+00
1.020000000000000000e+02,6.895663700000000063e+02,-8.967522800000000416e+02,-8.797278000000000020e+02,-1.011070600000000125e-01,9.716641700000000128e+03,1.147422900000000023e+00
1.020499999999999972e+02,6.989997899999999618e+02,-8.962798900000000231e+02,-8.790225000000000364e+02,2.413027799999999945e-01,9.716641700000000128e+03,1.147422900000000023e+00
1.020999999999999943e+02,8.249179500000000189e+02,-8.978829399999999623e+02,-8.775167900000000145e+02,-1.181137400000000087e-01,9.716641700000000128e+03,1.147422900000000023e+00
1.021500000000000057e+02,7.772139399999999796e+02,-8.961912300000000187e+02,-8.770028399999999920e+02,8.214202400000000792e-02,9.716641700000000128e+03,1.147422900000000023e+00
1.022000000000000028e+02,7.576938800000000356e+02,-8.963518299999999499e+02,-8.776453599999999824e+02,8.274027100000000412e-02,9.716641700000000128e+03,1.147422900000000023e+00
1.022500000000000000e+02,7.106787699999999859e+02,-8.968326600000000326e+02,-8.792869399999999587e+02,-1.631929600000000050e-02,9.716641700000000128e+03,1.147422900000000023e+00
1.022999999999999972e+02,7.227361799999999903e+02,-8.981376199999999699e+02,-8.802942100000000210e+02,1.527743400000000085e-01,9.716641700000000128e+03,1.147422900000000023e+00
1.023499999999999943e+02,6.818837499999999636e+02,-8.977776000000000067e+02,-8.809427799999999706e+02,1.808895199999999981e-01,9.716641700000000128e+03,1.147422900000000023e+00
1.024000000000000057e+02,6.378494299999999839e+02,-8.970936599999999999e+02,-8.813459900000000289e+02,9.710586499999999954e-03,9.716641700000000128e+03,1.147422900000000023e+00
1.024500000000000028e+02,7.161694899999999961e+02,-8.992130700000000161e+02,-8.815317800000000261e+02,6.385063600000000054e-03,9.716641700000000128e+03,1.147422900000000023e+00
1.025000000000000000e+02,7.100636600000000271e+02,-8.994336799999999812e+02,-8.819031400000000076e+02,1.456880500000000064e-02,9.716641700000000128e+03,1.147422900000000023e+00
1.025499999999999972e+02,6.882676500000000033e+02,-8.993642499999999700e+02,-8.823718300000000454e+02,-9.213370400000001070e-02,9.716641700000000128e+03,1.147422900000000023e+00
1.025999999999999943e+02,7.108802799999999706e+02,-9.002492799999999988e+02,-8.826985799999999927e+02,-5.441072500000000700e-02,9.716641700000000128e+03,1.147422900000000023e+00
1.026500000000000057e+02,6.826108699999999772e+02,-9.002553900000000340e+02,-8.834026199999999562e+02,-7.353653300000000115e-02,9.716641700000000128e+03,1.147422900000000023e+00
1.027000000000000028e+02,6.722999300000000176e+02,-9.010395800000000008e+02,-8.844413799999999810e+02,-3.616004999999999827e-03,9.716641700000000128e+03,1.147422900000000023e+00
1.027500000000000000e+02,6.153210400000000391e+02,-9.003609300000000530e+02,-8.851694599999999582e+02,3.931296699999999728e-02,9.716641700000000128e+03,1.147422900000000023e+00
1.027999999999999972e+02,5.864134500000000116e+02,-8.995403300000000399e+02,-8.850625499999999874e+02,9.697345400000001447e-03,9.716641700000000128e+03,1.147422900000000023e+00
1.028499999999999943e+02,6.109808900000000449e+02,-8.989063200000000506e+02,-8.838220000000000027e+02,-2.361149200000000059e-01,9.716641700000000128e+03,1.147422900000000023e+00
1.029000000000000057e+02,7.232677499999999782e+02,-9.002522400000000289e+02,-8.823957000000000335e+02,1.897539700000000218e-01,9.716641700000000128e+03,1.147422900000000023e+00
1.029500000000000028e+02,7.012565200000000232e+02,-8.992381299999999555e+02,-8.819250200000000177e+02,-2.337106699999999815e-01,9.716641700000000128e+03,1.147422900000000023e+00
1.030000000000000000e+02,6.933474300000000312e+02,-8.989285300000000234e+02,-8.818106900000000223e+02,1.643664999999999987e-01,9.716641700000000128e+03,1.147422900000000023e+00
1.030499999999999972e+02,6.559773900000000140e+02,-8.979524099999999862e+02,-8.817571900000000369e+02,-2.988957600000000103e-01,9.716641700000000128e+03,1.147422900000000023e+00
1.030999999999999943e+02,7.181963600000000270e+02,-8.991663499999999658e+02,-8.814350200000000086e+02,-1.494624999999999981e-01,9.716641700000000128e+03,1.147422900000000023e+00
1.031500000000000057e+02,7.359949800000000550e+02,-8.994327700000000050e+02,-8.812620200000000068e+02,-5.191901200000000050e-02,9.716641700000000128e+03,1.147422900000000023e+00
1.032000000000000028e+02,7.538170400000000200e+02,-8.999721899999999550e+02,-8.813614300000000412e+02,-2.528162099999999857e-01,9.716641700000000128e+03,1.147422900000000023e+00
1.032500000000000000e+02,7.547034899999999880e+02,-9.005271999999999935e+02,-8.818945599999999558e+02,-2.761579400000000253e-02,9.716641700000000128e+03,1.147422900000000023e+00
1.032999999999999972e+02,6.316417999999999893e+02,-8.984413399999999683e+02,-8.828469300000000430e+02,-7.524526800000000404e-02,9.716641700000000128e+03,1.147422900000000023e+00
1.033499999999999943e+02,6.713399699999999939e+02,-9.001492200000000139e+02,-8.835747099999999818e+02,7.824972800000000450e-02,9.716641700000000128e+03,1.147422900000000023e+00
1.034000000000000057e+02,6.546822600000000421e+02,-9.003011299999999437e+02,-8.841378799999999956e+02,-5.022034000000000220e-02,9.716641700000000128e+03,1.147422900000000023e+00
1.034500000000000028e+02,6.288115099999999984e+02,-8.999007100000000037e+02,-8.843761799999999766e+02,5.512770400000000653e-02,9.716641700000000128e+03,1.147422900000000023e+00
1.035000000000000000e+02,6.619238400000000411e+02,-9.003219699999999648e+02,-8.839799400000000560e+02,-2.400727600000000239e-01,9.716641700000000128e+03,1.147422900000000023e+00
1.035499999999999972e+02,7.465806199999999535e+02,-9.008420899999999847e+02,-8.824099999999999682e+02,5.001969400000000343e-02,9.716641700000000128e+03,1.147422900000000023e+00
1.035999999999999943e+02,7.039029100000000199e+02,-8.984652200000000448e+02,-8.810867799999999761e+02,4.929375999999999897e-02,9.716641700000000128e+03,1.147422900000000023e+00
1.036500000000000057e+02,6.834926400000000513e+02,-8.975309300000000121e+02,-8.806563999999999623e+02,-2.397324000000000330e-02,9.716641700000000128e+03,1.147422900000000023e+00
1.037000000000000028e+02,7.339226099999999633e+02,-8.985317800000000261e+02,-8.804121999999999844e+02,-1.551925799999999966e-01,9.716641700000000128e+03,1.147422900000000023e+00
1.037500000000000000e+02,7.426034600000000410e+02,-8.988708000000000311e+02,-8.805368899999999712e+02,1.863596399999999931e-01,9.716641700000000128e+03,1.147422900000000023e+00
1.037999999999999972e+02,6.758319400000000314e+02,-8.981714299999999866e+02,-8.814860300000000279e+02,-1.206064500000000039e-01,9.716641700000000128e+03,1.147422900000000023e+00
1.038499999999999943e+02,6.604965099999999438e+02,-8.987019900000000234e+02,-8.823952000000000453e+02,-1.199057800000000035e-01,9.716641700000000128e+03,1.147422900000000023e+00
1.039000000000000057e+02,6.561935200000000350e+02,-8.991349800000000414e+02,-8.829344200000000455e+02,2.467784800000000223e-02,9.716641700000000128e+03,1.147422900000000023e+00
1.039500000000000028e+02,6.362549000000000206e+02,-8.986633399999999483e+02,-8.829550400000000536e+02,-1.210325399999999940e-01,9.716641700000000128e+03,1.147422900000000023e+00
1.040000000000000000e+02,6.979260199999999941e+02,-8.997423000000000002e+02,-8.825114300000000185e+02,4.117468400000000306e-02,9.716641700000000128e+03,1.147422900000000023e+00
1.040499999999999972e+02,6.732265800000000127e+02,-8.989126099999999724e+02,-8.822915299999999661e+02,-2.692266700000000013e-01,9.716641700000000128e+03,1.147422900000000023e+00
1.040999999999999943e+02,7.066765699999999697e+02,-8.995192100000000437e+02,-8.820723000000000411e+02,3.680897500000000072e-02,9.716641700000000128e+03,1.147422900000000023e+00
1.041500000000000057e+02,7.076822700000000168e+02,-8.993012499999999818e+02,-8.818295100000000275e+02,-2.672502100000000436e-01,9.716641700000000128e+03,1.147422900000000023e+00
1.042000000000000028e+02,7.505384999999999991e+02,-9.001377499999999827e+02,-8.816079399999999850e+02,-6.355280300000000146e-03,9.716641700000000128e+03,1.147422900000000023e+00
1.042500000000000000e+02,7.010127800000000207e+02,-8.988926000000000158e+02,-8.815855099999999993e+02,-1.775906800000000008e-01,9.716641700000000128e+03,1.147422900000000023e+00
1.042999999999999972e+02,7.416178700000000390e+02,-8.998958199999999579e+02,-8.815862499999999500e+02,-1.253691800000000245e-01,9.716641700000000128e+03,1.147422900000000023e+00
1.043499999999999943e+02,6.770072300000000496e+02,-8.985324699999999893e+02,-8.818180499999999711e+02,7.175444400000000056e-02,9.716641700000000128e+03,1.147422900000000023e+00
1.044000000000000057e+02,7.085474500000000262e+02,-8.997151000000000067e+02,-8.822219900000000052e+02,6.290457300000000529e-02,9.716641700000000128e+03,1.147422900000000023e+00
1.044500000000000028e+02,6.692939300000000458e+02,-8.994417999999999438e+02,-8.829178100000000313e+02,-2.105598500000000206e-01,9.716641700000000128e+03,1.147422900000000023e+00
1.045000000000000000e+02,6.849809599999999818e+02,-9.003736000000000104e+02,-8.834623100000000022e+02,-6.211945699999999772e-03,9.716641700000000128e+03,1.147422900000000023e+00
1.045499999999999972e+02,6.745481999999999516e+02,-9.004241299999999910e+02,-8.837704199999999446e+02,6.208503899999999465e-02,9.716641700000000128e+03,1.147422900000000023e+00
1.045999999999999943e+02,6.345433100000000195e+02,-8.992925400000000309e+02,-8.836264999999999645e+02,-1.300523400000000163e-01,9.716641700000000128e+03,1.147422900000000023e+00
1.046500000000000057e+02,7.265418499999999540e+02,-9.004992899999999736e+02,-8.825619199999999864e+02,2.295615500000000239e-02,9.716641700000000128e+03,1.147422900000000023e+00
1.047000000000000028e+02,7.116131199999999808e+02,-8.988129500000000007e+02,-8.812441499999999905e+02,8.001683199999999954e-03,9.716641700000000128e+03,1.147422900000000023e+00
1.047500000000000000e+02,6.576557299999999486e+02,-8.966855799999999590e+02,-8.804489200000000437e+02,-4.476372599999999813e-01,9.716641700000000128e+03,1.147422900000000023e+00
1.047999999999999972e+02,7.284529800000000250e+02,-8.978624999999999545e+02,-8.798779500000000553e+02,2.378342299999999798e-01,9.716641700000000128e+03,1.147422900000000023e+00
1.048499999999999943e+02,6.869714599999999791e+02,-8.968036600000000362e+02,-8.798432400000000371e+02,-8.683385099999999662e-03,9.716641700000000128e+03,1.147422900000000023e+00
1.049000000000000057e+02,7.475710400000000391e+02,-8.983211800000000267e+02,-8.798646300000000338e+02,3.444631499999999957e-01,9.716641700000000128e+03,1.147422900000000023e+00
1.049500000000000028e+02,7.229646599999999808e+02,-8.980122800000000325e+02,-8.801632299999999987e+02,1.306555400000000006e-02,9.716641700000000128e+03,1.147422900000000023e+00
1.050000000000000000e+02,6.415354899999999816e+02,-8.966969699999999648e+02,-8.808582999999999856e+02,1.664608200000000093e-01,9.716641700000000128e+03,1.147422900000000023e+00
1.050499999999999972e+02,6.379609600000000000e+02,-8.975792400000000271e+02,-8.818288199999999506e+02,-2.896612800000000369e-05,9.716641700000000128e+03,1.147422900000000023e+00
1.050999999999999943e+02,6.250064599999999473e+02,-8.981434199999999919e+02,-8.827128300000000536e+02,-2.177503799999999934e-01,9.716641700000000128e+03,1.147422900000000023e+00
1.051500000000000057e+02,6.325465400000000500e+02,-8.988280099999999493e+02,-8.832112700000000132e+02,1.275145000000000028e-01,9.716641700000000128e+03,1.147422900000000023e+00
1.052000000000000028e+02,6.476373200000000452e+02,-8.990556299999999510e+02,-8.830663100000000441e+02,-3.454063500000000286e-01,9.716641700000000128e+03,1.147422900000000023e+00
1.052500000000000000e+02,6.558836999999999762e+02,-8.979698200000000270e+02,-8.817769100000000435e+02,-6.595586700000000135e-02,9.716641700000000128e+03,1.147422900000000023e+00
1.052999999999999972e+02,6.851518399999999929e+02,-8.971084100000000490e+02,-8.801929099999999835e+02,7.883233300000000443e-02,9.716641700000000128e+03,1.147422900000000023e+00
1.053499999999999943e+02,7.232539399999999432e+02,-8.973545000000000300e+02,-8.794983099999999467e+02,8.284735700000001035e-02,9.716641700000000128e+03,1.147422900000000023e+00
1.054000000000000057e+02,6.589986099999999851e+02,-8.954761399999999867e+02,-8.792063299999999799e+02,-1.314995300000000034e-01,9.716641700000000128e+03,1.147422900000000023e+00
1.054500000000000028e+02,7.204345799999999826e+02,-8.964927900000000136e+02,-8.787061999999999671e+02,-1.030953300000000093e-02,9.716641700000000128e+03,1.147422900000000023e+00
1.055000000000000000e+02,7.654428000000000338e+02,-8.973291299999999637e+02,-8.784313499999999522e+02,2.958242399999999953e-02,9.716641700000000128e+03,1.147422900000000023e+00
1.055499999999999972e+02,7.560775599999999486e+02,-8.977938500000000204e+02,-8.791272900000000163e+02,-2.680119900000000333e-01,9.716641700000000128e+03,1.147422900000000023e+00
1.055999999999999943e+02,7.391068800000000465e+02,-8.987445699999999533e+02,-8.804969899999999825e+02,-1.564005300000000098e-01,9.716641700000000128e+03,1.147422900000000023e+00
1.056500000000000057e+02,7.101485900000000129e+02,-8.992771800000000439e+02,-8.817445500000000038e+02,2.168493500000000240e-01,9.716641700000000128e+03,1.147422900000000023e+00
1.057000000000000028e+02,6.795345999999999549e+02,-8.991543400000000474e+02,-8.823775200000000041e+02,-2.501976399999999989e-01,9.716641700000000128e+03,1.147422900000000023e+00
1.057500000000000000e+02,6.687527599999999666e+02,-8.990438199999999824e+02,-8.825331899999999905e+02,-6.629343299999999883e-03,9.716641700000000128e+03,1.147422900000000023e+00
1.057999999999999972e+02,6.436245800000000372e+02,-8.982702799999999570e+02,-8.823800400000000081e+02,1.639892300000000136e-01,9.716641700000000128e+03,1.147422900000000023e+00
1.058499999999999943e+02,6.470719699999999648e+02,-8.975879400000000032e+02,-8.816125799999999799e+02,-5.092753300000000399e-02,9.716641700000000128e+03,1.147422900000000023e+00
1.059000000000000057e+02,7.015018900000000031e+02,-8.976530000000000200e+02,-8.803338400000000092e+02,8.857405599999999823e-02,9.716641700000000128e+03,1.147422900000000023e+00
1.059500000000000028e+02,6.772494699999999739e+02,-8.963144600000000537e+02,-8.795940600000000131e+02,-1.856550300000000056e-02,9.716641700000000128e+03,1.147422900000000023e+00
1.060000000000000000e+02,7.064321700000000419e+02,-8.967039999999999509e+02,-8.792631099999999833e+02,1.167816900000000074e-01,9.716641700000000128e+03,1.147422900000000023e+00
1.060499999999999972e+02,7.502766100000000051e+02,-8.977839599999999791e+02,-8.792606100000000424e+02,-2.342235400000000078e-01,9.716641700000000128e+03,1.147422900000000023e+00
1.060999999999999943e+02,7.390021000000000413e+02,-8.979980299999999716e+02,-8.797530400000000554e+02,-1.236493500000000051e-01,9.716641700000000128e+03,1.147422900000000023e+00
1.061500000000000057e+02,6.723333400000000211e+02,-8.972505200000000514e+02,-8.806514899999999670e+02,-1.015664299999999992e-02,9.716641700000000128e+03,1.147422900000000023e+00
1.062000000000000028e+02,6.708305199999999786e+02,-8.978601599999999507e+02,-8.812982399999999643e+02,-2.847298799999999769e-02,9.716641700000000128e+03,1.147422900000000023e+00
1.062500000000000000e+02,6.886728900000000522e+02,-8.987393399999999701e+02,-8.817369099999999662e+02,-2.539306100000000149e-02,9.716641700000000128e+03,1.147422900000000023e+00
1.062999999999999972e+02,7.038610800000000154e+02,-8.997469200000000455e+02,-8.823695099999999911e+02,9.955043600000000603e-02,9.716641700000000128e+03,1.147422900000000023e+00
1.063499999999999943e+02,6.571586899999999787e+02,-8.997462000000000444e+02,-8.835218099999999595e+02,-3.932559700000000102e-01,9.716641700000000128e+03,1.147422900000000023e+00
1.064000000000000057e+02,6.247503699999999753e+02,-9.002945399999999836e+02,-8.848702700000000050e+02,6.322738299999999811e-02,9.716641700000000128e+03,1.147422900000000023e+00
1.064500000000000028e+02,5.894363299999999981e+02,-9.000574400000000423e+02,-8.855050300000000334e+02,-4.304893600000000431e-01,9.716641700000000128e+03,1.147422900000000023e+00
1.065000000000000000e+02,6.371938599999999724e+02,-9.008520999999999503e+02,-8.851206200000000308e+02,-2.011106200000000177e-01,9.716641700000000128e+03,1.147422900000000023e+00
1.065499999999999972e+02,6.472395299999999452e+02,-8.998914300000000139e+02,-8.839119399999999587e+02,9.252409400000000117e-02,9.716641700000000128e+03,1.147422900000000023e+00
1.065999999999999943e+02,6.679712299999999914e+02,-8.994191899999999578e+02,-8.829278600000000097e+02,6.404580200000001278e-02,9.716641700000000128e+03,1.147422900000000023e+00
1.066500000000000057e+02,6.684296699999999873e+02,-8.989555100000000039e+02,-8.824528599999999869e+02,-1.963102000000000180e-01,9.716641700000000128e+03,1.147422900000000023e+00
1.067000000000000028e+02,7.564314500000000407e+02,-9.007441999999999780e+02,-8.820688999999999851e+02,5.920778699999999783e-02,9.716641700000000128e+03,1.147422900000000023e+00
1.067500000000000000e+02,7.654663199999999961e+02,-9.010885500000000548e+02,-8.821901900000000296e+02,-2.206957900000000028e-01,9.716641700000000128e+03,1.147422900000000023e+00
1.067999999999999972e+02,6.646218400000000202e+02,-8.991149900000000343e+02,-8.827063500000000431e+02,1.503344100000000017e-01,9.716641700000000128e+03,1.147422900000000023e+00
1.068499999999999943e+02,6.806707400000000234e+02,-8.999203499999999849e+02,-8.831154800000000478e+02,-3.173158600000000606e-01,9.716641700000000128e+03,1.147422900000000023e+00
1.069000000000000057e+02,6.449914599999999609e+02,-8.993209500000000389e+02,-8.833969499999999471e+02,9.994771600000000589e-02,9.716641700000000128e+03,1.147422900000000023e+00
1.069500000000000028e+02,6.672952500000000100e+02,-8.996128800000000183e+02,-8.831382399999999961e+02,-2.060132600000000036e-01,9.716641700000000128e+03,1.147422900000000023e+00
1.070000000000000000e+02,6.984350200000000086e+02,-8.992963499999999613e+02,-8.820529000000000224e+02,-5.040540599999999982e-02,9.716641700000000128e+03,1.147422900000000023e+00
1.070499999999999972e+02,6.791900399999999536e+02,-8.975708600000000388e+02,-8.808025499999999965e+02,-2.044267600000000129e-01,9.716641700000000128e+03,1.147422900000000023e+00
1.070999999999999943e+02,6.956236800000000358e+02,-8.970948700000000144e+02,-8.799208399999999983e+02,-1.563405600000000173e-01,9.716641700000000128e+03,1.147422900000000023e+00
1.071500000000000057e+02,7.488442099999999755e+02,-8.979944199999999910e+02,-8.795064399999999978e+02,8.527595100000000261e-02,9.716641700000000128e+03,1.147422900000000023e+00
1.072000000000000028e+02,7.428700900000000047e+02,-8.979598600000000488e+02,-8.796193700000000035e+02,-2.345107000000000094e-02,9.716641700000000128e+03,1.147422900000000023e+00
1.072500000000000000e+02,7.207595499999999902e+02,-8.977408100000000104e+02,-8.799461999999999762e+02,6.570325500000000207e-02,9.716641700000000128e+03,1.147422900000000023e+00
1.072999999999999972e+02,7.108110199999999850e+02,-8.978365999999999758e+02,-8.802876099999999724e+02,1.075498800000000144e-01,9.716641700000000128e+03,1.147422900000000023e+00
1.073499999999999943e+02,6.726160200000000486e+02,-8.971757099999999809e+02,-8.805697000000000116e+02,-9.793569900000000106e-02,9.716641700000000128e+03,1.147422900000000023e+00
1.074000000000000057e+02,8.291938300000000481e+02,-9.016701299999999719e+02,-8.811984200000000556e+02,-1.433024299999999945e-02,9.716641700000000128e+03,1.147422900000000023e+00
1.074500000000000028e+02,6.182290500000000293e+02,-8.985947800000000143e+02,-8.833315199999999550e+02,-8.799613300000000415e-02,9.716641700000000128e+03,1.147422900000000023e+00
1.075000000000000000e+02,6.368553000000000566e+02,-8.996400700000000370e+02,-8.839169500000000426e+02,-9.318273000000000528e-02,9.716641700000000128e+03,1.147422900000000023e+00
1.075499999999999972e+02,6.815619699999999739e+02,-9.006942199999999730e+02,-8.838673499999999876e+02,-8.576216200000000289e-02,9.716641700000000128e+03,1.147422900000000023e+00
1.075999999999999943e+02,6.669073100000000522e+02,-9.001373200000000452e+02,-8.836722600000000511e+02,-2.091017500000000029e-01,9.716641700000000128e+03,1.147422900000000023e+00
1.076500000000000057e+02,6.784954800000000432e+02,-8.996653800000000274e+02,-8.829142200000000003e+02,-2.680378400000000411e-02,9.716641700000000128e+03,1.147422900000000023e+00
1.077000000000000028e+02,6.756034100000000535e+02,-8.984257800000000316e+02,-8.817460200000000441e+02,-2.359813100000000136e-02,9.716641700000000128e+03,1.147422900000000023e+00
1.077500000000000000e+02,7.423727800000000343e+02,-8.991209599999999682e+02,-8.807927499999999554e+02,1.915447199999999878e-03,9.716641700000000128e+03,1.147422900000000023e+00
1.077999999999999972e+02,7.072498199999999997e+02,-8.979463200000000143e+02,-8.804852499999999509e+02,-1.164464600000000016e-01,9.716641700000000128e+03,1.147422900000000023e+00
1.078499999999999943e+02,6.941567900000000009e+02,-8.975151100000000497e+02,-8.803772900000000163e+02,2.830961800000000167e-02,9.716641700000000128e+03,1.147422900000000023e+00
1.079000000000000057e+02,7.912890099999999620e+02,-8.998393800000000056e+02,-8.803034900000000107e+02,4.589062400000000486e-02,9.716641700000000128e+03,1.147422900000000023e+00
1.079500000000000028e+02,7.084234599999999773e+02,-8.985875700000000279e+02,-8.810975200000000314e+02,6.559523000000000437e-02,9.716641700000000128e+03,1.147422900000000023e+00
1.080000000000000000e+02,6.352706899999999450e+02,-8.978851899999999659e+02,-8.822011899999999969e+02,1.004642399999999963e-01,9.716641700000000128e+03,1.147422900000000023e+00
1.080499999999999972e+02,7.016075299999999970e+02,-9.001765500000000202e+02,-8.828547800000000052e+02,2.777921499999999946e-02,9.716641700000000128e+03,1.147422900000000023e+00
1.080999999999999943e+02,6.886971600000000535e+02,-9.003861100000000306e+02,-8.833830799999999499e+02,7.860720700000001226e-02,9.716641700000000128e+03,1.147422900000000023e+00
1.081500000000000057e+02,6.630178799999999910e+02,-9.001560100000000375e+02,-8.837869699999999966e+02,7.637831700000000112e-03,9.716641700000000128e+03,1.147422900000000023e+00
1.082000000000000028e+02,6.201575000000000273e+02,-8.993876699999999573e+02,-8.840767899999999599e+02,-1.572483199999999970e-01,9.716641700000000128e+03,1.147422900000000023e+00
1.082500000000000000e+02,6.078282699999999750e+02,-8.986339799999999514e+02,-8.836275000000000546e+02,2.148787300000000195e-03,9.716641700000000128e+03,1.147422900000000023e+00
1.082999999999999972e+02,6.513427699999999732e+02,-8.983382800000000543e+02,-8.822574799999999868e+02,1.296817700000000018e-01,9.716641700000000128e+03,1.147422900000000023e+00
1.083499999999999943e+02,6.583752899999999499e+02,-8.971953700000000254e+02,-8.809409500000000435e+02,9.621495700000000373e-02,9.716641700000000128e+03,1.147422900000000023e+00
1.084000000000000057e+02,6.876299500000000080e+02,-8.967326799999999594e+02,-8.797559999999999718e+02,6.426162900000001454e-02,9.716641700000000128e+03,1.147422900000000023e+00
1.084500000000000028e+02,7.215965300000000298e+02,-8.967154399999999441e+02,-8.789001700000000028e+02,-4.879904800000000459e-02,9.716641700000000128e+03,1.147422900000000023e+00
1.085000000000000000e+02,7.084430700000000343e+02,-8.959653899999999567e+02,-8.784748600000000351e+02,2.662242800000000353e-02,9.716641700000000128e+03,1.147422900000000023e+00
1.085499999999999972e+02,7.660665699999999561e+02,-8.973060299999999643e+02,-8.783928499999999531e+02,-1.364481500000000180e-01,9.716641700000000128e+03,1.147422900000000023e+00
1.085999999999999943e+02,7.149413100000000441e+02,-8.966034499999999525e+02,-8.789524800000000369e+02,-1.199772600000000022e-01,9.716641700000000128e+03,1.147422900000000023e+00
1.086500000000000057e+02,7.337314800000000332e+02,-8.980711800000000267e+02,-8.799563100000000304e+02,-2.191312800000000394e-01,9.716641700000000128e+03,1.147422900000000023e+00
1.087000000000000028e+02,7.301683100000000195e+02,-8.993799900000000207e+02,-8.813531000000000404e+02,5.381726700000000196e-01,9.716641700000000128e+03,1.147422900000000023e+00
1.087500000000000000e+02,6.470015700000000152e+02,-8.982884500000000116e+02,-8.823148300000000290e+02,-1.153952700000000081e-01,9.716641700000000128e+03,1.147422900000000023e+00
1.087999999999999972e+02,6.709122499999999718e+02,-8.991142300000000205e+02,-8.825502900000000182e+02,1.397394700000000045e-01,9.716641700000000128e+03,1.147422900000000023e+00
1.088499999999999943e+02,6.400843700000000354e+02,-8.981619600000000219e+02,-8.823591199999999617e+02,7.693006600000000528e-02,9.716641700000000128e+03,1.147422900000000023e+00
1.089000000000000057e+02,6.777867099999999709e+02,-8.983913000000000011e+02,-8.816576300000000401e+02,-8.238609700000000535e-02,9.716641700000000128e+03,1.147422900000000023e+00
1.089500000000000028e+02,6.788012800000000198e+02,-8.976860100000000102e+02,-8.809272899999999709e+02,6.459973000000000798e-02,9.716641700000000128e+03,1.147422900000000023e+00
1.090000000000000000e+02,7.805468399999999747e+02,-8.997332199999999602e+02,-8.804625499999999647e+02,1.406451300000000071e-02,9.716641700000000128e+03,1.147422900000000023e+00
1.090499999999999972e+02,6.762711199999999963e+02,-8.974270699999999579e+02,-8.807308299999999690e+02,1.790382100000000032e-01,9.716641700000000128e+03,1.147422900000000023e+00
1.090999999999999943e+02,7.423047000000000253e+02,-8.993458000000000538e+02,-8.810192700000000059e+02,-1.089554900000000090e-02,9.716641700000000128e+03,1.147422900000000023e+00
1.091500000000000057e+02,6.750781899999999496e+02,-8.989012599999999793e+02,-8.822344699999999875e+02,-2.462286000000000197e-01,9.716641700000000128e+03,1.147422900000000023e+00
1.092000000000000028e+02,6.424782699999999522e+02,-8.998247099999999818e+02,-8.839627699999999777e+02,-1.416582500000000133e-01,9.716641700000000128e+03,1.147422900000000023e+00
1.092500000000000000e+02,6.215285400000000209e+02,-8.997737899999999627e+02,-8.844290600000000495e+02,-1.734767900000000126e-02,9.716641700000000128e+03,1.147422900000000023e+00
1.092999999999999972e+02,6.471479299999999739e+02,-8.999023600000000442e+02,-8.839251299999999674e+02,-1.952983500000000094e-01,9.716641700000000128e+03,1.147422900000000023e+00
1.093499999999999943e+02,6.869908500000000231e+02,-8.999997899999999618e+02,-8.830388900000000376e+02,-1.799523400000000162e-01,9.716641700000000128e+03,1.147422900000000023e+00
1.094000000000000057e+02,7.318552300000000059e+02,-9.003347599999999602e+02,-8.822662100000000009e+02,-1.020146100000000056e-01,9.716641700000000128e+03,1.147422900000000023e+00
1.094500000000000028e+02,7.183617199999999912e+02,-8.997246099999999842e+02,-8.819891999999999825e+02,1.139066299999999948e-01,9.716641700000000128e+03,1.147422900000000023e+00
1.095000000000000000e+02,6.573596199999999499e+02,-8.981677100000000564e+02,-8.819383599999999888e+02,-2.512620800000000057e-02,9.716641700000000128e+03,1.147422900000000023e+00
1.095499999999999972e+02,6.849649799999999686e+02,-8.984879899999999679e+02,-8.815770999999999731e+02,1.446843600000000118e-01,9.716641700000000128e+03,1.147422900000000023e+00
1.095999999999999943e+02,6.821178899999999885e+02,-8.977784900000000334e+02,-8.809378900000000385e+02,8.109052299999999769e-02,9.716641700000000128e+03,1.147422900000000023e+00
1.096500000000000057e+02,7.180332700000000159e+02,-8.976801799999999503e+02,-8.799528800000000501e+02,-3.708547500000000108e-01,9.716641700000000128e+03,1.147422900000000023e+00
1.097000000000000028e+02,7.946185400000000527e+02,-8.981181900000000269e+02,-8.785000999999999749e+02,2.775955700000000137e-01,9.716641700000000128e+03,1.147422900000000023e+00
1.097500000000000000e+02,7.696347600000000284e+02,-8.966585700000000543e+02,-8.776572899999999890e+02,-1.339696200000000115e-01,9.716641700000000128e+03,1.147422900000000023e+00
1.097999999999999972e+02,7.645856599999999617e+02,-8.969735600000000204e+02,-8.780969499999999925e+02,8.322415900000001282e-03,9.716641700000000128e+03,1.147422900000000023e+00
1.098499999999999943e+02,6.592966300000000501e+02,-8.961221600000000080e+02,-8.798449900000000525e+02,-6.590605800000000347e-02,9.716641700000000128e+03,1.147422900000000023e+00
1.099000000000000057e+02,6.776191300000000410e+02,-8.980135699999999588e+02,-8.812840499999999793e+02,-6.241584600000000399e-02,9.716641700000000128e+03,1.147422900000000023e+00
1.099500000000000028e+02,6.987748800000000529e+02,-8.989232799999999770e+02,-8.816714399999999614e+02,-4.035512400000000610e-02,9.716641700000000128e+03,1.147422900000000023e+00
1.100000000000000000e+02,7.151810000000000400e+02,-8.993802799999999706e+02,-8.817233999999999696e+02,-2.143368300000000060e-01,9.716641700000000128e+03,1.147422900000000023e+00
1.100499999999999972e+02,6.670765599999999722e+02,-8.982031899999999496e+02,-8.817339399999999614e+02,2.640522799999999934e-02,9.716641700000000128e+03,1.147422900000000023e+00
1.100999999999999943e+02,7.187331299999999601e+02,-8.991978100000000040e+02,-8.814532299999999623e+02,-4.595486399999999805e-02,9.716641700000000128e+03,1.147422900000000023e+00
1.101500000000000057e+02,7.018650999999999840e+02,-8.984188699999999699e+02,-8.810907399999999825e+02,-1.956408900000000117e-01,9.716641700000000128e+03,1.147422900000000023e+00
1.102000000000000028e+02,7.521928000000000338e+02,-8.992406799999999976e+02,-8.806700299999999970e+02,6.113801300000000494e-02,9.716641700000000128e+03,1.147422900000000023e+00
1.102500000000000000e+02,7.427659700000000385e+02,-8.988824499999999489e+02,-8.805445300000000088e+02,-2.604015100000000357e-03,9.716641700000000128e+03,1.147422900000000023e+00
1.102999999999999972e+02,7.334222499999999627e+02,-8.991105099999999766e+02,-8.810032800000000179e+02,-5.203365599999999758e-02,9.716641700000000128e+03,1.147422900000000023e+00
1.103499999999999943e+02,6.565270900000000438e+02,-8.984515900000000101e+02,-8.822427999999999884e+02,6.023688700000000285e-02,9.716641700000000128e+03,1.147422900000000023e+00
1.104000000000000057e+02,6.351616999999999962e+02,-8.989438300000000481e+02,-8.832625199999999950e+02,1.930544000000000149e-01,9.716641700000000128e+03,1.147422900000000023e+00
1.104500000000000028e+02,6.849408399999999801e+02,-9.005809199999999919e+02,-8.836706299999999601e+02,5.984650700000000018e-02,9.716641700000000128e+03,1.147422900000000023e+00
1.105000000000000000e+02,7.130710100000000011e+02,-9.013472299999999677e+02,-8.837424499999999625e+02,9.534578999999999971e-02,9.716641700000000128e+03,1.147422900000000023e+00
1.105499999999999972e+02,7.133801300000000083e+02,-9.012148100000000568e+02,-8.836023900000000140e+02,-7.050167999999999713e-02,9.716641700000000128e+03,1.147422900000000023e+00
1.105999999999999943e+02,6.603714300000000321e+02,-8.996682799999999816e+02,-8.833645699999999579e+02,2.558253900000000414e-01,9.716641700000000128e+03,1.147422900000000023e+00
1.106500000000000057e+02,7.525667899999999690e+02,-9.009351599999999962e+02,-8.823552700000000186e+02,-6.635287300000000665e-03,9.716641700000000128e+03,1.147422900000000023e+00
1.107000000000000028e+02,7.623462600000000293e+02,-8.996596399999999676e+02,-8.808383099999999786e+02,8.461049700000000673e-02,9.716641700000000128e+03,1.147422900000000023e+00
1.107500000000000000e+02,7.312780500000000075e+02,-8.981794099999999617e+02,-8.801251200000000381e+02,3.896054700000000509e-02,9.716641700000000128e+03,1.147422900000000023e+00
1.107999999999999972e+02,7.771007499999999482e+02,-8.992983100000000150e+02,-8.801127099999999928e+02,9.616576999999999764e-02,9.716641700000000128e+03,1.147422900000000023e+00
1.108499999999999943e+02,7.130983199999999442e+02,-8.984085300000000416e+02,-8.808030700000000479e+02,-3.086016700000000501e-01,9.716641700000000128e+03,1.147422900000000023e+00
1.109000000000000057e+02,6.693311400000000049e+02,-8.981706199999999853e+02,-8.816457199999999830e+02,9.638630200000000703e-02,9.716641700000000128e+03,1.147422900000000023e+00
1.109500000000000028e+02,6.700737299999999550e+02,-8.988491699999999582e+02,-8.823059299999999894e+02,-3.622096100000000291e-02,9.716641700000000128e+03,1.147422900000000023e+00
1.110000000000000000e+02,6.429702899999999772e+02,-8.984909599999999728e+02,-8.826168699999999490e+02,-6.103225200000000905e-02,9.716641700000000128e+03,1.147422900000000023e+00
1.110499999999999972e+02,6.789551800000000412e+02,-8.989044400000000223e+02,-8.821419300000000021e+02,2.172037500000000357e-02,9.716641700000000128e+03,1.147422900000000023e+00
1.110999999999999943e+02,7.551426000000000158e+02,-8.988260199999999713e+02,-8.801825400000000172e+02,4.272925900000000554e-02,9.716641700000000128e+03,1.147422900000000023e+00
1.111500000000000057e+02,7.506615799999999581e+02,-8.974550900000000411e+02,-8.789222399999999880e+02,9.034651999999999961e-02,9.716641700000000128e+03,1.147422900000000023e+00
1.112000000000000028e+02,7.601052899999999681e+02,-8.973830400000000509e+02,-8.786170399999999745e+02,-1.375513300000000272e-01,9.716641700000000128e+03,1.147422900000000023e+00
1.112500000000000000e+02,7.987664700000000266e+02,-8.987104500000000371e+02,-8.789899599999999964e+02,-1.340917699999999990e-01,9.716641700000000128e+03,1.147422900000000023e+00
1.112999999999999972e+02,7.233841800000000148e+02,-8.981498000000000275e+02,-8.802903900000000021e+02,1.108027200000000073e-01,9.716641700000000128e+03,1.147422900000000023e+00
1.113499999999999943e+02,6.735130199999999832e+02,-8.978775200000000041e+02,-8.812493699999999990e+02,7.367862000000000022e-02,9.716641700000000128e+03,1.147422900000000023e+00
1.114000000000000057e+02,7.082429600000000391e+02,-8.991730599999999640e+02,-8.816874699999999621e+02,8.310079700000000402e-02,9.716641700000000128e+03,1.147422900000000023e+00
1.114500000000000028e+02,7.047292300000000296e+02,-8.994366899999999987e+02,-8.820378500000000486e+02,-1.101177200000000161e-01,9.716641700000000128e+03,1.147422900000000023e+00
1.115000000000000000e+02,6.383098700000000463e+02,-8.981887900000000400e+02,-8.824297599999999875e+02,1.710690500000000003e-01,9.716641700000000128e+03,1.147422900000000023e+00
1.115499999999999972e+02,6.580427700000000186e+02,-8.986727499999999509e+02,-8.824265400000000454e+02,1.661177600000000032e-01,9.716641700000000128e+03,1.147422900000000023e+00
1.115999999999999943e+02,6.585428000000000566e+02,-8.981426699999999528e+02,-8.818841099999999642e+02,2.452760100000000304e-02,9.716641700000000128e+03,1.147422900000000023e+00
1.116500000000000057e+02,7.095864199999999755e+02,-8.980260899999999538e+02,-8.805073399999999992e+02,-1.485883199999999960e-01,9.716641700000000128e+03,1.147422900000000023e+00
1.117000000000000028e+02,7.766420900000000529e+02,-8.983386000000000422e+02,-8.791643299999999499e+02,9.065797999999999912e-02,9.716641700000000128e+03,1.147422900000000023e+00
1.117500000000000000e+02,7.313149300000000039e+02,-8.970315399999999499e+02,-8.789763400000000502e+02,-4.453006500000000062e-02,9.716641700000000128e+03,1.147422900000000023e+00
1.117999999999999972e+02,7.357895899999999756e+02,-8.974805900000000065e+02,-8.793149100000000544e+02,2.743369499999999683e-01,9.716641700000000128e+03,1.147422900000000023e+00
1.118499999999999943e+02,6.565930700000000115e+02,-8.959997899999999618e+02,-8.797893699999999626e+02,-2.164549600000000018e-01,9.716641700000000128e+03,1.147422900000000023e+00
1.119000000000000057e+02,7.051658099999999649e+02,-8.975831600000000208e+02,-8.801735400000000027e+02,2.211673899999999915e-01,9.716641700000000128e+03,1.147422900000000023e+00
1.119500000000000028e+02,6.758155799999999545e+02,-8.974753600000000233e+02,-8.807903599999999642e+02,-1.504490399999999957e-02,9.716641700000000128e+03,1.147422900000000023e+00
1.120000000000000000e+02,6.653356199999999490e+02,-8.976377999999999702e+02,-8.812115400000000136e+02,1.252492800000000184e-01,9.716641700000000128e+03,1.147422900000000023e+00
1.120499999999999972e+02,6.892101699999999482e+02,-8.986082099999999855e+02,-8.815925099999999475e+02,-1.767648100000000222e-01,9.716641700000000128e+03,1.147422900000000023e+00
1.120999999999999943e+02,6.514060299999999870e+02,-8.979964300000000321e+02,-8.819140700000000379e+02,-2.706375000000000100e-02,9.716641700000000128e+03,1.147422900000000023e+00
1.121500000000000057e+02,6.640831699999999955e+02,-8.983748000000000502e+02,-8.819794500000000426e+02,-2.385739300000000174e-01,9.716641700000000128e+03,1.147422900000000023e+00
1.122000000000000028e+02,6.913874700000000075e+02,-8.986377099999999700e+02,-8.815682600000000093e+02,2.162300900000000414e-01,9.716641700000000128e+03,1.147422900000000023e+00
1.122500000000000000e+02,7.460884099999999535e+02,-8.992927300000000059e+02,-8.808727900000000091e+02,-1.027507299999999985e-01,9.716641700000000128e+03,1.147422900000000023e+00
1.122999999999999972e+02,7.075885200000000168e+02,-8.983016000000000076e+02,-8.808321700000000192e+02,1.576416300000000048e-01,9.716641700000000128e+03,1.147422900000000023e+00
1.123499999999999943e+02,7.266652900000000272e+02,-8.992656200000000126e+02,-8.813252099999999700e+02,-1.167284400000000028e-01,9.716641700000000128e+03,1.147422900000000023e+00
1.124000000000000057e+02,6.831503900000000158e+02,-8.993265099999999848e+02,-8.824604199999999992e+02,2.471077700000000044e-01,9.716641700000000128e+03,1.147422900000000023e+00
1.124500000000000028e+02,6.510822799999999688e+02,-8.992673800000000028e+02,-8.831930099999999584e+02,-8.146979099999999974e-02,9.716641700000000128e+03,1.147422900000000023e+00
1.125000000000000000e+02,6.486639499999999998e+02,-8.992956900000000360e+02,-8.832810299999999870e+02,1.226331200000000121e-01,9.716641700000000128e+03,1.147422900000000023e+00
1.125499999999999972e+02,6.409609500000000253e+02,-8.985744600000000446e+02,-8.827499699999999621e+02,-1.053882899999999956e-02,9.716641700000000128e+03,1.147422900000000023e+00
1.125999999999999943e+02,6.701503699999999526e+02,-8.981086400000000367e+02,-8.815635099999999511e+02,2.047252700000000078e-02,9.716641700000000128e+03,1.147422900000000023e+00
1.126500000000000057e+02,7.071865900000000238e+02,-8.981361299999999801e+02,-8.806766199999999571e+02,-1.152453500000000103e-01,9.716641700000000128e+03,1.147422900000000023e+00
1.127000000000000028e+02,7.570090900000000147e+02,-8.991256600000000390e+02,-8.804361000000000104e+02,1.894990900000000089e-02,9.716641700000000128e+03,1.147422900000000023e+00
1.127500000000000000e+02,7.249326600000000553e+02,-8.984537100000000009e+02,-8.805560699999999770e+02,-1.399086800000000075e-01,9.716641700000000128e+03,1.147422900000000023e+00
1.127999999999999972e+02,7.435721399999999903e+02,-8.991814200000000028e+02,-8.808236000000000558e+02,1.945450800000000091e-01,9.716641700000000128e+03,1.147422900000000023e+00
1.128499999999999943e+02,6.839785100000000284e+02,-8.983291400000000522e+02,-8.814425999999999704e+02,1.421953099999999914e-01,9.716641700000000128e+03,1.147422900000000023e+00
1.129000000000000057e+02,6.789924399999999878e+02,-8.988849500000000035e+02,-8.821215099999999438e+02,-1.423950400000000005e-01,9.716641700000000128e+03,1.147422900000000023e+00
1.129500000000000028e+02,6.487826000000000022e+02,-8.988178400000000465e+02,-8.828002500000000055e+02,7.105788400000000171e-03,9.716641700000000128e+03,1.147422900000000023e+00
1.130000000000000000e+02,6.419208899999999858e+02,-8.989104099999999562e+02,-8.830622200000000248e+02,-1.423103099999999989e-02,9.716641700000000128e+03,1.147422900000000023e+00
1.130499999999999972e+02,6.719101000000000568e+02,-8.992624200000000201e+02,-8.826738400000000411e+02,-1.750950199999999971e-02,9.716641700000000128e+03,1.147422900000000023e+00
1.130999999999999943e+02,6.937478599999999460e+02,-8.983658000000000357e+02,-8.812380799999999681e+02,-5.896738900000000894e-02,9.716641700000000128e+03,1.147422900000000023e+00
1.131500000000000057e+02,7.143843299999999772e+02,-8.968793200000000070e+02,-8.792421100000000251e+02,2.859856900000000146e-01,9.716641700000000128e+03,1.147422900000000023e+00
1.132000000000000028e+02,7.334745000000000346e+02,-8.968348799999999983e+02,-8.787263599999999997e+02,-7.489295600000001052e-02,9.716641700000000128e+03,1.147422900000000023e+00
1.132500000000000000e+02,7.486872399999999743e+02,-8.974695400000000518e+02,-8.789854299999999512e+02,7.598685400000000645e-02,9.716641700000000128e+03,1.147422900000000023e+00
1.132999999999999972e+02,7.234972199999999702e+02,-8.975652400000000171e+02,-8.797030399999999872e+02,1.565640000000000087e-02,9.716641700000000128e+03,1.147422900000000023e+00
1.133499999999999943e+02,6.775795299999999770e+02,-8.974769000000000005e+02,-8.807483499999999594e+02,-9.693955300000001163e-02,9.716641700000000128e+03,1.147422900000000023e+00
1.134000000000000057e+02,7.082160800000000336e+02,-8.990342000000000553e+02,-8.815492799999999534e+02,-2.723953799999999648e-01,9.716641700000000128e+03,1.147422900000000023e+00
1.134500000000000028e+02,6.999832300000000487e+02,-8.993437699999999495e+02,-8.820620999999999867e+02,4.703168299999999774e-02,9.716641700000000128e+03,1.147422900000000023e+00
1.135000000000000000e+02,6.349258800000000065e+02,-8.980223999999999478e+02,-8.823469099999999798e+02,-7.701563600000000016e-03,9.716641700000000128e+03,1.147422900000000023e+00
1.135499999999999972e+02,6.979171599999999671e+02,-8.993006699999999682e+02,-8.820700199999999995e+02,-7.713991100000000545e-02,9.716641700000000128e+03,1.147422900000000023e+00
1.135999999999999943e+02,6.670587900000000445e+02,-8.978370999999999640e+02,-8.813682999999999765e+02,-3.362892800000000237e-01,9.716641700000000128e+03,1.147422900000000023e+00
1.136500000000000057e+02,7.360047299999999950e+02,-8.984140300000000252e+02,-8.802430299999999761e+02,1.008296700000000101e-01,9.716641700000000128e+03,1.147422900000000023e+00
1.137000000000000028e+02,7.489970600000000331e+02,-8.978571399999999585e+02,-8.793653900000000476e+02,-1.518620200000000142e-01,9.716641700000000128e+03,1.147422900000000023e+00
1.137500000000000000e+02,6.830578299999999672e+02,-8.953972999999999729e+02,-8.785335000000000036e+02,6.388087900000000152e-02,9.716641700000000128e+03,1.147422900000000023e+00
1.137999999999999972e+02,7.620630899999999883e+02,-8.956510600000000295e+02,-8.768367200000000139e+02,7.106176400000001336e-02,9.716641700000000128e+03,1.147422900000000023e+00
1.138499999999999943e+02,7.998893900000000485e+02,-8.957059000000000424e+02,-8.759576799999999821e+02,4.567850700000000708e-02,9.716641700000000128e+03,1.147422900000000023e+00
1.139000000000000057e+02,7.915160399999999754e+02,-8.960671300000000201e+02,-8.765256399999999530e+02,4.280937000000000631e-02,9.716641700000000128e+03,1.147422900000000023e+00
1.139500000000000028e+02,7.134653299999999945e+02,-8.957303299999999808e+02,-8.781158100000000104e+02,-1.187504100000000111e-02,9.716641700000000128e+03,1.147422900000000023e+00
1.140000000000000000e+02,6.803071400000000040e+02,-8.959370499999999993e+02,-8.791411600000000135e+02,2.763364300000000287e-02,9.716641700000000128e+03,1.147422900000000023e+00
1.140499999999999972e+02,7.253324000000000069e+02,-8.974535799999999881e+02,-8.795460699999999861e+02,-9.023961700000000807e-02,9.716641700000000128e+03,1.147422900000000023e+00
1.140999999999999943e+02,7.701036599999999908e+02,-8.992176399999999603e+02,-8.802047900000000027e+02,1.801634500000000028e-01,9.716641700000000128e+03,1.147422900000000023e+00
1.141500000000000057e+02,6.503070999999999913e+02,-8.972475200000000086e+02,-8.811922899999999572e+02,-2.758660500000000293e-01,9.716641700000000128e+03,1.147422900000000023e+00
1.142000000000000028e+02,6.909330999999999676e+02,-8.987072500000000446e+02,-8.816490199999999504e+02,2.563697000000000198e-03,9.716641700000000128e+03,1.147422900000000023e+00
1.142500000000000000e+02,7.215124100000000453e+02,-8.999359899999999470e+02,-8.821227999999999838e+02,-8.068545600000000262e-02,9.716641700000000128e+03,1.147422900000000023e+00
1.142999999999999972e+02,6.845210700000000088e+02,-8.998508199999999988e+02,-8.829509000000000469e+02,1.779849900000000096e-01,9.716641700000000128e+03,1.147422900000000023e+00
1.143499999999999943e+02,6.212028999999999996e+02,-8.987504000000000133e+02,-8.834137100000000373e+02,-1.137929400000000091e-01,9.716641700000000128e+03,1.147422900000000023e+00
1.144000000000000057e+02,6.531351899999999659e+02,-8.992940999999999576e+02,-8.831690499999999702e+02,-4.518443300000000301e-02,9.716641700000000128e+03,1.147422900000000023e+00
1.144500000000000028e+02,7.282714099999999462e+02,-9.003087199999999939e+02,-8.823286600000000135e+02,-7.296176799999999629e-02,9.716641700000000128e+03,1.147422900000000023e+00
1.145000000000000000e+02,7.251186099999999897e+02,-8.985343900000000303e+02,-8.806321599999999989e+02,1.211661900000000035e-02,9.716641700000000128e+03,1.147422900000000023e+00
1.145499999999999972e+02,7.721109199999999646e+02,-8.981865800000000490e+02,-8.791241800000000239e+02,-9.370552599999999732e-02,9.716641700000000128e+03,1.147422900000000023e+00
1.145999999999999943e+02,7.871893499999999904e+02,-8.983796999999999571e+02,-8.789450299999999743e+02,-2.221275100000000002e-01,9.716641700000000128e+03,1.147422900000000023e+00
1.146500000000000057e+02,7.261669900000000553e+02,-8.973594600000000128e+02,-8.794313499999999522e+02,-1.270946699999999929e-01,9.716641700000000128e+03,1.147422900000000023e+00
1.147000000000000028e+02,6.657020899999999983e+02,-8.963524400000000014e+02,-8.799171300000000429e+02,4.717931600000000066e-03,9.716641700000000128e+03,1.147422900000000023e+00
1.147500000000000000e+02,7.108395400000000564e+02,-8.977133099999999786e+02,-8.801636099999999487e+02,-2.354804600000000026e-01,9.716641700000000128e+03,1.147422900000000023e+00
1.147999999999999972e+02,7.868973499999999603e+02,-9.000757099999999582e+02,-8.806482499999999618e+02,-7.326977399999999585e-02,9.716641700000000128e+03,1.147422900000000023e+00
1.148499999999999943e+02,6.482477000000000089e+02,-8.980241600000000517e+02,-8.820197799999999688e+02,-8.045237900000000095e-03,9.716641700000000128e+03,1.147422900000000023e+00
1.149000000000000057e+02,6.842498500000000377e+02,-8.995266000000000304e+02,-8.826333700000000135e+02,-1.341058099999999954e-02,9.716641700000000128e+03,1.147422900000000023e+00
1.149500000000000028e+02,6.906141499999999951e+02,-8.997709899999999834e+02,-8.827206300000000283e+02,-4.722846900000000209e-02,9.716641700000000128e+03,1.147422900000000023e+00
1.150000000000000000e+02,7.016733299999999645e+02,-8.999304600000000391e+02,-8.826070700000000215e+02,-1.451006400000000029e-01,9.716641700000000128e+03,1.147422900000000023e+00
1.150499999999999972e+02,7.200721499999999651e+02,-9.000743400000000065e+02,-8.822967099999999618e+02,1.777322500000000083e-01,9.716641700000000128e+03,1.147422900000000023e+00
1.150999999999999943e+02,7.023199600000000373e+02,-8.993549600000000055e+02,-8.820155999999999494e+02,-8.473993300000000339e-02,9.716641700000000128e+03,1.147422900000000023e+00
1.151500000000000057e+02,6.980857499999999618e+02,-8.991171500000000378e+02,-8.818823300000000245e+02,-2.519411000000000220e-02,9.716641700000000128e+03,1.147422900000000023e+00
1.152000000000000028e+02,6.574117300000000341e+02,-8.979913800000000492e+02,-8.817607500000000300e+02,-1.458082200000000196e-02,9.716641700000000128e+03,1.147422900000000023e+00
1.152500000000000000e+02,7.301094600000000128e+02,-8.995942099999999755e+02,-8.815687699999999722e+02,3.052677700000000147e-02,9.716641700000000128e+03,1.147422900000000023e+00
1.152999999999999972e+02,7.025606999999999971e+02,-8.990674299999999448e+02,-8.817221299999999928e+02,2.509843600000000174e-01,9.716641700000000128e+03,1.147422900000000023e+00
1.153499999999999943e+02,6.821799700000000257e+02,-8.986127599999999802e+02,-8.817706399999999576e+02,-2.593795899999999932e-01,9.716641700000000128e+03,1.147422900000000023e+00
1.154000000000000057e+02,7.030352599999999939e+02,-8.987208399999999529e+02,-8.813638200000000325e+02,1.388415600000000028e-01,9.716641700000000128e+03,1.147422900000000023e+00
1.154500000000000028e+02,6.881906699999999546e+02,-8.976334100000000262e+02,-8.806428799999999910e+02,-5.890972299999999717e-02,9.716641700000000128e+03,1.147422900000000023e+00
1.155000000000000000e+02,7.381383299999999963e+02,-8.980117699999999559e+02,-8.797881099999999606e+02,1.063319000000000070e-01,9.716641700000000128e+03,1.147422900000000023e+00
1.155499999999999972e+02,7.497534600000000182e+02,-8.977484799999999723e+02,-8.792380500000000438e+02,-7.718179900000000926e-02,9.716641700000000128e+03,1.147422900000000023e+00
1.155999999999999943e+02,8.278122499999999491e+02,-8.996516500000000178e+02,-8.792140500000000429e+02,-6.235829900000000592e-02,9.716641700000000128e+03,1.147422900000000023e+00
1.156500000000000057e+02,7.531691200000000208e+02,-8.989782500000000027e+02,-8.803834900000000516e+02,3.106701000000000046e-01,9.716641700000000128e+03,1.147422900000000023e+00
1.157000000000000028e+02,6.696973100000000159e+02,-8.985415699999999788e+02,-8.820076199999999744e+02,-2.708411800000000147e-01,9.716641700000000128e+03,1.147422900000000023e+00
1.157500000000000000e+02,6.453044599999999491e+02,-8.984429999999999836e+02,-8.825112800000000561e+02,-1.227063400000000110e-01,9.716641700000000128e+03,1.147422900000000023e+00
1.157999999999999972e+02,6.228176799999999957e+02,-8.977806500000000369e+02,-8.824040999999999713e+02,-3.920980500000000035e-02,9.716641700000000128e+03,1.147422900000000023e+00
1.158499999999999943e+02,7.181920300000000452e+02,-8.997058399999999665e+02,-8.819746199999999590e+02,2.106957099999999874e-02,9.716641700000000128e+03,1.147422900000000023e+00
1.159000000000000057e+02,6.859769199999999501e+02,-8.986689300000000458e+02,-8.817330600000000231e+02,-1.513004200000000188e-01,9.716641700000000128e+03,1.147422900000000023e+00
1.159500000000000028e+02,6.920569799999999532e+02,-8.984545799999999645e+02,-8.813686000000000149e+02,-1.229236400000000007e-01,9.716641700000000128e+03,1.147422900000000023e+00
1.160000000000000000e+02,7.693422699999999850e+02,-8.997340100000000120e+02,-8.807399599999999964e+02,8.433881199999999911e-02,9.716641700000000128e+03,1.147422900000000023e+00
1.160499999999999972e+02,7.241712099999999737e+02,-8.984973599999999578e+02,-8.806185199999999895e+02,-1.830396400000000035e-01,9.716641700000000128e+03,1.147422900000000023e+00
1.160999999999999943e+02,7.382582200000000512e+02,-8.993641400000000203e+02,-8.811375199999999950e+02,4.422289700000000406e-02,9.716641700000000128e+03,1.147422900000000023e+00
1.161500000000000057e+02,6.700778699999999617e+02,-8.991422000000000025e+02,-8.825988599999999451e+02,-1.798806700000000203e-01,9.716641700000000128e+03,1.147422900000000023e+00
1.162000000000000028e+02,5.909602800000000116e+02,-8.982825000000000273e+02,-8.836924599999999828e+02,1.545355999999999952e-01,9.716641700000000128e+03,1.147422900000000023e+00
1.162500000000000000e+02,6.746190199999999777e+02,-9.004643499999999676e+02,-8.838088900000000194e+02,3.774499900000000130e-02,9.716641700000000128e+03,1.147422900000000023e+00
1.162999999999999972e+02,6.882306300000000192e+02,-9.005836399999999458e+02,-8.835921200000000226e+02,2.824041599999999996e-03,9.716641700000000128e+03,1.147422900000000023e+00
1.163499999999999943e+02,6.587744300000000521e+02,-8.995498700000000554e+02,-8.832856000000000449e+02,5.593199100000000729e-02,9.716641700000000128e+03,1.147422900000000023e+00
1.164000000000000057e+02,7.566049699999999802e+02,-9.013126499999999623e+02,-8.826330600000000004e+02,-3.770229700000000267e-02,9.716641700000000128e+03,1.147422900000000023e+00
1.164500000000000028e+02,7.113317299999999932e+02,-8.993035499999999729e+02,-8.817417000000000371e+02,-2.065024500000000110e-02,9.716641700000000128e+03,1.147422900000000023e+00
1.165000000000000000e+02,7.261009999999999991e+02,-8.983024500000000216e+02,-8.803759700000000521e+02,-1.260058400000000078e-01,9.716641700000000128e+03,1.147422900000000023e+00
1.165499999999999972e+02,8.867582599999999502e+02,-9.011726700000000392e+02,-8.792797799999999597e+02,-9.689028800000000496e-02,9.716641700000000128e+03,1.147422900000000023e+00
1.165999999999999943e+02,7.209450600000000122e+02,-8.973871900000000323e+02,-8.795880100000000539e+02,-1.294449200000000189e-01,9.716641700000000128e+03,1.147422900000000023e+00
1.166500000000000057e+02,7.774023999999999432e+02,-8.993037100000000237e+02,-8.801106600000000526e+02,-1.909555599999999964e-02,9.716641700000000128e+03,1.147422900000000023e+00
1.167000000000000028e+02,7.467098200000000361e+02,-8.993203899999999749e+02,-8.808851100000000542e+02,2.715734900000000077e-02,9.716641700000000128e+03,1.147422900000000023e+00
1.167500000000000000e+02,6.403913300000000390e+02,-8.972246000000000095e+02,-8.814141799999999876e+02,-2.416686100000000059e-01,9.716641700000000128e+03,1.147422900000000023e+00
1.167999999999999972e+02,7.136741700000000037e+02,-8.991579699999999775e+02,-8.815382899999999609e+02,5.530879099999999604e-02,9.716641700000000128e+03,1.147422900000000023e+00
1.168499999999999943e+02,7.334071599999999762e+02,-9.000182600000000548e+02,-8.819113999999999578e+02,-1.318083100000000119e-01,9.716641700000000128e+03,1.147422900000000023e+00
1.169000000000000057e+02,7.560497199999999793e+02,-9.014552800000000161e+02,-8.827894099999999753e+02,-3.922007100000000218e-02,9.716641700000000128e+03,1.147422900000000023e+00
1.169500000000000028e+02,6.729767100000000255e+02,-9.005433500000000322e+02,-8.839284400000000232e+02,1.901856500000000116e-01,9.716641700000000128e+03,1.147422900000000023e+00
1.170000000000000000e+02,6.175143600000000106e+02,-8.995871600000000399e+02,-8.843415400000000091e+02,-2.307147500000000101e-02,9.716641700000000128e+03,1.147422900000000023e+00
1.170499999999999972e+02,7.249299200000000383e+02,-9.020421599999999671e+02,-8.841445899999999938e+02,-4.192026800000000358e-02,9.716641700000000128e+03,1.147422900000000023e+00
1.170999999999999943e+02,6.652950299999999970e+02,-9.003920399999999518e+02,-8.839667799999999716e+02,-1.384434500000000234e-01,9.716641700000000128e+03,1.147422900000000023e+00
1.171500000000000057e+02,7.140181599999999662e+02,-9.014616099999999506e+02,-8.838334300000000212e+02,1.925714900000000118e-01,9.716641700000000128e+03,1.147422900000000023e+00
1.172000000000000028e+02,7.011203500000000304e+02,-9.012915900000000420e+02,-8.839818500000000085e+02,-3.398979700000000215e-02,9.716641700000000128e+03,1.147422900000000023e+00
1.172500000000000000e+02,6.475099400000000287e+02,-9.001277900000000045e+02,-8.841416199999999890e+02,1.751311500000000132e-01,9.716641700000000128e+03,1.147422900000000023e+00
1.172999999999999972e+02,6.624742499999999836e+02,-9.002198600000000397e+02,-8.838642399999999952e+02,4.859797900000000642e-03,9.716641700000000128e+03,1.147422900000000023e+00
1.173499999999999943e+02,7.506484699999999748e+02,-9.007543799999999692e+02,-8.822218599999999924e+02,-1.321960900000000022e-02,9.716641700000000128e+03,1.147422900000000023e+00
1.174000000000000057e+02,7.311291700000000446e+02,-8.986435800000000427e+02,-8.805929599999999482e+02,5.156141699999999828e-02,9.716641700000000128e+03,1.147422900000000023e+00
1.174500000000000028e+02,7.821000800000000481e+02,-8.995493999999999915e+02,-8.802403799999999592e+02,3.140284500000000145e-01,9.716641700000000128e+03,1.147422900000000023e+00
1.175000000000000000e+02,7.480673699999999826e+02,-8.992647799999999734e+02,-8.807959799999999859e+02,6.610952000000000495e-02,9.716641700000000128e+03,1.147422900000000023e+00
1.175499999999999972e+02,6.825825200000000450e+02,-8.985842499999999973e+02,-8.817321899999999459e+02,-1.703168600000000144e-01,9.716641700000000128e+03,1.147422900000000023e+00
1.175999999999999943e+02,6.515192899999999554e+02,-8.984323900000000549e+02,-8.823472299999999677e+02,-2.074296200000000021e-02,9.716641700000000128e+03,1.147422900000000023e+00
1.176500000000000057e+02,7.863195200000000114e+02,-9.021053200000000061e+02,-8.826921200000000454e+02,1.703674000000000022e-01,9.716641700000000128e+03,1.147422900000000023e+00
1.177000000000000028e+02,6.530308599999999615e+02,-8.996799600000000510e+02,-8.835574800000000550e+02,-1.951805800000000202e-01,9.716641700000000128e+03,1.147422900000000023e+00
1.177500000000000000e+02,6.453138699999999517e+02,-8.999597099999999728e+02,-8.840277599999999438e+02,-9.370379900000000428e-02,9.716641700000000128e+03,1.147422900000000023e+00
1.177999999999999972e+02,6.929118899999999712e+02,-9.010925899999999729e+02,-8.839855000000000018e+02,1.631031700000000195e-01,9.716641700000000128e+03,1.147422900000000023e+00
1.178499999999999943e+02,6.520496000000000549e+02,-8.993559000000000196e+02,-8.832576500000000124e+02,2.573811200000000049e-02,9.716641700000000128e+03,1.147422900000000023e+00
1.179000000000000057e+02,8.167400900000000092e+02,-9.012824900000000525e+02,-8.811182499999999891e+02,-1.538308300000000052e-02,9.716641700000000128e+03,1.147422900000000023e+00
1.179500000000000028e+02,7.851482899999999745e+02,-8.995973199999999679e+02,-8.802130300000000034e+02,6.190348100000000325e-02,9.716641700000000128e+03,1.147422900000000023e+00
1.180000000000000000e+02,7.078117799999999988e+02,-8.978303399999999783e+02,-8.803554000000000315e+02,6.832591000000000359e-02,9.716641700000000128e+03,1.147422900000000023e+00
1.180499999999999972e+02,7.222997000000000298e+02,-8.985604200000000219e+02,-8.807277900000000272e+02,9.444136000000000197e-02,9.716641700000000128e+03,1.147422900000000023e+00
1.180999999999999943e+02,7.381968299999999772e+02,-8.996722399999999880e+02,-8.814471300000000156e+02,1.178834500000000007e-01,9.716641700000000128e+03,1.147422900000000023e+00
1.181500000000000057e+02,7.323480700000000070e+02,-9.006207100000000310e+02,-8.825399999999999636e+02,2.142742900000000339e-01,9.716641700000000128e+03,1.147422900000000023e+00
1.182000000000000028e+02,6.238143999999999778e+02,-8.989290799999999990e+02,-8.835279199999999946e+02,4.957400800000000100e-03,9.716641700000000128e+03,1.147422900000000023e+00
1.182500000000000000e+02,6.987722400000000107e+02,-9.009977000000000089e+02,-8.837459300000000439e+02,2.308757300000000290e-01,9.716641700000000128e+03,1.147422900000000023e+00
1.182999999999999972e+02,6.498972300000000359e+02,-8.998276299999999992e+02,-8.837825199999999768e+02,-2.756170800000000143e-01,9.716641700000000128e+03,1.147422900000000023e+00
1.183499999999999943e+02,6.572385900000000447e+02,-8.996552699999999732e+02,-8.834289199999999482e+02,-6.805460800000000254e-02,9.716641700000000128e+03,1.147422900000000023e+00
1.184000000000000057e+02,7.064736100000000079e+02,-9.003178400000000465e+02,-8.828759400000000142e+02,1.142879600000000079e-01,9.716641700000000128e+03,1.147422900000000023e+00
1.184500000000000028e+02,6.786098899999999503e+02,-8.993016599999999698e+02,-8.825476700000000392e+02,-4.220034000000000285e-02,9.716641700000000128e+03,1.147422900000000023e+00
1.185000000000000000e+02,7.021712300000000369e+02,-8.994695699999999761e+02,-8.821338899999999512e+02,1.434915500000000232e-01,9.716641700000000128e+03,1.147422900000000023e+00
1.185499999999999972e+02,6.522859899999999698e+02,-8.978202400000000125e+02,-8.817161499999999705e+02,-1.192496900000000193e-01,9.716641700000000128e+03,1.147422900000000023e+00
1.185999999999999943e+02,7.367884800000000496e+02,-8.995852599999999484e+02,-8.813949099999999817e+02,4.115496099999999685e-02,9.716641700000000128e+03,1.147422900000000023e+00
1.186500000000000057e+02,7.207014900000000353e+02,-8.993186200000000099e+02,-8.815254499999999780e+02,-1.256168300000000126e-01,9.716641700000000128e+03,1.147422900000000023e+00
1.187000000000000028e+02,6.634923400000000129e+02,-8.981420900000000529e+02,-8.817613300000000436e+02,1.357067200000000029e-01,9.716641700000000128e+03,1.147422900000000023e+00
1.187500000000000000e+02,7.141040100000000166e+02,-8.994148500000000013e+02,-8.817845600000000559e+02,-1.350547200000000170e-01,9.716641700000000128e+03,1.147422900000000023e+00
1.187999999999999972e+02,6.920766200000000481e+02,-8.989621200000000272e+02,-8.818756499999999505e+02,5.633350300000000005e-02,9.716641700000000128e+03,1.147422900000000023e+00
1.188499999999999943e+02,6.955863000000000511e+02,-8.993610899999999901e+02,-8.821879800000000387e+02,1.714844800000000224e-01,9.716641700000000128e+03,1.147422900000000023e+00
1.189000000000000057e+02,6.860870700000000397e+02,-8.997993000000000166e+02,-8.828607100000000401e+02,2.938424399999999825e-01,9.716641700000000128e+03,1.147422900000000023e+00
1.189500000000000028e+02,6.961404199999999491e+02,-9.010880600000000413e+02,-8.839012699999999541e+02,-2.357385499999999912e-01,9.716641700000000128e+03,1.147422900000000023e+00
1.190000000000000000e+02,6.854375900000000001e+02,-9.019585499999999456e+02,-8.850359899999999698e+02,1.433134000000000075e-01,9.716641700000000128e+03,1.147422900000000023e+00
1.190499999999999972e+02,6.759017900000000054e+02,-9.023404299999999694e+02,-8.856533100000000331e+02,6.492001199999999916e-02,9.716641700000000128e+03,1.147422900000000023e+00
1.190999999999999943e+02,6.368937700000000177e+02,-9.014199099999999589e+02,-8.856958399999999756e+02,1.634462200000000032e-01,9.716641700000000128e+03,1.147422900000000023e+00
1.191500000000000057e+02,6.125752400000000080e+02,-9.001058000000000447e+02,-8.849821299999999837e+02,-1.127777000000000085e-01,9.716641700000000128e+03,1.147422900000000023e+00
1.192000000000000028e+02,6.897103700000000117e+02,-9.008295100000000275e+02,-8.838014699999999948e+02,4.794840900000000294e-01,9.716641700000000128e+03,1.147422900000000023e+00
1.192500000000000000e+02,6.750918199999999842e+02,-9.000960099999999784e+02,-8.834288699999999608e+02,2.311211899999999764e-01,9.716641700000000128e+03,1.147422900000000023e+00
1.192999999999999972e+02,7.392838900000000422e+02,-9.015269200000000183e+02,-8.832749700000000530e+02,2.589223500000000233e-01,9.716641700000000128e+03,1.147422900000000023e+00
1.193499999999999943e+02,7.178463100000000168e+02,-9.009299200000000383e+02,-8.832072299999999814e+02,-2.261977400000000221e-03,9.716641700000000128e+03,1.147422900000000023e+00
1.194000000000000057e+02,7.242012999999999465e+02,-9.010449599999999464e+02,-8.831653800000000274e+02,1.145253300000000085e-01,9.716641700000000128e+03,1.147422900000000023e+00
1.194500000000000028e+02,7.143130300000000261e+02,-9.010503300000000309e+02,-8.834148800000000392e+02,9.595435000000000769e-02,9.716641700000000128e+03,1.147422900000000023e+00
1.195000000000000000e+02,7.218003200000000561e+02,-9.017126899999999523e+02,-8.838923899999999776e+02,-1.251366600000000107e-01,9.716641700000000128e+03,1.147422900000000023e+00
1.195499999999999972e+02,6.147343499999999494e+02,-8.996606900000000451e+02,-8.844836999999999989e+02,-2.810560600000000048e-05,9.716641700000000128e+03,1.147422900000000023e+00
1.195999999999999943e+02,6.211046199999999544e+02,-8.996734900000000152e+02,-8.843392300000000432e+02,-9.656473800000001106e-02,9.716641700000000128e+03,1.147422900000000023e+00
1.196500000000000057e+02,6.990062400000000480e+02,-9.004066299999999501e+02,-8.831490800000000263e+02,-1.429986500000000015e-02,9.716641700000000128e+03,1.147422900000000023e+00
1.197000000000000028e+02,7.308702200000000175e+02,-9.000182300000000168e+02,-8.819740000000000464e+02,4.326734500000000566e-02,9.716641700000000128e+03,1.147422900000000023e+00
1.197500000000000000e+02,7.091201899999999796e+02,-8.988566700000000083e+02,-8.813494200000000092e+02,-7.415811500000000188e-03,9.716641700000000128e+03,1.147422900000000023e+00
1.197999999999999972e+02,7.459704600000000028e+02,-8.994949900000000298e+02,-8.810779499999999871e+02,6.850154999999999439e-02,9.716641700000000128e+03,1.147422900000000023e+00
1.198499999999999943e+02,7.138536100000000033e+02,-8.986492399999999634e+02,-8.810251399999999649e+02,6.191041000000000599e-02,9.716641700000000128e+03,1.147422900000000023e+00
1.199000000000000057e+02,7.464591299999999592e+02,-8.994081499999999778e+02,-8.809790600000000040e+02,-1.429560300000000117e-01,9.716641700000000128e+03,1.147422900000000023e+00
1.199500000000000028e+02,6.987016399999999976e+02,-8.985330300000000534e+02,-8.812830000000000155e+02,1.930363100000000165e-01,9.716641700000000128e+03,1.147422900000000023e+00
1.200000000000000000e+02,7.324085300000000416e+02,-8.999210799999999608e+02,-8.818388800000000174e+02,-1.723392800000000114e-01,9.716641700000000128e+03,1.147422900000000023e+00
1.200499999999999972e+02,7.348080599999999549e+02,-9.007367799999999534e+02,-8.825953299999999899e+02,6.630932000000000492e-02,9.716641700000000128e+03,1.147422900000000023e+00
1.200999999999999943e+02,6.759305299999999761e+02,-9.003959399999999960e+02,-8.837081100000000333e+02,-7.830097600000000824e-02,9.716641700000000128e+03,1.147422900000000023e+00
1.201500000000000057e+02,6.438089700000000448e+02,-9.010439000000000078e+02,-8.851490999999999758e+02,-4.285308699999999804e-02,9.716641700000000128e+03,1.147422900000000023e+00
1.202000000000000028e+02,6.126674400000000560e+02,-9.014504500000000462e+02,-8.863244999999999436e+02,-9.740565700000000660e-02,9.716641700000000128e+03,1.147422900000000023e+00
1.202500000000000000e+02,6.182773700000000190e+02,-9.018590699999999742e+02,-8.865946099999999888e+02,2.057511600000000093e-02,9.716641700000000128e+03,1.147422900000000023e+00
1.202999999999999972e+02,5.899446500000000242e+02,-9.006147499999999582e+02,-8.860497900000000300e+02,1.814897800000000172e-01,9.716641700000000128e+03,1.147422900000000023e+00
1.203499999999999943e+02,6.543399799999999686e+02,-9.009112499999999955e+02,-8.847564499999999725e+02,2.107849400000000317e-02,9.716641700000000128e+03,1.147422900000000023e+00
1.204000000000000057e+02,6.176264899999999898e+02,-8.993124699999999621e+02,-8.840640899999999647e+02,-1.661150600000000088e-01,9.716641700000000128e+03,1.147422900000000023e+00
1.204500000000000028e+02,7.167499699999999621e+02,-9.010253900000000158e+02,-8.833297700000000532e+02,2.003113800000000111e-01,9.716641700000000128e+03,1.147422900000000023e+00
1.205000000000000000e+02,7.285820800000000190e+02,-9.007001800000000458e+02,-8.827124400000000151e+02,-6.049390600000000180e-03,9.716641700000000128e+03,1.147422900000000023e+00
1.205499999999999972e+02,6.659316599999999653e+02,-8.988470899999999801e+02,-8.824061100000000124e+02,1.223129000000000022e-01,9.716641700000000128e+03,1.147422900000000023e+00
1.205999999999999943e+02,6.367274599999999509e+02,-8.976909600000000182e+02,-8.819710000000000036e+02,-8.558841500000000102e-02,9.716641700000000128e+03,1.147422900000000023e+00
1.206500000000000057e+02,7.363012899999999945e+02,-8.991702099999999973e+02,-8.809918900000000122e+02,-3.925019000000000945e-03,9.716641700000000128e+03,1.147422900000000023e+00
1.207000000000000028e+02,7.252264999999999873e+02,-8.980554399999999760e+02,-8.801505499999999529e+02,-1.335891399999999951e-01,9.716641700000000128e+03,1.147422900000000023e+00
1.207500000000000000e+02,7.407614600000000564e+02,-8.978034400000000232e+02,-8.795150099999999611e+02,-1.660012200000000049e-01,9.716641700000000128e+03,1.147422900000000023e+00
1.207999999999999972e+02,7.623078799999999546e+02,-8.981232800000000225e+02,-8.793028900000000476e+02,1.333822500000000078e-01,9.716641700000000128e+03,1.147422900000000023e+00
1.208499999999999943e+02,7.349391699999999901e+02,-8.981364300000000185e+02,-8.799917400000000498e+02,6.483101100000000783e-02,9.716641700000000128e+03,1.147422900000000023e+00
1.209000000000000057e+02,7.367663800000000265e+02,-8.993119400000000496e+02,-8.811221399999999448e+02,-1.321144000000000207e-01,9.716641700000000128e+03,1.147422900000000023e+00
1.209500000000000028e+02,6.800857999999999493e+02,-8.987364099999999780e+02,-8.819459900000000516e+02,-7.203705600000000209e-02,9.716641700000000128e+03,1.147422900000000023e+00
1.210000000000000000e+02,6.883440600000000131e+02,-8.992598500000000286e+02,-8.822655399999999872e+02,1.964315199999999983e-01,9.716641700000000128e+03,1.147422900000000023e+00
1.210499999999999972e+02,6.767509999999999764e+02,-8.990136300000000347e+02,-8.823055399999999509e+02,1.478404600000000069e-01,9.716641700000000128e+03,1.147422900000000023e+00
1.210999999999999943e+02,6.932381000000000313e+02,-8.991778199999999970e+02,-8.820626800000000003e+02,-1.807379600000000031e-01,9.716641700000000128e+03,1.147422900000000023e+00
1.211500000000000057e+02,7.442003799999999956e+02,-9.000929300000000239e+02,-8.817195900000000393e+02,4.283084100000000144e-02,9.716641700000000128e+03,1.147422900000000023e+00
1.212000000000000028e+02,6.648581199999999853e+02,-8.980051099999999451e+02,-8.815906300000000329e+02,-5.009326500000000314e-03,9.716641700000000128e+03,1.147422900000000023e+00
1.212500000000000000e+02,6.906091499999999996e+02,-8.984860400000000027e+02,-8.814358099999999467e+02,4.195732600000000589e-01,9.716641700000000128e+03,1.147422900000000023e+00
1.212999999999999972e+02,6.584774599999999509e+02,-8.976735999999999649e+02,-8.814166599999999789e+02,-3.159151099999999990e-01,9.716641700000000128e+03,1.147422900000000023e+00
1.213499999999999943e+02,7.016841899999999441e+02,-8.985818000000000438e+02,-8.812581400000000258e+02,3.554992800000000147e-02,9.716641700000000128e+03,1.147422900000000023e+00
1.214000000000000057e+02,6.753601099999999633e+02,-8.978973999999999478e+02,-8.812236500000000206e+02,-3.140214000000000061e-01,9.716641700000000128e+03,1.147422900000000023e+00
1.214500000000000028e+02,7.307337899999999991e+02,-8.990479100000000017e+02,-8.810070500000000493e+02,1.496695400000000176e-01,9.716641700000000128e+03,1.147422900000000023e+00
1.215000000000000000e+02,7.215970099999999547e+02,-8.986827899999999545e+02,-8.808675100000000384e+02,-1.272607500000000058e-01,9.716641700000000128e+03,1.147422900000000023e+00
1.215499999999999972e+02,7.030452400000000353e+02,-8.983419300000000476e+02,-8.809846700000000510e+02,-1.000962300000000083e-01,9.716641700000000128e+03,1.147422900000000023e+00
1.215999999999999943e+02,7.019937300000000278e+02,-8.986877899999999499e+02,-8.813564900000000080e+02,2.486805500000000002e-01,9.716641700000000128e+03,1.147422900000000023e+00
1.216500000000000057e+02,6.060654100000000426e+02,-8.971895299999999907e+02,-8.822265700000000379e+02,-1.643199399999999977e-01,9.716641700000000128e+03,1.147422900000000023e+00
1.217000000000000028e+02,6.473015100000000075e+02,-8.988272799999999734e+02,-8.828462500000000546e+02,1.572637000000000063e-01,9.716641700000000128e+03,1.147422900000000023e+00
1.217500000000000000e+02,6.984625200000000405e+02,-9.003680299999999761e+02,-8.831239100000000235e+02,-1.135384900000000058e-01,9.716641700000000128e+03,1.147422900000000023e+00
1.217999999999999972e+02,7.224920299999999997e+02,-9.011950000000000500e+02,-8.833576199999999972e+02,2.268513300000000177e-01,9.716641700000000128e+03,1.147422900000000023e+00
1.218499999999999943e+02,6.838794799999999441e+02,-9.006179600000000391e+02,-8.837338700000000244e+02,-2.862602800000000475e-02,9.716641700000000128e+03,1.147422900000000023e+00
1.219000000000000057e+02,5.996744499999999789e+02,-8.986842599999999948e+02,-8.838790900000000192e+02,-4.136678700000000208e-02,9.716641700000000128e+03,1.147422900000000023e+00
1.219500000000000028e+02,6.689557800000000043e+02,-8.995466199999999617e+02,-8.830309799999999996e+02,3.747225900000000776e-02,9.716641700000000128e+03,1.147422900000000023e+00
1.220000000000000000e+02,6.684177600000000439e+02,-8.981158500000000231e+02,-8.816134899999999561e+02,2.030399499999999968e-01,9.716641700000000128e+03,1.147422900000000023e+00
1.220499999999999972e+02,7.202090399999999590e+02,-8.985152199999999993e+02,-8.807341999999999871e+02,-2.052921200000000154e-02,9.716641700000000128e+03,1.147422900000000023e+00
1.220999999999999943e+02,7.123530100000000402e+02,-8.980940399999999499e+02,-8.805069700000000239e+02,1.548660000000000141e-02,9.716641700000000128e+03,1.147422900000000023e+00
1.221500000000000057e+02,7.108746399999999994e+02,-8.983817099999999982e+02,-8.808311400000000049e+02,-9.121267800000000536e-02,9.716641700000000128e+03,1.147422900000000023e+00
1.222000000000000028e+02,7.077947900000000345e+02,-8.988293700000000399e+02,-8.813548500000000558e+02,2.266902000000000084e-01,9.716641700000000128e+03,1.147422900000000023e+00
1.222500000000000000e+02,6.305664299999999685e+02,-8.975382700000000114e+02,-8.819704199999999901e+02,8.850251100000000593e-02,9.716641700000000128e+03,1.147422900000000023e+00
1.222999999999999972e+02,6.726950399999999490e+02,-8.988314199999999801e+02,-8.822234700000000203e+02,-1.134959999999999962e-02,9.716641700000000128e+03,1.147422900000000023e+00
1.223499999999999943e+02,6.912954099999999471e+02,-8.994100700000000188e+02,-8.823428999999999860e+02,-2.348238200000000303e-02,9.716641700000000128e+03,1.147422900000000023e+00
1.224000000000000057e+02,6.836765500000000202e+02,-8.992831400000000031e+02,-8.824040599999999586e+02,4.148322200000000015e-02,9.716641700000000128e+03,1.147422900000000023e+00
1.224500000000000028e+02,6.500061699999999973e+02,-8.980286399999999958e+02,-8.819808399999999438e+02,-2.402729400000000182e-01,9.716641700000000128e+03,1.147422900000000023e+00
1.225000000000000000e+02,7.107409099999999853e+02,-8.984696400000000267e+02,-8.809223700000000008e+02,1.772697400000000090e-01,9.716641700000000128e+03,1.147422900000000023e+00
1.225499999999999972e+02,7.566054100000000062e+02,-8.985867100000000391e+02,-8.799071199999999635e+02,9.626345900000000955e-02,9.716641700000000128e+03,1.147422900000000023e+00
1.225999999999999943e+02,7.627698299999999563e+02,-8.982213000000000420e+02,-8.793895199999999477e+02,-1.678372300000000039e-02,9.716641700000000128e+03,1.147422900000000023e+00
1.226500000000000057e+02,7.778117099999999482e+02,-8.987883399999999483e+02,-8.795851900000000114e+02,7.988438900000000009e-02,9.716641700000000128e+03,1.147422900000000023e+00
1.227000000000000028e+02,7.823209299999999757e+02,-8.998245399999999563e+02,-8.805100700000000415e+02,-6.461490899999999815e-02,9.716641700000000128e+03,1.147422900000000023e+00
1.227500000000000000e+02,6.964948500000000422e+02,-8.991407299999999623e+02,-8.819451800000000503e+02,3.364636900000000375e-01,9.716641700000000128e+03,1.147422900000000023e+00
1.227999999999999972e+02,6.697673700000000281e+02,-8.992480199999999968e+02,-8.827123500000000149e+02,-2.611100199999999982e-01,9.716641700000000128e+03,1.147422900000000023e+00
1.228499999999999943e+02,6.830823699999999690e+02,-8.998015900000000329e+02,-8.829371800000000121e+02,1.313525900000000191e-01,9.716641700000000128e+03,1.147422900000000023e+00
1.229000000000000057e+02,6.881181599999999889e+02,-8.999717699999999923e+02,-8.829830299999999852e+02,3.937970100000000306e-02,9.716641700000000128e+03,1.147422900000000023e+00
1.229500000000000028e+02,6.656954299999999876e+02,-8.991738000000000284e+02,-8.827386500000000069e+02,-3.876426900000000397e-02,9.716641700000000128e+03,1.147422900000000023e+00
1.230000000000000000e+02,6.553453899999999521e+02,-8.981396300000000110e+02,-8.819600199999999859e+02,9.708684300000000600e-02,9.716641700000000128e+03,1.147422900000000023e+00
1.230499999999999972e+02,6.857316899999999578e+02,-8.977072500000000446e+02,-8.807774299999999812e+02,-9.195461500000000343e-02,9.716641700000000128e+03,1.147422900000000023e+00
1.230999999999999943e+02,7.134423600000000079e+02,-8.975805000000000291e+02,-8.799665400000000091e+02,-7.363764300000000262e-02,9.716641700000000128e+03,1.147422900000000023e+00
1.231500000000000057e+02,7.388416300000000092e+02,-8.979720300000000179e+02,-8.797309999999999945e+02,6.449750800000000894e-02,9.716641700000000128e+03,1.147422900000000023e+00
1.232000000000000028e+02,6.872838500000000295e+02,-8.967944499999999834e+02,-8.798263200000000097e+02,-3.539570800000000350e-01,9.716641700000000128e+03,1.147422900000000023e+00
1.232500000000000000e+02,6.693742200000000366e+02,-8.964465199999999641e+02,-8.799205399999999599e+02,-8.159212000000000409e-02,9.716641700000000128e+03,1.147422900000000023e+00
1.232999999999999972e+02,6.572048800000000028e+02,-8.960602000000000089e+02,-8.798346699999999601e+02,-2.023165799999999959e-01,9.716641700000000128e+03,1.147422900000000023e+00
1.233499999999999943e+02,7.520217300000000478e+02,-8.979114399999999705e+02,-8.793450100000000020e+02,-2.395938900000000107e-02,9.716641700000000128e+03,1.147422900000000023e+00
1.234000000000000057e+02,7.693884600000000091e+02,-8.980605199999999968e+02,-8.790653300000000172e+02,-7.408956199999999770e-02,9.716641700000000128e+03,1.147422900000000023e+00
1.234500000000000028e+02,7.221068400000000338e+02,-8.970231199999999490e+02,-8.791952499999999873e+02,1.498000300000000007e-01,9.716641700000000128e+03,1.147422900000000023e+00
1.235000000000000000e+02,7.006993300000000318e+02,-8.974277700000000095e+02,-8.801284200000000055e+02,-2.349267400000000158e-02,9.716641700000000128e+03,1.147422900000000023e+00
1.235499999999999972e+02,6.666601899999999432e+02,-8.981853499999999713e+02,-8.817263799999999492e+02,4.927321099999999732e-02,9.716641700000000128e+03,1.147422900000000023e+00
1.235999999999999943e+02,6.214292299999999614e+02,-8.979042699999999968e+02,-8.825620000000000118e+02,2.582102300000000197e-02,9.716641700000000128e+03,1.147422900000000023e+00
1.236500000000000057e+02,6.531978699999999662e+02,-8.987511700000000019e+02,-8.826245699999999488e+02,6.455167500000000280e-02,9.716641700000000128e+03,1.147422900000000023e+00
1.237000000000000028e+02,6.355238900000000513e+02,-8.978824600000000373e+02,-8.821922100000000455e+02,-3.394119800000000575e-02,9.716641700000000128e+03,1.147422900000000023e+00
1.237500000000000000e+02,6.840236800000000130e+02,-8.980781399999999621e+02,-8.811904899999999543e+02,1.810325399999999918e-01,9.716641700000000128e+03,1.147422900000000023e+00
1.237999999999999972e+02,7.472176899999999478e+02,-8.988529999999999518e+02,-8.804051699999999983e+02,-5.560158300000000997e-02,9.716641700000000128e+03,1.147422900000000023e+00
1.238499999999999943e+02,7.265430999999999813e+02,-8.982127100000000155e+02,-8.802753099999999904e+02,5.847412100000000390e-02,9.716641700000000128e+03,1.147422900000000023e+00
1.239000000000000057e+02,6.851438000000000557e+02,-8.972005299999999579e+02,-8.802852299999999559e+02,2.881571900000000075e-01,9.716641700000000128e+03,1.147422900000000023e+00
1.239500000000000028e+02,7.383743399999999610e+02,-8.984586799999999585e+02,-8.802291800000000421e+02,-3.035302399999999928e-02,9.716641700000000128e+03,1.147422900000000023e+00
1.240000000000000000e+02,7.235063900000000103e+02,-8.983415899999999965e+02,-8.804791599999999789e+02,1.329702500000000120e-01,9.716641700000000128e+03,1.147422900000000023e+00
1.240499999999999972e+02,6.420958699999999908e+02,-8.968477699999999686e+02,-8.809952600000000302e+02,-1.573566299999999973e-01,9.716641700000000128e+03,1.147422900000000023e+00
1.240999999999999943e+02,6.812076499999999442e+02,-8.982128099999999904e+02,-8.813946899999999687e+02,1.243799600000000116e-01,9.716641700000000128e+03,1.147422900000000023e+00
1.241500000000000057e+02,6.835095099999999775e+02,-8.984707100000000537e+02,-8.815957600000000411e+02,-1.534407799999999884e-02,9.716641700000000128e+03,1.147422900000000023e+00
1.242000000000000028e+02,7.186592100000000300e+02,-8.993468599999999924e+02,-8.816041099999999915e+02,9.666855300000000428e-02,9.716641700000000128e+03,1.147422900000000023e+00
1.242500000000000000e+02,6.705467099999999618e+02,-8.981860799999999472e+02,-8.816311699999999973e+02,7.610217600000000748e-02,9.716641700000000128e+03,1.147422900000000023e+00
1.242999999999999972e+02,6.711418499999999767e+02,-8.980859100000000126e+02,-8.815162900000000263e+02,2.246007200000000037e-01,9.716641700000000128e+03,1.147422900000000023e+00
1.243499999999999943e+02,6.846032900000000154e+02,-8.979285700000000361e+02,-8.810266100000000051e+02,2.383355500000000279e-02,9.716641700000000128e+03,1.147422900000000023e+00
1.244000000000000057e+02,7.229021199999999681e+02,-8.980415000000000418e+02,-8.801939899999999852e+02,-2.527589800000000150e-02,9.716641700000000128e+03,1.147422900000000023e+00
1.244500000000000028e+02,7.360544800000000123e+02,-8.973880599999999959e+02,-8.792158399999999574e+02,2.265262499999999846e-01,9.716641700000000128e+03,1.147422900000000023e+00
1.245000000000000000e+02,7.254126899999999978e+02,-8.967624200000000201e+02,-8.788529300000000148e+02,-2.526695800000000255e-02,9.716641700000000128e+03,1.147422900000000023e+00
1.245499999999999972e+02,7.243872400000000198e+02,-8.970454099999999471e+02,-8.791612400000000207e+02,-6.930462700000000753e-02,9.716641700000000128e+03,1.147422900000000023e+00
1.245999999999999943e+02,7.099310799999999517e+02,-8.974152199999999766e+02,-8.798879500000000462e+02,2.831178400000000303e-02,9.716641700000000128e+03,1.147422900000000023e+00
1.246500000000000057e+02,6.648814899999999852e+02,-8.971824699999999666e+02,-8.807674100000000408e+02,-8.910486600000000479e-02,9.716641700000000128e+03,1.147422900000000023e+00
1.247000000000000028e+02,6.719017800000000307e+02,-8.979752799999999979e+02,-8.813869099999999435e+02,-4.533927600000000058e-01,9.716641700000000128e+03,1.147422900000000023e+00
1.247500000000000000e+02,7.138078199999999924e+02,-8.994156500000000278e+02,-8.817926800000000185e+02,-1.619203400000000098e-02,9.716641700000000128e+03,1.147422900000000023e+00
1.247999999999999972e+02,6.598205400000000509e+02,-8.987849700000000439e+02,-8.824948699999999917e+02,-3.777967200000000303e-01,9.716641700000000128e+03,1.147422900000000023e+00
1.248499999999999943e+02,6.711313099999999849e+02,-8.995847899999999981e+02,-8.830154400000000123e+02,9.546880100000000591e-02,9.716641700000000128e+03,1.147422900000000023e+00
1.249000000000000057e+02,6.798417799999999716e+02,-8.999138299999999617e+02,-8.831294299999999566e+02,-4.695901799999999821e-02,9.716641700000000128e+03,1.147422900000000023e+00
1.249500000000000028e+02,6.305968900000000303e+02,-8.983004399999999805e+02,-8.827318299999999454e+02,-1.940405700000000233e-01,9.716641700000000128e+03,1.147422900000000023e+00
1.250000000000000000e+02,7.025795600000000150e+02,-8.989036999999999580e+02,-8.815579300000000558e+02,3.139631500000000103e-02,9.716641700000000128e+03,1.147422900000000023e+00
1.250499999999999972e+02,6.803785199999999804e+02,-8.973919200000000274e+02,-8.805942700000000514e+02,-2.209057099999999982e-02,9.716641700000000128e+03,1.147422900000000023e+00
1.250999999999999943e+02,6.523014200000000073e+02,-8.959708100000000286e+02,-8.798663400000000365e+02,4.609166900000000178e-02,9.716641700000000128e+03,1.147422900000000023e+00
1.251500000000000057e+02,7.017480600000000095e+02,-8.964151200000000017e+02,-8.790898799999999937e+02,3.221192900000000026e-02,9.716641700000000128e+03,1.147422900000000023e+00
1.252000000000000028e+02,7.803663599999999860e+02,-8.981534500000000207e+02,-8.788872300000000450e+02,1.476609700000000025e-01,9.716641700000000128e+03,1.147422900000000023e+00
1.252500000000000000e+02,7.095537299999999732e+02,-8.970544099999999617e+02,-8.795364600000000337e+02,-7.005218200000000450e-02,9.716641700000000128e+03,1.147422900000000023e+00
1.252999999999999972e+02,7.320013800000000401e+02,-8.983335499999999456e+02,-8.802613999999999805e+02,1.693907600000000013e-01,9.716641700000000128e+03,1.147422900000000023e+00
1.253499999999999943e+02,6.392690199999999550e+02,-8.965959000000000287e+02,-8.808131899999999632e+02,-1.319857500000000128e-01,9.716641700000000128e+03,1.147422900000000023e+00
1.254000000000000057e+02,7.445560400000000527e+02,-8.992668499999999767e+02,-8.808847399999999652e+02,-1.751398100000000069e-01,9.716641700000000128e+03,1.147422900000000023e+00
1.254500000000000028e+02,7.405248299999999517e+02,-8.994076000000000022e+02,-8.811250199999999495e+02,1.189291799999999955e-01,9.716641700000000128e+03,1.147422900000000023e+00
1.255000000000000000e+02,7.049799699999999802e+02,-8.989163800000000037e+02,-8.815113499999999931e+02,5.783931199999999689e-02,9.716641700000000128e+03,1.147422900000000023e+00
1.255499999999999972e+02,6.961201600000000553e+02,-8.990936500000000251e+02,-8.819073499999999513e+02,8.493219500000000199e-02,9.716641700000000128e+03,1.147422900000000023e+00
1.255999999999999943e+02,6.775875499999999647e+02,-8.988400199999999813e+02,-8.821112699999999904e+02,-6.738250100000001130e-02,9.716641700000000128e+03,1.147422900000000023e+00
1.256500000000000057e+02,6.384279999999999973e+02,-8.977656200000000126e+02,-8.820036700000000565e+02,-1.508304000000000034e-01,9.716641700000000128e+03,1.147422900000000023e+00
1.257000000000000028e+02,6.937419599999999491e+02,-8.984848600000000260e+02,-8.813572799999999461e+02,1.103771000000000058e-01,9.716641700000000128e+03,1.147422900000000023e+00
1.257500000000000000e+02,7.183570300000000088e+02,-8.975255300000000034e+02,-8.797902299999999514e+02,1.359548700000000054e-01,9.716641700000000128e+03,1.147422900000000023e+00
1.257999999999999972e+02,7.484793799999999919e+02,-8.965768100000000231e+02,-8.780978400000000192e+02,9.691811600000000901e-03,9.716641700000000128e+03,1.147422900000000023e+00
1.258499999999999943e+02,7.732882499999999482e+02,-8.966526300000000447e+02,-8.775611599999999726e+02,1.571690500000000046e-01,9.716641700000000128e+03,1.147422900000000023e+00
1.259000000000000057e+02,7.085041800000000194e+02,-8.951311399999999594e+02,-8.776390999999999849e+02,-8.604662400000000211e-02,9.716641700000000128e+03,1.147422900000000023e+00
1.259500000000000028e+02,7.465041700000000446e+02,-8.963259699999999839e+02,-8.778957599999999957e+02,1.352079400000000264e-01,9.716641700000000128e+03,1.147422900000000023e+00
1.260000000000000000e+02,7.261868699999999990e+02,-8.968147300000000541e+02,-8.788861299999999801e+02,-1.842221300000000117e-01,9.716641700000000128e+03,1.147422900000000023e+00
1.260499999999999972e+02,7.186552799999999479e+02,-8.975993899999999712e+02,-8.798567299999999705e+02,-1.058059299999999925e-01,9.716641700000000128e+03,1.147422900000000023e+00
1.260999999999999943e+02,7.075753799999999956e+02,-8.980749899999999570e+02,-8.806058799999999565e+02,-1.551302100000000184e-01,9.716641700000000128e+03,1.147422900000000023e+00
1.261500000000000057e+02,6.399480099999999538e+02,-8.968671399999999494e+02,-8.810676600000000462e+02,1.269316100000000003e-01,9.716641700000000128e+03,1.147422900000000023e+00
1.262000000000000028e+02,6.999075500000000147e+02,-8.984665899999999965e+02,-8.811867899999999736e+02,3.403947200000000395e-01,9.716641700000000128e+03,1.147422900000000023e+00
1.262500000000000000e+02,7.064409900000000562e+02,-8.987233499999999822e+02,-8.812822499999999764e+02,-8.279783799999999860e-02,9.716641700000000128e+03,1.147422900000000023e+00
1.262999999999999972e+02,6.951839800000000196e+02,-8.985269200000000183e+02,-8.813637400000000071e+02,8.706180300000000705e-02,9.716641700000000128e+03,1.147422900000000023e+00
1.263499999999999943e+02,6.893952199999999948e+02,-8.983964700000000221e+02,-8.813762100000000146e+02,-1.945163899999999974e-02,9.716641700000000128e+03,1.147422900000000023e+00
1.264000000000000057e+02,6.829068300000000136e+02,-8.978777700000000550e+02,-8.810176999999999907e+02,-8.598394600000000554e-02,9.716641700000000128e+03,1.147422900000000023e+00
1.264500000000000028e+02,7.289650100000000066e+02,-8.977334499999999480e+02,-8.797362600000000157e+02,2.893110799999999982e-01,9.716641700000000128e+03,1.147422900000000023e+00
1.265000000000000000e+02,7.531729100000000017e+02,-8.969067999999999756e+02,-8.783119500000000244e+02,-5.401468899999999768e-02,9.716641700000000128e+03,1.147422900000000023e+00
1.265499999999999972e+02,7.214048400000000356e+02,-8.954495600000000195e+02,-8.776390199999999595e+02,2.947558500000000414e-01,9.716641700000000128e+03,1.147422900000000023e+00
1.265999999999999943e+02,7.524671100000000479e+02,-8.964033899999999448e+02,-8.778259699999999839e+02,-1.055837900000000107e-01,9.716641700000000128e+03,1.147422900000000023e+00
1.266500000000000057e+02,7.144482900000000427e+02,-8.965407699999999522e+02,-8.789019799999999805e+02,5.718960700000000341e-02,9.716641700000000128e+03,1.147422900000000023e+00
1.267000000000000028e+02,7.504411199999999553e+02,-8.986754300000000057e+02,-8.801480299999999488e+02,-3.066991699999999793e-02,9.716641700000000128e+03,1.147422900000000023e+00
1.267500000000000000e+02,6.858509599999999864e+02,-8.977593200000000024e+02,-8.808265599999999722e+02,-2.728554599999999941e-01,9.716641700000000128e+03,1.147422900000000023e+00
1.267999999999999972e+02,6.856065999999999576e+02,-8.978007000000000062e+02,-8.808739699999999857e+02,-7.934372900000000173e-03,9.716641700000000128e+03,1.147422900000000023e+00
1.268499999999999943e+02,6.848115099999999984e+02,-8.975853100000000495e+02,-8.806782200000000103e+02,1.645759900000000053e-01,9.716641700000000128e+03,1.147422900000000023e+00
1.269000000000000057e+02,7.254741699999999582e+02,-8.982709300000000212e+02,-8.803599299999999630e+02,-6.243510199999999927e-02,9.716641700000000128e+03,1.147422900000000023e+00
1.269500000000000028e+02,7.134667200000000093e+02,-8.979386500000000524e+02,-8.803241000000000440e+02,1.871166700000000127e-01,9.716641700000000128e+03,1.147422900000000023e+00
1.270000000000000000e+02,7.072673499999999649e+02,-8.980914900000000216e+02,-8.806299800000000459e+02,7.143360099999999935e-02,9.716641700000000128e+03,1.147422900000000023e+00
1.270499999999999972e+02,6.905713899999999512e+02,-8.980432700000000068e+02,-8.809939600000000155e+02,-6.871294000000000013e-02,9.716641700000000128e+03,1.147422900000000023e+00
1.270999999999999943e+02,6.649438800000000356e+02,-8.980831100000000333e+02,-8.816665199999999913e+02,3.149732700000000274e-01,9.716641700000000128e+03,1.147422900000000023e+00
1.271500000000000057e+02,6.910336899999999787e+02,-8.996874599999999873e+02,-8.826267400000000407e+02,-9.332094900000000026e-02,9.716641700000000128e+03,1.147422900000000023e+00
1.272000000000000028e+02,6.842655899999999747e+02,-9.006073999999999842e+02,-8.837137800000000425e+02,8.273524100000000103e-02,9.716641700000000128e+03,1.147422900000000023e+00
1.272500000000000000e+02,6.108622199999999793e+02,-8.993484300000000076e+02,-8.842670500000000402e+02,-1.295590699999999984e-01,9.716641700000000128e+03,1.147422900000000023e+00
1.272999999999999972e+02,6.384451999999999998e+02,-8.996640400000000000e+02,-8.839016699999999673e+02,-4.289073000000000017e-03,9.716641700000000128e+03,1.147422900000000023e+00
1.273499999999999943e+02,7.358355299999999488e+02,-9.011169099999999617e+02,-8.829501000000000204e+02,4.343335700000000577e-02,9.716641700000000128e+03,1.147422900000000023e+00
1.274000000000000057e+02,6.651401100000000497e+02,-8.986776800000000094e+02,-8.822562400000000480e+02,2.508187500000000347e-01,9.716641700000000128e+03,1.147422900000000023e+00
1.274500000000000028e+02,7.461309499999999844e+02,-9.002199000000000524e+02,-8.817989099999999780e+02,-5.697576600000000407e-02,9.716641700000000128e+03,1.147422900000000023e+00
1.275000000000000000e+02,7.401737299999999777e+02,-9.001115700000000288e+02,-8.818376500000000533e+02,1.315691600000000183e-01,9.716641700000000128e+03,1.147422900000000023e+00
1.275499999999999972e+02,7.266448199999999815e+02,-8.999594299999999976e+02,-8.820195300000000316e+02,-5.377631400000000561e-02,9.716641700000000128e+03,1.147422900000000023e+00
1.275999999999999943e+02,7.144294800000000123e+02,-8.997738100000000259e+02,-8.821354900000000043e+02,1.411506299999999974e-03,9.716641700000000128e+03,1.147422900000000023e+00
1.276500000000000057e+02,7.131621400000000222e+02,-8.997377500000000055e+02,-8.821307100000000219e+02,9.599635700000000438e-02,9.716641700000000128e+03,1.147422900000000023e+00
1.277000000000000028e+02,6.430658899999999676e+02,-8.978988200000000006e+02,-8.820223600000000488e+02,2.684479100000000118e-01,9.716641700000000128e+03,1.147422900000000023e+00
1.277500000000000000e+02,6.432659700000000385e+02,-8.971826499999999669e+02,-8.813012599999999566e+02,-5.893806899999999571e-02,9.716641700000000128e+03,1.147422900000000023e+00
1.277999999999999972e+02,7.301213400000000320e+02,-8.976856500000000096e+02,-8.796599099999999680e+02,2.105918099999999904e-01,9.716641700000000128e+03,1.147422900000000023e+00
1.278499999999999943e+02,7.386650399999999763e+02,-8.969712399999999661e+02,-8.787345699999999624e+02,-1.360749600000000226e-01,9.716641700000000128e+03,1.147422900000000023e+00
1.279000000000000057e+02,7.303370899999999892e+02,-8.967309999999999945e+02,-8.786999399999999696e+02,-1.835022099999999989e-02,9.716641700000000128e+03,1.147422900000000023e+00
1.279500000000000028e+02,8.013389399999999796e+02,-8.991365899999999556e+02,-8.793525899999999638e+02,-4.538696000000000397e-02,9.716641700000000128e+03,1.147422900000000023e+00
1.280000000000000000e+02,6.983322699999999941e+02,-8.978058600000000524e+02,-8.805649499999999534e+02,1.493618200000000062e-01,9.716641700000000128e+03,1.147422900000000023e+00
1.280500000000000114e+02,7.513404399999999441e+02,-8.998065199999999777e+02,-8.812569099999999480e+02,-2.262423400000000348e-02,9.716641700000000128e+03,1.147422900000000023e+00
1.280999999999999943e+02,6.803672000000000253e+02,-8.987794800000000350e+02,-8.819821100000000342e+02,-4.073884500000000269e-02,9.716641700000000128e+03,1.147422900000000023e+00
1.281500000000000057e+02,6.848821500000000242e+02,-8.993319800000000441e+02,-8.824231399999999894e+02,-1.123177400000000131e-01,9.716641700000000128e+03,1.147422900000000023e+00
1.281999999999999886e+02,6.854736100000000079e+02,-8.995495499999999538e+02,-8.826261100000000397e+02,-7.688714500000000396e-02,9.716641700000000128e+03,1.147422900000000023e+00
1.282500000000000000e+02,6.778870200000000068e+02,-8.993248599999999442e+02,-8.825887199999999666e+02,6.242673900000000192e-02,9.716641700000000128e+03,1.147422900000000023e+00
1.283000000000000114e+02,7.056496300000000019e+02,-8.996117500000000291e+02,-8.821901900000000296e+02,2.063896100000000081e-02,9.716641700000000128e+03,1.147422900000000023e+00
1.283499999999999943e+02,7.120643900000000031e+02,-8.989293300000000499e+02,-8.813493999999999460e+02,3.247208400000000522e-02,9.716641700000000128e+03,1.147422900000000023e+00
1.284000000000000057e+02,7.532085600000000341e+02,-8.985952999999999520e+02,-8.799995699999999488e+02,1.081561900000000071e-03,9.716641700000000128e+03,1.147422900000000023e+00
1.284499999999999886e+02,7.677903900000000021e+02,-8.977435199999999895e+02,-8.787877799999999979e+02,1.939242100000000135e-01,9.716641700000000128e+03,1.147422900000000023e+00
1.285000000000000000e+02,7.021210399999999936e+02,-8.958451000000000022e+02,-8.785106500000000551e+02,-2.817929900000000210e-01,9.716641700000000128e+03,1.147422900000000023e+00
1.285500000000000114e+02,6.957975699999999506e+02,-8.957529299999999921e+02,-8.785746100000000069e+02,6.956759100000001195e-02,9.716641700000000128e+03,1.147422900000000023e+00
1.285999999999999943e+02,7.188347999999999729e+02,-8.966879000000000133e+02,-8.789408100000000559e+02,3.375608199999999975e-02,9.716641700000000128e+03,1.147422900000000023e+00
1.286500000000000057e+02,6.933848900000000413e+02,-8.970768399999999474e+02,-8.799580700000000206e+02,1.530607300000000059e-01,9.716641700000000128e+03,1.147422900000000023e+00
1.286999999999999886e+02,6.530037600000000566e+02,-8.977712000000000216e+02,-8.816494000000000142e+02,-8.090775800000001017e-02,9.716641700000000128e+03,1.147422900000000023e+00
1.287500000000000000e+02,6.866201399999999921e+02,-8.994340799999999945e+02,-8.824823300000000472e+02,5.879960300000000584e-02,9.716641700000000128e+03,1.147422900000000023e+00
1.288000000000000114e+02,6.311089799999999741e+02,-8.981383399999999710e+02,-8.825570900000000165e+02,-1.134651300000000113e-01,9.716641700000000128e+03,1.147422900000000023e+00
1.288499999999999943e+02,6.682873299999999972e+02,-8.986095299999999497e+02,-8.821103900000000522e+02,9.264781700000000383e-03,9.716641700000000128e+03,1.147422900000000023e+00
1.289000000000000057e+02,6.358410099999999829e+02,-8.973525399999999763e+02,-8.816544599999999718e+02,4.822219800000000084e-02,9.716641700000000128e+03,1.147422900000000023e+00
1.289499999999999886e+02,7.148501899999999978e+02,-8.987024599999999737e+02,-8.810537500000000364e+02,-2.126589900000000130e-02,9.716641700000000128e+03,1.147422900000000023e+00
1.290000000000000000e+02,6.934990400000000363e+02,-8.978007300000000441e+02,-8.806791500000000497e+02,-1.137375199999999947e-01,9.716641700000000128e+03,1.147422900000000023e+00
1.290500000000000114e+02,7.528532699999999522e+02,-8.991987299999999550e+02,-8.806117699999999786e+02,3.196816999999999714e-02,9.716641700000000128e+03,1.147422900000000023e+00
1.290999999999999943e+02,6.725089199999999892e+02,-8.980054699999999457e+02,-8.814021099999999933e+02,2.112882400000000160e-01,9.716641700000000128e+03,1.147422900000000023e+00
1.291500000000000057e+02,6.360612800000000107e+02,-8.988399500000000444e+02,-8.831364300000000185e+02,-8.740960300000000238e-02,9.716641700000000128e+03,1.147422900000000023e+00
1.291999999999999886e+02,6.650287899999999581e+02,-9.006882900000000518e+02,-8.842696099999999433e+02,-7.322684200000000032e-02,9.716641700000000128e+03,1.147422900000000023e+00
1.292500000000000000e+02,6.344294599999999491e+02,-9.001767099999999573e+02,-8.845134799999999586e+02,1.046217300000000100e-01,9.716641700000000128e+03,1.147422900000000023e+00
1.293000000000000114e+02,6.253642200000000457e+02,-8.995020399999999654e+02,-8.840626200000000381e+02,-1.425783399999999979e-01,9.716641700000000128e+03,1.147422900000000023e+00
1.293499999999999943e+02,6.289355199999999968e+02,-8.985758700000000090e+02,-8.830482799999999770e+02,1.299519100000000038e-01,9.716641700000000128e+03,1.147422900000000023e+00
1.294000000000000057e+02,6.455248900000000276e+02,-8.979711300000000165e+02,-8.820339699999999539e+02,8.732874900000001106e-02,9.716641700000000128e+03,1.147422900000000023e+00
1.294499999999999886e+02,6.701686399999999821e+02,-8.978437800000000379e+02,-8.812981899999999769e+02,1.022303400000000029e-01,9.716641700000000128e+03,1.147422900000000023e+00
1.295000000000000000e+02,6.826136400000000322e+02,-8.975390599999999495e+02,-8.806862200000000485e+02,8.720797199999999472e-02,9.716641700000000128e+03,1.147422900000000023e+00
1.295500000000000114e+02,7.196980999999999540e+02,-8.978616100000000415e+02,-8.800932099999999991e+02,2.338205399999999934e-01,9.716641700000000128e+03,1.147422900000000023e+00
1.295999999999999943e+02,6.997172000000000480e+02,-8.970608099999999467e+02,-8.797857099999999946e+02,2.347399100000000238e-01,9.716641700000000128e+03,1.147422900000000023e+00
1.296500000000000057e+02,7.121663899999999785e+02,-8.974180599999999686e+02,-8.798356099999999742e+02,-1.898917700000000153e-01,9.716641700000000128e+03,1.147422900000000023e+00
1.296999999999999886e+02,7.193790199999999686e+02,-8.978100299999999834e+02,-8.800495100000000548e+02,3.583983100000000255e-02,9.716641700000000128e+03,1.147422900000000023e+00
1.297500000000000000e+02,6.518553600000000188e+02,-8.964321400000000040e+02,-8.803386799999999539e+02,-1.440114399999999940e-02,9.716641700000000128e+03,1.147422900000000023e+00
1.298000000000000114e+02,6.857769600000000310e+02,-8.973160400000000436e+02,-8.803851100000000542e+02,7.874312300000001208e-02,9.716641700000000128e+03,1.147422900000000023e+00
1.298499999999999943e+02,7.309842999999999620e+02,-8.982336000000000240e+02,-8.801865599999999858e+02,5.051820200000000510e-02,9.716641700000000128e+03,1.147422900000000023e+00
1.299000000000000057e+02,7.193058399999999892e+02,-8.980266000000000304e+02,-8.802678799999999910e+02,-1.138680599999999932e-01,9.716641700000000128e+03,1.147422900000000023e+00
1.299499999999999886e+02,6.830307199999999739e+02,-8.973423900000000231e+02,-8.804792599999999538e+02,-4.486767300000000375e-02,9.716641700000000128e+03,1.147422900000000023e+00
1.300000000000000000e+02,7.209354399999999714e+02,-8.983218799999999646e+02,-8.805229299999999739e+02,-5.520103000000000162e-03,9.716641700000000128e+03,1.147422900000000023e+00
1.300500000000000114e+02,6.783865299999999934e+02,-8.974636100000000170e+02,-8.807151400000000194e+02,1.294389200000000129e-01,9.716641700000000128e+03,1.147422900000000023e+00
1.300999999999999943e+02,6.550483900000000403e+02,-8.970533699999999726e+02,-8.808810899999999720e+02,7.145360900000000126e-02,9.716641700000000128e+03,1.147422900000000023e+00
1.301500000000000057e+02,6.738214100000000144e+02,-8.973620100000000548e+02,-8.807262500000000500e+02,2.274400799999999889e-01,9.716641700000000128e+03,1.147422900000000023e+00
1.301999999999999886e+02,7.350655400000000554e+02,-8.983600599999999758e+02,-8.802122600000000148e+02,-3.423588000000000187e-01,9.716641700000000128e+03,1.147422900000000023e+00
1.302500000000000000e+02,7.511943499999999858e+02,-8.982363000000000284e+02,-8.796902999999999793e+02,2.167204800000000209e-01,9.716641700000000128e+03,1.147422900000000023e+00
1.303000000000000114e+02,6.509801800000000185e+02,-8.956365799999999808e+02,-8.795647300000000541e+02,-2.089463600000000254e-01,9.716641700000000128e+03,1.147422900000000023e+00
1.303499999999999943e+02,7.209530399999999872e+02,-8.970074899999999616e+02,-8.792081100000000333e+02,-6.634846199999999868e-03,9.716641700000000128e+03,1.147422900000000023e+00
1.304000000000000057e+02,7.500535899999999856e+02,-8.972382300000000441e+02,-8.787203899999999521e+02,-2.381351000000000162e-01,9.716641700000000128e+03,1.147422900000000023e+00
1.304499999999999886e+02,7.510158400000000256e+02,-8.971722800000000007e+02,-8.786306799999999839e+02,-1.659389200000000175e-01,9.716641700000000128e+03,1.147422900000000023e+00
1.305000000000000000e+02,7.532765200000000050e+02,-8.977326900000000478e+02,-8.791352799999999661e+02,-3.767762499999999931e-02,9.716641700000000128e+03,1.147422900000000023e+00
1.305500000000000114e+02,7.524972400000000334e+02,-8.990258700000000545e+02,-8.804477000000000544e+02,-2.828479300000000252e-02,9.716641700000000128e+03,1.147422900000000023e+00
1.305999999999999943e+02,6.714932700000000523e+02,-8.984595299999999725e+02,-8.818812400000000480e+02,-6.664507700000001089e-02,9.716641700000000128e+03,1.147422900000000023e+00
1.306500000000000057e+02,6.421999200000000201e+02,-8.982238800000000083e+02,-8.823687999999999647e+02,4.115467600000000115e-02,9.716641700000000128e+03,1.147422900000000023e+00
1.306999999999999886e+02,6.982580699999999752e+02,-8.994108800000000201e+02,-8.821717999999999620e+02,-1.191383399999999954e-01,9.716641700000000128e+03,1.147422900000000023e+00
1.307500000000000000e+02,6.453450400000000400e+02,-8.976767999999999574e+02,-8.817440800000000536e+02,-1.760039200000000081e-01,9.716641700000000128e+03,1.147422900000000023e+00
1.308000000000000114e+02,6.768046900000000505e+02,-8.976309300000000349e+02,-8.809215100000000120e+02,3.271552400000000277e-02,9.716641700000000128e+03,1.147422900000000023e+00
1.308499999999999943e+02,6.967989000000000033e+02,-8.970644200000000410e+02,-8.798613599999999906e+02,-3.153702200000000344e-01,9.716641700000000128e+03,1.147422900000000023e+00
1.309000000000000057e+02,7.651260099999999511e+02,-8.981642100000000255e+02,-8.792742500000000518e+02,3.644082100000000345e-03,9.716641700000000128e+03,1.147422900000000023e+00
1.309499999999999886e+02,6.884543999999999642e+02,-8.963921199999999772e+02,-8.793950899999999820e+02,-8.464455199999999790e-02,9.716641700000000128e+03,1.147422900000000023e+00
1.310000000000000000e+02,7.035507700000000568e+02,-8.968769800000000032e+02,-8.795072400000000243e+02,-1.414848600000000178e-01,9.716641700000000128e+03,1.147422900000000023e+00
1.310500000000000114e+02,7.319702899999999772e+02,-8.976222999999999956e+02,-8.795509200000000192e+02,3.432840100000000144e-02,9.716641700000000128e+03,1.147422900000000023e+00
1.310999999999999943e+02,7.033396999999999935e+02,-8.971019300000000385e+02,-8.797373900000000049e+02,1.212723400000000201e-01,9.716641700000000128e+03,1.147422900000000023e+00
1.311500000000000057e+02,6.924521600000000490e+02,-8.970266100000000051e+02,-8.799308800000000019e+02,1.200670699999999980e-01,9.716641700000000128e+03,1.147422900000000023e+00
1.311999999999999886e+02,7.215636700000000019e+02,-8.980702999999999747e+02,-8.802558400000000347e+02,6.333116700000000765e-02,9.716641700000000128e+03,1.147422900000000023e+00
1.312500000000000000e+02,6.214545600000000150e+02,-8.965016900000000533e+02,-8.811588000000000420e+02,2.957763000000000059e-02,9.716641700000000128e+03,1.147422900000000023e+00
1.313000000000000114e+02,6.044962000000000444e+02,-8.974272399999999834e+02,-8.825030199999999923e+02,-1.092628400000000138e-01,9.716641700000000128e+03,1.147422900000000023e+00
1.313499999999999943e+02,6.063428000000000111e+02,-8.981693099999999959e+02,-8.831994999999999436e+02,6.142964600000000094e-03,9.716641700000000128e+03,1.147422900000000023e+00
1.314000000000000057e+02,6.336270700000000033e+02,-8.986510399999999663e+02,-8.830076199999999744e+02,-1.406498899999999996e-01,9.716641700000000128e+03,1.147422900000000023e+00
1.314499999999999886e+02,6.591241800000000239e+02,-8.983763599999999769e+02,-8.821034499999999525e+02,-1.239370700000000033e-02,9.716641700000000128e+03,1.147422900000000023e+00
1.315000000000000000e+02,6.933988399999999501e+02,-8.979394200000000410e+02,-8.808203099999999495e+02,8.825735499999999567e-02,9.716641700000000128e+03,1.147422900000000023e+00
1.315500000000000114e+02,7.270726100000000542e+02,-8.979280899999999974e+02,-8.799776200000000017e+02,6.855737900000000162e-02,9.716641700000000128e+03,1.147422900000000023e+00
1.315999999999999943e+02,7.382744300000000521e+02,-8.981069800000000214e+02,-8.798799599999999828e+02,-2.435497200000000251e-02,9.716641700000000128e+03,1.147422900000000023e+00
1.316500000000000057e+02,6.952517400000000407e+02,-8.973688600000000406e+02,-8.802040100000000393e+02,3.495014500000000190e-02,9.716641700000000128e+03,1.147422900000000023e+00
1.316999999999999886e+02,7.052599999999999909e+02,-8.981486499999999751e+02,-8.807367100000000164e+02,-9.498200100000001034e-02,9.716641700000000128e+03,1.147422900000000023e+00
1.317500000000000000e+02,6.452046299999999519e+02,-8.971538699999999835e+02,-8.812246099999999842e+02,-7.172658300000001041e-02,9.716641700000000128e+03,1.147422900000000023e+00
1.318000000000000114e+02,7.075624599999999873e+02,-8.986842299999999568e+02,-8.812154399999999441e+02,-1.933412399999999975e-01,9.716641700000000128e+03,1.147422900000000023e+00
1.318499999999999943e+02,7.546579900000000407e+02,-8.999440899999999601e+02,-8.813125800000000254e+02,-8.988889400000001084e-02,9.716641700000000128e+03,1.147422900000000023e+00
1.319000000000000057e+02,7.014581799999999703e+02,-8.994715999999999667e+02,-8.821535199999999577e+02,6.413904600000000511e-02,9.716641700000000128e+03,1.147422900000000023e+00
1.319499999999999886e+02,6.506585000000000036e+02,-8.995623799999999619e+02,-8.834984699999999975e+02,1.062933500000000087e-01,9.716641700000000128e+03,1.147422900000000023e+00
1.320000000000000000e+02,5.793060699999999770e+02,-8.984001500000000533e+02,-8.840978400000000192e+02,-2.611171600000000356e-02,9.716641700000000128e+03,1.147422900000000023e+00
1.320500000000000114e+02,6.392121100000000524e+02,-8.993690599999999904e+02,-8.835877500000000282e+02,4.520183800000000113e-02,9.716641700000000128e+03,1.147422900000000023e+00
1.320999999999999943e+02,6.557655700000000252e+02,-8.988092900000000327e+02,-8.826192999999999529e+02,-1.749129000000000100e-01,9.716641700000000128e+03,1.147422900000000023e+00
1.321500000000000057e+02,6.727706899999999450e+02,-8.983888600000000224e+02,-8.817790400000000091e+02,4.840911500000000256e-02,9.716641700000000128e+03,1.147422900000000023e+00
1.321999999999999886e+02,7.223986700000000383e+02,-8.991700499999999465e+02,-8.813349699999999984e+02,3.674703300000000186e-03,9.716641700000000128e+03,1.147422900000000023e+00
1.322500000000000000e+02,6.866785599999999476e+02,-8.982089300000000094e+02,-8.812557399999999461e+02,-1.312518600000000257e-01,9.716641700000000128e+03,1.147422900000000023e+00
1.323000000000000114e+02,7.141861699999999473e+02,-8.989404500000000553e+02,-8.813081300000000056e+02,-4.702623200000000114e-02,9.716641700000000128e+03,1.147422900000000023e+00
1.323499999999999943e+02,6.818726699999999710e+02,-8.984171300000000429e+02,-8.815825899999999820e+02,-1.912758400000000025e-01,9.716641700000000128e+03,1.147422900000000023e+00
1.324000000000000057e+02,7.081585099999999784e+02,-8.992381800000000567e+02,-8.817546800000000076e+02,-9.382568900000000378e-02,9.716641700000000128e+03,1.147422900000000023e+00
1.324499999999999886e+02,6.612285299999999779e+02,-8.983447999999999638e+02,-8.820199400000000196e+02,-1.066820700000000038e-01,9.716641700000000128e+03,1.147422900000000023e+00
1.325000000000000000e+02,6.773026200000000472e+02,-8.986664899999999534e+02,-8.819447800000000370e+02,-1.553747300000000164e-01,9.716641700000000128e+03,1.147422900000000023e+00
1.325500000000000114e+02,7.000208099999999831e+02,-8.984019100000000435e+02,-8.811193200000000161e+02,2.789126800000000378e-02,9.716641700000000128e+03,1.147422900000000023e+00
1.325999999999999943e+02,7.166944200000000365e+02,-8.975037899999999809e+02,-8.798095399999999700e+02,-3.923880200000000318e-02,9.716641700000000128e+03,1.147422900000000023e+00
1.326500000000000057e+02,7.925878800000000410e+02,-8.985200999999999567e+02,-8.789521499999999605e+02,-2.118630500000000250e-01,9.716641700000000128e+03,1.147422900000000023e+00
1.326999999999999886e+02,7.301488399999999501e+02,-8.971866700000000492e+02,-8.791602599999999939e+02,-1.897241400000000133e-01,9.716641700000000128e+03,1.147422900000000023e+00
1.327500000000000000e+02,7.247424999999999500e+02,-8.975840899999999465e+02,-8.796911499999999933e+02,2.901223900000000216e-02,9.716641700000000128e+03,1.147422900000000023e+00
1.328000000000000114e+02,7.172243300000000090e+02,-8.981198399999999538e+02,-8.804125099999999975e+02,-1.020087100000000024e-01,9.716641700000000128e+03,1.147422900000000023e+00
1.328499999999999943e+02,6.944192100000000210e+02,-8.986065700000000334e+02,-8.814622699999999895e+02,-1.927520299999999909e-01,9.716641700000000128e+03,1.147422900000000023e+00
1.329000000000000057e+02,6.956845700000000079e+02,-8.995141599999999471e+02,-8.823386199999999917e+02,1.944651500000000102e-02,9.716641700000000128e+03,1.147422900000000023e+00
1.329499999999999886e+02,6.371552199999999857e+02,-8.984816799999999830e+02,-8.827511500000000524e+02,4.880334100000000008e-02,9.716641700000000128e+03,1.147422900000000023e+00
1.330000000000000000e+02,7.292513000000000147e+02,-9.006710600000000113e+02,-8.826667999999999665e+02,-3.470368700000000389e-02,9.716641700000000128e+03,1.147422900000000023e+00
1.330500000000000114e+02,6.529033100000000331e+02,-8.987437700000000405e+02,-8.826244400000000496e+02,-6.091053800000000018e-02,9.716641700000000128e+03,1.147422900000000023e+00
1.330999999999999943e+02,7.317167500000000473e+02,-9.002904099999999517e+02,-8.822252899999999727e+02,4.942661600000000655e-02,9.716641700000000128e+03,1.147422900000000023e+00
1.331500000000000057e+02,7.271982699999999795e+02,-8.999005600000000413e+02,-8.819469900000000280e+02,2.359092700000000112e-02,9.716641700000000128e+03,1.147422900000000023e+00
1.331999999999999886e+02,7.278377500000000282e+02,-8.998571500000000469e+02,-8.818877899999999954e+02,1.392909599999999914e-01,9.716641700000000128e+03,1.147422900000000023e+00
1.332500000000000000e+02,6.812497700000000123e+02,-8.987206400000000031e+02,-8.819014700000000175e+02,1.138492500000000060e-02,9.716641700000000128e+03,1.147422900000000023e+00
1.333000000000000114e+02,6.447281400000000531e+02,-8.975120399999999563e+02,-8.815945500000000266e+02,1.412845000000000073e-01,9.716641700000000128e+03,1.147422900000000023e+00
1.333499999999999943e+02,6.704430499999999711e+02,-8.969311400000000276e+02,-8.803787800000000061e+02,-4.037706099999999881e-02,9.716641700000000128e+03,1.147422900000000023e+00
1.334000000000000057e+02,6.994021999999999935e+02,-8.961885800000000017e+02,-8.789212499999999864e+02,1.334954899999999944e-01,9.716641700000000128e+03,1.147422900000000023e+00
1.334499999999999886e+02,7.247936799999999948e+02,-8.961479399999999487e+02,-8.782537300000000187e+02,1.029501099999999975e-01,9.716641700000000128e+03,1.147422900000000023e+00
1.335000000000000000e+02,7.593081899999999678e+02,-8.969091100000000552e+02,-8.781627799999999979e+02,-1.389728199999999969e-01,9.716641700000000128e+03,1.147422900000000023e+00
1.335500000000000114e+02,6.597355099999999766e+02,-8.949162800000000288e+02,-8.786282700000000432e+02,-7.079921399999999920e-02,9.716641700000000128e+03,1.147422900000000023e+00
1.335999999999999943e+02,6.952569499999999607e+02,-8.960642599999999902e+02,-8.788992700000000013e+02,1.839004500000000070e-02,9.716641700000000128e+03,1.147422900000000023e+00
1.336500000000000057e+02,6.916629400000000487e+02,-8.961466699999999719e+02,-8.790704100000000381e+02,-2.336845900000000115e-02,9.716641700000000128e+03,1.147422900000000023e+00
1.336999999999999886e+02,7.397439900000000534e+02,-8.977592499999999518e+02,-8.794959400000000187e+02,-1.038364800000000088e-01,9.716641700000000128e+03,1.147422900000000023e+00
1.337500000000000000e+02,6.858473400000000311e+02,-8.978351800000000367e+02,-8.809025100000000066e+02,-1.752636100000000141e-01,9.716641700000000128e+03,1.147422900000000023e+00
1.338000000000000114e+02,6.708430799999999863e+02,-8.988562500000000455e+02,-8.822940099999999575e+02,8.707226799999999434e-02,9.716641700000000128e+03,1.147422900000000023e+00
1.338499999999999943e+02,6.245257199999999784e+02,-8.981879599999999755e+02,-8.827692399999999679e+02,-2.636710099999999835e-01,9.716641700000000128e+03,1.147422900000000023e+00
1.339000000000000057e+02,6.626041199999999662e+02,-8.988835800000000518e+02,-8.825247500000000400e+02,2.514850600000000380e-01,9.716641700000000128e+03,1.147422900000000023e+00
1.339499999999999886e+02,6.088061699999999519e+02,-8.968728300000000218e+02,-8.818422100000000228e+02,-2.238025999999999904e-01,9.716641700000000128e+03,1.147422900000000023e+00
1.340000000000000000e+02,6.933282100000000128e+02,-8.978948599999999942e+02,-8.807775000000000318e+02,9.324371800000000321e-02,9.716641700000000128e+03,1.147422900000000023e+00
1.340500000000000114e+02,6.561208100000000059e+02,-8.962824900000000525e+02,-8.800837299999999459e+02,-2.486338100000000384e-02,9.716641700000000128e+03,1.147422900000000023e+00
1.340999999999999943e+02,7.314478400000000420e+02,-8.979050099999999475e+02,-8.798465200000000550e+02,2.103537699999999955e-01,9.716641700000000128e+03,1.147422900000000023e+00
1.341500000000000057e+02,7.086442899999999554e+02,-8.975498599999999669e+02,-8.800543599999999742e+02,1.140776000000000151e-01,9.716641700000000128e+03,1.147422900000000023e+00
1.341999999999999886e+02,6.856948399999999992e+02,-8.972910299999999779e+02,-8.803621299999999792e+02,-1.409102000000000132e-01,9.716641700000000128e+03,1.147422900000000023e+00
1.342500000000000000e+02,6.922292400000000043e+02,-8.978178199999999833e+02,-8.807275899999999638e+02,7.560163899999999826e-02,9.716641700000000128e+03,1.147422900000000023e+00
1.343000000000000114e+02,6.761555499999999483e+02,-8.979131499999999733e+02,-8.812197599999999511e+02,-9.835382700000000478e-02,9.716641700000000128e+03,1.147422900000000023e+00
1.343499999999999943e+02,6.403236799999999675e+02,-8.974373799999999619e+02,-8.816286300000000438e+02,1.657351400000000030e-01,9.716641700000000128e+03,1.147422900000000023e+00
1.344000000000000057e+02,6.546805299999999761e+02,-8.977332800000000361e+02,-8.815700799999999617e+02,-1.139419200000000160e-01,9.716641700000000128e+03,1.147422900000000023e+00
1.344499999999999886e+02,7.101904399999999669e+02,-8.983808400000000347e+02,-8.808471700000000055e+02,3.114889700000000317e-01,9.716641700000000128e+03,1.147422900000000023e+00
1.345000000000000000e+02,6.738235600000000431e+02,-8.965732199999999921e+02,-8.799374000000000251e+02,-3.113633499999999832e-01,9.716641700000000128e+03,1.147422900000000023e+00
1.345500000000000114e+02,6.775607300000000350e+02,-8.956896799999999530e+02,-8.789615900000000011e+02,5.540638700000000139e-01,9.716641700000000128e+03,1.147422900000000023e+00
1.345999999999999943e+02,7.689744399999999587e+02,-8.971564700000000130e+02,-8.781715000000000373e+02,-2.443141000000000063e-01,9.716641700000000128e+03,1.147422900000000023e+00
1.346500000000000057e+02,7.385847899999999981e+02,-8.962667800000000398e+02,-8.780320900000000393e+02,-4.661828800000000078e-02,9.716641700000000128e+03,1.147422900000000023e+00
1.346999999999999886e+02,6.560091700000000401e+02,-8.945235400000000254e+02,-8.783275399999999991e+02,4.970313800000000087e-02,9.716641700000000128e+03,1.147422900000000023e+00
1.347500000000000000e+02,7.039330200000000559e+02,-8.961014199999999619e+02,-8.787222400000000562e+02,-9.931732500000001185e-02,9.716641700000000128e+03,1.147422900000000023e+00
1.348000000000000114e+02,6.746585300000000416e+02,-8.962586700000000519e+02,-8.796022400000000516e+02,1.095137700000000103e-01,9.716641700000000128e+03,1.147422900000000023e+00
1.348499999999999943e+02,6.246064800000000332e+02,-8.964461300000000392e+02,-8.810254200000000537e+02,2.576763000000000248e-01,9.716641700000000128e+03,1.147422900000000023e+00
1.349000000000000057e+02,6.625490200000000414e+02,-8.982280399999999645e+02,-8.818705800000000181e+02,-1.546853400000000045e-01,9.716641700000000128e+03,1.147422900000000023e+00
1.349499999999999886e+02,6.172765600000000177e+02,-8.972227599999999939e+02,-8.819830100000000357e+02,-3.318910300000000313e-01,9.716641700000000128e+03,1.147422900000000023e+00
1.350000000000000000e+02,6.624467600000000402e+02,-8.976477700000000368e+02,-8.812928200000000061e+02,-1.490611799999999876e-01,9.716641700000000128e+03,1.147422900000000023e+00
1.350500000000000114e+02,7.320539400000000114e+02,-8.984972199999999702e+02,-8.804237699999999904e+02,-2.382286200000000020e-01,9.716641700000000128e+03,1.147422900000000023e+00
1.350999999999999943e+02,7.163993000000000393e+02,-8.977418000000000120e+02,-8.800548400000000129e+02,-8.083716400000000302e-02,9.716641700000000128e+03,1.147422900000000023e+00
1.351500000000000057e+02,6.894211099999999988e+02,-8.969674700000000485e+02,-8.799465699999999515e+02,-2.315673800000000171e-01,9.716641700000000128e+03,1.147422900000000023e+00
1.351999999999999886e+02,7.281038399999999911e+02,-8.977354400000000396e+02,-8.797595099999999775e+02,-7.585000800000001042e-02,9.716641700000000128e+03,1.147422900000000023e+00
1.352500000000000000e+02,6.968990700000000516e+02,-8.969750500000000102e+02,-8.797695200000000568e+02,-3.806224199999999613e-02,9.716641700000000128e+03,1.147422900000000023e+00
1.353000000000000114e+02,6.945392200000000003e+02,-8.970100499999999784e+02,-8.798627900000000182e+02,7.835293900000001033e-02,9.716641700000000128e+03,1.147422900000000023e+00
1.353499999999999943e+02,7.014918000000000120e+02,-8.973337400000000343e+02,-8.800148299999999608e+02,-2.884125599999999845e-01,9.716641700000000128e+03,1.147422900000000023e+00
1.354000000000000057e+02,6.603208499999999503e+02,-8.965584300000000439e+02,-8.802559700000000475e+02,8.066813800000000034e-02,9.716641700000000128e+03,1.147422900000000023e+00
1.354499999999999886e+02,7.251550799999999981e+02,-8.980248900000000276e+02,-8.801217599999999948e+02,-3.171379900000000085e-02,9.716641700000000128e+03,1.147422900000000023e+00
1.355000000000000000e+02,7.290579699999999548e+02,-8.977007899999999836e+02,-8.797013100000000350e+02,-1.725000000000000144e-01,9.716641700000000128e+03,1.147422900000000023e+00
1.355500000000000114e+02,6.811384299999999712e+02,-8.960624599999999873e+02,-8.792460399999999936e+02,-1.134288000000000102e-01,9.716641700000000128e+03,1.147422900000000023e+00
1.355999999999999943e+02,7.396312299999999595e+02,-8.967761699999999792e+02,-8.785156399999999621e+02,1.712045900000000176e-01,9.716641700000000128e+03,1.147422900000000023e+00
1.356500000000000057e+02,7.116512000000000171e+02,-8.955665000000000191e+02,-8.779967699999999695e+02,6.778747699999999876e-02,9.716641700000000128e+03,1.147422900000000023e+00
1.356999999999999886e+02,7.873755499999999756e+02,-8.970869599999999764e+02,-8.776476900000000114e+02,1.293346200000000112e-01,9.716641700000000128e+03,1.147422900000000023e+00
1.357500000000000000e+02,7.451665400000000545e+02,-8.964566399999999931e+02,-8.780594499999999698e+02,-1.581641300000000139e-01,9.716641700000000128e+03,1.147422900000000023e+00
1.358000000000000114e+02,6.915135699999999588e+02,-8.961451899999999569e+02,-8.790726300000000037e+02,9.683979200000000787e-02,9.716641700000000128e+03,1.147422900000000023e+00
1.358499999999999943e+02,6.974456500000000005e+02,-8.975478600000000142e+02,-8.803288400000000138e+02,1.817495800000000147e-02,9.716641700000000128e+03,1.147422900000000023e+00
1.359000000000000057e+02,6.621590800000000172e+02,-8.976468899999999849e+02,-8.812990499999999656e+02,-1.575618199999999913e-01,9.716641700000000128e+03,1.147422900000000023e+00
1.359499999999999886e+02,6.935321500000000015e+02,-8.986929199999999582e+02,-8.815705199999999877e+02,1.049725600000000064e-01,9.716641700000000128e+03,1.147422900000000023e+00
1.360000000000000000e+02,7.362035200000000259e+02,-8.998750499999999874e+02,-8.816991500000000315e+02,-9.236924200000000418e-02,9.716641700000000128e+03,1.147422900000000023e+00
1.360500000000000114e+02,6.772606200000000172e+02,-8.985459899999999607e+02,-8.818253099999999449e+02,-7.178281799999999824e-02,9.716641700000000128e+03,1.147422900000000023e+00
1.360999999999999943e+02,6.979290999999999485e+02,-8.989125699999999597e+02,-8.816816199999999526e+02,-9.989109600000001254e-02,9.716641700000000128e+03,1.147422900000000023e+00
1.361500000000000057e+02,7.055208999999999833e+02,-8.989525599999999486e+02,-8.815341799999999921e+02,2.669561500000000032e-01,9.716641700000000128e+03,1.147422900000000023e+00
1.361999999999999886e+02,7.353332799999999452e+02,-8.996582399999999780e+02,-8.815038299999999936e+02,-4.015801000000000093e-02,9.716641700000000128e+03,1.147422900000000023e+00
1.362500000000000000e+02,6.823548700000000053e+02,-8.985001600000000508e+02,-8.816537100000000464e+02,8.874215399999999671e-03,9.716641700000000128e+03,1.147422900000000023e+00
1.363000000000000114e+02,6.853259900000000471e+02,-8.984774300000000267e+02,-8.815576300000000174e+02,-2.719823900000000252e-02,9.716641700000000128e+03,1.147422900000000023e+00
1.363499999999999943e+02,6.977866099999999960e+02,-8.982350300000000516e+02,-8.810075900000000502e+02,-7.689113300000000040e-02,9.716641700000000128e+03,1.147422900000000023e+00
1.364000000000000057e+02,7.317156999999999698e+02,-8.984229199999999764e+02,-8.803578199999999470e+02,1.776054000000000244e-01,9.716641700000000128e+03,1.147422900000000023e+00
1.364499999999999886e+02,7.018612299999999777e+02,-8.975551199999999881e+02,-8.802270899999999756e+02,-6.529304499999999400e-02,9.716641700000000128e+03,1.147422900000000023e+00
1.365000000000000000e+02,7.235056200000000217e+02,-8.983369900000000143e+02,-8.804745799999999463e+02,-3.226952500000000029e-02,9.716641700000000128e+03,1.147422900000000023e+00
1.365500000000000114e+02,7.154497900000000072e+02,-8.988743500000000495e+02,-8.812108299999999872e+02,3.564770899999999965e-02,9.716641700000000128e+03,1.147422900000000023e+00
1.365999999999999943e+02,6.350830700000000206e+02,-8.979801200000000563e+02,-8.823007499999999936e+02,-2.858644800000000319e-01,9.716641700000000128e+03,1.147422900000000023e+00
1.366500000000000057e+02,6.949928099999999631e+02,-8.998268900000000485e+02,-8.826684299999999439e+02,-1.274811999999999890e-01,9.716641700000000128e+03,1.147422900000000023e+00
1.366999999999999886e+02,6.646973500000000286e+02,-8.990760299999999461e+02,-8.826655200000000150e+02,3.989459000000000061e-02,9.716641700000000128e+03,1.147422900000000023e+00
1.367500000000000000e+02,6.914249399999999923e+02,-8.992637999999999465e+02,-8.821934300000000349e+02,-1.493374100000000038e-01,9.716641700000000128e+03,1.147422900000000023e+00
1.368000000000000114e+02,7.174335899999999810e+02,-8.988673599999999624e+02,-8.811548599999999851e+02,-1.094822300000000137e-01,9.716641700000000128e+03,1.147422900000000023e+00
1.368499999999999943e+02,7.326965199999999641e+02,-8.976923900000000458e+02,-8.796030700000000024e+02,-5.273611799999999850e-02,9.716641700000000128e+03,1.147422900000000023e+00
1.369000000000000057e+02,7.612989599999999655e+02,-8.974694799999999759e+02,-8.786740099999999529e+02,1.250375800000000093e-01,9.716641700000000128e+03,1.147422900000000023e+00
1.369499999999999886e+02,6.768295600000000150e+02,-8.954012500000000045e+02,-8.786912200000000439e+02,-1.419084000000000179e-01,9.716641700000000128e+03,1.147422900000000023e+00
1.370000000000000000e+02,7.481058699999999817e+02,-8.972506300000000010e+02,-8.787808800000000247e+02,-2.018053000000000208e-01,9.716641700000000128e+03,1.147422900000000023e+00
1.370500000000000114e+02,7.340542100000000119e+02,-8.973188099999999849e+02,-8.791959799999999632e+02,-1.794327299999999917e-02,9.716641700000000128e+03,1.147422900000000023e+00
1.370999999999999943e+02,7.525942199999999502e+02,-8.984786500000000160e+02,-8.798980900000000247e+02,-3.332104300000000158e-02,9.716641700000000128e+03,1.147422900000000023e+00
1.371500000000000057e+02,6.843809800000000223e+02,-8.976407699999999750e+02,-8.807442999999999529e+02,-3.770452999999999999e-02,9.716641700000000128e+03,1.147422900000000023e+00
1.371999999999999886e+02,7.205269100000000435e+02,-8.989911499999999478e+02,-8.812022899999999481e+02,-5.115802900000000070e-02,9.716641700000000128e+03,1.147422900000000023e+00
1.372500000000000000e+02,6.627361499999999523e+02,-8.977025399999999991e+02,-8.813404500000000326e+02,1.825643499999999864e-01,9.716641700000000128e+03,1.147422900000000023e+00
1.373000000000000114e+02,6.235520800000000463e+02,-8.964590200000000095e+02,-8.810643400000000156e+02,4.184866000000000280e-02,9.716641700000000128e+03,1.147422900000000023e+00
1.373499999999999943e+02,6.288672599999999875e+02,-8.958142100000000028e+02,-8.802883000000000493e+02,2.961438500000000001e-02,9.716641700000000128e+03,1.147422900000000023e+00
1.374000000000000057e+02,6.877032600000000002e+02,-8.964359200000000101e+02,-8.794574300000000449e+02,3.967481800000000058e-02,9.716641700000000128e+03,1.147422900000000023e+00
1.374499999999999886e+02,7.158718599999999697e+02,-8.968294200000000274e+02,-8.791554800000000114e+02,-1.297761500000000068e-01,9.716641700000000128e+03,1.147422900000000023e+00
1.375000000000000000e+02,7.368170300000000452e+02,-8.972849999999999682e+02,-8.790939499999999498e+02,-2.055136500000000199e-02,9.716641700000000128e+03,1.147422900000000023e+00
1.375500000000000114e+02,7.595521700000000465e+02,-8.984725799999999936e+02,-8.797202399999999898e+02,5.089447400000000205e-02,9.716641700000000128e+03,1.147422900000000023e+00
1.375999999999999943e+02,6.505393100000000004e+02,-8.967677599999999529e+02,-8.807068000000000438e+02,6.881105499999999597e-02,9.716641700000000128e+03,1.147422900000000023e+00
1.376500000000000057e+02,6.677280700000000024e+02,-8.976405999999999494e+02,-8.811552699999999732e+02,-8.497703200000000789e-02,9.716641700000000128e+03,1.147422900000000023e+00
1.376999999999999886e+02,6.768794599999999946e+02,-8.979162800000000288e+02,-8.812050199999999904e+02,1.058176200000000150e-02,9.716641700000000128e+03,1.147422900000000023e+00
1.377500000000000000e+02,6.537761500000000296e+02,-8.972801399999999603e+02,-8.811392600000000357e+02,-2.917548100000000311e-01,9.716641700000000128e+03,1.147422900000000023e+00
1.378000000000000114e+02,7.142559899999999971e+02,-8.981427899999999909e+02,-8.805087499999999636e+02,1.173501299999999969e-01,9.716641700000000128e+03,1.147422900000000023e+00
1.378499999999999943e+02,7.114089699999999539e+02,-8.969529599999999618e+02,-8.793892100000000482e+02,8.376244600000000429e-02,9.716641700000000128e+03,1.147422900000000023e+00
1.379000000000000057e+02,7.258532000000000153e+02,-8.959507499999999709e+02,-8.780303900000000112e+02,-2.244514400000000021e-01,9.716641700000000128e+03,1.147422900000000023e+00
1.379499999999999886e+02,7.972970000000000255e+02,-8.960504100000000562e+02,-8.763661899999999605e+02,1.128474700000000053e-01,9.716641700000000128e+03,1.147422900000000023e+00
1.380000000000000000e+02,8.491408599999999751e+02,-8.970333699999999908e+02,-8.760692000000000235e+02,5.140133399999999991e-02,9.716641700000000128e+03,1.147422900000000023e+00
1.380500000000000114e+02,8.077667199999999639e+02,-8.969601000000000113e+02,-8.770173999999999523e+02,1.132114800000000171e-01,9.716641700000000128e+03,1.147422900000000023e+00
1.380999999999999943e+02,7.398933799999999792e+02,-8.963691999999999780e+02,-8.781022100000000137e+02,9.939734200000001352e-02,9.716641700000000128e+03,1.147422900000000023e+00
1.381500000000000057e+02,6.642679699999999912e+02,-8.954926699999999755e+02,-8.790927599999999984e+02,-1.503124499999999863e-01,9.716641700000000128e+03,1.147422900000000023e+00
1.381999999999999886e+02,6.926398599999999988e+02,-8.968596800000000258e+02,-8.797593100000000277e+02,-2.006495200000000048e-02,9.716641700000000128e+03,1.147422900000000023e+00
1.382500000000000000e+02,7.135953899999999521e+02,-8.980395200000000386e+02,-8.804217899999999872e+02,9.030823200000000217e-02,9.716641700000000128e+03,1.147422900000000023e+00
1.383000000000000114e+02,7.181809100000000399e+02,-8.990307900000000245e+02,-8.812998499999999922e+02,-1.467176799999999892e-01,9.716641700000000128e+03,1.147422900000000023e+00
1.383499999999999943e+02,6.480200899999999820e+02,-8.982206400000000031e+02,-8.822218699999999671e+02,1.819534700000000060e-01,9.716641700000000128e+03,1.147422900000000023e+00
1.384000000000000057e+02,6.591564499999999498e+02,-8.987796600000000353e+02,-8.825059499999999844e+02,-6.179245600000000949e-02,9.716641700000000128e+03,1.147422900000000023e+00
1.384499999999999886e+02,7.034029699999999821e+02,-8.995537199999999984e+02,-8.821876200000000381e+02,1.439983700000000144e-01,9.716641700000000128e+03,1.147422900000000023e+00
1.385000000000000000e+02,6.510751199999999699e+02,-8.975393800000000510e+02,-8.814651900000000069e+02,1.741301100000000046e-01,9.716641700000000128e+03,1.147422900000000023e+00
1.385500000000000114e+02,7.401652299999999514e+02,-8.984792800000000170e+02,-8.802055699999999661e+02,8.144891099999999884e-02,9.716641700000000128e+03,1.147422900000000023e+00
1.385999999999999943e+02,7.075686600000000226e+02,-8.969828199999999470e+02,-8.795138799999999719e+02,8.953063100000001329e-02,9.716641700000000128e+03,1.147422900000000023e+00
1.386500000000000057e+02,7.610309499999999616e+02,-8.982559400000000096e+02,-8.794670800000000099e+02,-3.406916600000000489e-02,9.716641700000000128e+03,1.147422900000000023e+00
1.386999999999999886e+02,7.451359599999999546e+02,-8.980999500000000353e+02,-8.797035300000000007e+02,1.107950900000000127e-01,9.716641700000000128e+03,1.147422900000000023e+00
1.387500000000000000e+02,6.824429300000000467e+02,-8.967932399999999689e+02,-8.799446199999999862e+02,-1.297945600000000033e-01,9.716641700000000128e+03,1.147422900000000023e+00
1.388000000000000114e+02,7.276413000000000011e+02,-8.979564900000000307e+02,-8.799919800000000123e+02,4.526058200000000475e-01,9.716641700000000128e+03,1.147422900000000023e+00
1.388499999999999943e+02,6.688082000000000562e+02,-8.967818399999999883e+02,-8.802698500000000195e+02,-3.463951100000000616e-01,9.716641700000000128e+03,1.147422900000000023e+00
1.389000000000000057e+02,6.852811900000000378e+02,-8.971888599999999769e+02,-8.802701700000000073e+02,9.179668200000001138e-03,9.716641700000000128e+03,1.147422900000000023e+00
1.389499999999999886e+02,7.176421699999999646e+02,-8.976395499999999856e+02,-8.799219000000000506e+02,-9.055572900000000147e-02,9.716641700000000128e+03,1.147422900000000023e+00
1.390000000000000000e+02,7.203484399999999823e+02,-8.971303100000000086e+02,-8.793458500000000413e+02,2.221378400000000031e-01,9.716641700000000128e+03,1.147422900000000023e+00
1.390500000000000114e+02,7.461974400000000287e+02,-8.967524799999999914e+02,-8.783298399999999901e+02,-7.482509500000000813e-02,9.716641700000000128e+03,1.147422900000000023e+00
1.390999999999999943e+02,7.486579699999999775e+02,-8.959529099999999744e+02,-8.774695299999999634e+02,2.523179900000000475e-01,9.716641700000000128e+03,1.147422900000000023e+00
1.391500000000000057e+02,7.460494999999999663e+02,-8.955362499999999955e+02,-8.771172699999999622e+02,-8.967313000000000367e-02,9.716641700000000128e+03,1.147422900000000023e+00
1.391999999999999886e+02,7.313768900000000031e+02,-8.954914199999999482e+02,-8.774346799999999575e+02,-1.434682800000000071e-02,9.716641700000000128e+03,1.147422900000000023e+00
1.392500000000000000e+02,7.000131000000000085e+02,-8.955927199999999857e+02,-8.783103099999999586e+02,-1.610428700000000046e-01,9.716641700000000128e+03,1.147422900000000023e+00
1.393000000000000114e+02,7.385027400000000171e+02,-8.978567299999999705e+02,-8.796240699999999606e+02,-5.287370799999999843e-02,9.716641700000000128e+03,1.147422900000000023e+00
1.393499999999999943e+02,6.121702800000000479e+02,-8.957515700000000152e+02,-8.806378899999999703e+02,-1.992046000000000094e-01,9.716641700000000128e+03,1.147422900000000023e+00
1.394000000000000057e+02,6.653166899999999941e+02,-8.969234900000000152e+02,-8.804976900000000342e+02,-8.566581000000000889e-02,9.716641700000000128e+03,1.147422900000000023e+00
1.394499999999999886e+02,6.745900299999999561e+02,-8.967048399999999901e+02,-8.800500899999999547e+02,-2.580835500000000504e-01,9.716641700000000128e+03,1.147422900000000023e+00
1.395000000000000000e+02,6.750815900000000056e+02,-8.961460600000000341e+02,-8.794791800000000421e+02,8.853055900000000866e-02,9.716641700000000128e+03,1.147422900000000023e+00
1.395500000000000114e+02,7.299070500000000266e+02,-8.967803599999999733e+02,-8.787599099999999908e+02,-8.901127200000000239e-02,9.716641700000000128e+03,1.147422900000000023e+00
1.395999999999999943e+02,7.380161900000000514e+02,-8.966860900000000356e+02,-8.784654399999999441e+02,-2.389721700000000115e-01,9.716641700000000128e+03,1.147422900000000023e+00
1.396500000000000057e+02,7.536090299999999615e+02,-8.973755200000000514e+02,-8.787699000000000069e+02,8.317298900000000272e-02,9.716641700000000128e+03,1.147422900000000023e+00
1.396999999999999886e+02,7.247391199999999571e+02,-8.972039499999999634e+02,-8.793110900000000356e+02,2.159593600000000169e-01,9.716641700000000128e+03,1.147422900000000023e+00
1.397500000000000000e+02,7.000554799999999886e+02,-8.969423299999999699e+02,-8.796588799999999537e+02,2.610237500000000058e-02,9.716641700000000128e+03,1.147422900000000023e+00
1.398000000000000114e+02,6.870244999999999891e+02,-8.968262300000000096e+02,-8.798644900000000462e+02,-1.409664400000000062e-03,9.716641700000000128e+03,1.147422900000000023e+00
1.398499999999999943e+02,7.590006600000000390e+02,-8.986896299999999655e+02,-8.799509000000000469e+02,3.183777400000000202e-01,9.716641700000000128e+03,1.147422900000000023e+00
1.399000000000000057e+02,7.315675800000000208e+02,-8.983649100000000089e+02,-8.803034699999999475e+02,1.616154100000000149e-02,9.716641700000000128e+03,1.147422900000000023e+00
1.399499999999999886e+02,6.853906700000000001e+02,-8.975754200000000083e+02,-8.806540199999999459e+02,9.217260300000000572e-02,9.716641700000000128e+03,1.147422900000000023e+00
1.400000000000000000e+02,7.481562000000000126e+02,-8.993689500000000407e+02,-8.808979600000000119e+02,-1.532530500000000018e-01,9.716641700000000128e+03,1.147422900000000023e+00
1.400500000000000114e+02,7.088606600000000526e+02,-8.987983699999999772e+02,-8.812975300000000516e+02,1.626260700000000115e-01,9.716641700000000128e+03,1.147422900000000023e+00
1.400999999999999943e+02,6.323788500000000568e+02,-8.971727600000000393e+02,-8.815601500000000215e+02,-9.633317800000000541e-02,9.716641700000000128e+03,1.147422900000000023e+00
1.401500000000000057e+02,6.830889200000000301e+02,-8.980227399999999989e+02,-8.811581700000000410e+02,-4.709164100000000353e-02,9.716641700000000128e+03,1.147422900000000023e+00
1.401999999999999886e+02,7.628751399999999876e+02,-8.985838400000000092e+02,-8.797494599999999991e+02,5.068159500000000151e-01,9.716641700000000128e+03,1.147422900000000023e+00
1.402500000000000000e+02,7.699285700000000361e+02,-8.973192299999999477e+02,-8.783106999999999971e+02,-1.799378100000000036e-01,9.716641700000000128e+03,1.147422900000000023e+00
1.403000000000000114e+02,7.645216199999999844e+02,-8.969551300000000538e+02,-8.780801000000000158e+02,2.626726900000000420e-01,9.716641700000000128e+03,1.147422900000000023e+00
1.403499999999999943e+02,7.430607099999999718e+02,-8.969502099999999700e+02,-8.786050199999999677e+02,-1.274536200000000175e-01,9.716641700000000128e+03,1.147422900000000023e+00
1.404000000000000057e+02,7.518980999999999995e+02,-8.982381299999999555e+02,-8.796747500000000173e+02,2.215751000000000248e-01,9.716641700000000128e+03,1.147422900000000023e+00
1.404499999999999886e+02,6.442894700000000512e+02,-8.968714700000000448e+02,-8.809648100000000568e+02,3.597666399999999848e-02,9.716641700000000128e+03,1.147422900000000023e+00
1.405000000000000000e+02,6.820591200000000072e+02,-8.980774499999999989e+02,-8.812383099999999558e+02,1.136465300000000095e-01,9.716641700000000128e+03,1.147422900000000023e+00
1.405500000000000114e+02,6.590890000000000555e+02,-8.973476600000000190e+02,-8.810756199999999581e+02,-2.800553900000000204e-03,9.716641700000000128e+03,1.147422900000000023e+00
1.405999999999999943e+02,7.198234800000000178e+02,-8.983438800000000128e+02,-8.805723900000000413e+02,5.208300299999999577e-02,9.716641700000000128e+03,1.147422900000000023e+00
1.406500000000000057e+02,6.780907300000000077e+02,-8.968016099999999824e+02,-8.800604399999999714e+02,1.689155800000000096e-01,9.716641700000000128e+03,1.147422900000000023e+00
1.406999999999999886e+02,7.729865399999999909e+02,-8.985538099999999986e+02,-8.794697800000000143e+02,1.807352099999999864e-02,9.716641700000000128e+03,1.147422900000000023e+00
1.407500000000000000e+02,6.635341100000000552e+02,-8.959442299999999477e+02,-8.795624500000000126e+02,7.808976199999999313e-02,9.716641700000000128e+03,1.147422900000000023e+00
1.408000000000000114e+02,7.275350499999999556e+02,-8.977225300000000061e+02,-8.797606500000000551e+02,-9.893150800000000133e-02,9.716641700000000128e+03,1.147422900000000023e+00
1.408499999999999943e+02,6.835213300000000345e+02,-8.973166099999999687e+02,-8.804413600000000315e+02,3.299682100000000395e-01,9.716641700000000128e+03,1.147422900000000023e+00
1.409000000000000057e+02,6.307370600000000422e+02,-8.971800600000000259e+02,-8.816079899999999725e+02,-2.716974799999999912e-01,9.716641700000000128e+03,1.147422900000000023e+00
1.409499999999999886e+02,6.522430000000000518e+02,-8.984645000000000437e+02,-8.823614700000000539e+02,8.702848200000000423e-02,9.716641700000000128e+03,1.147422900000000023e+00
1.410000000000000000e+02,6.503722800000000461e+02,-8.986168300000000499e+02,-8.825599899999999707e+02,6.223793400000000170e-02,9.716641700000000128e+03,1.147422900000000023e+00
1.410500000000000114e+02,6.382364099999999780e+02,-8.979040099999999711e+02,-8.821467900000000100e+02,-2.117697700000000238e-01,9.716641700000000128e+03,1.147422900000000023e+00
1.410999999999999943e+02,7.042985099999999647e+02,-8.982698299999999563e+02,-8.808816199999999981e+02,1.732045200000000007e-01,9.716641700000000128e+03,1.147422900000000023e+00
1.411500000000000057e+02,7.005181800000000294e+02,-8.967969299999999748e+02,-8.795020600000000286e+02,1.644028700000000065e-01,9.716641700000000128e+03,1.147422900000000023e+00
1.411999999999999886e+02,7.332348799999999756e+02,-8.969295299999999997e+02,-8.788269199999999728e+02,2.834799300000000466e-01,9.716641700000000128e+03,1.147422900000000023e+00
1.412500000000000000e+02,6.702019199999999728e+02,-8.952816800000000512e+02,-8.787352700000000141e+02,-3.048069600000000157e-02,9.716641700000000128e+03,1.147422900000000023e+00
1.413000000000000114e+02,6.416769000000000460e+02,-8.944058599999999615e+02,-8.785637000000000398e+02,1.949586199999999991e-01,9.716641700000000128e+03,1.147422900000000023e+00
1.413499999999999943e+02,7.605441499999999451e+02,-8.971724900000000389e+02,-8.783956500000000460e+02,2.739576400000000023e-01,9.716641700000000128e+03,1.147422900000000023e+00
1.414000000000000057e+02,6.998795099999999820e+02,-8.963641999999999825e+02,-8.790851000000000113e+02,-4.218713700000000649e-02,9.716641700000000128e+03,1.147422900000000023e+00
1.414499999999999886e+02,7.036314200000000483e+02,-8.976165300000000116e+02,-8.802447899999999663e+02,2.278180499999999942e-01,9.716641700000000128e+03,1.147422900000000023e+00
1.415000000000000000e+02,7.046654899999999770e+02,-8.987019199999999728e+02,-8.813046600000000126e+02,-1.139510300000000018e-02,9.716641700000000128e+03,1.147422900000000023e+00
1.415500000000000114e+02,6.722502700000000004e+02,-8.982483399999999847e+02,-8.816513599999999542e+02,1.093586300000000009e-03,9.716641700000000128e+03,1.147422900000000023e+00
1.415999999999999943e+02,6.646342399999999770e+02,-8.979101699999999937e+02,-8.815012199999999893e+02,-1.621694999999999942e-01,9.716641700000000128e+03,1.147422900000000023e+00
1.416500000000000057e+02,7.243880699999999706e+02,-8.990635800000000017e+02,-8.811793900000000122e+02,2.241282200000000169e-01,9.716641700000000128e+03,1.147422900000000023e+00
1.416999999999999886e+02,7.193535900000000538e+02,-8.986219499999999698e+02,-8.808620499999999538e+02,4.784864999999999952e-02,9.716641700000000128e+03,1.147422900000000023e+00
1.417500000000000000e+02,7.230413899999999785e+02,-8.983394500000000562e+02,-8.804885000000000446e+02,-1.302021200000000045e-01,9.716641700000000128e+03,1.147422900000000023e+00
1.418000000000000114e+02,6.409073399999999765e+02,-8.960008900000000267e+02,-8.801777299999999968e+02,2.084281700000000237e-01,9.716641700000000128e+03,1.147422900000000023e+00
1.418499999999999943e+02,6.745896400000000313e+02,-8.959540799999999763e+02,-8.792993400000000292e+02,-8.399456000000000977e-02,9.716641700000000128e+03,1.147422900000000023e+00
1.419000000000000057e+02,7.908022300000000087e+02,-8.972101800000000367e+02,-8.776863100000000486e+02,1.908403100000000130e-01,9.716641700000000128e+03,1.147422900000000023e+00
1.419499999999999886e+02,7.280013300000000527e+02,-8.950682699999999841e+02,-8.770948700000000144e+02,-4.730919799999999675e-02,9.716641700000000128e+03,1.147422900000000023e+00
1.420000000000000000e+02,7.228799500000000080e+02,-8.949585100000000466e+02,-8.771115600000000541e+02,1.498650200000000154e-01,9.716641700000000128e+03,1.147422900000000023e+00
1.420500000000000114e+02,7.729973899999999958e+02,-8.965289699999999584e+02,-8.774446799999999484e+02,-2.808142100000000085e-01,9.716641700000000128e+03,1.147422900000000023e+00
1.420999999999999943e+02,7.353103200000000470e+02,-8.961929900000000089e+02,-8.780391399999999749e+02,-7.710374400000000183e-02,9.716641700000000128e+03,1.147422900000000023e+00
1.421500000000000057e+02,7.425623000000000502e+02,-8.972120099999999638e+02,-8.788791199999999435e+02,1.675448900000000296e-01,9.716641700000000128e+03,1.147422900000000023e+00
1.421999999999999886e+02,7.257193600000000515e+02,-8.976305099999999584e+02,-8.797134499999999662e+02,1.959188499999999986e-02,9.716641700000000128e+03,1.147422900000000023e+00
1.422500000000000000e+02,7.536211799999999812e+02,-8.991473200000000361e+02,-8.805413999999999533e+02,1.412640500000000021e-01,9.716641700000000128e+03,1.147422900000000023e+00
1.423000000000000114e+02,6.888738399999999729e+02,-8.983658000000000357e+02,-8.813584100000000490e+02,3.711569299999999821e-02,9.716641700000000128e+03,1.147422900000000023e+00
1.423499999999999943e+02,6.594082300000000032e+02,-8.978919799999999896e+02,-8.816120499999999538e+02,-2.954219500000000442e-01,9.716641700000000128e+03,1.147422900000000023e+00
1.424000000000000057e+02,7.481197300000000041e+02,-8.999679599999999482e+02,-8.814978700000000345e+02,8.125005800000000000e-02,9.716641700000000128e+03,1.147422900000000023e+00
1.424499999999999886e+02,6.215269799999999805e+02,-8.968491000000000213e+02,-8.815044100000000071e+02,-1.495117600000000213e-01,9.716641700000000128e+03,1.147422900000000023e+00
1.425000000000000000e+02,6.842862999999999829e+02,-8.976514899999999670e+02,-8.807573599999999487e+02,2.154737000000000180e-01,9.716641700000000128e+03,1.147422900000000023e+00
1.425500000000000114e+02,7.706014900000000125e+02,-8.985506299999999555e+02,-8.795254899999999907e+02,-6.772651600000000049e-02,9.716641700000000128e+03,1.147422900000000023e+00
1.425999999999999943e+02,7.278216400000000021e+02,-8.966710399999999481e+02,-8.787020800000000236e+02,-1.721445500000000073e-01,9.716641700000000128e+03,1.147422900000000023e+00
1.426500000000000057e+02,7.270623299999999745e+02,-8.959628699999999526e+02,-8.780126599999999826e+02,1.821289500000000117e-01,9.716641700000000128e+03,1.147422900000000023e+00
1.426999999999999886e+02,7.447852599999999939e+02,-8.955891000000000304e+02,-8.772013299999999845e+02,-2.061243199999999998e-01,9.716641700000000128e+03,1.147422900000000023e+00
1.427500000000000000e+02,7.917033199999999624e+02,-8.955094400000000405e+02,-8.759633300000000418e+02,3.592542499999999972e-01,9.716641700000000128e+03,1.147422900000000023e+00
1.428000000000000114e+02,8.149273500000000467e+02,-8.957874799999999595e+02,-8.756679900000000316e+02,-2.216599700000000395e-01,9.716641700000000128e+03,1.147422900000000023e+00
1.428499999999999943e+02,8.089426899999999705e+02,-8.970844799999999850e+02,-8.771127500000000055e+02,2.045344200000000223e-01,9.716641700000000128e+03,1.147422900000000023e+00
1.429000000000000057e+02,6.728815399999999727e+02,-8.956230900000000474e+02,-8.790105300000000170e+02,-2.469712599999999980e-02,9.716641700000000128e+03,1.147422900000000023e+00
1.429499999999999886e+02,6.845537500000000364e+02,-8.966318999999999733e+02,-8.797311700000000201e+02,-9.898282299999999756e-02,9.716641700000000128e+03,1.147422900000000023e+00
1.430000000000000000e+02,6.509914099999999735e+02,-8.961888099999999895e+02,-8.801166799999999739e+02,-6.142499000000000570e-02,9.716641700000000128e+03,1.147422900000000023e+00
1.430500000000000114e+02,7.008739799999999605e+02,-8.975160499999999502e+02,-8.802123900000000276e+02,2.530288100000000484e-01,9.716641700000000128e+03,1.147422900000000023e+00
1.430999999999999943e+02,6.783841499999999769e+02,-8.972155900000000202e+02,-8.804671799999999848e+02,-1.357539200000000001e-01,9.716641700000000128e+03,1.147422900000000023e+00
1.431500000000000057e+02,7.062954099999999471e+02,-8.981508800000000292e+02,-8.807133700000000545e+02,3.080040000000000000e-01,9.716641700000000128e+03,1.147422900000000023e+00
1.431999999999999886e+02,7.214490299999999934e+02,-8.990704700000000003e+02,-8.812588399999999638e+02,-1.318639000000000096e-02,9.716641700000000128e+03,1.147422900000000023e+00
1.432500000000000000e+02,6.772261399999999867e+02,-8.987405499999999847e+02,-8.820207299999999577e+02,-4.230076300000000511e-02,9.716641700000000128e+03,1.147422900000000023e+00
1.433000000000000114e+02,7.069945599999999786e+02,-9.000942900000000009e+02,-8.826395199999999477e+02,2.729143500000000278e-02,9.716641700000000128e+03,1.147422900000000023e+00
1.433499999999999943e+02,6.975518899999999576e+02,-9.005379699999999730e+02,-8.833163299999999936e+02,5.666720800000001057e-02,9.716641700000000128e+03,1.147422900000000023e+00
1.434000000000000057e+02,6.436917499999999563e+02,-9.000913799999999583e+02,-8.841994799999999941e+02,-4.591113899999999665e-02,9.716641700000000128e+03,1.147422900000000023e+00
1.434499999999999886e+02,6.715367700000000468e+02,-9.016152600000000348e+02,-8.850358999999999696e+02,1.443247100000000227e-01,9.716641700000000128e+03,1.147422900000000023e+00
1.435000000000000000e+02,6.189981400000000349e+02,-9.008803199999999833e+02,-8.855980700000000070e+02,5.754941599999999907e-02,9.716641700000000128e+03,1.147422900000000023e+00
1.435500000000000114e+02,6.571118699999999535e+02,-9.018158899999999676e+02,-8.855926600000000235e+02,-7.038805500000000492e-02,9.716641700000000128e+03,1.147422900000000023e+00
1.435999999999999943e+02,6.646494800000000396e+02,-9.007754400000000032e+02,-8.843661200000000235e+02,-1.764668399999999929e-02,9.716641700000000128e+03,1.147422900000000023e+00
1.436500000000000057e+02,7.408040200000000368e+02,-9.009107199999999693e+02,-8.826212399999999434e+02,2.792547000000000432e-02,9.716641700000000128e+03,1.147422900000000023e+00
1.436999999999999886e+02,6.872715799999999717e+02,-8.990331899999999905e+02,-8.820653600000000552e+02,1.217585300000000037e-01,9.716641700000000128e+03,1.147422900000000023e+00
1.437500000000000000e+02,7.015608499999999594e+02,-8.991396700000000237e+02,-8.818190600000000359e+02,1.014403500000000125e-01,9.716641700000000128e+03,1.147422900000000023e+00
1.438000000000000114e+02,7.254854000000000269e+02,-8.995385800000000245e+02,-8.816272999999999911e+02,-2.481597099999999917e-02,9.716641700000000128e+03,1.147422900000000023e+00
1.438499999999999943e+02,7.410417899999999918e+02,-8.999094800000000305e+02,-8.816141300000000456e+02,1.067832200000000120e-01,9.716641700000000128e+03,1.147422900000000023e+00
1.439000000000000057e+02,6.933873800000000074e+02,-8.991038899999999785e+02,-8.819850599999999758e+02,2.329820099999999894e-01,9.716641700000000128e+03,1.147422900000000023e+00
1.439499999999999886e+02,7.479352000000000089e+02,-9.013961399999999458e+02,-8.829306000000000267e+02,8.616157100000000624e-02,9.716641700000000128e+03,1.147422900000000023e+00
1.440000000000000000e+02,7.266056999999999562e+02,-9.024107299999999441e+02,-8.844717900000000554e+02,3.479982900000000434e-02,9.716641700000000128e+03,1.147422900000000023e+00
1.440500000000000114e+02,5.921584000000000287e+02,-8.997279300000000148e+02,-8.851083099999999604e+02,2.161051300000000064e-01,9.716641700000000128e+03,1.147422900000000023e+00
1.440999999999999943e+02,6.648045399999999745e+02,-9.011397600000000239e+02,-8.847266100000000506e+02,-3.029942500000000483e-02,9.716641700000000128e+03,1.147422900000000023e+00
1.441500000000000057e+02,6.533987899999999627e+02,-9.001371100000000069e+02,-8.840055499999999711e+02,2.085194800000000348e-01,9.716641700000000128e+03,1.147422900000000023e+00
1.441999999999999886e+02,7.247211200000000417e+02,-9.010316299999999501e+02,-8.831392100000000482e+02,3.668856900000000160e-03,9.716641700000000128e+03,1.147422900000000023e+00
1.442500000000000000e+02,7.018580200000000104e+02,-8.997482700000000477e+02,-8.824203099999999722e+02,1.038971000000000061e-01,9.716641700000000128e+03,1.147422900000000023e+00
1.443000000000000114e+02,6.831908300000000054e+02,-8.987339600000000246e+02,-8.818668800000000374e+02,2.000326600000000288e-01,9.716641700000000128e+03,1.147422900000000023e+00
1.443499999999999943e+02,7.438356400000000122e+02,-8.998147199999999657e+02,-8.814503999999999451e+02,-3.863079000000000512e-02,9.716641700000000128e+03,1.147422900000000023e+00
1.444000000000000057e+02,7.968207800000000134e+02,-9.013835299999999506e+02,-8.817110699999999497e+02,-1.883716900000000083e-02,9.716641700000000128e+03,1.147422900000000023e+00
1.444499999999999886e+02,6.520108999999999924e+02,-8.986451600000000326e+02,-8.825478600000000142e+02,-1.917367299999999941e-01,9.716641700000000128e+03,1.147422900000000023e+00
1.445000000000000000e+02,6.485021299999999655e+02,-8.988422299999999723e+02,-8.828315599999999677e+02,1.300487000000000171e-01,9.716641700000000128e+03,1.147422900000000023e+00
1.445500000000000114e+02,6.948145799999999781e+02,-8.997797600000000102e+02,-8.826257000000000517e+02,-2.012453800000000015e-01,9.716641700000000128e+03,1.147422900000000023e+00
1.445999999999999943e+02,7.397048999999999523e+02,-9.005584499999999935e+02,-8.822961099999999988e+02,8.769212900000000754e-02,9.716641700000000128e+03,1.147422900000000023e+00
1.446500000000000057e+02,7.009330700000000434e+02,-8.995382499999999482e+02,-8.822331299999999601e+02,-8.152088600000000074e-02,9.716641700000000128e+03,1.147422900000000023e+00
1.446999999999999886e+02,7.094073600000000397e+02,-8.995900000000000318e+02,-8.820756699999999455e+02,2.294009000000000326e-02,9.716641700000000128e+03,1.147422900000000023e+00
1.447500000000000000e+02,6.914599799999999732e+02,-8.989668199999999842e+02,-8.818955799999999954e+02,-1.362706800000000086e-02,9.716641700000000128e+03,1.147422900000000023e+00
1.448000000000000114e+02,7.326946400000000494e+02,-8.999005799999999908e+02,-8.818113100000000486e+02,2.641933599999999882e-01,9.716641700000000128e+03,1.147422900000000023e+00
1.448499999999999943e+02,6.887223599999999806e+02,-8.987729199999999992e+02,-8.817692700000000059e+02,-6.396831000000000045e-02,9.716641700000000128e+03,1.147422900000000023e+00
1.449000000000000057e+02,7.392829600000000028e+02,-8.997827700000000277e+02,-8.815308400000000120e+02,-2.040574800000000133e-02,9.716641700000000128e+03,1.147422900000000023e+00
1.449499999999999886e+02,6.984158999999999651e+02,-8.986371900000000323e+02,-8.813942200000000184e+02,-7.164963500000000318e-02,9.716641700000000128e+03,1.147422900000000023e+00
1.450000000000000000e+02,7.116802099999999882e+02,-8.988393499999999676e+02,-8.812689000000000306e+02,3.367568400000000017e-01,9.716641700000000128e+03,1.147422900000000023e+00
1.450500000000000114e+02,7.114863100000000031e+02,-8.986788599999999860e+02,-8.811131900000000314e+02,-4.484317100000000111e-02,9.716641700000000128e+03,1.147422900000000023e+00
1.450999999999999943e+02,7.134842300000000250e+02,-8.986412299999999505e+02,-8.810262400000000298e+02,1.801184799999999975e-01,9.716641700000000128e+03,1.147422900000000023e+00
1.451500000000000057e+02,6.779697300000000268e+02,-8.975853200000000243e+02,-8.808471399999999676e+02,5.180876300000000073e-02,9.716641700000000128e+03,1.147422900000000023e+00
1.451999999999999886e+02,7.257131299999999783e+02,-8.983110100000000102e+02,-8.803940999999999804e+02,-2.900170799999999827e-01,9.716641700000000128e+03,1.147422900000000023e+00
1.452500000000000000e+02,7.310142600000000357e+02,-8.979691299999999501e+02,-8.799213499999999613e+02,1.336558700000000099e-01,9.716641700000000128e+03,1.147422900000000023e+00
1.453000000000000114e+02,6.921461600000000089e+02,-8.967503299999999626e+02,-8.796621499999999969e+02,-2.256351200000000223e-01,9.716641700000000128e+03,1.147422900000000023e+00
1.453499999999999943e+02,7.522601200000000290e+02,-8.981730499999999893e+02,-8.796007399999999734e+02,1.042211100000000057e-01,9.716641700000000128e+03,1.147422900000000023e+00
1.454000000000000057e+02,6.633412899999999581e+02,-8.963265400000000227e+02,-8.799495200000000068e+02,-1.477442900000000003e-01,9.716641700000000128e+03,1.147422900000000023e+00
1.454499999999999886e+02,7.140791699999999764e+02,-8.979201500000000351e+02,-8.802904800000000023e+02,1.185094400000000076e-01,9.716641700000000128e+03,1.147422900000000023e+00
1.455000000000000000e+02,6.633649000000000342e+02,-8.973564199999999573e+02,-8.809788099999999531e+02,-2.696924800000000122e-01,9.716641700000000128e+03,1.147422900000000023e+00
1.455500000000000114e+02,6.428328800000000456e+02,-8.973537599999999657e+02,-8.814830600000000231e+02,-1.661203800000000119e-01,9.716641700000000128e+03,1.147422900000000023e+00
1.455999999999999943e+02,7.037309999999999945e+02,-8.987866299999999455e+02,-8.814124399999999468e+02,-9.451596800000000576e-02,9.716641700000000128e+03,1.147422900000000023e+00
1.456500000000000057e+02,6.815990500000000338e+02,-8.978795400000000200e+02,-8.810517499999999700e+02,-2.510464800000000163e-01,9.716641700000000128e+03,1.147422900000000023e+00
1.456999999999999886e+02,7.149072499999999764e+02,-8.979757499999999482e+02,-8.803256300000000465e+02,-7.814346299999999634e-02,9.716641700000000128e+03,1.147422900000000023e+00
1.457500000000000000e+02,7.441916400000000067e+02,-8.977891200000000254e+02,-8.794160100000000284e+02,-1.744143300000000063e-01,9.716641700000000128e+03,1.147422900000000023e+00
1.458000000000000114e+02,7.154205399999999599e+02,-8.965888599999999542e+02,-8.789260600000000068e+02,-1.105380100000000025e-02,9.716641700000000128e+03,1.147422900000000023e+00
1.458499999999999943e+02,7.549943899999999530e+02,-8.971053600000000188e+02,-8.784655400000000327e+02,-1.148734899999999948e-01,9.716641700000000128e+03,1.147422900000000023e+00
1.459000000000000057e+02,7.764650000000000318e+02,-8.975074299999999994e+02,-8.783375300000000152e+02,-1.091725100000000143e-01,9.716641700000000128e+03,1.147422900000000023e+00
1.459499999999999886e+02,7.055829400000000078e+02,-8.967731099999999742e+02,-8.793532000000000153e+02,4.811391699999999910e-02,9.716641700000000128e+03,1.147422900000000023e+00
1.460000000000000000e+02,6.658525600000000395e+02,-8.973366700000000264e+02,-8.808976499999999987e+02,1.472891900000000143e-01,9.716641700000000128e+03,1.147422900000000023e+00
1.460500000000000114e+02,7.294631000000000540e+02,-8.998562799999999697e+02,-8.818467900000000554e+02,2.821016800000000213e-01,9.716641700000000128e+03,1.147422900000000023e+00
1.460999999999999943e+02,7.380247000000000526e+02,-9.007308900000000449e+02,-8.825100300000000288e+02,-2.096584100000000242e-02,9.716641700000000128e+03,1.147422900000000023e+00
1.461500000000000057e+02,6.736997900000000072e+02,-8.996223999999999705e+02,-8.829896300000000338e+02,-4.484217300000000600e-02,9.716641700000000128e+03,1.147422900000000023e+00
1.461999999999999886e+02,6.840154700000000503e+02,-8.999718400000000429e+02,-8.830843999999999596e+02,3.519293500000000158e-02,9.716641700000000128e+03,1.147422900000000023e+00
1.462500000000000000e+02,6.562527000000000044e+02,-8.992355999999999767e+02,-8.830335800000000290e+02,1.839679400000000017e-03,9.716641700000000128e+03,1.147422900000000023e+00
1.463000000000000114e+02,6.711318300000000363e+02,-8.992113699999999881e+02,-8.826420000000000528e+02,1.578051599999999999e-01,9.716641700000000128e+03,1.147422900000000023e+00
1.463499999999999943e+02,6.903201000000000249e+02,-8.986361600000000180e+02,-8.815930600000000368e+02,-1.723142900000000088e-01,9.716641700000000128e+03,1.147422900000000023e+00
1.464000000000000057e+02,7.332387199999999439e+02,-8.979993100000000368e+02,-8.798966100000000097e+02,-1.340219800000000128e-01,9.716641700000000128e+03,1.147422900000000023e+00
1.464499999999999886e+02,7.774493599999999560e+02,-8.983347099999999728e+02,-8.791404999999999745e+02,2.234277600000000030e-01,9.716641700000000128e+03,1.147422900000000023e+00
1.465000000000000000e+02,7.065441499999999451e+02,-8.967476400000000467e+02,-8.793039899999999989e+02,-9.321140400000000464e-03,9.716641700000000128e+03,1.147422900000000023e+00
1.465500000000000114e+02,7.780545200000000250e+02,-8.989223200000000134e+02,-8.797131799999999657e+02,-3.951852000000000142e-02,9.716641700000000128e+03,1.147422900000000023e+00
1.465999999999999943e+02,7.425949799999999641e+02,-8.992272600000000011e+02,-8.808935699999999542e+02,-2.525147299999999997e-02,9.716641700000000128e+03,1.147422900000000023e+00
1.466500000000000057e+02,6.678214199999999892e+02,-8.983880000000000337e+02,-8.819003599999999778e+02,6.761189800000000361e-02,9.716641700000000128e+03,1.147422900000000023e+00
1.466999999999999886e+02,6.650944299999999885e+02,-8.985739999999999554e+02,-8.821536899999999832e+02,-2.631485100000000021e-01,9.716641700000000128e+03,1.147422900000000023e+00
1.467500000000000000e+02,7.339487100000000055e+02,-8.999971600000000080e+02,-8.818769300000000158e+02,6.913856899999999694e-02,9.716641700000000128e+03,1.147422900000000023e+00
1.468000000000000114e+02,7.105036400000000185e+02,-8.991075100000000475e+02,-8.815661099999999806e+02,-2.808749400000000174e-01,9.716641700000000128e+03,1.147422900000000023e+00
1.468499999999999943e+02,7.112296000000000049e+02,-8.988096900000000460e+02,-8.812503699999999753e+02,7.858369099999999718e-02,9.716641700000000128e+03,1.147422900000000023e+00
1.469000000000000057e+02,7.014252599999999802e+02,-8.979661099999999578e+02,-8.806488399999999501e+02,2.098136900000000318e-02,9.716641700000000128e+03,1.147422900000000023e+00
1.469499999999999886e+02,7.564990500000000111e+02,-8.981319899999999734e+02,-8.794550199999999904e+02,5.946679600000000926e-03,9.716641700000000128e+03,1.147422900000000023e+00
1.470000000000000000e+02,7.908625100000000430e+02,-8.976852099999999837e+02,-8.781598500000000058e+02,-1.139869000000000125e-02,9.716641700000000128e+03,1.147422900000000023e+00
1.470500000000000114e+02,7.870986199999999826e+02,-8.968330700000000206e+02,-8.774006399999999530e+02,-4.370668500000000206e-02,9.716641700000000128e+03,1.147422900000000023e+00
1.470999999999999943e+02,8.155045300000000452e+02,-8.972825800000000527e+02,-8.771488399999999501e+02,8.378991900000000437e-02,9.716641700000000128e+03,1.147422900000000023e+00
1.471500000000000057e+02,7.579941199999999526e+02,-8.972687399999999798e+02,-8.785548599999999624e+02,8.844349200000000549e-03,9.716641700000000128e+03,1.147422900000000023e+00
1.471999999999999886e+02,6.882334499999999480e+02,-8.974784200000000283e+02,-8.804868400000000292e+02,1.307683500000000054e-01,9.716641700000000128e+03,1.147422900000000023e+00
1.472500000000000000e+02,6.549710599999999658e+02,-8.972731499999999869e+02,-8.811027800000000525e+02,1.136598300000000172e-01,9.716641700000000128e+03,1.147422900000000023e+00
1.473000000000000114e+02,7.058566200000000208e+02,-8.985241800000000012e+02,-8.810974999999999682e+02,-3.124586300000000566e-02,9.716641700000000128e+03,1.147422900000000023e+00
1.473499999999999943e+02,7.117299400000000560e+02,-8.985981600000000071e+02,-8.810264799999999923e+02,-1.059553900000000104e-01,9.716641700000000128e+03,1.147422900000000023e+00
1.474000000000000057e+02,7.653982499999999618e+02,-9.001094500000000380e+02,-8.812127699999999777e+02,3.908748000000000222e-01,9.716641700000000128e+03,1.147422900000000023e+00
1.474499999999999886e+02,6.564825299999999970e+02,-8.981502400000000534e+02,-8.819425400000000081e+02,-3.501184200000000413e-01,9.716641700000000128e+03,1.147422900000000023e+00
1.475000000000000000e+02,7.088521399999999630e+02,-9.000880600000000413e+02,-8.825874300000000403e+02,-5.169966600000000523e-02,9.716641700000000128e+03,1.147422900000000023e+00
1.475500000000000114e+02,6.477555200000000468e+02,-8.990546799999999621e+02,-8.830624500000000126e+02,-1.111054699999999978e-01,9.716641700000000128e+03,1.147422900000000023e+00
1.475999999999999943e+02,6.653788399999999683e+02,-8.995162299999999505e+02,-8.830888999999999669e+02,1.120012100000000038e-01,9.716641700000000128e+03,1.147422900000000023e+00
1.476500000000000057e+02,6.762074000000000069e+02,-8.991020499999999629e+02,-8.824073700000000144e+02,-3.417555800000000032e-01,9.716641700000000128e+03,1.147422900000000023e+00
1.476999999999999886e+02,6.845027199999999539e+02,-8.978694900000000416e+02,-8.809700100000000020e+02,-1.896833900000000073e-01,9.716641700000000128e+03,1.147422900000000023e+00
1.477500000000000000e+02,6.915847599999999602e+02,-8.967058100000000422e+02,-8.796314899999999852e+02,-1.051251900000000072e-01,9.716641700000000128e+03,1.147422900000000023e+00
1.478000000000000114e+02,6.843784699999999930e+02,-8.959218799999999874e+02,-8.790254700000000412e+02,-1.412765500000000007e-01,9.716641700000000128e+03,1.147422900000000023e+00
1.478499999999999943e+02,7.381221600000000080e+02,-8.967986100000000533e+02,-8.785753399999999829e+02,-4.029975900000000444e-02,9.716641700000000128e+03,1.147422900000000023e+00
1.479000000000000057e+02,7.165053100000000086e+02,-8.963764999999999645e+02,-8.786869199999999864e+02,2.397211299999999976e-02,9.716641700000000128e+03,1.147422900000000023e+00
1.479499999999999886e+02,6.828722500000000082e+02,-8.961337800000000016e+02,-8.792745599999999513e+02,-1.201821400000000067e-01,9.716641700000000128e+03,1.147422900000000023e+00
1.480000000000000000e+02,6.383673300000000381e+02,-8.955519600000000082e+02,-8.797915100000000166e+02,-2.635035700000000203e-01,9.716641700000000128e+03,1.147422900000000023e+00
1.480500000000000114e+02,7.308893299999999726e+02,-8.980378299999999854e+02,-8.799931299999999510e+02,-8.649323300000000270e-02,9.716641700000000128e+03,1.147422900000000023e+00
1.480999999999999943e+02,6.677470899999999574e+02,-8.969937200000000530e+02,-8.805079200000000128e+02,5.025622700000000054e-02,9.716641700000000128e+03,1.147422900000000023e+00
1.481500000000000057e+02,7.007444600000000037e+02,-8.988778600000000552e+02,-8.815774000000000115e+02,-2.472013899999999931e-01,9.716641700000000128e+03,1.147422900000000023e+00
1.481999999999999886e+02,6.419577399999999443e+02,-8.988711600000000317e+02,-8.830220699999999852e+02,8.017237700000000300e-02,9.716641700000000128e+03,1.147422900000000023e+00
1.482500000000000000e+02,6.291633299999999736e+02,-8.990380499999999984e+02,-8.835048399999999447e+02,-1.278093100000000093e-01,9.716641700000000128e+03,1.147422900000000023e+00
1.483000000000000114e+02,6.774236300000000028e+02,-8.998804699999999457e+02,-8.831557699999999613e+02,1.420969200000000154e-01,9.716641700000000128e+03,1.147422900000000023e+00
1.483499999999999943e+02,6.941292099999999436e+02,-8.995832000000000335e+02,-8.824460599999999886e+02,-1.264862800000000065e-01,9.716641700000000128e+03,1.147422900000000023e+00
1.484000000000000057e+02,7.055612399999999980e+02,-8.990828900000000203e+02,-8.816635099999999738e+02,8.015051500000000551e-02,9.716641700000000128e+03,1.147422900000000023e+00
1.484499999999999886e+02,7.551697799999999461e+02,-8.996088300000000118e+02,-8.809646800000000439e+02,-1.387481400000000094e-02,9.716641700000000128e+03,1.147422900000000023e+00
1.485000000000000000e+02,7.166710900000000493e+02,-8.985325000000000273e+02,-8.808388300000000299e+02,9.970822600000001090e-02,9.716641700000000128e+03,1.147422900000000023e+00
1.485500000000000114e+02,7.100067599999999857e+02,-8.984024500000000444e+02,-8.808733200000000352e+02,3.102224499999999829e-01,9.716641700000000128e+03,1.147422900000000023e+00
1.485999999999999943e+02,6.815716700000000401e+02,-8.977920000000000300e+02,-8.809648899999999685e+02,-2.497633200000000386e-01,9.716641700000000128e+03,1.147422900000000023e+00
1.486500000000000057e+02,7.105997200000000475e+02,-8.986037499999999909e+02,-8.810599799999999959e+02,1.252661899999999995e-01,9.716641700000000128e+03,1.147422900000000023e+00
1.486999999999999886e+02,6.565007900000000518e+02,-8.974954800000000432e+02,-8.812873399999999720e+02,-6.027021400000000598e-03,9.716641700000000128e+03,1.147422900000000023e+00
1.487500000000000000e+02,6.732069599999999809e+02,-8.978858400000000302e+02,-8.812652500000000373e+02,9.077694699999999672e-02,9.716641700000000128e+03,1.147422900000000023e+00
1.488000000000000114e+02,7.318405900000000202e+02,-8.993091100000000324e+02,-8.812409300000000485e+02,5.138407500000000128e-02,9.716641700000000128e+03,1.147422900000000023e+00
1.488499999999999943e+02,6.747838000000000420e+02,-8.982137000000000171e+02,-8.815541699999999992e+02,2.173459400000000430e-01,9.716641700000000128e+03,1.147422900000000023e+00
1.489000000000000057e+02,6.974720499999999674e+02,-8.989426799999999957e+02,-8.817230100000000448e+02,-2.109438800000000211e-02,9.716641700000000128e+03,1.147422900000000023e+00
1.489499999999999886e+02,7.356719500000000380e+02,-9.000929200000000492e+02,-8.819301500000000260e+02,1.450692900000000174e-01,9.716641700000000128e+03,1.147422900000000023e+00
1.490000000000000000e+02,6.601679799999999432e+02,-8.989396100000000160e+02,-8.826409300000000258e+02,-4.719989400000000612e-02,9.716641700000000128e+03,1.147422900000000023e+00
1.490500000000000114e+02,6.355436899999999696e+02,-8.991091199999999617e+02,-8.834183799999999565e+02,-8.212994700000000869e-02,9.716641700000000128e+03,1.147422900000000023e+00
1.490999999999999943e+02,6.780258000000000038e+02,-9.007017399999999725e+02,-8.839621700000000146e+02,2.297119600000000275e-02,9.716641700000000128e+03,1.147422900000000023e+00
1.491500000000000057e+02,6.562164000000000215e+02,-9.004931699999999637e+02,-8.842920500000000175e+02,-3.034707800000000510e-01,9.716641700000000128e+03,1.147422900000000023e+00
1.491999999999999886e+02,6.362036900000000514e+02,-8.997685599999999795e+02,-8.840615299999999479e+02,3.344098700000000535e-02,9.716641700000000128e+03,1.147422900000000023e+00
1.492500000000000000e+02,6.949605900000000247e+02,-9.002620600000000195e+02,-8.831043899999999667e+02,-4.303982900000000167e-02,9.716641700000000128e+03,1.147422900000000023e+00
1.493000000000000114e+02,7.204880799999999681e+02,-8.996914299999999685e+02,-8.819035300000000461e+02,8.386272400000001348e-02,9.716641700000000128e+03,1.147422900000000023e+00
1.493499999999999943e+02,6.650537799999999606e+02,-8.975635200000000395e+02,-8.811442200000000184e+02,-3.076054500000000372e-02,9.716641700000000128e+03,1.147422900000000023e+00
1.494000000000000057e+02,6.663423999999999978e+02,-8.969159799999999905e+02,-8.804648700000000190e+02,-9.907805799999999663e-02,9.716641700000000128e+03,1.147422900000000023e+00
1.494499999999999886e+02,7.621567900000000009e+02,-8.986658200000000534e+02,-8.798491699999999582e+02,-9.751146600000000497e-02,9.716641700000000128e+03,1.147422900000000023e+00
1.495000000000000000e+02,7.277032799999999497e+02,-8.977203299999999899e+02,-8.797542899999999690e+02,-8.366878199999999710e-02,9.716641700000000128e+03,1.147422900000000023e+00
1.495500000000000114e+02,7.803066499999999905e+02,-8.992272699999999759e+02,-8.799625200000000405e+02,-5.584243800000000812e-02,9.716641700000000128e+03,1.147422900000000023e+00
1.495999999999999943e+02,6.104512799999999970e+02,-8.956473200000000361e+02,-8.805760800000000472e+02,-1.720992799999999934e-01,9.716641700000000128e+03,1.147422900000000023e+00
1.496500000000000057e+02,6.480172099999999773e+02,-8.965832000000000335e+02,-8.805845000000000482e+02,-6.457477000000000356e-02,9.716641700000000128e+03,1.147422900000000023e+00
1.496999999999999886e+02,6.970689899999999852e+02,-8.975868299999999635e+02,-8.803771100000000160e+02,8.283106600000000874e-02,9.716641700000000128e+03,1.147422900000000023e+00
1.497500000000000000e+02,6.612543899999999439e+02,-8.965288199999999961e+02,-8.802033199999999624e+02,1.335491700000000226e-01,9.716641700000000128e+03,1.147422900000000023e+00
1.498000000000000114e+02,7.068791800000000194e+02,-8.972389200000000073e+02,-8.797870000000000346e+02,-1.900055599999999900e-01,9.716641700000000128e+03,1.147422900000000023e+00
1.498499999999999943e+02,7.453132000000000517e+02,-8.970238799999999628e+02,-8.786230699999999842e+02,-3.286146600000000029e-01,9.716641700000000128e+03,1.147422900000000023e+00
1.499000000000000057e+02,7.788592200000000503e+02,-8.957767300000000432e+02,-8.765477200000000266e+02,1.630710999999999966e-02,9.716641700000000128e+03,1.147422900000000023e+00
1.499499999999999886e+02,7.793580399999999599e+02,-8.951820599999999786e+02,-8.759407300000000305e+02,-1.143141699999999927e-01,9.716641700000000128e+03,1.147422900000000023e+00
1.500000000000000000e+02,7.631037999999999784e+02,-8.950619100000000117e+02,-8.762218800000000556e+02,1.035312300000000157e-01,9.716641700000000128e+03,1.147422900000000023e+00
1.500500000000000114e+02,7.732199900000000525e+02,-8.963601099999999633e+02,-8.772703199999999697e+02,-7.559494600000001008e-02,9.716641700000000128e+03,1.147422900000000023e+00
1.500999999999999943e+02,7.699850599999999758e+02,-8.976731899999999769e+02,-8.786632700000000114e+02,9.848582400000001347e-02,9.716641700000000128e+03,1.147422900000000023e+00
1.501500000000000057e+02,6.937566900000000487e+02,-8.967664800000000014e+02,-8.796385400000000345e+02,-1.432909200000000161e-01,9.716641700000000128e+03,1.147422900000000023e+00
1.501999999999999886e+02,6.608877400000000080e+02,-8.964511800000000221e+02,-8.801347299999999905e+02,-1.761315400000000031e-01,9.716641700000000128e+03,1.147422900000000023e+00
1.502500000000000000e+02,6.647978799999999637e+02,-8.968166800000000194e+02,-8.804036899999999832e+02,-2.771949000000000288e-02,9.716641700000000128e+03,1.147422900000000023e+00
1.503000000000000114e+02,6.964480600000000550e+02,-8.977710700000000088e+02,-8.805766800000000103e+02,5.515919000000000377e-02,9.716641700000000128e+03,1.147422900000000023e+00
1.503499999999999943e+02,6.739988799999999856e+02,-8.973437800000000379e+02,-8.807036299999999756e+02,-2.194149499999999975e-01,9.716641700000000128e+03,1.147422900000000023e+00
1.504000000000000057e+02,7.254456300000000510e+02,-8.985956899999999905e+02,-8.806853899999999840e+02,1.627532900000000157e-02,9.716641700000000128e+03,1.147422900000000023e+00
1.504499999999999886e+02,7.018672299999999495e+02,-8.982364499999999907e+02,-8.809082600000000411e+02,-1.295548400000000044e-01,9.716641700000000128e+03,1.147422900000000023e+00
1.505000000000000000e+02,7.352973200000000134e+02,-8.995697999999999865e+02,-8.814162800000000288e+02,2.009175300000000108e-01,9.716641700000000128e+03,1.147422900000000023e+00
1.505500000000000114e+02,7.203657299999999850e+02,-9.001653900000000021e+02,-8.823805099999999584e+02,-2.062753100000000103e-02,9.716641700000000128e+03,1.147422900000000023e+00
1.505999999999999943e+02,6.318516100000000506e+02,-8.990126199999999699e+02,-8.834130400000000236e+02,-6.495355800000000672e-03,9.716641700000000128e+03,1.147422900000000023e+00
1.506500000000000057e+02,6.647049600000000282e+02,-9.002242899999999963e+02,-8.838135899999999765e+02,-1.432429000000000063e-01,9.716641700000000128e+03,1.147422900000000023e+00
1.506999999999999886e+02,6.256219999999999573e+02,-8.992207600000000411e+02,-8.837749800000000278e+02,-1.108608600000000055e-01,9.716641700000000128e+03,1.147422900000000023e+00
1.507500000000000000e+02,6.652052499999999782e+02,-8.992648199999999861e+02,-8.828417699999999968e+02,-1.457711700000000228e-02,9.716641700000000128e+03,1.147422900000000023e+00
1.508000000000000114e+02,6.842403600000000097e+02,-8.983472600000000057e+02,-8.814542699999999513e+02,2.296220600000000167e-01,9.716641700000000128e+03,1.147422900000000023e+00
1.508499999999999943e+02,6.875050099999999702e+02,-8.977423499999999876e+02,-8.807687499999999545e+02,-1.445771899999999943e-01,9.716641700000000128e+03,1.147422900000000023e+00
1.509000000000000057e+02,6.491891600000000153e+02,-8.964611700000000383e+02,-8.804335399999999936e+02,5.565672800000000253e-02,9.716641700000000128e+03,1.147422900000000023e+00
1.509499999999999886e+02,6.628622100000000046e+02,-8.963355500000000120e+02,-8.799703500000000531e+02,3.989484699999999717e-02,9.716641700000000128e+03,1.147422900000000023e+00
1.510000000000000000e+02,7.593038599999999860e+02,-8.983450500000000147e+02,-8.795988300000000208e+02,1.437703400000000242e-01,9.716641700000000128e+03,1.147422900000000023e+00
1.510500000000000114e+02,7.239582000000000335e+02,-8.978931800000000294e+02,-8.800195999999999685e+02,9.087099100000001206e-02,9.716641700000000128e+03,1.147422900000000023e+00
1.510999999999999943e+02,6.662955799999999726e+02,-8.972290100000000166e+02,-8.807790499999999838e+02,1.093905500000000169e-01,9.716641700000000128e+03,1.147422900000000023e+00
1.511500000000000057e+02,6.585195400000000063e+02,-8.976127999999999929e+02,-8.813548200000000179e+02,2.529345699999999697e-01,9.716641700000000128e+03,1.147422900000000023e+00
1.511999999999999886e+02,6.883443399999999883e+02,-8.988408500000000458e+02,-8.818465400000000045e+02,2.796421400000000113e-02,9.716641700000000128e+03,1.147422900000000023e+00
1.512500000000000000e+02,6.381844399999999951e+02,-8.982706799999999703e+02,-8.825147399999999607e+02,9.960951800000000800e-02,9.716641700000000128e+03,1.147422900000000023e+00
1.513000000000000114e+02,6.810974300000000312e+02,-8.998791999999999689e+02,-8.830638000000000147e+02,2.586911800000000206e-01,9.716641700000000128e+03,1.147422900000000023e+00
1.513499999999999943e+02,6.485730399999999918e+02,-8.994314799999999650e+02,-8.834190700000000334e+02,1.167367799999999983e-01,9.716641700000000128e+03,1.147422900000000023e+00
1.514000000000000057e+02,6.552883199999999988e+02,-8.995547100000000000e+02,-8.833764999999999645e+02,1.675575100000000206e-01,9.716641700000000128e+03,1.147422900000000023e+00
1.514499999999999886e+02,6.283376200000000154e+02,-8.981893800000000283e+02,-8.826765500000000202e+02,6.505140900000000448e-02,9.716641700000000128e+03,1.147422900000000023e+00
1.515000000000000000e+02,6.948768099999999777e+02,-8.984590399999999590e+02,-8.813034400000000232e+02,1.175141900000000184e-01,9.716641700000000128e+03,1.147422900000000023e+00
1.515500000000000114e+02,6.609800500000000056e+02,-8.966708999999999605e+02,-8.803521700000000010e+02,1.748659399999999975e-01,9.716641700000000128e+03,1.147422900000000023e+00
1.515999999999999943e+02,7.247014000000000351e+02,-8.977700700000000325e+02,-8.798781400000000303e+02,1.454180299999999898e-02,9.716641700000000128e+03,1.147422900000000023e+00
1.516500000000000057e+02,6.666953999999999496e+02,-8.964267300000000205e+02,-8.799668900000000349e+02,-3.042958499999999858e-02,9.716641700000000128e+03,1.147422900000000023e+00
1.516999999999999886e+02,7.338196699999999737e+02,-8.981653999999999769e+02,-8.800483500000000276e+02,2.404046900000000042e-01,9.716641700000000128e+03,1.147422900000000023e+00
1.517500000000000000e+02,7.002203100000000404e+02,-8.977308900000000449e+02,-8.804433699999999590e+02,-5.849179400000000667e-02,9.716641700000000128e+03,1.147422900000000023e+00
1.518000000000000114e+02,6.598868599999999560e+02,-8.973626900000000433e+02,-8.810709500000000389e+02,1.960760099999999950e-01,9.716641700000000128e+03,1.147422900000000023e+00
1.518499999999999943e+02,6.431423399999999901e+02,-8.977127100000000155e+02,-8.818343700000000354e+02,-7.410866300000000517e-02,9.716641700000000128e+03,1.147422900000000023e+00
1.519000000000000057e+02,6.472556700000000092e+02,-8.986463800000000219e+02,-8.826664899999999534e+02,-1.042215300000000067e-01,9.716641700000000128e+03,1.147422900000000023e+00
1.519499999999999886e+02,6.143283900000000131e+02,-8.985238299999999754e+02,-8.833568699999999581e+02,-3.278545700000000136e-03,9.716641700000000128e+03,1.147422900000000023e+00
1.520000000000000000e+02,6.294178200000000061e+02,-8.989032700000000204e+02,-8.833637700000000450e+02,-4.276990299999999801e-02,9.716641700000000128e+03,1.147422900000000023e+00
1.520500000000000114e+02,7.048217600000000402e+02,-8.998880000000000337e+02,-8.824868699999999535e+02,4.315640000000000448e-02,9.716641700000000128e+03,1.147422900000000023e+00
1.520999999999999943e+02,7.088573300000000472e+02,-8.986175299999999879e+02,-8.811167699999999741e+02,7.090921499999999766e-02,9.716641700000000128e+03,1.147422900000000023e+00
1.521500000000000057e+02,7.753059299999999894e+02,-8.991811699999999519e+02,-8.800398900000000140e+02,1.845152300000000023e-01,9.716641700000000128e+03,1.147422900000000023e+00
1.521999999999999886e+02,7.036017100000000255e+02,-8.971710100000000239e+02,-8.798000100000000430e+02,1.921005100000000299e-01,9.716641700000000128e+03,1.147422900000000023e+00
1.522500000000000000e+02,7.135992899999999963e+02,-8.972875900000000229e+02,-8.796697599999999966e+02,-5.614192000000000488e-02,9.716641700000000128e+03,1.147422900000000023e+00
1.523000000000000114e+02,7.022265899999999874e+02,-8.971217400000000453e+02,-8.797846899999999550e+02,-5.539281600000000444e-02,9.716641700000000128e+03,1.147422900000000023e+00
1.523499999999999943e+02,7.166317500000000109e+02,-8.977900799999999890e+02,-8.800973800000000438e+02,3.680818400000000490e-01,9.716641700000000128e+03,1.147422900000000023e+00
1.524000000000000057e+02,7.058876800000000458e+02,-8.981421199999999772e+02,-8.807146800000000439e+02,1.809098799999999951e-01,9.716641700000000128e+03,1.147422900000000023e+00
1.524499999999999886e+02,6.552376600000000053e+02,-8.979969399999999951e+02,-8.818199799999999868e+02,-3.193458700000000039e-02,9.716641700000000128e+03,1.147422900000000023e+00
1.525000000000000000e+02,6.384108499999999822e+02,-8.987819299999999885e+02,-8.830204099999999698e+02,9.154647600000000163e-02,9.716641700000000128e+03,1.147422900000000023e+00
1.525500000000000114e+02,6.656128200000000561e+02,-9.002792899999999463e+02,-8.838461800000000039e+02,8.105275900000000200e-02,9.716641700000000128e+03,1.147422900000000023e+00
1.525999999999999943e+02,6.518002099999999928e+02,-9.003310400000000300e+02,-8.842389399999999569e+02,-9.255627000000000645e-03,9.716641700000000128e+03,1.147422900000000023e+00
1.526500000000000057e+02,6.258504500000000235e+02,-8.993126300000000128e+02,-8.838612100000000282e+02,-3.893765799999999999e-02,9.716641700000000128e+03,1.147422900000000023e+00
1.526999999999999886e+02,7.295534000000000106e+02,-8.995252199999999903e+02,-8.815135099999999966e+02,1.141064000000000106e-01,9.716641700000000128e+03,1.147422900000000023e+00
1.527500000000000000e+02,7.090698700000000372e+02,-8.977971000000000004e+02,-8.802911000000000286e+02,1.050681499999999990e-01,9.716641700000000128e+03,1.147422900000000023e+00
1.528000000000000114e+02,7.008939699999999675e+02,-8.973547499999999673e+02,-8.800506000000000313e+02,-1.421314900000000270e-01,9.716641700000000128e+03,1.147422900000000023e+00
1.528499999999999943e+02,6.900060099999999466e+02,-8.972011599999999589e+02,-8.801658200000000534e+02,-6.824361199999999517e-02,9.716641700000000128e+03,1.147422900000000023e+00
1.529000000000000057e+02,7.122199000000000524e+02,-8.977302200000000312e+02,-8.801464399999999841e+02,1.138462399999999874e-01,9.716641700000000128e+03,1.147422900000000023e+00
1.529499999999999886e+02,6.765556400000000394e+02,-8.966716499999999996e+02,-8.799683800000000247e+02,6.042724899999999538e-02,9.716641700000000128e+03,1.147422900000000023e+00
1.530000000000000000e+02,7.318717900000000327e+02,-8.974252500000000055e+02,-8.793562899999999445e+02,-8.116526400000000085e-02,9.716641700000000128e+03,1.147422900000000023e+00
1.530500000000000114e+02,7.160954100000000153e+02,-8.964237699999999904e+02,-8.787443100000000413e+02,1.113035800000000131e-01,9.716641700000000128e+03,1.147422900000000023e+00
1.530999999999999943e+02,7.538686300000000529e+02,-8.968006900000000314e+02,-8.781886700000000019e+02,5.149183600000000610e-02,9.716641700000000128e+03,1.147422900000000023e+00
1.531500000000000057e+02,7.683861699999999928e+02,-8.971388899999999467e+02,-8.781684500000000071e+02,-4.233786700000000125e-02,9.716641700000000128e+03,1.147422900000000023e+00
1.531999999999999886e+02,7.001292399999999816e+02,-8.963664400000000114e+02,-8.790811700000000428e+02,-8.119446500000000733e-02,9.716641700000000128e+03,1.147422900000000023e+00
1.532500000000000000e+02,6.844129100000000108e+02,-8.972347499999999627e+02,-8.803374900000000025e+02,6.958042500000000130e-02,9.716641700000000128e+03,1.147422900000000023e+00
1.533000000000000114e+02,6.472957099999999855e+02,-8.972817000000000007e+02,-8.813008200000000443e+02,1.053467599999999976e-01,9.716641700000000128e+03,1.147422900000000023e+00
1.533499999999999943e+02,6.507011099999999715e+02,-8.977101999999999862e+02,-8.816452399999999443e+02,-2.777001499999999790e-01,9.716641700000000128e+03,1.147422900000000023e+00
1.534000000000000057e+02,6.973002400000000307e+02,-8.988907400000000507e+02,-8.816753200000000561e+02,1.797873200000000005e-01,9.716641700000000128e+03,1.147422900000000023e+00
1.534499999999999886e+02,7.376739099999999780e+02,-8.999844299999999748e+02,-8.817722300000000359e+02,2.170335399999999970e-01,9.716641700000000128e+03,1.147422900000000023e+00
1.535000000000000000e+02,6.832751100000000406e+02,-8.991555200000000241e+02,-8.822863499999999704e+02,2.645803800000000039e-01,9.716641700000000128e+03,1.147422900000000023e+00
1.535500000000000114e+02,6.705071599999999989e+02,-8.992371799999999666e+02,-8.826832399999999552e+02,1.581162399999999912e-01,9.716641700000000128e+03,1.147422900000000023e+00
1.535999999999999943e+02,7.154835000000000491e+02,-9.006706199999999853e+02,-8.830062699999999722e+02,-1.146359000000000093e-02,9.716641700000000128e+03,1.147422900000000023e+00
1.536500000000000057e+02,6.482688799999999674e+02,-8.993432699999999613e+02,-8.833383599999999660e+02,-9.822071300000000116e-02,9.716641700000000128e+03,1.147422900000000023e+00
1.536999999999999886e+02,6.379705699999999524e+02,-8.989753100000000359e+02,-8.832246499999999969e+02,-2.914006600000000266e-02,9.716641700000000128e+03,1.147422900000000023e+00
1.537500000000000000e+02,6.592677700000000414e+02,-8.992010400000000345e+02,-8.829245899999999665e+02,5.560646600000000023e-02,9.716641700000000128e+03,1.147422900000000023e+00
1.538000000000000114e+02,6.733797799999999825e+02,-8.991747599999999920e+02,-8.825498999999999796e+02,1.317384199999999950e-01,9.716641700000000128e+03,1.147422900000000023e+00
1.538499999999999943e+02,6.381178999999999633e+02,-8.977417500000000246e+02,-8.819874600000000555e+02,1.972871400000000310e-03,9.716641700000000128e+03,1.147422900000000023e+00
1.539000000000000057e+02,7.245048199999999952e+02,-8.989897700000000214e+02,-8.811027000000000271e+02,1.042421300000000023e-01,9.716641700000000128e+03,1.147422900000000023e+00
1.539499999999999886e+02,7.114168399999999792e+02,-8.980818600000000060e+02,-8.805179100000000290e+02,-1.214600300000000070e-02,9.716641700000000128e+03,1.147422900000000023e+00
1.540000000000000000e+02,7.643287500000000136e+02,-8.991468200000000479e+02,-8.802765500000000429e+02,2.015355500000000077e-01,9.716641700000000128e+03,1.147422900000000023e+00
1.540500000000000114e+02,7.482325700000000097e+02,-8.991544199999999591e+02,-8.806815400000000409e+02,3.453561900000000073e-01,9.716641700000000128e+03,1.147422900000000023e+00
1.540999999999999943e+02,7.060832699999999704e+02,-8.993375800000000027e+02,-8.819053099999999858e+02,-6.372282599999999630e-02,9.716641700000000128e+03,1.147422900000000023e+00
1.541500000000000057e+02,6.704790900000000420e+02,-8.996781999999999471e+02,-8.831249500000000126e+02,3.939703900000000175e-02,9.716641700000000128e+03,1.147422900000000023e+00
1.541999999999999886e+02,6.616818299999999908e+02,-8.999232200000000148e+02,-8.835871700000000146e+02,-1.737845500000000099e-02,9.716641700000000128e+03,1.147422900000000023e+00
1.542500000000000000e+02,6.474059899999999743e+02,-8.994669800000000350e+02,-8.834833700000000363e+02,1.202332400000000051e-01,9.716641700000000128e+03,1.147422900000000023e+00
1.543000000000000114e+02,6.670621300000000247e+02,-8.996117799999999534e+02,-8.831428899999999658e+02,-9.930270500000000500e-02,9.716641700000000128e+03,1.147422900000000023e+00
1.543499999999999943e+02,6.122843800000000556e+02,-8.976939099999999598e+02,-8.825774199999999610e+02,-8.560040700000000335e-02,9.716641700000000128e+03,1.147422900000000023e+00
1.544000000000000057e+02,6.731278099999999540e+02,-8.980951099999999769e+02,-8.814764699999999493e+02,-5.914102100000000195e-02,9.716641700000000128e+03,1.147422900000000023e+00
1.544499999999999886e+02,7.231882100000000264e+02,-8.984999099999999999e+02,-8.806453400000000329e+02,-8.360850100000000173e-02,9.716641700000000128e+03,1.147422900000000023e+00
1.545000000000000000e+02,7.445319299999999885e+02,-8.987750899999999774e+02,-8.803935699999999542e+02,-1.108955999999999970e-01,9.716641700000000128e+03,1.147422900000000023e+00
1.545500000000000114e+02,7.033576000000000477e+02,-8.980144199999999728e+02,-8.806494500000000016e+02,-1.594663500000000067e-01,9.716641700000000128e+03,1.147422900000000023e+00
1.545999999999999943e+02,6.535592500000000200e+02,-8.970749399999999696e+02,-8.809394200000000410e+02,1.188135100000000006e-02,9.716641700000000128e+03,1.147422900000000023e+00
1.546500000000000057e+02,6.957939099999999826e+02,-8.981544199999999591e+02,-8.809761799999999994e+02,8.392187800000000530e-02,9.716641700000000128e+03,1.147422900000000023e+00
1.546999999999999886e+02,7.221374600000000328e+02,-8.988554799999999432e+02,-8.810268600000000561e+02,-1.316699699999999973e-01,9.716641700000000128e+03,1.147422900000000023e+00
1.547500000000000000e+02,6.852315899999999829e+02,-8.981726300000000265e+02,-8.812551600000000462e+02,7.772483500000000600e-02,9.716641700000000128e+03,1.147422900000000023e+00
1.548000000000000114e+02,6.884684700000000248e+02,-8.983280999999999494e+02,-8.813307200000000421e+02,5.620812399999999820e-02,9.716641700000000128e+03,1.147422900000000023e+00
1.548499999999999943e+02,6.889509299999999712e+02,-8.980337600000000293e+02,-8.810244699999999511e+02,9.684126700000000865e-02,9.716641700000000128e+03,1.147422900000000023e+00
1.549000000000000057e+02,7.290819300000000567e+02,-8.982217200000000048e+02,-8.802216399999999794e+02,-2.099690500000000182e-01,9.716641700000000128e+03,1.147422900000000023e+00
1.549499999999999886e+02,7.248911299999999756e+02,-8.971717099999999618e+02,-8.792750999999999522e+02,-5.582921600000000442e-03,9.716641700000000128e+03,1.147422900000000023e+00
1.550000000000000000e+02,6.987693100000000186e+02,-8.959406000000000176e+02,-8.786888999999999896e+02,-1.136274699999999943e-01,9.716641700000000128e+03,1.147422900000000023e+00
1.550500000000000114e+02,6.969191600000000335e+02,-8.957045799999999645e+02,-8.784985599999999977e+02,-1.427451000000000136e-01,9.716641700000000128e+03,1.147422900000000023e+00
1.550999999999999943e+02,7.030455600000000231e+02,-8.956746399999999539e+02,-8.783173699999999826e+02,-4.733296600000000409e-02,9.716641700000000128e+03,1.147422900000000023e+00
1.551500000000000057e+02,7.113222799999999779e+02,-8.959233100000000150e+02,-8.783616899999999532e+02,7.231726200000000715e-02,9.716641700000000128e+03,1.147422900000000023e+00
1.551999999999999886e+02,6.979132299999999987e+02,-8.964144199999999501e+02,-8.791838500000000067e+02,-8.305420299999999659e-03,9.716641700000000128e+03,1.147422900000000023e+00
1.552500000000000000e+02,6.894628400000000283e+02,-8.975999299999999721e+02,-8.805779999999999745e+02,-2.119247400000000281e-01,9.716641700000000128e+03,1.147422900000000023e+00
1.553000000000000114e+02,6.412683600000000297e+02,-8.972074000000000069e+02,-8.813753299999999626e+02,4.643254600000000509e-02,9.716641700000000128e+03,1.147422900000000023e+00
1.553499999999999943e+02,6.640135699999999588e+02,-8.978821599999999989e+02,-8.814885399999999436e+02,1.432285300000000206e-01,9.716641700000000128e+03,1.147422900000000023e+00
1.554000000000000057e+02,6.778182900000000473e+02,-8.980303999999999860e+02,-8.812959499999999480e+02,-2.755858200000000369e-01,9.716641700000000128e+03,1.147422900000000023e+00
1.554499999999999886e+02,6.823717000000000326e+02,-8.976897900000000163e+02,-8.808429300000000239e+02,1.329180500000000098e-01,9.716641700000000128e+03,1.147422900000000023e+00
1.555000000000000000e+02,7.027162200000000212e+02,-8.973672199999999748e+02,-8.800180800000000545e+02,1.481328800000000084e-02,9.716641700000000128e+03,1.147422900000000023e+00
1.555500000000000114e+02,8.045047700000000077e+02,-8.985909599999999955e+02,-8.787287900000000036e+02,2.168728000000000045e-01,9.716641700000000128e+03,1.147422900000000023e+00
1.555999999999999943e+02,7.518017200000000457e+02,-8.967155900000000202e+02,-8.781545899999999847e+02,-1.559510900000000144e-01,9.716641700000000128e+03,1.147422900000000023e+00
1.556500000000000057e+02,7.325055599999999458e+02,-8.962737300000000005e+02,-8.781891299999999774e+02,1.910967000000000082e-01,9.716641700000000128e+03,1.147422900000000023e+00
1.556999999999999886e+02,7.310172999999999774e+02,-8.970849600000000237e+02,-8.790371000000000095e+02,8.115296100000000956e-02,9.716641700000000128e+03,1.147422900000000023e+00
1.557500000000000000e+02,6.689334099999999808e+02,-8.971312900000000354e+02,-8.806162000000000489e+02,-7.583993699999999616e-02,9.716641700000000128e+03,1.147422900000000023e+00
1.558000000000000114e+02,6.877215800000000172e+02,-8.985889300000000048e+02,-8.816099799999999505e+02,2.034808500000000187e-01,9.716641700000000128e+03,1.147422900000000023e+00
1.558499999999999943e+02,6.394495699999999943e+02,-8.979204099999999471e+02,-8.821332400000000007e+02,7.855981600000000453e-02,9.716641700000000128e+03,1.147422900000000023e+00
1.559000000000000057e+02,6.816450099999999566e+02,-8.990578699999999799e+02,-8.822289399999999659e+02,1.323962899999999998e-01,9.716641700000000128e+03,1.147422900000000023e+00
1.559499999999999886e+02,6.898061999999999898e+02,-8.990959699999999657e+02,-8.820655600000000049e+02,-1.355190300000000125e-01,9.716641700000000128e+03,1.147422900000000023e+00
1.560000000000000000e+02,7.372675799999999526e+02,-8.995963600000000042e+02,-8.813941899999999805e+02,-2.185784700000000247e-01,9.716641700000000128e+03,1.147422900000000023e+00
1.560500000000000114e+02,7.102238700000000335e+02,-8.979982400000000098e+02,-8.804637400000000298e+02,1.341615100000000116e-01,9.716641700000000128e+03,1.147422900000000023e+00
1.560999999999999943e+02,7.095737199999999802e+02,-8.967720500000000357e+02,-8.792536099999999806e+02,-1.943015200000000053e-01,9.716641700000000128e+03,1.147422900000000023e+00
1.561500000000000057e+02,7.343882399999999961e+02,-8.962289299999999912e+02,-8.780978499999999940e+02,4.092356500000000202e-02,9.716641700000000128e+03,1.147422900000000023e+00
1.561999999999999886e+02,8.047942500000000337e+02,-8.974327399999999670e+02,-8.775634300000000394e+02,1.125403400000000026e-01,9.716641700000000128e+03,1.147422900000000023e+00
1.562500000000000000e+02,7.750483900000000403e+02,-8.969807200000000194e+02,-8.778457899999999654e+02,-3.264283099999999993e-01,9.716641700000000128e+03,1.147422900000000023e+00
1.563000000000000114e+02,7.548541000000000167e+02,-8.969957299999999805e+02,-8.783593799999999874e+02,1.144364499999999951e-01,9.716641700000000128e+03,1.147422900000000023e+00
1.563499999999999943e+02,7.021663999999999533e+02,-8.964632500000000164e+02,-8.791276800000000549e+02,-1.942036200000000212e-01,9.716641700000000128e+03,1.147422900000000023e+00
1.564000000000000057e+02,7.258713599999999815e+02,-8.978869600000000446e+02,-8.799661399999999958e+02,2.749541200000000241e-01,9.716641700000000128e+03,1.147422900000000023e+00
1.564499999999999886e+02,6.917081500000000460e+02,-8.976610399999999572e+02,-8.805836799999999585e+02,-9.854243500000001155e-02,9.716641700000000128e+03,1.147422900000000023e+00
1.565000000000000000e+02,7.453731900000000223e+02,-8.993426799999999730e+02,-8.809403999999999542e+02,7.829262600000000405e-02,9.716641700000000128e+03,1.147422900000000023e+00
1.565500000000000114e+02,6.616868899999999485e+02,-8.978504199999999855e+02,-8.815142399999999725e+02,6.770251500000000477e-02,9.716641700000000128e+03,1.147422900000000023e+00
1.565999999999999943e+02,6.694738300000000208e+02,-8.983888600000000224e+02,-8.818604299999999512e+02,2.487513100000000310e-01,9.716641700000000128e+03,1.147422900000000023e+00
1.566500000000000057e+02,6.713972999999999729e+02,-8.984968599999999697e+02,-8.819209399999999732e+02,-1.560487800000000258e-01,9.716641700000000128e+03,1.147422900000000023e+00
1.566999999999999886e+02,6.826137400000000071e+02,-8.981999399999999696e+02,-8.813471100000000433e+02,1.941317500000000126e-02,9.716641700000000128e+03,1.147422900000000023e+00
1.567500000000000000e+02,7.839546400000000403e+02,-8.988148300000000290e+02,-8.794600199999999859e+02,-2.781383200000000361e-02,9.716641700000000128e+03,1.147422900000000023e+00
1.568000000000000114e+02,7.245748399999999947e+02,-8.964602200000000494e+02,-8.785714199999999892e+02,1.028390200000000032e-01,9.716641700000000128e+03,1.147422900000000023e+00
1.568499999999999943e+02,7.919229000000000269e+02,-8.983155000000000427e+02,-8.787639599999999973e+02,5.865863400000000116e-02,9.716641700000000128e+03,1.147422900000000023e+00
1.569000000000000057e+02,7.377028999999999996e+02,-8.979148900000000140e+02,-8.797019699999999602e+02,8.204680899999999832e-02,9.716641700000000128e+03,1.147422900000000023e+00
1.569499999999999886e+02,6.639910099999999602e+02,-8.970185300000000552e+02,-8.806254599999999755e+02,4.357532400000000035e-03,9.716641700000000128e+03,1.147422900000000023e+00
1.570000000000000000e+02,6.957703599999999824e+02,-8.981997099999999818e+02,-8.810220600000000104e+02,1.719024800000000172e-02,9.716641700000000128e+03,1.147422900000000023e+00
1.570500000000000114e+02,6.821972299999999905e+02,-8.980846599999999853e+02,-8.812421100000000251e+02,-2.609753700000000051e-02,9.716641700000000128e+03,1.147422900000000023e+00
1.570999999999999943e+02,6.699720399999999927e+02,-8.978398300000000063e+02,-8.812990999999999531e+02,2.830763700000000008e-02,9.716641700000000128e+03,1.147422900000000023e+00
1.571500000000000057e+02,7.235250600000000532e+02,-8.991593299999999545e+02,-8.812964399999999614e+02,-2.433679400000000187e-02,9.716641700000000128e+03,1.147422900000000023e+00
1.571999999999999886e+02,7.860166799999999512e+02,-9.010413300000000163e+02,-8.816356100000000424e+02,1.648627100000000026e-02,9.716641700000000128e+03,1.147422900000000023e+00
1.572500000000000000e+02,6.492603299999999535e+02,-8.989510099999999966e+02,-8.829216300000000501e+02,-1.350387000000000115e-01,9.716641700000000128e+03,1.147422900000000023e+00
1.573000000000000114e+02,6.876847599999999829e+02,-9.010332300000000032e+02,-8.840551900000000387e+02,-1.279650100000000179e-01,9.716641700000000128e+03,1.147422900000000023e+00
1.573499999999999943e+02,6.262782200000000330e+02,-9.000786500000000387e+02,-8.846166600000000244e+02,1.438732400000000133e-01,9.716641700000000128e+03,1.147422900000000023e+00
1.574000000000000057e+02,6.730617200000000366e+02,-9.011688199999999824e+02,-8.845518100000000459e+02,-2.973008100000000264e-01,9.716641700000000128e+03,1.147422900000000023e+00
1.574499999999999886e+02,6.729700400000000400e+02,-9.008880599999999959e+02,-8.842733200000000124e+02,9.950000599999999848e-03,9.716641700000000128e+03,1.147422900000000023e+00
1.575000000000000000e+02,6.366419700000000148e+02,-8.995568399999999656e+02,-8.838389799999999923e+02,-1.521372699999999911e-01,9.716641700000000128e+03,1.147422900000000023e+00
1.575500000000000114e+02,7.205907300000000077e+02,-9.009792099999999664e+02,-8.831887699999999768e+02,-2.091609200000000002e-01,9.716641700000000128e+03,1.147422900000000023e+00
1.575999999999999943e+02,6.746241199999999480e+02,-8.993257999999999583e+02,-8.826702199999999721e+02,2.284028300000000011e-01,9.716641700000000128e+03,1.147422900000000023e+00
1.576500000000000057e+02,7.036336999999999762e+02,-8.992245599999999968e+02,-8.818527699999999641e+02,-1.576045000000000085e-01,9.716641700000000128e+03,1.147422900000000023e+00
1.576999999999999886e+02,7.035530199999999468e+02,-8.983741700000000492e+02,-8.810043699999999944e+02,-2.943366500000000469e-02,9.716641700000000128e+03,1.147422900000000023e+00
1.577500000000000000e+02,7.135247600000000148e+02,-8.979773900000000140e+02,-8.803614000000000033e+02,-8.022309300000000573e-03,9.716641700000000128e+03,1.147422900000000023e+00
1.578000000000000114e+02,7.465172400000000152e+02,-8.985485800000000154e+02,-8.801180500000000393e+02,1.694951299999999939e-01,9.716641700000000128e+03,1.147422900000000023e+00
1.578499999999999943e+02,6.910094000000000278e+02,-8.974235499999999774e+02,-8.803634299999999939e+02,-1.729535700000000009e-01,9.716641700000000128e+03,1.147422900000000023e+00
1.579000000000000057e+02,7.374068399999999883e+02,-8.987868600000000470e+02,-8.805812499999999545e+02,-1.918076900000000029e-01,9.716641700000000128e+03,1.147422900000000023e+00
1.579499999999999886e+02,7.150408099999999649e+02,-8.984898100000000341e+02,-8.808364000000000260e+02,-3.015305000000000415e-02,9.716641700000000128e+03,1.147422900000000023e+00
1.580000000000000000e+02,7.218042799999999488e+02,-8.990018599999999651e+02,-8.811814600000000155e+02,1.639508100000000024e-01,9.716641700000000128e+03,1.147422900000000023e+00
1.580500000000000114e+02,7.082480600000000095e+02,-8.990265600000000177e+02,-8.815408400000000029e+02,3.360196300000000552e-02,9.716641700000000128e+03,1.147422900000000023e+00
1.580999999999999943e+02,7.016445899999999938e+02,-8.990960700000000543e+02,-8.817733899999999494e+02,5.649947100000000944e-02,9.716641700000000128e+03,1.147422900000000023e+00
1.581500000000000057e+02,6.785101799999999912e+02,-8.986145699999999579e+02,-8.818630399999999554e+02,-1.913003200000000237e-01,9.716641700000000128e+03,1.147422900000000023e+00
1.581999999999999886e+02,6.674172600000000557e+02,-8.982060400000000300e+02,-8.817283899999999903e+02,8.592485500000000831e-02,9.716641700000000128e+03,1.147422900000000023e+00
1.582500000000000000e+02,7.144428299999999581e+02,-8.989625399999999900e+02,-8.813238900000000058e+02,-2.874886800000000520e-01,9.716641700000000128e+03,1.147422900000000023e+00
1.583000000000000114e+02,7.359462999999999511e+02,-8.990366199999999708e+02,-8.808670700000000124e+02,9.922187500000000104e-02,9.716641700000000128e+03,1.147422900000000023e+00
1.583499999999999943e+02,7.063159200000000055e+02,-8.977083800000000338e+02,-8.802703699999999571e+02,2.532576100000000219e-02,9.716641700000000128e+03,1.147422900000000023e+00
1.584000000000000057e+02,8.012980999999999767e+02,-8.989461900000000014e+02,-8.791631999999999607e+02,6.896127700000000138e-02,9.716641700000000128e+03,1.147422900000000023e+00
1.584499999999999886e+02,7.263263500000000477e+02,-8.964664500000000089e+02,-8.785344000000000051e+02,1.016700000000000104e-01,9.716641700000000128e+03,1.147422900000000023e+00
1.585000000000000000e+02,7.876007200000000239e+02,-8.975797800000000279e+02,-8.781349599999999782e+02,1.281325000000000103e-01,9.716641700000000128e+03,1.147422900000000023e+00
1.585500000000000114e+02,7.353373000000000275e+02,-8.968950999999999567e+02,-8.787405899999999974e+02,-5.340234900000000867e-02,9.716641700000000128e+03,1.147422900000000023e+00
1.585999999999999943e+02,6.846958899999999630e+02,-8.973264199999999846e+02,-8.804221800000000258e+02,-2.439589100000000288e-01,9.716641700000000128e+03,1.147422900000000023e+00
1.586500000000000057e+02,7.279848500000000513e+02,-8.995140999999999849e+02,-8.815411100000000033e+02,-1.231446500000000013e-02,9.716641700000000128e+03,1.147422900000000023e+00
1.586999999999999886e+02,7.229373399999999492e+02,-8.998868999999999687e+02,-8.820385199999999486e+02,-3.530203900000000172e-01,9.716641700000000128e+03,1.147422900000000023e+00
1.587500000000000000e+02,6.458387300000000550e+02,-8.980940399999999499e+02,-8.821491300000000138e+02,4.338061500000000431e-03,9.716641700000000128e+03,1.147422900000000023e+00
1.588000000000000114e+02,7.184335999999999558e+02,-8.995083799999999883e+02,-8.817712000000000216e+02,-2.663637900000000447e-01,9.716641700000000128e+03,1.147422900000000023e+00
1.588499999999999943e+02,7.451211700000000064e+02,-8.996469600000000355e+02,-8.812508900000000267e+02,5.506170700000000140e-02,9.716641700000000128e+03,1.147422900000000023e+00
1.589000000000000057e+02,7.110546500000000378e+02,-8.983610700000000406e+02,-8.808060600000000022e+02,1.034456200000000159e-01,9.716641700000000128e+03,1.147422900000000023e+00
1.589499999999999886e+02,7.837852400000000443e+02,-8.994908299999999599e+02,-8.801402100000000246e+02,-1.539400900000000294e-01,9.716641700000000128e+03,1.147422900000000023e+00
1.590000000000000000e+02,7.450909400000000460e+02,-8.980624000000000251e+02,-8.796670800000000554e+02,8.877324700000001345e-02,9.716641700000000128e+03,1.147422900000000023e+00
1.590500000000000114e+02,7.183062899999999900e+02,-8.974175000000000182e+02,-8.796834599999999682e+02,5.072270200000000145e-02,9.716641700000000128e+03,1.147422900000000023e+00
1.590999999999999943e+02,6.783750199999999495e+02,-8.968295200000000023e+02,-8.800813299999999799e+02,1.572143800000000147e-01,9.716641700000000128e+03,1.147422900000000023e+00
1.591500000000000057e+02,7.013444100000000390e+02,-8.978422500000000355e+02,-8.805269799999999805e+02,-9.367942000000001324e-02,9.716641700000000128e+03,1.147422900000000023e+00
1.591999999999999886e+02,7.045787199999999757e+02,-8.987377900000000182e+02,-8.813426699999999983e+02,1.114661300000000105e-01,9.716641700000000128e+03,1.147422900000000023e+00
1.592500000000000000e+02,6.640360600000000204e+02,-8.988161999999999807e+02,-8.824220199999999750e+02,1.594639399999999985e-01,9.716641700000000128e+03,1.147422900000000023e+00
1.593000000000000114e+02,6.848743200000000115e+02,-8.999845299999999497e+02,-8.830758799999999837e+02,3.265765200000000229e-02,9.716641700000000128e+03,1.147422900000000023e+00
1.593499999999999943e+02,6.586812499999999773e+02,-8.997481999999999971e+02,-8.834862200000000030e+02,4.860573500000000581e-03,9.716641700000000128e+03,1.147422900000000023e+00
1.594000000000000057e+02,6.235078300000000127e+02,-8.989547999999999774e+02,-8.835612099999999600e+02,4.405030900000000277e-02,9.716641700000000128e+03,1.147422900000000023e+00
1.594499999999999886e+02,6.547554099999999835e+02,-8.991036400000000413e+02,-8.829385800000000017e+02,1.775046000000000124e-01,9.716641700000000128e+03,1.147422900000000023e+00
1.595000000000000000e+02,6.688389799999999923e+02,-8.978616299999999910e+02,-8.813488700000000335e+02,6.835591800000000162e-02,9.716641700000000128e+03,1.147422900000000023e+00
1.595500000000000114e+02,7.184972199999999702e+02,-8.978704099999999926e+02,-8.801316600000000108e+02,-1.205249200000000076e-01,9.716641700000000128e+03,1.147422900000000023e+00
1.595999999999999943e+02,7.760756800000000339e+02,-8.990933999999999742e+02,-8.799331100000000561e+02,-2.118294300000000269e-03,9.716641700000000128e+03,1.147422900000000023e+00
1.596500000000000057e+02,7.036172800000000507e+02,-8.974718100000000049e+02,-8.801004299999999603e+02,-6.804293900000001061e-02,9.716641700000000128e+03,1.147422900000000023e+00
1.596999999999999886e+02,7.053735599999999977e+02,-8.974879100000000562e+02,-8.800731600000000299e+02,7.405303400000000369e-02,9.716641700000000128e+03,1.147422900000000023e+00
1.597500000000000000e+02,7.489862299999999777e+02,-8.986912600000000566e+02,-8.801997699999999440e+02,2.476128200000000112e-01,9.716641700000000128e+03,1.147422900000000023e+00
1.598000000000000114e+02,6.709456300000000510e+02,-8.974996200000000499e+02,-8.809348599999999578e+02,-1.497057300000000091e-01,9.716641700000000128e+03,1.147422900000000023e+00
1.598499999999999943e+02,7.181758899999999812e+02,-8.997174700000000485e+02,-8.819866500000000542e+02,3.720156399999999808e-01,9.716641700000000128e+03,1.147422900000000023e+00
1.599000000000000057e+02,6.665561900000000151e+02,-8.994010399999999663e+02,-8.829446400000000494e+02,-1.122576299999999971e-01,9.716641700000000128e+03,1.147422900000000023e+00
1.599499999999999886e+02,6.484120900000000347e+02,-8.993124500000000126e+02,-8.833040099999999484e+02,1.091925799999999974e-01,9.716641700000000128e+03,1.147422900000000023e+00
1.600000000000000000e+02,5.926872399999999743e+02,-8.977134499999999662e+02,-8.830807800000000043e+02,-1.770756500000000011e-01,9.716641700000000128e+03,1.147422900000000023e+00
1.600500000000000114e+02,7.130811599999999544e+02,-8.997814399999999750e+02,-8.821764100000000326e+02,1.661512400000000056e-01,9.716641700000000128e+03,1.147422900000000023e+00
1.600999999999999943e+02,6.641632899999999609e+02,-8.979536699999999882e+02,-8.815563499999999522e+02,-1.329977400000000032e-01,9.716641700000000128e+03,1.147422900000000023e+00
1.601500000000000057e+02,6.499597599999999602e+02,-8.971527899999999818e+02,-8.811061399999999821e+02,-2.157659799999999961e-01,9.716641700000000128e+03,1.147422900000000023e+00
1.601999999999999886e+02,6.622651600000000371e+02,-8.969935100000000148e+02,-8.806430500000000166e+02,-3.814147899999999897e-02,9.716641700000000128e+03,1.147422900000000023e+00
1.602500000000000000e+02,7.300436200000000326e+02,-8.980673100000000204e+02,-8.800434900000000198e+02,-1.384659900000000110e-01,9.716641700000000128e+03,1.147422900000000023e+00
1.603000000000000114e+02,7.250516499999999951e+02,-8.973793500000000449e+02,-8.794787800000000288e+02,4.957874000000000309e-02,9.716641700000000128e+03,1.147422900000000023e+00
1.603499999999999943e+02,7.455711700000000519e+02,-8.974925299999999879e+02,-8.790853499999999485e+02,-3.344023100000000082e-02,9.716641700000000128e+03,1.147422900000000023e+00
1.604000000000000057e+02,7.549896599999999580e+02,-8.980604299999999967e+02,-8.794207199999999602e+02,6.636131800000000247e-03,9.716641700000000128e+03,1.147422900000000023e+00
1.604499999999999886e+02,7.346727200000000266e+02,-8.988794699999999693e+02,-8.807413599999999860e+02,2.433864500000000319e-01,9.716641700000000128e+03,1.147422900000000023e+00
1.605000000000000000e+02,6.242983299999999645e+02,-8.974105799999999817e+02,-8.819974700000000212e+02,1.227776000000000145e-01,9.716641700000000128e+03,1.147422900000000023e+00
1.605500000000000114e+02,7.011356500000000551e+02,-8.993014100000000326e+02,-8.819913000000000238e+02,-1.249684800000000068e-01,9.716641700000000128e+03,1.147422900000000023e+00
1.605999999999999943e+02,7.187613199999999551e+02,-8.996105400000000145e+02,-8.818652700000000095e+02,-2.969897499999999968e-01,9.716641700000000128e+03,1.147422900000000023e+00
1.606500000000000057e+02,6.297817099999999755e+02,-8.972300300000000561e+02,-8.816815500000000156e+02,-4.196942800000000307e-02,9.716641700000000128e+03,1.147422900000000023e+00
1.606999999999999886e+02,6.668857600000000048e+02,-8.974634700000000294e+02,-8.809989399999999478e+02,1.516300200000000042e-01,9.716641700000000128e+03,1.147422900000000023e+00
1.607500000000000000e+02,7.140853899999999612e+02,-8.978302700000000414e+02,-8.802004399999999578e+02,-2.425002800000000402e-01,9.716641700000000128e+03,1.147422900000000023e+00
1.608000000000000114e+02,6.823211300000000392e+02,-8.964792200000000548e+02,-8.796336099999999760e+02,-1.680530500000000094e-01,9.716641700000000128e+03,1.147422900000000023e+00
1.608499999999999943e+02,7.484389300000000276e+02,-8.976283300000000054e+02,-8.791503500000000031e+02,1.760286300000000193e-01,9.716641700000000128e+03,1.147422900000000023e+00
1.609000000000000057e+02,7.486502000000000407e+02,-8.977023900000000367e+02,-8.792192000000000007e+02,2.887999399999999911e-02,9.716641700000000128e+03,1.147422900000000023e+00
1.609499999999999886e+02,7.457466100000000324e+02,-8.982506600000000390e+02,-8.798391599999999926e+02,2.481921200000000438e-01,9.716641700000000128e+03,1.147422900000000023e+00
1.610000000000000000e+02,6.478615099999999529e+02,-8.962655799999999999e+02,-8.802707299999999577e+02,-2.668344200000000166e-01,9.716641700000000128e+03,1.147422900000000023e+00
1.610500000000000114e+02,7.617217100000000300e+02,-8.989654399999999441e+02,-8.801595300000000179e+02,-1.365649800000000025e-01,9.716641700000000128e+03,1.147422900000000023e+00
1.610999999999999943e+02,7.303401499999999942e+02,-8.983469400000000178e+02,-8.803157999999999674e+02,3.243681500000000079e-02,9.716641700000000128e+03,1.147422900000000023e+00
1.611500000000000057e+02,6.674448399999999992e+02,-8.969242500000000291e+02,-8.804459100000000262e+02,-3.512017100000000003e-01,9.716641700000000128e+03,1.147422900000000023e+00
1.611999999999999886e+02,6.604694399999999632e+02,-8.964402199999999539e+02,-8.801340999999999894e+02,2.725234100000000284e-02,9.716641700000000128e+03,1.147422900000000023e+00
1.612500000000000000e+02,6.559399300000000039e+02,-8.953826999999999998e+02,-8.791884000000000015e+02,-2.355929200000000112e-01,9.716641700000000128e+03,1.147422900000000023e+00
1.613000000000000114e+02,7.553625200000000177e+02,-8.967140500000000429e+02,-8.780651400000000422e+02,-4.546287800000000517e-02,9.716641700000000128e+03,1.147422900000000023e+00
1.613499999999999943e+02,7.367555300000000216e+02,-8.959378500000000258e+02,-8.777483200000000352e+02,-2.707154900000000031e-01,9.716641700000000128e+03,1.147422900000000023e+00
1.614000000000000057e+02,6.716398400000000493e+02,-8.946559499999999616e+02,-8.780740399999999681e+02,1.956171700000000069e-01,9.716641700000000128e+03,1.147422900000000023e+00
1.614499999999999886e+02,7.361480099999999993e+02,-8.966102600000000393e+02,-8.784357300000000350e+02,-1.844129800000000041e-01,9.716641700000000128e+03,1.147422900000000023e+00
1.615000000000000000e+02,6.966860100000000102e+02,-8.963184400000000096e+02,-8.791181800000000521e+02,-3.159973700000000274e-02,9.716641700000000128e+03,1.147422900000000023e+00
1.615500000000000114e+02,7.484296199999999999e+02,-8.981713700000000244e+02,-8.796936200000000099e+02,-2.257439800000000107e-01,9.716641700000000128e+03,1.147422900000000023e+00
1.615999999999999943e+02,7.111218900000000076e+02,-8.977759099999999535e+02,-8.802192499999999882e+02,-9.763756200000001106e-02,9.716641700000000128e+03,1.147422900000000023e+00
1.616500000000000057e+02,6.879425300000000334e+02,-8.975882599999999911e+02,-8.806038600000000542e+02,2.711326500000000306e-01,9.716641700000000128e+03,1.147422900000000023e+00
1.616999999999999886e+02,6.537955600000000231e+02,-8.969782000000000153e+02,-8.808368500000000267e+02,-1.925829700000000200e-01,9.716641700000000128e+03,1.147422900000000023e+00
1.617500000000000000e+02,6.350244999999999891e+02,-8.963549699999999802e+02,-8.806770400000000336e+02,-2.216014200000000073e-02,9.716641700000000128e+03,1.147422900000000023e+00
1.618000000000000114e+02,7.079183000000000447e+02,-8.975236700000000383e+02,-8.800461000000000240e+02,-1.310238700000000145e-01,9.716641700000000128e+03,1.147422900000000023e+00
1.618499999999999943e+02,6.988157499999999800e+02,-8.966445400000000063e+02,-8.793917000000000144e+02,-1.668847600000000209e-01,9.716641700000000128e+03,1.147422900000000023e+00
1.619000000000000057e+02,6.844547099999999773e+02,-8.954949500000000171e+02,-8.785966600000000426e+02,-1.611036100000000082e-01,9.716641700000000128e+03,1.147422900000000023e+00
1.619499999999999886e+02,7.734448099999999613e+02,-8.969249600000000555e+02,-8.778296299999999519e+02,-5.604662300000000374e-02,9.716641700000000128e+03,1.147422900000000023e+00
1.620000000000000000e+02,7.015176999999999907e+02,-8.952995100000000548e+02,-8.779799600000000055e+02,-5.831636400000000248e-02,9.716641700000000128e+03,1.147422900000000023e+00
1.620500000000000114e+02,7.212881099999999606e+02,-8.961700399999999718e+02,-8.783623900000000049e+02,3.735307700000000536e-02,9.716641700000000128e+03,1.147422900000000023e+00
1.620999999999999943e+02,7.299341399999999567e+02,-8.965693199999999479e+02,-8.785482100000000401e+02,-2.883011600000000008e-01,9.716641700000000128e+03,1.147422900000000023e+00
1.621500000000000057e+02,7.297397099999999455e+02,-8.968018399999999701e+02,-8.787855200000000195e+02,1.643957600000000019e-01,9.716641700000000128e+03,1.147422900000000023e+00
1.621999999999999886e+02,7.209923199999999497e+02,-8.972119300000000521e+02,-8.794115699999999833e+02,-8.287833500000001130e-02,9.716641700000000128e+03,1.147422900000000023e+00
1.622500000000000000e+02,6.697653400000000374e+02,-8.967804700000000366e+02,-8.802448399999999538e+02,-1.202321299999999961e-02,9.716641700000000128e+03,1.147422900000000023e+00
1.623000000000000114e+02,7.056510299999999916e+02,-8.981256300000000010e+02,-8.807040299999999888e+02,-1.553674300000000008e-01,9.716641700000000128e+03,1.147422900000000023e+00
1.623499999999999943e+02,7.026139699999999948e+02,-8.986610600000000204e+02,-8.813144399999999905e+02,8.891541499999999765e-02,9.716641700000000128e+03,1.147422900000000023e+00
1.624000000000000057e+02,6.090220900000000483e+02,-8.970770599999999604e+02,-8.820411100000000033e+02,-4.922172899999999879e-02,9.716641700000000128e+03,1.147422900000000023e+00
1.624499999999999886e+02,6.690093799999999646e+02,-8.986538399999999456e+02,-8.821368700000000445e+02,-3.539035400000000581e-02,9.716641700000000128e+03,1.147422900000000023e+00
1.625000000000000000e+02,6.858627199999999675e+02,-8.988384600000000546e+02,-8.819054099999999607e+02,-2.080404599999999826e-01,9.716641700000000128e+03,1.147422900000000023e+00
1.625500000000000114e+02,7.129643499999999676e+02,-8.990536899999999605e+02,-8.814515400000000227e+02,-4.985478900000000352e-02,9.716641700000000128e+03,1.147422900000000023e+00
1.625999999999999943e+02,7.389141600000000381e+02,-8.988241299999999683e+02,-8.805813100000000304e+02,-2.224037899999999901e-01,9.716641700000000128e+03,1.147422900000000023e+00
1.626500000000000057e+02,7.480334100000000035e+02,-8.983644399999999450e+02,-8.798964799999999968e+02,-1.175810700000000097e-01,9.716641700000000128e+03,1.147422900000000023e+00
1.626999999999999886e+02,7.787990399999999909e+02,-8.985900199999999813e+02,-8.793624899999999798e+02,-8.969984599999999975e-02,9.716641700000000128e+03,1.147422900000000023e+00
1.627500000000000000e+02,7.704548499999999649e+02,-8.985934200000000374e+02,-8.795719000000000278e+02,3.389982200000000168e-01,9.716641700000000128e+03,1.147422900000000023e+00
1.628000000000000114e+02,7.367014199999999846e+02,-8.986301499999999578e+02,-8.804419599999999946e+02,-6.912616400000000383e-02,9.716641700000000128e+03,1.147422900000000023e+00
1.628499999999999943e+02,7.187024900000000116e+02,-8.993230200000000423e+02,-8.815792000000000144e+02,1.911410100000000140e-02,9.716641700000000128e+03,1.147422900000000023e+00
1.629000000000000057e+02,6.505787199999999757e+02,-8.987257799999999861e+02,-8.826638500000000249e+02,8.332360599999999451e-02,9.716641700000000128e+03,1.147422900000000023e+00
1.629499999999999886e+02,6.733748500000000377e+02,-8.996339400000000524e+02,-8.830091899999999896e+02,-5.489683000000000063e-02,9.716641700000000128e+03,1.147422900000000023e+00
1.630000000000000000e+02,6.148081499999999551e+02,-8.981380299999999579e+02,-8.829592199999999593e+02,1.053619300000000064e-01,9.716641700000000128e+03,1.147422900000000023e+00
1.630500000000000114e+02,6.912380200000000059e+02,-8.996243399999999610e+02,-8.825585800000000063e+02,3.593756099999999981e-02,9.716641700000000128e+03,1.147422900000000023e+00
1.630999999999999943e+02,6.776598900000000185e+02,-8.988834299999999757e+02,-8.821529000000000451e+02,-1.250260400000000049e-01,9.716641700000000128e+03,1.147422900000000023e+00
1.631500000000000057e+02,7.306434400000000551e+02,-8.998296900000000278e+02,-8.817910699999999906e+02,1.630868699999999949e-01,9.716641700000000128e+03,1.147422900000000023e+00
1.631999999999999886e+02,6.708910399999999754e+02,-8.982593500000000404e+02,-8.816959299999999757e+02,1.712038499999999838e-02,9.716641700000000128e+03,1.147422900000000023e+00
1.632500000000000000e+02,7.446408800000000383e+02,-8.996969400000000405e+02,-8.813127399999999625e+02,5.439225300000000846e-02,9.716641700000000128e+03,1.147422900000000023e+00
1.633000000000000114e+02,7.553698500000000422e+02,-8.989747399999999971e+02,-8.803256499999999960e+02,1.371532799999999885e-01,9.716641700000000128e+03,1.147422900000000023e+00
1.633499999999999943e+02,8.412663499999999885e+02,-8.994200799999999845e+02,-8.786503199999999651e+02,1.226181900000000158e-01,9.716641700000000128e+03,1.147422900000000023e+00
1.634000000000000057e+02,7.741412500000000136e+02,-8.972994999999999663e+02,-8.781869699999999739e+02,-8.815634400000001147e-02,9.716641700000000128e+03,1.147422900000000023e+00
1.634499999999999886e+02,8.026476499999999987e+02,-8.983958900000000085e+02,-8.785795699999999897e+02,-7.667730200000000274e-02,9.716641700000000128e+03,1.147422900000000023e+00
1.635000000000000000e+02,7.181607000000000198e+02,-8.976615000000000464e+02,-8.799310500000000275e+02,2.055572600000000333e-02,9.716641700000000128e+03,1.147422900000000023e+00
1.635500000000000114e+02,6.871100599999999758e+02,-8.981140799999999444e+02,-8.811502400000000534e+02,2.040764800000000045e-02,9.716641700000000128e+03,1.147422900000000023e+00
1.635999999999999943e+02,6.409553200000000288e+02,-8.975343800000000556e+02,-8.817100400000000491e+02,-3.270411899999999678e-02,9.716641700000000128e+03,1.147422900000000023e+00
1.636500000000000057e+02,6.434362800000000107e+02,-8.975666899999999941e+02,-8.816810900000000402e+02,-5.278959000000000429e-02,9.716641700000000128e+03,1.147422900000000023e+00
1.636999999999999886e+02,7.174660300000000461e+02,-8.990482500000000528e+02,-8.813349500000000489e+02,8.985322099999999701e-02,9.716641700000000128e+03,1.147422900000000023e+00
1.637500000000000000e+02,6.881003100000000359e+02,-8.980554300000000012e+02,-8.810671300000000201e+02,3.534424900000000119e-02,9.716641700000000128e+03,1.147422900000000023e+00
1.638000000000000114e+02,7.339905300000000352e+02,-8.986885200000000395e+02,-8.805672600000000330e+02,8.885373700000000208e-02,9.716641700000000128e+03,1.147422900000000023e+00
1.638499999999999943e+02,7.390049999999999955e+02,-8.984609799999999495e+02,-8.802159100000000080e+02,-1.246695400000000092e-01,9.716641700000000128e+03,1.147422900000000023e+00
1.639000000000000057e+02,6.536103200000000015e+02,-8.965796900000000278e+02,-8.804429000000000087e+02,5.516424500000000758e-02,9.716641700000000128e+03,1.147422900000000023e+00
1.639499999999999886e+02,7.135091099999999642e+02,-8.985568899999999530e+02,-8.809412899999999809e+02,-1.277921000000000196e-01,9.716641700000000128e+03,1.147422900000000023e+00
1.640000000000000000e+02,6.778591099999999869e+02,-8.987940700000000334e+02,-8.820586200000000190e+02,-5.990049699999999699e-02,9.716641700000000128e+03,1.147422900000000023e+00
1.640500000000000114e+02,6.321033499999999776e+02,-8.985581100000000561e+02,-8.829523000000000366e+02,-2.452539200000000419e-01,9.716641700000000128e+03,1.147422900000000023e+00
1.640999999999999943e+02,6.444963299999999435e+02,-8.989837700000000495e+02,-8.830720000000000027e+02,8.373953400000000435e-02,9.716641700000000128e+03,1.147422900000000023e+00
1.641500000000000057e+02,6.621748900000000049e+02,-8.988714400000000069e+02,-8.825232099999999491e+02,-3.269474900000000073e-01,9.716641700000000128e+03,1.147422900000000023e+00
1.641999999999999886e+02,7.397433099999999513e+02,-8.996679500000000189e+02,-8.814046600000000353e+02,4.089712599999999892e-02,9.716641700000000128e+03,1.147422900000000023e+00
1.642500000000000000e+02,6.866435000000000173e+02,-8.974670999999999594e+02,-8.805147699999999986e+02,-2.528300200000000442e-01,9.716641700000000128e+03,1.147422900000000023e+00
1.643000000000000114e+02,7.413014399999999569e+02,-8.981897999999999911e+02,-8.798880400000000463e+02,-1.486428100000000141e-01,9.716641700000000128e+03,1.147422900000000023e+00
1.643499999999999943e+02,7.537592499999999518e+02,-8.984671200000000226e+02,-8.798577999999999975e+02,-9.767297099999999732e-02,9.716641700000000128e+03,1.147422900000000023e+00
1.644000000000000057e+02,7.262067100000000437e+02,-8.979689499999999498e+02,-8.800398599999999760e+02,-2.429528600000000205e-01,9.716641700000000128e+03,1.147422900000000023e+00
1.644499999999999886e+02,7.218511099999999487e+02,-8.981054000000000315e+02,-8.802838400000000547e+02,8.832287300000001007e-02,9.716641700000000128e+03,1.147422900000000023e+00
1.645000000000000000e+02,6.923676000000000386e+02,-8.976745200000000295e+02,-8.805808799999999792e+02,-3.425835500000000144e-01,9.716641700000000128e+03,1.147422900000000023e+00
1.645500000000000114e+02,7.626017900000000509e+02,-8.997097499999999854e+02,-8.808821100000000115e+02,7.678964300000000465e-02,9.716641700000000128e+03,1.147422900000000023e+00
1.645999999999999943e+02,6.612750499999999647e+02,-8.980451299999999719e+02,-8.817191199999999753e+02,-7.954285099999999775e-02,9.716641700000000128e+03,1.147422900000000023e+00
1.646500000000000057e+02,6.252762199999999666e+02,-8.979510999999999967e+02,-8.825138500000000477e+02,-7.928048199999999934e-02,9.716641700000000128e+03,1.147422900000000023e+00
1.646999999999999886e+02,6.460547800000000507e+02,-8.991925300000000334e+02,-8.832422800000000507e+02,-1.492419700000000016e-01,9.716641700000000128e+03,1.147422900000000023e+00
1.647500000000000000e+02,6.500426099999999678e+02,-9.002271299999999883e+02,-8.841784300000000485e+02,4.048702400000000340e-02,9.716641700000000128e+03,1.147422900000000023e+00
1.648000000000000114e+02,6.125926299999999856e+02,-9.001690700000000334e+02,-8.850449599999999464e+02,-1.730359700000000112e-01,9.716641700000000128e+03,1.147422900000000023e+00
1.648499999999999943e+02,6.115367300000000341e+02,-9.004464199999999892e+02,-8.853483800000000201e+02,-1.365193600000000063e-01,9.716641700000000128e+03,1.147422900000000023e+00
1.649000000000000057e+02,6.168819600000000491e+02,-9.000418100000000550e+02,-8.848117999999999483e+02,1.971001600000000242e-01,9.716641700000000128e+03,1.147422900000000023e+00
1.649499999999999886e+02,6.385168099999999640e+02,-8.991187999999999647e+02,-8.833546599999999671e+02,-1.633081899999999989e-02,9.716641700000000128e+03,1.147422900000000023e+00
1.650000000000000000e+02,7.066432700000000295e+02,-8.997974000000000387e+02,-8.823513000000000375e+02,2.785797500000000149e-01,9.716641700000000128e+03,1.147422900000000023e+00
1.650500000000000114e+02,6.570176199999999653e+02,-8.981817200000000412e+02,-8.819608100000000377e+02,-1.697448799999999869e-01,9.716641700000000128e+03,1.147422900000000023e+00
1.650999999999999943e+02,6.865076199999999744e+02,-8.982475399999999581e+02,-8.812985700000000406e+02,2.135454499999999978e-01,9.716641700000000128e+03,1.147422900000000023e+00
1.651500000000000057e+02,6.926661400000000413e+02,-8.976616299999999455e+02,-8.805606199999999717e+02,1.418118600000000014e-02,9.716641700000000128e+03,1.147422900000000023e+00
1.651999999999999886e+02,7.535030199999999923e+02,-8.986986799999999675e+02,-8.800956800000000158e+02,3.102719800000000028e-01,9.716641700000000128e+03,1.147422900000000023e+00
1.652500000000000000e+02,7.502755899999999656e+02,-8.987327500000000100e+02,-8.802094299999999976e+02,-3.346883700000000128e-01,9.716641700000000128e+03,1.147422900000000023e+00
1.653000000000000114e+02,7.121427099999999655e+02,-8.985674599999999828e+02,-8.809855900000000020e+02,2.083758600000000238e-01,9.716641700000000128e+03,1.147422900000000023e+00
1.653499999999999943e+02,6.854530200000000377e+02,-8.992625900000000456e+02,-8.823396599999999808e+02,-1.476987900000000242e-01,9.716641700000000128e+03,1.147422900000000023e+00
1.654000000000000057e+02,6.250248400000000402e+02,-8.987504599999999755e+02,-8.833194200000000365e+02,-8.433360800000000435e-02,9.716641700000000128e+03,1.147422900000000023e+00
1.654499999999999886e+02,6.325306799999999612e+02,-8.989768800000000510e+02,-8.833605300000000398e+02,1.448942900000000159e-02,9.716641700000000128e+03,1.147422900000000023e+00
1.655000000000000000e+02,6.666902300000000423e+02,-8.995056799999999839e+02,-8.830459799999999859e+02,7.388640300000000327e-02,9.716641700000000128e+03,1.147422900000000023e+00
1.655500000000000114e+02,6.565901199999999562e+02,-8.988514699999999493e+02,-8.826411200000000008e+02,2.913342500000000099e-02,9.716641700000000128e+03,1.147422900000000023e+00
1.655999999999999943e+02,6.441377300000000332e+02,-8.981000999999999976e+02,-8.821971800000000030e+02,-1.853408900000000012e-02,9.716641700000000128e+03,1.147422900000000023e+00
1.656500000000000057e+02,7.204957799999999679e+02,-8.994013200000000552e+02,-8.816132300000000441e+02,-1.182157600000000031e-01,9.716641700000000128e+03,1.147422900000000023e+00
1.656999999999999886e+02,7.457962999999999738e+02,-8.998152700000000550e+02,-8.814025400000000445e+02,-9.474167500000000089e-03,9.716641700000000128e+03,1.147422900000000023e+00
1.657500000000000000e+02,6.964969499999999698e+02,-8.988253999999999451e+02,-8.816298000000000457e+02,-2.389841500000000063e-01,9.716641700000000128e+03,1.147422900000000023e+00
1.658000000000000114e+02,7.043751800000000003e+02,-8.992124300000000403e+02,-8.818223299999999654e+02,-1.129889800000000027e-01,9.716641700000000128e+03,1.147422900000000023e+00
1.658499999999999943e+02,6.670410100000000284e+02,-8.985731299999999919e+02,-8.821047600000000557e+02,-5.642096800000000884e-02,9.716641700000000128e+03,1.147422900000000023e+00
1.659000000000000057e+02,6.193302599999999529e+02,-8.977216100000000552e+02,-8.824311500000000024e+02,4.123515700000000145e-02,9.716641700000000128e+03,1.147422900000000023e+00
1.659499999999999886e+02,6.732311999999999443e+02,-8.988272500000000491e+02,-8.822060500000000047e+02,3.190934399999999921e-02,9.716641700000000128e+03,1.147422900000000023e+00
1.660000000000000000e+02,6.988348899999999730e+02,-8.989881900000000314e+02,-8.817348799999999756e+02,-9.044280500000000111e-02,9.716641700000000128e+03,1.147422900000000023e+00
1.660500000000000114e+02,7.118000799999999799e+02,-8.987616699999999810e+02,-8.811882600000000139e+02,-2.232767700000000063e-02,9.716641700000000128e+03,1.147422900000000023e+00
1.660999999999999943e+02,6.688308299999999917e+02,-8.971441399999999931e+02,-8.806315899999999601e+02,-1.566848500000000144e-01,9.716641700000000128e+03,1.147422900000000023e+00
1.661500000000000057e+02,7.105148400000000493e+02,-8.972791999999999462e+02,-8.797375200000000177e+02,-9.017714200000000180e-02,9.716641700000000128e+03,1.147422900000000023e+00
1.661999999999999886e+02,7.285859199999999873e+02,-8.970633199999999761e+02,-8.790754899999999452e+02,-1.245905800000000063e-01,9.716641700000000128e+03,1.147422900000000023e+00
1.662500000000000000e+02,7.113243199999999433e+02,-8.965830700000000206e+02,-8.790213999999999714e+02,-8.060084700000000324e-02,9.716641700000000128e+03,1.147422900000000023e+00
1.663000000000000114e+02,7.356222999999999956e+02,-8.973376600000000280e+02,-8.791761099999999942e+02,-2.345119200000000126e-01,9.716641700000000128e+03,1.147422900000000023e+00
1.663499999999999943e+02,7.472643600000000106e+02,-8.983935300000000552e+02,-8.799445600000000240e+02,2.382259999999999933e-02,9.716641700000000128e+03,1.147422900000000023e+00
1.664000000000000057e+02,6.893466300000000047e+02,-8.986375799999999572e+02,-8.816185199999999895e+02,-3.705442200000000352e-02,9.716641700000000128e+03,1.147422900000000023e+00
1.664499999999999886e+02,6.556232899999999972e+02,-8.989190700000000334e+02,-8.827325899999999592e+02,-2.308880999999999850e-01,9.716641700000000128e+03,1.147422900000000023e+00
1.665000000000000000e+02,6.827595900000000029e+02,-8.999425899999999956e+02,-8.830861599999999498e+02,8.679802500000000087e-02,9.716641700000000128e+03,1.147422900000000023e+00
1.665500000000000114e+02,6.189465900000000147e+02,-8.982925500000000056e+02,-8.830115700000000061e+02,-2.281639500000000320e-01,9.716641700000000128e+03,1.147422900000000023e+00
1.665999999999999943e+02,6.734488900000000058e+02,-8.987438200000000279e+02,-8.821172500000000127e+02,2.045736400000000010e-01,9.716641700000000128e+03,1.147422900000000023e+00
1.666500000000000057e+02,7.022298899999999549e+02,-8.984359399999999596e+02,-8.810988099999999577e+02,-1.977831100000000120e-01,9.716641700000000128e+03,1.147422900000000023e+00
1.666999999999999886e+02,7.344308700000000272e+02,-8.987176600000000235e+02,-8.805855199999999741e+02,1.292431599999999958e-01,9.716641700000000128e+03,1.147422900000000023e+00
1.667500000000000000e+02,6.727251999999999725e+02,-8.972707299999999577e+02,-8.806620299999999588e+02,1.353072200000000058e-01,9.716641700000000128e+03,1.147422900000000023e+00
1.668000000000000114e+02,6.773112999999999602e+02,-8.976539900000000216e+02,-8.809320599999999786e+02,2.185905400000000276e-01,9.716641700000000128e+03,1.147422900000000023e+00
1.668499999999999943e+02,7.308890599999999722e+02,-8.991789899999999989e+02,-8.811342899999999645e+02,1.188285800000000170e-01,9.716641700000000128e+03,1.147422900000000023e+00
1.669000000000000057e+02,6.603691599999999653e+02,-8.977702799999999570e+02,-8.814666300000000092e+02,1.888024200000000263e-01,9.716641700000000128e+03,1.147422900000000023e+00
1.669499999999999886e+02,7.116388500000000477e+02,-8.992953599999999597e+02,-8.817259299999999484e+02,-2.653036099999999675e-01,9.716641700000000128e+03,1.147422900000000023e+00
1.670000000000000000e+02,6.637369999999999663e+02,-8.987971000000000004e+02,-8.824103000000000065e+02,4.357193899999999703e-02,9.716641700000000128e+03,1.147422900000000023e+00
1.670500000000000114e+02,6.698370599999999513e+02,-9.000840899999999465e+02,-8.835466900000000123e+02,1.476148600000000144e-01,9.716641700000000128e+03,1.147422900000000023e+00
1.670999999999999943e+02,6.257967899999999872e+02,-8.997414300000000367e+02,-8.842913300000000163e+02,-4.836688800000000232e-01,9.716641700000000128e+03,1.147422900000000023e+00
1.671500000000000057e+02,6.701267800000000534e+02,-9.006952999999999747e+02,-8.841507500000000164e+02,1.416410800000000303e-01,9.716641700000000128e+03,1.147422900000000023e+00
1.671999999999999886e+02,7.024627400000000534e+02,-9.006919000000000324e+02,-8.833490100000000211e+02,-9.180412500000000031e-02,9.716641700000000128e+03,1.147422900000000023e+00
1.672500000000000000e+02,6.757338999999999487e+02,-8.990382299999999987e+02,-8.823552499999999554e+02,9.519163700000000949e-02,9.716641700000000128e+03,1.147422900000000023e+00
1.673000000000000114e+02,7.060993999999999460e+02,-8.987838699999999790e+02,-8.813511999999999489e+02,-2.138495700000000166e-01,9.716641700000000128e+03,1.147422900000000023e+00
1.673499999999999943e+02,7.108775200000000041e+02,-8.984112599999999702e+02,-8.808606300000000147e+02,-2.720766800000000152e-01,9.716641700000000128e+03,1.147422900000000023e+00
1.674000000000000057e+02,7.183451900000000023e+02,-8.982079400000000078e+02,-8.804729399999999941e+02,-4.803856100000000046e-02,9.716641700000000128e+03,1.147422900000000023e+00
1.674499999999999886e+02,7.238852000000000544e+02,-8.980702900000000000e+02,-8.801985100000000557e+02,-2.080357700000000365e-02,9.716641700000000128e+03,1.147422900000000023e+00
1.675000000000000000e+02,7.270968400000000429e+02,-8.980969700000000557e+02,-8.801458999999999833e+02,-1.096309700000000081e-01,9.716641700000000128e+03,1.147422900000000023e+00
1.675500000000000114e+02,6.951010599999999613e+02,-8.974917699999999741e+02,-8.803306400000000167e+02,-1.742206699999999941e-01,9.716641700000000128e+03,1.147422900000000023e+00
1.675999999999999943e+02,6.549634999999999536e+02,-8.967056199999999535e+02,-8.805354300000000194e+02,9.795643300000000941e-02,9.716641700000000128e+03,1.147422900000000023e+00
1.676500000000000057e+02,6.869302199999999630e+02,-8.974380400000000009e+02,-8.804786400000000413e+02,-1.546406100000000117e-01,9.716641700000000128e+03,1.147422900000000023e+00
1.676999999999999886e+02,7.232675500000000284e+02,-8.981271799999999530e+02,-8.802706500000000460e+02,1.860703400000000285e-01,9.716641700000000128e+03,1.147422900000000023e+00
1.677500000000000000e+02,7.460970499999999674e+02,-8.987015800000000354e+02,-8.802814200000000255e+02,-1.410157400000000005e-01,9.716641700000000128e+03,1.147422900000000023e+00
1.678000000000000114e+02,7.014487000000000307e+02,-8.980710199999999759e+02,-8.807531699999999546e+02,7.700603999999999782e-02,9.716641700000000128e+03,1.147422900000000023e+00
1.678499999999999943e+02,7.221247600000000375e+02,-8.992037599999999884e+02,-8.813754500000000007e+02,-7.554990100000000264e-02,9.716641700000000128e+03,1.147422900000000023e+00
1.679000000000000057e+02,6.318451000000000022e+02,-8.975916600000000471e+02,-8.819922400000000380e+02,-6.916178100000000550e-02,9.716641700000000128e+03,1.147422900000000023e+00
1.679499999999999886e+02,6.624219500000000380e+02,-8.983672900000000254e+02,-8.820129600000000210e+02,-1.229914399999999935e-01,9.716641700000000128e+03,1.147422900000000023e+00
1.680000000000000000e+02,6.950609399999999596e+02,-8.986476900000000114e+02,-8.814875399999999672e+02,1.080576700000000084e-01,9.716641700000000128e+03,1.147422900000000023e+00
1.680500000000000114e+02,7.081278099999999540e+02,-8.980491399999999658e+02,-8.805663899999999558e+02,-1.005587599999999970e-01,9.716641700000000128e+03,1.147422900000000023e+00
1.680999999999999943e+02,7.365326599999999644e+02,-8.977329499999999598e+02,-8.795489300000000412e+02,-7.498271200000000691e-02,9.716641700000000128e+03,1.147422900000000023e+00
1.681500000000000057e+02,7.732490999999999985e+02,-8.982360999999999649e+02,-8.791455999999999449e+02,-2.347138600000000241e-01,9.716641700000000128e+03,1.147422900000000023e+00
1.681999999999999886e+02,7.105451199999999972e+02,-8.972616000000000440e+02,-8.797191699999999628e+02,6.810428300000000157e-02,9.716641700000000128e+03,1.147422900000000023e+00
1.682500000000000000e+02,7.175298099999999977e+02,-8.983808500000000095e+02,-8.806659799999999905e+02,-1.603360800000000128e-02,9.716641700000000128e+03,1.147422900000000023e+00
1.683000000000000114e+02,7.392946200000000090e+02,-9.000780300000000125e+02,-8.818258200000000215e+02,1.438212100000000049e-01,9.716641700000000128e+03,1.147422900000000023e+00
1.683499999999999943e+02,6.434913900000000240e+02,-8.982197999999999638e+02,-8.823328400000000329e+02,2.284681799999999929e-01,9.716641700000000128e+03,1.147422900000000023e+00
1.684000000000000057e+02,6.849459299999999757e+02,-8.991898499999999785e+02,-8.822794400000000223e+02,4.042291700000000265e-02,9.716641700000000128e+03,1.147422900000000023e+00
1.684499999999999886e+02,7.052080499999999574e+02,-8.993687899999999900e+02,-8.819581200000000081e+02,-5.035194400000000264e-02,9.716641700000000128e+03,1.147422900000000023e+00
1.685000000000000000e+02,6.891369600000000446e+02,-8.984461599999999635e+02,-8.814322700000000168e+02,-1.208142300000000086e-01,9.716641700000000128e+03,1.147422900000000023e+00
1.685500000000000114e+02,7.124564699999999675e+02,-8.984565999999999804e+02,-8.808669899999999870e+02,-3.042921400000000304e-02,9.716641700000000128e+03,1.147422900000000023e+00
1.685999999999999943e+02,7.578949199999999564e+02,-8.990913799999999583e+02,-8.803799500000000080e+02,7.410114700000000609e-02,9.716641700000000128e+03,1.147422900000000023e+00
1.686500000000000057e+02,6.727927499999999554e+02,-8.969808299999999690e+02,-8.803704599999999800e+02,-3.126936600000000399e-01,9.716641700000000128e+03,1.147422900000000023e+00
1.686999999999999886e+02,7.157605200000000423e+02,-8.979538099999999758e+02,-8.802826199999999517e+02,8.361468200000000961e-02,9.716641700000000128e+03,1.147422900000000023e+00
1.687500000000000000e+02,6.260578799999999546e+02,-8.955242799999999761e+02,-8.800677399999999579e+02,1.000707100000000072e-01,9.716641700000000128e+03,1.147422900000000023e+00
1.688000000000000114e+02,7.152498900000000503e+02,-8.970368600000000470e+02,-8.793782800000000179e+02,-2.442314900000000163e-02,9.716641700000000128e+03,1.147422900000000023e+00
1.688499999999999943e+02,7.381619500000000471e+02,-8.967547700000000077e+02,-8.785305200000000241e+02,7.233281800000000705e-02,9.716641700000000128e+03,1.147422900000000023e+00
1.689000000000000057e+02,7.719855199999999513e+02,-8.970521599999999580e+02,-8.779928499999999758e+02,-1.926056800000000221e-02,9.716641700000000128e+03,1.147422900000000023e+00
1.689499999999999886e+02,7.857214900000000171e+02,-8.977045900000000529e+02,-8.783061500000000024e+02,2.550298299999999990e-02,9.716641700000000128e+03,1.147422900000000023e+00
1.690000000000000000e+02,7.030426200000000563e+02,-8.970766399999999976e+02,-8.797194399999999632e+02,-8.370102699999999729e-02,9.716641700000000128e+03,1.147422900000000023e+00
1.690500000000000114e+02,7.109751800000000230e+02,-8.985386099999999487e+02,-8.809855700000000525e+02,1.668122499999999953e-01,9.716641700000000128e+03,1.147422900000000023e+00
1.690999999999999943e+02,7.050838700000000472e+02,-8.990151700000000119e+02,-8.816075799999999845e+02,9.816412900000000274e-02,9.716641700000000128e+03,1.147422900000000023e+00
1.691500000000000057e+02,6.887752100000000155e+02,-8.989288599999999860e+02,-8.819239000000000033e+02,1.377528100000000033e-01,9.716641700000000128e+03,1.147422900000000023e+00
1.691999999999999886e+02,6.803723400000000083e+02,-8.992339699999999993e+02,-8.824364699999999857e+02,-2.050791600000000103e-01,9.716641700000000128e+03,1.147422900000000023e+00
1.692500000000000000e+02,6.260197299999999814e+02,-8.985389300000000503e+02,-8.830833199999999579e+02,-2.146329800000000010e-01,9.716641700000000128e+03,1.147422900000000023e+00
1.693000000000000114e+02,6.160768199999999979e+02,-8.983358899999999494e+02,-8.831257600000000139e+02,1.186249499999999929e-01,9.716641700000000128e+03,1.147422900000000023e+00
1.693499999999999943e+02,6.919851800000000139e+02,-8.994527900000000500e+02,-8.823685799999999517e+02,2.591710699999999826e-02,9.716641700000000128e+03,1.147422900000000023e+00
1.694000000000000057e+02,7.472985899999999901e+02,-8.997420299999999997e+02,-8.812922099999999546e+02,-7.654065000000001562e-02,9.716641700000000128e+03,1.147422900000000023e+00
1.694499999999999886e+02,7.557918600000000424e+02,-8.993247099999999818e+02,-8.806652000000000271e+02,-1.455295000000000061e-01,9.716641700000000128e+03,1.147422900000000023e+00
1.695000000000000000e+02,7.072224300000000312e+02,-8.978073000000000548e+02,-8.803469000000000051e+02,7.687081200000001058e-02,9.716641700000000128e+03,1.147422900000000023e+00
1.695500000000000114e+02,7.865487600000000157e+02,-8.990399599999999509e+02,-8.796210999999999558e+02,7.901702600000000409e-02,9.716641700000000128e+03,1.147422900000000023e+00
1.695999999999999943e+02,7.285153599999999869e+02,-8.964534499999999753e+02,-8.784673599999999851e+02,9.691055599999999492e-02,9.716641700000000128e+03,1.147422900000000023e+00
1.696500000000000057e+02,8.034432900000000473e+02,-8.971689499999999953e+02,-8.773329899999999952e+02,7.783898000000000206e-02,9.716641700000000128e+03,1.147422900000000023e+00
1.696999999999999886e+02,8.068742999999999483e+02,-8.971443600000000060e+02,-8.772236900000000333e+02,-1.288471100000000147e-01,9.716641700000000128e+03,1.147422900000000023e+00
1.697500000000000000e+02,7.231091300000000501e+02,-8.960658100000000559e+02,-8.782131900000000542e+02,-1.353561300000000189e-01,9.716641700000000128e+03,1.147422900000000023e+00
1.698000000000000114e+02,7.154366199999999480e+02,-8.970837000000000216e+02,-8.794205100000000357e+02,-1.005762000000000045e-01,9.716641700000000128e+03,1.147422900000000023e+00
1.698499999999999943e+02,7.310311100000000124e+02,-8.983947600000000193e+02,-8.803465599999999540e+02,1.239924900000000108e-01,9.716641700000000128e+03,1.147422900000000023e+00
1.699000000000000057e+02,6.789888300000000072e+02,-8.978759700000000521e+02,-8.811126299999999674e+02,-4.352721400000000157e-02,9.716641700000000128e+03,1.147422900000000023e+00
1.699499999999999886e+02,6.955877400000000534e+02,-8.987262699999999995e+02,-8.815531300000000101e+02,2.937787200000000487e-01,9.716641700000000128e+03,1.147422900000000023e+00
1.700000000000000000e+02,7.138042299999999614e+02,-8.995753700000000208e+02,-8.819524800000000369e+02,-1.843245799999999879e-01,9.716641700000000128e+03,1.147422900000000023e+00
1.700500000000000114e+02,6.418870399999999563e+02,-8.982335900000000493e+02,-8.823862400000000434e+02,-6.485479100000000885e-02,9.716641700000000128e+03,1.147422900000000023e+00
1.700999999999999943e+02,6.669713600000000042e+02,-8.990259899999999789e+02,-8.825593400000000202e+02,1.591490500000000141e-01,9.716641700000000128e+03,1.147422900000000023e+00
1.701500000000000057e+02,6.903987100000000510e+02,-8.995120500000000447e+02,-8.824670099999999593e+02,-1.072727500000000000e-01,9.716641700000000128e+03,1.147422900000000023e+00
1.701999999999999886e+02,7.583312799999999925e+02,-9.004139000000000124e+02,-8.816916899999999941e+02,2.195935300000000090e-02,9.716641700000000128e+03,1.147422900000000023e+00
1.702500000000000000e+02,6.789696300000000520e+02,-8.971444000000000187e+02,-8.803815299999999979e+02,-1.920145800000000180e-01,9.716641700000000128e+03,1.147422900000000023e+00
1.703000000000000114e+02,7.480095599999999649e+02,-8.975681499999999460e+02,-8.791007700000000114e+02,-3.550256300000000087e-02,9.716641700000000128e+03,1.147422900000000023e+00
1.703499999999999943e+02,7.813995499999999765e+02,-8.978466200000000299e+02,-8.785548900000000003e+02,-7.737277500000000474e-02,9.716641700000000128e+03,1.147422900000000023e+00
1.704000000000000057e+02,7.125877799999999525e+02,-8.965363300000000208e+02,-8.789434700000000475e+02,-2.924073899999999893e-01,9.716641700000000128e+03,1.147422900000000023e+00
1.704499999999999886e+02,7.450377399999999852e+02,-8.978781300000000556e+02,-8.794841300000000501e+02,1.209346000000000032e-01,9.716641700000000128e+03,1.147422900000000023e+00
1.705000000000000000e+02,6.983408699999999953e+02,-8.977453199999999924e+02,-8.805041999999999689e+02,-1.733634800000000142e-01,9.716641700000000128e+03,1.147422900000000023e+00
1.705500000000000114e+02,6.792820299999999634e+02,-8.979763799999999492e+02,-8.812057999999999538e+02,-1.399835200000000002e-01,9.716641700000000128e+03,1.147422900000000023e+00
1.705999999999999943e+02,6.701193600000000288e+02,-8.980061899999999468e+02,-8.814618199999999888e+02,-1.461026400000000128e-02,9.716641700000000128e+03,1.147422900000000023e+00
1.706500000000000057e+02,6.639676600000000235e+02,-8.978230600000000550e+02,-8.814305699999999888e+02,-3.630226100000000233e-01,9.716641700000000128e+03,1.147422900000000023e+00
1.706999999999999886e+02,6.871982500000000300e+02,-8.982397099999999455e+02,-8.812736899999999878e+02,2.269645300000000185e-02,9.716641700000000128e+03,1.147422900000000023e+00
1.707500000000000000e+02,7.391716900000000123e+02,-8.993521799999999757e+02,-8.811030100000000402e+02,-2.194185000000000163e-01,9.716641700000000128e+03,1.147422900000000023e+00
1.708000000000000114e+02,6.816373499999999694e+02,-8.980949399999999514e+02,-8.812662100000000009e+02,3.840219700000000458e-01,9.716641700000000128e+03,1.147422900000000023e+00
1.708499999999999943e+02,6.608623900000000049e+02,-8.974903399999999465e+02,-8.811745100000000548e+02,-2.481630999999999976e-01,9.716641700000000128e+03,1.147422900000000023e+00
1.709000000000000057e+02,6.590540600000000495e+02,-8.969018399999999929e+02,-8.806306600000000344e+02,2.398965100000000072e-01,9.716641700000000128e+03,1.147422900000000023e+00
1.709499999999999886e+02,7.334618299999999635e+02,-8.980054900000000089e+02,-8.798972800000000234e+02,8.076782300000000248e-02,9.716641700000000128e+03,1.147422900000000023e+00
1.710000000000000000e+02,7.684381499999999505e+02,-8.984912199999999984e+02,-8.795194900000000189e+02,-6.099527100000000888e-03,9.716641700000000128e+03,1.147422900000000023e+00
1.710500000000000114e+02,7.134011299999999665e+02,-8.973347199999999475e+02,-8.797217900000000554e+02,8.956613600000000452e-02,9.716641700000000128e+03,1.147422900000000023e+00
1.710999999999999943e+02,6.564600199999999859e+02,-8.968525300000000016e+02,-8.806453999999999951e+02,1.145190400000000025e-01,9.716641700000000128e+03,1.147422900000000023e+00
1.711500000000000057e+02,6.481263900000000149e+02,-8.985545700000000124e+02,-8.825531799999999976e+02,7.926240000000001062e-02,9.716641700000000128e+03,1.147422900000000023e+00
1.711999999999999886e+02,6.585565900000000283e+02,-8.997304199999999810e+02,-8.834715300000000298e+02,6.242665500000001144e-02,9.716641700000000128e+03,1.147422900000000023e+00
1.712500000000000000e+02,6.416457699999999704e+02,-8.993467399999999543e+02,-8.835053500000000213e+02,7.226138099999999953e-02,9.716641700000000128e+03,1.147422900000000023e+00
1.713000000000000114e+02,6.602613000000000056e+02,-8.991644099999999753e+02,-8.828634200000000192e+02,-1.176117500000000149e-01,9.716641700000000128e+03,1.147422900000000023e+00
1.713499999999999943e+02,6.519718800000000556e+02,-8.978937499999999545e+02,-8.817974199999999882e+02,8.454847100000000004e-02,9.716641700000000128e+03,1.147422900000000023e+00
1.714000000000000057e+02,6.981017900000000509e+02,-8.981326099999999997e+02,-8.808973899999999730e+02,-1.061375999999999986e-01,9.716641700000000128e+03,1.147422900000000023e+00
1.714499999999999886e+02,7.739750800000000481e+02,-8.995290199999999459e+02,-8.804205899999999474e+02,-8.266217500000000440e-02,9.716641700000000128e+03,1.147422900000000023e+00
1.715000000000000000e+02,7.349020400000000564e+02,-8.985433299999999690e+02,-8.803995599999999513e+02,-5.299505300000000030e-02,9.716641700000000128e+03,1.147422900000000023e+00
1.715500000000000114e+02,7.266866899999999987e+02,-8.986817600000000539e+02,-8.807408199999999852e+02,-2.505192100000000477e-01,9.716641700000000128e+03,1.147422900000000023e+00
1.715999999999999943e+02,7.105016900000000533e+02,-8.989622600000000148e+02,-8.814208999999999605e+02,2.104895799999999817e-01,9.716641700000000128e+03,1.147422900000000023e+00
1.716500000000000057e+02,6.685750699999999824e+02,-8.988217300000000023e+02,-8.823154899999999543e+02,-2.954017100000000395e-01,9.716641700000000128e+03,1.147422900000000023e+00
1.716999999999999886e+02,6.715234500000000253e+02,-8.994812399999999570e+02,-8.829022099999999682e+02,-9.940947200000001260e-02,9.716641700000000128e+03,1.147422900000000023e+00
1.717500000000000000e+02,6.342631499999999960e+02,-8.987143300000000181e+02,-8.830552000000000135e+02,-1.878186300000000142e-01,9.716641700000000128e+03,1.147422900000000023e+00
1.718000000000000114e+02,6.462451999999999543e+02,-8.979691100000000006e+02,-8.820141599999999471e+02,6.203347800000000301e-02,9.716641700000000128e+03,1.147422900000000023e+00
1.718499999999999943e+02,7.362567699999999604e+02,-8.981965300000000525e+02,-8.800193199999999933e+02,-2.202343800000000074e-01,9.716641700000000128e+03,1.147422900000000023e+00
1.719000000000000057e+02,7.077772700000000441e+02,-8.967608500000000049e+02,-8.792867599999999584e+02,1.266739400000000126e-01,9.716641700000000128e+03,1.147422900000000023e+00
1.719499999999999886e+02,7.813677300000000514e+02,-8.982531000000000176e+02,-8.789621600000000399e+02,-5.040584299999999879e-02,9.716641700000000128e+03,1.147422900000000023e+00
1.720000000000000000e+02,7.153228500000000167e+02,-8.968778700000000299e+02,-8.792174800000000232e+02,-6.264975100000000352e-03,9.716641700000000128e+03,1.147422900000000023e+00
1.720500000000000114e+02,7.359109300000000076e+02,-8.979390100000000530e+02,-8.797703299999999444e+02,1.501396300000000239e-01,9.716641700000000128e+03,1.147422900000000023e+00
1.720999999999999943e+02,7.121290299999999434e+02,-8.984448800000000119e+02,-8.808633399999999938e+02,-1.495655000000000179e-01,9.716641700000000128e+03,1.147422900000000023e+00
1.721500000000000057e+02,6.710533599999999979e+02,-8.984666600000000471e+02,-8.818992399999999634e+02,9.947844900000001045e-02,9.716641700000000128e+03,1.147422900000000023e+00
1.721999999999999886e+02,6.812217900000000554e+02,-8.990912200000000212e+02,-8.822727499999999736e+02,-4.372445400000000114e-03,9.716641700000000128e+03,1.147422900000000023e+00
1.722500000000000000e+02,6.598933600000000297e+02,-8.984490799999999808e+02,-8.821571800000000394e+02,-1.346712800000000043e-01,9.716641700000000128e+03,1.147422900000000023e+00
1.723000000000000114e+02,6.864094700000000557e+02,-8.985850599999999986e+02,-8.816385099999999966e+02,5.402887500000001092e-02,9.716641700000000128e+03,1.147422900000000023e+00
1.723499999999999943e+02,7.189260799999999563e+02,-8.987005000000000337e+02,-8.809511599999999589e+02,4.878405000000000241e-02,9.716641700000000128e+03,1.147422900000000023e+00
1.724000000000000057e+02,7.207945499999999583e+02,-8.982551499999999578e+02,-8.804596800000000485e+02,3.767508399999999757e-02,9.716641700000000128e+03,1.147422900000000023e+00
1.724499999999999886e+02,7.604149300000000267e+02,-8.987399900000000343e+02,-8.799663399999999456e+02,-9.943914300000000761e-02,9.716641700000000128e+03,1.147422900000000023e+00
1.725000000000000000e+02,7.217376900000000433e+02,-8.970127700000000459e+02,-8.791940200000000232e+02,1.561948800000000082e-01,9.716641700000000128e+03,1.147422900000000023e+00
1.725500000000000114e+02,7.471646100000000388e+02,-8.961690099999999575e+02,-8.777224899999999934e+02,2.199631900000000029e-02,9.716641700000000128e+03,1.147422900000000023e+00
1.725999999999999943e+02,7.943742899999999736e+02,-8.962802299999999605e+02,-8.766681700000000319e+02,-2.309485599999999972e-01,9.716641700000000128e+03,1.147422900000000023e+00
1.726500000000000057e+02,7.831842900000000327e+02,-8.960257100000000037e+02,-8.766899200000000292e+02,2.209664500000000087e-01,9.716641700000000128e+03,1.147422900000000023e+00
1.726999999999999886e+02,7.646265899999999647e+02,-8.965056499999999460e+02,-8.776280299999999670e+02,-1.638298900000000058e-01,9.716641700000000128e+03,1.147422900000000023e+00
1.727500000000000000e+02,6.938656999999999471e+02,-8.962420600000000377e+02,-8.791114300000000412e+02,-3.848613600000000412e-02,9.716641700000000128e+03,1.147422900000000023e+00
1.728000000000000114e+02,7.159955499999999802e+02,-8.975831699999999955e+02,-8.799061699999999746e+02,-3.527863300000000368e-02,9.716641700000000128e+03,1.147422900000000023e+00
1.728499999999999943e+02,6.390280299999999443e+02,-8.961331800000000385e+02,-8.803564199999999573e+02,-6.869022600000000006e-03,9.716641700000000128e+03,1.147422900000000023e+00
1.729000000000000057e+02,6.661839300000000321e+02,-8.966075600000000350e+02,-8.801603499999999940e+02,2.360221400000000330e-02,9.716641700000000128e+03,1.147422900000000023e+00
1.729499999999999886e+02,7.197128199999999651e+02,-8.971947300000000496e+02,-8.794259700000000066e+02,-1.863875200000000010e-01,9.716641700000000128e+03,1.147422900000000023e+00
1.730000000000000000e+02,7.458619899999999916e+02,-8.971154099999999971e+02,-8.787010599999999840e+02,1.202842400000000006e-01,9.716641700000000128e+03,1.147422900000000023e+00
1.730500000000000114e+02,7.109601900000000114e+02,-8.958673199999999497e+02,-8.783146500000000287e+02,-3.138619700000000456e-01,9.716641700000000128e+03,1.147422900000000023e+00
1.730999999999999943e+02,6.940937199999999621e+02,-8.953064399999999523e+02,-8.781701799999999594e+02,1.275284200000000034e-02,9.716641700000000128e+03,1.147422900000000023e+00
1.731500000000000057e+02,6.905357699999999568e+02,-8.951305999999999585e+02,-8.780821799999999939e+02,-1.592834800000000051e-01,9.716641700000000128e+03,1.147422900000000023e+00
1.731999999999999886e+02,7.646385599999999840e+02,-8.964590600000000222e+02,-8.775811300000000301e+02,2.844513900000000123e-02,9.716641700000000128e+03,1.147422900000000023e+00
1.732500000000000000e+02,7.608867699999999559e+02,-8.961542200000000093e+02,-8.773689200000000028e+02,-1.649091400000000096e-01,9.716641700000000128e+03,1.147422900000000023e+00
1.733000000000000114e+02,7.902036299999999756e+02,-8.976874400000000378e+02,-8.781783500000000231e+02,-2.557301100000000105e-01,9.716641700000000128e+03,1.147422900000000023e+00
1.733499999999999943e+02,6.992368300000000545e+02,-8.970345499999999674e+02,-8.797713099999999713e+02,1.234108000000000011e-01,9.716641700000000128e+03,1.147422900000000023e+00
1.734000000000000057e+02,6.706775099999999838e+02,-8.972166600000000471e+02,-8.806585099999999784e+02,-3.413512800000000347e-01,9.716641700000000128e+03,1.147422900000000023e+00
1.734499999999999886e+02,7.184127899999999727e+02,-8.988660599999999476e+02,-8.811293899999999439e+02,2.310875700000000199e-01,9.716641700000000128e+03,1.147422900000000023e+00
1.735000000000000000e+02,6.735155899999999747e+02,-8.982917099999999664e+02,-8.816634999999999991e+02,-2.330870100000000111e-01,9.716641700000000128e+03,1.147422900000000023e+00
1.735500000000000114e+02,6.526362900000000309e+02,-8.979962000000000444e+02,-8.818834600000000137e+02,7.393586000000000602e-02,9.716641700000000128e+03,1.147422900000000023e+00
1.735999999999999943e+02,6.718415800000000218e+02,-8.982112799999999879e+02,-8.816243899999999485e+02,-2.024387099999999922e-03,9.716641700000000128e+03,1.147422900000000023e+00
1.736500000000000057e+02,6.748148099999999658e+02,-8.976252100000000382e+02,-8.809649200000000064e+02,5.288143800000000283e-02,9.716641700000000128e+03,1.147422900000000023e+00
1.736999999999999886e+02,7.824855400000000145e+02,-8.990828000000000202e+02,-8.797642600000000357e+02,-3.406345000000000206e-02,9.716641700000000128e+03,1.147422900000000023e+00
1.737500000000000000e+02,7.748798000000000457e+02,-8.983321899999999687e+02,-8.792014299999999594e+02,7.791921599999999948e-02,9.716641700000000128e+03,1.147422900000000023e+00
1.738000000000000114e+02,7.351300599999999577e+02,-8.976336199999999508e+02,-8.794842300000000250e+02,1.721046800000000099e-01,9.716641700000000128e+03,1.147422900000000023e+00
1.738499999999999943e+02,6.845206200000000081e+02,-8.974995999999999867e+02,-8.805996900000000096e+02,3.085556799999999988e-02,9.716641700000000128e+03,1.147422900000000023e+00
1.739000000000000057e+02,6.629754400000000487e+02,-8.983958800000000338e+02,-8.820278799999999819e+02,1.819218499999999961e-01,9.716641700000000128e+03,1.147422900000000023e+00
1.739499999999999886e+02,6.530605500000000347e+02,-8.989684399999999869e+02,-8.828452399999999898e+02,-5.495494899999999946e-03,9.716641700000000128e+03,1.147422900000000023e+00
1.740000000000000000e+02,6.200538500000000113e+02,-8.982141100000000051e+02,-8.829057900000000245e+02,5.991691100000001019e-02,9.716641700000000128e+03,1.147422900000000023e+00
1.740500000000000114e+02,6.547857999999999947e+02,-8.985238799999999628e+02,-8.823580799999999726e+02,-1.216926899999999923e-01,9.716641700000000128e+03,1.147422900000000023e+00
1.740999999999999943e+02,7.013080499999999802e+02,-8.990079500000000507e+02,-8.816935799999999972e+02,-3.748025299999999810e-02,9.716641700000000128e+03,1.147422900000000023e+00
1.741500000000000057e+02,6.486271600000000035e+02,-8.972314599999999700e+02,-8.812177000000000362e+02,-1.320646400000000109e-01,9.716641700000000128e+03,1.147422900000000023e+00
1.741999999999999886e+02,6.576111399999999776e+02,-8.967145100000000184e+02,-8.804789500000000544e+02,2.338251000000000357e-01,9.716641700000000128e+03,1.147422900000000023e+00
1.742500000000000000e+02,6.737379200000000310e+02,-8.963087500000000318e+02,-8.796750500000000557e+02,3.400519300000000300e-02,9.716641700000000128e+03,1.147422900000000023e+00
1.743000000000000114e+02,7.336557900000000245e+02,-8.971960699999999633e+02,-8.790830700000000206e+02,3.012290899999999980e-02,9.716641700000000128e+03,1.147422900000000023e+00
1.743499999999999943e+02,6.924615099999999757e+02,-8.963237000000000307e+02,-8.792277400000000398e+02,-1.153211100000000157e-03,9.716641700000000128e+03,1.147422900000000023e+00
1.744000000000000057e+02,7.519177300000000059e+02,-8.981501799999999776e+02,-8.795863200000000006e+02,2.633028600000000136e-03,9.716641700000000128e+03,1.147422900000000023e+00
1.744499999999999886e+02,7.799208099999999604e+02,-8.996174700000000257e+02,-8.803622400000000425e+02,2.911796300000000018e-02,9.716641700000000128e+03,1.147422900000000023e+00
1.745000000000000000e+02,6.867754300000000285e+02,-8.983708100000000059e+02,-8.814152199999999766e+02,-5.537956400000000612e-02,9.716641700000000128e+03,1.147422900000000023e+00
1.745500000000000114e+02,6.485722500000000537e+02,-8.979430200000000468e+02,-8.819306199999999762e+02,-1.945812000000000097e-01,9.716641700000000128e+03,1.147422900000000023e+00
1.745999999999999943e+02,6.900847800000000234e+02,-8.989843600000000379e+02,-8.819470700000000534e+02,1.319276600000000160e-02,9.716641700000000128e+03,1.147422900000000023e+00
1.746500000000000057e+02,6.680687799999999470e+02,-8.981602100000000064e+02,-8.816664700000000039e+02,-1.602293700000000098e-01,9.716641700000000128e+03,1.147422900000000023e+00
1.746999999999999886e+02,7.338316499999999678e+02,-8.992701399999999694e+02,-8.811527999999999565e+02,1.237095000000000139e-01,9.716641700000000128e+03,1.147422900000000023e+00
1.747500000000000000e+02,6.597068500000000313e+02,-8.972421299999999746e+02,-8.809548300000000154e+02,-2.701758699999999916e-02,9.716641700000000128e+03,1.147422900000000023e+00
1.748000000000000114e+02,6.651867499999999609e+02,-8.969687900000000127e+02,-8.805461999999999989e+02,-1.425408700000000140e-01,9.716641700000000128e+03,1.147422900000000023e+00
1.748499999999999943e+02,7.002523099999999658e+02,-8.971742900000000418e+02,-8.798859800000000178e+02,-1.263397900000000074e-01,9.716641700000000128e+03,1.147422900000000023e+00
1.749000000000000057e+02,7.161237899999999854e+02,-8.967598500000000286e+02,-8.790796900000000278e+02,7.766923000000000576e-02,9.716641700000000128e+03,1.147422900000000023e+00
1.749499999999999886e+02,7.648041799999999739e+02,-8.972594400000000405e+02,-8.783774300000000039e+02,1.166994999999999977e-01,9.716641700000000128e+03,1.147422900000000023e+00
1.750000000000000000e+02,7.395568399999999656e+02,-8.963533400000000029e+02,-8.780946500000000015e+02,-4.091275400000000118e-01,9.716641700000000128e+03,1.147422900000000023e+00
1.750500000000000114e+02,7.618822300000000496e+02,-8.969224900000000389e+02,-8.781126199999999926e+02,2.816817300000000121e-02,9.716641700000000128e+03,1.147422900000000023e+00
1.750999999999999943e+02,6.968865399999999681e+02,-8.959326200000000426e+02,-8.787273999999999887e+02,-2.675485599999999908e-01,9.716641700000000128e+03,1.147422900000000023e+00
1.751500000000000057e+02,6.903995400000000018e+02,-8.966621599999999717e+02,-8.796171000000000504e+02,-4.991680000000000422e-02,9.716641700000000128e+03,1.147422900000000023e+00
1.751999999999999886e+02,6.858683200000000397e+02,-8.975912399999999707e+02,-8.806580500000000029e+02,7.806264599999999942e-02,9.716641700000000128e+03,1.147422900000000023e+00
1.752500000000000000e+02,6.526821599999999535e+02,-8.974310799999999517e+02,-8.813172100000000455e+02,-1.724908800000000131e-01,9.716641700000000128e+03,1.147422900000000023e+00
1.753000000000000114e+02,6.893310400000000300e+02,-8.984950199999999541e+02,-8.814763400000000502e+02,2.486634500000000358e-01,9.716641700000000128e+03,1.147422900000000023e+00
1.753499999999999943e+02,6.695065100000000484e+02,-8.981073199999999588e+02,-8.815780799999999999e+02,-1.787800999999999974e-01,9.716641700000000128e+03,1.147422900000000023e+00
1.754000000000000057e+02,6.875548099999999749e+02,-8.984333900000000313e+02,-8.814585600000000341e+02,2.277668700000000379e-01,9.716641700000000128e+03,1.147422900000000023e+00
1.754499999999999886e+02,6.580677299999999832e+02,-8.973799900000000207e+02,-8.811331599999999753e+02,-3.770242599999999999e-01,9.716641700000000128e+03,1.147422900000000023e+00
1.755000000000000000e+02,7.614229000000000269e+02,-8.993357399999999870e+02,-8.805372099999999591e+02,1.900888000000000022e-01,9.716641700000000128e+03,1.147422900000000023e+00
1.755500000000000114e+02,7.484543499999999767e+02,-8.990326000000000022e+02,-8.805542400000000498e+02,-1.827959400000000179e-01,9.716641700000000128e+03,1.147422900000000023e+00
1.755999999999999943e+02,7.030625400000000127e+02,-8.987963200000000370e+02,-8.814386299999999892e+02,-1.847522500000000137e-02,9.716641700000000128e+03,1.147422900000000023e+00
1.756500000000000057e+02,6.790423399999999674e+02,-8.992881999999999607e+02,-8.825235400000000254e+02,9.030553700000000517e-02,9.716641700000000128e+03,1.147422900000000023e+00
1.756999999999999886e+02,6.236142999999999574e+02,-8.986760500000000320e+02,-8.832798299999999472e+02,2.070800499999999877e-01,9.716641700000000128e+03,1.147422900000000023e+00
1.757500000000000000e+02,7.022410800000000108e+02,-9.006094699999999875e+02,-8.832720600000000104e+02,6.359017800000001108e-02,9.716641700000000128e+03,1.147422900000000023e+00
1.758000000000000114e+02,6.128283400000000256e+02,-8.980726300000000037e+02,-8.829426999999999452e+02,1.493737800000000115e-01,9.716641700000000128e+03,1.147422900000000023e+00
1.758499999999999943e+02,7.058663500000000113e+02,-8.991746200000000044e+02,-8.817477099999999837e+02,-2.528696700000000394e-02,9.716641700000000128e+03,1.147422900000000023e+00
1.759000000000000057e+02,7.695677899999999454e+02,-8.995054800000000341e+02,-8.805058599999999842e+02,-9.780616300000000152e-02,9.716641700000000128e+03,1.147422900000000023e+00
1.759499999999999886e+02,7.131251700000000255e+02,-8.981300599999999577e+02,-8.805239400000000387e+02,1.130852700000000016e-01,9.716641700000000128e+03,1.147422900000000023e+00
1.760000000000000000e+02,7.135688300000000481e+02,-8.985220199999999977e+02,-8.809049499999999853e+02,3.672035099999999830e-02,9.716641700000000128e+03,1.147422900000000023e+00
1.760500000000000114e+02,6.909044000000000096e+02,-8.985859299999999621e+02,-8.815284100000000080e+02,-1.841159599999999952e-01,9.716641700000000128e+03,1.147422900000000023e+00
1.760999999999999943e+02,7.291870599999999740e+02,-9.001330500000000256e+02,-8.821303799999999455e+02,1.404315900000000124e-02,9.716641700000000128e+03,1.147422900000000023e+00
1.761500000000000057e+02,6.708953000000000202e+02,-8.994059600000000501e+02,-8.828424300000000358e+02,-2.229068700000000000e-02,9.716641700000000128e+03,1.147422900000000023e+00
1.761999999999999886e+02,6.540430699999999433e+02,-8.994361300000000483e+02,-8.832886600000000499e+02,1.227567100000000050e-01,9.716641700000000128e+03,1.147422900000000023e+00
1.762500000000000000e+02,6.664780700000000024e+02,-9.000378799999999728e+02,-8.835834099999999580e+02,6.866948100000000443e-02,9.716641700000000128e+03,1.147422900000000023e+00
1.763000000000000114e+02,6.363603500000000395e+02,-8.994050700000000234e+02,-8.836941699999999855e+02,5.964439099999999799e-02,9.716641700000000128e+03,1.147422900000000023e+00
1.763499999999999943e+02,6.980431700000000319e+02,-9.000019399999999905e+02,-8.827681700000000546e+02,1.054751500000000175e-01,9.716641700000000128e+03,1.147422900000000023e+00
1.764000000000000057e+02,7.184568100000000186e+02,-8.987208299999999781e+02,-8.809830699999999979e+02,6.923788699999999796e-02,9.716641700000000128e+03,1.147422900000000023e+00
1.764499999999999886e+02,7.763594299999999748e+02,-8.990780499999999620e+02,-8.799107500000000073e+02,1.809358199999999972e-01,9.716641700000000128e+03,1.147422900000000023e+00
1.765000000000000000e+02,7.673720499999999447e+02,-8.989461999999999762e+02,-8.800007900000000518e+02,6.434699400000000458e-02,9.716641700000000128e+03,1.147422900000000023e+00
1.765500000000000114e+02,7.067616000000000440e+02,-8.981322900000000118e+02,-8.806832799999999679e+02,6.897046299999999575e-02,9.716641700000000128e+03,1.147422900000000023e+00
1.765999999999999943e+02,6.748904199999999491e+02,-8.979581200000000081e+02,-8.812959600000000364e+02,8.171516299999999344e-02,9.716641700000000128e+03,1.147422900000000023e+00
1.766500000000000057e+02,6.880056100000000470e+02,-8.987761199999999917e+02,-8.817901600000000144e+02,2.750953200000000320e-01,9.716641700000000128e+03,1.147422900000000023e+00
1.766999999999999886e+02,6.833479499999999689e+02,-8.991011099999999487e+02,-8.822301400000000058e+02,-1.898229900000000248e-01,9.716641700000000128e+03,1.147422900000000023e+00
1.767500000000000000e+02,6.502885099999999738e+02,-8.986146400000000085e+02,-8.825598700000000463e+02,1.595334599999999881e-01,9.716641700000000128e+03,1.147422900000000023e+00
1.768000000000000114e+02,6.347199299999999766e+02,-8.982421100000000251e+02,-8.825717100000000528e+02,-8.319742199999999310e-02,9.716641700000000128e+03,1.147422900000000023e+00
1.768499999999999943e+02,6.933123900000000503e+02,-8.988978100000000495e+02,-8.817808300000000372e+02,5.956007600000000346e-02,9.716641700000000128e+03,1.147422900000000023e+00
1.769000000000000057e+02,7.199843499999999494e+02,-8.981850600000000213e+02,-8.804095899999999801e+02,-1.466798300000000110e-01,9.716641700000000128e+03,1.147422900000000023e+00
1.769499999999999886e+02,7.314853299999999763e+02,-8.974358600000000479e+02,-8.793764499999999771e+02,-6.096910100000000471e-02,9.716641700000000128e+03,1.147422900000000023e+00
1.770000000000000000e+02,7.546449699999999439e+02,-8.974881199999999808e+02,-8.788569199999999455e+02,-2.195615400000000272e-01,9.716641700000000128e+03,1.147422900000000023e+00
1.770500000000000114e+02,7.337261600000000499e+02,-8.969691400000000385e+02,-8.788544100000000299e+02,2.272586799999999976e-02,9.716641700000000128e+03,1.147422900000000023e+00
1.770999999999999943e+02,7.041857400000000098e+02,-8.966681499999999687e+02,-8.792827300000000150e+02,-3.327627899999999889e-02,9.716641700000000128e+03,1.147422900000000023e+00
1.771500000000000057e+02,7.077400300000000470e+02,-8.975133600000000342e+02,-8.800401900000000524e+02,-1.784073200000000081e-01,9.716641700000000128e+03,1.147422900000000023e+00
1.771999999999999886e+02,6.818123199999999997e+02,-8.978424999999999727e+02,-8.810094500000000153e+02,-6.694730499999999862e-02,9.716641700000000128e+03,1.147422900000000023e+00
1.772500000000000000e+02,6.586986500000000433e+02,-8.981144799999999577e+02,-8.818520800000000008e+02,-2.649187600000000309e-01,9.716641700000000128e+03,1.147422900000000023e+00
1.773000000000000114e+02,6.477910100000000284e+02,-8.982677899999999909e+02,-8.822746799999999894e+02,9.398056500000000202e-02,9.716641700000000128e+03,1.147422900000000023e+00
1.773499999999999943e+02,6.268687999999999647e+02,-8.977236199999999826e+02,-8.822470499999999447e+02,-9.861037800000001241e-02,9.716641700000000128e+03,1.147422900000000023e+00
1.774000000000000057e+02,7.061300599999999577e+02,-8.984753899999999476e+02,-8.810419600000000173e+02,-9.789502400000001103e-02,9.716641700000000128e+03,1.147422900000000023e+00
1.774499999999999886e+02,7.345595399999999700e+02,-8.974258899999999812e+02,-8.792905799999999772e+02,-1.912894300000000103e-01,9.716641700000000128e+03,1.147422900000000023e+00
1.775000000000000000e+02,7.376892000000000280e+02,-8.968357700000000250e+02,-8.786231900000000223e+02,2.424547999999999981e-01,9.716641700000000128e+03,1.147422900000000023e+00
1.775500000000000114e+02,6.860175799999999526e+02,-8.955099599999999782e+02,-8.785730899999999792e+02,-1.590009400000000073e-01,9.716641700000000128e+03,1.147422900000000023e+00
1.775999999999999943e+02,7.591013500000000249e+02,-8.970028999999999542e+02,-8.782616799999999557e+02,1.049021300000000101e-01,9.716641700000000128e+03,1.147422900000000023e+00
1.776500000000000057e+02,7.436044200000000046e+02,-8.967691600000000562e+02,-8.784105399999999690e+02,-2.409181000000000239e-01,9.716641700000000128e+03,1.147422900000000023e+00
1.776999999999999886e+02,7.244298999999999751e+02,-8.970934300000000121e+02,-8.792082000000000335e+02,-7.855371599999999566e-02,9.716641700000000128e+03,1.147422900000000023e+00
1.777500000000000000e+02,7.572235600000000204e+02,-8.992413599999999860e+02,-8.805465000000000373e+02,-6.990958000000001282e-02,9.716641700000000128e+03,1.147422900000000023e+00
1.778000000000000114e+02,6.688099799999999959e+02,-8.983272600000000239e+02,-8.818152199999999539e+02,-1.309013800000000116e-01,9.716641700000000128e+03,1.147422900000000023e+00
1.778499999999999943e+02,6.575511800000000449e+02,-8.984940699999999651e+02,-8.822599900000000162e+02,2.064354400000000152e-03,9.716641700000000128e+03,1.147422900000000023e+00
1.779000000000000057e+02,6.705261100000000170e+02,-8.987432300000000396e+02,-8.821888199999999642e+02,7.988695300000001054e-02,9.716641700000000128e+03,1.147422900000000023e+00
1.779499999999999886e+02,6.917883799999999610e+02,-8.988171599999999444e+02,-8.817378099999999677e+02,5.724888099999999452e-02,9.716641700000000128e+03,1.147422900000000023e+00
1.780000000000000000e+02,6.973780799999999545e+02,-8.982822599999999511e+02,-8.810649100000000544e+02,-1.662253900000000215e-02,9.716641700000000128e+03,1.147422900000000023e+00
1.780500000000000114e+02,7.003196699999999737e+02,-8.977260499999999865e+02,-8.804360799999999472e+02,-4.772479900000000524e-02,9.716641700000000128e+03,1.147422900000000023e+00
1.780999999999999943e+02,7.033641000000000076e+02,-8.972961800000000494e+02,-8.799310400000000527e+02,-7.917576699999999412e-02,9.716641700000000128e+03,1.147422900000000023e+00
1.781500000000000057e+02,7.084677100000000110e+02,-8.968582300000000487e+02,-8.793670899999999619e+02,-1.229208400000000034e-01,9.716641700000000128e+03,1.147422900000000023e+00
1.781999999999999886e+02,7.609418100000000322e+02,-8.973753400000000511e+02,-8.785886799999999539e+02,-7.186458599999999419e-02,9.716641700000000128e+03,1.147422900000000023e+00
1.782500000000000000e+02,7.467968399999999747e+02,-8.960531999999999471e+02,-8.776157699999999977e+02,-1.790853699999999937e-01,9.716641700000000128e+03,1.147422900000000023e+00
1.783000000000000114e+02,7.623634200000000192e+02,-8.951388899999999467e+02,-8.763171300000000201e+02,-1.057176400000000155e-01,9.716641700000000128e+03,1.147422900000000023e+00
1.783499999999999943e+02,8.540705699999999752e+02,-8.963053400000000011e+02,-8.752194600000000264e+02,9.274778500000000619e-03,9.716641700000000128e+03,1.147422900000000023e+00
1.784000000000000057e+02,7.600061699999999973e+02,-8.947985999999999649e+02,-8.760350399999999809e+02,-7.598920900000000200e-02,9.716641700000000128e+03,1.147422900000000023e+00
1.784499999999999886e+02,6.907596399999999903e+02,-8.945124399999999696e+02,-8.774584899999999834e+02,1.412317399999999945e-01,9.716641700000000128e+03,1.147422900000000023e+00
1.785000000000000000e+02,7.156773899999999458e+02,-8.959785399999999527e+02,-8.783093999999999824e+02,4.746509699999999776e-02,9.716641700000000128e+03,1.147422900000000023e+00
1.785500000000000114e+02,6.879302699999999504e+02,-8.959920600000000377e+02,-8.790079600000000255e+02,1.789710300000000032e-01,9.716641700000000128e+03,1.147422900000000023e+00
1.785999999999999943e+02,7.205508200000000443e+02,-8.973458299999999781e+02,-8.795563799999999901e+02,-1.824888600000000027e-01,9.716641700000000128e+03,1.147422900000000023e+00
1.786500000000000057e+02,7.248038500000000113e+02,-8.980130000000000337e+02,-8.801185400000000527e+02,-2.140240499999999935e-01,9.716641700000000128e+03,1.147422900000000023e+00
1.786999999999999886e+02,6.904607200000000375e+02,-8.977816599999999880e+02,-8.807350900000000138e+02,1.521343100000000226e-01,9.716641700000000128e+03,1.147422900000000023e+00
1.787500000000000000e+02,6.514173799999999801e+02,-8.974124000000000478e+02,-8.813297599999999647e+02,1.323844400000000199e-02,9.716641700000000128e+03,1.147422900000000023e+00
1.788000000000000114e+02,7.072709800000000087e+02,-8.991931600000000344e+02,-8.817315700000000334e+02,-2.150375800000000129e-02,9.716641700000000128e+03,1.147422900000000023e+00
1.788499999999999943e+02,6.736882399999999507e+02,-8.988278900000000249e+02,-8.821954100000000381e+02,2.976987700000000361e-02,9.716641700000000128e+03,1.147422900000000023e+00
1.789000000000000057e+02,6.312159199999999828e+02,-8.984903100000000222e+02,-8.829064200000000255e+02,-7.828068200000000421e-02,9.716641700000000128e+03,1.147422900000000023e+00
1.789499999999999886e+02,6.541702800000000479e+02,-8.998236399999999549e+02,-8.836730400000000145e+02,-1.107384100000000093e-01,9.716641700000000128e+03,1.147422900000000023e+00
1.790000000000000000e+02,6.371494800000000396e+02,-9.000010300000000143e+02,-8.842706500000000460e+02,1.380319799999999986e-01,9.716641700000000128e+03,1.147422900000000023e+00
1.790500000000000114e+02,6.117591499999999769e+02,-8.992778200000000197e+02,-8.841742900000000418e+02,-2.062344900000000203e-01,9.716641700000000128e+03,1.147422900000000023e+00
1.790999999999999943e+02,7.291963700000000017e+02,-9.010840699999999970e+02,-8.830811700000000428e+02,1.356426200000000193e-01,9.716641700000000128e+03,1.147422900000000023e+00
1.791500000000000057e+02,6.587386099999999942e+02,-8.983125999999999749e+02,-8.820492100000000164e+02,-1.854885099999999953e-01,9.716641700000000128e+03,1.147422900000000023e+00
1.791999999999999886e+02,6.790869400000000269e+02,-8.979159300000000030e+02,-8.811501600000000280e+02,-1.784171900000000241e-02,9.716641700000000128e+03,1.147422900000000023e+00
1.792500000000000000e+02,7.099255399999999554e+02,-8.980598400000000083e+02,-8.805327099999999518e+02,6.294207300000000116e-02,9.716641700000000128e+03,1.147422900000000023e+00
1.793000000000000114e+02,7.141702000000000226e+02,-8.980194099999999935e+02,-8.803874799999999823e+02,-2.076064900000000046e-01,9.716641700000000128e+03,1.147422900000000023e+00
1.793499999999999943e+02,6.867795700000000352e+02,-8.973629899999999679e+02,-8.804073100000000522e+02,-2.535967400000000219e-02,9.716641700000000128e+03,1.147422900000000023e+00
1.794000000000000057e+02,6.796502600000000029e+02,-8.972258000000000493e+02,-8.804461300000000392e+02,-1.171803800000000007e-01,9.716641700000000128e+03,1.147422900000000023e+00
1.794499999999999886e+02,6.991856599999999844e+02,-8.976953200000000379e+02,-8.804333400000000438e+02,-3.410960599999999978e-03,9.716641700000000128e+03,1.147422900000000023e+00
1.795000000000000000e+02,7.404628099999999904e+02,-8.986757599999999684e+02,-8.803946999999999434e+02,-4.707921900000000548e-02,9.716641700000000128e+03,1.147422900000000023e+00
1.795500000000000114e+02,6.741636999999999489e+02,-8.976609600000000455e+02,-8.810167500000000018e+02,-3.295922400000000224e-02,9.716641700000000128e+03,1.147422900000000023e+00
1.795999999999999943e+02,6.602551899999999705e+02,-8.983097500000000082e+02,-8.820089199999999892e+02,9.825228200000001022e-02,9.716641700000000128e+03,1.147422900000000023e+00
1.796500000000000057e+02,6.671798300000000381e+02,-8.992662500000000136e+02,-8.827944499999999834e+02,6.719503200000000176e-02,9.716641700000000128e+03,1.147422900000000023e+00
1.796999999999999886e+02,6.333518299999999499e+02,-8.989444399999999860e+02,-8.833078100000000177e+02,5.797941499999999942e-02,9.716641700000000128e+03,1.147422900000000023e+00
1.797500000000000000e+02,6.903568199999999706e+02,-9.004052299999999605e+02,-8.833612299999999777e+02,-4.102809500000000054e-02,9.716641700000000128e+03,1.147422900000000023e+00
1.798000000000000114e+02,6.458522100000000137e+02,-8.989841199999999617e+02,-8.830388799999999492e+02,-7.068931400000000873e-04,9.716641700000000128e+03,1.147422900000000023e+00
1.798499999999999943e+02,7.258673999999999751e+02,-8.999040599999999586e+02,-8.819833499999999731e+02,2.311828500000000230e-01,9.716641700000000128e+03,1.147422900000000023e+00
1.799000000000000057e+02,6.944992700000000241e+02,-8.981887799999999515e+02,-8.810425000000000182e+02,-3.042824100000000032e-01,9.716641700000000128e+03,1.147422900000000023e+00
1.799499999999999886e+02,7.184592900000000100e+02,-8.979105200000000195e+02,-8.801726999999999634e+02,1.347574600000000199e-02,9.716641700000000128e+03,1.147422900000000023e+00
1.800000000000000000e+02,6.833657699999999977e+02,-8.965259499999999662e+02,-8.796545399999999972e+02,7.102036800000000039e-02,9.716641700000000128e+03,1.147422900000000023e+00
1.800500000000000114e+02,7.263452300000000150e+02,-8.971704899999999725e+02,-8.792379799999999932e+02,-4.386141000000000345e-02,9.716641700000000128e+03,1.147422900000000023e+00
1.800999999999999943e+02,7.682496999999999616e+02,-8.980639700000000403e+02,-8.790968900000000303e+02,-9.675225199999999692e-02,9.716641700000000128e+03,1.147422900000000023e+00
1.801500000000000057e+02,6.869931599999999889e+02,-8.962264699999999493e+02,-8.792655099999999493e+02,-1.878702299999999992e-02,9.716641700000000128e+03,1.147422900000000023e+00
1.801999999999999886e+02,7.399388599999999769e+02,-8.978080400000000054e+02,-8.795399200000000519e+02,1.327753300000000247e-01,9.716641700000000128e+03,1.147422900000000023e+00
1.802500000000000000e+02,7.255569199999999910e+02,-8.979822400000000471e+02,-8.800691900000000487e+02,-2.173228199999999999e-01,9.716641700000000128e+03,1.147422900000000023e+00
1.803000000000000114e+02,7.393443999999999505e+02,-8.986781399999999849e+02,-8.804247000000000298e+02,1.369603000000000070e-01,9.716641700000000128e+03,1.147422900000000023e+00
1.803499999999999943e+02,6.747540999999999940e+02,-8.974594299999999976e+02,-8.808006400000000440e+02,-9.845211500000000671e-02,9.716641700000000128e+03,1.147422900000000023e+00
1.804000000000000057e+02,6.764578299999999444e+02,-8.974486900000000560e+02,-8.807478399999999965e+02,9.147295800000000698e-02,9.716641700000000128e+03,1.147422900000000023e+00
1.804499999999999886e+02,6.686140199999999822e+02,-8.968135099999999511e+02,-8.803062999999999647e+02,-1.466992299999999860e-01,9.716641700000000128e+03,1.147422900000000023e+00
1.805000000000000000e+02,6.998820799999999736e+02,-8.970199199999999564e+02,-8.797407500000000482e+02,-9.329515800000000303e-02,9.716641700000000128e+03,1.147422900000000023e+00
1.805500000000000114e+02,8.033146000000000413e+02,-8.990612800000000107e+02,-8.792285000000000537e+02,-9.320682800000000545e-02,9.716641700000000128e+03,1.147422900000000023e+00
1.805999999999999943e+02,7.380694099999999480e+02,-8.976149299999999585e+02,-8.793929600000000164e+02,4.163989300000000421e-02,9.716641700000000128e+03,1.147422900000000023e+00
1.806500000000000057e+02,7.162784900000000334e+02,-8.974933899999999767e+02,-8.798094099999999571e+02,5.566678399999999693e-02,9.716641700000000128e+03,1.147422900000000023e+00
1.806999999999999886e+02,6.854431899999999587e+02,-8.976372900000000072e+02,-8.807146000000000186e+02,-1.046674100000000024e-01,9.716641700000000128e+03,1.147422900000000023e+00
1.807500000000000000e+02,6.246589000000000169e+02,-8.973723599999999578e+02,-8.819503499999999576e+02,1.645796700000000112e-01,9.716641700000000128e+03,1.147422900000000023e+00
1.808000000000000114e+02,6.419108400000000074e+02,-8.986633399999999483e+02,-8.828154100000000426e+02,-1.244458100000000178e-01,9.716641700000000128e+03,1.147422900000000023e+00
1.808499999999999943e+02,6.256057600000000321e+02,-8.984182499999999436e+02,-8.829728599999999687e+02,-6.632166100000000397e-02,9.716641700000000128e+03,1.147422900000000023e+00
1.809000000000000057e+02,6.094398099999999658e+02,-8.974730899999999565e+02,-8.824268200000000206e+02,8.163611400000001309e-03,9.716641700000000128e+03,1.147422900000000023e+00
1.809499999999999886e+02,6.800397000000000389e+02,-8.982181900000000496e+02,-8.814288999999999987e+02,-1.237880700000000000e-01,9.716641700000000128e+03,1.147422900000000023e+00
1.810000000000000000e+02,6.720145899999999983e+02,-8.973594299999999748e+02,-8.807682700000000295e+02,-6.264345400000000119e-02,9.716641700000000128e+03,1.147422900000000023e+00
1.810500000000000114e+02,6.828543600000000424e+02,-8.971991400000000567e+02,-8.803403600000000324e+02,-6.531972399999999568e-02,9.716641700000000128e+03,1.147422900000000023e+00
1.810999999999999943e+02,7.505037200000000439e+02,-8.984720099999999547e+02,-8.799430599999999458e+02,2.313354100000000052e-02,9.716641700000000128e+03,1.147422900000000023e+00
1.811500000000000057e+02,6.936226799999999457e+02,-8.972551399999999830e+02,-8.801304999999999836e+02,-4.839792899999999926e-02,9.716641700000000128e+03,1.147422900000000023e+00
1.811999999999999886e+02,6.882843900000000303e+02,-8.972735599999999749e+02,-8.802807299999999486e+02,-1.739460800000000029e-01,9.716641700000000128e+03,1.147422900000000023e+00
1.812500000000000000e+02,6.681639199999999619e+02,-8.966654099999999517e+02,-8.801693199999999706e+02,-3.837939900000000154e-02,9.716641700000000128e+03,1.147422900000000023e+00
1.813000000000000114e+02,6.851407799999999497e+02,-8.966802199999999630e+02,-8.797649900000000116e+02,-1.227290800000000043e-01,9.716641700000000128e+03,1.147422900000000023e+00
1.813499999999999943e+02,7.386184600000000273e+02,-8.972435799999999517e+02,-8.790080600000000004e+02,-1.628164500000000084e-02,9.716641700000000128e+03,1.147422900000000023e+00
1.814000000000000057e+02,7.401915299999999434e+02,-8.964040599999999586e+02,-8.781296999999999571e+02,1.008874700000000121e-03,9.716641700000000128e+03,1.147422900000000023e+00
1.814499999999999886e+02,7.449968400000000202e+02,-8.957316100000000461e+02,-8.773386199999999917e+02,-6.596943900000000471e-02,9.716641700000000128e+03,1.147422900000000023e+00
1.815000000000000000e+02,8.140074600000000373e+02,-8.969205200000000104e+02,-8.768237500000000182e+02,-1.615518600000000193e-01,9.716641700000000128e+03,1.147422900000000023e+00
1.815500000000000114e+02,7.423118600000000242e+02,-8.955486799999999903e+02,-8.772219800000000305e+02,3.606872599999999887e-03,9.716641700000000128e+03,1.147422900000000023e+00
1.815999999999999943e+02,6.720955900000000156e+02,-8.954008199999999533e+02,-8.788076600000000553e+02,-3.163472100000000453e-02,9.716641700000000128e+03,1.147422900000000023e+00
1.816500000000000057e+02,6.385513200000000325e+02,-8.956598800000000438e+02,-8.798948799999999437e+02,-1.860694999999999988e-01,9.716641700000000128e+03,1.147422900000000023e+00
1.816999999999999886e+02,6.620134000000000469e+02,-8.964683899999999994e+02,-8.801241400000000112e+02,3.381982699999999675e-02,9.716641700000000128e+03,1.147422900000000023e+00
1.817500000000000000e+02,6.616822700000000168e+02,-8.963906299999999874e+02,-8.800545700000000124e+02,-2.602313700000000174e-01,9.716641700000000128e+03,1.147422900000000023e+00
1.818000000000000114e+02,6.916817200000000412e+02,-8.970058199999999715e+02,-8.799290999999999485e+02,-8.667958100000000554e-02,9.716641700000000128e+03,1.147422900000000023e+00
1.818499999999999943e+02,7.278292000000000144e+02,-8.978757399999999507e+02,-8.799065900000000511e+02,-1.428882399999999997e-01,9.716641700000000128e+03,1.147422900000000023e+00
1.819000000000000057e+02,6.865599200000000337e+02,-8.972335699999999861e+02,-8.802833000000000538e+02,-1.238846700000000162e-01,9.716641700000000128e+03,1.147422900000000023e+00
1.819499999999999886e+02,7.241864399999999478e+02,-8.987085299999999961e+02,-8.808293200000000525e+02,-2.419147900000000271e-03,9.716641700000000128e+03,1.147422900000000023e+00
1.820000000000000000e+02,6.584753600000000233e+02,-8.983972800000000234e+02,-8.821403800000000501e+02,-2.976966300000000176e-01,9.716641700000000128e+03,1.147422900000000023e+00
1.820500000000000114e+02,6.648616899999999532e+02,-8.995026199999999790e+02,-8.830880600000000413e+02,2.300080800000000314e-01,9.716641700000000128e+03,1.147422900000000023e+00
1.820999999999999943e+02,6.622466500000000451e+02,-8.997572999999999865e+02,-8.834072999999999638e+02,-2.626789999999999958e-01,9.716641700000000128e+03,1.147422900000000023e+00
1.821500000000000057e+02,7.157836300000000165e+02,-9.009273899999999458e+02,-8.832556299999999965e+02,8.305276400000000114e-02,9.716641700000000128e+03,1.147422900000000023e+00
1.821999999999999886e+02,6.527293899999999667e+02,-8.989603499999999485e+02,-8.828453200000000152e+02,-2.572544199999999837e-01,9.716641700000000128e+03,1.147422900000000023e+00
1.822500000000000000e+02,6.835466900000000123e+02,-8.986611000000000331e+02,-8.817852299999999559e+02,2.006027200000000121e-01,9.716641700000000128e+03,1.147422900000000023e+00
1.823000000000000114e+02,7.659671799999999848e+02,-8.990097600000000284e+02,-8.800990299999999706e+02,-1.956984099999999893e-01,9.716641700000000128e+03,1.147422900000000023e+00
1.823499999999999943e+02,7.374905800000000227e+02,-8.976338200000000143e+02,-8.794261400000000322e+02,1.125666400000000095e-01,9.716641700000000128e+03,1.147422900000000023e+00
1.824000000000000057e+02,7.539083100000000286e+02,-8.981657800000000407e+02,-8.795527700000000095e+02,-1.612881199999999932e-02,9.716641700000000128e+03,1.147422900000000023e+00
1.824499999999999886e+02,7.448992399999999634e+02,-8.983797299999999950e+02,-8.799891499999999951e+02,-2.721079300000000395e-02,9.716641700000000128e+03,1.147422900000000023e+00
1.825000000000000000e+02,7.368462100000000419e+02,-8.987084700000000339e+02,-8.805167000000000144e+02,3.596512900000000540e-02,9.716641700000000128e+03,1.147422900000000023e+00
1.825500000000000114e+02,6.656676099999999678e+02,-8.977781199999999444e+02,-8.813436599999999999e+02,-9.593678700000000947e-02,9.716641700000000128e+03,1.147422900000000023e+00
1.825999999999999943e+02,6.515781700000000001e+02,-8.979071000000000140e+02,-8.818204899999999498e+02,6.789013600000000370e-02,9.716641700000000128e+03,1.147422900000000023e+00
1.826500000000000057e+02,7.545535700000000361e+02,-9.005376899999999978e+02,-8.819087500000000546e+02,-2.190463300000000113e-01,9.716641700000000128e+03,1.147422900000000023e+00
1.826999999999999886e+02,6.681603400000000192e+02,-8.987035899999999629e+02,-8.822075899999999820e+02,8.438117300000000376e-02,9.716641700000000128e+03,1.147422900000000023e+00
1.827500000000000000e+02,6.407428899999999885e+02,-8.980055399999999963e+02,-8.821864399999999478e+02,1.989416900000000044e-01,9.716641700000000128e+03,1.147422900000000023e+00
1.828000000000000114e+02,6.934209299999999985e+02,-8.982249900000000480e+02,-8.811053399999999556e+02,2.812363199999999910e-02,9.716641700000000128e+03,1.147422900000000023e+00
1.828499999999999943e+02,7.225564500000000407e+02,-8.970349700000000439e+02,-8.791960000000000264e+02,8.333509000000000055e-02,9.716641700000000128e+03,1.147422900000000023e+00
1.829000000000000057e+02,7.124736400000000458e+02,-8.959256000000000313e+02,-8.783355699999999615e+02,1.392200100000000051e-01,9.716641700000000128e+03,1.147422900000000023e+00
1.829499999999999886e+02,7.343138099999999895e+02,-8.961049699999999802e+02,-8.779757200000000239e+02,9.692243200000000627e-03,9.716641700000000128e+03,1.147422900000000023e+00
1.830000000000000000e+02,7.736026900000000524e+02,-8.971560399999999618e+02,-8.780568100000000413e+02,1.295631700000000053e-01,9.716641700000000128e+03,1.147422900000000023e+00
1.830500000000000114e+02,7.224994699999999739e+02,-8.967559700000000475e+02,-8.789184000000000196e+02,1.314595900000000150e-01,9.716641700000000128e+03,1.147422900000000023e+00
1.830999999999999943e+02,6.787280799999999772e+02,-8.966327700000000505e+02,-8.798758599999999888e+02,-1.192211499999999980e-01,9.716641700000000128e+03,1.147422900000000023e+00
1.831500000000000057e+02,7.464044300000000476e+02,-8.990056600000000344e+02,-8.805779199999999491e+02,2.181025799999999903e-01,9.716641700000000128e+03,1.147422900000000023e+00
1.831999999999999886e+02,6.766603699999999435e+02,-8.980768799999999601e+02,-8.813710200000000441e+02,-8.632867400000000802e-02,9.716641700000000128e+03,1.147422900000000023e+00
1.832500000000000000e+02,6.987114500000000135e+02,-8.989167300000000296e+02,-8.816664600000000291e+02,8.694138199999999761e-02,9.716641700000000128e+03,1.147422900000000023e+00
1.833000000000000114e+02,7.146915699999999561e+02,-8.992040600000000268e+02,-8.815592599999999948e+02,6.075069899999999828e-02,9.716641700000000128e+03,1.147422900000000023e+00
1.833499999999999943e+02,6.955290899999999965e+02,-8.985147200000000112e+02,-8.813430200000000241e+02,-7.477739299999999756e-02,9.716641700000000128e+03,1.147422900000000023e+00
1.834000000000000057e+02,7.264038199999999961e+02,-8.990245099999999638e+02,-8.810905599999999822e+02,1.261672199999999966e-01,9.716641700000000128e+03,1.147422900000000023e+00
1.834499999999999886e+02,6.975425599999999804e+02,-8.982218500000000176e+02,-8.810004400000000260e+02,-8.116250099999999801e-02,9.716641700000000128e+03,1.147422900000000023e+00
1.835000000000000000e+02,6.964468900000000531e+02,-8.981877100000000382e+02,-8.809933499999999640e+02,1.158991600000000149e-01,9.716641700000000128e+03,1.147422900000000023e+00
1.835500000000000114e+02,6.973916600000000017e+02,-8.980182300000000168e+02,-8.808005500000000438e+02,-7.901075700000000090e-02,9.716641700000000128e+03,1.147422900000000023e+00
1.835999999999999943e+02,6.690339400000000296e+02,-8.969945699999999533e+02,-8.804769999999999754e+02,3.317317300000000579e-01,9.716641700000000128e+03,1.147422900000000023e+00
1.836500000000000057e+02,7.009750900000000229e+02,-8.969303999999999633e+02,-8.796242399999999861e+02,-1.075705600000000095e-01,9.716641700000000128e+03,1.147422900000000023e+00
1.836999999999999886e+02,7.386922399999999698e+02,-8.960931299999999737e+02,-8.778557899999999563e+02,3.042571100000000528e-01,9.716641700000000128e+03,1.147422900000000023e+00
1.837500000000000000e+02,7.786982900000000427e+02,-8.956789899999999989e+02,-8.764539499999999634e+02,-4.587811500000000403e-02,9.716641700000000128e+03,1.147422900000000023e+00
1.838000000000000114e+02,8.184530200000000377e+02,-8.964145600000000513e+02,-8.762080300000000079e+02,3.457418400000000086e-02,9.716641700000000128e+03,1.147422900000000023e+00
1.838499999999999943e+02,7.212343600000000379e+02,-8.947359000000000151e+02,-8.769295700000000124e+02,1.863974899999999886e-03,9.716641700000000128e+03,1.147422900000000023e+00
1.839000000000000057e+02,7.507018699999999853e+02,-8.966124499999999671e+02,-8.780786100000000260e+02,5.834609600000000354e-03,9.716641700000000128e+03,1.147422900000000023e+00
1.839499999999999886e+02,7.488863300000000436e+02,-8.974942399999999907e+02,-8.790052200000000084e+02,1.369387700000000187e-02,9.716641700000000128e+03,1.147422900000000023e+00
1.840000000000000000e+02,7.202684000000000424e+02,-8.974152400000000398e+02,-8.796327599999999620e+02,-1.612985799999999970e-01,9.716641700000000128e+03,1.147422900000000023e+00
1.840500000000000114e+02,7.200083899999999630e+02,-8.979550400000000536e+02,-8.801789800000000241e+02,-2.347224699999999990e-03,9.716641700000000128e+03,1.147422900000000023e+00
1.840999999999999943e+02,6.990123099999999567e+02,-8.978912500000000136e+02,-8.806335500000000138e+02,-8.854670900000000122e-02,9.716641700000000128e+03,1.147422900000000023e+00
1.841500000000000057e+02,7.022020300000000361e+02,-8.983837800000000016e+02,-8.810473399999999629e+02,-4.106276299999999518e-03,9.716641700000000128e+03,1.147422900000000023e+00
1.841999999999999886e+02,6.385661300000000438e+02,-8.972322299999999586e+02,-8.814668699999999717e+02,-3.997076700000000427e-02,9.716641700000000128e+03,1.147422900000000023e+00
1.842500000000000000e+02,6.516006300000000238e+02,-8.975357599999999820e+02,-8.814486000000000558e+02,-1.917508400000000057e-01,9.716641700000000128e+03,1.147422900000000023e+00
1.843000000000000114e+02,6.551285199999999804e+02,-8.969342900000000327e+02,-8.807600300000000288e+02,-7.194896199999999131e-02,9.716641700000000128e+03,1.147422900000000023e+00
1.843499999999999943e+02,7.211139699999999948e+02,-8.968915799999999763e+02,-8.790882299999999532e+02,-1.313935199999999859e-01,9.716641700000000128e+03,1.147422900000000023e+00
1.844000000000000057e+02,7.663779799999999796e+02,-8.970150099999999611e+02,-8.780941500000000133e+02,-4.235548400000000574e-02,9.716641700000000128e+03,1.147422900000000023e+00
1.844499999999999886e+02,7.658234999999999673e+02,-8.971360700000000179e+02,-8.782288999999999533e+02,2.124670000000000378e-02,9.716641700000000128e+03,1.147422900000000023e+00
1.845000000000000000e+02,7.780880799999999908e+02,-8.981185100000000148e+02,-8.789085300000000416e+02,-4.699564600000000029e-03,9.716641700000000128e+03,1.147422900000000023e+00
1.845500000000000114e+02,7.263782999999999674e+02,-8.979790400000000545e+02,-8.800457099999999855e+02,4.862587800000000571e-01,9.716641700000000128e+03,1.147422900000000023e+00
1.845999999999999943e+02,6.663941399999999931e+02,-8.975329500000000280e+02,-8.810805500000000166e+02,1.029034800000000124e-02,9.716641700000000128e+03,1.147422900000000023e+00
1.846500000000000057e+02,6.817016899999999850e+02,-8.983582999999999856e+02,-8.815279799999999568e+02,-3.633498599999999967e-02,9.716641700000000128e+03,1.147422900000000023e+00
1.846999999999999886e+02,6.903210500000000138e+02,-8.985651400000000422e+02,-8.815220199999999977e+02,-1.505263300000000103e-02,9.716641700000000128e+03,1.147422900000000023e+00
1.847500000000000000e+02,6.878565399999999954e+02,-8.983219500000000153e+02,-8.813396800000000439e+02,-2.747992400000000019e-03,9.716641700000000128e+03,1.147422900000000023e+00
1.848000000000000114e+02,6.745735899999999674e+02,-8.975657300000000305e+02,-8.809113899999999830e+02,-1.759097700000000208e-01,9.716641700000000128e+03,1.147422900000000023e+00
1.848499999999999943e+02,7.368667900000000373e+02,-8.981766599999999698e+02,-8.799843799999999874e+02,5.249249600000000654e-02,9.716641700000000128e+03,1.147422900000000023e+00
1.849000000000000057e+02,8.140866800000000012e+02,-8.991942599999999857e+02,-8.790955300000000534e+02,-6.079739600000000355e-02,9.716641700000000128e+03,1.147422900000000023e+00
1.849499999999999886e+02,7.061070499999999583e+02,-8.965385999999999740e+02,-8.791057499999999436e+02,-9.153997300000001058e-03,9.716641700000000128e+03,1.147422900000000023e+00
1.850000000000000000e+02,7.181807000000000016e+02,-8.971953300000000127e+02,-8.794643899999999803e+02,5.212746600000000077e-03,9.716641700000000128e+03,1.147422900000000023e+00
1.850500000000000114e+02,7.329515499999999975e+02,-8.990621200000000499e+02,-8.809665099999999711e+02,-8.819293900000001185e-02,9.716641700000000128e+03,1.147422900000000023e+00
1.850999999999999943e+02,6.522031600000000253e+02,-8.988711399999999685e+02,-8.827690999999999804e+02,-2.858889500000000305e-02,9.716641700000000128e+03,1.147422900000000023e+00
1.851500000000000057e+02,6.342799700000000485e+02,-8.987205999999999904e+02,-8.830610599999999977e+02,-7.943933899999999770e-02,9.716641700000000128e+03,1.147422900000000023e+00
1.851999999999999886e+02,6.963762400000000525e+02,-8.998911699999999882e+02,-8.826985499999999547e+02,2.255353700000000128e-01,9.716641700000000128e+03,1.147422900000000023e+00
1.852500000000000000e+02,6.652771300000000565e+02,-8.987505099999999629e+02,-8.823256900000000087e+02,1.693083499999999825e-02,9.716641700000000128e+03,1.147422900000000023e+00
1.853000000000000114e+02,6.853468400000000429e+02,-8.987406300000000101e+02,-8.818203200000000379e+02,-2.062063100000000038e-01,9.716641700000000128e+03,1.147422900000000023e+00
1.853499999999999943e+02,7.191424100000000408e+02,-8.988627900000000182e+02,-8.811081000000000358e+02,2.443360000000000254e-01,9.716641700000000128e+03,1.147422900000000023e+00
1.854000000000000057e+02,7.315570300000000543e+02,-8.983120099999999866e+02,-8.802508299999999508e+02,-2.196402999999999897e-02,9.716641700000000128e+03,1.147422900000000023e+00
1.854499999999999886e+02,7.503379499999999780e+02,-8.980810800000000427e+02,-8.795562200000000530e+02,-2.137015400000000058e-03,9.716641700000000128e+03,1.147422900000000023e+00
1.855000000000000000e+02,7.892445699999999533e+02,-8.988805200000000468e+02,-8.793951100000000451e+02,-1.100229599999999891e-01,9.716641700000000128e+03,1.147422900000000023e+00
1.855500000000000114e+02,7.372639199999999846e+02,-8.986326000000000249e+02,-8.804305200000000013e+02,-3.182675600000000049e-01,9.716641700000000128e+03,1.147422900000000023e+00
1.855999999999999943e+02,7.023605900000000020e+02,-8.996925099999999702e+02,-8.823521500000000515e+02,-5.466104000000000795e-02,9.716641700000000128e+03,1.147422900000000023e+00
1.856500000000000057e+02,6.822909300000000030e+02,-9.000807200000000421e+02,-8.832358500000000276e+02,-3.421842300000000128e-03,9.716641700000000128e+03,1.147422900000000023e+00
1.856999999999999886e+02,7.342134899999999789e+02,-9.015522200000000339e+02,-8.834254499999999553e+02,-2.274043900000000118e-01,9.716641700000000128e+03,1.147422900000000023e+00
1.857500000000000000e+02,6.394766300000000001e+02,-8.993571899999999459e+02,-8.835693599999999606e+02,-3.230447200000000074e-02,9.716641700000000128e+03,1.147422900000000023e+00
1.858000000000000114e+02,6.671045900000000302e+02,-8.998227000000000544e+02,-8.833527599999999893e+02,-1.452333400000000059e-02,9.716641700000000128e+03,1.147422900000000023e+00
1.858499999999999943e+02,7.266604700000000321e+02,-9.006950000000000500e+02,-8.827547100000000455e+02,-3.471564200000000489e-02,9.716641700000000128e+03,1.147422900000000023e+00
1.859000000000000057e+02,7.281075399999999718e+02,-8.999784600000000410e+02,-8.820024399999999787e+02,7.933244600000001479e-02,9.716641700000000128e+03,1.147422900000000023e+00
1.859499999999999886e+02,7.891444099999999935e+02,-9.008229900000000043e+02,-8.813400500000000193e+02,-1.151323500000000014e-02,9.716641700000000128e+03,1.147422900000000023e+00
1.860000000000000000e+02,7.428635399999999436e+02,-8.995998100000000477e+02,-8.812594900000000280e+02,1.027215900000000015e-01,9.716641700000000128e+03,1.147422900000000023e+00
1.860500000000000114e+02,6.831472899999999981e+02,-8.988236100000000306e+02,-8.819575999999999567e+02,8.534922100000000289e-02,9.716641700000000128e+03,1.147422900000000023e+00
1.860999999999999943e+02,6.447712000000000216e+02,-8.990110399999999800e+02,-8.830924899999999980e+02,-9.523402999999999730e-02,9.716641700000000128e+03,1.147422900000000023e+00
1.861500000000000057e+02,6.280059099999999717e+02,-8.997024400000000242e+02,-8.841978000000000293e+02,2.030572600000000172e-01,9.716641700000000128e+03,1.147422900000000023e+00
1.861999999999999886e+02,6.200440999999999576e+02,-8.999224799999999505e+02,-8.846144000000000460e+02,-1.595132499999999953e-01,9.716641700000000128e+03,1.147422900000000023e+00
1.862500000000000000e+02,6.626644700000000512e+02,-9.005608700000000226e+02,-8.842005599999999959e+02,-5.370982500000000270e-02,9.716641700000000128e+03,1.147422900000000023e+00
1.863000000000000114e+02,6.319882199999999557e+02,-8.989208599999999478e+02,-8.833179000000000087e+02,-2.860249500000000000e-01,9.716641700000000128e+03,1.147422900000000023e+00
1.863499999999999943e+02,7.305561300000000529e+02,-9.001302899999999454e+02,-8.820938200000000506e+02,1.307381200000000132e-01,9.716641700000000128e+03,1.147422900000000023e+00
1.864000000000000057e+02,7.088239200000000437e+02,-8.990830300000000079e+02,-8.815830999999999449e+02,-2.027688000000000268e-01,9.716641700000000128e+03,1.147422900000000023e+00
1.864499999999999886e+02,7.320951199999999517e+02,-8.996488000000000511e+02,-8.815743300000000318e+02,-1.171690100000000005e-02,9.716641700000000128e+03,1.147422900000000023e+00
1.865000000000000000e+02,6.254494700000000194e+02,-8.973332199999999830e+02,-8.818917000000000144e+02,2.533117200000000249e-02,9.716641700000000128e+03,1.147422900000000023e+00
1.865500000000000114e+02,7.379570200000000568e+02,-8.999741099999999960e+02,-8.817549199999999701e+02,1.453689300000000073e-01,9.716641700000000128e+03,1.147422900000000023e+00
1.865999999999999943e+02,6.788696800000000167e+02,-8.985179200000000037e+02,-8.817575199999999995e+02,-1.914061800000000091e-01,9.716641700000000128e+03,1.147422900000000023e+00
1.866500000000000057e+02,7.129401000000000295e+02,-8.992107200000000375e+02,-8.816091599999999744e+02,1.917445100000000069e-01,9.716641700000000128e+03,1.147422900000000023e+00
1.866999999999999886e+02,7.182269300000000385e+02,-8.991037999999999784e+02,-8.813717199999999821e+02,1.324797100000000005e-01,9.716641700000000128e+03,1.147422900000000023e+00
1.867500000000000000e+02,6.853298499999999649e+02,-8.982117600000000266e+02,-8.812918600000000424e+02,9.551509400000000871e-02,9.716641700000000128e+03,1.147422900000000023e+00
1.868000000000000114e+02,6.343885599999999840e+02,-8.965131499999999960e+02,-8.808509299999999484e+02,1.840506600000000048e-01,9.716641700000000128e+03,1.147422900000000023e+00
1.868499999999999943e+02,7.415650399999999536e+02,-8.980319500000000517e+02,-8.797236799999999448e+02,1.297280799999999956e-01,9.716641700000000128e+03,1.147422900000000023e+00
1.869000000000000057e+02,7.492753900000000158e+02,-8.975878000000000156e+02,-8.790891699999999673e+02,1.505521900000000024e-01,9.716641700000000128e+03,1.147422900000000023e+00
1.869499999999999886e+02,7.575845900000000483e+02,-8.981102300000000014e+02,-8.794064600000000382e+02,1.197395900000000069e-01,9.716641700000000128e+03,1.147422900000000023e+00
1.870000000000000000e+02,6.967214999999999918e+02,-8.977757900000000291e+02,-8.805746500000000196e+02,1.706607800000000119e-01,9.716641700000000128e+03,1.147422900000000023e+00
1.870500000000000114e+02,6.653850200000000541e+02,-8.981759899999999561e+02,-8.817485100000000102e+02,9.434581100000000164e-02,9.716641700000000128e+03,1.147422900000000023e+00
1.870999999999999943e+02,6.643161999999999807e+02,-8.986192999999999529e+02,-8.822182000000000244e+02,-1.376860899999999832e-01,9.716641700000000128e+03,1.147422900000000023e+00
1.871500000000000057e+02,6.691486099999999624e+02,-8.985023899999999912e+02,-8.819819899999999961e+02,1.576491899999999946e-01,9.716641700000000128e+03,1.147422900000000023e+00
1.871999999999999886e+02,6.594037299999999959e+02,-8.976832000000000562e+02,-8.814033899999999448e+02,-4.317025800000000579e-01,9.716641700000000128e+03,1.147422900000000023e+00
1.872500000000000000e+02,6.855186800000000176e+02,-8.976324799999999868e+02,-8.807079199999999446e+02,-7.223426700000000478e-02,9.716641700000000128e+03,1.147422900000000023e+00
1.873000000000000114e+02,7.403654199999999719e+02,-8.986202100000000428e+02,-8.803415599999999586e+02,9.272880699999999643e-02,9.716641700000000128e+03,1.147422900000000023e+00
1.873499999999999943e+02,7.265189100000000053e+02,-8.985217400000000225e+02,-8.805849399999999605e+02,-4.972493099999999999e-02,9.716641700000000128e+03,1.147422900000000023e+00
1.874000000000000057e+02,7.286977699999999913e+02,-8.989931900000000269e+02,-8.810026000000000295e+02,-8.451947599999999616e-02,9.716641700000000128e+03,1.147422900000000023e+00
1.874499999999999886e+02,7.097092499999999973e+02,-8.990989499999999452e+02,-8.815771600000000490e+02,-8.263115099999999991e-02,9.716641700000000128e+03,1.147422900000000023e+00
1.875000000000000000e+02,6.435843599999999469e+02,-8.981180100000000266e+02,-8.822287599999999657e+02,-1.825271600000000216e-01,9.716641700000000128e+03,1.147422900000000023e+00
1.875500000000000114e+02,6.779318100000000413e+02,-8.996793999999999869e+02,-8.829421499999999696e+02,1.371829799999999856e-02,9.716641700000000128e+03,1.147422900000000023e+00
1.875999999999999943e+02,6.318015000000000327e+02,-8.998971900000000232e+02,-8.842988400000000411e+02,-8.209090800000000410e-02,9.716641700000000128e+03,1.147422900000000023e+00
1.876500000000000057e+02,6.156098100000000386e+02,-9.005632200000000012e+02,-8.853646199999999453e+02,6.132992299999999973e-03,9.716641700000000128e+03,1.147422900000000023e+00
1.876999999999999886e+02,6.313291600000000017e+02,-9.008987399999999752e+02,-8.853120499999999993e+02,-3.512742200000000536e-02,9.716641700000000128e+03,1.147422900000000023e+00
1.877500000000000000e+02,6.660589899999999943e+02,-9.007432199999999511e+02,-8.842990999999999531e+02,-9.621405300000000771e-02,9.716641700000000128e+03,1.147422900000000023e+00
1.878000000000000114e+02,6.532310599999999567e+02,-8.993125700000000506e+02,-8.831851500000000215e+02,-9.346510900000000455e-02,9.716641700000000128e+03,1.147422900000000023e+00
1.878499999999999943e+02,6.558572599999999966e+02,-8.986196099999999660e+02,-8.824273600000000215e+02,-5.899975600000000736e-02,9.716641700000000128e+03,1.147422900000000023e+00
1.879000000000000057e+02,6.529629999999999654e+02,-8.978509199999999737e+02,-8.817301200000000563e+02,4.281605900000000353e-02,9.716641700000000128e+03,1.147422900000000023e+00
1.879499999999999886e+02,6.772537899999999809e+02,-8.975572899999999663e+02,-8.808367799999999761e+02,-7.526247700000000471e-03,9.716641700000000128e+03,1.147422900000000023e+00
1.880000000000000000e+02,7.642025999999999613e+02,-8.988406199999999444e+02,-8.799734600000000455e+02,3.212543000000000343e-02,9.716641700000000128e+03,1.147422900000000023e+00
1.880500000000000114e+02,6.759852799999999888e+02,-8.964198199999999588e+02,-8.797306300000000192e+02,-9.140811900000000989e-02,9.716641700000000128e+03,1.147422900000000023e+00
1.880999999999999943e+02,7.427004899999999452e+02,-8.977717900000000100e+02,-8.794354899999999589e+02,9.245090400000000042e-02,9.716641700000000128e+03,1.147422900000000023e+00
1.881500000000000057e+02,7.824304700000000139e+02,-8.989503399999999829e+02,-8.796331599999999753e+02,-1.237455800000000078e-02,9.716641700000000128e+03,1.147422900000000023e+00
1.881999999999999886e+02,6.644009999999999536e+02,-8.969368600000000242e+02,-8.805336700000000292e+02,-2.163326399999999927e-02,9.716641700000000128e+03,1.147422900000000023e+00
1.882500000000000000e+02,6.499451599999999871e+02,-8.976287999999999556e+02,-8.815825099999999566e+02,1.823152299999999948e-01,9.716641700000000128e+03,1.147422900000000023e+00
1.883000000000000114e+02,6.673852299999999786e+02,-8.990899899999999434e+02,-8.826131299999999555e+02,-1.877349200000000273e-01,9.716641700000000128e+03,1.147422900000000023e+00
1.883499999999999943e+02,6.137863999999999578e+02,-8.984196399999999585e+02,-8.832660600000000386e+02,-2.170557900000000262e-02,9.716641700000000128e+03,1.147422900000000023e+00
1.884000000000000057e+02,6.694653100000000450e+02,-8.997125200000000405e+02,-8.831843000000000075e+02,6.263987000000000027e-02,9.716641700000000128e+03,1.147422900000000023e+00
1.884499999999999886e+02,6.814071300000000520e+02,-8.995990500000000338e+02,-8.827759999999999536e+02,-5.860105900000000395e-02,9.716641700000000128e+03,1.147422900000000023e+00
1.885000000000000000e+02,7.259275400000000218e+02,-9.002640900000000101e+02,-8.823418900000000349e+02,7.811907400000001056e-02,9.716641700000000128e+03,1.147422900000000023e+00
1.885500000000000114e+02,7.122655600000000504e+02,-8.994955599999999549e+02,-8.819106600000000071e+02,-3.606527099999999875e-01,9.716641700000000128e+03,1.147422900000000023e+00
1.885999999999999943e+02,7.688412100000000464e+02,-8.995539800000000241e+02,-8.805723000000000411e+02,1.122275699999999987e-01,9.716641700000000128e+03,1.147422900000000023e+00
1.886500000000000057e+02,7.668664999999999736e+02,-8.973718300000000454e+02,-8.784389099999999644e+02,-1.910351700000000041e-01,9.716641700000000128e+03,1.147422900000000023e+00
1.886999999999999886e+02,7.143584700000000112e+02,-8.953883200000000215e+02,-8.777517500000000155e+02,-1.456539400000000095e-01,9.716641700000000128e+03,1.147422900000000023e+00
1.887500000000000000e+02,7.909610099999999875e+02,-8.975386600000000499e+02,-8.780108699999999544e+02,-2.007296700000000267e-01,9.716641700000000128e+03,1.147422900000000023e+00
1.888000000000000114e+02,7.430462599999999611e+02,-8.977360599999999522e+02,-8.793912199999999757e+02,2.432449700000000326e-01,9.716641700000000128e+03,1.147422900000000023e+00
1.888499999999999943e+02,7.197008399999999710e+02,-8.984454700000000003e+02,-8.806770000000000209e+02,1.405038900000000202e-01,9.716641700000000128e+03,1.147422900000000023e+00
1.889000000000000057e+02,6.611865699999999606e+02,-8.978621799999999666e+02,-8.815383500000000367e+02,-1.570769999999999944e-01,9.716641700000000128e+03,1.147422900000000023e+00
1.889499999999999886e+02,6.574890900000000329e+02,-8.982192700000000514e+02,-8.819867299999999659e+02,2.706357800000000480e-01,9.716641700000000128e+03,1.147422900000000023e+00
1.890000000000000000e+02,6.995775399999999991e+02,-8.993588899999999740e+02,-8.820872299999999768e+02,-6.274881999999999682e-02,9.716641700000000128e+03,1.147422900000000023e+00
1.890500000000000114e+02,7.302345599999999877e+02,-9.003681100000000015e+02,-8.823395799999999554e+02,-4.339494900000000210e-02,9.716641700000000128e+03,1.147422900000000023e+00
1.890999999999999943e+02,6.806557699999999613e+02,-8.996380100000000084e+02,-8.828335200000000214e+02,1.426704599999999989e-01,9.716641700000000128e+03,1.147422900000000023e+00
1.891500000000000057e+02,7.195304300000000239e+02,-9.011485699999999497e+02,-8.833843000000000529e+02,-1.866049899999999984e-01,9.716641700000000128e+03,1.147422900000000023e+00
1.891999999999999886e+02,6.637096699999999601e+02,-9.007917499999999791e+02,-8.844056299999999737e+02,9.619922699999999827e-02,9.716641700000000128e+03,1.147422900000000023e+00
1.892500000000000000e+02,6.646561000000000377e+02,-9.017982500000000528e+02,-8.853887700000000223e+02,-6.077134499999999745e-02,9.716641700000000128e+03,1.147422900000000023e+00
1.893000000000000114e+02,5.836405499999999620e+02,-9.004361300000000483e+02,-8.860268099999999549e+02,9.764178399999999536e-02,9.716641700000000128e+03,1.147422900000000023e+00
1.893499999999999943e+02,6.099177399999999807e+02,-9.007480799999999590e+02,-8.856900100000000293e+02,-1.310241500000000059e-01,9.716641700000000128e+03,1.147422900000000023e+00
1.894000000000000057e+02,7.118320700000000443e+02,-9.018962199999999712e+02,-8.843220199999999522e+02,2.421897000000000078e-01,9.716641700000000128e+03,1.147422900000000023e+00
1.894499999999999886e+02,7.139958299999999554e+02,-9.008924899999999525e+02,-8.832648699999999735e+02,-1.720680900000000346e-02,9.716641700000000128e+03,1.147422900000000023e+00
1.895000000000000000e+02,6.546677300000000059e+02,-8.990125100000000202e+02,-8.828496300000000474e+02,1.722979900000000120e-01,9.716641700000000128e+03,1.147422900000000023e+00
1.895500000000000114e+02,7.156059999999999945e+02,-9.000474799999999505e+02,-8.823801099999999451e+02,2.146201600000000043e-01,9.716641700000000128e+03,1.147422900000000023e+00
1.895999999999999943e+02,6.718496699999999464e+02,-8.986507900000000291e+02,-8.820637100000000146e+02,6.408354399999999229e-02,9.716641700000000128e+03,1.147422900000000023e+00
1.896500000000000057e+02,6.900552000000000135e+02,-8.986708099999999604e+02,-8.816342499999999518e+02,2.500457400000000163e-02,9.716641700000000128e+03,1.147422900000000023e+00
1.896999999999999886e+02,7.018642700000000332e+02,-8.982981099999999515e+02,-8.809700000000000273e+02,-6.189562200000000430e-02,9.716641700000000128e+03,1.147422900000000023e+00
1.897500000000000000e+02,7.083328199999999697e+02,-8.979189400000000205e+02,-8.804311300000000529e+02,2.548299600000000220e-01,9.716641700000000128e+03,1.147422900000000023e+00
1.898000000000000114e+02,7.045715900000000147e+02,-8.977874900000000480e+02,-8.803925400000000536e+02,-4.273061200000000115e-02,9.716641700000000128e+03,1.147422900000000023e+00
1.898499999999999943e+02,7.214875799999999799e+02,-8.984355299999999716e+02,-8.806229499999999462e+02,-5.759308200000000377e-02,9.716641700000000128e+03,1.147422900000000023e+00
1.899000000000000057e+02,7.201273899999999912e+02,-8.993958099999999831e+02,-8.816168099999999868e+02,1.059326800000000152e-01,9.716641700000000128e+03,1.147422900000000023e+00
1.899499999999999886e+02,5.908002400000000307e+02,-8.976738000000000284e+02,-8.830877100000000155e+02,3.539098200000000138e-02,9.716641700000000128e+03,1.147422900000000023e+00
1.900000000000000000e+02,6.998606399999999894e+02,-9.006340800000000399e+02,-8.833554400000000442e+02,6.361932200000000592e-02,9.716641700000000128e+03,1.147422900000000023e+00
1.900500000000000114e+02,7.495109499999999798e+02,-9.018106800000000476e+02,-8.833062400000000025e+02,-1.822178900000000212e-01,9.716641700000000128e+03,1.147422900000000023e+00
1.900999999999999943e+02,6.397538899999999558e+02,-8.992630500000000211e+02,-8.834683700000000499e+02,-3.179292599999999913e-02,9.716641700000000128e+03,1.147422900000000023e+00
1.901500000000000057e+02,6.890719900000000280e+02,-9.001274200000000292e+02,-8.831151300000000219e+02,-1.645359400000000194e-01,9.716641700000000128e+03,1.147422900000000023e+00
1.901999999999999886e+02,7.117861000000000331e+02,-8.998001299999999674e+02,-8.822270600000000513e+02,2.657600800000000096e-01,9.716641700000000128e+03,1.147422900000000023e+00
1.902500000000000000e+02,7.170888499999999794e+02,-8.984247400000000425e+02,-8.807207499999999527e+02,-2.306415800000000405e-01,9.716641700000000128e+03,1.147422900000000023e+00
1.903000000000000114e+02,7.245628299999999626e+02,-8.974209499999999480e+02,-8.795324500000000398e+02,2.260339800000000232e-01,9.716641700000000128e+03,1.147422900000000023e+00
1.903499999999999943e+02,7.976025600000000395e+02,-8.989626700000000028e+02,-8.792709099999999580e+02,4.148766900000000479e-02,9.716641700000000128e+03,1.147422900000000023e+00
1.904000000000000057e+02,7.659747200000000475e+02,-8.987911699999999655e+02,-8.798802600000000211e+02,8.997470100000000415e-02,9.716641700000000128e+03,1.147422900000000023e+00
1.904499999999999886e+02,7.279681000000000495e+02,-8.986181000000000267e+02,-8.806455300000000079e+02,3.764059399999999944e-02,9.716641700000000128e+03,1.147422900000000023e+00
1.905000000000000000e+02,6.622632999999999583e+02,-8.975718500000000404e+02,-8.812214400000000296e+02,1.631408900000000106e-01,9.716641700000000128e+03,1.147422900000000023e+00
1.905500000000000114e+02,7.044225800000000390e+02,-8.989499700000000075e+02,-8.815587000000000444e+02,-7.113753900000001351e-02,9.716641700000000128e+03,1.147422900000000023e+00
1.905999999999999943e+02,6.598431199999999990e+02,-8.980582799999999679e+02,-8.817676199999999653e+02,7.923521500000001161e-02,9.716641700000000128e+03,1.147422900000000023e+00
1.906500000000000057e+02,6.977903099999999768e+02,-8.988588999999999487e+02,-8.816313699999999471e+02,-5.563165800000000397e-03,9.716641700000000128e+03,1.147422900000000023e+00
1.906999999999999886e+02,7.301813200000000279e+02,-8.994364799999999605e+02,-8.814092600000000175e+02,-1.438131200000000165e-01,9.716641700000000128e+03,1.147422900000000023e+00
1.907500000000000000e+02,7.174906200000000354e+02,-8.988009700000000066e+02,-8.810870700000000397e+02,3.474279000000000117e-01,9.716641700000000128e+03,1.147422900000000023e+00
1.908000000000000114e+02,7.217707900000000336e+02,-8.983638399999999820e+02,-8.805442699999999832e+02,-2.396216100000000127e-01,9.716641700000000128e+03,1.147422900000000023e+00
1.908499999999999943e+02,7.288519700000000512e+02,-8.978974500000000489e+02,-8.799030599999999822e+02,-2.676899000000000292e-02,9.716641700000000128e+03,1.147422900000000023e+00
1.909000000000000057e+02,6.891688100000000077e+02,-8.962663700000000517e+02,-8.792517000000000280e+02,1.569513999999999979e-02,9.716641700000000128e+03,1.147422900000000023e+00
1.909499999999999886e+02,6.992374700000000303e+02,-8.958611799999999903e+02,-8.785979300000000194e+02,3.872059800000000190e-02,9.716641700000000128e+03,1.147422900000000023e+00
1.910000000000000000e+02,7.340380599999999731e+02,-8.961608899999999949e+02,-8.780384500000000116e+02,-1.883130500000000096e-01,9.716641700000000128e+03,1.147422900000000023e+00
1.910500000000000114e+02,7.376986399999999549e+02,-8.959958599999999933e+02,-8.777830500000000029e+02,1.475887400000000169e-02,9.716641700000000128e+03,1.147422900000000023e+00
1.910999999999999943e+02,6.875557599999999638e+02,-8.952717999999999847e+02,-8.782969500000000380e+02,-1.151138899999999965e-01,9.716641700000000128e+03,1.147422900000000023e+00
1.911500000000000057e+02,6.817852599999999939e+02,-8.960017800000000534e+02,-8.791693999999999960e+02,-1.108187799999999917e-01,9.716641700000000128e+03,1.147422900000000023e+00
1.911999999999999886e+02,7.205236499999999751e+02,-8.981807199999999511e+02,-8.803919399999999769e+02,-1.232115900000000097e-01,9.716641700000000128e+03,1.147422900000000023e+00
1.912500000000000000e+02,6.799214899999999489e+02,-8.984825399999999718e+02,-8.816961700000000519e+02,-7.633755700000001421e-02,9.716641700000000128e+03,1.147422900000000023e+00
1.913000000000000114e+02,6.627230200000000195e+02,-8.986851799999999457e+02,-8.823234200000000556e+02,1.422849400000000264e-01,9.716641700000000128e+03,1.147422900000000023e+00
1.913499999999999943e+02,5.917663099999999758e+02,-8.969130199999999604e+02,-8.823030899999999974e+02,-3.167645700000000231e-01,9.716641700000000128e+03,1.147422900000000023e+00
1.914000000000000057e+02,6.860759799999999586e+02,-8.985503899999999931e+02,-8.816120799999999917e+02,1.817426400000000108e-01,9.716641700000000128e+03,1.147422900000000023e+00
1.914499999999999886e+02,6.836423499999999649e+02,-8.978449900000000525e+02,-8.809667600000000220e+02,-1.478666000000000147e-01,9.716641700000000128e+03,1.147422900000000023e+00
1.915000000000000000e+02,7.105565500000000156e+02,-8.978623000000000047e+02,-8.803195899999999483e+02,1.912533600000000111e-01,9.716641700000000128e+03,1.147422900000000023e+00
1.915500000000000114e+02,7.114593099999999595e+02,-8.974657499999999573e+02,-8.799007500000000164e+02,-1.395131400000000077e-01,9.716641700000000128e+03,1.147422900000000023e+00
1.915999999999999943e+02,7.233780299999999670e+02,-8.974921600000000126e+02,-8.796329100000000381e+02,-1.133516000000000107e-01,9.716641700000000128e+03,1.147422900000000023e+00
1.916500000000000057e+02,7.504210399999999481e+02,-8.978286799999999630e+02,-8.793017700000000332e+02,-6.296957799999999827e-02,9.716641700000000128e+03,1.147422900000000023e+00
1.916999999999999886e+02,7.485470199999999750e+02,-8.977219199999999546e+02,-8.792412799999999606e+02,-9.436618400000000573e-02,9.716641700000000128e+03,1.147422900000000023e+00
1.917500000000000000e+02,7.044851700000000392e+02,-8.974051600000000235e+02,-8.800123399999999947e+02,1.420898100000000108e-01,9.716641700000000128e+03,1.147422900000000023e+00
1.918000000000000114e+02,7.155838599999999587e+02,-8.994651499999999942e+02,-8.817983199999999897e+02,-3.172896299999999892e-01,9.716641700000000128e+03,1.147422900000000023e+00
1.918499999999999943e+02,6.526679500000000189e+02,-8.991374299999999948e+02,-8.830239199999999755e+02,2.604812499999999975e-01,9.716641700000000128e+03,1.147422900000000023e+00
1.919000000000000057e+02,6.562919200000000046e+02,-8.993879600000000210e+02,-8.831849700000000212e+02,-2.654709400000000441e-01,9.716641700000000128e+03,1.147422900000000023e+00
1.919499999999999886e+02,6.142039899999999761e+02,-8.979951399999999921e+02,-8.828312399999999798e+02,9.170194600000000640e-02,9.716641700000000128e+03,1.147422900000000023e+00
1.920000000000000000e+02,6.301087199999999484e+02,-8.973679300000000012e+02,-8.818113799999999856e+02,-5.479314500000000837e-02,9.716641700000000128e+03,1.147422900000000023e+00
1.920500000000000114e+02,6.815827299999999696e+02,-8.974322499999999536e+02,-8.806048600000000306e+02,-1.102901599999999982e-01,9.716641700000000128e+03,1.147422900000000023e+00
1.920999999999999943e+02,7.077975000000000136e+02,-8.974909099999999853e+02,-8.800163199999999506e+02,-3.876736900000000291e-02,9.716641700000000128e+03,1.147422900000000023e+00
1.921500000000000057e+02,7.382376500000000306e+02,-8.981272800000000416e+02,-8.799011600000000044e+02,-6.467392400000000763e-02,9.716641700000000128e+03,1.147422900000000023e+00
1.921999999999999886e+02,7.155423100000000431e+02,-8.978745599999999740e+02,-8.802087599999999838e+02,1.382629800000000075e-01,9.716641700000000128e+03,1.147422900000000023e+00
1.922500000000000000e+02,7.008211999999999762e+02,-8.979435099999999466e+02,-8.806411500000000387e+02,-1.098022700000000074e-01,9.716641700000000128e+03,1.147422900000000023e+00
1.923000000000000114e+02,6.551998300000000199e+02,-8.972581099999999878e+02,-8.810820899999999938e+02,-1.232261800000000046e-01,9.716641700000000128e+03,1.147422900000000023e+00
1.923499999999999943e+02,6.833564800000000332e+02,-8.984600599999999986e+02,-8.815888899999999921e+02,-6.400651999999999731e-02,9.716641700000000128e+03,1.147422900000000023e+00
1.924000000000000057e+02,6.518644399999999450e+02,-8.983815100000000484e+02,-8.822878299999999854e+02,4.482369800000000210e-02,9.716641700000000128e+03,1.147422900000000023e+00
1.924499999999999886e+02,6.482548600000000079e+02,-8.988800499999999829e+02,-8.828754800000000387e+02,-2.742454300000000122e-01,9.716641700000000128e+03,1.147422900000000023e+00
1.925000000000000000e+02,6.518462299999999914e+02,-8.992371399999999539e+02,-8.831439199999999801e+02,1.250604900000000241e-01,9.716641700000000128e+03,1.147422900000000023e+00
1.925500000000000114e+02,6.507951799999999594e+02,-8.990460799999999608e+02,-8.829787999999999784e+02,-6.809908900000000154e-02,9.716641700000000128e+03,1.147422900000000023e+00
1.925999999999999943e+02,6.604226800000000139e+02,-8.983760499999999638e+02,-8.820710800000000518e+02,1.019166300000000080e-01,9.716641700000000128e+03,1.147422900000000023e+00
1.926500000000000057e+02,6.949914800000000241e+02,-8.978587499999999864e+02,-8.807003200000000334e+02,1.276419300000000007e-02,9.716641700000000128e+03,1.147422900000000023e+00
1.926999999999999886e+02,7.056971800000000030e+02,-8.972134600000000546e+02,-8.797907199999999648e+02,4.019744700000000420e-02,9.716641700000000128e+03,1.147422900000000023e+00
1.927500000000000000e+02,8.041014999999999873e+02,-8.992611799999999675e+02,-8.794089699999999539e+02,1.608158899999999891e-01,9.716641700000000128e+03,1.147422900000000023e+00
1.928000000000000114e+02,7.325676099999999451e+02,-8.979007599999999911e+02,-8.798146199999999908e+02,-1.248140000000000222e-01,9.716641700000000128e+03,1.147422900000000023e+00
1.928499999999999943e+02,7.192619700000000194e+02,-8.982973399999999629e+02,-8.805397000000000389e+02,-1.964505200000000174e-01,9.716641700000000128e+03,1.147422900000000023e+00
1.929000000000000057e+02,7.183382199999999784e+02,-8.990561699999999519e+02,-8.813213399999999638e+02,5.154528699999999519e-02,9.716641700000000128e+03,1.147422900000000023e+00
1.929499999999999886e+02,6.772811299999999619e+02,-8.987513400000000274e+02,-8.820301500000000487e+02,7.011486800000001074e-02,9.716641700000000128e+03,1.147422900000000023e+00
1.930000000000000000e+02,6.568700300000000425e+02,-8.984386899999999514e+02,-8.822214300000000549e+02,5.649253900000000134e-02,9.716641700000000128e+03,1.147422900000000023e+00
1.930500000000000114e+02,6.939747999999999593e+02,-8.991756199999999808e+02,-8.820422899999999800e+02,-1.762695700000000143e-01,9.716641700000000128e+03,1.147422900000000023e+00
1.930999999999999943e+02,6.920666999999999689e+02,-8.987960100000000239e+02,-8.817097899999999981e+02,2.283964700000000181e-01,9.716641700000000128e+03,1.147422900000000023e+00
1.931500000000000057e+02,6.513760800000000017e+02,-8.974761700000000246e+02,-8.813945499999999811e+02,-3.204726800000000375e-02,9.716641700000000128e+03,1.147422900000000023e+00
1.931999999999999886e+02,7.147530500000000302e+02,-8.987585699999999633e+02,-8.811122599999999920e+02,1.461382700000000145e-01,9.716641700000000128e+03,1.147422900000000023e+00
1.932500000000000000e+02,6.862998400000000174e+02,-8.979236399999999776e+02,-8.809797999999999547e+02,-1.307905500000000054e-01,9.716641700000000128e+03,1.147422900000000023e+00
1.933000000000000114e+02,7.517294600000000173e+02,-8.993747100000000501e+02,-8.808154899999999543e+02,1.937444700000000020e-01,9.716641700000000128e+03,1.147422900000000023e+00
1.933499999999999943e+02,7.109227799999999888e+02,-8.985225400000000491e+02,-8.809707899999999654e+02,7.495607900000000878e-02,9.716641700000000128e+03,1.147422900000000023e+00
1.934000000000000057e+02,6.860008800000000520e+02,-8.981390000000000100e+02,-8.812025399999999991e+02,-2.263569700000000236e-03,9.716641700000000128e+03,1.147422900000000023e+00
1.934499999999999886e+02,6.855724400000000287e+02,-8.981972600000000284e+02,-8.812713800000000219e+02,8.806515100000000817e-02,9.716641700000000128e+03,1.147422900000000023e+00
1.935000000000000000e+02,6.888065500000000156e+02,-8.980471400000000131e+02,-8.810414100000000417e+02,1.240934299999999907e-01,9.716641700000000128e+03,1.147422900000000023e+00
1.935500000000000114e+02,6.967796899999999596e+02,-8.974847300000000132e+02,-8.802821500000000015e+02,-1.701536900000000241e-01,9.716641700000000128e+03,1.147422900000000023e+00
1.935999999999999943e+02,7.148165000000000191e+02,-8.967101499999999987e+02,-8.790622600000000375e+02,8.751940700000000739e-02,9.716641700000000128e+03,1.147422900000000023e+00
1.936500000000000057e+02,7.060564000000000533e+02,-8.956780300000000352e+02,-8.782464199999999437e+02,-1.384024899999999891e-01,9.716641700000000128e+03,1.147422900000000023e+00
1.936999999999999886e+02,7.271773500000000467e+02,-8.958059899999999516e+02,-8.778529300000000148e+02,-1.244860400000000061e-01,9.716641700000000128e+03,1.147422900000000023e+00
1.937500000000000000e+02,7.479425499999999829e+02,-8.963772599999999784e+02,-8.779115399999999454e+02,4.840744200000000191e-02,9.716641700000000128e+03,1.147422900000000023e+00
1.938000000000000114e+02,7.319185099999999693e+02,-8.968998400000000402e+02,-8.788297400000000152e+02,-9.537772099999999864e-02,9.716641700000000128e+03,1.147422900000000023e+00
1.938499999999999943e+02,6.580840100000000348e+02,-8.966041900000000169e+02,-8.803569599999999582e+02,1.025180100000000136e-02,9.716641700000000128e+03,1.147422900000000023e+00
1.939000000000000057e+02,6.768127799999999752e+02,-8.978002099999999928e+02,-8.810905999999999949e+02,-9.212127000000000510e-02,9.716641700000000128e+03,1.147422900000000023e+00
1.939499999999999886e+02,6.755509399999999687e+02,-8.978698000000000548e+02,-8.811913399999999683e+02,-3.207461200000000234e-01,9.716641700000000128e+03,1.147422900000000023e+00
1.940000000000000000e+02,7.078497399999999971e+02,-8.982865000000000464e+02,-8.808106199999999717e+02,-5.278488400000000413e-02,9.716641700000000128e+03,1.147422900000000023e+00
1.940500000000000114e+02,7.062839300000000549e+02,-8.977177400000000489e+02,-8.802805200000000241e+02,6.242430100000000842e-02,9.716641700000000128e+03,1.147422900000000023e+00
1.940999999999999943e+02,7.078594399999999496e+02,-8.974074799999999641e+02,-8.799313600000000406e+02,3.990699900000000550e-02,9.716641700000000128e+03,1.147422900000000023e+00
1.941500000000000057e+02,7.215612099999999600e+02,-8.976963799999999765e+02,-8.798819799999999987e+02,2.490616599999999903e-01,9.716641700000000128e+03,1.147422900000000023e+00
1.941999999999999886e+02,7.042616900000000442e+02,-8.978515599999999495e+02,-8.804642599999999675e+02,-3.244855400000000167e-01,9.716641700000000128e+03,1.147422900000000023e+00
1.942500000000000000e+02,6.765125100000000202e+02,-8.984479400000000169e+02,-8.817457399999999552e+02,3.702891999999999989e-02,9.716641700000000128e+03,1.147422900000000023e+00
1.943000000000000114e+02,6.345344300000000430e+02,-8.985792500000000018e+02,-8.829134299999999484e+02,4.752062300000000489e-02,9.716641700000000128e+03,1.147422900000000023e+00
1.943499999999999943e+02,6.462652799999999615e+02,-8.991510500000000548e+02,-8.831956099999999878e+02,3.376108500000000179e-01,9.716641700000000128e+03,1.147422900000000023e+00
1.944000000000000057e+02,6.584049800000000232e+02,-8.991730499999999893e+02,-8.829179000000000315e+02,-1.255861300000000180e-01,9.716641700000000128e+03,1.147422900000000023e+00
1.944499999999999886e+02,6.822445099999999911e+02,-8.991770599999999831e+02,-8.823333400000000211e+02,3.536522800000000549e-02,9.716641700000000128e+03,1.147422900000000023e+00
1.945000000000000000e+02,6.595985799999999699e+02,-8.979507099999999582e+02,-8.816660900000000538e+02,-1.320446600000000081e-01,9.716641700000000128e+03,1.147422900000000023e+00
1.945500000000000114e+02,6.696967600000000402e+02,-8.975537799999999606e+02,-8.810198400000000447e+02,4.510287400000000807e-02,9.716641700000000128e+03,1.147422900000000023e+00
1.945999999999999943e+02,6.970509700000000066e+02,-8.975962799999999788e+02,-8.803870100000000321e+02,-6.417421900000000456e-02,9.716641700000000128e+03,1.147422900000000023e+00
1.946500000000000057e+02,6.512977799999999888e+02,-8.958894099999999980e+02,-8.798097299999999450e+02,-2.090176900000000060e-01,9.716641700000000128e+03,1.147422900000000023e+00
1.946999999999999886e+02,7.293137400000000525e+02,-8.971107799999999770e+02,-8.791049799999999550e+02,-1.409235600000000033e-01,9.716641700000000128e+03,1.147422900000000023e+00
1.947500000000000000e+02,7.150944200000000137e+02,-8.963827599999999620e+02,-8.787280200000000150e+02,3.528502000000000027e-02,9.716641700000000128e+03,1.147422900000000023e+00
1.948000000000000114e+02,7.336858399999999847e+02,-8.970430699999999433e+02,-8.789293300000000499e+02,9.172230500000000397e-02,9.716641700000000128e+03,1.147422900000000023e+00
1.948499999999999943e+02,6.954574800000000323e+02,-8.969855099999999766e+02,-8.798155699999999797e+02,-2.450378000000000278e-01,9.716641700000000128e+03,1.147422900000000023e+00
1.949000000000000057e+02,7.482662900000000263e+02,-8.995219600000000355e+02,-8.810482399999999643e+02,7.062848000000000737e-02,9.716641700000000128e+03,1.147422900000000023e+00
1.949499999999999886e+02,6.590563100000000532e+02,-8.985627600000000257e+02,-8.822915199999999913e+02,-3.824325200000000232e-04,9.716641700000000128e+03,1.147422900000000023e+00
1.950000000000000000e+02,6.549622299999999768e+02,-8.987421799999999621e+02,-8.825720300000000407e+02,-3.561986000000000319e-02,9.716641700000000128e+03,1.147422900000000023e+00
1.950500000000000114e+02,6.582567400000000362e+02,-8.986639000000000124e+02,-8.824124000000000478e+02,-1.899742000000000097e-02,9.716641700000000128e+03,1.147422900000000023e+00
1.950999999999999943e+02,7.081558099999999740e+02,-8.994900400000000218e+02,-8.820066100000000233e+02,6.355994800000000500e-02,9.716641700000000128e+03,1.147422900000000023e+00
1.951500000000000057e+02,6.914973099999999704e+02,-8.986184399999999641e+02,-8.815462700000000495e+02,-1.286767900000000131e-01,9.716641700000000128e+03,1.147422900000000023e+00
1.951999999999999886e+02,7.031746299999999792e+02,-8.981870499999999993e+02,-8.808265999999999849e+02,-1.362295699999999943e-01,9.716641700000000128e+03,1.147422900000000023e+00
1.952500000000000000e+02,6.973774499999999534e+02,-8.970850500000000238e+02,-8.798677099999999882e+02,3.251083300000000287e-02,9.716641700000000128e+03,1.147422900000000023e+00
1.953000000000000114e+02,7.328012199999999439e+02,-8.971882299999999759e+02,-8.790963299999999663e+02,1.262048199999999953e-01,9.716641700000000128e+03,1.147422900000000023e+00
1.953499999999999943e+02,6.958681000000000267e+02,-8.962248399999999720e+02,-8.790447699999999713e+02,-7.348933900000000075e-02,9.716641700000000128e+03,1.147422900000000023e+00
1.954000000000000057e+02,7.460497699999999668e+02,-8.975823100000000068e+02,-8.791633199999999988e+02,-1.348984500000000031e-01,9.716641700000000128e+03,1.147422900000000023e+00
1.954499999999999886e+02,7.015006700000000137e+02,-8.969002799999999525e+02,-8.795811499999999796e+02,1.180979499999999932e-01,9.716641700000000128e+03,1.147422900000000023e+00
1.955000000000000000e+02,7.428688300000000027e+02,-8.982898699999999508e+02,-8.799494099999999435e+02,-1.786015900000000323e-01,9.716641700000000128e+03,1.147422900000000023e+00
1.955500000000000114e+02,6.658284800000000132e+02,-8.967003700000000208e+02,-8.802619399999999814e+02,5.895464100000000901e-02,9.716641700000000128e+03,1.147422900000000023e+00
1.955999999999999943e+02,7.391232700000000477e+02,-8.984733099999999695e+02,-8.802253299999999854e+02,-2.047162499999999885e-01,9.716641700000000128e+03,1.147422900000000023e+00
1.956500000000000057e+02,7.396498199999999770e+02,-8.987500599999999622e+02,-8.804890799999999444e+02,2.253442200000000117e-01,9.716641700000000128e+03,1.147422900000000023e+00
1.956999999999999886e+02,7.407222900000000436e+02,-8.994943200000000161e+02,-8.812068600000000060e+02,-2.337165100000000162e-01,9.716641700000000128e+03,1.147422900000000023e+00
1.957500000000000000e+02,6.909197599999999966e+02,-8.991701799999999594e+02,-8.821122699999999668e+02,5.916224999999999956e-02,9.716641700000000128e+03,1.147422900000000023e+00
1.958000000000000114e+02,6.668825900000000502e+02,-8.992436599999999771e+02,-8.827792100000000346e+02,-1.813407800000000070e-01,9.716641700000000128e+03,1.147422900000000023e+00
1.958499999999999943e+02,7.089316400000000158e+02,-9.003608000000000402e+02,-8.828582099999999855e+02,1.225904700000000069e-01,9.716641700000000128e+03,1.147422900000000023e+00
1.959000000000000057e+02,6.691581700000000410e+02,-8.992461399999999685e+02,-8.827255000000000109e+02,-3.215758899999999754e-01,9.716641700000000128e+03,1.147422900000000023e+00
1.959499999999999886e+02,6.695358800000000201e+02,-8.989651300000000447e+02,-8.824351699999999710e+02,-1.626431600000000088e-01,9.716641700000000128e+03,1.147422900000000023e+00
1.960000000000000000e+02,6.641593299999999545e+02,-8.985006499999999505e+02,-8.821034300000000030e+02,-2.094278700000000003e-03,9.716641700000000128e+03,1.147422900000000023e+00
1.960500000000000114e+02,6.704000399999999900e+02,-8.983496300000000474e+02,-8.817983400000000529e+02,1.050483300000000092e-01,9.716641700000000128e+03,1.147422900000000023e+00
1.960999999999999943e+02,6.998122899999999618e+02,-8.985805299999999534e+02,-8.813030800000000227e+02,-3.310143299999999955e-02,9.716641700000000128e+03,1.147422900000000023e+00
1.961500000000000057e+02,7.355187700000000177e+02,-8.987635000000000218e+02,-8.806045100000000048e+02,5.652407899999999791e-02,9.716641700000000128e+03,1.147422900000000023e+00
1.961999999999999886e+02,7.380559899999999516e+02,-8.984148099999999886e+02,-8.801931799999999839e+02,-2.366037000000000001e-01,9.716641700000000128e+03,1.147422900000000023e+00
1.962500000000000000e+02,7.381313699999999471e+02,-8.987011099999999715e+02,-8.804776100000000270e+02,1.191687700000000072e-01,9.716641700000000128e+03,1.147422900000000023e+00
1.963000000000000114e+02,6.920511000000000195e+02,-8.987439299999999776e+02,-8.816580999999999904e+02,1.473177300000000078e-01,9.716641700000000128e+03,1.147422900000000023e+00
1.963499999999999943e+02,6.822418900000000122e+02,-8.999012000000000171e+02,-8.830575499999999920e+02,-7.652187200000000467e-02,9.716641700000000128e+03,1.147422900000000023e+00
1.964000000000000057e+02,6.570247600000000148e+02,-8.999896099999999706e+02,-8.837685300000000552e+02,1.488683600000000051e-01,9.716641700000000128e+03,1.147422900000000023e+00
1.964499999999999886e+02,6.743984100000000126e+02,-9.003915700000000015e+02,-8.837415600000000495e+02,-1.706836300000000028e-01,9.716641700000000128e+03,1.147422900000000023e+00
1.965000000000000000e+02,7.142910699999999906e+02,-9.009329999999999927e+02,-8.832980900000000020e+02,1.077461600000000075e-01,9.716641700000000128e+03,1.147422900000000023e+00
1.965500000000000114e+02,7.178623300000000427e+02,-9.005476099999999633e+02,-8.828245299999999816e+02,-2.358781000000000072e-01,9.716641700000000128e+03,1.147422900000000023e+00
1.965999999999999943e+02,6.820983099999999695e+02,-8.993165199999999686e+02,-8.824764099999999871e+02,1.487674900000000022e-01,9.716641700000000128e+03,1.147422900000000023e+00
1.966500000000000057e+02,6.239211299999999483e+02,-8.975604799999999841e+02,-8.821566800000000512e+02,-2.161311200000000099e-01,9.716641700000000128e+03,1.147422900000000023e+00
1.966999999999999886e+02,6.811511000000000422e+02,-8.979885100000000193e+02,-8.811717899999999872e+02,-5.741365500000000788e-02,9.716641700000000128e+03,1.147422900000000023e+00
1.967500000000000000e+02,7.887531199999999671e+02,-8.992337800000000243e+02,-8.797604999999999791e+02,-1.242047900000000094e-01,9.716641700000000128e+03,1.147422900000000023e+00
1.968000000000000114e+02,7.491334299999999757e+02,-8.979396600000000035e+02,-8.794445399999999609e+02,-9.649406300000000491e-02,9.716641700000000128e+03,1.147422900000000023e+00
1.968499999999999943e+02,6.531056099999999560e+02,-8.958964099999999462e+02,-8.797720900000000483e+02,-2.392008200000000362e-01,9.716641700000000128e+03,1.147422900000000023e+00
1.969000000000000057e+02,7.217203899999999521e+02,-8.976265799999999899e+02,-8.798082600000000184e+02,-1.038648500000000086e-01,9.716641700000000128e+03,1.147422900000000023e+00
1.969499999999999886e+02,7.103411899999999832e+02,-8.975984899999999698e+02,-8.800611000000000104e+02,1.124299700000000041e-01,9.716641700000000128e+03,1.147422900000000023e+00
1.970000000000000000e+02,6.943120800000000372e+02,-8.975614699999999857e+02,-8.804198099999999840e+02,7.097791200000000411e-02,9.716641700000000128e+03,1.147422900000000023e+00
1.970500000000000114e+02,7.175244300000000521e+02,-8.985804399999999532e+02,-8.808656999999999471e+02,-2.776582700000000334e-02,9.716641700000000128e+03,1.147422900000000023e+00
1.970999999999999943e+02,6.372293499999999540e+02,-8.974862900000000536e+02,-8.817539299999999685e+02,2.673483600000000140e-02,9.716641700000000128e+03,1.147422900000000023e+00
1.971500000000000057e+02,6.332638699999999972e+02,-8.982394199999999955e+02,-8.826049699999999802e+02,-1.754757600000000084e-01,9.716641700000000128e+03,1.147422900000000023e+00
1.971999999999999886e+02,6.588255699999999706e+02,-8.993088400000000320e+02,-8.830433000000000447e+02,-2.172491799999999931e-02,9.716641700000000128e+03,1.147422900000000023e+00
1.972500000000000000e+02,6.698123000000000502e+02,-8.996895100000000411e+02,-8.831527300000000196e+02,-5.007040400000000585e-02,9.716641700000000128e+03,1.147422900000000023e+00
1.973000000000000114e+02,7.158743500000000495e+02,-9.006828400000000556e+02,-8.830088500000000522e+02,-3.162897100000000572e-02,9.716641700000000128e+03,1.147422900000000023e+00
1.973499999999999943e+02,6.812424899999999752e+02,-8.992740999999999758e+02,-8.824551099999999906e+02,2.861611500000000446e-02,9.716641700000000128e+03,1.147422900000000023e+00
1.974000000000000057e+02,6.130048699999999826e+02,-8.965526899999999841e+02,-8.814184099999999944e+02,-1.515414700000000114e-01,9.716641700000000128e+03,1.147422900000000023e+00
1.974499999999999886e+02,6.601273300000000290e+02,-8.964973199999999451e+02,-8.801996400000000449e+02,1.300942600000000171e-01,9.716641700000000128e+03,1.147422900000000023e+00
1.975000000000000000e+02,7.115212999999999965e+02,-8.969163600000000542e+02,-8.793498299999999972e+02,-1.026031099999999974e-01,9.716641700000000128e+03,1.147422900000000023e+00
1.975500000000000114e+02,7.393724200000000337e+02,-8.972641099999999597e+02,-8.790099800000000414e+02,1.298945200000000133e-01,9.716641700000000128e+03,1.147422900000000023e+00
1.975999999999999943e+02,7.459282600000000230e+02,-8.977234600000000455e+02,-8.793074699999999666e+02,-3.224457100000000659e-02,9.716641700000000128e+03,1.147422900000000023e+00
1.976500000000000057e+02,7.056305200000000468e+02,-8.974378600000000006e+02,-8.800167599999999766e+02,2.800761600000000254e-02,9.716641700000000128e+03,1.147422900000000023e+00
1.976999999999999886e+02,6.879686299999999619e+02,-8.979970899999999574e+02,-8.810120500000000447e+02,1.023491200000000156e-01,9.716641700000000128e+03,1.147422900000000023e+00
1.977500000000000000e+02,6.655773599999999988e+02,-8.982879699999999730e+02,-8.818557399999999689e+02,1.234100600000000020e-01,9.716641700000000128e+03,1.147422900000000023e+00
1.978000000000000114e+02,6.544382000000000517e+02,-8.983362300000000005e+02,-8.821790099999999484e+02,-1.667928900000000270e-01,9.716641700000000128e+03,1.147422900000000023e+00
1.978499999999999943e+02,7.048369400000000269e+02,-8.996114900000000034e+02,-8.822099899999999479e+02,2.673232700000000017e-01,9.716641700000000128e+03,1.147422900000000023e+00
1.979000000000000057e+02,6.582032699999999750e+02,-8.984038600000000088e+02,-8.821536899999999832e+02,-1.303566800000000026e-01,9.716641700000000128e+03,1.147422900000000023e+00
1.979499999999999886e+02,6.705350799999999936e+02,-8.980382600000000366e+02,-8.814836299999999483e+02,7.432315500000000186e-02,9.716641700000000128e+03,1.147422900000000023e+00
1.980000000000000000e+02,7.926058399999999438e+02,-8.986447399999999561e+02,-8.790763399999999592e+02,1.057756900000000194e-01,9.716641700000000128e+03,1.147422900000000023e+00
1.980500000000000114e+02,7.350494700000000421e+02,-8.961132400000000189e+02,-8.779658299999999826e+02,-8.192454700000000034e-02,9.716641700000000128e+03,1.147422900000000023e+00
1.980999999999999943e+02,7.489174600000000055e+02,-8.963781300000000556e+02,-8.778883399999999710e+02,2.054142299999999963e-02,9.716641700000000128e+03,1.147422900000000023e+00
1.981500000000000057e+02,6.953258899999999585e+02,-8.955641299999999774e+02,-8.783974500000000489e+02,1.951992099999999911e-02,9.716641700000000128e+03,1.147422900000000023e+00
1.981999999999999886e+02,7.286731099999999515e+02,-8.972639299999999594e+02,-8.792739500000000135e+02,-4.949310700000000146e-02,9.716641700000000128e+03,1.147422900000000023e+00
1.982500000000000000e+02,7.333789699999999812e+02,-8.986196499999999787e+02,-8.805134799999999586e+02,-1.369299099999999880e-01,9.716641700000000128e+03,1.147422900000000023e+00
1.983000000000000114e+02,7.221913600000000315e+02,-8.993998100000000022e+02,-8.815698599999999487e+02,-3.928911200000000381e-01,9.716641700000000128e+03,1.147422900000000023e+00
1.983499999999999943e+02,6.792759499999999662e+02,-8.989442999999999984e+02,-8.821738699999999653e+02,3.217558400000000152e-01,9.716641700000000128e+03,1.147422900000000023e+00
1.984000000000000057e+02,6.345427300000000059e+02,-8.979847399999999880e+02,-8.823187100000000100e+02,-2.880269100000000249e-01,9.716641700000000128e+03,1.147422900000000023e+00
1.984499999999999886e+02,7.203777000000000044e+02,-8.996223099999999704e+02,-8.818371300000000019e+02,1.423308800000000207e-01,9.716641700000000128e+03,1.147422900000000023e+00
1.985000000000000000e+02,7.428141699999999901e+02,-8.998482800000000452e+02,-8.815091800000000148e+02,2.512526699999999974e-02,9.716641700000000128e+03,1.147422900000000023e+00
1.985500000000000114e+02,6.879854500000000144e+02,-8.987432099999999764e+02,-8.817577499999999873e+02,9.574719199999999833e-03,9.716641700000000128e+03,1.147422900000000023e+00
1.985999999999999943e+02,6.853576000000000477e+02,-8.993038900000000240e+02,-8.823833100000000513e+02,1.026068299999999961e-01,9.716641700000000128e+03,1.147422900000000023e+00
1.986500000000000057e+02,6.743163399999999683e+02,-9.002726599999999735e+02,-8.836246700000000374e+02,3.564778600000000075e-02,9.716641700000000128e+03,1.147422900000000023e+00
1.986999999999999886e+02,6.406611699999999701e+02,-9.006650300000000016e+02,-8.848479499999999689e+02,-6.370856900000000655e-02,9.716641700000000128e+03,1.147422900000000023e+00
1.987500000000000000e+02,6.249919700000000375e+02,-9.006332999999999629e+02,-8.852030700000000252e+02,7.272059100000000109e-02,9.716641700000000128e+03,1.147422900000000023e+00
1.988000000000000114e+02,6.824034199999999828e+02,-9.016551200000000108e+02,-8.848074800000000550e+02,-1.275639200000000251e-01,9.716641700000000128e+03,1.147422900000000023e+00
1.988499999999999943e+02,6.994218399999999747e+02,-9.014908100000000104e+02,-8.842230100000000448e+02,8.727851400000000148e-02,9.716641700000000128e+03,1.147422900000000023e+00
1.989000000000000057e+02,7.038065500000000156e+02,-9.010230299999999488e+02,-8.836469700000000103e+02,-6.047972000000000070e-02,9.716641700000000128e+03,1.147422900000000023e+00
1.989499999999999886e+02,6.823884500000000344e+02,-8.998661200000000235e+02,-8.830188500000000431e+02,2.881842500000000307e-01,9.716641700000000128e+03,1.147422900000000023e+00
1.990000000000000000e+02,7.240104199999999537e+02,-9.003339499999999589e+02,-8.824590799999999717e+02,-1.196709400000000034e-01,9.716641700000000128e+03,1.147422900000000023e+00
1.990500000000000114e+02,6.784685299999999870e+02,-8.989023999999999432e+02,-8.821518999999999551e+02,-8.664574699999999519e-02,9.716641700000000128e+03,1.147422900000000023e+00
1.990999999999999943e+02,6.840188699999999926e+02,-8.985503300000000309e+02,-8.816628100000000359e+02,-2.109809099999999937e-01,9.716641700000000128e+03,1.147422900000000023e+00
1.991500000000000057e+02,7.190307900000000245e+02,-8.987222100000000182e+02,-8.809702800000000025e+02,1.158286700000000224e-01,9.716641700000000128e+03,1.147422900000000023e+00
1.991999999999999886e+02,7.341514799999999923e+02,-8.985431200000000445e+02,-8.804178799999999683e+02,-2.112685799999999836e-02,9.716641700000000128e+03,1.147422900000000023e+00
1.992500000000000000e+02,8.144055700000000115e+02,-9.004181599999999435e+02,-8.803115500000000111e+02,1.369326299999999892e-02,9.716641700000000128e+03,1.147422900000000023e+00
1.993000000000000114e+02,7.148102599999999711e+02,-8.989559299999999666e+02,-8.813082000000000562e+02,-2.990585899999999991e-02,9.716641700000000128e+03,1.147422900000000023e+00
1.993499999999999943e+02,6.709688099999999622e+02,-8.989669800000000350e+02,-8.824016400000000431e+02,-1.372000999999999915e-01,9.716641700000000128e+03,1.147422900000000023e+00
1.994000000000000057e+02,7.206388200000000097e+02,-9.007514999999999645e+02,-8.829598700000000235e+02,6.097019600000000428e-02,9.716641700000000128e+03,1.147422900000000023e+00
1.994499999999999886e+02,6.584127999999999474e+02,-8.994049199999999473e+02,-8.831495700000000397e+02,-3.951646300000000167e-01,9.716641700000000128e+03,1.147422900000000023e+00
1.995000000000000000e+02,6.485155099999999493e+02,-8.988356300000000374e+02,-8.828246400000000449e+02,-5.909940600000000016e-02,9.716641700000000128e+03,1.147422900000000023e+00
1.995500000000000114e+02,6.879365500000000111e+02,-8.991399400000000242e+02,-8.821556900000000496e+02,-1.233533200000000163e-01,9.716641700000000128e+03,1.147422900000000023e+00
1.995999999999999943e+02,6.682015800000000354e+02,-8.980530099999999720e+02,-8.815559899999999516e+02,7.705741200000000568e-02,9.716641700000000128e+03,1.147422900000000023e+00
1.996500000000000057e+02,6.866620500000000220e+02,-8.980525599999999713e+02,-8.810997700000000350e+02,-1.484080999999999873e-01,9.716641700000000128e+03,1.147422900000000023e+00
1.996999999999999886e+02,7.540195499999999811e+02,-8.995606000000000222e+02,-8.809448499999999740e+02,2.312591900000000172e-02,9.716641700000000128e+03,1.147422900000000023e+00
1.997500000000000000e+02,6.459991300000000365e+02,-8.971747199999999793e+02,-8.812258500000000367e+02,-3.686580700000000044e-01,9.716641700000000128e+03,1.147422900000000023e+00
1.998000000000000114e+02,7.132368099999999913e+02,-8.988153999999999542e+02,-8.812065199999999550e+02,1.178205200000000119e-01,9.716641700000000128e+03,1.147422900000000023e+00
1.998499999999999943e+02,7.228107099999999718e+02,-8.991445700000000443e+02,-8.812993199999999661e+02,-2.734561200000000247e-01,9.716641700000000128e+03,1.147422900000000023e+00
1.999000000000000057e+02,6.894039500000000089e+02,-8.988124699999999621e+02,-8.817919900000000553e+02,7.561373999999999873e-02,9.716641700000000128e+03,1.147422900000000023e+00
1.999499999999999886e+02,6.755023999999999660e+02,-8.993169799999999441e+02,-8.826397100000000364e+02,-1.240221600000000202e-01,9.716641700000000128e+03,1.147422900000000023e+00
2.000000000000000000e+02,6.243730000000000473e+02,-8.990802999999999656e+02,-8.836653499999999894e+02,3.986332600000000448e-02,9.716641700000000128e+03,1.147422900000000023e+00
