time_ps,T_K,PE_eV,Etot_eV,P_GPa,volume_A3,density_g_cm3
5.000000000000000278e-02,6.041264941399999771e+02,-9.247026812399999471e+02,-9.097095014199999241e+02,-2.040575232900000355e-02,5.829369779598128844e+03,1.912573542649167457e+00
1.000000000000000056e-01,6.194971313500000178e+02,-9.247552300099999911e+02,-9.093805825169999935e+02,-3.135951043666666549e-01,5.841229302758064478e+03,1.908690419928164461e+00
1.500000000000000222e-01,6.304609628900000189e+02,-9.244854923200000485e+02,-9.088387450280000621e+02,1.758953955499999999e-01,5.820563853865563033e+03,1.915467073413107624e+00
2.000000000000000111e-01,6.455778350699999919e+02,-9.240488245200000392e+02,-9.080269074820000696e+02,1.220312543803333399e-01,5.795259889416747683e+03,1.923830617353049943e+00
2.500000000000000000e-01,6.368254979099999673e+02,-9.231203760099999727e+02,-9.073156740199999604e+02,2.520938827800000559e-01,5.784246533674984676e+03,1.927493640851867251e+00
3.000000000000000444e-01,6.894957809200000156e+02,-9.241808683000000428e+02,-9.070689979730000232e+02,-2.398570918283333409e-01,5.795846849554058281e+03,1.923635786138106596e+00
3.500000000000000333e-01,6.436705462099999977e+02,-9.237156964900000276e+02,-9.077411144480000758e+02,5.813312136966666266e-01,5.802554922245266425e+03,1.921411957349282273e+00
4.000000000000000222e-01,6.254245528500000546e+02,-9.243281643100000338e+02,-9.088064103799999884e+02,-4.928804864199999858e-01,5.859832309080667983e+03,1.902630966674733859e+00
4.500000000000000111e-01,5.641321312100000114e+02,-9.235590813500000422e+02,-9.095584795430000895e+02,-2.273154591822333648e-01,5.874772615098363531e+03,1.897792330229842506e+00
5.000000000000000000e-01,5.891221337599999970e+02,-9.244533347499999536e+02,-9.098325323629999275e+02,-1.210602070333333252e-01,5.846995315374594611e+03,1.906808165462624327e+00
5.500000000000000444e-01,5.861242096299999957e+02,-9.243985572599999614e+02,-9.098521571979999862e+02,1.031357327571399973e-01,5.799312003954156353e+03,1.922486392036879099e+00
6.000000000000000888e-01,6.104281099999999469e+02,-9.249957632699999976e+02,-9.098461902760000157e+02,2.391082389200000213e-01,5.761803399258220452e+03,1.935001533063994250e+00
6.500000000000000222e-01,6.459081632899999477e+02,-9.260324997000000167e+02,-9.100023845939999774e+02,9.531863985600001754e-02,5.748597356987069361e+03,1.939446741251923179e+00
7.000000000000000666e-01,5.807701782000000321e+02,-9.250988052999999809e+02,-9.106852813099999366e+02,2.055233359399999682e-01,5.765191654800368269e+03,1.933864315073503093e+00
7.500000000000000000e-01,5.645425816700000041e+02,-9.259254302599999846e+02,-9.119146419149999474e+02,7.260074879033333317e-02,5.817396775995086500e+03,1.916509882355565519e+00
8.000000000000000444e-01,5.179555272799999557e+02,-9.254584016300000258e+02,-9.126038083700000243e+02,-4.793666431333332700e-01,5.869587096538453807e+03,1.899468945158525601e+00
8.500000000000000888e-01,5.221075906999999461e+02,-9.255624562199999446e+02,-9.126048172669999303e+02,-9.856164233666668550e-02,5.858937793542359941e+03,1.902921451575466660e+00
9.000000000000000222e-01,5.880096922799999675e+02,-9.265327869200000350e+02,-9.119395930480000061e+02,4.509310582600000589e-02,5.820302666418741865e+03,1.915553030447139760e+00
9.500000000000000666e-01,6.346700315199999523e+02,-9.269092915600000424e+02,-9.111580838220000942e+02,-2.034494622666666030e-03,5.775436965926345692e+03,1.930433744936516760e+00
1.000000000000000000e+00,5.608337667499999952e+02,-9.245477066600000171e+02,-9.106289634900000465e+02,4.147268068253333606e-01,5.749982608866173905e+03,1.938979501187822807e+00
1.050000000000000044e+00,5.759123197599999457e+02,-9.244312998000000334e+02,-9.101383378880000237e+02,-3.519333522333333627e-03,5.771273324856713771e+03,1.931826441620626778e+00
1.100000000000000089e+00,6.167528916200000140e+02,-9.250811236700000109e+02,-9.097745825760000571e+02,7.308707299233331567e-02,5.788187419758165561e+03,1.926181307246579433e+00
1.150000000000000133e+00,6.439120620099999996e+02,-9.257479288299999780e+02,-9.097673528609999494e+02,2.128468561833333217e-01,5.815143392259101347e+03,1.917252535099864819e+00
1.200000000000000178e+00,6.578294098899999653e+02,-9.264428496199999472e+02,-9.101168736379999018e+02,-4.356751560300000103e-01,5.862329094870501649e+03,1.901820629710702315e+00
1.250000000000000000e+00,6.083495084899999483e+02,-9.257992790199999718e+02,-9.107012926500000276e+02,7.357004524233333453e-02,5.873884757335298673e+03,1.898079188028844344e+00
1.300000000000000044e+00,5.811107032999999547e+02,-9.255007067400000551e+02,-9.110787316160000273e+02,7.799010170129999642e-02,5.878820410899456874e+03,1.896485626624573539e+00
1.350000000000000089e+00,6.137111743699999806e+02,-9.262939588000000413e+02,-9.110629068860000643e+02,-4.325352339766666554e-01,5.875893165272274928e+03,1.897430415629649536e+00
1.400000000000000133e+00,5.935952304999999569e+02,-9.254828694799999766e+02,-9.107510540109999511e+02,2.788983962866666833e-01,5.831653119997467911e+03,1.911824688705563879e+00
1.450000000000000178e+00,5.528631035700000211e+02,-9.236377065100000436e+02,-9.099167788430000883e+02,1.281506729433332936e-01,5.813705595278055625e+03,1.917726693940847049e+00
1.500000000000000000e+00,6.885443858700000419e+02,-9.254441684399999986e+02,-9.083559097859999838e+02,-2.230567600099999936e-01,5.807639901786015798e+03,1.919729631885289889e+00
1.550000000000000044e+00,6.608560823699999673e+02,-9.239621709900000042e+02,-9.075610792080000238e+02,-6.639122891333333609e-02,5.781650552397426509e+03,1.928359092224086524e+00
1.600000000000000089e+00,6.198212917800000241e+02,-9.229727095700000064e+02,-9.075900170800000524e+02,-3.893468680966667012e-02,5.746969178477478636e+03,1.939996207484738111e+00
1.650000000000000133e+00,6.684366215400000328e+02,-9.244133183699999563e+02,-9.078240931619999401e+02,1.115889074990000090e-01,5.709465583038248951e+03,1.952739402423209203e+00
1.700000000000000178e+00,6.748929562600000054e+02,-9.254580590699999902e+02,-9.087086008840000204e+02,6.952881584666667503e-02,5.686293131665061992e+03,1.960697092573788547e+00
1.750000000000000000e+00,6.614490041599999586e+02,-9.261996927200000300e+02,-9.097838858360000813e+02,-2.136507850100000105e-01,5.677576656499503770e+03,1.963707244360120896e+00
1.800000000000000044e+00,5.875220342400000391e+02,-9.252001616200000171e+02,-9.106190704189999678e+02,1.002690558233333279e-01,5.673126647505191613e+03,1.965247579248192045e+00
1.850000000000000089e+00,5.643031466600000385e+02,-9.249867885200000046e+02,-9.109819424600000275e+02,-2.850336906673333615e-01,5.678040882826013330e+03,1.963546695216639604e+00
1.900000000000000133e+00,6.183760286200000564e+02,-9.263887972600000467e+02,-9.110419732360001035e+02,2.276350604939999800e-01,5.659527466644440210e+03,1.969969838734317635e+00
1.950000000000000178e+00,5.501152604999999767e+02,-9.249344576500000130e+02,-9.112817258090000223e+02,1.702929334520000004e-01,5.649565755469498981e+03,1.973443427927932925e+00
2.000000000000000000e+00,5.297411333000000013e+02,-9.242845679199999722e+02,-9.111374801050000087e+02,1.337724322636666685e-01,5.651134173589767670e+03,1.972895717621185430e+00
2.050000000000000266e+00,6.542372936100000516e+02,-9.263511784800000441e+02,-9.101143514520000508e+02,8.298265844566667104e-02,5.671279817194460520e+03,1.965887554512054436e+00
2.100000000000000089e+00,6.004955686600000035e+02,-9.240278001599999698e+02,-9.091247324589999153e+02,-3.772956653166666396e-01,5.714693498863878631e+03,1.950952997390762667e+00
2.149999999999999911e+00,5.853709114600000021e+02,-9.229382915800000546e+02,-9.084105868320000354e+02,-3.381418350600000067e-01,5.727379188549095488e+03,1.946631791565099245e+00
2.200000000000000178e+00,6.290587049399999842e+02,-9.237599650500000052e+02,-9.081480189229999951e+02,-1.284571221466666337e-02,5.695965396175920432e+03,1.957367651542110787e+00
2.250000000000000000e+00,6.397003133399999797e+02,-9.241745143099999495e+02,-9.082984652999999753e+02,-1.062511164466666685e-01,5.655028144959675046e+03,1.971537209892611830e+00
2.300000000000000266e+00,6.666332011099999590e+02,-9.253579499300000180e+02,-9.088134819160000006e+02,4.204453883153333460e-02,5.616161022000804223e+03,1.985181401869070772e+00
2.350000000000000089e+00,6.031555123599999888e+02,-9.244791192599999476e+02,-9.095100372149998975e+02,2.287000962233333157e-01,5.581604763740416274e+03,1.997471853113908624e+00
2.400000000000000355e+00,6.130145383999999922e+02,-9.248847891299999446e+02,-9.096710262909999756e+02,1.975801185600000176e-01,5.562994155808972209e+03,2.004154255516503280e+00
2.450000000000000178e+00,5.867951735000000326e+02,-9.244025830699999915e+02,-9.098395310610000024e+02,8.521108804233334943e-02,5.569893261342310325e+03,2.001671825231912116e+00
2.500000000000000000e+00,5.792313196899999639e+02,-9.242604364100000112e+02,-9.098851037309999583e+02,5.679340519266666831e-01,5.593717558140022447e+03,1.993146471000083464e+00
2.550000000000000266e+00,5.954900046899999779e+02,-9.243389646599999878e+02,-9.095601247839999814e+02,-2.060615739816666625e-01,5.673952751277321113e+03,1.964961447426241348e+00
2.600000000000000089e+00,6.759371765099999720e+02,-9.249683490400000210e+02,-9.081929754500000627e+02,-1.654317827413333275e-01,5.756000300350173347e+03,1.936952367792565965e+00
2.650000000000000355e+00,6.547349173100000144e+02,-9.230818922500000099e+02,-9.068327152230000365e+02,-1.802352058473333241e-01,5.839466120129320188e+03,1.909266734564269097e+00
2.700000000000000178e+00,6.706685628699999597e+02,-9.229246865100000150e+02,-9.062800690990000021e+02,-1.631856545969999905e-01,5.909916570231816877e+03,1.886506903825998505e+00
2.750000000000000000e+00,5.770465760900000305e+02,-9.207963083600000118e+02,-9.064751965330000303e+02,-1.985793223233334182e-02,5.957606140209230034e+03,1.871405753987361642e+00
2.800000000000000266e+00,5.834275896899999907e+02,-9.213491884500000424e+02,-9.068697129610000047e+02,-1.016964028160000089e-02,5.987019055764687437e+03,1.862211946702077014e+00
2.850000000000000089e+00,6.033797330500000271e+02,-9.224315619999999853e+02,-9.074569152579999809e+02,-4.423082262799999942e-01,5.985382113964520613e+03,1.862721242937185329e+00
2.900000000000000355e+00,6.164891296600000032e+02,-9.234318348499999729e+02,-9.081318397860000005e+02,-1.008342252656666688e-01,5.924352255953644089e+03,1.881910110860434804e+00
2.950000000000000178e+00,6.081065466799999513e+02,-9.241917668700000377e+02,-9.090998103130000345e+02,-1.038621495600000610e-02,5.836188872976447783e+03,1.910338862130067650e+00
3.000000000000000000e+00,6.093047734199999468e+02,-9.253236568199999965e+02,-9.102019627350000519e+02,-6.266649437600001205e-02,5.756658179620086230e+03,1.936731010058648339e+00
3.050000000000000266e+00,5.699115158800000245e+02,-9.254468991400000277e+02,-9.113028648660000499e+02,3.655478124866671456e-03,5.676003194935191459e+03,1.964251609429421785e+00
3.100000000000000089e+00,6.298052748600000541e+02,-9.269475942200000418e+02,-9.113171197590000929e+02,1.970943942399999982e-01,5.606321273207669947e+03,1.988665627148229254e+00
3.150000000000000355e+00,6.158883416600000373e+02,-9.267757484400000294e+02,-9.114906637010000168e+02,-9.174570357666665676e-02,5.571109346528497554e+03,2.001234891884734246e+00
3.200000000000000178e+00,6.024806342800000039e+02,-9.265905512499999759e+02,-9.116382182940000121e+02,3.380162113999999884e-01,5.536777202159974877e+03,2.013644039429393739e+00
3.250000000000000000e+00,6.363129904300000135e+02,-9.276607855500000142e+02,-9.118688029439999809e+02,5.456532271800001305e-02,5.540522989065047113e+03,2.012282673094616836e+00
3.300000000000000266e+00,6.348775617799999509e+02,-9.281894840600000407e+02,-9.124331258470000421e+02,3.862719686033333488e-01,5.564996476183696359e+03,2.003433148339331726e+00
3.350000000000000089e+00,5.173805522100000189e+02,-9.263370932399999447e+02,-9.134967696819999219e+02,-4.190445181933333263e-01,5.603945249272637739e+03,1.989508804038562451e+00
3.400000000000000355e+00,5.336068581299999778e+02,-9.274222026899999491e+02,-9.141791755179999655e+02,5.230921829166667453e-02,5.609020562870776303e+03,1.987708600068266218e+00
3.450000000000000178e+00,5.156625152000000298e+02,-9.270556308300000410e+02,-9.142579454250000026e+02,-2.278639335766666774e-01,5.608658381102090971e+03,1.987836957291596152e+00
3.500000000000000000e+00,6.178710055300000477e+02,-9.283508938200000102e+02,-9.130166034330000002e+02,2.073861793733333403e-01,5.591195596372554974e+03,1.994045498607002864e+00
3.550000000000000266e+00,5.994898436800000354e+02,-9.264144191499999579e+02,-9.115363114790000054e+02,-1.382833994873333416e-01,5.604979257053682886e+03,1.989141779025714429e+00
3.600000000000000089e+00,5.903817676500000289e+02,-9.255175932900000362e+02,-9.108655293750000510e+02,1.147949347333334334e-02,5.625432463083469884e+03,1.981909565876617263e+00
3.650000000000000355e+00,5.723494168500000114e+02,-9.246193018599999505e+02,-9.104147638859999461e+02,-2.271320293333333462e-01,5.645185069524191931e+03,1.974974827834598878e+00
3.700000000000000178e+00,6.321348991700000397e+02,-9.256187613199999760e+02,-9.099304703640000298e+02,1.366356581246666313e-01,5.644494724146549743e+03,1.975216375539041502e+00
3.750000000000000000e+00,6.110121728599999642e+02,-9.247878305000000410e+02,-9.096237622639999927e+02,-3.586150756766666170e-01,5.649171796006266959e+03,1.973581051059545732e+00
3.800000000000000266e+00,6.238922285999999531e+02,-9.251389391500000556e+02,-9.096552143630000273e+02,-2.831246437333336582e-03,5.625971610243905161e+03,1.981719635854088057e+00
3.850000000000000089e+00,6.141098227899999529e+02,-9.254221267699999771e+02,-9.101811812199999849e+02,3.256925019333333782e-01,5.614194706164503259e+03,1.985876691903122992e+00
3.900000000000000355e+00,5.951215939500000331e+02,-9.260593790000000354e+02,-9.112896823230000791e+02,-3.676997575133333362e-01,5.635457069222626160e+03,1.978384055424262877e+00
3.950000000000000178e+00,5.580582619399999658e+02,-9.262144406899999467e+02,-9.123645798539999987e+02,1.930068258179999940e-01,5.630572857954594838e+03,1.980100194428191296e+00
4.000000000000000000e+00,6.160162075099999583e+02,-9.279918179300000247e+02,-9.127035598229999778e+02,-2.261319451599999864e-01,5.638109089157074777e+03,1.977453474999157024e+00
4.049999999999999822e+00,5.961442925899999636e+02,-9.275814569000000347e+02,-9.127863789410000663e+02,-7.321770705133333335e-02,5.628306113954808097e+03,1.980897659978895442e+00
4.100000000000000533e+00,5.581951016399999617e+02,-9.264010740300000180e+02,-9.125478171130000646e+02,3.710319387000002994e-02,5.611999941943520753e+03,1.986653336799017788e+00
4.150000000000000355e+00,5.987498409199999969e+02,-9.270178126900000279e+02,-9.121580703690000291e+02,-1.261953732466666867e-02,5.594426520292628084e+03,1.992893886502385081e+00
4.200000000000000178e+00,6.329240094000000454e+02,-9.276836737899999434e+02,-9.119757987379999804e+02,1.000859839800000151e-02,5.574725217873152360e+03,1.999936853395538394e+00
4.250000000000000000e+00,6.328268373900000370e+02,-9.277171800200000007e+02,-9.120117165780000050e+02,9.535470623233334442e-02,5.569143343178424402e+03,2.001941362208675024e+00
4.299999999999999822e+00,6.103597017600000072e+02,-9.273963852000000543e+02,-9.122485099579999996e+02,-7.026707856333329338e-02,5.590454297337490971e+03,1.994309910750519554e+00
4.350000000000000533e+00,5.208725705099999459e+02,-9.252046002900000303e+02,-9.122776120040000478e+02,-6.919382039099998549e-02,5.609285914126713578e+03,1.987614570100541211e+00
4.400000000000000355e+00,6.035407365800000434e+02,-9.267882463900000403e+02,-9.118096038700000463e+02,2.061684611013333279e-01,5.614471058853024260e+03,1.985778944073073538e+00
4.450000000000000178e+00,5.527692695499999900e+02,-9.248466713100000334e+02,-9.111280724110000619e+02,-2.194863926633333351e-01,5.633686613985763870e+03,1.979005786921140153e+00
4.500000000000000000e+00,6.494393372499999941e+02,-9.262106056699999499e+02,-9.100928540729998986e+02,7.412955272333339625e-03,5.624749263221412548e+03,1.982150294890241193e+00
4.549999999999999822e+00,6.421951544900000499e+02,-9.256402414100000442e+02,-9.097022755630000574e+02,3.246278557866666969e-01,5.608204748576366910e+03,1.987997748050865710e+00
4.600000000000000533e+00,5.656733703400000195e+02,-9.241817662199999859e+02,-9.101429140200000347e+02,1.541477277283333225e-01,5.615066608389657631e+03,1.985568326851145704e+00
4.650000000000000355e+00,5.923187277499999936e+02,-9.254655714799999942e+02,-9.107654361899999458e+02,7.640246050766666408e-02,5.643124854573050470e+03,1.975695859669493792e+00
4.700000000000000178e+00,5.959800067999999555e+02,-9.263277949199999739e+02,-9.115367941979999387e+02,1.596080249663333339e-01,5.682899007101028474e+03,1.961868123443106793e+00
4.750000000000000000e+00,5.714698650599999610e+02,-9.262541054900000290e+02,-9.120713961870000048e+02,-3.240773699423333265e-01,5.751206859960305337e+03,1.938566753423113687e+00
4.800000000000000711e+00,5.890692545199999586e+02,-9.264871880800000099e+02,-9.118676980469999762e+02,7.173863409666667024e-02,5.810774812416992972e+03,1.918693938535284582e+00
4.850000000000000533e+00,6.228340904699999783e+02,-9.266760172499999726e+02,-9.112185532799999237e+02,-8.676606204333340081e-03,5.866023017944891762e+03,1.900623024606537426e+00
4.900000000000000355e+00,6.214432675699999891e+02,-9.259619779099999732e+02,-9.105390313099999275e+02,-1.528044676803333168e-01,5.920418478881965711e+03,1.883160531733802046e+00
4.950000000000000178e+00,6.368455244000000448e+02,-9.257143154300000560e+02,-9.099091164230000004e+02,2.257053079833333184e-02,5.956381207914611878e+03,1.871790609365883595e+00
5.000000000000000000e+00,6.131175366400000257e+02,-9.246785208000000011e+02,-9.094622017560000131e+02,-1.640185532303333471e-01,5.990286469047495302e+03,1.861196199611933944e+00
5.050000000000000711e+00,6.302157082200000104e+02,-9.247772695899999462e+02,-9.091366090149999764e+02,-2.655363333499999867e-01,6.002304881453579583e+03,1.857469527285659838e+00
5.100000000000000533e+00,6.549872129300000552e+02,-9.252205953300000374e+02,-9.089651568440000347e+02,-4.755390663033332715e-02,5.977276652030400328e+03,1.865247178577687404e+00
5.150000000000000355e+00,6.383058513800000355e+02,-9.251766563400000223e+02,-9.093352150140000276e+02,-2.316392893366666858e-02,5.942498288859121203e+03,1.876163503770813090e+00
5.200000000000000178e+00,5.908064106699999911e+02,-9.249666211100000055e+02,-9.103040184259999705e+02,-3.848568956899998256e-02,5.893678069248099746e+03,1.891704684202468290e+00
5.250000000000000000e+00,6.006071711800000230e+02,-9.260431521499999690e+02,-9.111373147030000155e+02,2.556907615343332885e-01,5.827704898765693542e+03,1.913119933910752080e+00
5.300000000000000711e+00,6.088576230899999473e+02,-9.268452608999999711e+02,-9.117346641679999948e+02,2.173432956459999954e-01,5.786910428233021776e+03,1.926606355678855964e+00
5.350000000000000533e+00,5.520561358700000483e+02,-9.259720935599999621e+02,-9.122711931750000076e+02,1.682463686066666408e-01,5.778993861850567555e+03,1.929245587952189034e+00
5.400000000000000355e+00,6.210769934800000556e+02,-9.279895560200000091e+02,-9.125756995909999887e+02,2.562768730966666908e-01,5.794367390454585802e+03,1.924126942510510752e+00
5.450000000000000178e+00,5.829038145800000166e+02,-9.274043480100000352e+02,-9.129378715440000178e+02,-4.900695816000000260e-02,5.839281045320097292e+03,1.909327248379910635e+00
5.500000000000000000e+00,5.694216878299999962e+02,-9.269208965200000421e+02,-9.127890187730000662e+02,-4.207914045866666952e-01,5.872633151066725986e+03,1.898483716585094072e+00
5.550000000000000711e+00,5.925202018700000508e+02,-9.268060073899999907e+02,-9.121008719259999680e+02,2.698238948576666685e-01,5.858665111101875482e+03,1.903010020089902277e+00
5.600000000000000533e+00,5.624698316699999623e+02,-9.251877834800000073e+02,-9.112284365360000038e+02,2.789306533133333321e-01,5.856904525977989579e+03,1.903582064779569816e+00
5.650000000000000355e+00,6.151637153100000432e+02,-9.257761778200000435e+02,-9.105090768200000184e+02,1.304045690646666589e-01,5.887224616342590707e+03,1.893778331444794016e+00
5.700000000000000178e+00,6.390206465400000297e+02,-9.260062708399999565e+02,-9.101470897649999188e+02,-2.408175263026667012e-01,5.915840755609687221e+03,1.884617735899309476e+00
5.750000000000000000e+00,6.292998187099999541e+02,-9.257784650400000146e+02,-9.101605349640000213e+02,2.352301476233333577e-01,5.920647698618322465e+03,1.883087624581987862e+00
5.800000000000000711e+00,6.270049897799999599e+02,-9.259494437399999924e+02,-9.103884666080000443e+02,-4.343123410016667130e-01,5.943509809390175178e+03,1.875844201209777351e+00
5.850000000000000533e+00,5.830320253800000501e+02,-9.255238897399999587e+02,-9.110542313449999483e+02,3.357946803133333158e-01,5.916521717385402553e+03,1.884400825913800537e+00
5.900000000000000355e+00,5.883148774799999501e+02,-9.263730282499999475e+02,-9.117722603069998968e+02,-3.225620360506666340e-01,5.908070022207481998e+03,1.887096525408522130e+00
5.950000000000000178e+00,5.829159326999999848e+02,-9.268126153299999714e+02,-9.123458381169999711e+02,1.715496920563333305e-01,5.873150031211926944e+03,1.898316636136974100e+00
6.000000000000000000e+00,5.688348907900000313e+02,-9.267622664100000520e+02,-9.126449517610000157e+02,2.798596037999999397e-02,5.858590365834329532e+03,1.903034299137285945e+00
6.050000000000000711e+00,5.829071199500000375e+02,-9.272235063000000537e+02,-9.127569478010000239e+02,-7.410212549399999848e-02,5.853394507632185196e+03,1.904723557628105635e+00
6.100000000000000533e+00,5.868883016400000088e+02,-9.270706457799999498e+02,-9.125052825219999022e+02,2.816798432000000019e-01,5.843076333900706231e+03,1.908087071546967550e+00
6.150000000000000355e+00,6.069155738099999553e+02,-9.265821380999999519e+02,-9.115197390459999269e+02,-9.565990483166668390e-02,5.850728323717171406e+03,1.905591542438015429e+00
6.200000000000000178e+00,6.513151409399999920e+02,-9.265491854199999580e+02,-9.103848802249999608e+02,-1.924514818033332963e-01,5.835164056083674041e+03,1.910674370698124402e+00
6.250000000000000000e+00,5.826914530200000399e+02,-9.244799719000000096e+02,-9.100187658119999696e+02,-1.336590784970000112e-01,5.800522276693401182e+03,1.922085267317265478e+00
6.300000000000000711e+00,6.404606729299999870e+02,-9.257549783299999717e+02,-9.098600587559999440e+02,1.587771369360000129e-01,5.753660234621854215e+03,1.937740143863524001e+00
6.350000000000000533e+00,5.755589154900000040e+02,-9.241603231300000516e+02,-9.098761319870000079e+02,-1.301865645966666374e-01,5.707302768456281228e+03,1.953479404036175371e+00
6.400000000000000355e+00,6.277562416900000244e+02,-9.254906460800000332e+02,-9.099110244170000215e+02,4.797709257900000246e-01,5.650795380072078842e+03,1.973014002612102580e+00
6.450000000000000178e+00,6.259467458100000385e+02,-9.258850294200000235e+02,-9.103503157320000128e+02,-2.921285992566666767e-01,5.618938332590303617e+03,1.984200172853349153e+00
6.500000000000000000e+00,6.215488109599999689e+02,-9.271569873800000323e+02,-9.117314214100000527e+02,1.417380955533333597e-01,5.561143982594095178e+03,2.004821030650116853e+00
6.550000000000000711e+00,5.920088500099999465e+02,-9.276797257800000125e+02,-9.129872810199999549e+02,2.331901164733333198e-01,5.516332649860503807e+03,2.021106977850569919e+00
6.600000000000000533e+00,5.748478302800000392e+02,-9.277751198400000021e+02,-9.135085763719999932e+02,-7.236156579666666588e-02,5.490457595657343518e+03,2.030631913011462952e+00
6.650000000000000355e+00,5.492717303599999923e+02,-9.271423317500000394e+02,-9.135105345960000705e+02,5.479364541533332522e-01,5.456068132382258227e+03,2.043430936026454869e+00
6.700000000000000178e+00,5.692817643299999872e+02,-9.271262831000000233e+02,-9.129978779670000222e+02,-2.764347363633333221e-01,5.456453715694206039e+03,2.043286535852073538e+00
6.750000000000000000e+00,5.675067474700000503e+02,-9.261598146600000518e+02,-9.120754618020000635e+02,1.707881437026666782e-01,5.446543577913491390e+03,2.047004352630018342e+00
6.800000000000000711e+00,5.845189236400000254e+02,-9.259486650300000292e+02,-9.114421048720000726e+02,1.417065618066667108e-02,5.457958377245797237e+03,2.042723238282381892e+00
6.850000000000000533e+00,6.310743687699999782e+02,-9.269572709200000418e+02,-9.112953001530000847e+02,6.094883703533332531e-01,5.494741330687611480e+03,2.029048819552492500e+00
6.900000000000000355e+00,5.922144231300000001e+02,-9.262410436100000197e+02,-9.115434969469999942e+02,-1.951638511406666721e-01,5.585967260948038529e+03,1.995911878811439388e+00
6.950000000000000178e+00,6.281952220199999601e+02,-9.272353028400000312e+02,-9.116447865869999987e+02,1.408120738689999929e-01,5.656971332496165815e+03,1.970859980628255403e+00
7.000000000000000000e+00,6.179963164700000107e+02,-9.274030856900000117e+02,-9.120656853430000410e+02,-1.753624253106666753e-01,5.742532971683893265e+03,1.941494888362603310e+00
7.050000000000000711e+00,5.837713708600000473e+02,-9.267435986000000412e+02,-9.122555911670000341e+02,-2.753871164900000279e-01,5.810858893740237363e+03,1.918666175629971660e+00
7.100000000000000533e+00,5.826216957999999977e+02,-9.269376796499999500e+02,-9.124782047929999180e+02,-3.707082364766666749e-01,5.844900463554394264e+03,1.907491578393451848e+00
7.150000000000000355e+00,5.651648154099999601e+02,-9.268646602600000506e+02,-9.128384293500000695e+02,-9.206046100166664914e-02,5.828601690629843688e+03,1.912825580224750022e+00
7.200000000000000178e+00,6.228284685800000489e+02,-9.286088676900000110e+02,-9.131515432439999813e+02,-6.921920643563332642e-02,5.777752237507437712e+03,1.929660177949719113e+00
7.250000000000000000e+00,5.771698941800000284e+02,-9.281471536799999740e+02,-9.138229813509999531e+02,-2.068068090416666782e-01,5.718495515075929688e+03,1.949655880884249015e+00
7.300000000000000711e+00,5.649928286299999627e+02,-9.284734358700000030e+02,-9.144514733190000015e+02,2.689258859306666860e-01,5.650741851438259800e+03,1.973032692679149047e+00
7.350000000000000533e+00,5.367562011899999561e+02,-9.282327054800000496e+02,-9.149115180759999930e+02,1.907660036666665839e-03,5.609273471725654417e+03,1.987618978995517871e+00
7.400000000000000355e+00,5.525787939800000004e+02,-9.285162295300000324e+02,-9.148023578440000847e+02,3.839615881493332883e-01,5.584403706846293062e+03,1.996470705925068811e+00
7.450000000000000178e+00,6.183394640400000526e+02,-9.291619495600000391e+02,-9.138160329940000111e+02,1.076963149693333371e-01,5.603559877996367504e+03,1.989645627694177188e+00
7.500000000000000000e+00,5.915070542400000022e+02,-9.273545584299999973e+02,-9.126745672109999532e+02,-5.553842894166666905e-02,5.633565701912604709e+03,1.979048261919241103e+00
7.550000000000000711e+00,6.512519793300000401e+02,-9.281720292400000289e+02,-9.120092915860000176e+02,1.162521177393333188e-01,5.662342225723269621e+03,1.968990563680364403e+00
7.600000000000000533e+00,6.201776140099999566e+02,-9.272620928899999626e+02,-9.118705572139999731e+02,4.717027319900000265e-02,5.707705085867732123e+03,1.953341709679979443e+00
7.650000000000000355e+00,5.946868446900000436e+02,-9.264550155599999925e+02,-9.116961084670000446e+02,-1.229622107163333422e-01,5.749143351018193243e+03,1.939262552707690990e+00
7.700000000000000178e+00,6.084577332300000307e+02,-9.266286894200000006e+02,-9.115280171340000379e+02,-1.535041590166666692e-01,5.767286761408234270e+03,1.933161792020143155e+00
7.750000000000000000e+00,5.741731720599999562e+02,-9.255985213500000555e+02,-9.113487215150000793e+02,-3.129916067833333204e-01,5.770418600916695141e+03,1.932112586945916144e+00
7.800000000000000711e+00,6.456567015199999560e+02,-9.271210032499999443e+02,-9.110971289089999345e+02,1.192503279381666587e-01,5.737999474526543054e+03,1.943028830914615979e+00
7.850000000000000533e+00,6.251487116399999877e+02,-9.266388860199999726e+02,-9.111239779019999787e+02,-2.928488714399999915e-01,5.695952368281636154e+03,1.957372128471900563e+00
7.900000000000000355e+00,6.194020894899999803e+02,-9.265963732599999503e+02,-9.112240845110000009e+02,2.161837284833333372e-01,5.630798830173685019e+03,1.980020730102000304e+00
7.950000000000000178e+00,5.664446826299999884e+02,-9.256990524399999458e+02,-9.116410578519999035e+02,-7.869810452499999276e-02,5.588068722461654943e+03,1.995161291764964373e+00
8.000000000000000000e+00,6.296614367099999754e+02,-9.280158353799999986e+02,-9.123889306869999700e+02,4.457518061826666878e-01,5.537351676633848911e+03,2.013435133228799412e+00
8.050000000000000711e+00,5.826818511899999748e+02,-9.279821055700000443e+02,-9.135211377800000037e+02,2.583111111933333315e-01,5.512780556690897356e+03,2.022409253574633414e+00
8.099999999999999645e+00,5.027917013300000235e+02,-9.267125891700000011e+02,-9.142343309520000503e+02,6.205131079833333535e-02,5.523290121423147866e+03,2.018561068797392721e+00
8.150000000000000355e+00,5.944031448499999897e+02,-9.289854863599999817e+02,-9.142336201150000079e+02,1.719085686789999790e-01,5.560678630429635632e+03,2.004988806540070723e+00
8.200000000000001066e+00,5.995565056899999945e+02,-9.289203506999999718e+02,-9.140405886149999333e+02,-1.629528824429999911e-01,5.611786996543357418e+03,1.986728722534444103e+00
8.250000000000000000e+00,5.532634665199999517e+02,-9.275484522399999605e+02,-9.138175883860000113e+02,-9.632339459133332227e-02,5.646490952379069313e+03,1.974518068798192916e+00
8.300000000000000711e+00,5.782092877699999462e+02,-9.268627981299999874e+02,-9.125128301849999843e+02,-1.866470843767666643e-01,5.665506873539450680e+03,1.967890721808045029e+00
8.349999999999999645e+00,5.952562782400000287e+02,-9.256053539499999943e+02,-9.108323146850000285e+02,3.512068826133332711e-01,5.657764667764879050e+03,1.970583625420122331e+00
8.400000000000000355e+00,6.324294087800000170e+02,-9.261096799299999702e+02,-9.104140798500000074e+02,-2.563438269833333005e-01,5.671942720471864959e+03,1.965657793146836418e+00
8.450000000000001066e+00,5.879708088300000099e+02,-9.249610452099999520e+02,-9.103688163449999138e+02,2.752796248083333452e-01,5.671697577051946610e+03,1.965742753261026987e+00
8.500000000000000000e+00,5.907142418700000235e+02,-9.250392855600000530e+02,-9.103789703170000394e+02,1.850345938983333494e-01,5.694217263803499009e+03,1.957968566048506887e+00
8.550000000000000711e+00,6.060358038900000111e+02,-9.255885589600000003e+02,-9.105479939900000090e+02,2.151974326500000201e-01,5.756776831110637431e+03,1.936691092579148732e+00
8.599999999999999645e+00,6.219330862299999581e+02,-9.260847246299999824e+02,-9.106496217359999719e+02,-3.525410418739999829e-01,5.833984043346585167e+03,1.911060833889847599e+00
8.650000000000000355e+00,6.051229253999999855e+02,-9.265826832699999613e+02,-9.115647740709999880e+02,1.121677245163333336e-01,5.864019367375861293e+03,1.901272439993183738e+00
8.700000000000001066e+00,5.252216754600000286e+02,-9.257664105999999720e+02,-9.127314864539999917e+02,-4.842304605300000175e-01,5.887258760137246099e+03,1.893767348272301421e+00
8.750000000000000000e+00,6.092622205300000360e+02,-9.281798721400000431e+02,-9.130592341300000498e+02,1.955183850403333368e-01,5.859500489207943247e+03,1.902738711484443623e+00
8.800000000000000711e+00,5.671604760799999667e+02,-9.272808469599999626e+02,-9.132050878479999483e+02,-3.913612005066666732e-01,5.837215637502382378e+03,1.910002834082114909e+00
8.849999999999999645e+00,6.189086761199999955e+02,-9.284896086300000206e+02,-9.131295653880000600e+02,4.487905340826667255e-01,5.789660807407697575e+03,1.925691121060676414e+00
8.900000000000000355e+00,5.639913621700000022e+02,-9.270048559800000021e+02,-9.130077477720000161e+02,-9.155000491433333554e-02,5.772028976926776522e+03,1.931573534253832936e+00
8.950000000000001066e+00,6.249765267599999561e+02,-9.281668565500000341e+02,-9.126562217080000892e+02,2.372875813300000247e-01,5.751410905499096771e+03,1.938497977968849595e+00
9.000000000000000000e+00,5.867494439800000237e+02,-9.271934789399999772e+02,-9.126315618439999753e+02,5.744073615479999839e-02,5.758403776121278497e+03,1.936143911444805354e+00
9.050000000000000711e+00,6.114206297800000129e+02,-9.277958415499999774e+02,-9.126216362520000303e+02,-2.366782119096666470e-01,5.771870996525622104e+03,1.931626402857788971e+00
9.099999999999999645e+00,5.931744400699999460e+02,-9.274597965499999646e+02,-9.127384242360000144e+02,4.100155112233333510e-02,5.756724329344692705e+03,1.936708755349959343e+00
9.150000000000000355e+00,5.604284080800000538e+02,-9.268683022699999583e+02,-9.129596192699999619e+02,1.833488814433333614e-01,5.746693902144388630e+03,1.940089136576020667e+00
9.200000000000001066e+00,5.812806810399999904e+02,-9.274082613199999514e+02,-9.129820676979999234e+02,-6.096233511533333260e-02,5.750513064045529063e+03,1.938800640326606928e+00
9.250000000000000000e+00,5.673173802400000341e+02,-9.267420023700000229e+02,-9.126623492190000206e+02,6.925620692000000744e-02,5.749048460478922607e+03,1.939294561077541834e+00
9.300000000000000711e+00,6.380747368199999983e+02,-9.272084906799999544e+02,-9.113727851439999768e+02,2.877272325996666491e-01,5.736100560056385802e+03,1.943672063285514229e+00
9.349999999999999645e+00,6.717842298900000060e+02,-9.268150948999999628e+02,-9.101427889230000119e+02,-2.545127245066666766e-01,5.725227205510012936e+03,1.947363486299371838e+00
9.400000000000000355e+00,6.443077792399999453e+02,-9.260246811700000080e+02,-9.100342843119999543e+02,1.567399912733333511e-01,5.706600052753666205e+03,1.953719957192040724e+00
9.450000000000001066e+00,6.174894233700000541e+02,-9.257578037199999699e+02,-9.104329834189999247e+02,-2.272496557766666703e-01,5.698131421741642043e+03,1.956623599139496683e+00
9.500000000000000000e+00,6.511947875199999771e+02,-9.272078690499999993e+02,-9.110465507799999614e+02,-2.246281738510000070e-01,5.661020497737548794e+03,1.969450281134607295e+00
9.550000000000000711e+00,5.701344729300000154e+02,-9.259362449999999853e+02,-9.117866773890000331e+02,-2.700406097066666844e-02,5.600899166360711206e+03,1.990590810443445990e+00
9.600000000000001421e+00,5.889490689399999610e+02,-9.267997198699999899e+02,-9.121832125969999652e+02,-1.616951105966666635e-01,5.542018427671703648e+03,2.011739685871437366e+00
9.650000000000000355e+00,6.190862132400000064e+02,-9.278744595800000070e+02,-9.125100102310000239e+02,1.829179626267999625e-01,5.470832299699944087e+03,2.037916316935812322e+00
9.700000000000001066e+00,5.667839847799999689e+02,-9.269834186799999998e+02,-9.129170033090000516e+02,3.666982589833333583e-01,5.418129139716148529e+03,2.057739511790610987e+00
9.750000000000000000e+00,5.667300236999999470e+02,-9.276396911399999681e+02,-9.135746149719999494e+02,4.372257173233333183e-01,5.410557717692538972e+03,2.060619069697825267e+00
9.800000000000000711e+00,5.841231059199999436e+02,-9.290108847599999535e+02,-9.145141479849999087e+02,6.204964532100000207e-01,5.453967591182788055e+03,2.044217943062641485e+00
9.850000000000001421e+00,5.431413990600000261e+02,-9.287975448199999846e+02,-9.153178899079999837e+02,-4.616020106066667239e-01,5.554042097084891793e+03,2.007384570712874794e+00
9.900000000000000355e+00,5.260051060399999869e+02,-9.283063939899999468e+02,-9.152520267049999347e+02,7.502077507333333728e-02,5.624990980657190448e+03,1.982065117813823552e+00
9.950000000000001066e+00,5.991908488599999600e+02,-9.291983748300000343e+02,-9.143276875970000219e+02,-3.639558573599999680e-01,5.690758247144043708e+03,1.959158679139684223e+00
1.000000000000000000e+01,5.923854197800000065e+02,-9.278308604200000218e+02,-9.131290699710000354e+02,2.710083724750000367e-01,5.727219170030346504e+03,1.946686180462500859e+00
1.005000000000000071e+01,5.794796700599999895e+02,-9.269087486299999910e+02,-9.125272524040000235e+02,-1.778335171999999853e-01,5.780442345413563999e+03,1.928762150810851672e+00
1.010000000000000142e+01,6.203958964600000172e+02,-9.276642759400000386e+02,-9.122673229410000886e+02,-2.320879334200000033e-01,5.812928239744596794e+03,1.917983149103497098e+00
1.015000000000000036e+01,5.806721497900000486e+02,-9.267838503499999661e+02,-9.123727592239999922e+02,-2.275078199733333306e-01,5.802652273933919787e+03,1.921379721625027903e+00
1.020000000000000107e+01,6.092241584099999727e+02,-9.274841683299999886e+02,-9.123644749439999941e+02,4.197020187586666395e-01,5.769349701062068561e+03,1.932470553609460184e+00
1.025000000000000000e+01,6.535040497999999616e+02,-9.287113305399999490e+02,-9.124927011190000030e+02,-1.329707061263333268e-01,5.777623007270043672e+03,1.929703339374853943e+00
1.030000000000000071e+01,6.006604093099999773e+02,-9.278964309799999910e+02,-9.129892722719999938e+02,-2.978560164033333679e-02,5.788253353562914526e+03,1.926159366178270105e+00
1.035000000000000142e+01,5.813642504499999859e+02,-9.282000751499999751e+02,-9.137718075059999592e+02,-2.210175398033333016e-01,5.805301521192855034e+03,1.920502900680877589e+00
1.040000000000000036e+01,5.772486540500000274e+02,-9.287179544499999793e+02,-9.143918274630000269e+02,3.153024032064666859e-01,5.810030236205707297e+03,1.918939826044521402e+00
1.045000000000000107e+01,5.711048029199999974e+02,-9.290707387500000323e+02,-9.148970895400000245e+02,-1.368466250800000061e-01,5.836119353669640986e+03,1.910361617907565313e+00
1.050000000000000000e+01,5.255250732499999913e+02,-9.282533418399999618e+02,-9.152108879829999069e+02,2.279474373206669124e-02,5.845360424061777849e+03,1.907341481439529751e+00
1.055000000000000071e+01,5.403326677400000335e+02,-9.283789318200000480e+02,-9.149689838560000226e+02,-1.563483754606666831e-01,5.842307609507663074e+03,1.908338135539825675e+00
1.060000000000000142e+01,6.041848019599999589e+02,-9.287413934800000561e+02,-9.137467665790001092e+02,-3.595532365566667110e-02,5.831938916963713382e+03,1.911730998818923277e+00
1.065000000000000036e+01,5.621937167199999976e+02,-9.266040068199999951e+02,-9.126515124820000437e+02,-3.966305805983332822e-01,5.813952719120896290e+03,1.917645180379760284e+00
1.070000000000000107e+01,6.266525405099999944e+02,-9.276070253899999898e+02,-9.120547953259999758e+02,5.468729092333333153e-01,5.755982210367745211e+03,1.936958455273905866e+00
1.075000000000000000e+01,5.696881862000000183e+02,-9.260438430200000539e+02,-9.119053513300000304e+02,1.951486890676666919e-01,5.751703037437526291e+03,1.938399520665289311e+00
1.080000000000000071e+01,6.015101810800000521e+02,-9.267771236099999896e+02,-9.118488753110000289e+02,1.427190117886666942e-01,5.776501129559967922e+03,1.930078114886006446e+00
1.085000000000000142e+01,6.026897373100000550e+02,-9.268697970199999645e+02,-9.119122745559999430e+02,-5.158972735899999273e-01,5.802946932183155695e+03,1.921282159060436534e+00
1.090000000000000036e+01,6.050728659400000424e+02,-9.270200267999999824e+02,-9.120033599739999772e+02,-9.493818251966666677e-02,5.782087313611371428e+03,1.928213429868546047e+00
1.095000000000000107e+01,5.605860473999999840e+02,-9.257447495500000514e+02,-9.118321542660000887e+02,-3.381885468600001610e-02,5.751512409772342835e+03,1.938463766823254497e+00
1.100000000000000000e+01,5.575030482900000379e+02,-9.250211012900000469e+02,-9.111850197170000456e+02,1.034837013196666655e-01,5.727950574028677693e+03,1.946437607427959904e+00
1.105000000000000071e+01,6.394068542300000217e+02,-9.258502977599999895e+02,-9.099815318029999389e+02,1.881903678229999988e-01,5.724331158444681932e+03,1.947668313062312917e+00
1.110000000000000142e+01,6.192457984100000203e+02,-9.247269733800000040e+02,-9.093585634549999668e+02,6.135617253499999618e-02,5.747637324352992437e+03,1.939770688651277331e+00
1.115000000000000036e+01,6.546258577900000546e+02,-9.252424597599999743e+02,-9.089959893669999929e+02,-2.845086058233333159e-01,5.779558164577838397e+03,1.929057220863242827e+00
1.120000000000000107e+01,6.345048934000000145e+02,-9.247976038499999731e+02,-9.090504945010000029e+02,4.028065918200000178e-02,5.788439471343416699e+03,1.926097433681972726e+00
1.125000000000000000e+01,6.656999563299999636e+02,-9.261965053100000205e+02,-9.096751985170000125e+02,-2.578819759673333656e-01,5.792420896895298938e+03,1.924773528932235633e+00
1.130000000000000071e+01,5.985411436099999491e+02,-9.258880874999999833e+02,-9.110335246180000013e+02,-9.859483684200000264e-02,5.774797583876307726e+03,1.930647481377902430e+00
1.135000000000000142e+01,5.817566553399999520e+02,-9.262379531000000270e+02,-9.117999467719999984e+02,9.799565403999999091e-02,5.742293770227288405e+03,1.941575763431673485e+00
1.140000000000000036e+01,6.175951839099999461e+02,-9.271963354600000002e+02,-9.118688904000000548e+02,1.152701122395000111e-01,5.709956800349531477e+03,1.952571411765410270e+00
1.145000000000000107e+01,5.872318943899999795e+02,-9.265017640999999458e+02,-9.119278735749999214e+02,1.639141649499999964e-01,5.700637050976229148e+03,1.955763594679074791e+00
1.150000000000000000e+01,5.920844083499999897e+02,-9.264423933599999827e+02,-9.117480733969999847e+02,-1.809845400033333329e-01,5.710857892438388262e+03,1.952263323788926197e+00
1.155000000000000071e+01,6.224586688699999968e+02,-9.269442061199999898e+02,-9.114960593429999562e+02,2.631430956766666607e-01,5.699466626700079360e+03,1.956165224048900031e+00
1.160000000000000142e+01,6.059929952600000433e+02,-9.267631055599999854e+02,-9.117236030120000123e+02,5.630183785833333537e-02,5.714966710255524049e+03,1.950859729553787281e+00
1.165000000000000036e+01,6.104290706399999635e+02,-9.276297670400000470e+02,-9.124801702050000358e+02,3.553954827800000910e-02,5.734758545374291316e+03,1.944126910063363356e+00
1.170000000000000107e+01,6.008480725599999914e+02,-9.286370607100000143e+02,-9.137252445850000413e+02,-2.015179487203333508e-01,5.752785821259048134e+03,1.938034676969411452e+00
1.175000000000000000e+01,5.557819841000000451e+02,-9.282497552600000290e+02,-9.144563869680000607e+02,3.472297411333327699e-03,5.750493696786700639e+03,1.938807170070972807e+00
1.180000000000000071e+01,5.395893382799999927e+02,-9.278773280699999759e+02,-9.144858280170000171e+02,6.660724116333336005e-03,5.737575343139419601e+03,1.943172462930579325e+00
1.185000000000000142e+01,5.795011526700000104e+02,-9.284912048099999993e+02,-9.141091754300000503e+02,-2.802166291733332870e-01,5.727202346637878691e+03,1.946691898763277306e+00
1.190000000000000036e+01,5.949802599700000201e+02,-9.284606904800000393e+02,-9.136945014220000303e+02,9.365858841900000231e-02,5.703626228014230946e+03,1.954738611029153805e+00
1.195000000000000107e+01,5.675567191000000093e+02,-9.275655462600000192e+02,-9.134799532089999730e+02,2.816663769466666856e-01,5.699932346623864760e+03,1.956005393183610108e+00
1.200000000000000000e+01,6.073589418100000330e+02,-9.282513509499999600e+02,-9.131779484119999779e+02,-3.091576619833333317e-01,5.733109156933136546e+03,1.944686226198085732e+00
1.205000000000000071e+01,5.587100590300000249e+02,-9.267520855799999708e+02,-9.128860484769999175e+02,-5.201743626303333840e-02,5.731450633329072843e+03,1.945248964711419726e+00
1.210000000000000142e+01,6.039591646899999660e+02,-9.272397817300000042e+02,-9.122507546829999683e+02,-1.660498765679999933e-01,5.709369714655153075e+03,1.952772191676397151e+00
1.215000000000000036e+01,5.940465176999999812e+02,-9.262900650499999529e+02,-9.115470495589999018e+02,2.216927254656666513e-01,5.681108183646595535e+03,1.962486551984932381e+00
1.220000000000000107e+01,5.971321661800000129e+02,-9.259295675500000016e+02,-9.111099725960000342e+02,1.355405996466666763e-01,5.671563721127956342e+03,1.965789147223169220e+00
1.225000000000000000e+01,6.136140579100000423e+02,-9.262160343799999964e+02,-9.109873926970000184e+02,-4.964855809799999936e-02,5.680939150635774240e+03,1.962544944620689069e+00
1.230000000000000071e+01,6.551081243099999938e+02,-9.274732395300000007e+02,-9.112148002710000583e+02,-1.824178565846666933e-01,5.689100005107647121e+03,1.959729728914658242e+00
1.235000000000000142e+01,6.041198884699999780e+02,-9.273433485900000051e+02,-9.123503327089999857e+02,3.845644130766665697e-02,5.671948159102956197e+03,1.965655908346889635e+00
1.240000000000000036e+01,5.769316907099999980e+02,-9.280234056100000544e+02,-9.137051450030000979e+02,-5.163990816833333164e-02,5.638434054588082290e+03,1.977339506472686859e+00
1.245000000000000107e+01,5.560856489799999736e+02,-9.280945822600000383e+02,-9.142936776290000580e+02,-3.364215711833334205e-02,5.605231561358085855e+03,1.989052243200579939e+00
1.250000000000000000e+01,5.498330564999999979e+02,-9.280532509299999901e+02,-9.144075228130000141e+02,-1.488070466633333311e-01,5.570252819719900799e+03,2.001542617833748317e+00
1.255000000000000071e+01,6.150476328400000057e+02,-9.292206839699999819e+02,-9.139564638990000276e+02,4.171378431333332970e-01,5.533128690097516483e+03,2.014971824300999081e+00
1.260000000000000142e+01,5.543119439099999681e+02,-9.270668048500000396e+02,-9.133099199389999967e+02,7.200428003666668568e-03,5.533732856278801592e+03,2.014751832143064636e+00
1.265000000000000036e+01,6.508268266500000436e+02,-9.284760016000000178e+02,-9.123238153629999942e+02,3.175571385400000057e-01,5.538577498897339865e+03,2.012989510934465098e+00
1.270000000000000107e+01,6.158217858199999455e+02,-9.271392250400000421e+02,-9.118557920810000041e+02,-5.661162028666666401e-02,5.581110336729278060e+03,1.997648807873549925e+00
1.275000000000000000e+01,6.183328987999999526e+02,-9.268499421499999471e+02,-9.115041885199999570e+02,-2.567466343833333386e-01,5.636408587412048291e+03,1.978050071756257688e+00
1.280000000000000071e+01,5.937638502500000186e+02,-9.259794206300000496e+02,-9.112434203650000200e+02,2.939515507836666375e-01,5.673020254296612620e+03,1.965284435981684341e+00
1.285000000000000142e+01,6.463949847500000487e+02,-9.270577766999999767e+02,-9.110155796849999206e+02,-2.092262606370000055e-01,5.712228643040437419e+03,1.951794843569790938e+00
1.290000000000000036e+01,5.915072286700000177e+02,-9.257135324500000024e+02,-9.110335369020000371e+02,-2.007141914399999949e-01,5.721906531468567664e+03,1.948493626986335103e+00
1.295000000000000107e+01,6.019716152900000452e+02,-9.260299068399999669e+02,-9.110902066899999454e+02,7.747709080999999609e-02,5.703737191716455527e+03,1.954700582447914892e+00
1.300000000000000000e+01,6.055241879999999810e+02,-9.263066709700000274e+02,-9.112788032560000602e+02,1.675413327180000009e-02,5.679414869220765468e+03,1.963071666273198845e+00
1.305000000000000071e+01,6.107130217599999469e+02,-9.267915822700000490e+02,-9.116349383510000735e+02,-3.676826667549999983e-01,5.642802652826997473e+03,1.975808671102893044e+00
1.310000000000000142e+01,6.350143257299999959e+02,-9.278093958599999951e+02,-9.120496434460000046e+02,3.864598391133333699e-01,5.577123596214450117e+03,1.999076803380436917e+00
1.315000000000000036e+01,5.570691536900000074e+02,-9.267316364099999646e+02,-9.129063232099999823e+02,-1.417365699733331985e-02,5.540609584552066735e+03,2.012251222656638916e+00
1.320000000000000107e+01,5.884156854799999792e+02,-9.281364397199999985e+02,-9.135331699289999960e+02,1.222147577200000113e-01,5.505433412219800630e+03,2.025108211468250818e+00
1.325000000000000000e+01,5.862009325699999636e+02,-9.285081959300000563e+02,-9.139598917620000975e+02,-1.760221227516666487e-01,5.474549757696579945e+03,2.036532482895721863e+00
1.330000000000000071e+01,5.590576872399999502e+02,-9.280574812300000076e+02,-9.141828167090000079e+02,4.851386250566666614e-01,5.439971338324341559e+03,2.049477417690258374e+00
1.335000000000000142e+01,5.626873161800000389e+02,-9.279456338100000039e+02,-9.139808893470000157e+02,5.407779984633333953e-02,5.453147933518805075e+03,2.044525207586602722e+00
1.340000000000000036e+01,5.987946991200000184e+02,-9.277559412900000098e+02,-9.128950856799999656e+02,3.695766916493333221e-01,5.483099488486924201e+03,2.033356942398762079e+00
1.345000000000000107e+01,5.855291885300000558e+02,-9.261718689699999914e+02,-9.116402361100000462e+02,9.705826881333333433e-02,5.548936621881021892e+03,2.009231528580440074e+00
1.350000000000000000e+01,6.247778156599999875e+02,-9.264130354699999543e+02,-9.109073322289999624e+02,-3.517119990333334584e-02,5.627961863456725041e+03,1.981018827290018658e+00
1.355000000000000071e+01,6.639068290799999659e+02,-9.270677939099999776e+02,-9.105909888549999778e+02,-4.511228044666666381e-01,5.707088232084813171e+03,1.953552837697271283e+00
1.360000000000000142e+01,5.935014193099999602e+02,-9.255402806499999997e+02,-9.108107933830000320e+02,-7.440898964666664561e-02,5.756176730028440033e+03,1.936892999239602009e+00
1.365000000000000036e+01,6.480494091599999820e+02,-9.271788777799999934e+02,-9.110956213460000299e+02,-2.831997657833333348e-01,5.787630887368356525e+03,1.926366526778887200e+00
1.370000000000000107e+01,5.985511481600000252e+02,-9.266974364500000547e+02,-9.118426252750000458e+02,1.131476569000006149e-03,5.790065161708545020e+03,1.925556638724958525e+00
1.375000000000000000e+01,5.436750236999999970e+02,-9.259992508200000429e+02,-9.125063524400000006e+02,-9.386695537333333839e-02,5.778938162629962790e+03,1.929264182626950985e+00
1.380000000000000071e+01,5.384299460199999885e+02,-9.260388768699999673e+02,-9.126761505539999462e+02,-2.166614722666666479e-02,5.748941838841251410e+03,1.939330527828958983e+00
1.385000000000000142e+01,5.689154330999999729e+02,-9.265405690999999706e+02,-9.124212555560000055e+02,4.136854694633333440e-01,5.710836643434411599e+03,1.952270587812346969e+00
1.390000000000000036e+01,5.750145164799999975e+02,-9.258008130599999959e+02,-9.115301327829999991e+02,-5.742645236999999181e-02,5.710543921049163146e+03,1.952370661169809285e+00
1.395000000000000107e+01,6.320538073100000247e+02,-9.260022598900000048e+02,-9.103159814680000181e+02,-1.926362590773333106e-01,5.709671082020240647e+03,1.952669120623517163e+00
1.400000000000000000e+01,6.850960830300000453e+02,-9.267412657600000330e+02,-9.097385869060000232e+02,3.558498937466667011e-01,5.693478169703183994e+03,1.958222738098110760e+00
1.405000000000000071e+01,6.323656757400000288e+02,-9.257383016999999654e+02,-9.100442833439999504e+02,2.295302992700000433e-01,5.713038509437952598e+03,1.951518161895750225e+00
1.410000000000000142e+01,5.573788569199999756e+02,-9.244056847599999855e+02,-9.105726853620000156e+02,8.247946400333332206e-02,5.761986657778340486e+03,1.934939990832392320e+00
1.415000000000000036e+01,5.885638870300000463e+02,-9.251343486700000085e+02,-9.105274008210000147e+02,-1.211169634886666707e-01,5.812237809883951741e+03,1.918210984385133822e+00
1.420000000000000107e+01,5.914809451300000092e+02,-9.250603926799999499e+02,-9.103810494349999090e+02,-2.149850221529999994e-01,5.836500984353533568e+03,1.910236705290797365e+00
1.425000000000000000e+01,6.080185929199999464e+02,-9.253650058099999569e+02,-9.102752320849999705e+02,-1.127310457190000004e-01,5.834998114024472670e+03,1.910728708545942345e+00
1.430000000000000071e+01,5.959111717499999941e+02,-9.250091807600000493e+02,-9.102198883820000219e+02,-2.173499944470000111e-01,5.809858286006108756e+03,1.918996619527230107e+00
1.435000000000000142e+01,6.376805399500000249e+02,-9.258655138200000465e+02,-9.100395914410000842e+02,3.761569850833333395e-01,5.768028834140053732e+03,1.932913085452734325e+00
1.440000000000000036e+01,6.698412223799999765e+02,-9.269904868900000565e+02,-9.103664023720000387e+02,-1.877362033373333183e-01,5.755587809616517006e+03,1.937091185048018804e+00
1.445000000000000107e+01,5.808476424299999508e+02,-9.258925533499999574e+02,-9.114771068569999670e+02,1.944059801413333399e-01,5.731395599113520802e+03,1.945267643451872086e+00
1.450000000000000000e+01,5.735003207900000461e+02,-9.264203450799999473e+02,-9.121872440319999669e+02,2.653686597500000133e-01,5.720215688850204060e+03,1.949069583601492184e+00
1.455000000000000071e+01,6.160028974199999539e+02,-9.276295256500000050e+02,-9.123415978729999551e+02,-1.478757687920000119e-01,5.734173449296752551e+03,1.944325282337828753e+00
1.460000000000000142e+01,5.685955579899999748e+02,-9.264542062799999940e+02,-9.123428313800000069e+02,-1.225936403339999980e-01,5.742016769535363892e+03,1.941669427008684945e+00
1.465000000000000036e+01,6.102912138499999628e+02,-9.271137995899999851e+02,-9.119676240769999822e+02,-1.698876174133333306e-01,5.744398870847986473e+03,1.940864250802305957e+00
1.470000000000000107e+01,6.475244500200000175e+02,-9.273214895200000001e+02,-9.112512614940000049e+02,-9.512832174500000793e-02,5.740252445454135341e+03,1.942266218554075774e+00
1.475000000000000000e+01,5.569147552199999609e+02,-9.239893028499999446e+02,-9.101678215039999031e+02,8.868756007333333802e-02,5.724408975662528064e+03,1.947641836594601772e+00
1.480000000000000071e+01,6.372143687400000545e+02,-9.244848298399999749e+02,-9.086704768739999736e+02,4.081640611166666432e-01,5.717841265367763299e+03,1.949878965389728380e+00
1.485000000000000142e+01,6.454716428200000564e+02,-9.243978550199999518e+02,-9.083785734559999128e+02,-7.989360562533333321e-02,5.760911448820785154e+03,1.935301125494669039e+00
1.490000000000000036e+01,6.561000782900000559e+02,-9.248800755900000468e+02,-9.085970180690000007e+02,2.917280838566666534e-01,5.824937001350109313e+03,1.914029011505848255e+00
1.495000000000000107e+01,6.031494562000000315e+02,-9.241257358899999872e+02,-9.091568041460000131e+02,-8.045648238333331925e-02,5.921047236399234862e+03,1.882960558436295839e+00
1.500000000000000000e+01,6.001406785699999773e+02,-9.246945554500000526e+02,-9.098002953930000558e+02,-6.837472472133332424e-02,6.009960034649620866e+03,1.855103585797468480e+00
1.505000000000000071e+01,5.663724920299999894e+02,-9.243731855199999927e+02,-9.103169825549999814e+02,-4.880126207500000146e-01,6.073624499629584534e+03,1.835658166134232605e+00
1.510000000000000142e+01,5.986342633399999613e+02,-9.254145447500000046e+02,-9.105576708270000381e+02,-9.684835975400001018e-02,6.079681973912950525e+03,1.833829213208385323e+00
1.515000000000000036e+01,5.472545507400000133e+02,-9.243498523800000157e+02,-9.107681174839999585e+02,-5.789985021666665954e-02,6.062880707171506401e+03,1.838911063777030508e+00
1.520000000000000107e+01,5.673965097999999898e+02,-9.246503273299999819e+02,-9.105687103449999995e+02,-3.058730218766666509e-01,6.023941703057234918e+03,1.850797859667145495e+00
1.525000000000000000e+01,6.424806513900000482e+02,-9.252079647199999499e+02,-9.092629134259999546e+02,2.885018107630000217e-01,5.967856766309729210e+03,1.868191353672873367e+00
1.530000000000000071e+01,6.079824145300000282e+02,-9.231679546999999957e+02,-9.080790788479999947e+02,-1.673608628506666474e-01,5.945533139840510557e+03,1.875205830755333203e+00
1.535000000000000142e+01,6.892640921900000421e+02,-9.247071650100000397e+02,-9.076010447220000970e+02,3.047855978533333676e-01,5.924295005602598394e+03,1.881928296993026439e+00
1.540000000000000036e+01,6.676827914499999679e+02,-9.247685384200000271e+02,-9.081980217280000716e+02,-1.074539135515700100e-01,5.931350173222811463e+03,1.879689798304405857e+00
1.545000000000000107e+01,5.981159910200000240e+02,-9.241324448000000302e+02,-9.092884333320000678e+02,6.591030661666666401e-02,5.933653482097003689e+03,1.878960145619727573e+00
1.550000000000000000e+01,5.854660617299999785e+02,-9.243564113300000145e+02,-9.098263451479999731e+02,-9.796192612533333177e-02,5.949641924029318943e+03,1.873910825750569664e+00
1.555000000000000071e+01,5.953691049100000328e+02,-9.248062106300000096e+02,-9.100303712390000328e+02,-1.000390480600000104e-01,5.956851821764768829e+03,1.871642730820014311e+00
1.560000000000000142e+01,5.930008244399999739e+02,-9.251175359400000389e+02,-9.104004724100000203e+02,-2.467879795866667267e-02,5.948758762785835643e+03,1.874189029234866188e+00
1.565000000000000036e+01,5.756757555799999864e+02,-9.250707209600000169e+02,-9.107836300850000271e+02,2.321882959083333420e-01,5.939978534769966245e+03,1.876959377128414763e+00
1.570000000000000107e+01,6.152395266099999844e+02,-9.262689816099999689e+02,-9.109999991290000025e+02,-3.177964307799999721e-01,5.959518976083147209e+03,1.870805086034923237e+00
1.575000000000000000e+01,5.534832594900000231e+02,-9.250230952299999672e+02,-9.112867765659999577e+02,2.444755176733333091e-01,5.962359248351936913e+03,1.869913895889404154e+00
1.580000000000000071e+01,6.066255571499999633e+02,-9.263912707599999976e+02,-9.113360693240000501e+02,-8.715910711666667587e-02,5.987647834549162326e+03,1.862016390885062211e+00
1.585000000000000142e+01,6.092258864899999935e+02,-9.264498168600000554e+02,-9.113300805860000082e+02,2.743944568133334025e-02,6.003725344853461138e+03,1.857030055569625082e+00
1.590000000000000036e+01,5.789071044400000119e+02,-9.258762269300000298e+02,-9.115089406079999890e+02,-2.949101984500000495e-01,6.019106629427218650e+03,1.852284582610715935e+00
1.595000000000000107e+01,6.215696436099999573e+02,-9.269759054999999535e+02,-9.115498225059999413e+02,-7.351409509666666231e-02,6.010191307219759437e+03,1.855032201285357285e+00
1.600000000000000000e+01,5.835478315599999632e+02,-9.261397380700000213e+02,-9.116572784239999692e+02,1.495756250003333621e-01,5.986451150445795065e+03,1.862388605634532901e+00
1.605000000000000071e+01,5.513385136000000557e+02,-9.251963782799999763e+02,-9.115132878069999833e+02,-2.912415970833333589e-01,5.976280654566779049e+03,1.865558037716719131e+00
1.610000000000000142e+01,6.629384450500000412e+02,-9.271884248400000388e+02,-9.107356530900000280e+02,3.156529647766666974e-02,5.924603349922411326e+03,1.881830352562589459e+00
1.615000000000000213e+01,6.398536781400000564e+02,-9.257304285899999741e+02,-9.098505733810000038e+02,-1.122226198766666655e-01,5.876064454996212589e+03,1.897375104743498797e+00
1.619999999999999929e+01,6.613406543199999987e+02,-9.257816896399999678e+02,-9.093685717769999428e+02,3.597731644433333625e-02,5.838215244862964028e+03,1.909675807274845427e+00
1.625000000000000000e+01,6.884959612100000186e+02,-9.263245459900000469e+02,-9.092374891370000114e+02,1.714285859403333612e-01,5.824995342242587867e+03,1.914009841334165740e+00
1.630000000000000071e+01,6.181712459100000387e+02,-9.253496223900000359e+02,-9.100078806530000293e+02,2.367751243233333705e-02,5.837632185503260189e+03,1.909866544600879124e+00
1.635000000000000142e+01,5.454410651099999541e+02,-9.251097160799999983e+02,-9.115729881759999671e+02,-5.089526108433334306e-02,5.843757135488217500e+03,1.907864778135845096e+00
1.640000000000000213e+01,5.966951446499999747e+02,-9.271045281399999567e+02,-9.122957791640000096e+02,-5.568840349933334294e-02,5.845719990837792466e+03,1.907224161994138134e+00
1.644999999999999929e+01,5.430663996099999622e+02,-9.260094463299999461e+02,-9.125316527509999105e+02,-1.584406292459999976e-01,5.840204582155217395e+03,1.909025318195895382e+00
1.650000000000000000e+01,5.562564731400000255e+02,-9.261316008899999588e+02,-9.123264567539999916e+02,2.279996192176666492e-01,5.821051471480619512e+03,1.915306618641210656e+00
1.655000000000000071e+01,6.033855391600000075e+02,-9.267637764700000389e+02,-9.117889856320000490e+02,7.571693354999999015e-02,5.809975671757257260e+03,1.918957847788351767e+00
1.660000000000000142e+01,5.959846488599999930e+02,-9.259554147500000454e+02,-9.111642988210001022e+02,1.033191957686666745e-01,5.797213570195875946e+03,1.923182279862303723e+00
1.665000000000000213e+01,6.155378359799999544e+02,-9.256738412600000174e+02,-9.103974553530000549e+02,-4.212667071333334873e-02,5.801340380698000445e+03,1.921814215189449504e+00
1.669999999999999929e+01,5.995391379100000222e+02,-9.245911748700000317e+02,-9.097118438170000445e+02,4.182424844499999655e-02,5.796886905033082257e+03,1.923290654695696933e+00
1.675000000000000000e+01,5.917405302700000220e+02,-9.238207109100000025e+02,-9.091349252950000164e+02,6.160275605766666468e-02,5.797264682831177197e+03,1.923165323777000335e+00
1.680000000000000071e+01,6.055557407100000091e+02,-9.240138947899999948e+02,-9.089852440030000480e+02,3.599831342666668516e-02,5.803059345055567974e+03,1.921244941304530052e+00
1.685000000000000142e+01,6.164306507799999508e+02,-9.243844112100000530e+02,-9.090858674720000181e+02,8.437484894466666663e-02,5.795478030050016059e+03,1.923758204753607037e+00
1.690000000000000213e+01,6.389703346100000090e+02,-9.252864738399999851e+02,-9.094285414039999296e+02,-1.551810230323333317e-01,5.784364950935784691e+03,1.927454181288182244e+00
1.694999999999999929e+01,6.319842693299999610e+02,-9.257248409300000276e+02,-9.100402882980000641e+02,1.011846540313333237e-01,5.750899324365457687e+03,1.938670420388233451e+00
1.700000000000000000e+01,6.332276529399999845e+02,-9.262997522099999514e+02,-9.105843413489999421e+02,1.927888744439999746e-01,5.723954482478822683e+03,1.947796483166607473e+00
1.705000000000000071e+01,5.979335356399999455e+02,-9.259936254100000497e+02,-9.111541421110000556e+02,-2.253132287600000117e-01,5.724646468956661920e+03,1.947561036517588606e+00
1.710000000000000142e+01,5.420879539699999441e+02,-9.250632823299999927e+02,-9.116097717640000155e+02,1.403687106003333185e-01,5.701160409372065260e+03,1.955584058369964184e+00
1.715000000000000213e+01,6.331993950700000369e+02,-9.274511836100000437e+02,-9.117364740510000729e+02,-8.649231183866668005e-02,5.664615011403171593e+03,1.968200555260023910e+00
1.719999999999999929e+01,5.830637510699999666e+02,-9.265580661799999689e+02,-9.120876204190000180e+02,9.668230462133331482e-02,5.623863664154574508e+03,1.982462427359361179e+00
1.725000000000000000e+01,5.743229027899999437e+02,-9.264053775200000018e+02,-9.121518616749999637e+02,1.554395641956666518e-01,5.597228961265386715e+03,1.991896077136260379e+00
1.730000000000000071e+01,6.085685873400000219e+02,-9.269255125299999918e+02,-9.118220890720000398e+02,3.253322948366666467e-01,5.598477918160468107e+03,1.991451707724396725e+00
1.735000000000000142e+01,6.245429151499999989e+02,-9.265188461899999766e+02,-9.110189726979999705e+02,5.746494385766667823e-02,5.641556158949801102e+03,1.976245223242347304e+00
1.740000000000000213e+01,6.292915224600000101e+02,-9.255297944200000302e+02,-9.099120702390000588e+02,7.715889674799999987e-02,5.693548103046495271e+03,1.958198685422952057e+00
1.744999999999999929e+01,6.378307971000000407e+02,-9.251327841199999966e+02,-9.093031326669999999e+02,3.651727062699999804e-02,5.763806603080133755e+03,1.934329025685906478e+00
1.750000000000000000e+01,5.987224785199999815e+02,-9.241532017299999779e+02,-9.092941384879999305e+02,3.952679675470000542e-01,5.862126912292555971e+03,1.901886222797214865e+00
1.755000000000000071e+01,5.972798649999999725e+02,-9.244501336499999979e+02,-9.096268731139999772e+02,2.360188980433332653e-02,6.016551400670554358e+03,1.853071247681089329e+00
1.760000000000000142e+01,6.153782436699999607e+02,-9.248822274000000334e+02,-9.096098022470000615e+02,-4.130162948366666864e-01,6.182460102719925089e+03,1.803343365834747747e+00
1.765000000000000213e+01,5.926496375100000478e+02,-9.245794652700000142e+02,-9.098711174789999632e+02,-2.585807728566666408e-01,6.292705066763711329e+03,1.771749715343306830e+00
1.769999999999999929e+01,5.785497695799999747e+02,-9.249757389699999521e+02,-9.106173209659999657e+02,-5.551386318666666764e-01,6.340788078437788499e+03,1.758314309335007541e+00
1.775000000000000000e+01,5.833739799999999605e+02,-9.260418581599999470e+02,-9.115637131529999806e+02,-9.719653916666666504e-02,6.303270069299585884e+03,1.768780059905773250e+00
1.780000000000000071e+01,5.757807146500000499e+02,-9.264852206000000479e+02,-9.121955248570000094e+02,-2.929248641639999873e-01,6.233680207296237313e+03,1.788525885195149989e+00
1.785000000000000142e+01,5.450321084500000097e+02,-9.259843755000000556e+02,-9.124577970610000648e+02,9.331989221999999196e-02,6.126671478257644594e+03,1.819764361504277339e+00
1.790000000000000213e+01,5.735881824499999766e+02,-9.261109381600000461e+02,-9.118756565660000888e+02,3.119610313195633200e-01,6.033722934363092463e+03,1.847797542588830444e+00
1.794999999999999929e+01,6.678256154199999628e+02,-9.275941764599999715e+02,-9.110201151699999400e+02,-2.466621947300000339e-02,5.972155408184656153e+03,1.866846665694347429e+00
1.800000000000000000e+01,6.076328490099999726e+02,-9.253321002100000214e+02,-9.102518998570000122e+02,4.647040879466666219e-01,5.923816436320320463e+03,1.882080332945536449e+00
1.805000000000000071e+01,5.975414921200000435e+02,-9.244602545799999689e+02,-9.096305009960000234e+02,-2.397647782533333105e-01,5.933284789519318110e+03,1.879076903652424857e+00
1.810000000000000142e+01,6.169658156199999439e+02,-9.237983340299999782e+02,-9.084865085989999898e+02,-7.406115201166667272e-02,5.936027590903321652e+03,1.878208657227848688e+00
1.815000000000000213e+01,6.614421935399999484e+02,-9.234984811199999513e+02,-9.070828432619999830e+02,2.964612382253333234e-01,5.939267414382727111e+03,1.877184109235250586e+00
1.819999999999999929e+01,5.629753482700000404e+02,-9.205854405000000042e+02,-9.066135476719999815e+02,-1.417404700130000250e-01,5.975632904002165560e+03,1.865760261697285260e+00
1.825000000000000000e+01,6.338315043200000218e+02,-9.221416474300000345e+02,-9.064112502159999849e+02,-1.102286247999999663e-01,6.004370609812754992e+03,1.856830488204270324e+00
1.830000000000000071e+01,6.843870591999999533e+02,-9.236199923399999534e+02,-9.066349100019999696e+02,-9.773683409666666932e-02,6.012579535067344295e+03,1.854295372851664681e+00
1.835000000000000142e+01,6.205746698499999638e+02,-9.229626204800000551e+02,-9.075612306930000841e+02,5.238030769633333222e-02,6.014943703385428307e+03,1.853566543690653878e+00
1.840000000000000213e+01,5.850821994499999619e+02,-9.228344227500000443e+02,-9.083138832420000881e+02,-1.004505750666666829e-02,6.014622827318435156e+03,1.853665430214302079e+00
1.844999999999999929e+01,6.488710103900000377e+02,-9.248738272800000004e+02,-9.087701803889999610e+02,-1.696700990536666731e-01,6.008380665144195518e+03,1.855591220352617476e+00
1.850000000000000000e+01,6.452968095500000345e+02,-9.253790015600000061e+02,-9.093640589990000080e+02,-1.818323389173333304e-01,5.985417469394979889e+03,1.862710239976789195e+00
1.855000000000000071e+01,5.936889332800000147e+02,-9.247134040900000400e+02,-9.099792631110000229e+02,2.522815477153333430e-01,5.942332979473734667e+03,1.876215696644683240e+00
1.860000000000000142e+01,5.856348596799999768e+02,-9.250263034600000083e+02,-9.104920480590000125e+02,-4.809616666666664646e-03,5.930426458844523950e+03,1.879982575983290216e+00
1.865000000000000213e+01,6.168261196800000334e+02,-9.264379819099999622e+02,-9.111296234449999929e+02,1.044818927683333482e-01,5.928932740361206925e+03,1.880456213456514147e+00
1.869999999999999929e+01,5.641422795800000358e+02,-9.259718120200000158e+02,-9.119709583510000357e+02,-3.193318786500000117e-01,5.937035947472273619e+03,1.877889658984595034e+00
1.875000000000000000e+01,5.587599330299999565e+02,-9.262242270299999518e+02,-9.123569521569999097e+02,2.296319231546666562e-01,5.924909694076175583e+03,1.881733053572959280e+00
1.880000000000000071e+01,5.502268265400000473e+02,-9.258589136099999450e+02,-9.122034129289999100e+02,-2.467835202783333626e-01,5.931056256772477354e+03,1.879782947269670990e+00
1.885000000000000142e+01,5.766145034300000134e+02,-9.260895477899999833e+02,-9.117791591200000312e+02,3.369318610409999804e-01,5.920058787622228920e+03,1.883274948905699242e+00
1.890000000000000213e+01,6.184682377499999575e+02,-9.268278842500000110e+02,-9.114787717850000490e+02,2.725485013733333281e-02,5.929804279882266201e+03,1.880179831331524110e+00
1.894999999999999929e+01,6.085182899899999711e+02,-9.265173847400000113e+02,-9.114152095590000044e+02,1.955677029529999944e-01,5.951001410843208760e+03,1.873482736949688032e+00
1.900000000000000000e+01,5.658652613499999688e+02,-9.255029256799999757e+02,-9.114593111389999649e+02,1.154217292110000098e-01,6.010628062739901907e+03,1.854897407459238590e+00
1.905000000000000071e+01,5.575610437000000275e+02,-9.249076435599999968e+02,-9.110701226600000382e+02,-4.366316205333333617e-02,6.085206989991796945e+03,1.832164202321245661e+00
1.910000000000000142e+01,6.268510701599999493e+02,-9.262611170200000288e+02,-9.107039598569999725e+02,-5.730034013333347616e-03,6.139756691905816297e+03,1.815886031033787429e+00
1.915000000000000213e+01,5.577444809999999507e+02,-9.245113298300000224e+02,-9.106692563920000794e+02,-1.051298920073333171e-01,6.173892282157693444e+03,1.805845956042745781e+00
1.920000000000000284e+01,5.697002876899999819e+02,-9.244470553899999459e+02,-9.103082633659998919e+02,-1.059644168703333250e-01,6.191756661250698016e+03,1.800635751813595586e+00
1.925000000000000000e+01,6.678901364900000317e+02,-9.253872577600000113e+02,-9.088115951900000482e+02,-1.276492793333333375e-01,6.203691666441482084e+03,1.797171589150441617e+00
1.930000000000000071e+01,6.451730508699999973e+02,-9.238044317600000568e+02,-9.077925606360000756e+02,8.931567366333333091e-02,6.197470368379157662e+03,1.798975670406286254e+00
1.935000000000000142e+01,6.823295280800000455e+02,-9.246147279799999978e+02,-9.076807093420000001e+02,1.888522543333326364e-03,6.200790302782193066e+03,1.798012489758857191e+00
1.940000000000000213e+01,6.746757862800000112e+02,-9.252561159699999962e+02,-9.085120474970000259e+02,-1.236029056286666594e-01,6.210626250869408068e+03,1.795164925472251483e+00
1.945000000000000284e+01,6.655058615299999474e+02,-9.261363792700000204e+02,-9.096198895109999967e+02,-1.078063985389999951e-01,6.209355246762606839e+03,1.795532381013444700e+00
1.950000000000000000e+01,6.481418045799999845e+02,-9.264470932799999900e+02,-9.103615437810000230e+02,-1.649079701133333298e-01,6.198585859149334283e+03,1.798651928701047398e+00
1.955000000000000071e+01,5.794020287099999678e+02,-9.252760660100000223e+02,-9.108964966830000094e+02,-2.059096457999999921e-02,6.160947956319289915e+03,1.809640089451226341e+00
1.960000000000000142e+01,5.675080331599999681e+02,-9.252542549099999860e+02,-9.111698701440000150e+02,1.402358926323333255e-01,6.105927648016467174e+03,1.825946695323161117e+00
1.965000000000000213e+01,6.030870458599999893e+02,-9.264632936000000427e+02,-9.114959107530000892e+02,-7.194648199399999999e-02,6.066121840952825551e+03,1.837928532115794766e+00
1.970000000000000284e+01,5.917091005700000323e+02,-9.267779059700000062e+02,-9.120929003759999887e+02,-1.156491003193333283e-01,6.011642610752305700e+03,1.854584367812705858e+00
1.975000000000000000e+01,5.903928542999999536e+02,-9.271077881700000489e+02,-9.124554491070000495e+02,1.384382017674000154e-01,5.951106212976940697e+03,1.873449743925985178e+00
1.980000000000000071e+01,6.063121301800000538e+02,-9.277775007100000266e+02,-9.127300778879999825e+02,-2.539172740233333059e-01,5.917996539748139185e+03,1.883931214879094540e+00
1.985000000000000142e+01,5.935031962699999895e+02,-9.276734632200000306e+02,-9.129439318519999915e+02,-1.255839842333331992e-02,5.863575959940348184e+03,1.901416215454197367e+00
1.990000000000000213e+01,5.445743122400000402e+02,-9.266322273099999620e+02,-9.131170104340000080e+02,1.455110108766666799e-01,5.807952984404832932e+03,1.919626147235502733e+00
1.995000000000000284e+01,5.818651373400000466e+02,-9.275095589799999516e+02,-9.130688603520000015e+02,-2.185784501286666404e-01,5.759526840400171750e+03,1.935766377990062459e+00
2.000000000000000000e+01,6.032744933300000412e+02,-9.275742557600000282e+02,-9.126022208510000837e+02,3.152985978133333173e-02,5.692411222507250386e+03,1.958589774170832687e+00
2.005000000000000071e+01,5.956685055499999635e+02,-9.264899911400000292e+02,-9.117067212389999895e+02,3.137930235830000414e-01,5.631367839036764963e+03,1.979820663372794831e+00
2.010000000000000142e+01,6.377030759399999624e+02,-9.266869689500000504e+02,-9.108604872740000928e+02,2.548617543566666366e-01,5.613382338369291574e+03,1.986164087660710509e+00
2.015000000000000213e+01,6.583813361400000304e+02,-9.270419081899999583e+02,-9.107022345309999309e+02,-1.095944073748333358e-01,5.622656270572539142e+03,1.982888135831698095e+00
2.020000000000000284e+01,6.408569236600000067e+02,-9.271474421000000348e+02,-9.112426883960000623e+02,8.830383107000000509e-02,5.626944368793675494e+03,1.981377045881150822e+00
2.025000000000000000e+01,5.859930956800000104e+02,-9.265910250700000006e+02,-9.120478789869999900e+02,3.058950781666671444e-03,5.646159576826994453e+03,1.974633954119219936e+00
2.030000000000000071e+01,5.976461524000000054e+02,-9.272004817800000183e+02,-9.123681307430000516e+02,8.883051373999999167e-02,5.662781862371009993e+03,1.968837698810784742e+00
2.035000000000000142e+01,5.953614098399999648e+02,-9.271519172099999651e+02,-9.123762687949999872e+02,2.530626685686667154e-01,5.679386135080388158e+03,1.963081598187579768e+00
2.040000000000000213e+01,6.125556025500000032e+02,-9.274694440700000087e+02,-9.122670710769999687e+02,-3.653438182733333428e-01,5.718624725496571955e+03,1.949611829059104240e+00
2.045000000000000284e+01,6.432453618800000186e+02,-9.281687415100000180e+02,-9.122047116700000515e+02,2.454669221866666584e-01,5.748336438722039020e+03,1.939534773169372617e+00
2.050000000000000000e+01,6.010052845999999818e+02,-9.273487532300000566e+02,-9.124330354250000710e+02,-5.382418097100000187e-01,5.800328359573544731e+03,1.922149526651574014e+00
2.055000000000000071e+01,5.357800089099999923e+02,-9.263431824299999562e+02,-9.130462221149999777e+02,2.006293488763333244e-01,5.798522055645343244e+03,1.922748297546512886e+00
2.060000000000000142e+01,5.757010177500000054e+02,-9.280013087099999893e+02,-9.137135908799999697e+02,-1.631520206456666677e-01,5.802678886048387540e+03,1.921370909836870755e+00
2.065000000000000213e+01,5.560146220699999731e+02,-9.280845070499999565e+02,-9.142853651609999588e+02,-1.022179186733333384e-01,5.797160655614740790e+03,1.923199834039396761e+00
2.070000000000000284e+01,5.563700262800000473e+02,-9.283063305099999525e+02,-9.144983682179999960e+02,1.263848226133333363e-01,5.772065516128284798e+03,1.931561306715112503e+00
2.075000000000000000e+01,5.306143519099999821e+02,-9.274980050100000426e+02,-9.143292457009999907e+02,2.793226359500000089e-01,5.749212286134896203e+03,1.939239300254357312e+00
2.080000000000000071e+01,5.529259282799999937e+02,-9.271636533199999803e+02,-9.134411664719999635e+02,-2.488456126333332685e-02,5.740344554526276625e+03,1.942235053118352761e+00
2.085000000000000142e+01,5.796901408100000026e+02,-9.266116998400000284e+02,-9.122249801620000653e+02,4.057943073066667128e-01,5.735907941439731076e+03,1.943737334107131787e+00
2.090000000000000213e+01,6.125428648500000008e+02,-9.265984724600000391e+02,-9.113964155900000605e+02,-1.015584646466666657e-01,5.764914801986982638e+03,1.933957186485262492e+00
2.095000000000000284e+01,6.175294703600000048e+02,-9.262538325199999463e+02,-9.109280183349999334e+02,-3.102325769309999814e-01,5.777346036121630277e+03,1.929795851082939606e+00
2.100000000000000000e+01,6.095805686999999580e+02,-9.257970091400000001e+02,-9.106684703820000095e+02,-2.698300988086666519e-01,5.751444077161909263e+03,1.938486797611286283e+00
2.105000000000000071e+01,6.314811842999999953e+02,-9.262493140699999685e+02,-9.105772469759999694e+02,4.754608836666666255e-02,5.695535523006074072e+03,1.957515384768165445e+00
2.110000000000000142e+01,6.886254330799999934e+02,-9.281487428200000522e+02,-9.110584727410000596e+02,4.070345340866666217e-01,5.661813427061018956e+03,1.969174462282724081e+00
2.115000000000000213e+01,5.827185425899999700e+02,-9.271053582299999789e+02,-9.126434798349999937e+02,2.663466081266667104e-02,5.684145782097511983e+03,1.961437802297859134e+00
2.120000000000000284e+01,5.570147858899999846e+02,-9.270949266899999657e+02,-9.132709627880000198e+02,-1.841084873996666760e-01,5.716384510472697002e+03,1.950375869634433101e+00
2.125000000000000000e+01,5.413432171399999788e+02,-9.266455942600000526e+02,-9.132105665330000193e+02,2.735080694966666726e-01,5.744354046220763848e+03,1.940879395850092282e+00
2.130000000000000071e+01,5.755719824999999901e+02,-9.269316474400000061e+02,-9.126471320000000560e+02,-3.601170707533333792e-01,5.786749878378789617e+03,1.926659808199885582e+00
2.135000000000000142e+01,6.363074902500000007e+02,-9.277359979599999633e+02,-9.119441518569999516e+02,2.107020899999997084e-03,5.798417847321234149e+03,1.922782852899894923e+00
2.140000000000000213e+01,5.724840768699999671e+02,-9.255969564900000250e+02,-9.113890765310000006e+02,1.331803567566666457e-01,5.807486182862359783e+03,1.919780445397958335e+00
2.145000000000000284e+01,6.101441459300000361e+02,-9.258426346500000363e+02,-9.107001090610000347e+02,-8.883312684000001236e-02,5.830780521811373546e+03,1.912110800444679182e+00
2.150000000000000000e+01,6.721881086399999958e+02,-9.268603992099999687e+02,-9.101780697909999844e+02,-2.661182559316666585e-01,5.832395885034390631e+03,1.911581214743321322e+00
2.155000000000000071e+01,6.829754599000000326e+02,-9.270893208500000355e+02,-9.101392715100000714e+02,3.297417789299999513e-01,5.808823118183662700e+03,1.919338596466706681e+00
2.160000000000000142e+01,6.206162184999999454e+02,-9.262496786899999961e+02,-9.108472577510000292e+02,-2.949152392300000147e-01,5.812359043225029382e+03,1.918170974618909952e+00
2.165000000000000213e+01,5.868281553799999983e+02,-9.264138301299999512e+02,-9.118499595789999148e+02,1.852294557000000175e-01,5.790559531452052397e+03,1.925392244086336024e+00
2.170000000000000284e+01,5.713850948599999811e+02,-9.267777172500000233e+02,-9.125971117689999801e+02,-1.013926353390000035e-01,5.780704656172573777e+03,1.928674629462880930e+00
2.175000000000000000e+01,5.954561111299999538e+02,-9.277451816300000473e+02,-9.129671829229999958e+02,1.428469912033333289e-01,5.757593104568353738e+03,1.936416521329330065e+00
2.180000000000000071e+01,6.183855657399999473e+02,-9.283804722400000173e+02,-9.130334115250000195e+02,1.565797633866666538e-01,5.752760699918058890e+03,1.938043140041753265e+00
2.185000000000000142e+01,5.988606584799999837e+02,-9.279325675699999465e+02,-9.130700749839999162e+02,-3.041139999023333429e-01,5.780645935547147928e+03,1.928694221214693361e+00
2.190000000000000213e+01,6.069379956400000538e+02,-9.281965775200000053e+02,-9.131336220020000383e+02,-8.811561128633332851e-02,5.777376317452834883e+03,1.929785736320785983e+00
2.195000000000000284e+01,5.741847738100000242e+02,-9.276906100500000321e+02,-9.134405222830000639e+02,2.153513930946666655e-01,5.761906643318090573e+03,1.934966860962119783e+00
2.200000000000000000e+01,5.642047869799999944e+02,-9.278266017400000010e+02,-9.138241967660000000e+02,2.369923952243333520e-01,5.769998951003311049e+03,1.932253108787712836e+00
2.205000000000000071e+01,5.461482559800000445e+02,-9.279562174000000141e+02,-9.144019384700000046e+02,-8.676607823866666624e-02,5.799002498841213310e+03,1.922588999229757123e+00
2.210000000000000142e+01,5.465351083100000551e+02,-9.286713443700000425e+02,-9.151074645590000500e+02,-1.246357259299999964e-01,5.801897592060864554e+03,1.921629645106812667e+00
2.215000000000000213e+01,5.616256917499999872e+02,-9.293498601899999585e+02,-9.154114630669999997e+02,7.406280766533333837e-02,5.792043144332315023e+03,1.924899061169409897e+00
2.220000000000000284e+01,5.484837506400000393e+02,-9.289597079400000439e+02,-9.153474668260000726e+02,-6.772120563399999793e-02,5.794720488746522278e+03,1.924009696831760818e+00
2.225000000000000000e+01,5.707264757799999870e+02,-9.288258345199999440e+02,-9.146615746129999707e+02,4.241642350800000627e-01,5.795517499365227195e+03,1.923745103349119523e+00
2.230000000000000071e+01,5.729086636399999861e+02,-9.276736386899999616e+02,-9.134552213590000065e+02,-2.314883233373333515e-01,5.833627421746932669e+03,1.911177660955126756e+00
2.235000000000000142e+01,5.425164553199999773e+02,-9.259754149699999743e+02,-9.125112698789999968e+02,-4.422170900833333196e-02,5.851813966936801990e+03,1.905238012310584539e+00
2.240000000000000213e+01,6.116776757899999666e+02,-9.270323449300000220e+02,-9.118517602770000394e+02,-1.660219893076666786e-01,5.849904979147317135e+03,1.905859744819835333e+00
2.245000000000000284e+01,5.978452989800000523e+02,-9.263577272600000470e+02,-9.115204338130000679e+02,-1.622258136340000156e-01,5.830604088108994802e+03,1.912168660793758468e+00
2.250000000000000000e+01,6.487793714900000168e+02,-9.274236296499999526e+02,-9.113222570489999725e+02,1.497170420099999955e-01,5.806610474925173548e+03,1.920069971788776142e+00
2.255000000000000071e+01,6.031141484099999843e+02,-9.264562287700000525e+02,-9.114881732930000453e+02,-2.978924886440000308e-01,5.786326087668048785e+03,1.926800916826862720e+00
2.260000000000000142e+01,6.719296926099999610e+02,-9.285989965400000301e+02,-9.119230804769999850e+02,-8.664752852099999458e-02,5.734410343248940990e+03,1.944244960408824330e+00
2.265000000000000213e+01,5.694426883899999439e+02,-9.270580959200000279e+02,-9.129256969819999767e+02,-1.728450237033333503e-01,5.670560191341473001e+03,1.966137036655009940e+00
2.270000000000000284e+01,6.188885723299999881e+02,-9.293083705000000236e+02,-9.139488261930000590e+02,1.203376632839999599e-02,5.586881154539032650e+03,1.995585390557299110e+00
2.275000000000000000e+01,6.089285770999999841e+02,-9.297197550700000193e+02,-9.146073974050000288e+02,3.570028431979999639e-01,5.505203533170120863e+03,2.025192773273885471e+00
2.280000000000000071e+01,5.526466650200000004e+02,-9.285636160400000563e+02,-9.148480599340000481e+02,2.025284004466666732e-01,5.467967768492531832e+03,2.038983930194543159e+00
2.285000000000000142e+01,5.904303581599999688e+02,-9.293580516299999772e+02,-9.147047817979999991e+02,2.164427043063333056e-01,5.461330552144277135e+03,2.041461930261761815e+00
2.290000000000000213e+01,5.724558092500000157e+02,-9.285951258600000529e+02,-9.143879474450000089e+02,2.001195748199999791e-01,5.485959172891876733e+03,2.032297007580688319e+00
2.295000000000000284e+01,5.720347191700000167e+02,-9.280456553100000292e+02,-9.138489274870000827e+02,1.384811490523333299e-01,5.538942587487948913e+03,2.012856828659491448e+00
2.300000000000000000e+01,6.067096775400000297e+02,-9.282634706100000130e+02,-9.132061814790000653e+02,-7.980836241266665854e-02,5.608972700871766392e+03,1.987725561410765618e+00
2.305000000000000071e+01,6.130192385799999784e+02,-9.277710679299999583e+02,-9.125571884419999833e+02,-1.152721500466666882e-01,5.675313620425691624e+03,1.964490274273463344e+00
2.310000000000000142e+01,5.696047871499999928e+02,-9.262021912699999575e+02,-9.120657693729999664e+02,-3.660965171366666743e-02,5.734663517551965924e+03,1.944159125754139739e+00
2.315000000000000213e+01,6.537175210699999752e+02,-9.276545936899999560e+02,-9.114306663499999104e+02,1.789904424299999797e-01,5.780685578287635508e+03,1.928680994630501022e+00
2.320000000000000284e+01,6.035567621100000224e+02,-9.262745370000000094e+02,-9.112954967599999918e+02,-3.394734840933334025e-02,5.828512041900662553e+03,1.912855001521502896e+00
2.325000000000000000e+01,6.458799540100000058e+02,-9.270599122600000328e+02,-9.110304972500000531e+02,-3.900716923099999955e-01,5.872506329559890219e+03,1.898524715870940405e+00
2.330000000000000071e+01,6.236714699299999438e+02,-9.260634318800000528e+02,-9.105851858700000321e+02,-2.072341819066666341e-02,5.866947587993970046e+03,1.900323506143694052e+00
2.335000000000000142e+01,6.847599170900000445e+02,-9.265916885000000320e+02,-9.095973525950000749e+02,-7.340118965333332357e-02,5.844762830034877879e+03,1.907536496345987542e+00
2.340000000000000213e+01,6.473649004400000422e+02,-9.251816966799999591e+02,-9.091154283469999200e+02,-1.909639600810000004e-01,5.822491459853641572e+03,1.914832934947446219e+00
2.345000000000000284e+01,6.439378118299999869e+02,-9.253347606300000052e+02,-9.093535456040000327e+02,9.029457808700001864e-02,5.786356788585105278e+03,1.926790693718040792e+00
2.350000000000000000e+01,6.137539988300000005e+02,-9.255377795099999503e+02,-9.103056647799999155e+02,1.391703550866666694e-01,5.752012395271590321e+03,1.938295268616431200e+00
2.355000000000000071e+01,6.188762424899999814e+02,-9.269140267799999720e+02,-9.115547884740000200e+02,-4.749505905476666262e-02,5.734063630968342295e+03,1.944362519900250996e+00
2.360000000000000142e+01,5.789439065100000334e+02,-9.267334111300000359e+02,-9.123652114559999973e+02,-4.181053136166666406e-01,5.713170468073498341e+03,1.951473087155669139e+00
2.365000000000000213e+01,5.844367412699999704e+02,-9.271419719199999463e+02,-9.126374513589998969e+02,5.439495476333333634e-01,5.664291723856583303e+03,1.968312889645278840e+00
2.370000000000000284e+01,5.900006589900000336e+02,-9.274273622499999874e+02,-9.127847566699999788e+02,2.698454220500000056e-01,5.669236585680137068e+03,1.966596073788731136e+00
2.375000000000000000e+01,5.684835483000000522e+02,-9.269739347500000122e+02,-9.128653397000000496e+02,-1.861755124123333494e-01,5.717924028930020540e+03,1.949850742047072982e+00
2.380000000000000071e+01,6.184086124399999562e+02,-9.280658285499999920e+02,-9.127181958630000054e+02,-3.859206896466666620e-02,5.757603227061713369e+03,1.936413116898249021e+00
2.385000000000000142e+01,6.264739187300000367e+02,-9.282215445299999601e+02,-9.126737474919999613e+02,2.418585970692666842e-01,5.791996204398004011e+03,1.924914661082168355e+00
2.390000000000000213e+01,5.745382786799999622e+02,-9.271001078699999880e+02,-9.128412468379999609e+02,-7.587693919233333417e-02,5.834862397636637979e+03,1.910773151273256865e+00
2.395000000000000284e+01,5.641336855600000035e+02,-9.268479021399999738e+02,-9.128472617569999557e+02,4.748056028900000253e-02,5.874915972278904519e+03,1.897746021115125359e+00
2.400000000000000000e+01,6.130873702799999592e+02,-9.276408298500000456e+02,-9.124252594730000965e+02,-3.631171610533334704e-02,5.906704457336403721e+03,1.887532801295024543e+00
2.405000000000000071e+01,5.885869572300000527e+02,-9.266249023100000386e+02,-9.120173819060000824e+02,4.360732658343333817e-02,5.925936644377308767e+03,1.881406953845272678e+00
2.410000000000000142e+01,6.249296925999999530e+02,-9.268008295800000269e+02,-9.112913570650000565e+02,-2.527324884763333390e-01,5.935922769691698704e+03,1.878241824119462722e+00
2.415000000000000213e+01,5.768223130100000162e+02,-9.249505950799999709e+02,-9.106350490029999492e+02,4.521244495433333621e-01,5.923086913608014584e+03,1.882312141184938392e+00
2.420000000000000284e+01,6.449779192199999898e+02,-9.258816587100000106e+02,-9.098746303530000432e+02,-2.764903777133333462e-01,5.950375394392804992e+03,1.873679838970172762e+00
2.425000000000000000e+01,6.617978595099999666e+02,-9.260864026599999761e+02,-9.096619379019999769e+02,3.352332415133333909e-01,5.962557078766112681e+03,1.869851854413639547e+00
2.430000000000000071e+01,6.132476755100000219e+02,-9.255857820999999603e+02,-9.103662332760000027e+02,-1.766896213463333420e-01,6.011733424269186798e+03,1.854556352377404904e+00
2.435000000000000142e+01,6.080753342199999452e+02,-9.266394880499999545e+02,-9.115483061229999748e+02,4.356157878833333275e-02,6.059357958646535735e+03,1.839980157446967635e+00
2.440000000000000213e+01,6.072767901099999790e+02,-9.276960690299999897e+02,-9.126247053289999940e+02,-5.676964297666666111e-03,6.103200373581597887e+03,1.826762637359595765e+00
2.445000000000000284e+01,5.878153600299999653e+02,-9.276364679299999807e+02,-9.130480969850000292e+02,-3.224958457696666669e-01,6.142536406907954188e+03,1.815064278371978146e+00
2.450000000000000000e+01,5.722695213299999750e+02,-9.272273997300000019e+02,-9.130248445989999482e+02,1.210757632306666554e-01,6.147114630145615592e+03,1.813712462120441238e+00
2.455000000000000071e+01,5.756441863100000091e+02,-9.269764443899999833e+02,-9.126901369999999361e+02,2.250747921166666374e-02,6.149710761726589226e+03,1.812946794207891399e+00
2.460000000000000142e+01,5.855378762599999618e+02,-9.265335686800000303e+02,-9.120017202090000410e+02,-5.222808755666667052e-02,6.148076881394849806e+03,1.813428593340642880e+00
2.465000000000000213e+01,6.431456476299999849e+02,-9.272412547999999788e+02,-9.112796996639999634e+02,-9.109380022466666282e-02,6.130778659443512879e+03,1.818545250137930447e+00
2.470000000000000284e+01,6.340001959500000339e+02,-9.267549993699999504e+02,-9.110204155760000049e+02,5.061121986333333433e-02,6.106685776067345614e+03,1.825720009120547216e+00
2.475000000000000000e+01,6.164526690500000541e+02,-9.262954080599999998e+02,-9.109963178739999421e+02,2.273688043033333661e-01,6.092906434716581316e+03,1.829848944873318617e+00
2.480000000000000071e+01,5.968330594899999824e+02,-9.259467192800000248e+02,-9.111345475399999714e+02,6.244586473666666887e-02,6.117957846391313069e+03,1.822356199684230127e+00
2.485000000000000142e+01,6.332303475500000332e+02,-9.269281745800000181e+02,-9.112126968439999928e+02,-9.679983201073333321e-02,6.145051275419410558e+03,1.814321461462019114e+00
2.490000000000000213e+01,6.077374290999999857e+02,-9.265767391800000041e+02,-9.114939433639999606e+02,1.632806183109999920e-01,6.159202614387349058e+03,1.810152889715738178e+00
2.495000000000000284e+01,6.378284527900000285e+02,-9.276240977300000168e+02,-9.117945044580000058e+02,-1.889943542953333167e-01,6.200681336729289796e+03,1.798044086661429786e+00
2.500000000000000000e+01,6.307555989100000033e+02,-9.277415901900000108e+02,-9.120875306359999968e+02,-1.121777011799999918e-01,6.226247518539525117e+03,1.790660968356941440e+00
2.505000000000000071e+01,6.038419750599999816e+02,-9.275326338900000565e+02,-9.125465152490000946e+02,9.521578845166667193e-02,6.234739226042952396e+03,1.788222090221096572e+00
2.510000000000000142e+01,5.463694624700000304e+02,-9.265855062599999883e+02,-9.130257374389999541e+02,-3.982343226266666508e-02,6.249713452137690183e+03,1.783937535082425807e+00
2.515000000000000213e+01,5.772056182200000194e+02,-9.275643668100000241e+02,-9.132393078840000271e+02,-1.006091279843333436e-01,6.242734535094011335e+03,1.785931845748441882e+00
2.520000000000000284e+01,5.924964842099999487e+02,-9.279558373700000402e+02,-9.132512905300000057e+02,-2.091541195666666297e-01,6.205294221431980077e+03,1.796707458652160527e+00
2.525000000000000000e+01,5.674877243900000394e+02,-9.269113478799999939e+02,-9.128274671359999957e+02,1.611212958306666720e-01,6.158165151029706976e+03,1.810457845371969077e+00
2.530000000000000071e+01,5.958170621000000438e+02,-9.263881675100000166e+02,-9.116012107410000453e+02,2.768658669060000133e-01,6.133696010185844898e+03,1.817680301120789155e+00
2.535000000000000142e+01,6.168879902099999981e+02,-9.258373970500000496e+02,-9.105275030860000243e+02,-7.625342146399999299e-02,6.133687560625669903e+03,1.817682805095589105e+00
2.540000000000000213e+01,6.498571101799999497e+02,-9.264284531099999640e+02,-9.103003332459999228e+02,-9.695121213233333368e-02,6.119591721691069324e+03,1.821869647162847272e+00
2.545000000000000284e+01,6.599119816800000535e+02,-9.271034532500000296e+02,-9.107257921100000431e+02,1.396519410740000022e-01,6.100761027542822376e+03,1.827493055447291459e+00
2.550000000000000000e+01,6.328617543899999873e+02,-9.272590470100000175e+02,-9.115527170000000297e+02,-1.928946438866666613e-01,6.102419137016504465e+03,1.826996500969421344e+00
2.555000000000000071e+01,6.297206529999999702e+02,-9.280222698799999534e+02,-9.123938955599999190e+02,1.152657994126666668e-01,6.078482859089886006e+03,1.834190976471275603e+00
2.560000000000000142e+01,5.759416040800000474e+02,-9.271300038000000541e+02,-9.128363151110000899e+02,3.282784508666675150e-03,6.060499997688365511e+03,1.839633432065101770e+00
2.565000000000000213e+01,6.156634405999999444e+02,-9.280952632400000084e+02,-9.128157600839999759e+02,-4.702143444066666511e-01,6.035478192885582757e+03,1.847260159753401076e+00
2.570000000000000284e+01,5.710170069800000192e+02,-9.268835470699999632e+02,-9.127120767750000141e+02,4.122661869199999995e-01,5.962578522646243982e+03,1.869845129658757710e+00
2.575000000000000000e+01,5.917566512299999886e+02,-9.270193162100000563e+02,-9.123331305060000886e+02,1.841740409139999979e-01,5.940953829936335751e+03,1.876651246572213383e+00
2.580000000000000071e+01,6.134330412000000479e+02,-9.270580153500000051e+02,-9.118338661300000467e+02,-2.021188232399999743e-02,5.960602392171483189e+03,1.870465043167609531e+00
2.585000000000000142e+01,6.319776990899999873e+02,-9.269875940299999684e+02,-9.113032044579999820e+02,2.427852385673333335e-01,5.995583018331052699e+03,1.859552002981268659e+00
2.590000000000000213e+01,6.066523376699999517e+02,-9.259841863200000489e+02,-9.109283202470001015e+02,-2.941683487866666447e-01,6.058820839845327100e+03,1.840143273004027247e+00
2.595000000000000284e+01,5.852581315600000380e+02,-9.250137062100000094e+02,-9.104888004279999905e+02,4.820339138579333299e-02,6.110099100066842766e+03,1.824700095397146837e+00
2.600000000000000000e+01,6.612405511399999796e+02,-9.255922408300000370e+02,-9.091816073219999907e+02,-3.660139305933333281e-02,6.169086831492751116e+03,1.807252631598996517e+00
2.605000000000000071e+01,6.635949402999999620e+02,-9.243789735699999710e+02,-9.079099089549999917e+02,-8.742011588666669109e-02,6.231121970558106113e+03,1.789260178737825724e+00
2.610000000000000142e+01,6.493787518399999499e+02,-9.236652689799999507e+02,-9.075490209889999278e+02,-1.024891709313333205e-01,6.282300314030752816e+03,1.774684089182721136e+00
2.615000000000000213e+01,6.503327817099999493e+02,-9.240288099699999975e+02,-9.078888849149999487e+02,-4.965594997000000177e-01,6.300184745268885308e+03,1.769646266190906481e+00
2.620000000000000284e+01,6.235992006000000174e+02,-9.239398855800000092e+02,-9.084634331470000461e+02,-4.187825971093332537e-03,6.242971699612590783e+03,1.785863999907263633e+00
2.625000000000000000e+01,6.166202388599999722e+02,-9.243648705299999619e+02,-9.090616216049999139e+02,-9.847006471249998560e-02,6.158284723541979474e+03,1.810422692565196945e+00
2.630000000000000071e+01,6.284355097100000194e+02,-9.252103977000000441e+02,-9.096139179990000230e+02,1.088010290139999753e-01,6.064894085396359515e+03,1.838300595821429129e+00
2.635000000000000142e+01,6.312752647600000273e+02,-9.258862263600000233e+02,-9.102192697660000249e+02,1.821432325279999931e-01,5.984030169105498317e+03,1.863142079118991656e+00
2.640000000000000213e+01,5.995792454500000304e+02,-9.260012492099999690e+02,-9.111209227699999929e+02,-1.339525125046666376e-01,5.929486296173401570e+03,1.880280660733303133e+00
2.645000000000000284e+01,5.875564143399999466e+02,-9.262217331399999694e+02,-9.116397886959999823e+02,2.157015288773333206e-01,5.870464609692974591e+03,1.899185013800992472e+00
2.650000000000000000e+01,5.978426856800000451e+02,-9.266231229500000381e+02,-9.117858943600000430e+02,2.536509536133333409e-01,5.847670214605435831e+03,1.906588094337372086e+00
2.655000000000000071e+01,6.261918830299999854e+02,-9.277343316599999525e+02,-9.121935341689999177e+02,-7.869243820666667333e-02,5.861202490039420809e+03,1.902186186149491531e+00
2.660000000000000142e+01,6.062373746700000083e+02,-9.276635415099999591e+02,-9.126179739670000117e+02,-6.616052670433333893e-02,5.883796230850766733e+03,1.894881803064394576e+00
2.665000000000000213e+01,5.888112437300000011e+02,-9.274474383100000523e+02,-9.128343515760000173e+02,7.716582160166667037e-02,5.914817060244311506e+03,1.884943912418734380e+00
2.670000000000000284e+01,6.086575171700000055e+02,-9.280342520699999795e+02,-9.129286215569999285e+02,-4.358397320166667033e-01,5.947124605543665893e+03,1.874704020895283874e+00
2.675000000000000000e+01,5.610694053500000109e+02,-9.270075755499999559e+02,-9.130829843129999972e+02,3.445037509133333509e-01,5.941460347633621495e+03,1.876491259462579553e+00
2.680000000000000071e+01,6.133158537399999659e+02,-9.284104833400000416e+02,-9.131892424720000463e+02,4.306912112766667772e-02,5.963690739185867642e+03,1.869496407236570956e+00
2.685000000000000142e+01,5.442538432000000057e+02,-9.268383424099999957e+02,-9.133310789180000029e+02,-4.586242000333332763e-02,5.997464433690382975e+03,1.858968658179717348e+00
2.690000000000000213e+01,5.617645823799999789e+02,-9.270859506100000544e+02,-9.131441065060000710e+02,-2.057451983666663820e-03,6.021735378030040010e+03,1.851475980072927685e+00
2.695000000000000284e+01,5.995815875700000106e+02,-9.273478818700000375e+02,-9.124674973040000623e+02,-1.645003848533333965e-02,6.055788591858012296e+03,1.841064667575733393e+00
2.700000000000000000e+01,5.891448749099999986e+02,-9.261758843200000229e+02,-9.115545175440000776e+02,-4.129795593806666609e-01,6.085289339414744973e+03,1.832139408485424337e+00
2.705000000000000071e+01,6.555720818300000019e+02,-9.269851273799999944e+02,-9.107151736480000181e+02,1.062421808616666602e-01,6.071846079490700504e+03,1.836195823282984696e+00
2.710000000000000142e+01,6.288873131699999703e+02,-9.262073013599999740e+02,-9.105996088240000290e+02,1.156910227433333160e-02,6.058388735266971707e+03,1.840274518186177266e+00
2.715000000000000213e+01,6.285145264100000304e+02,-9.266521358999999620e+02,-9.110536951670000008e+02,-1.700483719102333369e-01,6.045435178440115124e+03,1.844217675269947510e+00
2.720000000000000284e+01,6.017683421000000408e+02,-9.270255072300000165e+02,-9.120908519040000328e+02,-1.831574755233333074e-01,6.011329122028211714e+03,1.854681083742808489e+00
2.725000000000000000e+01,5.566133888499999784e+02,-9.270350419200000260e+02,-9.132210398690000375e+02,2.597106887763333538e-01,5.952055042360017069e+03,1.873151093434330949e+00
2.730000000000000071e+01,5.708323689999999715e+02,-9.277606482600000390e+02,-9.135937603010000885e+02,2.577191216000000451e-01,5.913482975512568373e+03,1.885369156712860761e+00
2.735000000000000142e+01,5.820791007899999840e+02,-9.278698207800000546e+02,-9.134238120180000351e+02,2.842979388666666551e-02,5.906054710590447939e+03,1.887740455703190934e+00
2.740000000000000213e+01,5.836960073000000193e+02,-9.275070100200000525e+02,-9.130208729560000620e+02,1.487831575953333374e-01,5.914187013092656343e+03,1.885144718301338340e+00
2.745000000000000284e+01,5.608448886999999559e+02,-9.266053801299999577e+02,-9.126863609359999145e+02,4.179971939233333433e-01,5.934947515219699198e+03,1.878550464378499818e+00
2.750000000000000000e+01,5.476983828899999480e+02,-9.259443771100000049e+02,-9.123516272110000500e+02,-1.176340973413333296e-01,5.996746556117214823e+03,1.859191197501071313e+00
2.755000000000000071e+01,6.152205547300000035e+02,-9.270331149600000344e+02,-9.117646033230000739e+02,-2.675295590994666850e-01,6.041228172292067939e+03,1.845501956359309803e+00
2.760000000000000142e+01,5.953969785399999637e+02,-9.261938016300000527e+02,-9.114172704730000305e+02,1.323404586266666849e-01,6.054928658720976273e+03,1.841326139279911844e+00
2.765000000000000213e+01,5.973390076399999771e+02,-9.260869059000000334e+02,-9.112621775659999912e+02,-6.317597007212999438e-02,6.072242357376763721e+03,1.836075992130599133e+00
2.770000000000000284e+01,6.490617058999999927e+02,-9.274032835000000432e+02,-9.112949039380000613e+02,2.691391400099999998e-01,6.092212514988742441e+03,1.830057369690852198e+00
2.775000000000000000e+01,6.006849005599999600e+02,-9.265523462099999961e+02,-9.116445796799999925e+02,-5.330907279533333987e-02,6.144934661059387508e+03,1.814355892411699589e+00
2.780000000000000071e+01,5.632689366600000085e+02,-9.259545022999999446e+02,-9.119753232099999423e+02,-3.439178087666667355e-02,6.199224570087657412e+03,1.798466612191198744e+00
2.785000000000000142e+01,5.941465143100000432e+02,-9.265434514500000205e+02,-9.117979542489999858e+02,-9.105056722000000324e-02,6.256779457237845236e+03,1.781922870540163961e+00
2.790000000000000213e+01,6.034516909000000169e+02,-9.264999068399999942e+02,-9.115234742510000387e+02,-1.358404505033333209e-01,6.307037367283659478e+03,1.767723538251324555e+00
2.795000000000000284e+01,5.963871126100000311e+02,-9.262988261100000500e+02,-9.114977218570001014e+02,3.923785740333334687e-02,6.336271362020600463e+03,1.759567697432485867e+00
2.800000000000000000e+01,5.850593539999999848e+02,-9.260807799599999726e+02,-9.115608074289999649e+02,-2.386743685046666952e-01,6.351553159699284151e+03,1.755334188418545160e+00
2.805000000000000071e+01,5.973016254200000503e+02,-9.267140371799999912e+02,-9.118902365960000225e+02,1.004803501563333312e-01,6.323136528922989783e+03,1.763222786631336358e+00
2.810000000000000142e+01,5.683322860700000092e+02,-9.267589374799999860e+02,-9.126540964480000184e+02,-3.105869503959999833e-01,6.276230222471002890e+03,1.776400484937676216e+00
2.815000000000000213e+01,5.608005747099999780e+02,-9.275193908100000044e+02,-9.136014713980000579e+02,1.910346592856666526e-01,6.185951892221020898e+03,1.802325431078479756e+00
2.820000000000000284e+01,5.195308736299999737e+02,-9.270220559099999491e+02,-9.141283657869998933e+02,-3.517355061933333249e-01,6.101506005388400808e+03,1.827269923348748160e+00
2.825000000000000000e+01,5.780910742700000355e+02,-9.285666688899999599e+02,-9.142196347619999415e+02,3.319851657899999808e-01,5.985547897117758112e+03,1.862669650700924828e+00
2.830000000000000071e+01,6.011099478200000021e+02,-9.288521690699999453e+02,-9.139338537389999146e+02,-1.770382604733333476e-01,5.906924376573659174e+03,1.887462527029181159e+00
2.835000000000000142e+01,5.970170389200000045e+02,-9.285999645800000053e+02,-9.137832268490000160e+02,2.052549059623333394e-01,5.834612392756375812e+03,1.910855025197475854e+00
2.840000000000000213e+01,6.143629494900000054e+02,-9.285344764799999666e+02,-9.132872488450000219e+02,4.980240488999999049e-01,5.802542815248230909e+03,1.921415966372500561e+00
2.845000000000000284e+01,6.070172095599999693e+02,-9.278065768000000162e+02,-9.127416553550000344e+02,2.877686654703333069e-01,5.850673168383617849e+03,1.905609506787435681e+00
2.850000000000000000e+01,6.062565906700000369e+02,-9.270976880599999959e+02,-9.120516436149999890e+02,-4.635472907666666337e-02,5.937617969781095780e+03,1.877705582865080602e+00
2.855000000000000071e+01,6.569617577899999787e+02,-9.275463134499999569e+02,-9.112418708120000019e+02,3.901526580133333338e-02,6.024213824594363359e+03,1.850714256731866181e+00
2.860000000000000142e+01,6.507963446400000294e+02,-9.268831588599999805e+02,-9.107317291240000259e+02,-4.367988324333333394e-01,6.106703503862319849e+03,1.825714709044985673e+00
2.865000000000000213e+01,6.162463196899999502e+02,-9.259231013400000165e+02,-9.106291323210000428e+02,-1.755792172503333470e-01,6.130780600295994191e+03,1.818544674431786135e+00
2.870000000000000284e+01,6.052224340899999788e+02,-9.259623633800000562e+02,-9.109419845790000636e+02,-3.956518257233332947e-01,6.113081017914779295e+03,1.823810019547399408e+00
2.875000000000000000e+01,6.167374997299999677e+02,-9.274296582199999648e+02,-9.121234991210000089e+02,-2.045704212033333247e-01,6.048999168671048210e+03,1.843131086630223736e+00
2.880000000000000071e+01,6.022609648300000345e+02,-9.287846138600000359e+02,-9.138377326490000314e+02,1.373515739566667261e-02,5.957433048989523741e+03,1.871460127054059841e+00
2.885000000000000142e+01,5.695823080699999537e+02,-9.285525333399999681e+02,-9.144166693280000118e+02,4.808409445066666454e-01,5.877810895239087586e+03,1.896811348559808597e+00
2.890000000000000213e+01,5.610654862500000490e+02,-9.284711069600000428e+02,-9.145466129870000032e+02,1.569926260500000004e-01,5.850542048717000398e+03,1.905652214434206293e+00
2.895000000000000284e+01,5.664078412999999728e+02,-9.285191522899999654e+02,-9.144620720289999554e+02,2.515519674500000247e-01,5.857514922448208381e+03,1.903383697419264831e+00
2.900000000000000000e+01,5.513631092099999478e+02,-9.278926261899999872e+02,-9.142089253049999797e+02,-1.253919597016666665e-01,5.906942407449205348e+03,1.887456765570955319e+00
2.905000000000000071e+01,5.785262590900000532e+02,-9.275702458800000159e+02,-9.132124113580000540e+02,6.546608987999996687e-03,5.947384278624252147e+03,1.874622168076382822e+00
2.910000000000000142e+01,6.299176135200000317e+02,-9.279155088500000375e+02,-9.122822463740000103e+02,-1.600900943699999912e-01,5.974392686022847556e+03,1.866147572934303112e+00
2.915000000000000213e+01,6.354632389700000203e+02,-9.279391865200000211e+02,-9.121682930010000518e+02,2.855454954200000173e-01,5.988228107772755720e+03,1.861835957168430644e+00
2.920000000000000284e+01,5.618062889200000427e+02,-9.264371261700000559e+02,-9.124942469950000259e+02,-2.325848409666671831e-03,6.028070934623288849e+03,1.849530062219602700e+00
2.925000000000000000e+01,6.195379090000000133e+02,-9.279549610799999755e+02,-9.125793015699999842e+02,-1.962675676126666435e-01,6.058771615113043481e+03,1.840158223321638031e+00
2.930000000000000071e+01,6.398653603999999859e+02,-9.286571984199999861e+02,-9.127770532810000077e+02,-1.418910964000001142e-02,6.064714168785502807e+03,1.838355131089494776e+00
2.935000000000000142e+01,6.125288142699999980e+02,-9.281773264199999858e+02,-9.129756182569999510e+02,-1.436503019279666560e-01,6.069966300409529140e+03,1.836764466060673451e+00
2.940000000000000213e+01,5.813579546299999947e+02,-9.274439095499999439e+02,-9.130157981559999598e+02,4.415309295233333375e-01,6.071514216256915461e+03,1.836296188012782382e+00
2.945000000000000284e+01,5.937480128199999854e+02,-9.276285076699999763e+02,-9.128929004579999855e+02,-7.068945325299999527e-02,6.131331681165074770e+03,1.818381224592214407e+00
2.950000000000000000e+01,5.996326683199999934e+02,-9.274348089899999650e+02,-9.125531567040000027e+02,1.437134515846999749e-01,6.194494379886593379e+03,1.799839942865862019e+00
2.955000000000000071e+01,5.980736129599999913e+02,-9.270794216299999562e+02,-9.122364618990000054e+02,-2.212672691133333591e-01,6.270699312151526101e+03,1.777967313657182302e+00
2.960000000000000142e+01,6.508208429600000500e+02,-9.277705526099999815e+02,-9.116185148759999493e+02,-1.630144372629999810e-02,6.326216392662021462e+03,1.762364376866744742e+00
2.965000000000000213e+01,6.039592124199999716e+02,-9.262947689699999501e+02,-9.113057407389999298e+02,-2.002587967006666803e-01,6.375368834906592383e+03,1.748777004043145400e+00
2.970000000000000284e+01,6.849054858599999989e+02,-9.275690260500000477e+02,-9.105710774270000911e+02,-6.867567339100000279e-02,6.407981237519630668e+03,1.739876881270883135e+00
2.975000000000000000e+01,6.587236295899999732e+02,-9.264456070600000430e+02,-9.100974383800000851e+02,-2.618247715840000267e-01,6.429820604707456368e+03,1.733967259151120599e+00
2.980000000000000071e+01,6.264700435500000140e+02,-9.255304341999999451e+02,-9.099827333359999102e+02,8.133163124999990071e-03,6.424426560658401286e+03,1.735423123839925141e+00
2.985000000000000142e+01,6.505499799299999495e+02,-9.263984869700000218e+02,-9.102531715009999971e+02,-1.629225154666666675e-01,6.401915931290019216e+03,1.741525276251384424e+00
2.990000000000000213e+01,6.666115323599999556e+02,-9.277709534699999949e+02,-9.112270232299999861e+02,-2.384794948266666659e-01,6.353216654917787309e+03,1.754874580288063868e+00
2.995000000000000284e+01,6.136996526599999697e+02,-9.278810041699999829e+02,-9.126502382009999792e+02,-8.978021548200000590e-02,6.280711291480014552e+03,1.775133084990245802e+00
3.000000000000000000e+01,5.643353583199999548e+02,-9.275568786600000522e+02,-9.135512331730000142e+02,-2.262350596379999745e-01,6.195861171787520107e+03,1.799442902553197277e+00
3.005000000000000071e+01,5.996020022699999572e+02,-9.285888577399999804e+02,-9.137079665229999819e+02,1.738030141133333206e-01,6.095570776494893835e+03,1.829049127568165289e+00
3.010000000000000142e+01,5.812398360800000319e+02,-9.283318476900000178e+02,-9.139066677560000471e+02,2.811418464600000042e-02,6.021126339487704172e+03,1.851663257364333681e+00
3.015000000000000213e+01,6.239292298499999561e+02,-9.296453578099999504e+02,-9.141607147279999026e+02,5.847181655466666683e-01,5.969742780087959545e+03,1.867601138187350296e+00
3.020000000000000284e+01,5.874821963900000128e+02,-9.294169047799999817e+02,-9.148368022729999893e+02,-6.064082487833333257e-01,5.972451430966583757e+03,1.866754135993637487e+00
3.025000000000000000e+01,5.840335689700000330e+02,-9.299483535399999710e+02,-9.154538388889999396e+02,2.864572885400000213e-01,5.937803035913834719e+03,1.877647059584914402e+00
3.030000000000000071e+01,5.931227497600000333e+02,-9.304077293599999621e+02,-9.156876398939999717e+02,-9.173721137700001360e-02,5.933291468014454949e+03,1.879074788569080168e+00
3.035000000000000142e+01,5.791972439400000212e+02,-9.300021269300000313e+02,-9.156276399409999840e+02,5.695916566666666542e-02,5.928973267169542851e+03,1.880443359816412752e+00
3.040000000000000213e+01,5.739551321699999562e+02,-9.292852069399999664e+02,-9.150408184069999606e+02,-1.138987280600000096e-01,5.921613700450022407e+03,1.882780433639346773e+00
3.045000000000000284e+01,5.510994040499999755e+02,-9.273373242100000198e+02,-9.136601679460000014e+02,-1.341605492833333468e-01,5.910127567629931036e+03,1.886439553664148949e+00
3.050000000000000000e+01,6.279897827700000335e+02,-9.281714527499999576e+02,-9.125860350769999059e+02,2.378300487269999763e-01,5.901464156875703338e+03,1.889208866546846721e+00
3.055000000000000071e+01,6.045984574999999950e+02,-9.272679586499999687e+02,-9.122630656679999674e+02,-3.338367048017999994e-01,5.908831988263392304e+03,1.886853177230837675e+00
3.060000000000000142e+01,6.271830059999999776e+02,-9.277128302300000087e+02,-9.121474351010000419e+02,5.726281121266666441e-01,5.906392129244202806e+03,1.887632613414825355e+00
3.065000000000000213e+01,5.987230687899999566e+02,-9.272197084199999608e+02,-9.123606305280000015e+02,-3.108849928920000560e-01,5.947623331845865323e+03,1.874546821262440099e+00
3.070000000000000284e+01,6.638395271499999808e+02,-9.291478184699999474e+02,-9.126726837109999906e+02,1.836032975173333137e-01,5.980161043908839929e+03,1.864347519893971628e+00
3.075000000000000000e+01,5.630465255799999795e+02,-9.273689283700000487e+02,-9.133952690670000720e+02,-2.261477713586666771e-01,6.040833393869784231e+03,1.845622562954981394e+00
3.080000000000000071e+01,5.665143461500000512e+02,-9.284652227999999923e+02,-9.144054993070000137e+02,1.403816338676666664e-01,6.082113362586336734e+03,1.833096120726856348e+00
3.085000000000000142e+01,5.550140877300000284e+02,-9.288289658300000156e+02,-9.150546551500000305e+02,-2.705268236186666453e-01,6.126112494917310869e+03,1.819930407746858991e+00
3.090000000000000213e+01,5.124655448500000148e+02,-9.278269907899999680e+02,-9.151086476279999715e+02,1.204506232440000213e-01,6.143378644478934802e+03,1.814815438862408925e+00
3.095000000000000284e+01,5.478997557500000539e+02,-9.280852774600000430e+02,-9.144875299000000268e+02,-3.783327066669999739e-01,6.156884721479690597e+03,1.810834361066048226e+00
3.100000000000000000e+01,5.936729713700000275e+02,-9.284738197499999615e+02,-9.137400749119999546e+02,4.423468645833333324e-01,6.126925945627657711e+03,1.819688781897925711e+00
3.105000000000000071e+01,5.868023761399999785e+02,-9.279265476799999988e+02,-9.133633169170000201e+02,-2.274983677159666540e-01,6.147091870694767749e+03,1.813719177344566891e+00
3.110000000000000142e+01,6.092790750100000423e+02,-9.281425842300000113e+02,-9.130215279259999761e+02,-1.139059131439000144e-01,6.151525326428384687e+03,1.812412014769551050e+00
3.115000000000000213e+01,6.731537348499999780e+02,-9.295803542500000276e+02,-9.128740599700000757e+02,2.362909706459999926e-01,6.146723663633798424e+03,1.813827824527075805e+00
3.120000000000000284e+01,6.054325848500000120e+02,-9.282810314800000242e+02,-9.132554371690000607e+02,-3.359031251633333159e-01,6.166817987974367497e+03,1.807917540702407955e+00
3.125000000000000000e+01,5.532819726599999512e+02,-9.272475324800000180e+02,-9.135162093420000247e+02,3.156123458073333832e-01,6.165769850300393955e+03,1.808224874017120509e+00
3.130000000000000071e+01,5.304660866399999577e+02,-9.264944484899999679e+02,-9.133293688210000028e+02,-1.489962699673333391e-01,6.187957127756588307e+03,1.801741379358915651e+00
3.135000000000000142e+01,6.029899013299999524e+02,-9.274476875100000370e+02,-9.124827155909999874e+02,2.008549812966666792e-01,6.199104947719099982e+03,1.798501316690918728e+00
3.140000000000000213e+01,5.740976693699999487e+02,-9.257468889699999863e+02,-9.114989629570000034e+02,-1.770509591466666866e-01,6.219424200174203179e+03,1.792625499072037609e+00
3.145000000000000284e+01,6.306434704099999635e+02,-9.265018678500000533e+02,-9.108505910960000165e+02,7.788236799666665815e-03,6.212563554050094353e+03,1.794605127783307719e+00
3.150000000000000000e+01,6.453404166100000339e+02,-9.268663246099999924e+02,-9.108502998110000135e+02,5.441196807766667670e-02,6.206862601717080906e+03,1.796253457857062363e+00
3.155000000000000071e+01,5.844229482499999904e+02,-9.258191724399999885e+02,-9.113149941939999508e+02,8.299294306033332125e-02,6.207447877040570347e+03,1.796084096334510605e+00
3.160000000000000142e+01,6.059565456100000347e+02,-9.267781202800000528e+02,-9.117395223380000289e+02,1.375567396500000095e-01,6.216453471560475009e+03,1.793482161779826667e+00
3.165000000000000213e+01,5.873647724100000005e+02,-9.267391917600000397e+02,-9.121620034750000059e+02,-4.183121060999999696e-01,6.225058577479067935e+03,1.791002971620708317e+00
3.170000000000000284e+01,5.630026558499999965e+02,-9.265641746700000567e+02,-9.125916041230000246e+02,1.319273383166666702e-01,6.185457351772947732e+03,1.802469530823344046e+00
3.175000000000000000e+01,5.632100133799999639e+02,-9.266099064600000474e+02,-9.126321897250001030e+02,5.189455450999996833e-03,6.143478283907740661e+03,1.814786004856889789e+00
3.180000000000000071e+01,6.281008274900000288e+02,-9.279878255800000488e+02,-9.123996520050000072e+02,6.215803589600000789e-01,6.118284524412227256e+03,1.822258897292630131e+00
3.185000000000000142e+01,6.170584012100000564e+02,-9.278377272200000334e+02,-9.125236040050000383e+02,-1.861935019743333475e-01,6.167090467160747721e+03,1.807837661883837432e+00
3.190000000000000213e+01,5.801625031400000125e+02,-9.271913534599999593e+02,-9.127929107179999164e+02,1.237326279913333188e-01,6.225657347953593671e+03,1.790830716766440123e+00
3.195000000000000284e+01,5.960749602399999958e+02,-9.275984398599999849e+02,-9.128050825880000048e+02,-6.193410279400000107e-01,6.286385452237556819e+03,1.773530830313564843e+00
3.200000000000000000e+01,5.743213348299999552e+02,-9.272658747499999663e+02,-9.130123978189999434e+02,2.921056924066666727e-01,6.279293238787534392e+03,1.775533963266662685e+00
3.205000000000000426e+01,5.769734493099999781e+02,-9.275377051299999493e+02,-9.132184081599999672e+02,-2.946707357639999914e-01,6.288325886907131462e+03,1.772983558945542271e+00
3.210000000000000142e+01,5.892586089999999786e+02,-9.277228236500000094e+02,-9.130986342270000478e+02,7.049185281866666986e-02,6.272823224298765126e+03,1.777365312574122447e+00
3.214999999999999858e+01,5.889641214399999853e+02,-9.271948154499999646e+02,-9.125779346040000064e+02,-4.151039708816666729e-01,6.249304863996933818e+03,1.784054171370228703e+00
3.220000000000000284e+01,6.274071728599999460e+02,-9.272074210499999936e+02,-9.116364625589999378e+02,2.765842328666666683e-01,6.196682252237333159e+03,1.799204470545923140e+00
3.225000000000000000e+01,5.917784115299999712e+02,-9.258518439700000044e+02,-9.111651182199999539e+02,-4.337309260399999644e-01,6.165602516785728767e+03,1.808273948965213540e+00
3.230000000000000426e+01,6.502836735299999873e+02,-9.269833485899999914e+02,-9.108446422990000428e+02,6.434810550266666374e-01,6.087643669215047339e+03,1.831430848549579382e+00
3.235000000000000142e+01,6.146596289399999478e+02,-9.264949448099999927e+02,-9.112403541999999561e+02,-2.302240611539999871e-01,6.066375114700195809e+03,1.837851797815998500e+00
3.239999999999999858e+01,6.527277723400000013e+02,-9.288451456899999812e+02,-9.126457818819999375e+02,3.978660165499999235e-01,6.044357116144998145e+03,1.844546607115219672e+00
3.245000000000000284e+01,5.783784709899999825e+02,-9.283066661799999792e+02,-9.139524994549999519e+02,-2.347460373637666742e-01,6.072710873154383080e+03,1.835934337013273465e+00
3.250000000000000000e+01,5.856128991299999598e+02,-9.285661780499999622e+02,-9.140324676650000129e+02,-3.560394624999999036e-02,6.098063092197324295e+03,1.828301583996996271e+00
3.255000000000000426e+01,6.061905444200000375e+02,-9.288307780599999433e+02,-9.137863727469999731e+02,1.738410527349666668e-01,6.124682908430997486e+03,1.820355204908743918e+00
3.260000000000000142e+01,6.231631478499999730e+02,-9.288301842099999703e+02,-9.133645537109999850e+02,-4.056785990633333672e-01,6.173393601181534905e+03,1.805991830594463776e+00
3.264999999999999858e+01,6.157593073499999718e+02,-9.281983472900000152e+02,-9.129164649179999742e+02,1.103569072600000117e-01,6.190841760673047247e+03,1.800901854995224038e+00
3.270000000000000284e+01,6.084584364700000378e+02,-9.276395576800000526e+02,-9.125388679410000350e+02,-4.914620056999999265e-01,6.207373980677379222e+03,1.796105478014286660e+00
3.275000000000000000e+01,6.209480579700000362e+02,-9.275626327600000423e+02,-9.121519762460000038e+02,2.343214745273333455e-01,6.187300947051719959e+03,1.801932459110557883e+00
3.280000000000000426e+01,6.196455065999999761e+02,-9.272038392599999952e+02,-9.118255093980000083e+02,-5.781346373866665944e-01,6.179516026334011258e+03,1.804202523832950655e+00
3.285000000000000142e+01,6.736010560199999873e+02,-9.283106533699999545e+02,-9.115932574969999678e+02,5.125797647033333293e-01,6.121749054362248899e+03,1.821227611875619434e+00
3.289999999999999858e+01,5.824011162699999886e+02,-9.264517532999999503e+02,-9.119977527749999808e+02,-3.415095070259999699e-01,6.103126831359480093e+03,1.826784649712827946e+00
3.295000000000000284e+01,6.584801947099999779e+02,-9.289305631400000038e+02,-9.125884360139999671e+02,5.221999607466666360e-01,6.065523436766754457e+03,1.838109855976593154e+00
3.300000000000000000e+01,5.471655804900000248e+02,-9.269870748900000308e+02,-9.134075480530000277e+02,-2.364662588527666476e-01,6.078813367797508363e+03,1.834091250414151109e+00
3.305000000000000426e+01,5.669730412999999771e+02,-9.277721829199999775e+02,-9.137010755539999991e+02,2.006895311766666856e-01,6.089282199464883888e+03,1.830938039258182881e+00
3.310000000000000142e+01,5.778895650900000192e+02,-9.279009545300000354e+02,-9.135589214459999994e+02,-3.871961871733333727e-01,6.111136186223180630e+03,1.824390435924548193e+00
3.314999999999999858e+01,6.517121062300000176e+02,-9.291222962800000005e+02,-9.129481392210000195e+02,4.041278302499999864e-01,6.096023850488819335e+03,1.828913187385902583e+00
3.320000000000000284e+01,6.048955137899999954e+02,-9.274362072999999782e+02,-9.124239419900000030e+02,-1.237746309523333199e-01,6.120423139663765141e+03,1.821622158527830493e+00
3.325000000000000000e+01,6.298154153000000406e+02,-9.270502039699999841e+02,-9.114194778439999709e+02,-2.062141255333332923e-02,6.144670693690065491e+03,1.814433834872053897e+00
3.330000000000000426e+01,6.799452273000000559e+02,-9.271641941399999496e+02,-9.102893489549999231e+02,-2.780836756359999495e-01,6.151371143577523981e+03,1.812457442503441429e+00
3.335000000000000142e+01,7.229062818999999536e+02,-9.280493483899999774e+02,-9.101082979929999510e+02,2.059631161219999951e-01,6.129941385540098963e+03,1.818793640845826953e+00
3.339999999999999858e+01,6.290857012100000247e+02,-9.266616354799999726e+02,-9.110490193599999884e+02,4.596792467666668131e-03,6.139674985628545983e+03,1.815910196692049672e+00
3.345000000000000284e+01,5.853308509199999889e+02,-9.266240980000000036e+02,-9.120973874730000261e+02,1.829549971166667122e-01,6.161014764636653126e+03,1.809620466221283142e+00
3.350000000000000000e+01,5.655754450099999531e+02,-9.269916649199999483e+02,-9.129552430259999483e+02,-1.065349254583333322e-01,6.197893023185158199e+03,1.798852992310660870e+00
3.355000000000000426e+01,5.750253367300000491e+02,-9.276247323500000448e+02,-9.133537835360000372e+02,9.961851407333333075e-02,6.231552024332972906e+03,1.789136697766940731e+00
3.360000000000000142e+01,6.258882607299999563e+02,-9.289379946400000563e+02,-9.134047324320000598e+02,-5.406074748133332664e-01,6.252860246855522746e+03,1.783039756307478241e+00
3.364999999999999858e+01,6.141227952199999436e+02,-9.286082809299999781e+02,-9.133670134310000321e+02,-9.422443790833334720e-02,6.212626288660617320e+03,1.794587006002195562e+00
3.370000000000000284e+01,6.021804681700000401e+02,-9.281369072500000357e+02,-9.131920238010000048e+02,9.614727162999998911e-02,6.148305953848149329e+03,1.813361028951382181e+00
3.375000000000000000e+01,6.106664189499999793e+02,-9.282737810300000092e+02,-9.131182936970000128e+02,7.924683019666664205e-03,6.084657855408972864e+03,1.832329553397479716e+00
3.380000000000000426e+01,6.313707895200000166e+02,-9.288035348399999975e+02,-9.131342075180000393e+02,3.140749867390000283e-01,6.027316242693112144e+03,1.849761645457709491e+00
3.385000000000000142e+01,5.465986571500000082e+02,-9.272926935199999434e+02,-9.137272365569999693e+02,1.444066743433333189e-01,6.017313160285947561e+03,1.852836658786789048e+00
3.389999999999999858e+01,5.349344107099999519e+02,-9.277676218300000528e+02,-9.144916475270000547e+02,3.124404844196666531e-01,6.025771626531619404e+03,1.850235804106520998e+00
3.395000000000000284e+01,5.782880536599999459e+02,-9.292661990300000525e+02,-9.149142762780001021e+02,-2.722925374766666518e-01,6.054715076031413446e+03,1.841391092854811840e+00
3.400000000000000000e+01,5.432464280799999869e+02,-9.284700785999999653e+02,-9.149878170839999711e+02,8.100097274666670163e-03,6.052274917572848608e+03,1.842133505602406851e+00
3.405000000000000426e+01,5.804000345399999787e+02,-9.289032316999999921e+02,-9.144988939160000427e+02,1.426656199359999933e-01,6.042746959636338943e+03,1.845038106882595397e+00
3.410000000000000142e+01,5.988060598099999652e+02,-9.282178506599999537e+02,-9.133567131009999684e+02,-3.657360786699999644e-01,6.053541604119743170e+03,1.841748044349849733e+00
3.414999999999999858e+01,6.453606321500000149e+02,-9.282673193299999639e+02,-9.122507928229999834e+02,7.201230387833333635e-02,6.028574047425308891e+03,1.849375710254328009e+00
3.420000000000000284e+01,6.283199539299999969e+02,-9.276604233399999657e+02,-9.120668114960000139e+02,-1.318970774229999976e-01,6.009829743354305720e+03,1.855143803883414266e+00
3.425000000000000000e+01,5.994114520299999640e+02,-9.269756122700000560e+02,-9.120994501190000392e+02,-1.326989378700000055e-01,5.975118107081435483e+03,1.865921009588846546e+00
3.430000000000000426e+01,5.952632774500000323e+02,-9.267511518600000500e+02,-9.119779388890000291e+02,-1.193013214213333173e-01,5.923286517533071674e+03,1.882248710707541850e+00
3.435000000000000142e+01,6.299048846099999537e+02,-9.276032550200000060e+02,-9.119703084500000614e+02,2.300204656333333375e-01,5.859780297261140731e+03,1.902647854560191254e+00
3.439999999999999858e+01,6.243532681000000366e+02,-9.278631219799999599e+02,-9.123679551389999460e+02,7.676223970199999025e-01,5.814162943571570395e+03,1.917575843502114186e+00
3.445000000000000284e+01,6.152950395599999638e+02,-9.285985258499999873e+02,-9.133281656519999387e+02,1.803745689709999878e-01,5.851024589564179223e+03,1.905495053065303201e+00
3.450000000000000000e+01,5.559569325200000094e+02,-9.279187738699999954e+02,-9.141210637169999700e+02,-5.592704969000000803e-02,5.926983139763548934e+03,1.881074763985708165e+00
3.455000000000000426e+01,5.566479624500000227e+02,-9.281364873400000306e+02,-9.143216272430000799e+02,1.610903555367666773e-01,5.994630279684641209e+03,1.859847545320928219e+00
3.460000000000000142e+01,6.130032097199999725e+02,-9.296130940699999883e+02,-9.143996123849999549e+02,1.167545524999998550e-02,6.077640711301277406e+03,1.834445130994074136e+00
3.464999999999999858e+01,5.792989890100000139e+02,-9.286037061499999936e+02,-9.142266940570000315e+02,-2.457077534566666499e-01,6.166868962794669642e+03,1.807902596608035983e+00
3.470000000000000284e+01,5.528236609299999600e+02,-9.276974195999999893e+02,-9.139774708180000289e+02,-2.440383525299999745e-01,6.218632301702424229e+03,1.792853777144178817e+00
3.475000000000000000e+01,6.082174374200000102e+02,-9.286599243900000147e+02,-9.135652157529999613e+02,-5.324189689199999576e-01,6.217625492614620271e+03,1.793144090782090361e+00
3.480000000000000426e+01,6.613093370699999696e+02,-9.293526110899999821e+02,-9.129402704569999969e+02,7.287583309999999537e-02,6.148257384397382339e+03,1.813375353977761506e+00
3.485000000000000142e+01,6.276208509800000002e+02,-9.281132740100000547e+02,-9.125370124670000678e+02,1.598982797750000129e-01,6.089040616765264531e+03,1.831010681728844292e+00
3.489999999999999858e+01,6.267520521799999642e+02,-9.279966331800000034e+02,-9.124419334399999570e+02,4.103597667836666463e-01,6.066339434838045236e+03,1.837862607349408872e+00
3.495000000000000284e+01,6.213702389400000357e+02,-9.282291244100000540e+02,-9.128079902310000762e+02,-3.029599697743333153e-01,6.094389387991964213e+03,1.829403686076497504e+00
3.500000000000000000e+01,5.908653150999999752e+02,-9.283625613499999645e+02,-9.136984967789999246e+02,1.085102157083333435e-01,6.099619736193185418e+03,1.827834995126469630e+00
3.505000000000000426e+01,5.677347063400000025e+02,-9.286878056100000549e+02,-9.145977952810000033e+02,-2.596182427533333392e-01,6.096844848437464861e+03,1.828666906889609534e+00
3.510000000000000142e+01,5.403042758799999774e+02,-9.284636055700000270e+02,-9.150543622330000062e+02,4.828910297983333294e-02,6.066739635295340122e+03,1.837741370325880252e+00
3.514999999999999858e+01,5.589091442999999799e+02,-9.287342963999999483e+02,-9.148633184099999198e+02,-2.076402626333333501e-01,6.035810717209263203e+03,1.847158390668175665e+00
3.520000000000000284e+01,5.619205269899999848e+02,-9.281522442000000410e+02,-9.142065298710000434e+02,9.078653390430001247e-02,5.995513702527052374e+03,1.859573501779964166e+00
3.525000000000000000e+01,5.792687065000000075e+02,-9.275137093099999674e+02,-9.131374487670000235e+02,1.460044220349999977e-01,5.963821924925194253e+03,1.869455284065651535e+00
3.530000000000000426e+01,6.215379653500000359e+02,-9.276675948199999766e+02,-9.122422980149999603e+02,-7.065217026466666383e-02,5.960192981319124556e+03,1.870593527042214044e+00
3.535000000000000142e+01,5.652237892299999658e+02,-9.259786180099999910e+02,-9.119509234910000259e+02,-3.269002730430000114e-01,5.950455042623086229e+03,1.873654759327991082e+00
3.539999999999999858e+01,6.720940149699999893e+02,-9.283518488500000103e+02,-9.116718546429999606e+02,2.689739606909999914e-01,5.898468165845829390e+03,1.890168446671480762e+00
3.545000000000000284e+01,6.137281808300000421e+02,-9.271860536299999467e+02,-9.119545796499999142e+02,-9.864455183766666913e-02,5.869085443500532165e+03,1.899631299988072675e+00
3.550000000000000000e+01,6.241286371800000552e+02,-9.280085083699999586e+02,-9.125189164070000061e+02,2.481915666903333484e-01,5.851772334344084811e+03,1.905251567178009919e+00
3.555000000000000426e+01,5.627914368399999603e+02,-9.272079324400000360e+02,-9.132406039160000546e+02,8.560911631833334479e-02,5.858420229002721499e+03,1.903089565952133855e+00
3.560000000000000142e+01,6.186724410199999511e+02,-9.290374003700000003e+02,-9.136832199990000163e+02,1.378225536699999865e-01,5.870895770837048985e+03,1.899045536825872738e+00
3.564999999999999858e+01,5.994412569900000562e+02,-9.287176296000000093e+02,-9.138407277510000313e+02,-9.390297045833333189e-02,5.893271690312382816e+03,1.891835129390922798e+00
3.570000000000000284e+01,5.537792062900000474e+02,-9.275737284900000077e+02,-9.138300650329999826e+02,3.317922719933332765e-01,5.902706042512797467e+03,1.888811390992425121e+00
3.575000000000000000e+01,5.771920403399999486e+02,-9.280082277200000362e+02,-9.136835057690000212e+02,-3.200780053133333580e-01,5.930987147776097117e+03,1.879804850860028020e+00
3.580000000000000426e+01,6.192611387399999785e+02,-9.288862329300000056e+02,-9.135174422889999732e+02,1.071518043300000028e-01,5.934726077234248805e+03,1.878620557323816165e+00
3.585000000000000142e+01,5.996069776499999762e+02,-9.283987177000000202e+02,-9.135177030040000545e+02,-2.498682111333334552e-02,5.957361518194852579e+03,1.871482597912958568e+00
3.589999999999999858e+01,6.033857348899999806e+02,-9.284207458399999950e+02,-9.134459501439999940e+02,1.267785611180000105e-01,5.981445548432561736e+03,1.863947154663910810e+00
3.595000000000000284e+01,6.060299312099999725e+02,-9.284458446800000502e+02,-9.134054254580000816e+02,-3.045934729333333313e-01,5.996534684860485868e+03,1.859256886969441691e+00
3.600000000000000000e+01,6.349934889600000361e+02,-9.293933113499999763e+02,-9.136340760619999628e+02,5.527818621099999108e-01,5.980738928876349746e+03,1.864167378540407594e+00
3.605000000000000426e+01,5.540593331400000352e+02,-9.284909761100000196e+02,-9.147403604800000494e+02,-4.080279819966666222e-01,6.018809092572608279e+03,1.852376149384155291e+00
3.610000000000000142e+01,5.790088296999999784e+02,-9.300173669399999881e+02,-9.156475560059999452e+02,2.888890515233333289e-01,6.021507956898793054e+03,1.851545906869483948e+00
3.614999999999999858e+01,5.473954368400000021e+02,-9.295850385300000198e+02,-9.159998071310000114e+02,-3.135427261600000071e-01,6.039348115253035758e+03,1.846076463554024771e+00
3.620000000000000284e+01,5.644862712999999985e+02,-9.297194896400000061e+02,-9.157100988030000508e+02,8.135248041266666952e-02,6.031471776714380212e+03,1.848487205696818458e+00
3.625000000000000000e+01,5.311506295000000364e+02,-9.281663631300000361e+02,-9.149842945120000195e+02,-1.557704495626333341e-01,6.012932727624913241e+03,1.854186453734339990e+00
3.630000000000000426e+01,6.227510849899999812e+02,-9.293545014899999614e+02,-9.138990975460000072e+02,2.501251620366666817e-01,5.985217689735580279e+03,1.862772415094987588e+00
3.635000000000000142e+01,6.075284052599999995e+02,-9.284605229700000564e+02,-9.133829146970000465e+02,-2.882570727300000080e-01,5.981323222570350481e+03,1.863985274814641047e+00
3.639999999999999858e+01,6.114210701800000152e+02,-9.283713791100000208e+02,-9.131971628820000433e+02,4.468015938833333478e-01,5.958225513038991267e+03,1.871211216557561174e+00
3.645000000000000284e+01,6.623110254199999645e+02,-9.295746594700000287e+02,-9.131374589870000591e+02,-2.847385079563333199e-01,5.976765921426576824e+03,1.865406568928642983e+00
3.650000000000000000e+01,6.214258150599999908e+02,-9.288298192400000062e+02,-9.134073057750000544e+02,1.597815579496666694e-01,5.996250560822003536e+03,1.859344985285204865e+00
3.655000000000000426e+01,5.582919308199999477e+02,-9.276793559499999446e+02,-9.138236959309999747e+02,4.925995974540000460e-02,6.023251130865318373e+03,1.851010055623610873e+00
3.660000000000000142e+01,5.869272482300000320e+02,-9.285584925000000567e+02,-9.139921626680001054e+02,3.168536591333332569e-02,6.062377937670779829e+03,1.839063569676022691e+00
3.664999999999999858e+01,5.777789180299999998e+02,-9.283576947200000404e+02,-9.140184076689999984e+02,-3.552372091056666403e-01,6.096409036612697491e+03,1.828797632150463537e+00
3.670000000000000284e+01,6.194361760499999718e+02,-9.292145394399999532e+02,-9.138414047329999903e+02,5.971125295666668276e-02,6.079960704283639643e+03,1.833745142945230944e+00
3.675000000000000000e+01,6.001954678500000000e+02,-9.282480510999999979e+02,-9.133524312849999660e+02,-6.550282113666668071e-02,6.058333291170692064e+03,1.840291359840913410e+00
3.680000000000000426e+01,6.658428870499999448e+02,-9.292697018200000230e+02,-9.127448477799999864e+02,8.068408590666672695e-03,6.039918989041343593e+03,1.845901978322324277e+00
3.685000000000000142e+01,6.127013553100000536e+02,-9.277838272999999845e+02,-9.125778370220000397e+02,9.302391915666667621e-02,6.024652149207611728e+03,1.850579607694755824e+00
3.689999999999999858e+01,6.519932627099999536e+02,-9.288383027500000253e+02,-9.126571679639999957e+02,4.033483005966666257e-02,6.023066193020872561e+03,1.851066890763515271e+00
3.695000000000000284e+01,6.239743993800000226e+02,-9.287944058399999676e+02,-9.133086417429999528e+02,2.485409100189999998e-01,6.038434485807399142e+03,1.846355779297196964e+00
3.700000000000000000e+01,5.574907985099999905e+02,-9.283731351899999709e+02,-9.145373576309999635e+02,-2.394640034520000016e-01,6.083522839816336273e+03,1.832671414958406686e+00
3.705000000000000426e+01,5.755571748700000398e+02,-9.296462537300000122e+02,-9.153621057850000398e+02,-1.134103538700000219e-01,6.119731539415756743e+03,1.821828022842057582e+00
3.710000000000000142e+01,5.001099737900000264e+02,-9.277875768500000504e+02,-9.153758736060000274e+02,-1.575007783446666643e-01,6.138164968126099666e+03,1.816356919156192351e+00
3.714999999999999858e+01,5.817098331099999768e+02,-9.291834064299999909e+02,-9.147465621339999871e+02,-2.553662525200000033e-01,6.119302540245821547e+03,1.821955743722733834e+00
3.720000000000000284e+01,5.595271084400000063e+02,-9.282472336199999745e+02,-9.143609190280000121e+02,-7.180969661800001846e-02,6.040596113371087995e+03,1.845695060806836318e+00
3.725000000000000000e+01,5.789794865100000152e+02,-9.280440570199999684e+02,-9.136749743230000149e+02,6.487488466899999917e-01,5.939507149148545977e+03,1.877108340946480824e+00
3.730000000000000426e+01,5.981300682999999481e+02,-9.283183649400000377e+02,-9.134740041030000839e+02,2.053254961899999842e-01,5.922129998616343983e+03,1.882616290656044855e+00
3.735000000000000142e+01,5.759071192799999608e+02,-9.279745820099999492e+02,-9.136817491629999495e+02,2.385454615699998671e-02,5.947795015722669632e+03,1.874492712224607560e+00
3.739999999999999858e+01,5.880824738999999681e+02,-9.283267225800000233e+02,-9.137317224170000145e+02,-1.273349595443333260e-01,5.980661778458175831e+03,1.864191426262570728e+00
3.745000000000000284e+01,6.185530793799999856e+02,-9.290445924299999660e+02,-9.136933743700000150e+02,-1.252049518979999887e-01,6.011206795589680951e+03,1.854718826003106669e+00
3.750000000000000000e+01,6.375511295500000415e+02,-9.294967598299999736e+02,-9.136740491519999523e+02,4.026408605666665502e-02,6.034070785586074635e+03,1.847691021028535108e+00
3.755000000000000426e+01,5.891177098800000067e+02,-9.287630294199999526e+02,-9.141423368249999157e+02,1.369997702740000101e-01,6.034680388718476024e+03,1.847504373491039242e+00
3.760000000000000142e+01,5.223414419499999894e+02,-9.279478327399999671e+02,-9.149843900789999225e+02,-3.091556462033333286e-02,6.032217168892480004e+03,1.848258790859310663e+00
3.764999999999999858e+01,5.800602509599999621e+02,-9.297225509300000112e+02,-9.153266458780000221e+02,-9.939346341166666043e-02,6.025823456410439576e+03,1.850219889684499019e+00
3.770000000000000284e+01,5.798721622399999660e+02,-9.297484288499999820e+02,-9.153571917739999435e+02,1.725533813199999766e-01,6.013917522942768301e+03,1.853882825669754375e+00
3.775000000000000000e+01,5.773166968599999791e+02,-9.294935610799999495e+02,-9.151657454099999995e+02,-1.466448114929999880e-01,6.020972260597828608e+03,1.851710642106659366e+00
3.780000000000000426e+01,5.970677212800000007e+02,-9.293693354199999703e+02,-9.145513398559999132e+02,3.774817758000000301e-01,6.037976632378907198e+03,1.846495786517369675e+00
3.785000000000000142e+01,6.346114240800000061e+02,-9.291448096899999882e+02,-9.133950564680000070e+02,-3.564869424533332887e-01,6.104494848857437319e+03,1.826375267212280162e+00
3.789999999999999858e+01,6.282339345300000559e+02,-9.281516357299999527e+02,-9.125601587109999855e+02,-2.228681880000055182e-04,6.146750117118323942e+03,1.813820018440058357e+00
3.795000000000000284e+01,6.212992216300000337e+02,-9.277304906699999947e+02,-9.123111189940000259e+02,1.414976293300000132e-01,6.175015281704798326e+03,1.805517541601928899e+00
3.800000000000000000e+01,5.978772331699999540e+02,-9.274116667199999711e+02,-9.125735807319999822e+02,-1.607074329410000113e-01,6.201564183996684733e+03,1.797788119253616701e+00
3.805000000000000426e+01,5.580972883099999535e+02,-9.270794521899999836e+02,-9.132286227989999361e+02,-1.456486274133333148e-01,6.196793174447088859e+03,1.799172264898573514e+00
3.810000000000000142e+01,5.990461083599999483e+02,-9.288680217600000333e+02,-9.140009266890000390e+02,-4.804749253999999331e-02,6.158348256092622250e+03,1.810404015353935581e+00
3.814999999999999858e+01,5.633793276400000423e+02,-9.290325712899999644e+02,-9.150506525229999397e+02,3.362162964433332984e-02,6.109457219314856957e+03,1.824891804713922205e+00
3.820000000000000284e+01,5.358579210599999669e+02,-9.290428621500000190e+02,-9.157439682149999953e+02,-9.294592854509997615e-02,6.052927798786465246e+03,1.841934809302242293e+00
3.825000000000000000e+01,5.726771956400000363e+02,-9.299022221599999511e+02,-9.156895493899999110e+02,-3.727787888033332747e-02,5.987177411417447729e+03,1.862162692810278797e+00
3.830000000000000426e+01,5.613862338200000295e+02,-9.293814689499999986e+02,-9.154490146809999942e+02,-8.880613834466666301e-02,5.927074313945818176e+03,1.881045828047957169e+00
3.835000000000000142e+01,5.657855945699999438e+02,-9.290011557899999843e+02,-9.149595184149999341e+02,3.473412688533333292e-01,5.856069549632235976e+03,1.903853483345012254e+00
3.840000000000000568e+01,5.854441445400000248e+02,-9.289517435300000443e+02,-9.144222212880000598e+02,6.179824762966666940e-01,5.823909319429846619e+03,1.914366759383106631e+00
3.845000000000000284e+01,5.710200804400000152e+02,-9.283231786600000532e+02,-9.141516320880000421e+02,-1.415006786566666563e-01,5.858565534567575014e+03,1.903042365062647123e+00
3.850000000000000000e+01,6.049249694200000249e+02,-9.289657879799999591e+02,-9.139527916419999656e+02,2.113739087039999964e-01,5.896432953774328780e+03,1.890820856979542164e+00
3.855000000000000426e+01,6.453970980499999541e+02,-9.298351737699999831e+02,-9.138177422539999952e+02,-3.900283835833333601e-01,5.954891950317412920e+03,1.872258725061117346e+00
3.860000000000000142e+01,6.432331084099999998e+02,-9.300433195000000524e+02,-9.140795937670000058e+02,-1.564272991203333463e-01,5.972655328369964082e+03,1.866690407835866594e+00
3.865000000000000568e+01,5.956709645800000317e+02,-9.294476698900000429e+02,-9.146643389609999986e+02,2.586989470656666026e-02,5.977477965225733897e+03,1.865184359631002708e+00
3.870000000000000284e+01,5.498184129500000381e+02,-9.285267867799999522e+02,-9.148814220859999295e+02,-8.920614473933334565e-02,5.975134116680477746e+03,1.865916010094839317e+00
3.875000000000000000e+01,5.868369999400000552e+02,-9.292683748700000024e+02,-9.147042848150000509e+02,-3.184914329272333505e-02,5.945438224826526493e+03,1.875235767184056934e+00
3.880000000000000426e+01,5.849988689399999657e+02,-9.290800980300000447e+02,-9.145616266140000334e+02,2.370012418833332968e-01,5.913190638930702335e+03,1.885462365677104346e+00
3.885000000000000142e+01,5.816788364899999806e+02,-9.288118739899999809e+02,-9.143757989659999339e+02,-1.031086355816666633e-01,5.910956603004402496e+03,1.886174972949583362e+00
3.890000000000000568e+01,5.989240738199999896e+02,-9.288354030499999681e+02,-9.139713366259999248e+02,-1.048898088337333473e-01,5.906661798284441829e+03,1.887546433421359193e+00
3.895000000000000284e+01,6.302677764000000025e+02,-9.288084258400000408e+02,-9.131664730400000280e+02,6.455608195333333021e-02,5.891969655083029465e+03,1.892253196035999840e+00
3.900000000000000000e+01,6.661398436900000206e+02,-9.285984859300000380e+02,-9.120662620350000225e+02,-5.312174425666666561e-02,5.894773844829364862e+03,1.891353036479505700e+00
3.905000000000000426e+01,6.780459648900000502e+02,-9.280713633000000300e+02,-9.112436539100000346e+02,4.261814062900000089e-01,5.901521579202863904e+03,1.889190484377408996e+00
3.910000000000000142e+01,6.210988700699999754e+02,-9.268685056699999905e+02,-9.114541063089999398e+02,-7.026573642666665565e-02,5.944878445446744081e+03,1.875412342420091250e+00
3.915000000000000568e+01,6.467393710500000452e+02,-9.286158342899999525e+02,-9.125650903129999278e+02,-4.008513935900000907e-02,5.979042797575599252e+03,1.864696204432381821e+00
3.920000000000000284e+01,6.039382080100000394e+02,-9.292852863000000525e+02,-9.142967793550000124e+02,-2.358749735700000072e-01,6.008457825230469098e+03,1.855567391013573264e+00
3.925000000000000000e+01,5.947069567800000414e+02,-9.296462365700000419e+02,-9.148868303369999921e+02,-1.351072398673333341e-01,6.012752429850903354e+03,1.854242053178040361e+00
3.930000000000000426e+01,5.915086988599999813e+02,-9.296084931899999901e+02,-9.149284611550000363e+02,-1.303396499293333344e-01,6.002509246103872101e+03,1.857406286881554180e+00
3.935000000000000142e+01,5.992633345699999836e+02,-9.295460083899999972e+02,-9.146735222099999874e+02,6.726080677000000063e-02,5.988217740865062297e+03,1.861839180411529737e+00
3.940000000000000568e+01,6.085033592700000327e+02,-9.293173206100000243e+02,-9.142155159789999743e+02,1.708171830726666618e-01,5.975980948773246382e+03,1.865651598683005341e+00
3.945000000000000284e+01,6.091160890800000516e+02,-9.287743780600000036e+02,-9.136573667330000035e+02,8.404256224366668526e-02,5.985721001615730529e+03,1.862615783089205834e+00
3.950000000000000000e+01,6.087316332699999748e+02,-9.280335244999999986e+02,-9.129260545769999453e+02,-3.330206203666667003e-02,6.012495349520290802e+03,1.854321336259748598e+00
3.955000000000000426e+01,6.447149411399999508e+02,-9.280872908400000370e+02,-9.120867890590000115e+02,-2.173591950686333263e-01,6.035159246442259246e+03,1.847357783864677527e+00
3.960000000000000142e+01,7.099226118599999609e+02,-9.290268164999999954e+02,-9.114079941490000465e+02,1.705658188566666622e-01,6.035427413914989302e+03,1.847275701646774460e+00
3.965000000000000568e+01,6.494445689100000436e+02,-9.273220988499999748e+02,-9.112042174140000270e+02,-8.791197535333326873e-03,6.051415677812157810e+03,1.842395069910130356e+00
3.970000000000000284e+01,6.272977657200000294e+02,-9.273504305500000555e+02,-9.117821873200000482e+02,1.670976434906666641e-01,6.068921694087744982e+03,1.837080617078859168e+00
3.975000000000000000e+01,5.952988064600000371e+02,-9.276753398500000003e+02,-9.129012451219999775e+02,-4.403067395933333295e-01,6.098849965790391252e+03,1.828065696535478235e+00
3.980000000000000426e+01,5.533236343400000123e+02,-9.273618293099999619e+02,-9.136294722139999749e+02,-2.724974431766666316e-02,6.086733395452461082e+03,1.831704739870443133e+00
3.985000000000000142e+01,5.993767725899999732e+02,-9.286739347499999440e+02,-9.137986332709999715e+02,-1.121711784709999993e-01,6.057359891628281730e+03,1.840587089135460763e+00
3.990000000000000568e+01,5.903704927600000474e+02,-9.285306054999999787e+02,-9.138788214039999502e+02,8.186922068999994209e-03,6.011223216393478651e+03,1.854713759484555302e+00
3.995000000000000284e+01,5.647042347899999868e+02,-9.279748007900000175e+02,-9.139600005460000602e+02,1.597911943545666791e-01,5.961682457172907561e+03,1.870126175097391652e+00
4.000000000000000000e+01,5.835622523099999626e+02,-9.283482700900000282e+02,-9.138654525509999758e+02,-8.469896118466664625e-02,5.924752637819237862e+03,1.881782935478249819e+00
4.005000000000000426e+01,6.183411039500000470e+02,-9.286914568700000245e+02,-9.133454996049999863e+02,4.861443325666667259e-01,5.903488674245259062e+03,1.888560989270190005e+00
4.010000000000000142e+01,6.366032407000000148e+02,-9.284976268499999605e+02,-9.126984408270000131e+02,-2.272365561633333531e-01,5.927065635652353194e+03,1.881048582238431965e+00
4.015000000000000568e+01,6.702275804399999970e+02,-9.287998425099999622e+02,-9.121661693779999496e+02,1.722857398043333432e-01,5.946058328896823696e+03,1.875040202110914933e+00
4.020000000000000284e+01,6.114894324499999811e+02,-9.270101993700000094e+02,-9.118342865309999752e+02,-2.071019059726666445e-01,5.992679091355998935e+03,1.860453102996913133e+00
4.025000000000000000e+01,6.138900005399999600e+02,-9.265910649200000080e+02,-9.113555749070000047e+02,-4.068038220933332672e-01,6.018036775352153199e+03,1.852613871759795972e+00
4.030000000000000426e+01,6.632621399900000370e+02,-9.274974855799999887e+02,-9.110366803849999542e+02,2.894976613333333226e-01,6.009214712797407628e+03,1.855333673971497177e+00
4.035000000000000142e+01,6.707067646100000502e+02,-9.279221781100000044e+02,-9.112766126100000292e+02,-1.883273699783333532e-01,6.031351889655417835e+03,1.848523948652406990e+00
4.040000000000000568e+01,6.340344521299999769e+02,-9.283283724100000427e+02,-9.125929384480000408e+02,-3.257090604433333647e-01,6.043934253657152112e+03,1.844675660399801576e+00
4.045000000000000284e+01,5.778493464599999925e+02,-9.284421987700000045e+02,-9.141011638300000186e+02,-7.350291981100000316e-02,6.004298087379394929e+03,1.856852915782545299e+00
4.050000000000000000e+01,5.556660792200000287e+02,-9.285730084799999986e+02,-9.147825167099999817e+02,1.072270786083333455e-01,5.944167292493130844e+03,1.875636714474397282e+00
4.055000000000000426e+01,5.943333258400000432e+02,-9.297382869299999584e+02,-9.149881534499999134e+02,-7.331841708963333926e-02,5.893638383774177782e+03,1.891717422207758847e+00
4.060000000000000142e+01,5.556856162200000426e+02,-9.286620183400000315e+02,-9.148710417010000810e+02,4.391824695266666190e-01,5.856851236194698686e+03,1.903599384918261750e+00
4.065000000000000568e+01,5.181826324999999542e+02,-9.271662517700000308e+02,-9.143060222249999924e+02,3.233713841100002012e-02,5.882528669000250375e+03,1.895290110447146459e+00
4.070000000000000284e+01,6.060457672700000558e+02,-9.280331844900000533e+02,-9.129923722490000273e+02,7.173164983766666669e-02,5.933200870579260481e+03,1.879103481236005901e+00
4.075000000000000000e+01,5.903760584899999913e+02,-9.270436772499999734e+02,-9.123917550239999628e+02,6.155929570533333339e-02,5.994718527862052724e+03,1.859820166528183494e+00
4.080000000000000426e+01,6.101872465300000385e+02,-9.272787760600000411e+02,-9.121351808030000257e+02,-1.266065717666666757e-01,6.051595761677510382e+03,1.842340243771907859e+00
4.085000000000000142e+01,6.291133444199999758e+02,-9.276112016099999664e+02,-9.119978994429999375e+02,-3.757486516013333055e-01,6.086122016994442674e+03,1.831888742888502897e+00
4.090000000000000568e+01,5.717712236700000403e+02,-9.264663544899999579e+02,-9.122761660849999998e+02,2.095129381333336264e-03,6.070745477699797448e+03,1.836528718216395628e+00
4.095000000000000284e+01,5.828412131200000204e+02,-9.272836762299999691e+02,-9.128187534039999491e+02,3.069641616636666348e-01,6.026608111337464834e+03,1.849978993955807116e+00
4.100000000000000000e+01,5.809051889099999926e+02,-9.280312893399999439e+02,-9.136144146619999447e+02,3.125874860833333102e-01,5.994754018982111120e+03,1.859809155717629947e+00
4.105000000000000426e+01,5.951774733199999901e+02,-9.293766163100000313e+02,-9.146055328209999971e+02,-9.063106188333317284e-03,5.989534157856467573e+03,1.861429973840908136e+00
4.110000000000000142e+01,5.657847138299999870e+02,-9.293775319000000081e+02,-9.153359163840000292e+02,1.679527594799999982e-02,5.979572128285491090e+03,1.864531135603969103e+00
4.115000000000000568e+01,5.583384281099999953e+02,-9.294168207599999505e+02,-9.155600067739999304e+02,-4.117305303666667082e-02,5.973854727469908539e+03,1.866315623563872483e+00
4.120000000000000284e+01,6.131383843099999922e+02,-9.307711881799999674e+02,-9.155543517389999124e+02,3.677589611433333405e-01,5.971399580266620433e+03,1.867082961190848156e+00
4.125000000000000000e+01,5.359825148700000454e+02,-9.288409423800000013e+02,-9.155389562829999477e+02,-2.360786752880000006e-01,5.993159693017065365e+03,1.860303910100772118e+00
4.130000000000000426e+01,5.579265334200000552e+02,-9.288393139800000426e+02,-9.149927223750000849e+02,-1.038311618833333456e-02,5.993778635286807003e+03,1.860111807456582333e+00
4.135000000000000142e+01,5.762252341299999898e+02,-9.284879799799999773e+02,-9.141872521750000260e+02,9.314443869166667833e-02,5.985868807227047000e+03,1.862569790590316687e+00
4.140000000000000568e+01,5.978333097900000439e+02,-9.283732176900000468e+02,-9.135362217910000027e+02,-6.774286556333330989e-03,5.982435592453325626e+03,1.863638686698485092e+00
4.145000000000000284e+01,6.137156316900000093e+02,-9.284796954900000401e+02,-9.132485329539999839e+02,-1.811879563933332590e-02,5.975372603467345471e+03,1.865841538368414376e+00
4.150000000000000000e+01,6.419487177199999905e+02,-9.292359016899999915e+02,-9.133040518980000115e+02,2.381523530683333501e-01,5.970149682813183972e+03,1.867473849587711232e+00
4.155000000000000426e+01,5.775049773499999901e+02,-9.279817987999999787e+02,-9.136493103949999295e+02,-4.825692623300000261e-01,5.982477488969083424e+03,1.863625635254873680e+00
4.160000000000000142e+01,6.203971648699999832e+02,-9.292600277400000550e+02,-9.138630432620000192e+02,4.179815431166666873e-01,5.941959657541928209e+03,1.876333575679332677e+00
4.165000000000000568e+01,5.845613529900000458e+02,-9.284579558799999859e+02,-9.139503427119999515e+02,-6.627820297096666258e-02,5.923844899978626017e+03,1.882071289681844561e+00
4.170000000000000284e+01,5.773669948199999453e+02,-9.283016331000000037e+02,-9.139725691380000399e+02,2.273855542256666695e-01,5.896874795082526362e+03,1.890679181466656589e+00
4.175000000000000000e+01,6.165699649099999533e+02,-9.290761452799999915e+02,-9.137741440510000075e+02,1.861705969293333263e-01,5.892208252896677550e+03,1.892176571542080854e+00
4.180000000000000426e+01,6.322938361400000531e+02,-9.293721081200000071e+02,-9.136798726749999560e+02,-2.565923258400000240e-01,5.907744033061293521e+03,1.887200655340633304e+00
4.185000000000000142e+01,6.225567835000000514e+02,-9.294621563700000024e+02,-9.140115745900000093e+02,3.232394523566666789e-01,5.892071917368932191e+03,1.892220354254696479e+00
4.190000000000000568e+01,5.808187190800000508e+02,-9.291001967700000250e+02,-9.146854680950000329e+02,-3.162769859966667041e-01,5.910153728011797284e+03,1.886431203631076636e+00
4.195000000000000284e+01,5.929917769300000145e+02,-9.299770469500000445e+02,-9.152602079609999919e+02,2.317999282966666519e-01,5.910535079149033663e+03,1.886309490000214195e+00
4.200000000000000000e+01,5.614923617299999705e+02,-9.298537412299999687e+02,-9.159186530839999705e+02,7.331517249533332781e-02,5.924432986688970232e+03,1.881884466551956958e+00
4.205000000000000426e+01,5.476441250999999966e+02,-9.300315262699999721e+02,-9.164401229379999450e+02,-1.669499980043333276e-01,5.953382871987884755e+03,1.872733309869454299e+00
4.210000000000000142e+01,5.239238698899999918e+02,-9.297218531700000312e+02,-9.167191378950000171e+02,-1.154785867476666866e-01,5.976582413618586543e+03,1.865463845252599340e+00
4.215000000000000568e+01,5.570765233299999863e+02,-9.299412048100000447e+02,-9.161157087110000248e+02,-4.101668442333333831e-02,5.990409812461242836e+03,1.861157877310104736e+00
4.220000000000000284e+01,5.929539322499999798e+02,-9.295600496600000042e+02,-9.148441498979999551e+02,1.555165508633333527e-01,6.007431481664784769e+03,1.855884406639681128e+00
4.225000000000000000e+01,5.609806419100000312e+02,-9.278970925700000407e+02,-9.139747042600000668e+02,-7.527886916366667291e-01,6.024503532054615789e+03,1.850625259236202247e+00
4.230000000000000426e+01,6.536136946599999646e+02,-9.295504603499999803e+02,-9.133291097679999666e+02,4.268451601300000120e-01,5.972076251838399003e+03,1.866871409645169066e+00
4.235000000000000142e+01,6.188223938899999439e+02,-9.285114625600000409e+02,-9.131535606660000894e+02,-4.295769410170000024e-01,5.956666214495727218e+03,1.871701050437629243e+00
4.240000000000000568e+01,6.682062405000000354e+02,-9.295904158499999994e+02,-9.130069082270000536e+02,3.771020187021332792e-01,5.920564230636049615e+03,1.883114172309255707e+00
4.245000000000000284e+01,6.157923047399999632e+02,-9.284395864900000106e+02,-9.131568851910000149e+02,1.676640123433333421e-02,5.921410428700284683e+03,1.882845066226080277e+00
4.250000000000000000e+01,5.988398567299999513e+02,-9.285981627999999546e+02,-9.137361864709999963e+02,4.217649763373333971e-01,5.934027930411734815e+03,1.878841579703249831e+00
4.255000000000000426e+01,5.511145384599999488e+02,-9.285996993300000213e+02,-9.149221674610000719e+02,2.276038580033333536e-02,5.986913872210990121e+03,1.862244663737008921e+00
4.260000000000000142e+01,5.487417621299999837e+02,-9.294822200099999918e+02,-9.158635755799999743e+02,-5.980954798133333861e-02,6.056816450534020078e+03,1.840752233757222633e+00
4.265000000000000568e+01,5.416830955899999935e+02,-9.294246798000000354e+02,-9.159812169880000283e+02,-2.294328410990000011e-01,6.110627097840835631e+03,1.824542429486079476e+00
4.270000000000000284e+01,5.837195675599999731e+02,-9.301733254099999613e+02,-9.156866036289999329e+02,-3.078893551999999437e-02,6.125327663351114097e+03,1.820163593449042327e+00
4.275000000000000000e+01,5.591247318900000209e+02,-9.290354289499999823e+02,-9.151591005179999456e+02,-1.269045445399999972e-01,6.115150425161979001e+03,1.823192830204609427e+00
4.280000000000000426e+01,5.906312610400000267e+02,-9.291421209500000487e+02,-9.144838651210000080e+02,4.959544263199999747e-01,6.105463236484715708e+03,1.826085585800234723e+00
4.285000000000000142e+01,5.671246214499999496e+02,-9.279812812799999620e+02,-9.139064120059999823e+02,-5.747942817000000204e-01,6.150041716847589669e+03,1.812849233239483437e+00
4.290000000000000568e+01,6.234758390599999984e+02,-9.288459593600000517e+02,-9.133725685070000964e+02,2.237977208866666901e-01,6.145278484892345659e+03,1.814254380527606347e+00
4.295000000000000284e+01,6.017964472899999464e+02,-9.280669269899999563e+02,-9.131315741509999953e+02,-1.585582718843333294e-01,6.170478933806623900e+03,1.806844903026029847e+00
4.300000000000000000e+01,6.101009782300000097e+02,-9.282708223500000031e+02,-9.131293680950000180e+02,2.244847474046667013e-02,6.188966291543917578e+03,1.801447590046043601e+00
4.305000000000000426e+01,6.121508771400000342e+02,-9.282674888899999814e+02,-9.130751603510000223e+02,-3.075358089566666564e-01,6.200260388134180175e+03,1.798166159620441906e+00
4.310000000000000142e+01,6.119878354799999443e+02,-9.281269385199999533e+02,-9.129386563399999659e+02,-5.653935725333333884e-02,6.178652813852321742e+03,1.804454586893457391e+00
4.315000000000000568e+01,5.996280991400000175e+02,-9.278917219100000011e+02,-9.130101830219999783e+02,-3.501811422600000223e-01,6.126355851268763217e+03,1.819858114913292191e+00
4.320000000000000284e+01,6.639971231099999613e+02,-9.290343826399999898e+02,-9.125553366729999425e+02,3.982057630266666592e-01,6.021767902637069710e+03,1.851465979931831152e+00
4.325000000000000000e+01,6.233180395599999883e+02,-9.274940831000000117e+02,-9.120246085060000496e+02,2.055244339480000182e-01,5.976391319334194122e+03,1.865523493200586858e+00
4.330000000000000426e+01,6.038026545500000566e+02,-9.270807099099999959e+02,-9.120955671240000129e+02,-8.274159069766666430e-02,5.966399075012353023e+03,1.868647784133498746e+00
4.335000000000000142e+01,6.052155300499999839e+02,-9.275074219399999720e+02,-9.124872144830000025e+02,-1.134756470999999899e-02,5.939635010464049628e+03,1.877067932816790519e+00
4.340000000000000568e+01,5.791593497300000308e+02,-9.276818798000000470e+02,-9.133083332670000800e+02,-2.265716926466666559e-01,5.908944713790728201e+03,1.886817181544685473e+00
4.345000000000000284e+01,5.592537373999999772e+02,-9.281205072999999857e+02,-9.142409772160000330e+02,3.953979063899999979e-01,5.847253470110981652e+03,1.906723980372682314e+00
4.350000000000000000e+01,5.698023532800000339e+02,-9.288219840100000511e+02,-9.146806589270000813e+02,1.168896569979999828e-01,5.823258039469205869e+03,1.914580864390862169e+00
4.355000000000000426e+01,5.820266635100000485e+02,-9.292657840800000031e+02,-9.148210767040000064e+02,1.027627923833333429e-01,5.830218808560922298e+03,1.912295023028463437e+00
4.360000000000000142e+01,5.950452388800000563e+02,-9.293116105100000368e+02,-9.145438088089999837e+02,3.356050561223999917e-01,5.867813915955348421e+03,1.900042941113408990e+00
4.365000000000000568e+01,6.391062425400000393e+02,-9.291770813000000544e+02,-9.133157759080000915e+02,-1.341764758366666699e-01,5.959871447564232767e+03,1.870694445151927843e+00
4.370000000000000284e+01,6.561308334699999705e+02,-9.281803251999999702e+02,-9.118965043989999231e+02,-2.633507555766666508e-01,6.045911900615636114e+03,1.844072258089422656e+00
4.375000000000000000e+01,6.537083558199999516e+02,-9.275084562299999789e+02,-9.112847563529999206e+02,-3.344176815869999708e-01,6.101234283406654868e+03,1.827351301866879663e+00
4.380000000000000426e+01,6.126132032399999616e+02,-9.262954243100000440e+02,-9.110916217860000188e+02,-2.041120495099999765e-01,6.107684539857546042e+03,1.825421456858351110e+00
4.385000000000000142e+01,6.149291114200000266e+02,-9.263723747400000548e+02,-9.111110961270001098e+02,-1.162763304553333238e-01,6.070230252507490150e+03,1.836684597947914943e+00
4.390000000000000568e+01,6.529628613099999939e+02,-9.275642552499999738e+02,-9.113590570169999410e+02,-1.489298583576666724e-01,6.030907227856969257e+03,1.848660241245283720e+00
4.395000000000000284e+01,6.171605155600000217e+02,-9.273448164999999790e+02,-9.120281590160000178e+02,2.648896131703333268e-01,6.001918730922857321e+03,1.857589032876441504e+00
4.400000000000000000e+01,6.011269853400000329e+02,-9.277274118699999690e+02,-9.128086737029999540e+02,8.847890923366664995e-02,6.004976632304575105e+03,1.856643096794069692e+00
4.405000000000000426e+01,6.000123770100000229e+02,-9.283617518900000505e+02,-9.134706760140001052e+02,7.619516413566665425e-02,6.034154567577434136e+03,1.847665366526081598e+00
4.410000000000000142e+01,5.901418747599999506e+02,-9.285163037600000280e+02,-9.138701934939999774e+02,2.487836965923333477e-01,6.077283070672341637e+03,1.834553085832242303e+00
4.415000000000000568e+01,6.160777757800000245e+02,-9.294631262999999990e+02,-9.141733401950000371e+02,-7.988457674000000452e-02,6.139661667955198027e+03,1.815914135622260561e+00
4.420000000000000284e+01,5.809116826199999650e+02,-9.289692361600000368e+02,-9.145522003209999866e+02,5.071000654233332600e-02,6.192137044393988617e+03,1.800525138711481565e+00
4.425000000000000000e+01,5.560501760399999966e+02,-9.287542932300000302e+02,-9.149542689649999829e+02,-1.590856504033333341e-01,6.240921312114006469e+03,1.786450726295317093e+00
4.430000000000000426e+01,5.541348759300000211e+02,-9.290909529499999735e+02,-9.153384625029999597e+02,1.233218436529999879e-01,6.265251381922827932e+03,1.779513339711565001e+00
4.435000000000000142e+01,5.837949435900000026e+02,-9.298993079399999715e+02,-9.154107154810000111e+02,-3.615492255000001681e-02,6.292995998366515778e+03,1.771667805552709973e+00
4.440000000000000568e+01,5.764752648099999988e+02,-9.292399212599999601e+02,-9.149329882069999940e+02,9.064378146333333663e-02,6.315366392268843811e+03,1.765392174938023029e+00
4.445000000000000284e+01,6.159890119000000368e+02,-9.291610183400000551e+02,-9.138734351730000753e+02,-2.719348953393332935e-01,6.343820039917625763e+03,1.757473941666661821e+00
4.450000000000000000e+01,5.938502840400000196e+02,-9.276182356299999583e+02,-9.128800902559999031e+02,1.639764294499999886e-01,6.344236476739576574e+03,1.757358580761435141e+00
4.455000000000000426e+01,6.300704829200000177e+02,-9.279541961300000139e+02,-9.123171397490000345e+02,-3.135371888700000387e-01,6.342904911229301433e+03,1.757727502904850025e+00
4.460000000000000142e+01,6.051061651400000301e+02,-9.272498725499999637e+02,-9.122323793059999844e+02,-2.987225269633332903e-01,6.301880380098494243e+03,1.769170110874706436e+00
4.465000000000000568e+01,5.951142825399999765e+02,-9.269047183799999630e+02,-9.121352031569999781e+02,2.943690969219999731e-01,6.230662314208377211e+03,1.789392178316842941e+00
4.470000000000000284e+01,6.222498415000000023e+02,-9.274935805999999729e+02,-9.120506164899999249e+02,-1.317736065233333365e-01,6.193858688427779271e+03,1.800024665013470804e+00
4.475000000000000000e+01,6.421086556000000201e+02,-9.282446978599999738e+02,-9.123088787379999758e+02,3.835879888000000015e-01,6.147552111636115114e+03,1.813583391944726175e+00
4.480000000000000426e+01,5.569883865399999650e+02,-9.274208387300000140e+02,-9.135975300050000669e+02,1.975343595889999804e-01,6.140343584456733879e+03,1.815712469087249703e+00
4.485000000000000142e+01,5.820577539800000295e+02,-9.295434771000000183e+02,-9.150979981220000354e+02,1.290099653236666810e-01,6.160471546727932946e+03,1.809780034890301703e+00
4.490000000000000568e+01,5.554871497499999577e+02,-9.293012276199999633e+02,-9.155151765119999254e+02,-1.361466552376666694e-01,6.184204344129851052e+03,1.802834736753305744e+00
4.495000000000000284e+01,5.627982892100000072e+02,-9.292825134600000183e+02,-9.153150148739999850e+02,-9.047925137633335002e-02,6.184066182759250296e+03,1.802875014801896381e+00
4.500000000000000000e+01,5.309251566799999864e+02,-9.278858336900000268e+02,-9.147093608449999920e+02,1.521401334963333185e-01,6.182601920704889380e+03,1.803302000318154352e+00
4.505000000000000426e+01,5.916044429400000126e+02,-9.282195590699999457e+02,-9.135371508629999653e+02,-2.495490945533333227e-01,6.204551896001328714e+03,1.796922420451232183e+00
4.510000000000000142e+01,5.910619668499999761e+02,-9.274291177400000379e+02,-9.127601726770000141e+02,2.554718923196666602e-01,6.213896844061791853e+03,1.794220066822068693e+00
4.515000000000000568e+01,5.687118336700000327e+02,-9.265254588499999500e+02,-9.124111982259998967e+02,-3.308194526533332902e-01,6.246675524085738289e+03,1.784805112381720571e+00
4.520000000000000284e+01,6.235092920199999753e+02,-9.275913540400000556e+02,-9.121171329530000094e+02,-8.084544958999998268e-03,6.226897213198555619e+03,1.790474136484269785e+00
4.525000000000000000e+01,5.535738576300000204e+02,-9.255789413700000523e+02,-9.118403742460000103e+02,-2.673045315826667045e-01,6.195802609214515542e+03,1.799459910843001609e+00
4.530000000000000426e+01,5.990742148099999440e+02,-9.261456074500000568e+02,-9.112778148350000720e+02,-8.519654599999998412e-02,6.141014052358984372e+03,1.815514231968777148e+00
4.535000000000000142e+01,6.869559342500000412e+02,-9.275418744199999992e+02,-9.104930378750000273e+02,4.266675694900000093e-01,6.078124203303868853e+03,1.834299207758489869e+00
4.540000000000000568e+01,6.224842133900000363e+02,-9.261937160300000187e+02,-9.107449352910000471e+02,-2.827989991633335018e-02,6.077295820743355762e+03,1.834549236968732400e+00
4.545000000000000284e+01,6.070599084799999900e+02,-9.272460396100000253e+02,-9.121800584650000019e+02,-4.209255468000000500e-02,6.077218111026643783e+03,1.834572695449059099e+00
4.550000000000000000e+01,6.009333667800000285e+02,-9.284823619400000325e+02,-9.135684289880000506e+02,-1.848445011806666427e-01,6.068278164438233034e+03,1.837275436072583146e+00
4.555000000000000426e+01,6.117400758899999573e+02,-9.291619887499999777e+02,-9.139798554550000063e+02,6.212485587300000528e-02,6.052817823842083271e+03,1.841968275810586642e+00
4.560000000000000142e+01,5.980067786900000328e+02,-9.291230010900000025e+02,-9.142817000490000510e+02,-1.092956495433333175e-01,6.043268843988332264e+03,1.844878773160784968e+00
4.565000000000000568e+01,6.043535420299999714e+02,-9.296959113100000422e+02,-9.146970966270000645e+02,1.191232454810000063e-01,6.026014375794695297e+03,1.850161270036411842e+00
4.570000000000000284e+01,5.601729145799999969e+02,-9.290777097000000140e+02,-9.151753675250000697e+02,-2.725150147793333200e-01,6.014146263746629302e+03,1.853812315471097705e+00
4.575000000000000000e+01,5.940066233200000170e+02,-9.301633852600000409e+02,-9.154213598659999889e+02,5.250109838566666687e-01,5.993325493422822547e+03,1.860252446327702369e+00
4.580000000000000426e+01,6.043239040299999942e+02,-9.306566162100000383e+02,-9.156585370810000768e+02,-1.712898928266666509e-01,6.022998321317046248e+03,1.851087749986292774e+00
4.585000000000000142e+01,5.957819994999999835e+02,-9.308155628099999603e+02,-9.160294762219999711e+02,1.886180120853333531e-01,6.036784770453888086e+03,1.846860346147428000e+00
4.590000000000000568e+01,5.583609288000000106e+02,-9.304169661500000075e+02,-9.165595937430000504e+02,-1.570921209466667398e-02,6.053797865524913504e+03,1.841670081895156352e+00
4.595000000000000284e+01,5.706839367799999536e+02,-9.309938104999999950e+02,-9.168306063239999730e+02,-1.121777092469999904e-01,6.063663028575414501e+03,1.838673811232108823e+00
4.600000000000000000e+01,5.706897652899999684e+02,-9.308493458499999633e+02,-9.166859970219999241e+02,-6.025509062533333099e-02,6.058455455067894945e+03,1.840254251840999222e+00
4.605000000000000426e+01,5.585351091600000473e+02,-9.298785006900000099e+02,-9.160168054839999741e+02,2.642258542300000498e-02,6.046715931482372071e+03,1.843827052091192131e+00
4.610000000000000142e+01,5.676882729100000233e+02,-9.291021327600000177e+02,-9.150132748130000664e+02,1.210658777334666786e-01,6.032741429968712509e+03,1.848098172315635335e+00
4.615000000000000568e+01,6.500003583200000321e+02,-9.301395632400000295e+02,-9.140078882510000540e+02,6.917084215999998176e-02,6.035801376065619479e+03,1.847161249372560432e+00
4.620000000000000284e+01,5.832738511699999435e+02,-9.281133512300000348e+02,-9.136376912150000180e+02,7.591027755099999386e-02,6.057664687455880085e+03,1.840494478650390286e+00
4.625000000000000000e+01,6.205303316299999778e+02,-9.289224643799999512e+02,-9.135221749769999633e+02,-4.998993988933334021e-02,6.096652282096172712e+03,1.828724666407359312e+00
4.630000000000000426e+01,6.337431144900000390e+02,-9.292876804899999570e+02,-9.135594769309999492e+02,-1.626623955899999807e-01,6.131379427407465300e+03,1.818367064504466502e+00
4.635000000000000142e+01,6.057186021999999639e+02,-9.287002261300000328e+02,-9.136675334550000116e+02,-9.086981930666664445e-03,6.141785341768394574e+03,1.815286238507294980e+00
4.640000000000000568e+01,5.938091820900000357e+02,-9.283161915299999691e+02,-9.135790662219999376e+02,-1.282983062526666662e-01,6.146825598220937536e+03,1.813797745295530950e+00
4.645000000000000284e+01,6.337070767400000477e+02,-9.286853075599999556e+02,-9.129579983840000068e+02,5.887142199900000095e-02,6.136252373666319727e+03,1.816923055287663846e+00
4.650000000000000000e+01,6.804854226400000243e+02,-9.282976957399999947e+02,-9.114094440149999627e+02,-8.425207751266665379e-02,6.118635833808264579e+03,1.822154269939406435e+00
4.655000000000000426e+01,6.485210165400000051e+02,-9.266616397999999890e+02,-9.105666790379999611e+02,1.296624844966666468e-01,6.096373914963493007e+03,1.828808167985338295e+00
4.660000000000000142e+01,6.612359612899999775e+02,-9.269115233400000307e+02,-9.105010037430000693e+02,7.563224881166664970e-02,6.097797768003283636e+03,1.828381136101328686e+00
4.665000000000000568e+01,6.763860864399999855e+02,-9.281095598000000564e+02,-9.113230451870000479e+02,-1.095711688233333599e-02,6.105775944872275431e+03,1.825992062506187175e+00
4.670000000000000284e+01,6.544542039299999487e+02,-9.287341988499999843e+02,-9.124919885529999419e+02,-3.084368187233332836e-02,6.115489702611095709e+03,1.823091682423686022e+00
4.675000000000000000e+01,6.134889768900000036e+02,-9.284536448699999482e+02,-9.132281074409999064e+02,8.705791807233333179e-02,6.129682603059837675e+03,1.818870426539302532e+00
4.680000000000000426e+01,5.956810924599999453e+02,-9.282869784800000161e+02,-9.135033961980000186e+02,-1.732916629086666827e-01,6.169488044345912385e+03,1.807135102724721110e+00
4.685000000000000142e+01,6.263887338499999942e+02,-9.290217504400000053e+02,-9.134760675160000574e+02,-2.872749106333333247e-01,6.191922910202496496e+03,1.800587405958737452e+00
4.690000000000000568e+01,6.064430848299999752e+02,-9.286683514699999478e+02,-9.136176786229999607e+02,-4.116841446066667187e-02,6.181439217861252473e+03,1.803641193876451831e+00
4.695000000000000284e+01,6.068874895999999808e+02,-9.288729227899999614e+02,-9.138112207279999666e+02,1.650756452433333188e-01,6.175572629153994967e+03,1.805354593053394074e+00
4.700000000000000000e+01,6.289007741599999690e+02,-9.295511392600000136e+02,-9.139431126499999891e+02,-2.757383517466666656e-01,6.186142292244047894e+03,1.802269958251091264e+00
4.705000000000000426e+01,5.794431073399999832e+02,-9.285577334600000086e+02,-9.141771446459999879e+02,-1.153193569353333364e-01,6.172233125845480572e+03,1.806331385004316559e+00
4.710000000000000142e+01,6.283722210299999915e+02,-9.300099637399999892e+02,-9.144150547340000230e+02,-1.776837510686000154e-01,6.132498535479951897e+03,1.818035234134046219e+00
4.715000000000000568e+01,5.712610437600000068e+02,-9.289405335500000547e+02,-9.147630067630000212e+02,-7.190984823333329556e-03,6.065879320518916757e+03,1.838002014491811442e+00
4.720000000000000284e+01,5.717653757000000496e+02,-9.288431356700000379e+02,-9.146530923990000019e+02,4.180527529799999975e-01,6.006371963099908498e+03,1.856211782965220047e+00
4.725000000000000000e+01,6.174880442300000141e+02,-9.297510025699999687e+02,-9.144262164959999382e+02,-1.531331925899999946e-01,5.999946238092610656e+03,1.858199718523194655e+00
4.730000000000000426e+01,6.174415653300000031e+02,-9.293946846300000288e+02,-9.140710520669999823e+02,1.488649203593333248e-01,6.002470725342108381e+03,1.857418206757276868e+00
4.735000000000000142e+01,6.064980909399999973e+02,-9.284389162100000021e+02,-9.133868782240000428e+02,-3.553871150900000386e-01,6.033492354496862390e+03,1.847868159220982687e+00
4.740000000000000568e+01,6.194405508700000382e+02,-9.277851451699999643e+02,-9.124119018879999885e+02,4.479803397203666743e-02,6.038062991233450703e+03,1.846469377176944704e+00
4.745000000000000284e+01,7.111012073699999974e+02,-9.291339812700000493e+02,-9.114859085970000478e+02,-5.174368157300000132e-02,6.048884303044033004e+03,1.843166086871149245e+00
4.750000000000000000e+01,6.242209027100000185e+02,-9.267814796200000274e+02,-9.112895978160000823e+02,-3.203828056033333205e-01,6.070827548740492603e+03,1.836503890328935462e+00
4.755000000000000426e+01,6.423995002999999997e+02,-9.274232254500000181e+02,-9.114801881590000221e+02,3.845398152516666390e-01,6.064400766250609195e+03,1.838450135555776965e+00
4.760000000000000142e+01,6.215034869500000241e+02,-9.277855441499999642e+02,-9.123611030280000023e+02,-1.885221412153333109e-01,6.087342708343247978e+03,1.831521395287495801e+00
4.765000000000000568e+01,5.524994961899999453e+02,-9.272717494099999840e+02,-9.135598457319999852e+02,5.499076893200000038e-02,6.097509289528255067e+03,1.828467638405280704e+00
4.770000000000000284e+01,5.444207460699999501e+02,-9.276126498400000173e+02,-9.141012441610000678e+02,-2.274975738133333189e-02,6.107773468378306461e+03,1.825394878919473163e+00
4.775000000000000000e+01,5.649435303599999543e+02,-9.281732008300000416e+02,-9.141524617610000405e+02,-5.858105719666666794e-02,6.113228546532033761e+03,1.823766006115172811e+00
4.780000000000000426e+01,5.678249384399999826e+02,-9.281116058500000463e+02,-9.140193561460000637e+02,-9.576134327000000723e-02,6.103987522182013890e+03,1.826527064523304045e+00
4.785000000000000142e+01,6.198183698000000277e+02,-9.291187241400000403e+02,-9.137361041679999971e+02,9.117346762766666279e-02,6.081903220266997778e+03,1.833159457984361085e+00
4.790000000000000568e+01,6.149460196700000552e+02,-9.288202803200000517e+02,-9.135585820790000753e+02,-1.724142716546666343e-01,6.077132686598133660e+03,1.834598483486304943e+00
4.795000000000000284e+01,5.961431573099999923e+02,-9.282577573199999961e+02,-9.134627075370000284e+02,-1.699546331806666422e-01,6.058942196506578512e+03,1.840106416134198675e+00
4.800000000000000000e+01,5.939096567599999617e+02,-9.280099134499999991e+02,-9.132702945669999508e+02,1.207826233246666742e-01,6.009143836432277567e+03,1.855355557173246739e+00
4.805000000000000426e+01,6.681831740500000478e+02,-9.291700312699999813e+02,-9.125870961089999582e+02,3.925054957633333785e-01,5.967903597251251995e+03,1.868176693724264759e+00
4.810000000000000142e+01,6.141794290399999454e+02,-9.272708823599999732e+02,-9.120282093260000238e+02,-1.488481508713333235e-01,5.969113785947837641e+03,1.867797936273989157e+00
4.815000000000000568e+01,6.171219969500000389e+02,-9.267724674400000140e+02,-9.114567659090000689e+02,-3.022268347999999549e-01,5.963446834505238257e+03,1.869572869547177385e+00
4.820000000000000284e+01,6.825568577899999809e+02,-9.277756900399999722e+02,-9.108360295459999634e+02,3.287465291033333514e-01,5.938397082713430791e+03,1.877459229399263130e+00
4.825000000000000000e+01,6.497747309799999584e+02,-9.271812373499999467e+02,-9.110551619689999825e+02,-2.017778919699999840e-01,5.932075618964564455e+03,1.879459927168637412e+00
4.830000000000000426e+01,5.647672415099999625e+02,-9.262599451500000214e+02,-9.122435812080000233e+02,2.845633824666666256e-01,5.904426615982910334e+03,1.888260983818154992e+00
4.835000000000000142e+01,5.802178140700000313e+02,-9.277402465599999459e+02,-9.133404311139998981e+02,1.834481569410000013e-01,5.895330690978696111e+03,1.891174387865781403e+00
4.840000000000000568e+01,6.277526766700000280e+02,-9.293897253200000250e+02,-9.138101921339999762e+02,2.649536451566666950e-01,5.911554517031881005e+03,1.885984199021785379e+00
4.845000000000000284e+01,6.555403925599999866e+02,-9.303369713299999830e+02,-9.140678040609999471e+02,-3.861629999433333765e-02,5.963199499708828625e+03,1.869650413561105617e+00
4.850000000000000000e+01,5.698227275499999678e+02,-9.286602523799999744e+02,-9.145184216499999366e+02,2.028848675800000098e-02,6.025374415834817228e+03,1.850357777182761065e+00
4.855000000000000426e+01,5.807694611299999679e+02,-9.292408331899999894e+02,-9.148273269970000001e+02,4.180384368133333028e-02,6.088698026577059863e+03,1.831113706429908561e+00
4.860000000000000142e+01,5.593607567999999901e+02,-9.288858029199999464e+02,-9.150036168339998994e+02,-1.721307534399999783e-01,6.151764854565954920e+03,1.812341445805250473e+00
4.865000000000000568e+01,5.768484109800000397e+02,-9.291858399100000270e+02,-9.148696461350000391e+02,-3.846074670000125257e-04,6.200579851071250232e+03,1.798073515471589889e+00
4.870000000000000284e+01,5.845068221400000539e+02,-9.290860539499999504e+02,-9.145797941259999106e+02,-2.450801770699999882e-01,6.233172660328591519e+03,1.788671519038307345e+00
4.875000000000000000e+01,5.760735334299999977e+02,-9.285487172599999894e+02,-9.142517543550000028e+02,3.362669504066666260e-02,6.225990313567578596e+03,1.790734943239801202e+00
4.880000000000000426e+01,6.595939229299999624e+02,-9.301549728200000118e+02,-9.137852052450000429e+02,5.685915038266666638e-02,6.216244561259313741e+03,1.793542435614752684e+00
4.885000000000000142e+01,5.852417045800000324e+02,-9.284402996200000189e+02,-9.139158015220000379e+02,-1.862687064241333179e-01,6.197275267173016800e+03,1.799032305347931349e+00
4.890000000000000568e+01,6.033553220799999508e+02,-9.288689640000000054e+02,-9.138949230880000414e+02,1.045216271243333273e-01,6.150639031560499461e+03,1.812673179741018492e+00
4.895000000000000284e+01,5.676886150200000429e+02,-9.278168040199999496e+02,-9.137279375829999708e+02,9.473036541999997617e-02,6.125974785249221895e+03,1.819971319115446295e+00
4.900000000000000000e+01,6.265194608599999810e+02,-9.289179127899999457e+02,-9.133689854900000000e+02,-3.100984512966666884e-01,6.111401590650097205e+03,1.824311206750857561e+00
4.905000000000000426e+01,5.524004262199999857e+02,-9.267627453899999637e+02,-9.130533004249999749e+02,-1.008333366436666712e-01,6.051162335829880249e+03,1.842472204846072437e+00
4.910000000000000142e+01,6.629040936100000181e+02,-9.287253240999999662e+02,-9.122734048820000226e+02,9.705619521333332111e-02,5.971992988306295047e+03,1.866897438193403369e+00
4.915000000000000568e+01,6.221469283400000450e+02,-9.270543968599999971e+02,-9.116139868440000100e+02,4.498364594766666724e-01,5.916593885274846798e+03,1.884377840859711828e+00
4.920000000000000284e+01,6.134901468100000557e+02,-9.265535061399999677e+02,-9.113279396759999145e+02,1.029325243723333422e-01,5.924132839353426789e+03,1.881979812592255552e+00
4.925000000000000000e+01,6.298493099600000278e+02,-9.268527970200000254e+02,-9.112212296980000019e+02,5.062039514800000667e-02,5.959274233524129158e+03,1.870881918482338424e+00
4.930000000000000426e+01,6.810423234500000262e+02,-9.283965660100000150e+02,-9.114944931500000393e+02,-2.784096606440000232e-01,6.003248315263194854e+03,1.857177618728768076e+00
4.935000000000000142e+01,6.060617773400000488e+02,-9.278190743000000111e+02,-9.127778647220000039e+02,-1.242618432333333495e-01,6.021181342417667111e+03,1.851646342593183725e+00
4.940000000000000568e+01,5.390379471300000205e+02,-9.269757272099999454e+02,-9.135979115539998929e+02,1.852646428156666525e-01,6.033120289947502897e+03,1.847982117869392482e+00
4.945000000000000284e+01,5.953506092100000160e+02,-9.284089171199999555e+02,-9.136335367539999197e+02,-6.704465817333334077e-02,6.079933911133317451e+03,1.833753223922752307e+00
4.950000000000000000e+01,5.559609741199999462e+02,-9.272125862999999981e+02,-9.134147758430000295e+02,-1.684286328093333174e-01,6.109942205188354819e+03,1.824746951175831855e+00
4.955000000000000426e+01,6.324769104599999991e+02,-9.285606109000000288e+02,-9.128638319259999889e+02,3.305361857000001929e-02,6.116899140637508026e+03,1.822671610965294064e+00
4.960000000000000142e+01,5.852724821499999734e+02,-9.268125370899999780e+02,-9.122872751559999642e+02,-8.967721412033335948e-02,6.134753535346377248e+03,1.817366964547255437e+00
4.965000000000000568e+01,5.732438906899999438e+02,-9.258047345600000426e+02,-9.115779975810000906e+02,-2.544809624300000128e-01,6.142340489668788905e+03,1.815122172001112588e+00
4.970000000000000284e+01,6.311537888799999791e+02,-9.262966082000000370e+02,-9.106326663880000751e+02,4.349958416599999933e-02,6.097417253296134731e+03,1.828495237840418897e+00
4.975000000000000000e+01,6.902895708400000103e+02,-9.270054428600000165e+02,-9.098738722960000587e+02,1.088706580100000099e-01,6.035589942549200714e+03,1.847225957512454775e+00
4.980000000000000426e+01,6.593036833700000443e+02,-9.265687348000000156e+02,-9.102061703750000561e+02,-1.674478882706667004e-01,5.976825473025062820e+03,1.865387982482793472e+00
4.985000000000000142e+01,6.600980056399999967e+02,-9.283649258100000452e+02,-9.119826479370000243e+02,6.447592809700000149e-01,5.904035246716436632e+03,1.888386153686772984e+00
4.990000000000000568e+01,5.508148077299999841e+02,-9.271580631799999992e+02,-9.134879700120000052e+02,1.272537583256666549e-01,5.897438909450312167e+03,1.890498330200960586e+00
4.995000000000000284e+01,5.944142598800000314e+02,-9.287154905500000268e+02,-9.139633484529999805e+02,2.005642041666666486e-01,5.903984151549229864e+03,1.888402496448507550e+00
5.000000000000000000e+01,5.964259020199999668e+02,-9.292310299499999928e+02,-9.144289630229999375e+02,1.557265877626666517e-01,5.944816289369743572e+03,1.875431950809701487e+00
